Galaxy_name RA Dec Lya_flux Lya_flux_e NB_flux NB_flux_e dist Density Protocluster
10665 148.530792371826 1.42839418544233 7.706180141063956 0.9174452041675335 11.143398840370038 0.668534703852012 104.4029548059802 0.05452665619231381 0.0
10725 148.916546292869 1.42780080033125 2.473548119881287 0.6236524662207289 4.985158621159525 0.5999476849862277 84.1688089956588 0.6470142398031741 0.0
11015 148.768376819904 1.4237251457594 3.89776209318996 0.747253709520853 5.575871633104217 0.6084603487470454 91.90652162501826 1.4483353586459125 0.0
11730 148.704601595281 1.41284562067194 2.111453525432727 0.6750178898913276 4.282295835792752 0.6051372313089559 95.56221602749446 0.8699624150626118 0.0
11735 148.510409447023 1.41258996342241 3.6469129901114625 0.8380180232435321 6.701803478249896 0.708627155321115 105.91624422273095 0.0021337247413156153 0.0
12410 148.755253809373 1.40254525311358 3.013197587484941 0.651810794389423 6.08673459557852 0.6137646203023448 93.22248012992715 1.1961866764280507 0.0
12830 148.95415849798 1.39652530619256 3.216212706585308 0.6591679758166816 5.493479344585695 0.6077777786792751 83.32302990533434 0.6638073300726205 0.0
13177 148.583925635333 1.39074766220943 2.3383675457307156 0.7258587743044117 4.1133995630747915 0.5988820665521543 102.5667244275767 0.21448457446944977 0.0
13396 148.7692299835 1.38717806018767 2.489352776078768 0.6584388773596326 3.8296463362222797 0.5747684707947247 92.96818424507961 1.2779291365164587 0.0
14958 148.682150091083 1.36355060573997 3.230406754427974 0.745118392737921 4.224594065452601 0.6381313583799035 98.18956736682443 0.8492830685146724 0.0
15142 148.80644092977 1.36095782332332 2.6728881687369315 0.6438797711145035 4.587481822002888 0.5807755019985655 91.89380211625779 1.3210312789577783 0.0
15680 148.772482424187 1.35345900629067 3.754541353273456 0.6745781469644397 5.6226411574890065 0.6105466225947503 93.85701757700339 1.8007771848449101 0.0
15818 148.619536752013 1.34937574479197 5.285995864378796 0.8457923356548722 8.057195188023977 0.6709575823046413 101.8732600205872 0.6574920310750285 0.0
15872 148.533840171373 1.34854103159748 3.097106669762934 0.8851526221285727 6.065793055931623 0.6914618527149361 106.40567941101003 0.11500901392263235 0.0
16065 148.831384549498 1.34560132428707 2.241523096910255 0.6545483322920452 3.7341342967246556 0.5905097512801162 91.1388280119285 0.9454910343204717 0.0
16310 148.836595619395 1.34095031580163 23.802712266375398 0.7911826210515801 33.33142054230784 0.740588536406783 91.03257339680525 0.8845080574388287 0.0
16776 148.834243934032 1.33392561304207 3.2445087645644195 0.6607997819452724 4.568017546770459 0.578386371563284 91.38410222878694 0.9276596717375409 0.0
16991 148.723158052596 1.33025233877376 5.146147093475284 0.7273876281411881 6.990407354890761 0.6283008866894859 97.1047286430925 1.3208286127968227 0.0
16992 148.836232196389 1.33045992878295 2.805775010796568 0.6913030674659015 4.158332582417871 0.5718398742461954 91.40120029426383 0.8990318875422592 0.0
17467 148.570301464943 1.32195742002689 4.611581717687652 0.9084803950031524 6.401584540941744 0.7004703973014309 105.25381919131024 0.36471647196756024 0.0
17552 148.780301719761 1.32070502887538 4.804177055956825 0.6707508354094077 6.359375441121721 0.6097693752390905 94.5200412274469 2.481721736254259 0.0
18038 148.878077087366 1.31236608947119 5.816424436269629 0.6781813802473561 8.70050283043822 0.6127692276166937 89.95689794646331 0.5989563555209566 0.0
18516 148.786511748156 1.30475999161338 8.644180080570388 0.703801240762847 9.542942702936646 0.6506364087301673 94.73681465272739 1.9808286885051105 0.0
18767 148.734351424442 1.30044546752219 3.2207202107565998 0.7080610103048756 5.622436815239746 0.6505899263407642 97.49358805103687 2.1744306433448233 0.0
20021 148.653733575938 1.27944533294033 3.687854318169536 0.7456543768769315 5.757602839501115 0.6612078689373087 102.25098297717433 1.0224240243142992 0.0
20073 148.819926624151 1.27909969008094 2.8196601632038365 0.6247601685940825 3.8878375236320193 0.5639643153683883 93.95678419111931 1.0764257718406764 0.0
20324 148.581708061871 1.27521471183607 4.615635600091999 0.8378454585505378 6.837589096023199 0.6487620095964871 106.06980741861264 0.3965297268905786 0.0
20739 148.576393100811 1.26908163756438 2.341034939578017 0.7448908103646503 3.848460888083717 0.6519885956015141 106.53240170671525 0.3894596697631284 0.0
21001 148.728720482948 1.26490230931414 3.637472300939608 0.6717400634025278 6.005754676393414 0.5936098562571357 98.94785298430638 1.8819220773991 0.0
21045 148.847921395217 1.26417363022682 9.837778438759571 0.6807768158417399 13.92160052352467 0.6123205759888921 93.11708267097062 0.6693858997971417 0.0
21373 148.908353591964 1.25967427130894 2.914960727143689 0.6577172874643602 5.245020801179384 0.599008573332178 90.38501958271038 0.5474520214967524 0.0
21659 148.760331939053 1.25525208405159 9.850851836109351 0.7699769705425962 18.94843401892628 0.7074181496603396 97.70637981784712 1.4641822079630418 0.0
21717 148.742646865257 1.25451385492933 2.311306940733109 0.626876806825304 4.323289955484219 0.5946072704760655 98.60536300013763 1.633670480160557 0.0
21808 148.657520025879 1.25283121633801 7.682182352123782 0.8720106924755274 10.33591230834189 0.6948915577484494 102.91504631399212 1.363825764347029 0.0
22534 148.690752104687 1.24203744670312 4.028778823826628 0.6540614245218305 5.4751694034834575 0.6273292888668867 101.60371582859449 2.09907412405916 0.0
22682 148.849347789978 1.24065484185858 2.71673355167201 0.6189314816422888 5.070453548194156 0.5789136956008509 93.89045018252723 0.5573758801723344 0.0
22888 148.702628105826 1.23650240188722 2.2849341720906047 0.6934892210427543 4.280103566645998 0.6023821775982038 101.19791466376752 1.9865701250481034 0.0
23479 148.780894635393 1.22653787598459 2.6030421337947374 0.6644576353356783 4.9193407166053875 0.6024948941735044 97.69616296884249 0.828713555407257 0.0
24706 148.695179160908 1.20606960172904 59.15796960529263 1.1110019289327626 104.40511204307545 1.0611308233347858 102.59966264424139 1.1018884458723268 0.0
24884 148.505296028851 1.20353148031622 7.0511203084956815 1.3110789388676534 9.492905247684677 0.7545774951917162 112.21911460810774 0.18649099647707204 0.0
25310 148.7548159844 1.1963269038009 7.943963186117315 0.7377773586030248 10.753484986523972 0.6484368903908279 100.02820512679817 0.7270001226806276 0.0
25417 148.843300709499 1.1948390129288 2.4523110758474655 0.6594589441953506 4.86600623070783 0.6159620269763486 95.854766102939 0.5430960597485948 0.0
25708 148.774606444565 1.19036317992182 5.374458675697323 0.735475007004422 7.4910297705672475 0.6320489896524066 99.28751970321751 0.700411660290809 0.0
25986 148.523049221465 1.1855245154418 14.852575828027561 1.4532548428923875 21.257403577900845 1.0364726883168995 111.88699559061558 0.03932295732749724 0.0
26534 148.516502985575 1.17695343094632 3.1531004376226623 0.9597242720076602 6.104636495982645 0.7996478371616611 112.49402270937803 0.016499270006699096 0.0
26715 148.75021095947 1.17382008235107 2.6412062356560333 0.7205664570417435 4.579155551335977 0.6576007840155911 101.05389471928457 0.7074392778361794 0.0
26873 148.763931607088 1.17113591347454 7.060150896808123 0.7670274714178731 13.155329964808326 0.6987900653625109 100.493072260966 0.7220817832104728 0.0
27301 148.721205983661 1.1645502283292 2.286277654780446 0.7016725772261521 4.736044045138231 0.6302200814555023 102.78217049561124 0.6749525031270373 0.0
27334 148.87343512562 1.16390237796492 2.2253380834321734 0.6468320037096983 4.075111078974816 0.5991408099358263 95.61577704479073 1.0024766259174818 0.0
27425 148.660222266181 1.16440882562547 2.7615116726371056 0.7629970461756027 4.601354819458468 0.658691587921596 105.75188009736041 0.5808248385114685 0.0
28150 148.811893080121 1.14970957479342 3.2610389323168336 0.6749677735288984 4.02520457272568 0.594231381170291 99.01420070353097 1.0151903709626862 0.0
28227 148.699254960753 1.14812363891242 2.361648527297462 0.6681001953743441 4.519999307115776 0.6082224773725762 104.4269309368003 0.41679344803718915 0.0
28435 148.823267596141 1.14455111771655 2.7324413802882406 0.6669667462236796 5.478392783362456 0.6203731155986512 98.67788765676536 1.0830171990465802 0.0
28512 148.790157104609 1.14306526536931 3.5148611571800252 0.751445688175052 5.0920260122401535 0.6526973168418269 100.28201037436538 0.9858627130224555 0.0
28719 148.698749911419 1.1387504282492 2.7673402552440667 0.7391645683888896 5.505045476422032 0.6400324237264519 104.7864013285339 0.2639997421436704 0.0
28813 148.834278643419 1.13642805836762 7.563159623074107 0.7933412525904846 10.063763583829987 0.7245943968734416 98.47620357746439 1.2342216282466716 0.0
28927 148.526302292371 1.13390461921438 7.58843072045973 1.4777362323908856 15.125772530842378 1.1388278111032226 113.41062841556088 2.3912144622056346e-05 0.0
29150 148.925283335079 1.1294096700363 3.1075692761972187 0.7221572640232101 4.034511737693072 0.6725237941833729 94.6136989205386 0.8398417835634401 0.0
29378 148.972169738966 1.12518364883716 2.3622942591059295 0.7220875312127647 4.514299742110427 0.6631247202698428 92.7121187799164 0.5575041240314991 0.0
29659 148.964263079195 1.11937111541659 2.982094430970156 0.7285401339661272 5.301874686383192 0.6733240252135716 93.29668295617861 0.5726048856581902 0.0
29902 148.922017089937 1.11530794288064 2.4090180736618043 0.6717376123082021 4.61119595248363 0.6067995883405056 95.32579019663437 0.8583887702182671 0.0
30189 148.87670713234 1.11076584254649 2.6890457563176646 0.7089271869331627 4.4016337695218155 0.6261240558764978 97.53627228094557 1.8471249650943729 0.0
30238 148.886655138585 1.10990096787908 4.231616125254514 0.6737311549704367 5.155563962032071 0.6230598363341782 97.1226605449583 1.5681726541843615 0.0
30264 148.842609653582 1.10954456884937 2.5649694515912707 0.6733381087207326 4.213801524185611 0.6141115514658015 99.13121528087554 1.692190236870347 0.0
30689 148.722079012585 1.10250629352743 3.9801865717288445 0.7504443823658188 5.139066705356474 0.6390020082986466 104.99549595082637 0.09650923275882717 0.0
30770 148.573483922734 1.10130798139872 3.2508307558034932 0.8791337083608014 6.186682677402231 0.7454002877745312 112.18627868667899 4.886928129860565e-05 0.0
31169 148.676303869509 1.09402629764973 3.003498476829618 0.7990666240097419 5.766686348207029 0.7044102497776459 107.47806155749934 0.0010667227033033105 0.0
31203 148.900252488217 1.09359898869341 2.867911278341829 0.6788873060279733 3.714906940042092 0.618240887277877 97.1679717139796 1.1263205049996632 0.0
31377 148.901229419401 1.09045103264397 1.958421524829958 0.6626576960588016 3.9099955885284476 0.6144953852686015 97.25171950192411 1.0924334390399373 0.0
31819 148.641255212666 1.08254989833165 3.215982483559677 0.9025858675310446 5.415805598011961 0.7374456830827223 109.56881775415026 8.561109567052979e-06 0.0
31969 148.753473900626 1.08001233455991 2.3966281348243563 0.7502234302033846 4.185219747585765 0.6751670583914109 104.37003125748564 0.5131348545133723 0.0
32436 148.972459155957 1.07206084526439 2.7407300530113696 0.6861046809971392 5.228924374637339 0.6529403128675376 94.90864429493313 0.5424588201514959 0.0
32885 148.969358712923 1.06541378574179 2.892635016621214 0.6966433061979684 4.876327123796471 0.6496353892289569 95.32116639371026 0.5423253111786502 0.0
33051 148.846373843433 1.06057288318125 2.9655915088509768 0.6585194767809468 6.022581043837194 0.607028588145363 100.89539102384238 1.3774228022562796 0.0
33142 148.533938411507 1.05861352030119 3.8470568881555955 1.0935928925953728 7.85093351222995 0.8817462050422591 115.605250343214 4.189350421487734e-16 0.0
33600 148.795573041018 1.05023592891583 10.814597868941878 0.7858503383825487 17.36222441194476 0.700188927763383 103.59143852540117 0.7341559273184978 0.0
34527 148.849329295422 1.03276665680735 2.3989986079238355 0.636450147065707 4.274009351991008 0.6230677937072117 101.8852919932961 1.137318859527359 0.0
34705 148.954039031765 1.02960057119559 3.232970702425839 0.7046395114049725 5.184147026232732 0.6338803442908585 97.4893352558027 0.5660907352086902 0.0
34773 148.852445585583 1.02961297619801 3.5995346880615813 0.6910167840197475 5.59511765999859 0.6519302286565932 101.87613184371715 1.1362051625028755 0.0
34911 148.810668905934 1.02490588699749 3.590257781713331 0.7700256147162546 6.4825202954189125 0.6977478426352367 103.9187993952597 0.834269787036548 0.0
35715 148.843767813627 1.00852085404793 5.158298311121725 0.8211620106315237 7.218415835881068 0.7235577494576942 103.11910647601047 1.1157272729150367 0.0
36122 148.860517638905 1.00085095956029 3.421883502365565 0.697498400789767 5.960785217947285 0.6718765816339687 102.70448909085373 1.143038529515734 0.0
36306 148.537307027017 0.997189126453069 4.417229061826861 1.3210339895718817 9.065681357597569 1.0618947440220157 117.63195690611094 3.2756384378978173e-29 0.0
37772 148.862226709491 0.96368656788722 3.4842716890101815 0.7747148112800943 4.9356994274333434 0.7146208598565258 104.18292799166672 0.978602609841749 0.0
37964 148.730826087039 0.957796017748276 2.8739348037121037 0.8249306407136435 5.61913373287033 0.6995401314649768 110.17310540752726 0.004190979459419958 0.0
38071 148.795973416578 0.955658732441122 2.4221880410726713 0.8240462138328467 4.730111038105214 0.7019974146113694 107.38026131687973 0.09122017376031123 0.0
38962 148.978139839274 0.936161275012985 4.409706949372631 0.7100775648988513 5.737850914246727 0.6219726119584373 100.57053527195475 1.2651666149443963 0.0
39557 148.839142794808 0.923007475542093 7.843939522125792 0.929995728256653 12.228254803172529 0.7765811509984705 106.88511536236612 0.7617116731014418 0.0
39695 148.875739921228 0.920468821558316 2.4714410899084527 0.7875232970052086 4.502594291865963 0.6809533561876234 105.45287150965189 0.796509407287933 0.0
39864 148.96695696955 0.916301424712141 3.2583919340664336 0.7297921980256342 5.683162258572569 0.6502144619432583 101.90551294375256 1.968983872927069 0.0
39908 148.936634925266 0.915022077911736 5.508400449104271 0.8035243117563065 7.232689405950037 0.7128751049202214 103.18372559535439 1.279674856198941 0.0
40328 148.936333518604 0.906147204039445 3.0524815157746 0.7677614885272529 5.138165642306493 0.6740964955702097 103.5889017682859 1.222090422356185 0.0
40910 148.84123118354 0.893013127599312 2.58616799636074 0.8049599236270427 5.244115617806796 0.6850604680096407 108.0772263061584 0.4724924370836258 0.0
41233 148.928878031487 0.884696626375268 2.867767710851014 0.8122915015099562 4.454737903633661 0.6828128320278637 104.8428166744433 0.8610932956821955 0.0
42168 148.929130174088 0.86331120543465 4.036338714488755 0.8663715376378609 5.137644421496787 0.6847464221709862 105.78905537398252 0.6642584376363269 0.0
42235 148.85687682264 0.861342012802305 158.62979363974014 2.1684489720916043 294.57542156625885 1.933115662222341 108.80016519384023 0.039093305272023295 0.0
42325 148.788588054263 0.859606447031774 4.340786132871698 1.044972429097657 7.271809293895929 0.7838741735157851 111.72076120071404 0.11670892415091792 0.0
43117 148.884720564234 0.842727297389791 3.4199251902868046 0.9678651846953087 6.264603900852512 0.6948707758713034 108.4874096074164 0.042646939358725836 0.0
43920 148.841198446679 0.817829433370796 8.320697544306485 1.0928084629878072 16.7401561312458 0.788928547505008 111.35182847719375 0.00015982830520610783 0.0
44418 148.920559934862 0.803856948152192 10.960121997955422 1.1791423466652529 13.234697679013603 0.8058700779656363 108.8167882695265 0.4653946109444908 0.0
46142 148.981192984909 0.755934565606805 8.731781744464183 0.9176751939832435 10.05998524799994 0.7172867472108744 108.7365882347422 0.8383152970849841 0.0
48798 148.944136752716 0.685366012195471 7.972548052959117 1.2392920611347797 10.762690817307265 0.8092624683275456 113.44371311456186 0.032282680998812034 0.0
60683 148.641196782713 1.52632421158772 14.840516158799028 0.8828850423299662 19.740263453810293 0.763088742591638 95.91921937733818 0.8843255399224847 0.0
60995 148.736828945299 1.56779658076895 3.1246511551466263 0.616093750736051 4.557939495195431 0.5480259289503144 89.66750504570098 1.8193081395193622 0.0
61070 148.53901562106 1.51152514006655 3.216320865053725 0.762296764668277 4.389137989897416 0.6822736620628034 101.88656754331417 0.32575945516771376 0.0
61120 148.782418957966 1.55980105455865 3.906203642757793 0.6255715349119492 4.581832859709549 0.5615646909864687 87.38634325334766 1.6338668630580522 0.0
61431 148.914680344321 1.57090174450161 2.563217155642829 0.5905833691971903 4.33299949570614 0.5638299670994043 79.97880938560542 2.650319901566104 0.0
61494 148.529116692537 1.52747252899706 3.343351956129216 0.8087291661871903 5.395922723754739 0.6711260391192013 102.05991028536393 0.13821222301352165 0.0
61925 148.620741149367 1.52915268168157 6.272284954751281 0.8294037980729525 8.6368760361901 0.6650098322422997 96.97057665646683 0.8620605296855882 0.0
62104 148.734859327621 1.56920426314746 5.024114597521733 0.6783882690125254 8.100439003858524 0.5941278580648058 89.740534065071 1.8109396832346898 0.0
62432 148.910399934165 1.56505912983062 2.541688341264443 0.6346184044926343 4.86084501160302 0.5649442568442655 80.36796755644122 2.251657744273735 0.0
62509 148.743079424529 1.51929142332486 2.851145119112135 0.6222353429566868 4.170319373440302 0.5621056893446855 90.56625106158893 1.69941471239551 0.0
62621 148.930731802607 1.54654983044713 2.4706407172421647 0.5979165971247354 4.45732507995022 0.5490819161302956 79.81248279840065 2.4796535087503018 0.0
62804 148.869536935403 1.52522031188963 7.955815422854632 0.6947330300547361 10.603612887080049 0.6045938380132241 83.65052807364992 0.9900540481849162 0.0
62951 148.518345926723 1.52699104942939 2.5839763710143924 0.8291850037641135 4.591063026148235 0.694707611096091 102.66745701513179 0.10085939378099577 0.0
63521 148.849427065819 1.54783730339659 1.6354327834784117 0.5986020716753808 3.2309400271813034 0.5441133736113668 84.09321005374079 0.9962902338941426 0.0
63579 148.652738703792 1.5425164238994 4.2916763296265295 0.7349991037163578 5.237994621054865 0.6249789409681376 94.89108911312809 1.0424840484978917 0.0
63599 148.691084766534 1.58219326192589 7.404635168056998 0.6986765436309681 7.968857789024782 0.6107556130829506 91.8330182224296 1.3474158483154373 0.0
64263 148.679372582473 1.52669649991216 2.6047104781700745 0.7452317145797084 4.362427612321352 0.6122982232387525 93.82658755160534 1.099635666120186 0.0
64283 148.922302500667 1.57015559271628 4.150079833757466 0.6304765642037901 6.047136621450206 0.5803477867600076 79.59350587568053 2.923786885746887 0.0
64433 148.740763980746 1.54158482583625 25.009377068869963 0.783881644999285 37.690290513578745 0.7210923157981458 90.11220214112436 1.7490175197865605 0.0
64455 148.910499004765 1.57129836070826 3.608940225731201 0.6401004152403434 4.860873338820939 0.5825049430325503 80.19085729427196 2.4629005681336977 0.0
64537 148.877916376466 1.54205409337308 2.120644162526407 0.6340618804810129 3.5448613548371157 0.5537865133582616 82.7337926338588 1.098242372995083 0.0
64558 148.921796680276 1.52858056139962 3.5731817870996454 0.5856149201363238 4.167573307183235 0.5181085497776114 80.8014751669537 1.645171268228102 0.0
64871 148.697512610744 1.53678479055715 2.781936884357391 0.638993815354769 4.740544853785287 0.5844801226819809 92.58507765595698 1.3993762829420153 0.0
64934 148.782973151178 1.51673891192137 12.637869207000481 0.7404441650763421 15.821872707971357 0.6644010417011997 88.49200764966405 1.3963966867109652 0.0
66524 148.80476209363 1.48973480303552 8.438723026525338 0.729569674628325 13.54299953043473 0.6733529060998407 88.08059535261256 1.0413824219650525 0.0
66634 148.949525007674 1.49229618994372 2.7225153428653717 0.6243739480019284 3.6917760927303154 0.5739593166908816 80.44993363453875 1.039167672511274 0.0
67250 148.951141790059 1.48095008995121 2.8690993476133606 0.6157751111198293 3.78731040772203 0.5643648364777442 80.71959484276866 1.0497202234999239 0.0
67386 148.813909967236 1.47907934789405 18.059451239786416 0.784993208646374 37.06818231725454 0.7505761469006011 87.90232137902152 0.9771729375690889 0.0
67555 148.730508836193 1.4758017638572 2.479867149638488 0.6704296226340342 4.6023507786884785 0.6077465028554911 92.41187051384341 2.00832772717196 0.0
67570 148.952137903868 1.47588367675357 13.655994613791524 0.7818601508551272 24.97424230544492 0.7433666381721145 80.82760281530393 1.084148055510216 0.0
67582 148.584476901428 1.47564027100743 3.7330512956795867 0.81705769765053 4.6906984784941885 0.6624046037623219 100.27914358147154 0.5081420159609966 0.0
67614 148.82130911854 1.4778455124703 2.991468551179902 0.6487381767717236 4.05831432634977 0.5912450872292644 87.54898057330865 0.8852394732089821 0.0
67691 148.859158073241 1.47410733616766 3.1957196383020996 0.62744362103501 4.228882291205185 0.5450691081919314 85.6789833151525 0.7388732970450114 0.0
67986 148.957161044114 1.46996587673184 2.0386413732542685 0.5735807156892372 4.051377634481857 0.5497665077313446 80.7585608584411 1.268871441877726 0.0
67991 148.709574002989 1.46995715448914 2.961529385801417 0.7085121413445491 4.422257786807858 0.6085813059675588 93.68885213804775 1.5033872034989095 0.0
68329 148.817433131602 1.46449834352975 2.489931552644882 0.6924788537800514 4.880090137176824 0.6281567912823361 88.14120381246873 1.1025034097174577 0.0
68553 148.584391568049 1.45328891590482 2.4205446761531357 0.7928968254081098 4.814283434749772 0.6584006416415534 100.8582993349995 0.4884194172842782 0.0
68841 148.747190503693 1.45880431805498 5.9906812486984835 0.7817458230483533 11.549060438457584 0.6918647043817662 92.00083946789124 2.4850448860328522 0.0
68981 148.772578127565 1.45652205366818 8.653638667393563 0.7649786854553587 12.540624185566633 0.6834253694873338 90.72680467685912 2.2904611036922566 0.0
69010 148.838986915559 1.45378866749195 4.078167457028175 0.67725218021008 4.690359581959814 0.6142938757411336 87.33541821977953 0.8597391254925398 0.0
69251 148.776789511313 1.45004511657653 2.307268380778455 0.6363354499467017 4.507137720099979 0.5898232540298616 90.69293991272451 2.143592705870859 0.0
69477 148.677556855812 1.44615005088407 6.203074350811039 0.7328285305686881 7.08498420991682 0.6262151278821068 96.05028084116799 0.6286928842560413 0.0
121237 149.167877498915 0.665965791336683 7.495037685622518 1.3946974925549012 13.837422332676448 0.6984859984301686 106.76723646062085 0.04337126876656022 0.0
121337 149.105900717136 0.667194629030618 6.266734751440415 1.2866667234483977 12.334734626407997 0.7197864954321288 108.69827515782514 0.23906023216981373 0.0
121427 149.036679660842 0.668230075763524 7.401671175362079 1.2331529722505994 9.565697957090837 0.6714063111884918 110.97917879682971 0.24046542136603158 0.0
121534 148.998931978796 0.669554467486781 6.430094083135898 1.1911925596143038 8.984201205496033 0.6745236700164255 112.23132998253753 0.19806863936989208 0.0
121874 149.631450284507 0.67245894497409 4.424747105462515 0.8815409310855603 6.786294942376284 0.5962869328625622 94.82916773233981 0.0003991448339018174 0.0
122323 149.224680298987 0.677434084120585 3.6254713463082178 1.0121542159582315 7.298124506782026 0.7007093116325599 104.42784033028254 0.3437176922986431 0.0
122453 150.460587941013 0.678316127555532 6.53382281847112 1.4993479117895518 11.976396864855877 0.6315402585706009 92.77391839826991 0.00025330244925094537 0.0
123188 149.665761668683 0.685942758137845 4.9811670586346 0.8024643836992882 8.861330223892086 0.5920029304406498 93.46249832768828 0.0011056257887924698 0.0
123872 149.370636804303 0.693964066348361 3.666589719478284 0.9559882153115609 6.583820229337759 0.7147125241585095 99.42076652610331 0.28187594411270334 0.0
123965 149.272030032225 0.695055213398254 3.0134247202686173 0.7694772390199875 5.741911234655146 0.6611743011840749 102.10412264301574 0.580980957442339 0.0
124260 149.03684618594 0.698063185540692 3.535252504998889 0.852934330581472 5.777773878820619 0.6257444454043692 109.5131093559489 0.5191720459399211 0.0
124271 149.409658014139 0.697824450224256 3.333710401230301 0.9270136136460654 6.019105036678392 0.6641250830946378 98.20327798825271 0.03200669957417409 0.0
124836 149.23431168977 0.704183635726314 3.8675679828502068 0.8583423788246124 6.02323990917397 0.6363221504754609 102.75035235832125 0.724216736847619 0.0
125103 149.557521518899 0.707643937566531 2.7392648920445595 0.7654961767327433 4.963772730471549 0.5733291777282774 94.25237160036964 0.28805456544061403 0.0
126908 149.624193976892 0.726274656661366 1.9851933209648729 0.6744006334401936 3.7141959268723297 0.5785582276439942 91.88443024383311 0.26999874846117505 0.0
127193 149.496880610435 0.729036142307196 2.6661260755394642 0.7356587186124948 5.095381886242963 0.5994947070196894 94.38214226324625 0.5036118111970211 0.0
127378 149.630473941392 0.73114140314577 2.360704458380276 0.7267406968429988 4.837551025268048 0.5927501251932995 91.49026080762633 0.334132933839485 0.0
127411 149.254875497299 0.731297998284153 2.8180763626979792 0.7474137745842461 5.550352286281558 0.6266523584906838 100.72337800606947 1.2404458218768648 0.0
128065 149.274803958097 0.738186906471119 2.3997244285029646 0.7380631329260954 4.574185412192038 0.6710338082728593 99.7680416919069 1.1752361727605725 0.0
128122 149.089464985939 0.738631157180323 4.2854827765687 0.7863888230471853 8.0927159741732 0.6883759370988922 105.70251236024583 1.236097176153188 0.0
128451 149.166383743722 0.741512955090027 7.554757641479301 0.860682024752 10.627986784218136 0.6903876073554055 102.98120436832663 2.0202355318273435 0.0
128659 149.251247598839 0.74409173037783 2.796406684790488 0.7932984522457496 5.107218414250344 0.6610932724648189 100.17113850091411 1.5630534863907508 0.0
128881 149.492300544298 0.746512885815366 3.05915321939489 0.6647402942900367 5.746208602373513 0.6153669107558986 93.52115740600199 0.6407175605221267 0.0
128941 149.193716104317 0.746546862732238 5.471492788117758 0.8758871169066117 7.238005909713074 0.7630368780308302 101.84348073648732 2.8050412916547547 0.0
129631 149.583339362086 0.753895523992559 4.796148349838142 0.7380262206008126 9.499604119682152 0.6216515744473602 91.11455706942955 0.6347148721124174 0.0
129653 149.346197875529 0.754660120121339 4.132786067218026 0.7752856821189058 6.326407709867472 0.6439883068328073 96.8392504467864 1.8775359099458688 0.0
130442 149.199493575087 0.762988030810841 6.098466055359436 0.8273884248975929 8.772792602966238 0.6669774794269655 100.82449982490182 2.9036665560401507 0.0
130868 149.718183868891 0.767413177554737 3.081516527861148 0.7154831786902681 6.036985949189241 0.6334162929573156 87.90723442905114 0.3265360281554087 0.0
130996 149.517186728826 0.768650222423953 2.9291876860631723 0.6611680767802375 4.05750056263501 0.5893148448482595 91.72015090128045 0.6399766931038963 0.0
131156 150.433651740303 0.770329141261042 2.8057662551110294 0.7535913548370616 4.9551685955488685 0.640664867494514 87.02899655995178 0.0663534661078122 0.0
131169 149.308713942774 0.770456494848908 2.821493011459233 0.6945156875701092 5.50210794392385 0.6501901262878644 97.0811235599094 2.1309785703293054 0.0
131281 149.459840179584 0.771431737305823 3.428320862637618 0.657726829567908 6.572791027041067 0.5793182211487399 92.93335313281018 1.5230502772654597 0.0
131405 149.024109253701 0.77142241756275 34.662022073600504 0.7314584188974844 50.95686661355754 0.6514531339267996 106.42663953830159 2.273355954151726 0.0
131448 149.340366589599 0.772604675042358 6.703242500920173 0.7664436836714389 9.746359553491136 0.6263973620253819 96.05377575570566 1.9860821635579295 0.0
131530 149.526519231655 0.774047880999306 2.2575190905887688 0.616045218917798 3.8171166926964593 0.5514771111654133 91.20824084514769 0.6772525007708236 0.0
131783 149.105063460267 0.776355130864608 2.8880725318951437 0.7271901001154657 5.2751846528999975 0.6537442908161064 103.31279972377531 2.794066079700393 0.0
132025 149.153968768473 0.778825295355864 4.553482761124254 0.7483920314537567 5.089316900126462 0.6610089346114697 101.52376412823357 2.1611152379125347 0.0
132214 149.188341493849 0.780592107625666 2.133174063572391 0.7499069214007696 4.351523951104071 0.6719375366565268 100.29718744726186 2.706658902169468 0.0
132364 150.452842157918 0.781378116021717 4.306897509514923 0.8672796327171273 7.132644882825319 0.6311150541536312 86.65782746816383 0.1879154857368617 0.0
132425 149.062881998849 0.782664220285749 3.531844225642929 0.8153235524405895 5.0565763016558885 0.7150590690417219 104.49005734203914 2.7087808851996513 0.0
132807 149.10842169677 0.786421809002567 2.836450168800616 0.7691600655599193 4.481810097038598 0.6789375398564874 102.70350320934995 2.8599763017148128 0.0
132868 149.428197013657 0.78693377493609 5.8869692521738495 0.6706091563606689 6.695564666023439 0.5920179309901387 92.89443327101986 1.5104159632733754 0.0
133110 149.619904362254 0.789198135163592 2.7230698352801244 0.6630931383346209 5.558782852614444 0.5912373616243773 88.38690034983725 1.0305868158715565 0.0
133164 149.102617738631 0.789497246332017 5.403353725575336 0.7857711012477646 8.769770603854626 0.7035844856232959 102.7553699615869 2.8219780934521506 0.0
133356 149.796040132868 0.791684013756603 2.6408319300992598 0.7163033327835361 4.394360627561077 0.5670738584593781 85.38463637528974 0.621708070511229 0.0
133464 149.480203906623 0.792489905052194 2.5345641747179406 0.6934422705216321 4.988111862387644 0.5981099567237441 91.27996815745885 1.3122981956690984 0.0
133718 149.063019076466 0.794709627000827 4.963205799832927 0.8448851843904728 5.766954169176444 0.725124064344491 103.90523836994733 2.418020338864107 0.0
133774 149.177552585 0.795353611972882 4.592170749128942 0.7882258263937553 6.2148821653202555 0.7115166216808917 99.91265668178465 2.341956114727746 0.0
134084 149.683839570418 0.798197931025451 3.112620714456584 0.6815757421742609 6.186886762131328 0.5803161504079957 86.69571014291408 2.928461096007978 0.0
134233 149.02884637884 0.799447973577813 4.376111718737446 0.7722856674768417 7.121324811504632 0.6897286390105649 104.91998626524372 2.411071808965602 0.0
134325 149.397771341545 0.80048975126155 2.901168591019259 0.7343562414558658 4.635043607168835 0.6403232026183886 92.9745307917943 1.3473962142806122 0.0
134875 149.031601650075 0.804697365033946 13.402545200868161 0.9500467570502872 17.290418777322987 0.7133899778579124 104.56976308578828 2.2810729358623085 0.0
134928 149.084120630674 0.806052801481537 3.4725136402724455 0.7804616225367111 5.147257134137458 0.6834222921213872 102.60416666108323 2.092713405585411 0.0
135046 149.161092427438 0.806805761081291 5.156274331401426 0.7715548714297121 9.637316117034016 0.6896870623802649 99.89435832392658 1.8393053715144112 0.0
135316 149.076322683635 0.809926553027512 3.590258683033902 0.8111175170061652 5.736770617163369 0.7097833822245042 102.6961654448835 1.8561197910525373 0.0
135353 149.544017437849 0.810439638497059 3.3765254459936225 0.6377812573688705 4.679936582126584 0.5657307878017979 88.79019913062398 1.040736831278056 0.0
135628 149.329790226718 0.812835734329637 3.0886466173713965 0.7130643522849266 6.126198659222126 0.6267377393006928 94.24486320184471 1.5126649387890703 0.0
136264 149.649239790392 0.818066639529335 4.979574553947238 0.6284509713517006 6.782266554468065 0.5309554323921066 86.18303163885678 3.281019915996614 0.0
136357 149.665198736695 0.819714724243033 3.2201263692609565 0.6383796264068873 5.358745310397588 0.5642336042027312 85.79335658474815 3.908111075385595 0.0
136399 149.237352608886 0.819987925620179 3.227228002793205 0.6900477112229156 5.260762493697036 0.6313014987515696 96.71993304227996 1.2741336103715903 0.0
136478 149.696687841769 0.820443465260712 5.068386047566327 0.6776583342692378 6.0779041004326535 0.5895741290242738 85.19633042030947 3.3903289028278976 0.0
136709 149.903722061951 0.821884234657033 5.637300235241834 0.8938320837798834 8.267194253942147 0.5448524951069095 82.44839532999121 0.12281390914014953 0.0
137297 150.002806843576 0.827892476534896 8.390886853625824 0.5866047757414511 10.966672023298745 0.5402693572637746 81.45198971311679 0.38776862057105616 0.0
137313 149.574963386116 0.828799681262397 1.9250621054079384 0.5885079296628184 3.689777607506142 0.5645338727126706 87.08191554928626 1.4125416942695634 0.0
137423 150.027917644862 0.828399876545939 5.628391711486609 0.6985900365151289 11.28293485303571 0.5617393669129626 81.32766915721614 1.7796970074753844 0.0
137450 150.049590060031 0.829419327213303 9.784920751443622 0.5931304602584394 12.517187275541254 0.5480044517687287 81.20781080432806 1.9436353495269874 0.0
137460 150.047422317216 0.829748613799408 3.503901356567232 0.6416071630916904 5.7809957135786405 0.5453371866815087 81.19301313872765 2.048657986470522 0.0
137493 150.032607279252 0.829308591851885 10.961185427468115 0.7491309074303018 20.24126635552746 0.5409808468458382 81.25874632455452 2.0357003558765676 0.0
138206 149.321958326376 0.837119374881067 3.481228508865171 0.7146966605002214 4.700469952315286 0.6465136139302294 93.21179852820994 1.4875657762190166 0.0
138210 149.541552345284 0.837161164432958 2.869779973403901 0.6239517354478046 3.4358226825030096 0.5590088033697022 87.36286572849616 1.2442107803368316 0.0
138242 149.786282203513 0.837519838166061 3.187547750972845 0.6879256747741842 4.301267861233802 0.5519555192480378 82.83094069863675 0.7480884687919452 0.0
138703 149.712329378008 0.841474199226194 3.129869672487681 0.673739668001325 4.318253891178578 0.5861810819859491 83.72177196543946 2.4720599842552198 0.0
139304 149.860616406251 0.84753916292408 5.527781416564004 0.7377815885376918 6.929160690748233 0.5838973288013256 81.3414873634668 1.1562717396233209 0.0
139989 150.441602903553 0.853733703929858 7.0334044664092525 0.8374296037124173 10.477477451131119 0.5685126751135239 82.28424603759827 0.4752580949394664 0.0
140229 149.593824203482 0.856560834506828 2.614166103511377 0.6633966576050497 4.43774002776139 0.6017455620035028 85.12103609547934 1.746165303648162 0.0
140260 149.165749089169 0.856767296338651 2.6790159897731805 0.7919367213194753 4.86829506991567 0.6660730171108338 97.27157811304697 1.1397697850140642 0.0
140393 149.890253424956 0.858213612500189 2.7673329159194235 0.7660880977306666 4.796157234283762 0.5923711585215783 80.41396945860174 0.7373559305700742 0.0
140618 149.666888494294 0.859296251365388 18.971765152544755 0.6825071475113167 19.83191874258827 0.6340927984252497 83.50231232986958 2.4672409418928467 0.0
140621 149.532795955201 0.860411117114483 5.465786527588174 0.7320988959566338 6.065586138480735 0.6567953639541101 86.28178908935203 1.279761376448652 0.0
140887 149.570970122177 0.861959520818946 2.5656257417264174 0.6789673749387187 4.8894194488782246 0.6044426479255863 85.3187126871735 1.6126905739748214 0.0
141398 149.212569753372 0.867577984707559 4.087797294759678 0.74553522991281 6.464628309541059 0.6249346088720945 95.1430394919226 1.0210876803420332 0.0
141439 149.299446975792 0.86796999239927 2.987338571567419 0.7299153199242636 5.2462607607637395 0.6558953567367966 92.30901979902346 1.9940404690921474 0.0
141655 149.32081193585 0.86945364295159 6.748877520227313 0.6936046221515761 10.64918751790899 0.6055061675703322 91.57244635158624 1.767626459778021 0.0
141764 149.965810387961 0.870647138322236 5.628918984020143 0.8762584419464894 7.386533238866343 0.5828630248190606 79.08841946208514 0.6096845782125877 0.0
141848 150.260402851879 0.870661265082456 8.387374922404296 1.2709570225927231 10.953395571300518 0.6096773632848869 79.26300386609469 0.13017229968396038 0.0
141955 149.832006933405 0.872492144654467 2.718345177231469 0.6067627560022574 4.037206686197804 0.5542544274942479 80.19447155061705 1.2632414968678558 0.0
141961 149.154255933821 0.872473944497889 3.116537338614106 0.6865506284995866 6.0896909270485935 0.5925636419673367 96.90456028001132 0.9776010842903767 0.0
142265 149.608295368333 0.874711461256041 7.077053876500365 0.6306679903035591 9.98978332019262 0.5784177117671087 83.79508635543975 1.867355494945505 0.0
142534 149.723889621634 0.877898607621501 2.5913307605865263 0.5949782045582335 5.091188041630082 0.5382984910770725 81.42969600042606 1.1872751854112216 0.0
142575 149.470061845971 0.87826688270664 2.266035668656063 0.6490689733262901 4.475968252143248 0.5793787770150455 86.8674268097177 1.0192692702182273 0.0
143260 149.728524528037 0.882951341175181 34.035129152649645 0.6633783138801786 40.21043046893242 0.5631127090656916 81.06158762453904 1.0694041869069373 0.0
143558 150.322345208181 0.886513351671125 5.733346371557309 0.9633859729402349 7.485166036458051 0.5501418433687689 78.8615851549811 0.41418222985417674 0.0
143679 149.572396942447 0.888175707528165 2.5267931175222373 0.6384667094991795 5.084492259874561 0.5634232140021063 83.82820119950777 1.498871449943683 0.0
143735 149.624130513805 0.888726633530776 2.602938958341472 0.6084285004312003 3.36554079468511 0.5486066626696665 82.67581727840155 2.14873908119906 0.0
143821 150.186770132576 0.88859643797777 8.987893143311426 1.5266196469752418 14.924420090673765 0.5553049552467756 77.77519289090623 0.5811358840795274 0.0
144072 150.207670695549 0.890323839913653 27.801811118867498 1.042987672021678 45.97180288857804 0.5625304817293946 77.76583177051238 0.676738987156882 0.0
144428 149.862538197423 0.894649429952095 4.154909366892462 0.7347392417892094 6.465749294810156 0.5470671170038031 78.53982925478893 0.977754848328307 0.0
144795 149.006440869419 0.898088267133817 3.0662217615862057 0.7411087794411122 4.969794968241008 0.5948532923636906 101.17153626955023 1.3356770999827992 0.0
144856 149.305411126382 0.89839513417902 3.750081619092382 0.6880742053261169 6.386710948893222 0.625017015324222 90.56597533012831 1.4905960267293767 0.0
145094 149.438410679139 0.90071278403278 2.1978927433111974 0.5930580141313052 4.131180300242273 0.5732543037409147 86.51076337987408 0.984495529182626 0.0
145505 149.676550537943 0.904670361472124 2.266639038397734 0.5724482937712467 3.878882646247473 0.5452379126587115 80.73514539891066 1.4437477253777289 0.0
145714 149.09212844281 0.905896382934282 1.8699684992776222 0.6606111604662473 3.1782152202694083 0.5957878845388813 97.54981961465408 0.7359857194043256 0.0
146046 149.252096520718 0.909101248030704 5.909975330966701 0.7420541509608475 7.61038006526413 0.6629005489680397 91.75327247366765 0.9261249201775604 0.0
146188 149.635945708769 0.910807866240161 2.218633674751195 0.615076652357338 3.9197074464318336 0.5454179192525773 81.18797995016264 2.4012896717722185 0.0
146743 150.421421937641 0.91613493385106 2.5700199370260335 0.6620691824668619 5.260948938294974 0.5606483698668355 78.35701543677999 1.3105077997254155 0.0
146860 149.643575960695 0.917133695685105 3.0185876132544855 0.6551111658757718 5.636915500118464 0.5793505013011593 80.67508899132739 2.3086202944738914 0.0
146923 150.071335149494 0.916977720811696 11.327241969622866 0.959518121691947 16.026543295438916 0.6124002527272929 75.91747272454249 1.11676086582683 0.0
147373 149.675226248785 0.921772557243098 3.0507615386066016 0.6112706496013951 5.7078919198157 0.5785875463145402 79.7870585093218 1.3134790972928418 0.0
147485 149.428230220262 0.921158368439789 28.642920899724555 0.6607506495419212 47.04009051913998 0.6259889736750495 85.70779136160648 0.978471447846524 0.0
147505 150.077256441499 0.923274762112323 2.8973684947354488 0.7535522135420598 4.739229440793202 0.6048763118799072 75.5324993440375 1.1245336244642048 0.0
147561 149.059158692974 0.923645490056906 3.052158533986293 0.6956697028811105 4.0979177084015035 0.6435309123954752 97.96417654929247 0.6847455199282845 0.0
147623 149.844541704189 0.92429136071051 2.9786592407571733 0.7182651994572673 4.155028598727885 0.6233006434385043 76.99895298692022 0.9786068545863791 0.0
147947 149.125757639333 0.926812090109502 4.728918719750995 0.7294740180534885 8.012546728460899 0.6590498499722203 95.31824777039219 0.7940658946488379 0.0
147973 149.85798352187 0.92781575765032 2.0881106102668037 0.6605971069878489 4.04224056158206 0.5760708661425751 76.6349461861589 0.9366976630186127 0.0
147980 149.571954644081 0.927327873723005 4.147499352965143 0.685636703065026 6.451744060750927 0.5924468952014866 81.66787422750893 1.2004738607320562 0.0
148044 149.148899679571 0.928278012911553 3.171115711278503 0.6683675506037262 4.252984633331495 0.6147283637599757 94.40364521423203 0.8577423561790978 0.0
148057 149.010634490638 0.928400478086695 4.06416616302744 0.7237952427015018 5.025511129365131 0.6122944376923579 99.62833643487365 0.9042130998902715 0.0
148092 150.321862747584 0.928316583893895 7.9359642235774475 0.7787258900370351 9.101462239111322 0.5688022951647276 76.38562441089574 0.7718419981689514 0.0
148440 149.074119143015 0.932146182862488 2.6078419233509194 0.6797161196459018 4.994803137540314 0.6111641945734051 96.99994919226647 0.696843399857972 0.0
149374 150.326815682616 0.940696841529396 2.420455187896528 0.6798515034771488 3.940216094684898 0.5282380152531622 75.70708506515435 0.8108514189768107 0.0
149420 149.132436827253 0.939674901684704 11.293877399797589 0.7025044800840485 14.43167071017749 0.6185321940861477 94.46296056077145 0.8591443628974899 0.0
149424 149.627059317834 0.940341430087346 8.720995589697234 0.6210617977675486 9.57126992085547 0.5493548488749433 79.71370114214305 1.986285518727873 0.0
149426 149.453512400867 0.940723995369439 6.521186690357941 0.6412445805034475 8.334882141159172 0.591225515696884 83.96244364826057 0.9039275658429979 0.0
149569 149.146230114329 0.942330934564795 2.2304411029801674 0.6808189602404451 4.4118501094243205 0.6201893492104069 93.83062079027965 0.8969618994157009 0.0
149636 149.673133479284 0.943045764229487 2.1326639805097303 0.5737386310361873 3.576492813966087 0.5295001215715271 78.6192887240965 1.2316585772578188 0.0
149866 149.665759238086 0.945343938710752 3.8249291720103646 0.6342242396794731 4.226607615606303 0.5628815203394495 78.6343004539241 1.3918936725337736 0.0
150146 149.37836747571 0.947778124134485 3.083369642953365 0.6495639754040228 4.577838593222914 0.5896489901356283 85.77086524873684 0.9417264941702305 0.0
150189 149.183378197001 0.948037480586882 2.3787085942890727 0.6746292788391791 4.826100391224771 0.6174233380167236 92.21402133839487 0.9173407828754256 0.0
150458 148.996379579155 0.950527162494348 2.6699801995534505 0.68869115897481 4.1356489188689665 0.6296366180224235 99.19815911777455 0.7114362615100716 0.0
150467 149.564080848116 0.950721164226303 2.1287870788373353 0.5659551763499198 4.380055382512072 0.5299563829201424 80.5631428601381 1.2113857072494427 0.0
150905 150.160097991855 0.954185974390526 4.261884143881018 0.9501468903675625 6.958124498509739 0.5673959131750989 73.75363876610123 1.2922444378012576 0.0
151209 150.322670127194 0.957314399762241 2.208194451147702 0.6368109953918497 3.7855894004733806 0.5464601934838841 74.68160350760112 0.9109055296751359 0.0
151230 150.465988366829 0.956329728949985 3.0135913358140125 0.6337474284166157 6.11573690260438 0.5751052942917876 76.74310456968512 3.453222811846705 0.0
151430 149.509278564053 0.9594269300009 2.807999341203603 0.6060665864950614 5.102674470976002 0.5737656744043902 81.45926361994928 1.1382342916789474 0.0
151686 149.954168919137 0.961916926930228 2.8788816372813004 0.620677344359738 5.103213589437029 0.5517413268525471 73.72232594000334 0.758703544791473 0.0
152212 149.399264497848 0.96643714293835 5.023119797132456 0.6691080331327331 8.103072791324568 0.5951771754725679 84.17337593787701 0.9370662739147139 0.0
152366 149.95041660894 0.968512189438466 2.501714516458379 0.6165144022547732 4.533206743710345 0.5394261976224207 73.3566017275957 0.7729854787500777 0.0
152400 150.383515462362 0.96883943294282 2.8989940907637455 0.6236914052495609 4.889699630815459 0.5021320503754286 74.74615501092953 1.8449633550261693 0.0
152597 150.168293627865 0.969981882096625 6.15242747409357 0.9109644926231983 8.02168483144135 0.518856002050424 72.83302034650313 1.5825507376227126 0.0
152731 150.047346176502 0.970712148203762 3.5664996152847337 0.7175531243100205 4.89154785302458 0.5430292909816135 72.74251877112674 0.9649104842708174 0.0
152797 149.415662386226 0.972501587400167 2.5123922037327158 0.6084555457080152 4.982217354618982 0.5686820332486541 83.3697308385825 0.9764143709888867 0.0
152876 150.376028873861 0.973288609165745 2.6745006312369197 0.5778998478203338 4.546332031372949 0.4930708944196536 74.38500542859786 1.7339381060687766 0.0
153266 149.416011130568 0.976222765456856 3.1946944505336012 0.6185302201560087 6.524561749612888 0.5701321292859348 83.1651292697137 1.0013683730599032 0.0
153299 149.462126919198 0.976870842275476 3.707742214069934 0.6388138893981222 4.988887899398539 0.5910159844163417 81.80181645633196 1.0467888831501229 0.0
153697 149.626643530036 0.980609848961094 2.099634380036343 0.5507645594267464 3.431050190084096 0.517862927046239 77.46955741594044 1.4934834242023165 0.0
154038 149.886172119946 0.983636638380463 2.5872880803092664 0.6273439604237842 4.7226784911636415 0.5821560804678719 73.03327096305908 0.9102121529058534 0.0
154101 149.552861761603 0.984320003516316 2.893990345238548 0.582165934639304 3.9018622004635466 0.5212915504950679 78.99576262659372 1.6824020240617015 0.0
154396 150.308152351716 0.987402276276653 2.442496081118838 0.5903796311614503 4.874270825295728 0.5072012832780506 72.75166850664624 1.4823885439255586 0.0
154421 150.01062562305 0.987274849359354 3.715748258414281 0.7027245839154421 4.936206355874009 0.5500700209953366 71.88032109976395 0.7846515537253436 0.0
154715 150.068864000522 0.990347922874874 2.743800208393444 0.7200282966818347 4.418208282246281 0.5336008340174966 71.52017473748091 1.3136902008483546 0.0
154733 149.578373162131 0.990326870612405 3.2896068285799003 0.5959859440920562 3.9972287410691334 0.5376695238312095 78.04218948955005 1.8194546128882785 0.0
154803 149.805613741644 0.991009882854954 3.1748583161859463 0.5836080563490876 4.861044203449023 0.5443365148325182 73.60508031342336 1.042957085979211 0.0
154833 149.902319471037 0.991313469708954 2.232256105088275 0.6420976771290605 3.8489352402237755 0.5795122497154758 72.4150124824838 0.8414426213233068 0.0
154842 149.293724235263 0.991157578407561 3.317288082922108 0.6864833232854578 6.372264582794949 0.5909353162253139 86.27349473845638 0.7268637946776906 0.0
154923 149.207498301937 0.991969715388652 2.6600120318319314 0.6607653611579463 4.929598388494036 0.5939410658146475 89.23594712086225 0.7244894965779648 0.0
154981 149.890365322015 0.991816450316066 9.110214190607506 0.6237640091037004 16.926499008719887 0.5854612745026238 72.50612250696139 0.9032664540166716 0.0
154982 149.549816341927 0.992313115560621 5.3779474301041885 0.5945497854073051 6.110868097644541 0.5425376592386242 78.63621269152003 1.9359642524437262 0.0
155052 150.420202604832 0.992716284237468 6.005460073327058 0.6233114829551006 7.424836787895847 0.5103847475318004 73.89289190391978 2.919350317173295 0.0
155098 150.409650410648 0.993168077616108 5.540972114347984 0.5813101804953723 7.271737188250317 0.5120130475218068 73.70470890701645 2.8246289568535135 0.0
155512 149.395169846402 0.997417686152617 2.3903591927388392 0.6383485401947759 4.067646470772962 0.5709538761257436 82.69317316212488 1.1289715262819413 0.0
155645 150.24720977839 0.998752358061968 2.330996159827831 0.5352026839228756 3.9113699736378362 0.49793086643790446 71.53843979802676 1.729210480035191 0.0
155684 149.571894429277 0.999083910127998 2.320651446124121 0.5766275921263713 4.219522205844317 0.5385317013365932 77.71864068834574 2.0837735951479592 0.0
155701 149.619831778556 0.998170353271174 7.6925184389020345 0.5973365368269279 11.809648696576733 0.551069430995529 76.64273463177426 1.6253381353931862 0.0
155753 149.987701139666 0.999732937349601 2.4635865961799706 0.6342255294490934 4.783521621210909 0.5348963407009895 71.25173464521303 0.8231882426726436 0.0
155882 149.086021775015 1.00072037231849 3.3063915035093068 0.7284230620694462 5.3684460949339705 0.6143292847635321 93.38846768362637 0.6789679922784962 0.0
156092 149.779883847593 1.00271007858396 2.5583804119432716 0.5868318066925541 5.168529072153353 0.5371820124108265 73.31266634818255 0.9929113532264313 0.0
156177 149.846073090317 1.00280629047821 4.79123216116833 0.6278082739607801 9.782486670863904 0.5685023099269673 72.36889475705897 1.509194101236923 0.0
156457 150.192710896543 1.00523110731265 11.083040363269346 0.8655090398710036 16.86473022244708 0.4994251271831223 70.82141976148093 2.5275288597733345 0.0
156460 149.709826513979 1.00617536093714 3.940620401340649 0.4634071877285034 7.279268365414281 0.4414459947515214 74.32605510340255 0.8695619444064333 0.0
156563 149.551196280425 1.00702987489462 2.6632471288783424 0.5760835275048607 4.536818979035321 0.5523313828017961 77.80049874365277 2.393933439593782 0.0
156592 150.225522649175 1.00721048202762 3.290897674148445 0.7220541089610756 4.668451054101235 0.5334090845042024 70.88494221288595 2.2358569639830463 0.0
156784 150.200340670808 1.0093999971165 2.6238379170294333 0.7016989869551586 5.08446457645705 0.5028103456084948 70.60958900950291 2.63656826785441 0.0
157132 150.096982832671 1.01166628377891 9.74145817223069 0.7056690021576087 12.057691473680046 0.566352119574831 70.2169228126459 1.8058997444457794 0.0
157348 149.557675206024 1.01473052705047 4.9676447778888715 0.6123244053962934 5.653255798254773 0.5609122636537656 77.21758736800301 2.4958701687924627 0.0
157360 149.873180539598 1.01490865867839 2.1456927624912883 0.6429899104889214 4.403440659744793 0.5756269271337545 71.33133962023498 1.3560368845473367 0.0
157361 149.878205678211 1.01500284445932 2.510617246009939 0.6220425882558677 4.760390902659213 0.5775182582181454 71.26892432525747 1.2798901874652648 0.0
157410 150.256111488751 1.01544479705708 2.219237559533192 0.6277043639205041 3.9511464092390383 0.5275054605217733 70.61345965156818 1.746206409889672 0.0
157603 150.382587797025 1.01724090079313 4.465922004308338 0.6054617918984081 5.233430591207817 0.5382088354323594 71.90807201300036 1.9024165200989216 0.0
157653 149.793672022349 1.01750094982951 3.6947111787869495 0.6005965917764297 6.77169483674076 0.5476535805467796 72.24182178999374 1.102930364088885 0.0
157776 149.603492761676 1.01859544689011 3.2073223380015676 0.6393580992111288 6.074009236728896 0.5965187010091707 75.88753862012294 2.258885095058244 0.0
157783 149.881095131725 1.01796595613095 8.123701443973543 0.6674743603892069 16.639387203902853 0.5986047817167535 71.06204696491466 1.2895951008167699 0.0
157985 150.139386341647 1.01836460393742 7.942904134447395 0.8038630446135362 9.625273186616074 0.5539354501444739 69.85474241569608 3.3486679762345983 0.0
158201 150.234009927938 1.02218194089977 12.456457840645905 0.7039957013664777 15.302811204830942 0.544007931980668 70.0483766215166 2.4884838345525404 0.0
158223 150.015098035902 1.02305734356838 3.04804521592835 0.6675917681819502 5.319159182196769 0.5691715790783238 69.71942614095923 0.9204166795133942 0.0
158251 149.055160250536 1.02341420133947 3.1102663363672858 0.7243885013927093 6.1594303486433475 0.6513433015773235 93.58829148730781 0.7435062373285183 0.0
158391 148.925792118555 1.02502091498831 2.5245565549074653 0.6697705469447301 4.666341320166689 0.6057300684759642 98.88374358523704 0.7733088016560198 0.0
158648 150.350894707866 1.0276571535456 2.762993958694749 0.6342987977151086 4.915789771079182 0.5705489256695858 70.87307588535727 2.509884829824759 0.0
158743 149.494631169983 1.02870937290306 2.763016362948921 0.59337694928684 4.558190191074012 0.5393673800172147 78.14116172702661 1.8157531382980434 0.0
158898 150.15637910692 1.02977065410021 9.655117327054448 0.8326866325965985 11.729167851467325 0.5757850316377661 69.2130738797474 4.505563439912018 0.0
159098 149.460951461883 1.03148120209591 3.2993834785562717 0.6210206140518014 6.798102241845174 0.5920940024462589 78.95448082897114 1.6455969729683801 0.0
159231 150.185343564505 1.03252550178234 4.306714412679102 0.7448927680572047 5.962637817999176 0.5600261367732323 69.15482079351348 4.116229195250641 0.0
159461 149.528350653681 1.03513706316545 1.8523743354681603 0.6048678096482575 3.7348803326365716 0.5784631125718277 76.87687691731705 2.2967466561464063 0.0
159489 149.428685580499 1.03530937543285 3.0166305887765392 0.6250229953435307 4.927467537906134 0.5766747638005799 79.71344522776572 1.6733588625111928 0.0
159618 150.165107401154 1.03670437041493 2.1145084871251902 0.6064705203146786 3.503476319538369 0.5132936051598435 68.82526525867597 4.667675289056428 0.0
159704 149.394399238051 1.03642043608181 13.997553005329594 0.6029354806179049 24.984791618918052 0.5748114895379368 80.71479692382302 1.4124219478864477 0.0
159898 149.300413670765 1.03821019567881 12.955086535221232 0.6186915551310518 17.595877606145713 0.541590075171215 83.71968201259436 1.3085978674778385 0.0
160050 149.145226989067 1.04045258202541 2.4471050482343117 0.6377751707091975 4.873524403103566 0.6029241545330398 89.27395713099389 0.9036041936512699 0.0
160090 150.18059397629 1.04036893490789 5.942817006101213 0.7529072092360962 7.73223216834357 0.5384119802128617 68.6648735439005 4.27237882340488 0.0
160168 150.341382999599 1.04147350899252 3.5092199204915735 0.5894103167510778 4.432457130379611 0.5184053417653518 69.94290583791314 2.977834053972228 0.0
160317 149.530147952304 1.04327112953713 2.3386305381970756 0.5515491332837849 3.5318722953406847 0.5315187835004631 76.39205080918974 2.0450045263452297 0.0
160324 150.38968370038 1.04331983789426 2.372160629107055 0.5976941824101033 4.0533506252099025 0.5565837359956882 70.49204418603861 1.6669277622614025 0.0
160361 149.304940905686 1.04272868818826 8.343750105488741 0.5751137842862504 10.148184616191822 0.5171898465964715 83.34192651204873 1.385942328413813 0.0
160367 150.276879192943 1.04378220312214 2.652961644812099 0.5530224531474093 4.876797613134086 0.5204535670089886 69.10879390974692 2.0015910062871796 0.0
160508 150.094966906493 1.04480267178363 7.452796782062376 0.6955448168854103 8.912917049204133 0.5364345858900302 68.22917411260838 2.6743261531174194 0.0
160547 149.88847791483 1.04566609140632 1.7021491758809018 0.5791459875634195 3.2771213755140325 0.527129867364186 69.34694860592596 2.1185473442355116 0.0
160841 150.382818669856 1.04835497353572 3.7086252507085122 0.5724075832478467 4.966979371539958 0.5099868788801224 70.09852486615516 1.6670472418658042 0.0
161102 150.091235026515 1.05050292219216 2.2011185696317437 0.6012761022632725 4.514505371960501 0.5411924769157082 67.88852661472716 2.66790097655746 0.0
161268 149.928038194187 1.05207801908412 3.549570626056038 0.5766836843957336 5.4446953687266335 0.5029404834228155 68.57200728533016 1.9377798048107764 0.0
161391 150.135870521672 1.05238929117268 5.434534781939396 0.7614728885728607 8.637399317161112 0.5194535003323808 67.80744575315217 5.055793709695579 0.0
161554 149.433907873131 1.05354484880989 10.284998125695331 0.5854606613216247 14.56994487404496 0.5392828232717272 78.61136685616732 1.7297757297341185 0.0
161648 149.145679074267 1.05529707603189 2.13201985820228 0.6414094589993007 4.00839146757029 0.5891090476100793 88.57484986228246 1.098147507852932 0.0
161721 149.912760494168 1.05612535265086 3.5550685527738377 0.5986826174749347 4.768470469010069 0.5179695532696871 68.47622447008315 2.5215625906515875 0.0
161807 149.935576156161 1.05680069129838 2.6348535995175744 0.5609269162105133 3.4854791366739715 0.48939711177574535 68.22507118308208 2.0612813297414734 0.0
162062 150.326506006536 1.05918402511671 2.318955933371598 0.5827443659980367 4.157816898291666 0.5250247172885406 68.7216975253903 2.953735215076488 0.0
162108 149.79030423237 1.05953073180396 1.89126915079168 0.5426125333769362 3.5906584830868002 0.4993803315507861 69.85928119935497 2.387927154809729 0.0
162267 149.634558215139 1.06040387832989 3.2344455203987574 0.599838332746661 5.995687826945471 0.5450685931516057 72.85267538601981 2.273148504190573 0.0
162356 149.11565212615 1.06068420489744 10.963783805911756 0.6804428869738277 16.529432532349315 0.5920724222566079 89.50581545401113 1.845125042662201 0.0
162523 149.268674844302 1.06314489823807 2.6867804802047295 0.5824645798610362 5.557907541580752 0.5537246827671496 83.61851631273356 1.2418387285199344 0.0
162584 149.85873734441 1.0631590352974 5.9485568730120555 0.6062846294733898 8.131652765283274 0.5275763558226193 68.66894338724339 2.3453087642344537 0.0
162594 150.345030536706 1.06341636875662 8.619655662897088 0.5992681155230126 13.16940601691235 0.5200260835385772 68.70183313925904 2.3306247733180574 0.0
162681 150.138437211252 1.06465927964128 6.629321853200517 0.7170313227174198 8.31996399812247 0.5416016378265293 67.0767349705795 5.017657739445446 0.0
162916 149.463678179883 1.0669141615394 2.0804193843215986 0.5778288571163692 3.4343034423019905 0.5391559945914995 77.02139507543697 1.5388126575287697 0.0
163105 149.486184220481 1.0682677892663 6.342240178242546 0.5703435477854304 7.198594380182699 0.5115306221246411 76.2904328240335 1.3704514815627535 0.0
163313 149.333435767769 1.07033638678358 1.9141489159446312 0.5824199473332555 3.9082322192130006 0.5578797577195068 81.00670016401867 1.8170728485504497 0.0
163426 149.698552799705 1.07052379081553 19.290134947874513 0.6567486217169392 22.408617851319317 0.5793572740814436 70.89859742654575 1.081932388775163 0.0
163600 149.345907719745 1.07286280768634 1.887191705292429 0.5953297456401792 3.575042975448969 0.5581318828349925 80.45910081513806 1.920617834581752 0.0
163608 149.003994944181 1.07290813949822 2.8662237487143556 0.62953033259631 4.365259819072908 0.575116612302947 93.53424886843597 0.5843605624993744 0.0
163643 150.127161685758 1.07291809266694 4.190077221658434 0.6470269793118245 6.4920400432807766 0.5327127757357415 66.56151828754803 4.470507751564399 0.0
163679 149.608396477267 1.07353258682223 3.0954380678674345 0.592280222588239 4.6353037025333625 0.550963706092651 72.74732946855013 2.1376778630935935 0.0
163750 149.026149700668 1.07400231877511 3.011846430694246 0.6945993867661255 4.525662561778155 0.60726376843413 92.55811429873896 0.8285709320915348 0.0
163774 150.238662229648 1.07441787758059 1.5768836945462763 0.5537992280497182 3.1757691650021176 0.5026419789259918 66.96995055500636 1.6901475731706017 0.0
163823 149.910633822528 1.07481179092008 2.8417183875331093 0.6068343016148067 3.8246868841651014 0.5590441093840356 67.3918383300775 4.328979707760012 0.0
163960 150.154523347539 1.07605230719338 2.5867756151850982 0.6708778830262211 3.468704530782934 0.5599241587887245 66.43405596057394 4.138359191706601 0.0
164059 149.077483464625 1.07676726127918 2.479151758625956 0.6409283892143327 4.548747570500936 0.6029192101459121 90.32100513069093 1.682090659686943 0.0
164206 149.596044543932 1.07812387439638 2.4522239052723243 0.6330550153898619 4.955363924592427 0.598450591519218 72.79999515139207 2.006251978001073 0.0
164451 149.812206352001 1.08058105184381 3.801616554091605 0.6145795508697036 5.821138600371647 0.5602154655969951 68.29878913091132 2.6866515333505734 0.0
164475 149.06325945534 1.0807981161266 2.522887953011965 0.6645761908263267 4.832717371810444 0.6251063748207478 90.72606928604917 1.4974643551422893 0.0
164506 149.513152408104 1.08135291310886 5.067710057138719 0.5922831016199525 6.152395541593371 0.5452457670236798 74.82945383188704 1.1891729964566828 0.0
164592 149.429494146972 1.0819543477661 2.9921267727162695 0.6290835103658201 4.139311241865626 0.5498987700870092 77.28544647081452 1.8145327710871493 0.0
164616 150.363444853196 1.08219442708583 2.3748637410009508 0.6223191127726587 3.5014076600698067 0.5604745823849036 67.85028733846396 1.4505443418674897 0.0
164682 149.10005848763 1.08249329045486 3.6799526982512436 0.6353542519623915 6.082551180532236 0.5686790717667808 89.15268921999225 1.8645529140551895 0.0
164725 149.899793447778 1.08260200320007 6.887404182614504 0.6657624007049562 8.766540013411065 0.5859021490215057 67.04453569077019 4.963822671090825 0.0
165170 149.925152621273 1.08713646719095 5.457994224979031 0.618573282626601 7.511416354263097 0.5793608149836833 66.52023079999766 4.823180440729236 0.0
165229 150.359546372741 1.08793106763512 2.633175211855884 0.6335655710882602 4.6186246366227595 0.5849227612139788 67.46126092866244 1.4054998419088491 0.0
165293 149.642088956202 1.08641031437555 14.510591626900142 0.6432475103863714 22.027701751964923 0.5990819665786041 71.23848856290115 2.852461720599216 0.0
165435 149.63149057302 1.089578596904 2.422632520873834 0.5983867374390124 4.09406044264153 0.5444328788774747 71.311172659705 2.613019067479081 0.0
165635 149.800948438734 1.09064188156692 8.247195753131786 0.617319186300519 11.726375045300692 0.5589222765949684 67.89013895769426 2.40701037745419 0.0
165987 149.847904138658 1.09385682968341 4.593469552070521 0.65487941201914 6.446862766063188 0.573725758779141 67.01312802275541 2.4248795959213836 0.0
166004 149.829515992947 1.09397132377788 2.4480692037242036 0.5921391887962173 4.893329377511511 0.5624638612632528 67.26385711229403 2.3556991551951008 0.0
166114 150.248550438361 1.09551451205601 2.3810323274789855 0.6255525499857564 3.2850474598478003 0.522111185669541 65.79181315436448 1.2409745817856364 0.0
166442 149.905760319161 1.09799369534692 3.377178517126732 0.6508579450208462 5.835066320861843 0.5642610816041124 66.07213106954961 5.99263953592578 0.0
166452 149.351876483491 1.09683674922739 22.044759887555312 0.6113916390038299 34.3060365012163 0.545583762237484 79.06972596172366 2.1917078328822615 0.0
166567 150.083575562588 1.0993043012573 3.951310320822724 0.6701827735720491 6.15165529988512 0.5585056347234151 64.96587693117307 2.8032202589669493 0.0
166753 149.988299863286 1.10107286501542 2.467060156897226 0.5652974749754461 3.3908861866377316 0.5234315945527861 65.19738382795141 1.712505031837937 0.0
166873 150.168886862522 1.10181235361485 4.496528018148647 0.6301042514887585 5.10280142841631 0.5204809542783128 64.9394803568637 2.1585457141869124 0.0
166936 149.797242224343 1.1017911380505 7.675113294892141 0.5819010014974433 13.577863897688728 0.533155388515723 67.3047968725876 1.9170624714737408 0.0
166949 149.376691448879 1.10246980382509 2.8825371359936427 0.6034620907220325 4.120560426244507 0.5365910551410074 77.95373041370937 2.417354218157719 0.0
167069 150.167454144877 1.10270990133081 14.384292150607445 0.664552273156622 16.559750381127344 0.5195275245032059 64.88032212249612 2.1839460216644193 0.0
167221 149.075055025114 1.10467767203569 2.4729352218935894 0.6386917144156355 4.7238635989533 0.5841335649227605 89.19885331447931 1.5188429342037613 0.0
167588 149.894815882136 1.10752967819997 4.360063963506189 0.5838958979460661 6.395564105813424 0.5431435269258752 65.6289120464791 5.314678265078374 0.0
167667 149.883373207971 1.10871796465561 2.2880127483820063 0.5817882779036242 3.6885354590004025 0.5290321688075164 65.69115508757997 4.337300200630464 0.0
167947 149.941491406212 1.11099520936953 4.484403711359229 0.5824491454827198 6.218146619665236 0.5164174148678579 64.95636034789752 3.716823101842244 0.0
167963 149.077091568288 1.111121009015 2.2730117611088985 0.64387285595163 4.343953115835022 0.5975942082174994 88.83465716694909 1.559546916451766 0.0
168208 150.41807640214 1.20975807512149 4.154904692901506 0.5846285762283702 4.859762139318033 0.5293544552913837 61.37116932912523 2.3359201001530487 0.0
168391 149.786025742381 1.20757353983142 2.921534959382322 0.596731508829177 5.707994412840534 0.5634072735040229 61.419895809798966 1.0553223543607344 0.0
168557 149.447663672191 1.20599293926498 3.2729929410225282 0.5489633885313325 4.3645907816896985 0.5008224058349926 70.42379332477569 1.4282973708457252 0.0
168788 150.468477710583 1.20391114067563 3.8968476390915074 0.5841916760373477 5.0047974950624 0.5269757415466914 62.70511445767041 2.2954209524094664 0.0
168914 149.567511270139 1.20456894447988 2.548644218384491 0.5635786603993977 3.8338700531740573 0.5134563965308196 66.77416841631151 1.1941688443849012 0.0
168948 150.139007405421 1.20202763708135 3.083487072147646 0.5684656337032847 5.732633684506488 0.5236188374632296 58.84153114983467 4.163593551809472 1.0
169473 150.048075491541 1.19719513901035 4.168037049492582 0.5834056084470572 5.048768419076891 0.5358675264913281 59.166965274059876 3.030809275349573 0.0
169525 149.023631963884 1.19994251078598 2.2975305777186565 0.6652415520618021 3.7022866494189315 0.5773396036051347 87.3996070704051 1.0517402110477996 0.0
169550 149.477823978935 1.20027058610388 1.8866183366497356 0.5088932089439258 3.5634164551344325 0.48465977085906675 69.72505865435957 1.4711502442370128 0.0
169705 150.262694721735 1.19535440319214 3.2642641148369727 0.5903473905518786 4.432508891932354 0.5265020975870806 59.99417495472545 0.9739178114877454 0.0
169770 149.762243469111 1.19454837894298 2.400551068225868 0.5933518062803715 4.965346049906776 0.5663210883952017 62.61104558195172 0.9205296803078837 0.0
169789 150.070229012651 1.2073745835228 2.3599025405930107 0.5603590195647546 4.713060241839469 0.5122066254282576 58.501443950154595 4.687613940660999 1.0
170010 149.788785748897 1.19242387806623 2.6630223137761324 0.6162413808035291 4.658770227377477 0.578722229359736 62.235906052109954 1.0064146754211727 0.0
170022 150.083190005967 1.19347378203989 11.571307991610619 0.6507448771800661 19.69165266026078 0.6093802622729511 59.316807627636926 6.193645908129782 1.0
170113 149.449562307618 1.19188023849261 2.076407220183642 0.5943260701688637 4.122670546459296 0.540102278182086 71.06693271849029 1.3666778275536435 0.0
170225 149.875254181562 1.19050660607094 4.440356561376519 0.6154049422220911 6.314468302555014 0.5619975308762682 60.99420313675455 4.769247968103758 0.0
170367 150.332906992823 1.18967375477755 4.1344027401726775 0.5902226620071912 4.648926261630523 0.5325806678921746 61.152878426216056 0.9239962908851648 0.0
170379 150.232413110834 1.19852286606563 16.24138206653852 0.631160667051538 21.715753415037156 0.5552386566808374 59.537282194351185 0.9592258582376324 0.0
170548 150.126865825612 1.18753499872354 14.236533519140428 0.6558827357525296 22.352828683229014 0.5975778556871554 59.686318320805285 6.25641003538228 1.0
170650 150.125627347184 1.18687834219741 4.324051571365991 0.6235842230245381 7.16699691371523 0.5851956038265697 59.723745773152515 6.389666371302824 1.0
170813 150.445212310816 1.18566918533807 17.215402638830362 0.6309242331420696 23.861813143760575 0.5692194134485823 63.26032017156094 1.7716678765231815 0.0
170840 149.8660342889 1.18498322340087 14.225289158747634 0.6214240978467235 16.065882075523273 0.5780306975902969 61.44137703088922 4.71167244783313 0.0
170860 149.970975742514 1.18513008750625 2.804506337714049 0.5839970942488347 5.4419559979938015 0.5366956727071848 60.30735274187335 1.9661673090430658 0.0
170969 150.059787473296 1.18911080900171 2.602895347301885 0.5744956969245137 4.422238987835967 0.5505483131938878 59.618816220254196 4.011336633215395 0.0
171037 149.090438977839 1.18316117084793 5.185093412831384 0.6706984216923487 7.118819140319632 0.6161988425181499 85.18894839351489 3.290828051293038 0.0
171206 149.771686402428 1.18158618076322 2.690593838776929 0.6251587088019164 5.111946226920995 0.6010610219064862 63.168656821369275 0.9321373208741099 0.0
171285 150.090699820753 1.18207696813829 2.86208192317438 0.6088081012115105 4.884856449111828 0.5567338702506579 59.99464136442371 7.043955020733114 1.0
171291 149.863422635363 1.18070488481134 4.333316245506506 0.6121633046386469 7.70728747776442 0.5730818038597972 61.72713851459717 4.416699183378364 0.0
171372 150.14930486927 1.18150270958603 3.1105088431046877 0.5795242858886487 4.002330730536476 0.5258002907631417 60.099292223758134 4.186938874782413 1.0
171465 149.910819663862 1.17961169383126 2.1249755229062766 0.6304256108941516 3.853516266401575 0.5826673094952578 61.2008364256788 3.2029051467013683 0.0
171819 149.046929261725 1.17641084495358 2.319973009254965 0.6309892296092536 4.073292342824345 0.5701122744813754 87.34225858135511 1.6726012414843816 0.0
172212 149.535644259608 1.17517207005404 2.6466576799844286 0.5605771835624223 3.85584811147662 0.5074733533301528 69.24235325711292 1.1757939404344788 0.0
172508 149.856103813711 1.1703467534246 1.8468182091935463 0.5874444387619634 3.8120781819492704 0.5310903214534328 62.43353319492611 3.3724671277093994 0.0
172619 150.466320444379 1.16903639654111 7.11439790540291 0.585374875706394 9.994451130665317 0.5250998745480825 64.6235141302685 1.9948269491115038 0.0
172844 149.080932030994 1.16695784980188 2.5378801330955016 0.6476140291885748 4.34517633660879 0.568823115669898 86.27873517242395 2.8508812880674808 0.0
172890 149.914616712986 1.16658723643785 13.75478861900521 0.5714366350637302 22.627983826882673 0.545290833052187 61.92764443000789 3.2067230822135127 0.0
172903 150.097189590258 1.1665944705006 2.9394775479721846 0.5432858720939169 4.779850800048874 0.5079787366498408 60.92123160071581 7.395364500147014 1.0
172930 149.100044859165 1.16746190063323 3.4002103479358743 0.6015700965801537 5.7077200251069655 0.5586123124508957 85.44903546984357 4.122954935162452 0.0
172966 150.213112760381 1.16639977800878 3.4538290073331903 0.6031303503468293 4.968847680321787 0.5224204931371982 61.309144139242534 1.0426639662400512 0.0
173087 149.297372237602 1.16506460474237 2.1631067909468022 0.5391991626496887 3.1029026760692884 0.513702276782355 77.71539355387172 0.722315241745463 0.0
173387 150.122657314469 1.16253100520496 1.723720481086167 0.5649299371770864 3.4974900058316334 0.5334466438199611 61.17989855972398 6.948675882236849 1.0
173421 149.320758330839 1.16223315787201 2.966563518705836 0.5349643560169771 3.730619017741011 0.4985954487222963 76.98950726489984 1.4665169333192623 0.0
173456 150.35033874412 1.16207248450162 2.419396522506853 0.5680041899503595 4.88047268337881 0.5106785394096429 63.00723644635018 0.7947985987938608 0.0
173527 150.352315184665 1.16201271219565 2.3418638969823866 0.5644741862160626 4.458245199492255 0.5097918073567269 63.039068149700114 0.7964124309323733 0.0
173530 150.102427210441 1.16145883406431 3.8390092543049383 0.5894796473787887 5.914503307990943 0.5079826638323249 61.22930966314428 7.440829116239885 1.0
173670 149.232280844768 1.16289051871397 4.32320832159258 0.6340219476160147 5.1604138392599355 0.5838191971839023 80.29125963126849 0.464779857183557 0.0
173733 149.991298697653 1.15936048443742 6.537049546112238 0.6002293951363544 9.849093874717326 0.5158580038179936 61.70041211802063 1.7618539367377546 0.0
173837 149.129505119501 1.15883214842982 4.143029704257797 0.6196653398375859 6.142023273232232 0.570313037200371 84.59348260209117 4.321117524913959 0.0
173918 150.331341813315 1.1586778932278 2.017788034263165 0.5223505925494897 3.866674259124867 0.49325991421922105 62.9441630670441 0.8203735673965278 0.0
174007 150.369162912664 1.15728042578528 2.4581705608739735 0.5784804799501433 3.9366999143806836 0.5214427405827057 63.563808223395114 0.8280774376833475 0.0
174041 149.420042879274 1.15692100750799 3.1807063415652057 0.5305067234920041 4.92984470652985 0.4942836856268235 73.79292581046671 2.287870698990938 0.0
174148 149.382423951015 1.15581785829318 2.159595761045846 0.5739262134328433 3.9974037260198227 0.4979685416377365 75.11752302247476 2.362899034896215 0.0
174199 149.13703709331 1.15514821434222 2.5219612667057754 0.6222343280919507 4.358855807661952 0.5688628767830494 84.44447383250504 3.7977726532294462 0.0
174242 149.245257670101 1.15467986531595 2.2751669473521954 0.6072744808189111 4.632433254037616 0.5518717221870306 80.16723275477734 0.42206642617845314 0.0
174379 149.775628008674 1.15425847957022 2.8290623016073058 0.5927631765259063 4.246428169984103 0.5440693376635111 64.65716609696466 1.0025020191503764 0.0
174446 149.847818313101 1.1534765650327 2.190323581923206 0.5621257268284248 3.7834389783530975 0.5218478197989448 63.53448155582341 2.2765532752177684 0.0
174556 149.921561105991 1.15333004331012 2.380081047997239 0.5886969092842917 4.538337060395606 0.5302235085851169 62.637821875875964 3.4473430527413695 0.0
174680 150.309471683771 1.15120474898319 2.992161216038058 0.6028407051334657 3.8069534019475118 0.5413432807231014 63.10746283668672 1.021287638946782 0.0
174719 149.374429629272 1.15075255574046 5.880546055510755 0.559766415765041 6.883712244799112 0.5206174399646489 75.64164725396527 2.367844274351962 0.0
174724 150.061290760226 1.1581943898846 2.26358407670527 0.5798187054414053 3.9600801699702273 0.5156784221323965 61.468858461157105 3.332558265012098 0.0
174735 149.268939205317 1.15062452064015 2.757449292067384 0.5776630922688765 5.158271400264703 0.5417928079194569 79.45595374039185 0.4241639289210145 0.0
174917 150.340915718889 1.14875655533815 6.563577599412969 0.5994295328451004 9.53424109663231 0.5234545395993003 63.65281775394425 0.8164020820423628 0.0
174934 150.053061890574 1.14860574190643 4.335149016505853 0.5651096725501181 5.436048485456913 0.5285053855622914 62.06419663102252 2.2990172531330226 0.0
174999 149.7775138355 1.14879601688189 3.004334850814679 0.5954459346290571 4.566844928708701 0.5311392889124079 64.93603332654793 1.0230402189442793 0.0
175119 150.124299371016 1.14690055389582 14.768056422963497 0.5498799521869274 23.82319413253152 0.5204874824144422 62.119730215569504 6.305976690911898 1.0
175180 150.15816608536 1.14771889624229 6.344139518204002 0.5872915893444866 9.470691558433062 0.5144387586962281 62.15150995067128 2.780005163678032 0.0
175215 149.41577734928 1.14599283974796 4.795926264449658 0.5272196345333523 5.513795110236749 0.501740349331652 74.4809761747066 2.4065939621439534 0.0
175271 149.362730681403 1.1458229382838 5.074577991123137 0.550378477172302 6.941811368750616 0.5121314166646831 76.28831179692578 2.324076978740321 0.0
175310 149.931642213224 1.14536740459973 3.450660826901108 0.5345763318697401 4.04836954145904 0.4856344846756372 63.00890333987792 3.5720702775015662 0.0
175318 149.410162940177 1.14517640367219 5.961283133182248 0.5795522586168714 7.389910615802754 0.4962863684296516 74.70780860307433 2.4870832879400995 0.0
175492 149.45662191826 1.14332388249336 9.113394307099137 0.5718913409170737 12.798915621352894 0.5350237616775915 73.29604040556559 1.093053597953173 0.0
175499 149.92195953549 1.14373300990224 2.670564602935124 0.5972342387855649 3.175546796341455 0.5287986495238002 63.201216655714916 3.8188276495751023 0.0
175538 149.905669316338 1.14360859602703 9.922189041554809 0.5923602008558574 10.947979149714277 0.5310853770663051 63.38093167316038 3.803347496094644 0.0
175653 149.125523390866 1.14282397616202 32.261922566980274 0.6767094965609872 53.634290871203845 0.6250475829675581 85.45632039621655 3.930347852558839 0.0
175712 149.157891530486 1.14226078859454 2.215374113289309 0.6349462352900788 4.402904116485393 0.5884036998839006 84.16567988316147 1.8817175949669924 0.0
175755 150.307058843309 1.1414680417175 1.93239763162814 0.637166174030003 3.262296326016217 0.5444695755006878 63.651694378245544 1.1515723100233062 0.0
175778 150.346771520987 1.14198835105952 1.6180173386620018 0.5858008103279229 3.3188042328811718 0.5212813784486335 64.12851988122549 0.823060163619231 0.0
176002 149.602936448495 1.13962934608376 2.365739235085103 0.5690059605124614 4.690235328481215 0.5321965765692117 69.28060975398829 1.3035695270500247 0.0
176049 149.239441598584 1.13917153805995 2.2449644676071476 0.6322058987830653 4.040765872369222 0.5828856865933956 81.10645749687627 0.4527813946367123 0.0
176160 149.345598351051 1.13787559201685 2.540492417627943 0.593737274704441 4.356847150391344 0.5438513725976339 77.27450982972236 2.066011998274989 0.0
176312 149.95295908152 1.13714211451872 2.9873756544708763 0.5900243153777559 4.47336253437496 0.4916980029272098 63.30538004993919 2.8889670484409526 0.0
176604 149.867996331714 1.13613635894626 2.707666653016602 0.5747284548242088 4.901149492298246 0.5435059608031383 64.27267774522237 2.906994743668657 0.0
176763 149.172276162697 1.13469309177806 2.8216592407243843 0.6477529905381983 4.836751425162248 0.6101103319347679 83.92844329565915 1.0632571434895985 0.0
176877 149.741318456952 1.13195097345922 2.0789776576896117 0.5561857274045341 3.9318403801467094 0.5375030370458956 66.57100901265844 1.156272401656615 0.0
176948 149.975121407593 1.13109263572748 2.9224272667467646 0.5822020607109198 4.895144765899863 0.5066947926216621 63.49436653398314 2.0616418624474373 0.0
177032 149.17240687749 1.13028688343043 3.78462885026577 0.6547925903067162 5.859146001213819 0.6144655129297053 84.12140674753091 1.0126747168066594 0.0
177121 150.119320996693 1.13464215516033 11.836847332381655 0.6560623475448912 16.091534946550397 0.5323159629167313 62.848820409629795 5.976302632360228 1.0
177231 149.854445893657 1.12883433688625 2.2889523879523894 0.594078820014024 4.2840584325477105 0.5418246116595749 64.88010878099529 2.4691797127121267 0.0
177640 149.760040177229 1.12523408106469 4.025885971076709 0.6008005496223967 4.934096879459627 0.5520767468647222 66.6002690230592 1.1133282283453798 0.0
177721 150.122064483826 1.13009383755013 3.133704791513645 0.5996066551575054 4.574431343947606 0.5300077581926406 63.12490818527463 5.532440582628973 1.0
177806 150.209380177899 1.12508293462199 2.0174969849750575 0.5932967669060255 3.174095026423115 0.521558547399961 63.75010511752281 1.32680832765494 0.0
177861 148.996386778856 1.12267968541205 3.935765116189363 0.7050866747865476 5.966707666653622 0.6150172498787151 91.76188537776937 0.55932241015868 0.0
177915 149.490037448992 1.12292099928846 2.001751609919076 0.5696677512549322 4.090662464092086 0.5283208594895666 73.31953308204325 0.9805054282442968 0.0
177961 149.661735327015 1.12175588661003 15.24601848066582 0.5916613230516236 17.60953776318666 0.5601434629594487 68.82788809981726 3.0145775791723493 0.0
178156 149.848496638775 1.12048737486124 1.855011856976566 0.5966105931526472 3.5633209151539975 0.5400264771221369 65.44926727171357 2.328497804837998 0.0
178210 149.304616511183 1.12168327045929 2.0257952374482464 0.5615497834170117 3.8632415153534323 0.5474056658859573 79.51403409193664 1.2131396657920035 0.0
178240 149.455647423635 1.11996492031625 2.4882182710011196 0.5812620933466716 4.710004121306272 0.5571046992852317 74.52169595370488 1.1651693815529254 0.0
178272 150.049126650681 1.12307663566032 2.087258733567936 0.5787049179095405 3.694914748475721 0.5336745749161425 63.60528963086824 1.8834524421221757 0.0
178514 149.682024670773 1.11721017511866 4.196834164452644 0.5881265543410056 5.427941106928465 0.5466051515835796 68.62627395842112 2.8219491047916514 0.0
178846 150.362012312643 1.11446995217859 2.093761246441201 0.5958895163060154 4.2350907160524205 0.5408672804540001 65.94798296993349 1.0073370265725392 0.0
178850 149.5937705464 1.11605832541874 5.026852036853343 0.6095978770927087 6.155093709100139 0.5733474487838351 70.79394536295023 1.692812508472547 0.0
178971 149.13680735566 1.11506669740625 2.4941041518443243 0.6040622469032083 4.763957685675437 0.5760190402097918 86.22427002813207 2.094128735095778 0.0
179080 150.306152609904 1.11322340112758 3.519188654757451 0.577359568535715 5.823097169970571 0.5335818161534666 65.30434840926391 1.4839457330214463 0.0
179662 149.907019837115 1.57899403828472 3.3357265265856317 0.5497522696255078 3.8943769906486607 0.5298814059247144 37.9828951484983 1.5718229305021285 0.0
179689 149.781604194523 1.58189610018299 1.5072573243030345 0.5180919878587241 3.1154075976594706 0.49439660821825443 40.75248614841353 1.5863132541408496 0.0
179832 149.536535353863 1.57762533948954 9.223933935702696 0.5512589365612562 13.79872220259608 0.5022393847793246 49.56266620498519 1.2553372708148236 0.0
180024 149.412604691564 1.57573738641399 1.6023829676722376 0.5422874436674199 3.205647813142321 0.5084273367736097 54.97411284247146 0.8624975366751242 0.0
180119 149.552338864598 1.57488517363043 2.391977578202574 0.5368308011151448 3.661055482417516 0.494907270701282 49.043480429586715 1.273038732817311 0.0
180169 149.914724801442 1.57567288325521 13.40740525014246 0.5536257743870633 20.16798384277147 0.5320266776417395 38.03521514590649 1.895712536238286 0.0
180190 150.031684339642 1.57554674606915 4.833150005684114 0.5613587981423916 6.878342176842192 0.5437850354036713 36.613774695343 3.3038514677682915 0.0
180448 149.227221983305 1.5731032002283 1.7484555502527188 0.5421609146144655 3.598533964708559 0.5160701489281894 63.8261336027376 0.7275071763379771 0.0
180503 148.98834296089 1.57328527992862 2.7055454594348083 0.5834818876660791 5.536793334664632 0.5546391239895937 76.01100231829174 2.8174119099317485 0.0
180682 149.589624845375 1.5712938682747 2.1525505888093126 0.5335488306226388 3.7280372493478735 0.49886017944975575 47.74036455624427 1.4829631475852183 0.0
180687 150.021932097178 1.5737954847011 1.9980549079806695 0.5415484459022857 3.982130333918401 0.5274349515011718 36.78803270504217 2.999444059176116 0.0
180856 150.03445926932 1.56941448800441 4.159640334185109 0.5548743966887407 4.972801258622684 0.5432884850255707 36.961358351213946 3.4241746913828806 0.0
180866 150.039054541302 1.56977910971774 3.602740556569504 0.5952876584393155 6.560017125640736 0.5755104636400837 36.91130219881325 3.528054152116511 0.0
180891 150.116887648856 1.57346792649622 2.2183491149711925 0.5634472293439969 3.5841369137214807 0.5506546561451566 36.5226341345035 2.6459625297879716 0.0
181177 149.029833360451 1.5676566425128 3.104070401247951 0.5893146005930203 6.061674020926064 0.545029965127171 74.00628073468108 4.177029661424102 1.0
181321 150.153271331848 1.56476166156102 5.054039470531176 0.5673308283999111 6.958368627624167 0.534513717242955 37.16850418816419 2.4028640984034477 0.0
181449 148.845740810683 1.56263107188097 1.8910248929171711 0.5580063299402616 3.6941349774224643 0.5179265731544994 83.8932282075935 0.9993675932890959 0.0
181699 149.060067970636 1.56031070292611 2.242905593904775 0.5608718343314648 4.350560439414588 0.5282840727342966 72.66501644277623 3.7723522774380838 0.0
181883 149.405609102522 1.56048867898899 1.9054646922512908 0.5182639440097445 3.3957651636440045 0.4950193306001672 55.89563201448074 0.9041294001743663 0.0
182024 149.629201379081 1.55844022808228 3.3227386774339656 0.5155581311127692 3.8539267535412347 0.47232889427097924 46.86804992960605 1.5453791482113948 0.0
182072 149.541743587718 1.55739404953943 2.8396190831651618 0.5360491050998427 5.098961802787496 0.4678362361370785 50.24900892500297 1.159642061018571 0.0
182182 149.161688607039 1.55661851001928 3.7271972829565394 0.5483790623876778 4.44817538856244 0.4898806058815871 67.63028018502443 1.311889238802058 0.0
182284 150.30423223955 1.55755711526009 9.988705984591135 0.5615657375563927 13.19782722969063 0.5388666063084426 39.414361576685124 1.2733816842257892 0.0
182381 149.104997519973 1.55739723715984 2.0563229651590347 0.5707410613707098 3.5764603664255614 0.5195543323521636 70.45914854214784 2.2530373076653687 0.0
183015 148.993170118314 1.54964394522577 2.4562950415275844 0.5547347876575176 4.59392626407942 0.5336502135087323 76.45151789199812 2.8563031533515746 0.0
183043 149.29741704168 1.54962586937152 2.389579421685583 0.5464002746178139 4.472484519379558 0.5062176206358195 61.28455351925401 1.2561573799710612 0.0
183073 149.744907021413 1.56117668138238 4.491635907614067 0.5732056503922263 5.930990006339861 0.5270499717336469 42.903478680564234 1.4950090562223854 0.0
183365 149.567184227176 1.54743311459169 4.17691369225164 0.5506384415184036 6.235327206093084 0.5093887625497746 49.702088571795244 1.2395598664162486 0.0
183486 150.00007502311 1.55007380781187 2.111231156772064 0.5202381922060011 3.8910121034401493 0.5025884533601334 38.382878085910534 2.3336094417489 0.0
183662 149.334636785063 1.54382614957478 2.7263600416413953 0.533660307022009 5.633732035864713 0.4888197515705272 59.77008064836782 1.4030860823998728 0.0
183698 150.063132438777 1.54662278779744 3.860947525742333 0.5367427342411212 5.712873132326643 0.5100407263461845 38.18335945429412 3.478128498272044 0.0
183714 149.584055722963 1.54372211822034 3.7800661080195357 0.5091261233376492 4.285235943492562 0.4806043690857594 49.23080196278322 1.3245260587238576 0.0
183758 149.369563818436 1.54296061084602 29.580900752658277 0.5832466588760876 42.796605032057315 0.5354479617659259 58.21138806513251 1.276403387380429 0.0
183890 149.34181051717 1.54206999851002 2.4905642796851235 0.5263295808900094 4.96850775370676 0.48541012023371194 59.508316336282846 1.481638973840691 0.0
183900 149.94198165886 1.5432352116949 14.456993955396097 0.540162864416441 29.63355332516448 0.5225835420283373 39.47674648110121 4.566813819641091 0.0
183913 149.465940274177 1.54145776804 2.5123723746801727 0.5212914674681386 5.093447909819597 0.4916185708329638 54.06084605180724 0.8647460090650311 0.0
184007 149.934926020396 1.54305767329465 5.632188331248219 0.5418191632228215 6.434292563111711 0.5268335389127389 39.59075610614094 4.730968953767292 0.0
184072 150.350876632827 1.54112097184793 2.049360341010719 0.521068006180087 3.6487542592761866 0.510589952473606 41.287967358321815 2.1918628667577873 0.0
184127 149.918375406384 1.5408853816005 1.963615191475292 0.5164733445346401 3.7194834596170407 0.48902787936618164 39.975900687739696 4.286020673429549 0.0
184266 150.076357415233 1.54014188835652 5.351534488316271 0.5875504805995568 8.769437115243672 0.5731910825409232 38.53424490952815 3.156487940142675 0.0
184297 150.124439902921 1.53862029462074 2.833627361535005 0.5422164230562214 5.468441689227737 0.5294393468130831 38.62726350025644 2.617562601209586 0.0
184695 149.103725477637 1.53538368263481 3.8700677310714613 0.5974032834988051 4.651747008734831 0.5431771976871741 71.23465761676158 2.521442318900301 0.0
184716 149.757919159702 1.53447304488637 5.352879516127089 0.5343120220153927 6.9010613781735755 0.4986040370197289 43.93189287810099 1.2595108438995015 0.0
184862 149.472655577932 1.53338848679833 3.6247326497209444 0.5046653845802063 4.166691686905551 0.4664499278441477 54.12545652699812 0.9167774225634946 0.0
184942 150.174424535511 1.53314669578659 4.4111479807001786 0.5937132466342113 5.511061533707582 0.5566854822120493 39.18287819262957 2.0316360225202073 0.0
185346 150.146448146106 1.52948118868449 7.462016905214708 0.5692711634393008 8.884181661827117 0.5577238678888964 39.24676293432119 2.5720933282303853 0.0
185445 150.208680797733 1.52835337118042 3.951770123073578 0.5651816095765607 6.230589221375998 0.5456594345373516 39.75335306812904 1.0050184938220248 0.0
185451 149.045620251143 1.52929106422459 3.749375627565797 0.617429319178382 5.897943602675845 0.5467988453741036 74.37326966939261 4.029798959369496 1.0
185851 149.950685200799 1.52580001815725 3.2182501288581116 0.5923637239196046 3.800147530322352 0.56904986217333 40.37410835209454 4.349070236632703 0.0
186051 150.396168173535 1.52442462073695 4.026185724546323 0.5579953237598773 6.6295385564175975 0.5347518203855708 43.26475186581034 0.8776686613537142 0.0
186092 149.395476227442 1.53727354867291 7.315483940963007 0.5535224566528076 13.423396865978207 0.5069455657562926 57.281191930092746 1.0362397396958325 0.0
186095 149.878148076716 1.5293724978494 2.1720811111036484 0.5261316375928676 3.9873958486891845 0.5031273529290227 41.3528548570665 1.5417932423428526 0.0
186146 149.595977582811 1.52318920248212 1.612765729980015 0.5213128319738164 3.2474541514275694 0.5035968636900191 49.757648310140524 1.2648890465896958 0.0
186155 149.414751290507 1.52259751144944 1.7150520948828445 0.5069308365791274 3.4247300014861626 0.49502972153874014 57.04130274858446 1.0258193794039459 0.0
186164 149.087324448349 1.52318386090891 2.5941189957702675 0.5840623486418355 3.571346659790807 0.5281308482373721 72.45839548533937 3.033545433934202 0.0
186234 149.933456469453 1.52320130773161 2.4264420166435894 0.5752283196586869 4.908280225608902 0.5566545025364527 40.766897194123935 4.6031869559837535 0.0
186605 149.128466138774 1.5190686322187 3.5982159273073795 0.5511224137834512 5.61053127182871 0.5227501189457081 70.5424358883915 2.7293799971901365 0.0
186823 149.650779388121 1.51689969390307 2.0951662764499743 0.5376959117955881 3.864699723275844 0.5181407913020064 48.14495207162795 1.1747040317542423 0.0
187021 149.179645997938 1.51652291703781 2.493782251640702 0.6450699276085557 4.518191901852473 0.6020645393532769 68.1190461511909 2.4089350281148296 0.0
187060 149.084340421175 1.51519356627169 3.5815541152476915 0.6111015682690673 6.1237493849528 0.5602329769680722 72.8706359383557 3.2355896366359347 0.0
187372 149.023456717411 1.51401045429518 10.029321420883061 0.6162751142709321 11.772925162506692 0.5600478972269972 75.98622444986125 4.185721621750929 1.0
187379 149.655131480896 1.51247604448492 2.051960444839455 0.5594721557705726 4.05027969726734 0.5322959793520904 48.220296123552544 1.123324772831132 0.0
187402 150.054316718845 1.51631546915204 4.080743765993859 0.590579901973189 4.908068157754755 0.5698053361992168 40.03158895636124 2.719542494085939 0.0
187600 150.1963310793 1.51208246452732 2.069098669200505 0.5834955799727078 3.9633383150712183 0.5751156079743117 40.60475355152008 1.1275459461908415 0.0
187713 149.969721969006 1.50981721352338 4.6799368396467464 0.5698833547768066 5.791001659508058 0.5454559034766049 41.07742044299845 3.2917774140869396 0.0
187730 149.871660150074 1.50946052737481 3.8285351367193727 0.5228258538104115 4.6016735006600555 0.49711764351548765 42.60925332369682 1.362023741519958 0.0
187735 149.737151755244 1.50923764147844 1.977084397315448 0.5323128575854361 3.907680482263991 0.5088073979060234 45.85410312440562 1.4096525371513127 0.0
188009 149.195115777847 1.51053492394211 2.856623525801586 0.5923689723707933 4.252788402967368 0.5623395691566299 67.58319925979984 1.8421374086240847 0.0
188032 150.332585237666 1.50580611276264 6.357523459118221 0.546068949612606 6.754965039358067 0.5288679610756443 42.8990476046362 1.0592478935329661 0.0
188052 149.916553026509 1.51688511902713 6.949115413130902 0.5747576818893967 10.25991488926854 0.5540701331896697 41.39222837006667 3.4913956453807296 0.0
188070 150.079005781359 1.50636248733402 2.66847659082632 0.5803976810894188 4.897134495438498 0.5598944152099098 40.55446455202101 2.4721798263206405 0.0
188076 149.36705970483 1.50578245086802 1.8764513118584256 0.5440747041188914 3.795759644266726 0.49879350747958145 59.81473706969362 3.4196298957179296 0.0
188138 149.627183003136 1.50703678898442 7.548108509501291 0.5536572114595076 7.843546160076965 0.5061049555645515 49.43439512667997 1.1085628022407492 0.0
188237 150.190740017964 1.50529604180663 1.8227393014020594 0.5573238439202526 3.7626949566711443 0.5360251288310219 40.96195182409298 1.1811624673275354 0.0
188373 149.452887123881 1.50888531958789 2.519601351932975 0.5443971376464481 4.327297613019326 0.50399464220964 56.0068606632491 0.9544739342166418 0.0
188396 149.168677731717 1.50345870143926 2.7372617070774132 0.5556296846101318 4.132350343102401 0.537418570432465 69.11200616157707 3.673599322823657 0.0
188468 150.219959818285 1.50281864092981 2.0420410256847723 0.5747900453978205 3.673903292104598 0.5465875758324618 41.37769711839178 0.8287506548633577 0.0
188494 149.009014921625 1.50534102552745 5.806567336994368 0.6138369315671784 9.73313293164443 0.551059928501518 76.99650107722388 3.5779037112105696 0.0
188631 149.066374964556 1.50128064989891 1.838258882779212 0.596441771105285 3.1444274160564074 0.539317743005816 74.22967376078832 3.9359946880466095 1.0
188658 149.434724831248 1.5007449831274 2.3622468753959565 0.5213428278710658 4.083823887406238 0.46557438504230947 57.11551139025586 1.115917649098231 0.0
189089 150.234775221354 1.49801778884972 2.1498036856117166 0.5685956324421632 4.147224450191249 0.5380918568983628 41.823963430947664 0.7692442595334049 0.0
189109 150.082560052031 1.49742736812042 2.3803171939866163 0.5475216238305904 4.097689159256931 0.5173898110029621 41.08433843841519 2.3165138923388335 0.0
189181 149.531314359587 1.49699721858404 3.038720539589881 0.5557580032405207 4.6987013038365 0.5045861273957932 53.40401020700085 1.7773742697386494 0.0
189606 149.577653061557 1.49432380063619 2.0981448834141383 0.5204917630238819 3.9865168036131307 0.49598863649331665 51.8013907337418 1.3125264950499056 0.0
189685 149.156777866296 1.49224406067761 2.2311373087405633 0.5866959501681106 4.581704743428507 0.5294572315883965 70.08527831846935 4.338812927670873 0.0
189718 149.169041798154 1.49436842044672 5.344020693763304 0.5891683081873922 7.181970809867201 0.5265117288411729 69.41722021479063 4.076777787701786 0.0
189899 150.134947011214 1.49053368393562 4.262373045910282 0.5327789226191493 6.816807991437788 0.5087661045479026 41.53754822200624 1.418045498630728 0.0
189909 149.355453918247 1.49045802902487 6.960667123838115 0.5359576414147449 8.227270903088012 0.4917058701681864 60.95026771206151 4.528214972334489 0.0
190071 149.343571229407 1.49103243345543 4.1795862365022 0.5349618622522027 6.228068485261467 0.47992454160772396 61.450935137822654 4.78594687708493 0.0
190080 149.306122578335 1.48939970917577 9.18076595955612 0.578688392929203 10.836221321980126 0.507622199984308 63.191285917841206 3.9467064060362143 0.0
190159 150.085615690031 1.49047085054547 1.7605018284327796 0.5436499551205805 3.4297642631506626 0.5235526161533403 41.49738218406108 2.2087067656790738 0.0
190177 148.999295237254 1.49064182219066 2.1961081285823107 0.5661225108683212 3.6722082943924006 0.5298310478568597 77.95825401494331 3.219868475101113 0.0
190237 149.099408780665 1.48782259905165 2.067742696782763 0.599613867987811 3.187021766040125 0.5280936880778658 73.0412010542997 3.5556578843114277 0.0
190256 149.916164894957 1.48790686686131 3.133139663516165 0.513306825298169 3.9241141314593513 0.4950362883028941 43.07684282645422 2.3040396000035552 0.0
190302 149.031533175883 1.48733011806712 8.301022360060642 0.5840930065675076 11.465942329359933 0.5333831264717822 76.43647376079515 4.509233546628587 1.0
190404 149.290794294602 1.48635827610684 31.10130494481357 0.5760624127219528 55.15609339784368 0.5307786705522932 64.00554997122799 3.3364135378407496 0.0
190525 149.776897849244 1.4879641844713 2.5811115879622295 0.5168057409191716 3.4316023133133498 0.46989304967814793 45.926278134360274 1.9452413463478728 0.0
190538 149.126376613988 1.48485888836493 4.9910360682173955 0.5703048079064943 6.420818464388461 0.5207757118567663 71.82199834343275 3.566284672530846 0.0
190587 149.966685679028 1.48504016638143 5.537040425260933 0.5224484112235634 7.531603359832701 0.5002535180431338 42.57167513832781 2.9769701121895777 0.0
190743 149.377892605924 1.48881743276506 2.950731822891251 0.5217940730851367 5.2098047901429485 0.4928874113035885 60.03967317418868 2.89843060565458 0.0
190815 149.287536188173 1.48283069606388 4.479159313241803 0.5282538133531557 5.870290572543491 0.5040145098902076 64.29173852764796 3.1093876784601555 0.0
191014 149.170176586985 1.48330103527439 9.310661576163612 0.5807154702383 10.99293830735389 0.5317401735845069 69.7596246851626 4.255311563565484 0.0
191362 149.87098173283 1.47863167541159 2.6015504482511487 0.49389089242683126 4.967312860150912 0.47921836981702404 44.377455916970156 1.1708726267725047 0.0
191483 150.058641005823 1.47911225620197 3.0539448741002695 0.5147987702568522 4.012160275154307 0.4868868309798282 42.24280747699177 2.6323403522238866 0.0
191524 149.375165568349 1.47681726174474 3.963641931343275 0.5490710019914672 4.707014054694859 0.4953467031072518 60.657810856895026 3.0156019817771877 0.0
191639 149.733007463322 1.47666407796622 2.084104497852675 0.5320460208521268 4.242269605633539 0.49330871429009027 47.697734613823506 2.488340512035549 0.0
191646 149.568663922202 1.46758696034918 3.0218268306235023 0.532495726930358 4.319605872033795 0.49597400934806407 53.40791118856891 2.617150825825008 0.0
191744 149.561360296922 1.47682979781284 2.2184694412673065 0.5254148973694936 3.6118165971906944 0.473184324748095 53.22849023162954 2.2667109411947517 0.0
191844 149.186528137859 1.47512670492714 15.159546944006907 0.6290596911099015 18.607251993106296 0.5702552625518247 69.27757968737158 3.165251279838977 0.0
191930 149.766016067546 1.47462117649789 2.429916736201578 0.5553259847516706 3.623001212905697 0.5224431806635496 46.92815198826673 2.9746990563302087 0.0
191979 149.518912057948 1.47476995230885 2.0760796545364353 0.5039624584084261 3.8144811025892755 0.4827216741130935 54.906095853954575 2.023354667271368 0.0
192067 150.036908923685 1.47688312786362 6.645365101828925 0.5360083531218833 9.34383970139095 0.5052863633467383 42.47253481321684 2.79301682495751 0.0
192240 150.309451365195 1.47194950527198 1.654476142004584 0.5276236280646536 3.367503227086477 0.5151729873086758 44.412871242406226 0.7021776357530933 0.0
192253 149.995162000394 1.47144486656595 3.502359325831797 0.5226390832110633 3.9877006238019743 0.49655805220150945 43.09108550213217 2.914500930297228 0.0
192297 150.053787789214 1.47138687209502 3.579566278482255 0.5199987689772427 4.167990103566886 0.4976874841319492 42.723431100622804 2.822250667524406 0.0
192310 149.971708084422 1.47050579895648 2.6191573593086734 0.5422241488941141 4.025533297213619 0.5108977019442776 43.37410062225282 3.0195646046637274 0.0
192325 149.029607922241 1.47045108333809 4.601836639683251 0.5957082858398297 6.241736754187543 0.5706051938251792 77.08969554452528 4.246079539130854 1.0
192393 149.765349573551 1.4709844513543 4.440984653053829 0.5605575515387885 5.616640165132986 0.5218024962502747 47.14258508203842 3.272260259060698 0.0
192474 149.070291795615 1.46989559636359 11.328141101271624 0.5962597078941868 15.989587864462186 0.550442781431132 75.08928399620268 4.307509185562694 1.0
192569 149.22064531118 1.46908306174868 2.9403965086734876 0.5952145825414402 3.8587922107389554 0.5593188576458319 67.89925401759243 1.8851226299536288 0.0
192570 149.556770474286 1.46849110391642 1.6468512275013263 0.5184867737390509 3.352335675772007 0.48089826397166713 53.793297612679595 2.8013351486231084 0.0
192582 150.08610778765 1.46878214608697 30.664939603983896 0.5726992288357136 62.196159009546534 0.5625968704273898 42.79784728905569 2.298559636285883 0.0
192595 148.99349341613 1.46823880139087 2.908763890703784 0.5927136577590576 5.527459773880544 0.5699422339178135 78.97410436984534 3.0400541109515506 0.0
192651 149.354439296886 1.46884094818183 3.1229943991786198 0.5431445781071839 4.425782722797612 0.5023521142306334 61.884587285481224 3.889088811938773 0.0
192652 149.880547190954 1.46726721050762 6.887604662061322 0.5394094765064118 9.065842822739707 0.513190854614847 44.85471085329431 1.2065915381301477 0.0
192753 149.997999307463 1.46806776602971 1.9442858568082217 0.5162972401002094 3.9346382079565196 0.4916444902373595 43.26717136947862 2.9735059421626566 0.0
192976 150.001987906328 1.46499819016375 1.7766385568803174 0.5122222706220849 3.211738293754949 0.49000737018177376 43.41647635462555 3.0432006669171767 0.0
193111 150.056132730919 1.46408462030142 5.363466041263761 0.5390447166083817 6.335154639720478 0.4915192839341583 43.15185199055569 3.013548822708979 0.0
193264 149.875694087691 1.46710302209362 2.353334875118532 0.522663984001945 4.4797597215016 0.4944597521621971 44.950362432785674 1.1728141134697514 0.0
193310 150.448245157035 1.37488552449872 4.687972370049745 0.5977728406601219 7.106778141302909 0.5375110201709455 52.73518673874888 3.116249069586256 0.0
193360 149.13490759497 1.46222747890172 2.240750021381234 0.6075488354697544 4.547169358182614 0.5683021523803545 72.21073980797236 3.539870475962609 0.0
193514 150.114332627218 1.465688588824 3.8763012641345793 0.5228342004547665 4.876574343152853 0.4930679844418129 42.98394573517963 1.7019419606995823 0.0
193770 150.227203027572 1.45918625956277 3.667004326940551 0.5308747686668939 5.548984596696405 0.516911879332639 44.031312136747616 0.6405250056798303 0.0
194152 149.070684531734 1.45511808056197 3.4671852905819147 0.5956749045361889 6.174843960473467 0.5531228838984724 75.57822716957192 4.277797600139421 1.0
194465 149.761436290455 1.45212476803159 9.070814507004622 0.5669176807774365 10.864699060434162 0.5356524971553078 48.26720683284178 4.541717182085084 0.0
194485 149.568662986434 1.45255426836887 2.4629154728834415 0.5341827181918686 3.172406852995235 0.4997662898949301 54.13454305993236 3.555455190613461 0.0
194564 149.641004194689 1.45154744976284 3.1424900403668903 0.5504761136199705 4.418021451368098 0.4756750597636482 51.751254360669236 1.0780132441714507 0.0
194657 149.654507625913 1.45162237815696 2.407541968088071 0.527744470649865 4.320582259731425 0.49734164742918474 51.32127993350716 1.0817200772378666 0.0
194824 149.7616103005 1.45265715334711 13.434926043671167 0.5691038891196064 16.22454926109067 0.5445990308865768 48.23383667663711 4.52264861164419 0.0
194899 149.960133157557 1.44909224614249 6.55022530772677 0.5239115021417236 8.770111045509976 0.5038623025979265 44.76398811308684 3.7168850779778726 0.0
194902 149.318960487153 1.44846153538489 2.984094332555225 0.5303545347046117 5.630017565035067 0.4953122597854641 64.27004023928755 2.8676553808644583 0.0
194954 149.587412734111 1.44810964638985 2.7557687154843094 0.5428111063633821 3.475947929164858 0.501841992539948 53.69889504916204 2.6047035417046316 0.0
195014 149.548475736704 1.4477427930847 2.457866609825705 0.5336433717143052 3.6111027512991405 0.4987141655173924 55.086464406423644 3.563416146269885 0.0
195112 150.418068754224 1.44736013926983 2.1244214682758003 0.5589497268502062 4.276967743622384 0.5496688045815409 48.025455681776975 1.2211070216388296 0.0
195150 150.348604344633 1.44686110257614 2.1393531311210556 0.5570850944990562 3.9085882408382076 0.5423595067899311 46.556630002351476 0.8275504427570848 0.0
195280 149.592021378436 1.44812355536257 83.29451040923645 0.6381182154533186 163.8996089972437 0.5996235958612202 53.5404774118024 2.2687462059062122 0.0
195489 149.750016973963 1.44598441891278 2.298542438818725 0.5347648405046027 3.883890769615439 0.5078532470744604 48.89174863628202 4.422856727875546 0.0
195557 150.052404325698 1.44286361348479 2.9301963925412458 0.5493790347949039 3.8334921423350043 0.5032307730264427 44.436614313427945 4.143672118894221 0.0
195575 150.306844375317 1.44411180411717 2.5764123600296602 0.5428280271643154 5.073539927346493 0.5281998378890125 45.974965541143334 0.7079893798525355 0.0
195743 149.957547304109 1.44248397043056 3.9181190620670763 0.5317609234064817 4.808552323524468 0.5016067864991647 45.18258904230591 3.917745921408396 0.0
195794 149.22560014231 1.44128198512843 3.781233125017751 0.6002944014343987 5.033865727249962 0.5518671254521229 68.73552410481838 1.7597872396762377 0.0
195900 149.535892282422 1.43961038753255 3.866742244447873 0.5482727589689134 6.259299500537131 0.5241016877686641 55.930659018131934 3.019817631530166 0.0
195907 149.479222030451 1.43982894367031 5.966529591460978 0.5353093557285217 11.068358623742185 0.4865772659920081 58.039277308437846 1.1456606955316155 0.0
196060 150.035859297554 1.43927641448948 3.184748249281977 0.5437310231802075 5.36754863716627 0.5187928581064813 44.72579125805925 4.536141767776856 0.0
196136 149.626942742974 1.43879534532828 1.8685621816680342 0.5064509523745812 3.642820737202845 0.48317946770667797 52.84863433433321 1.167832204581602 0.0
196191 149.620041741332 1.43751994756377 2.542572407983673 0.5378779188290003 3.48061805731902 0.50683161308421 53.13625095924518 1.2452787961523453 0.0
196248 149.515303644692 1.43820859544692 54.201064422525256 0.5829075333677224 94.16077712366227 0.5423386219047199 56.752101183463225 2.0853471613341448 0.0
196276 149.127539083875 1.43629807690114 2.888218738967629 0.5819613353388049 3.670958549041855 0.529351468057494 73.50215075082721 3.2804282416951294 0.0
196507 149.702562506494 1.43580748214042 5.058829603081249 0.5261351771207426 5.9384928562859045 0.4772934581033912 50.71747525617132 1.4447567967569606 0.0
196543 149.549715052855 1.43394378702921 4.754652065829022 0.5480801747644781 5.682028526055409 0.5020811386392235 55.706786209907634 3.709900775004762 0.0
196607 149.569702297005 1.43312048515043 3.3408456411438068 0.541248426176201 5.489847924008584 0.48911264212779965 55.045517941466336 3.89907329846313 0.0
196632 149.180753176459 1.43403153602356 2.402065544303874 0.5927193378660265 4.833908788844094 0.5586478631093839 71.08253620615179 3.0799478550700568 0.0
196793 149.0609038676 1.43110470453825 4.248098960800988 0.5658966008420542 7.747586293016061 0.5178792280725505 76.8935184503885 3.3448399714354258 0.0
196847 148.993218022305 1.43725376214216 5.048495061423974 0.5757428236417498 5.899687786739155 0.5152042631324598 80.01156298398385 2.103045943323696 0.0
196890 149.717675055278 1.43078562105304 2.228585541446403 0.5310691527389219 3.5377817392787954 0.4849861776655404 50.56631852916564 2.071108976941356 0.0
197008 149.338605574928 1.43007000161416 1.9628466225491221 0.5126317683552535 3.7236138255097684 0.4851607763359856 64.18745224757524 2.537094167557967 0.0
197129 149.08089350508 1.42986964682835 2.414589908666355 0.5545648166685486 3.803030726066162 0.5051618523479768 75.96929203282339 3.35538640503644 0.0
197161 149.178704561846 1.42950814589171 5.173830382226779 0.580525190195313 5.4055452221616 0.5340702160184114 71.34932612939505 3.163506126995572 0.0
197228 149.579836975508 1.42787756841741 1.5227092551333932 0.5563150245501304 3.0126040035094603 0.5222677193005587 54.95535238090302 3.3390772852642456 0.0
197303 149.782560663319 1.4274654793399 2.9604233367017683 0.5336840125284242 3.8370439891817796 0.4820824189367227 49.10862884013118 3.6455771191859854 0.0
197386 149.982333591777 1.42682840288012 3.0964548862306382 0.5180351931940882 3.5211545636810166 0.491673590015767 45.853179730598875 3.7287991598356034 0.0
197504 149.568725835309 1.42909527488832 7.608289516581722 0.5320514654821855 8.706172136824428 0.49043063032151357 55.276572399723975 3.836454204109261 0.0
197624 150.044865857407 1.42465737999823 3.196696025999729 0.5212871593183122 5.838054198551872 0.5040318281211625 45.557364956493004 4.768400585905738 0.0
197760 149.107146373579 1.42406870561562 2.3934769893510497 0.5448395170981559 3.444869108305467 0.5222231168083448 74.91940545244118 3.1771222503751284 0.0
197843 149.418948883691 1.42266721351652 4.350266132496419 0.5324665736905041 4.845461400871878 0.4865953439074435 61.18431931392149 2.1622897507880356 0.0
197906 149.292777518651 1.42286788740022 4.47071303817898 0.5504786365200703 7.1231797292379895 0.5014273593256653 66.46611337323539 2.180827716204878 0.0
197922 149.084815788617 1.42769815845475 7.942042858262581 0.5748196704737333 11.868000834088285 0.5106122022156804 75.85787507313111 3.263045018310555 0.0
197929 149.774725504695 1.42348103786846 1.955228918610425 0.5184939088534037 3.856770291179959 0.48378812948769645 49.51232514626469 3.950702896043456 0.0
197959 150.095003956317 1.42202070060348 7.331079619548295 0.566262149320768 8.756859057927226 0.5222680540767705 45.596409010894135 2.792188052145032 0.0
197965 149.892374943424 1.42346381898241 1.8796490684812168 0.558791285956578 3.5595312484367847 0.5274844726284972 47.1814353035491 2.0433982904875254 0.0
198045 150.463535831247 1.42089218570663 8.909721352742645 0.6473718410373405 10.816547940375424 0.5865545506021925 50.600540175648014 1.9366121336361664 0.0
198047 150.048969820653 1.42119520188902 13.101457648050552 0.5653472743182862 19.360089012525044 0.5353130340765753 45.74742788154317 4.572821464217393 0.0
198087 149.38324031942 1.42133410491024 5.471675884953578 0.5350624061317837 9.156530608265674 0.4947652483314435 62.692310341354215 2.3639248315867727 0.0
198144 149.875147594485 1.42034651072547 2.2995417458108522 0.539858778802561 4.312302600213997 0.4908812004745287 47.643903789699586 1.9338280649933974 0.0
198226 149.958555871935 1.41978395905492 7.044927077338058 0.5303250754774396 8.81467825746166 0.49699447162157334 46.5096761504133 3.95345814029983 0.0
198260 149.216746809678 1.4193205033472 2.2022485681065413 0.5808091431350002 4.379117494078796 0.5485315054101246 69.99584845407743 1.6840987737377024 0.0
198442 149.186046855561 1.41777226525225 6.574741999795184 0.623066192967777 7.61661372708733 0.5806270416246546 71.45879162480418 2.9067103474890525 0.0
198497 149.162771201698 1.41631852713133 4.5646004859769445 0.5919048945336539 5.25982099998148 0.5441024290044435 72.59012974904891 3.4641613339596624 0.0
198567 149.765058277375 1.41620996293092 22.64305004401304 0.5552038056904515 35.09607102056491 0.5409770612994437 50.143023696021 3.987611444274487 0.0
198604 149.87434502855 1.415841628008 2.453181751518225 0.5356369783115422 4.901545429548702 0.5026447215157267 47.91678111241102 2.0661032281375604 0.0
198668 149.31471243332 1.41602742157422 1.9557318554885657 0.5108674294231437 3.6153277558517325 0.48542949862597 65.80029296777457 2.2340178487863627 0.0
198717 149.192615212742 1.41764238916263 4.932310693857748 0.615300015566822 5.594144877583242 0.5704588322405959 71.16213427240493 2.593564635231615 0.0
198860 150.319354759274 1.41379701452739 2.2089980428160265 0.576286135548309 4.322299532937712 0.5474160825765466 47.929406879553845 0.8253944067047814 0.0
198944 149.750832714864 1.41721251744437 62.23000617215708 0.6190517987191603 84.24335246264124 0.5779109120865248 50.43608234007701 3.8240681069300724 0.0
199070 149.786058835166 1.4115197396662 9.369793613488502 0.5563613736581847 14.914470799180187 0.5152283927717234 49.91245988567256 3.0589702647398576 0.0
199105 149.139936065122 1.41141719558111 3.0214351424557346 0.6143590181244445 4.281447821896328 0.5809135070538628 73.83937986388747 3.379528796268183 0.0
199218 150.014995426896 1.41081334195745 3.9352516209845434 0.5519463593741232 5.7043623484630155 0.5164152903265139 46.54784937401243 3.6116178851110226 0.0
199602 149.934676785198 1.40727120280318 3.126187262918316 0.5847493769440028 4.262071489799528 0.5404579135270486 47.52602894459214 3.1457480175411 0.0
199746 148.916670634587 1.40959212515344 2.6872624291895937 0.6269955123437545 4.261852726421146 0.5786200582351061 84.75517956956817 0.6109040839522937 0.0
199825 150.115189815209 1.4054389536753 16.253955102211794 0.5611050724984398 29.003174868808802 0.5217326052780641 46.59923391124856 3.417116171311598 0.0
199955 149.297179595147 1.4047759679211 2.661107780125064 0.5507738397351056 4.5086304357242195 0.5118589603323366 67.02486927353696 2.083099601340916 0.0
199969 149.400196787738 1.40418143560768 3.4000165640132933 0.5306633159375378 6.451431173753005 0.4878605662197796 62.76105627737272 2.665917622497644 0.0
200080 149.918676043626 1.40365518422106 4.197900169166963 0.5552282646619787 6.966821726971307 0.519409090980289 47.9467152904506 2.840710819675764 0.0
200262 150.043359841487 1.40219797415634 2.455036411731419 0.5406664027974537 4.510313458748842 0.5221665138765397 46.90793240411473 3.773874796486406 0.0
200530 149.697393646032 1.39983258638721 3.581864813324229 0.524799441415876 6.30711301166231 0.49927841794631905 52.773743507399786 1.775465544529415 0.0
200737 150.101006294902 1.3976620082788 6.641336456400542 0.5366189086982912 7.553158570027785 0.4995124265183448 47.05698486615239 3.180859883815184 0.0
200828 149.56685205472 1.39675695275825 3.1306464820590634 0.5345960508032569 3.983496478382577 0.48059769931354035 56.936317972717475 2.525175064672688 0.0
200903 149.606220198746 1.3968979614714 2.4232615138717137 0.5349694222695311 4.302674565123634 0.5079906212053585 55.63766410472928 1.6722347362383014 0.0
200941 149.028542802519 1.39559648195305 2.1216266019478645 0.5859321438045849 4.137604011945691 0.5394262877544778 79.71710647243457 1.3899191061175298 0.0
200963 149.803800634363 1.399202578714 1.742676411517035 0.5339659641776323 3.4755255960977047 0.5001603214961808 50.21149991124488 2.0743145287369082 0.0
201024 149.95559677205 1.39666394306244 4.69036898144576 0.554820834573817 7.345586245364686 0.5117636006160153 47.90604934630237 3.2926095015816412 0.0
201154 149.989471436512 1.39398197274598 8.481695287348108 0.5514029369730264 13.636044140491542 0.5185720216907879 47.74014667286442 3.412718189221076 0.0
201442 149.853682659892 1.39135578234749 2.2512249115272884 0.506215910743852 3.618467312917708 0.48081471155481476 49.682127600403405 2.7006168113697355 0.0
201451 150.247361111002 1.39149667571293 2.1309230798284955 0.5586472919965257 3.835994079477643 0.5249247994653361 48.243190819716276 0.9632748653187383 0.0
201491 149.388648090847 1.39071796549331 2.7188530713727452 0.5212639149240041 4.410016694624566 0.48285970492040714 63.82491668688273 2.2703782559183465 0.0
201512 149.922936704492 1.39129485490076 2.3521022033547863 0.5609567313013624 3.5231281982094704 0.5283063482283873 48.61285797150475 3.164372672834297 0.0
201604 150.407832318494 1.39029022131291 14.083330138869249 0.5624454487814664 17.171718721037422 0.5064153961209255 50.960581580958525 1.48845364813123 0.0
201703 150.017970094761 1.38902497246644 4.5912855235689785 0.5409120413334252 5.136013675065233 0.49549937393582605 47.82882808429651 3.405065003282427 0.0
201704 149.120950967918 1.38857782160577 4.135410970238449 0.5945951031022214 7.093394174636674 0.5400945654532072 75.58623517356907 2.9535981557428688 0.0
202017 150.149344576602 1.38715756208154 3.910467236706796 0.5263552525609908 6.426670610090326 0.50156725715416 47.77894128910936 2.7999256919320747 0.0
202036 150.213715102899 1.39209808178257 4.389434112332733 0.5563691771311121 5.031450831922382 0.5200284398480678 47.87893310853189 1.238591481296839 0.0
202053 150.363781544433 1.38657027066497 2.985594799536369 0.5560638913447793 3.366085964869966 0.5147648436024982 50.275997604299725 1.0920307714131385 0.0
202056 149.656922690447 1.38871111811093 2.0579099331628954 0.4847523885411963 3.4933222995152855 0.45978860228642277 54.509031452886205 1.3527552499740678 0.0
202090 149.333741485231 1.38772978313333 2.5098739140597326 0.5167475932012959 4.618739748135575 0.4786802299326152 66.20015164870699 1.3882291425535596 0.0
202124 149.944010386323 1.38606810549759 4.549351390902892 0.5119761617395014 4.944862252349432 0.4941295598093289 48.6602564040566 3.1152978787028274 0.0
202360 150.327331617332 1.38396573460371 2.5171511763430776 0.5289189265791266 4.282722546702675 0.5217354637518723 49.78188177626562 0.9861961716651653 0.0
202630 149.878401253277 1.38149604957042 1.5996870534668952 0.5274231863174051 3.214824930427449 0.49111116597999693 49.83162969461124 3.81248055817482 0.0
202722 149.887625885783 1.38961885324396 10.443481184346254 0.5614017651387484 14.571757815991766 0.5253455101554632 49.216024951190334 3.3920201784466717 0.0
202853 150.128204805769 1.3807415114724 6.880872016294481 0.5394842154790279 7.46780209567422 0.5104846138509723 48.10192438006041 3.636323775224619 0.0
202854 149.372491234531 1.37866100263909 4.9470416969920725 0.5731954844195991 6.504782913501477 0.5202700452648991 65.01114947224798 1.467829209543778 0.0
202880 149.90702959908 1.38258541157361 1.7753174784446493 0.5352858368916485 3.662913490392828 0.4842899719051447 49.33794615525158 3.8513503469058645 0.0
202963 149.138879009714 1.37804290210843 2.8007783470758505 0.5927159948917226 4.1176628093715735 0.5358818188603689 75.15834745848574 2.9315210587796363 0.0
203318 150.38130224394 1.37522088935104 4.437955057097411 0.5990983174387849 6.223288267237666 0.5164626740364872 51.25897691928175 1.2772417712744213 0.0
203383 149.809078795298 1.37458911846294 4.742355478050626 0.5810613323479458 6.404308846745046 0.5085044898144142 51.48737241019143 1.6278657468739943 0.0
203662 149.33740982554 1.37322513674023 2.5347208113570234 0.5350766444522947 3.7635933157594157 0.5109710951907037 66.67837107160196 1.0902827665746735 0.0
203713 150.220693773408 1.37193879610659 4.679884305533514 0.5748583208716815 7.769873890554426 0.5213200837291172 49.1363693760772 1.2392979442709078 0.0
203761 149.279038478536 1.37186739669225 1.7099440021876409 0.5280622954356209 3.3130651385308187 0.5056784764227755 69.18349585465495 1.1278292133695977 0.0
203804 149.881965721788 1.37152314753656 2.317741403903329 0.5460867354299114 2.996749259640296 0.49955512336135344 50.35266103471049 4.395925081298956 0.0
203836 150.200036736289 1.370115669627 4.050812042948083 0.5536342336856823 4.7928743672471334 0.515304322591754 49.07778215047063 1.485149940660041 0.0
203926 149.93949283608 1.3761441353428 1.7888675456159544 0.5494590722739174 3.566245700404116 0.5120599419434706 49.29690818172853 3.297886650899704 0.0
203984 149.499624976352 1.37042912340959 5.732197059070294 0.5562896257251607 8.914064301529844 0.5039012911505893 60.55706269624613 1.4043224583853968 0.0
204143 149.735367434295 1.36840715331848 2.1197522414422085 0.5276180671953743 3.7825640535996503 0.504868124850175 53.4865592493106 2.138512274361897 0.0
204170 149.89122427148 1.36741614671826 34.873632829458174 0.5993847474588738 53.92187651312061 0.5711498489697092 50.45001494217786 4.734704225096829 0.0
204299 149.314030993226 1.36645933933975 3.7788300112376243 0.5486404539125733 6.599706905707124 0.5095188359840546 67.93951911340335 1.0529043371875424 0.0
204314 149.675754767802 1.36614183417009 1.9685501791169957 0.5309316399540831 3.877964329346577 0.5013969075664025 55.16550138037388 1.3709196488689124 0.0
204525 149.878095185232 1.36573872074421 4.607746263885476 0.5599113882456724 6.097759420032443 0.5110828589414016 50.748279268391684 4.430060221991807 0.0
204713 149.455361307518 1.36099096235373 4.804244783759667 0.5506337618470764 6.822610822028458 0.48053447811354877 62.616530715025796 2.139902798114728 0.0
204838 149.720816337265 1.36230944520436 5.059770272732285 0.5681426657677912 5.8560596220614825 0.5036743257550188 54.18109049165004 1.9772219286576405 0.0
204869 149.791811934154 1.36224295603376 2.670829423794641 0.5401405707144458 3.605356961424552 0.5048908123765263 52.54020046217152 1.555286351226835 0.0
204909 150.122719828314 1.36083731408821 4.427924775512601 0.572060182326671 5.176868347588491 0.5283874670797003 49.28526543417287 2.5247581072194007 0.0
204938 149.785460912418 1.36645486576486 1.8442816355889975 0.516059922004612 3.249111808716146 0.5033133211146598 52.439505087345005 1.693748147936669 0.0
204951 149.719545502639 1.3626249181 3.2717648273656654 0.5810901146042736 4.239739341272981 0.5070266846076055 54.19595082241199 1.979300616522433 0.0
204995 149.120007775327 1.35889632721655 3.0714268363747568 0.6599525033047293 4.437166659118697 0.5753681966260905 76.7638912404888 2.63041239510627 0.0
205042 150.177617510225 1.3588490112793 6.4854060148603185 0.5747319681944306 7.05089433455274 0.5281513210903225 49.6046064173418 1.7875103946497748 0.0
205086 150.267819291213 1.35944034619852 5.514701066169825 0.6069951052335106 6.7838755404458535 0.5521981418695124 50.3660218252279 0.8119011899961267 0.0
205529 150.454710644492 1.3569456875695 15.472404970910114 0.6318929557729511 22.3044754098424 0.5745892882653799 53.87720875847766 3.7133518996234507 0.0
205531 149.664053911432 1.3544815396985 2.8515537263546062 0.5592584750635482 5.445001173920075 0.5307493647577554 56.11073459012997 1.1979922334041104 0.0
205533 149.92397328912 1.35517807832825 1.9301844389681506 0.6376366658749008 3.778476178533802 0.6208264412174093 50.71678924383011 4.155239486621841 0.0
205576 149.703399712448 1.35373642529475 1.7075983025278325 0.5606772598864214 3.1911334617210425 0.525152691933493 55.091236463071155 1.749839111549224 0.0
205650 149.128251845006 1.35709813164077 4.700585707628508 0.6482883408175854 8.111104845205368 0.596405366385479 76.45584971348605 2.6010531486877464 0.0
205673 149.707300363426 1.35343696339482 2.0875621438238627 0.5624109021862278 3.4728941263131277 0.5254101734683669 55.006886678243916 1.7860116657927956 0.0
205809 149.251008330986 1.35341976390528 6.414262902361638 0.6387111791936737 9.488469462878752 0.5846965039988563 71.15862264341254 0.5599300661839862 0.0
205834 150.274687625775 1.35209861163323 2.3218809761418795 0.581601195732255 4.510598662329252 0.5488292888504922 50.880931236162155 0.8769451314107949 0.0
205936 149.893168892006 1.35070085652784 3.373236269713003 0.6287524791255105 6.461896149372789 0.5943296251124367 51.3939005374089 4.787281990751658 0.0
206070 149.891188583616 1.34875934781787 5.471762154208149 0.6357217405603334 7.269665953580126 0.5945176148313525 51.535685378951655 4.703397303049383 0.0
206297 149.589371400344 1.34931079381346 13.052957716931168 0.6127102583930805 19.32875395910357 0.56534714713912 58.5966351095598 1.8955280911080084 0.0
206306 149.459868441802 1.34965827097318 9.95915490209814 0.5996031828448544 13.945878236881914 0.5388272701035599 62.9877811795351 2.114498520950417 0.0
206307 149.125627560685 1.34745404610493 3.49883220092066 0.6413709722524858 5.672429848263616 0.608714958932103 76.95122675642278 2.433937123787597 0.0
206472 149.690874448582 1.34578659316113 2.1299566066571383 0.5854026688993873 4.150245161702047 0.5577526972711327 55.84778944508984 1.4712492083263586 0.0
206492 149.996205474344 1.34737149164018 3.5150631817478177 0.6277868725063392 6.635157131331713 0.5888160926727661 50.4597827620807 4.221390324893111 0.0
206517 149.999166224273 1.34789885441992 3.1807157410511513 0.6323706230145282 5.953814275897707 0.5883022369397187 50.40677355085508 4.184748838576143 0.0
206915 149.85555722031 1.3439427859814 3.4078178798281376 0.5944640557908341 6.234995262603108 0.5780336719481783 52.37355399267571 2.9378258735292784 0.0
206929 149.862462079632 1.34190600317851 2.844725579235355 0.5696024639422553 5.542873256950582 0.5321270718772454 52.37675223586878 3.236645386584191 0.0
206987 149.933733406785 1.34252136625156 2.3773391020627788 0.5643406496827145 4.555868260525239 0.5444894303052472 51.342931013615164 3.434284891433838 0.0
207022 149.742343152731 1.3408507324184 1.9796706723114363 0.5614856512503652 3.4985641224310826 0.535249671240494 54.83467902708432 1.3771454300860326 0.0
207303 149.945178000715 1.32527245874266 2.419970534949954 0.559890244159449 4.392757435786954 0.5188738224456966 52.23219174928423 2.9108842562303328 0.0
207370 149.739821183006 1.33774867414685 4.10606577511569 0.5836065338521658 5.38238385871052 0.5349513985118171 55.06518026174579 1.3462051474109986 0.0
207575 149.260493271392 1.3364712006672 2.02188440749439 0.5857730706918971 3.949582875570001 0.5355584250398011 71.4710451305185 0.5334589713287421 0.0
207716 150.00194857042 1.33630944051702 5.855224741693365 0.593866270379304 7.553712753418342 0.5497689026688595 51.077708140298995 4.037672638272262 0.0
207741 149.360770550571 1.33514884113976 2.566041250509254 0.5576129933208233 4.369997031229506 0.5019375453963915 67.42992047939164 0.9862263779443902 0.0
207813 150.349058677667 1.33657341968578 2.6405753112569315 0.5623415057358333 4.177211643080113 0.5196173089080005 52.87572310626596 2.5518098471734754 0.0
207867 149.59370714793 1.33347526998323 10.82033258544946 0.5721551144551148 14.714015816779273 0.5203963589048007 59.275218362953794 2.3211511094307724 0.0
207975 149.140271351279 1.33549569481128 2.6335151384709103 0.594379903858366 3.4874956483095474 0.5495811575940984 76.75944669440764 1.9374567382015788 0.0
207983 149.130298016808 1.33365507160931 1.9096918857252674 0.5830680522105175 3.8571939118479266 0.5532568587632203 77.28164879516504 1.9926014261373937 0.0
208010 149.578836891926 1.33229729662704 2.465002957075912 0.5586671833376636 5.0943703470431 0.5052623624675561 59.7971843027201 2.192076606834977 0.0
208028 150.450762231126 1.33339100484328 2.1239966887670994 0.5653498656048815 4.131485332875226 0.5318705560429823 55.08768182008138 3.471193835011163 0.0
208266 149.397299951628 1.3308858737505 2.659035644134302 0.583426654052284 4.056496233999707 0.5085020176208503 66.2073576925866 1.3244578055521121 0.0
208468 150.017348972842 1.32811988366285 6.550389219310455 0.5732241543629615 11.007000195848958 0.5259912419639309 51.468706410613194 2.844040158957115 0.0
208513 149.582564688993 1.32901180964333 1.7470688041755111 0.5536270969761797 3.5646555133982187 0.4980997095327087 59.84912528847648 2.28312147550729 0.0
208684 149.281048221882 1.32634156233244 2.258840169024438 0.5408446434605961 3.644615137697921 0.499192406211911 71.04611544378871 0.6203275163426061 0.0
208777 150.176376335317 1.32595719577349 3.42467566473179 0.561666607714577 4.531188300673547 0.5055664165238902 51.56307775582444 2.1830050583454534 0.0
208908 150.37062906783 1.32488161949762 2.6625483479163172 0.5696039956581012 4.315925651385814 0.5171324839801859 53.92417474829193 2.954811668195944 0.0
208962 150.450962494079 1.3245446298241 2.4894565567044165 0.5598151902713964 4.383206914265623 0.5266943492646923 55.583175903386845 3.2435763843379046 0.0
209235 150.188774232029 1.32156432349053 2.246152408118598 0.5545318995471155 4.215248143700693 0.5091682609102929 51.896611588678304 2.1740143753473022 0.0
209460 149.870318662361 1.31989923265304 3.7287552799420753 0.5869774412094619 4.311877949465378 0.5296350235088615 53.52542182722283 3.08060667319324 0.0
209464 149.132864754099 1.32004530807731 3.445173497138012 0.5982859096381032 6.878879492662079 0.5551880539688278 77.70705865347549 1.5479948211851453 0.0
209471 149.228588003828 1.32004199521501 3.2663376285606063 0.6114702055755703 4.057939892032915 0.5580154579693462 73.52170347920566 0.5224613832245483 0.0
209582 150.360468768913 1.31777569535033 6.310234156036639 0.5842026700825026 8.205292329745124 0.5080408891411563 54.15202123502694 2.8320218736492957 0.0
209686 149.555577382475 1.31705419183282 3.7402124163694643 0.5459824487565026 4.662990467807055 0.4912728886422972 61.31017241381581 2.2271696220971515 0.0
209766 149.582337461916 1.31686655608457 5.921113206772137 0.5733894041662406 8.267942350015367 0.5137954347012835 60.480458654115864 2.3549964486182495 0.0
209796 149.601122625001 1.32127134195537 2.316213214876649 0.5459792739575994 4.740102047865183 0.5019728514107248 59.68114084529529 2.4815263154306972 0.0
209912 149.800320150451 1.31595453684998 2.10086558393516 0.5739228616966408 4.190782440624533 0.5336637976973252 54.97981623184111 1.5920909246535273 0.0
209914 150.398742217612 1.31819342812422 2.6204197231472017 0.5512196959560979 3.7850635443007423 0.4977058066915394 54.834478898574176 2.8588909411949275 0.0
210123 150.354925979716 1.31965812052853 3.081985472077786 0.5809361207523553 4.87226216802512 0.5256724320022627 53.948744604347844 2.7429320065233207 0.0
210166 149.862054284979 1.31378420000012 3.0865637942938746 0.5603774204243336 3.597266064186529 0.5062873442199243 54.00888642213175 2.691535528438812 0.0
210375 149.794081582188 1.23739762186488 2.7316019289372333 0.5976780346950039 3.0797384798964162 0.5482928228471423 59.568529156534204 1.5761223575555714 0.0
210460 149.132603998371 1.31133045683377 2.706807179472929 0.5814688393059815 5.57003622621294 0.5440230999182627 78.06773018821998 1.3693763783879842 0.0
210580 150.362940146064 1.31208739829826 2.1956636487811485 0.5640645697821524 4.24905693580697 0.5185857861434947 54.52158806490188 2.834085326648141 0.0
210593 149.569668766143 1.30977696065839 2.334022536782212 0.5510444575242897 3.9143935178704257 0.5220229463857238 61.23707225451652 2.27598487739625 0.0
210981 149.477802807758 1.30684700434401 3.756750103710635 0.5216885737879713 6.674621323735401 0.495607854304447 64.41436929997636 2.156970905185838 0.0
211236 149.927409602518 1.30469041015277 7.07196952716418 0.6137243614939573 8.134330588697171 0.5674672333842135 53.64328630424938 2.9739518629143245 0.0
211452 150.326220746217 1.30240613155679 2.082742731231268 0.5569980746567079 3.961637780675518 0.5217953886937787 54.488297674395156 2.377245775208654 0.0
211462 149.884783337894 1.30448745302766 1.755031134472207 0.588352342921954 3.1493724469844637 0.5228644836500513 54.206445844567725 3.2408822822339007 0.0
211490 149.305167016584 1.30395470950585 2.38585992921276 0.5883383639989257 3.6240266581943583 0.5312232791135373 71.044373389033 0.7378302155116105 0.0
211603 149.054999579161 1.30201254034646 2.4072865080864756 0.6514240404266329 4.200027285712503 0.5988018876494359 81.94505116436206 0.9122537650702972 0.0
211712 149.814721816917 1.30038100036713 2.564263717584848 0.6115881013675926 5.229074766412472 0.5812715759643649 55.59190244854916 1.8552499231963224 0.0
211869 149.492519189619 1.29870578769585 5.639421171303465 0.581173397821017 6.4354430344394595 0.5066085491191074 64.3091343920261 2.2613980482588163 0.0
212077 150.463145202266 1.29679720365873 4.22460282113814 0.6372927300512331 5.994708091485725 0.5272485584072659 57.40077893148846 2.9263002918344307 0.0
212130 150.391968895104 1.29657820590812 6.492616630925506 0.5902510076265011 8.486587655402852 0.5159524107097122 55.933356276683995 3.056013220544835 0.0
212137 149.654752690513 1.29824381084191 2.110835863322015 0.5901091979825387 3.911388386329483 0.542876787541145 59.36620981958141 1.251094194279418 0.0
212304 150.183220616183 1.29539595382373 2.4958801396477535 0.5498921847148213 4.36414398420707 0.49976744873566303 53.42653441409493 2.4963263126196398 0.0
212309 149.161172160162 1.29491830783624 2.341315379035413 0.6506687470522786 4.581856294044374 0.5904365640498204 77.4763405210661 0.9060405352082901 0.0
212319 148.988004676997 1.29639692553459 4.275522282948035 0.7715850884466732 6.874643672262645 0.691058382999715 85.26682608217104 0.4489215771919195 0.0
212657 149.165396783708 1.29205599660127 2.5467868542095866 0.6016803430798112 4.6224412141969955 0.5781879265257546 77.41080052978151 0.8407367195736789 0.0
212690 149.08243739316 1.29513915910139 2.413229043365518 0.6082042391770425 4.395172588634695 0.581038983753235 80.9640696491594 1.5087700254207363 0.0
212757 150.327229684612 1.29339789605771 8.777620848500419 0.603279236354908 13.666414780902963 0.5404718196158451 55.02689544688874 2.3889028749275227 0.0
212886 150.16411047014 1.29006717945161 5.4548190013704945 0.5814197296499835 7.019617223167917 0.527019519974384 53.650581270307185 2.7688526805045 0.0
212941 149.08952716404 1.29030544397479 3.0806506163134024 0.6713727455165734 4.557588495213401 0.6196673687162201 80.83577995323499 1.671885709005154 0.0
212989 149.833265200645 1.29133791002361 46.751042162697956 0.6918589650609532 94.72026800477691 0.6476363245844176 55.779372758995436 2.241327041703343 0.0
213063 149.424617221413 1.28795197051149 1.877518475413477 0.5602094653323907 3.6433257342422887 0.5307191061386148 67.21438374672113 1.1973019798254667 0.0
213070 150.420086974799 1.28848518280229 2.1071579603555004 0.5617608002304318 3.3131537254668557 0.5222547531603569 56.94088831021215 3.346777228437999 0.0
213218 150.29921238426 1.28647792732091 3.1189571268247804 0.5824421436383378 5.579493010394975 0.5420158718845595 55.040270044749875 3.0284671970291934 0.0
213264 150.168683068074 1.29069838679075 4.276090372427389 0.5774921105349468 5.43766081919682 0.5251117204755759 53.63316979655711 2.7113934151259387 0.0
213374 149.843844079863 1.28845150364329 14.697661483794084 0.6204209011031973 20.54359245156853 0.5640610656935893 55.76721603049076 2.395795911606667 0.0
213590 150.299121653213 1.28337065195844 5.5341907071383 0.5889529571667927 10.631423777072259 0.5404716007237067 55.22110132731411 3.039268216875332 0.0
213635 150.236129827087 1.28314488070703 4.199007505867425 0.6253922812746432 4.88147417929232 0.5813086073637896 54.5424311498182 2.3978125041545466 0.0
213815 149.916115173116 1.28217474131007 9.368502793671972 0.5932447959766317 12.260155757151972 0.5564614782983522 55.1010273740341 4.006225925509762 0.0
213926 149.66528538539 1.28139836006152 1.896722912801542 0.5585421926999724 3.745511666281587 0.5176971999454058 59.99350702576357 1.1233179742301027 0.0
214386 149.590267757356 1.27911577360269 3.908041654292456 0.5830338469350378 5.204840702722839 0.5358851666224865 62.20018660261098 1.8718309814508136 0.0
214511 149.675768445247 1.27512002555742 4.817435275527517 0.5773242401885084 6.303181966375666 0.519171502877999 60.06402853518655 1.0924761818724038 0.0
214568 149.941918665772 1.27499124933447 4.593901477763742 0.5687494933337301 5.074832163523918 0.5196321678213998 55.236853392257956 4.3010257097957645 0.0
214631 149.544025303792 1.27408086685384 5.371439251787339 0.5521281269264251 8.26832914530004 0.5106952782202314 63.86651457712856 2.1023789457256457 0.0
214810 149.629495372232 1.27323350591458 2.3031936392409142 0.5331469568050093 3.413721787082745 0.4942633672859708 61.39159195050545 1.4980719033376235 0.0
214839 149.148331535007 1.27210716531588 1.730005389421783 0.566481464231338 3.5755425645649916 0.5264655941039896 78.97775750176169 0.8923050095207772 0.0
215149 150.265724437424 1.26929914671967 4.567025321582811 0.5856071231104929 5.529370702249331 0.5325995956241476 55.653373216717696 2.6634515498272266 0.0
215521 149.834680443484 1.26676873962136 2.034335378610445 0.5484470307329683 4.003140631448791 0.5163035909558568 57.169509982020756 2.7444676398220467 0.0
215560 149.519015956505 1.26747917863737 1.9717673785120844 0.5529471463931631 3.281849316944766 0.4747057924985231 64.99626492038513 2.2660616769230155 0.0
215681 150.251360332082 1.26452524037549 3.1220592147070545 0.6005538210890107 3.687951403270949 0.5454907330786368 55.788603296421606 2.5905865388802827 0.0
215782 149.034522246188 1.26400795817865 2.855088190590386 0.5984789783758881 5.015149805610915 0.5272419787671039 84.35922307591068 0.7743323188817193 0.0
215864 150.20673366303 1.26384720952018 6.277467805549775 0.6174851739900706 8.66036509404847 0.5299284162304515 55.456493182831665 2.121430133840488 0.0
216009 150.419951887192 1.26305512189313 4.46948428072171 0.6019385840925418 6.366191098513071 0.5353639458127804 58.37701241855142 4.13608985799057 0.0
216162 149.107778149336 1.25998572329056 3.3706700812897203 0.5997682243323363 5.9540456577640715 0.5646027464802379 81.2463550620897 2.6020896817355226 0.0
216556 150.389870663146 1.257081785245 2.7468864587857 0.59521391359445 4.337057498433093 0.5500959017717079 58.15106568766802 3.0010318255024533 0.0
216559 149.56330797273 1.2584525174959 2.6854194861438114 0.5754700247652457 4.173261026261089 0.532210740178171 64.07960297602567 1.7353266278176853 0.0
216564 149.911159788014 1.25683121076135 3.849418348049373 0.6097185496099488 5.75734390297732 0.5678803729815514 56.65036686374821 4.25227303911619 0.0
216649 149.826855203607 1.26087730411628 3.540279813618991 0.5726547325019108 4.4556620147382215 0.5298132274615872 57.640730025085055 2.7066265475983498 0.0
216726 150.467232830068 1.25821333232738 3.922806444072153 0.6265242443142801 7.203678471998719 0.561165882386196 59.63935666908574 3.554824394336322 0.0
216948 149.473410660219 1.25323243258408 3.574103413134634 0.5434948024974047 5.412492729876353 0.5076912668919974 67.20961183711995 1.9528121175982358 0.0
216951 150.424852819915 1.25285474269318 6.559048721068156 0.6171703191575995 10.110808783549157 0.5742362281220462 59.051703915061395 4.229927586157046 0.0
216972 150.232916719291 1.25325705052062 6.108315944070136 0.6193225994497736 7.286427425942855 0.5943410847596856 56.288534657730594 2.5014954189258116 0.0
217057 149.499855367549 1.2569785662979 2.393840041276704 0.5425299084315625 3.8801245372330495 0.5199312774906062 66.14719954460321 2.2795224379206824 0.0
217167 149.506245505416 1.2514245320549 3.3736534523768973 0.5713523179624196 5.140540235728579 0.5234533163785267 66.22020230921746 2.2406873962778118 0.0
217252 149.918096847151 1.25192840494051 3.9220103204885532 0.6099602140212536 4.80512022355344 0.5626067463256369 56.85734229134701 4.302381399870655 0.0
217304 150.088106843723 1.24992682778291 7.334415793258643 0.6029249678196905 12.065167799049313 0.5559136942838429 55.92560556601541 3.2215170991960735 0.0
217316 149.398707161181 1.25042664836253 5.3736587794433355 0.591980585193023 6.007777368512899 0.5444874602760011 69.94788257122528 0.6546009769873751 0.0
217424 149.057726147111 1.24850173317954 6.207992664022195 0.6548560405939662 7.290779001655513 0.6014111720719792 83.92824191018713 1.6541291970538865 0.0
217549 149.68585937796 1.24861879939575 2.1906875866734628 0.5895049446222138 4.336392581372489 0.5629333076442083 61.26031567788524 1.0695114994494523 0.0
217551 150.468565510177 1.24806199096931 3.0931316786604923 0.5968625865235566 3.4779823384517554 0.5466294743629654 60.23510803202781 3.409296263200411 0.0
217768 149.801025895194 1.24624419605484 17.22871398481066 0.6525891650162634 23.785341243787084 0.6028632896425388 58.935715931628785 1.873930318779541 0.0
217792 149.693820668669 1.25055978235111 2.514356438775223 0.6392293938096446 4.731405076923779 0.5586366352302815 60.96151802607743 1.0282986263843756 0.0
218002 150.385993369246 1.24379446105911 4.631110115440643 0.5839716122596881 5.611793893187401 0.5299974445101165 58.84414740376799 2.5729720574054444 0.0
218210 149.539249828932 1.24197661682253 2.316317510542623 0.5996278120710264 4.715731369729132 0.5410301104530006 65.663484717711 1.6295114150733563 0.0
218307 149.934115401645 1.24162662583109 3.2730129632151925 0.5676239403526874 4.662263745907356 0.5233191612496647 57.2894794451103 3.5924131365296232 0.0
218348 149.090411570504 1.24023311736888 4.922759296767863 0.6426034001101479 6.826887845653955 0.5754503584340633 82.81645986287606 3.6553491500642465 0.0
218553 150.054067728406 1.24448372715182 5.454387011297233 0.6116853000412577 7.619778778649432 0.561908840932166 56.315056367693686 2.32575718397771 0.0
218836 150.110828470208 1.2361823557754 6.260213568355339 0.6226223605658207 8.475603647894747 0.5372893596907308 56.74944121130633 3.7461752280058804 0.0
218931 149.187577783513 1.2360502434744 3.390700514600282 0.5844553951955386 6.944969853548565 0.5474812995578006 78.83713978719598 0.5995213919494591 0.0
219035 149.93777224801 1.23482807802877 3.299149006447953 0.5495573761316168 4.667544711887913 0.501408843625953 57.653826840224696 3.005697629689585 0.0
219264 149.090592353668 1.23351648272936 2.259733377709451 0.5950772807112935 4.44116517468802 0.5562970516743416 83.0841032430604 3.58929886059461 0.0
219440 149.587532862469 1.22978831653014 8.687800648403256 0.5777335278383527 14.795627819204212 0.5235866216908509 64.8717678908558 1.2476638818324124 0.0
219447 149.430202486838 1.23103739087804 37.236662308629185 0.5597348734934836 56.02396209882751 0.5250413788430802 69.77679513377839 1.2977224655164297 0.0
219469 149.204875641141 1.23007525305526 2.727168011152489 0.5862209276019658 4.48909869020911 0.5313184971937689 78.38154235378683 0.5791925634618855 0.0
219747 149.942205774298 1.22825636303279 2.37411752482492 0.5426092610498651 4.6550433955800115 0.4997270824501288 57.99853853731293 2.5263084412875467 0.0
219792 149.891127483206 1.23051860617161 2.296314245609247 0.5861537756363658 3.511608033722211 0.5403597082129274 58.44379366328055 3.2317466451517407 0.0
219825 149.661904385361 1.23410853455391 4.034598779508132 0.5507693370299058 7.2613918307462 0.5053372235789106 62.64602794927311 1.2074233806563583 0.0
219920 149.872357268908 1.22643197083633 4.079862841020617 0.5616032505081896 7.377272041248029 0.5101897146364293 58.93387611438281 3.392470917829347 0.0
219955 149.183002241129 1.22634724745122 2.2152990461618245 0.5414373842547201 4.204256796867946 0.5205585193513778 79.4470620588608 0.6687896289797051 0.0
220031 150.240011373383 1.23023689664916 3.889985911343015 0.589451049624518 4.313541272197538 0.5379521264579741 57.71652630026597 1.9803704303642358 0.0
220239 150.438934695351 1.22359542684479 3.7305161384359327 0.5908018111754435 6.588735130406756 0.5508355898116091 60.988028583194556 2.9921246634731595 0.0
220381 149.816534956625 1.22307553303835 1.9888268017032877 0.5835877957816561 4.0922353972470695 0.5395950793452495 59.99127582344629 2.054388344054406 0.0
220553 150.364018194672 1.22173615079495 7.3623121799449365 0.5783275818327259 11.115747097838499 0.5164456519537196 59.74874773850038 1.3874557724469918 0.0
220593 149.861912683575 1.22140723160463 2.4721997443083517 0.5564295916345241 3.7381877928487572 0.5124555959217477 59.374721618026385 3.6203842363545657 0.0
220641 149.705517498984 1.2206968047457 5.965658143229729 0.5734047346706477 7.70249052093003 0.5091375130028428 62.33860372018483 0.9171393907778663 0.0
220714 149.643308671109 1.21999988050914 1.6954766997001238 0.5559482156460099 3.484520775387745 0.4843421841181723 63.885650174361224 1.2459776446903181 0.0
220750 149.527391298782 1.2202451522194 3.6039990576055887 0.5244703133850531 4.711661006034361 0.48403006968073947 67.14773694312254 1.4978491095980206 0.0
220753 149.949155507572 1.22027645504367 2.791820508209431 0.5295602973662261 4.326803045546479 0.4891640560283223 58.40496267679871 2.138952482669329 0.0
220774 149.814133879699 1.22005472811821 2.72977578908208 0.5764772478295002 4.0147148751702595 0.541608011450561 60.20596660707406 1.9130649921820484 0.0
220855 149.399883119837 1.21880323911289 2.17859044826123 0.5276114083724948 4.4029342463444525 0.4938964654338814 71.4317950204202 1.0583056545147935 0.0
221060 149.644032620393 1.21719808565574 2.275311853947858 0.5624082238900154 3.1406944037750324 0.5047549704905975 64.01901545229882 1.2448479975907234 0.0
221099 150.043503820463 1.21668671963703 1.6233951322238085 0.5180543548766889 3.352251724198902 0.5104645787822989 58.01449026053436 2.6244469137823927 0.0
221123 149.692836272213 1.21644353487062 4.077691598395163 0.5699678303069216 4.843477851817154 0.5203250258196778 62.86627558279432 0.9776016702930492 0.0
221169 150.152300024781 1.21608294033769 1.8161887610184135 0.541641655008939 3.511719282432583 0.489359050295669 58.03651062858065 2.8749796199235016 0.0
221181 149.854804179541 1.21612501356792 11.539652325586335 0.612720741333829 13.868313163816921 0.5536388255448393 59.78583434465469 3.788732155261384 0.0
221641 150.014701269544 1.21421271244202 2.5102542713403335 0.5285857014652903 3.475854191825563 0.49067660070510594 58.28881932931059 1.9802626062012576 0.0
221851 149.548371164688 1.21202535607599 2.1091736994305874 0.5411479301516098 4.097355928166141 0.5155458378765282 66.94137568845754 1.264383745910016 0.0
221961 150.089362927927 1.20999638738226 1.7482164427814677 0.5377604434407374 3.5964235869736068 0.5062669357470146 58.32037256372213 5.446253020081192 1.0
260230 151.250644487005 0.665534913064919 4.6724063577872235 0.9839135473657785 6.168892927029049 0.7335748975141968 114.1985509265134 0.00036277052266575627 0.0
260496 150.557469129393 0.668177021827394 5.462506622033419 1.0818863574668938 8.480919250337214 0.6266709643224532 94.88024809701224 0.11605087091675886 0.0
260505 150.561126247413 0.668008731026876 6.703671143231317 1.2260566660553724 10.163006704207763 0.6154342522784965 94.95357574733438 0.13609278091619006 0.0
260980 150.939425876597 0.673701279860472 5.866075611277251 1.160296404696175 11.819113850164063 0.7752330329456975 103.55789680371623 0.006132315690839549 0.0
261362 150.822107855058 0.679684730789088 4.561632334331394 1.06082911163715 7.253885246757795 0.7178641331681087 100.00164151258903 0.12083825359479493 0.0
261619 151.053089853152 0.682779960535657 3.955543952300772 0.9896309667919632 7.817312452322425 0.7484818770518382 106.57822344924304 0.7855968661449243 0.0
261800 150.909876119524 0.68556952883253 3.939756421194124 0.9532369937698154 5.781915189320269 0.7158702060508192 102.08095463974848 0.02404815127822777 0.0
262465 150.63093046368 0.694334180536497 6.970081932233599 1.0480524384569179 10.188185223094827 0.6828320172799996 94.76729890921257 1.3394590779385245 0.0
262497 151.088779921603 0.695341000380623 5.295162552097328 1.1613651086625414 7.553831212693275 0.7653018966236029 107.11309723336714 1.2217529034929597 0.0
262715 150.849643628328 0.698572644349779 3.3870840301926184 0.8444757566228643 6.042632722561195 0.7368370985577527 99.71507228536377 0.02943193975827761 0.0
262745 150.636171323223 0.69881341126576 9.783224208610445 0.9185034663672336 12.137047599477995 0.7120812990180871 94.62058268722816 1.6400292569859074 0.0
262753 151.170387470013 0.699124880922651 3.9457052657171587 0.9631795833889778 5.6020624637516345 0.7697979411476457 109.71463980294483 0.4049708050035502 0.0
263006 151.056540450457 0.702423320737268 9.764217804227648 1.1836524546451004 11.287349521188277 0.84921574302461 105.69748724138397 1.4300704084533413 0.0
263073 151.043547318038 0.70368783943749 4.0870879554709765 1.0632709514513492 7.962462533299365 0.7822081854499385 105.21253182581405 1.285815939043495 0.0
263083 151.145688938663 0.70377738219571 3.290088030756292 0.944137453918298 5.537712810406261 0.7234071902944557 108.62633681992627 0.736547621097031 0.0
263161 150.760415011556 0.704776390475805 3.1634580273345163 0.8378903094257092 5.81861013865223 0.6646346897449975 97.07904568921232 0.8516644063047079 0.0
263372 150.702756455166 0.706916392786075 9.584334176239466 0.8270479349675895 12.195450597221718 0.6611512145014711 95.60114923155778 0.5126384494380879 0.0
263647 151.048369539104 0.711363534088391 2.970167770905762 0.9151700574168316 5.825942252730272 0.7440856602189431 104.9809746940646 1.6568823965746193 0.0
263810 150.527940104898 0.713838088847203 4.897622882427433 0.9929563879071082 7.567297585811637 0.6503489518483321 91.74983037943984 0.9498124337734433 0.0
263937 151.038871287273 0.715755686061482 3.3588390899658425 0.8374977944748982 5.401733279950297 0.7099699555825241 104.45131595409941 1.8519739670105175 0.0
264000 150.518659601417 0.716530738544238 2.3310410970962567 0.74433801223702 4.089808269711752 0.6519738783242045 91.44030529211831 0.7955347664080041 0.0
264041 150.598536359389 0.716973257151169 3.906598897579818 0.88345065426732 6.701529605556654 0.6573654105867021 92.84515813052867 2.3381489370059145 0.0
264401 151.256564758222 0.721328111920282 10.390947199875065 1.0695956791362975 12.005770258436474 0.7539316732511915 111.76940515914984 0.01628431703595534 0.0
264492 150.764398225901 0.72322901603564 2.0017656447679535 0.6947268245453122 3.9321242961263048 0.6105090632789917 96.16800604368353 1.1819629112262218 0.0
264902 150.725866362944 0.728968306525222 2.8178142071721486 0.7086513439824946 4.079778631927349 0.6058697474123202 94.91716739411031 0.9468985863397721 0.0
264903 150.490936275885 0.729000133083674 3.1489673677682246 0.8063255413695776 4.756823990882908 0.6001987671450536 90.27501066300736 0.24335512357812825 0.0
265168 150.602215718767 0.732358549448272 2.4521319705741695 0.766801956380649 4.823361664292347 0.6065304540182606 92.04366336718063 2.7719793997954993 0.0
265194 151.085733952729 0.732556181733003 2.9052957379099498 0.7887586853942745 5.079126441000329 0.6603626877626761 105.15789461118453 2.2106820765222084 0.0
265240 150.661542780079 0.73340014294043 2.5005537443241144 0.74507527166129 4.977896423805709 0.6324454419431887 93.21053613924 2.760420301946084 0.0
265266 151.071799488136 0.733664766785196 3.3351650038704324 0.8494444972452522 6.822868728471601 0.7199289040822117 104.63502276144642 2.6310353267316167 0.0
265429 150.784641884805 0.735795701421632 8.10704825883931 0.759814580135359 8.973052256323593 0.6169459471387425 95.99534901641807 1.4084350240897914 0.0
265440 150.480796005355 0.736314791504428 3.0647402480890515 0.8323987853677606 5.337490626232608 0.6384164718282563 89.69446067148942 0.12343960711245223 0.0
265536 150.680443781676 0.736514867024482 2.4716594670065906 0.7192573619318625 4.333740123694636 0.6313455346994253 93.45267761397993 2.335797039034426 0.0
265589 150.866133646331 0.738124413888403 3.0099645505998334 0.7968258134529749 5.71305584288222 0.676726652001956 98.06219226343838 0.3798376205453628 0.0
265625 150.571661967621 0.738475826836824 6.279112123293912 0.8270076317285221 7.341663827003499 0.6371420431700967 91.11134672179871 2.0885199860394827 0.0
265632 151.260473817724 0.737948787493864 12.180392105696237 1.0089979564337719 15.584064425942035 0.7624466031894427 111.13576580599869 0.09975469201497218 0.0
265747 151.151959094903 0.740494870350382 3.5050469350118867 0.8399659781160743 5.168933893849429 0.6632076675143124 107.05615490186085 1.039702894229961 0.0
265840 151.227305903669 0.741671616985569 4.635970035954861 0.9219088656071799 7.300472189347088 0.6681240879522705 109.72473400412271 0.23739168162972157 0.0
265878 151.226046143786 0.741940680049661 4.366556561853183 1.1312070254920752 8.279054345044432 0.6658690611418183 109.66546773930261 0.2505503145611666 0.0
266097 150.473361130328 0.744697056688987 5.3933425004825795 1.1109728901143572 7.945395770783518 0.6468428792105113 89.09505765365027 0.07527531860092353 0.0
266403 151.186643947465 0.748553264300742 10.283602366412422 0.8466650790486212 12.431953252025147 0.667091251834934 107.90948844925342 0.562850839955397 0.0
266467 150.502188198904 0.750210230894428 2.8524124273377907 0.8312432657329214 5.135430778176513 0.6416862954686342 89.22675615078958 0.7066778060147654 0.0
266568 150.78577861945 0.751517141962789 3.026344249321066 0.7489432605292098 5.096980185133992 0.6404613493097754 95.17297502839033 1.668832072165211 0.0
266612 150.597030877103 0.75174880055521 2.4249722203138475 0.7395304996822357 4.651212010596409 0.651027324337447 90.84254711873437 2.748510128265893 0.0
266660 151.088368514867 0.752576346412814 2.845811541762298 0.7953147082603528 5.199023064722802 0.6716387231355075 104.25635366470553 3.0767584305082187 0.0
266792 151.053326794492 0.753513745620152 11.75233397904142 0.980930116725465 21.971490250807463 0.8576138618169705 103.0289774113196 4.539676120128443 1.0
266962 150.496494957396 0.757030037686406 2.8452789900654234 0.8412692437096582 5.800011002407056 0.6679990361611671 88.74074678993234 0.577665030239272 0.0
266968 150.617526232702 0.757135038533444 3.97648381806661 0.7787376771065815 5.313393563269637 0.6698373695960333 90.94949684387933 3.219379360902741 0.0
267146 151.019614964059 0.759442250932135 3.95803687623771 0.8545372801443246 5.4111703638398705 0.7638637366458725 101.62171473875773 4.3847020211476515 1.0
267170 151.074521428519 0.759733780490071 4.748451881627 0.9408386338093758 7.428172189045707 0.8330052350504014 103.43172767140659 4.300538995372429 1.0
267222 150.767963188007 0.76044007068841 3.638819646431893 0.7595451110367074 6.829026550606827 0.67502588583811 94.23118871347924 1.872418398235253 0.0
267558 150.622954526388 0.765051520235812 3.5424163296504774 0.7949601881403937 6.026767162845188 0.6808721858322778 90.61534046016715 3.1244564372503936 0.0
267594 151.087171219095 0.76537671155022 3.832302399182413 0.9077672647576717 6.597568715794577 0.7610008849949312 103.58434670081934 3.987681837153396 0.0
267923 150.552318670098 0.77006588672397 2.5850744369889918 0.7596457463545595 4.322120298904335 0.6199871315024909 88.95082722414493 1.6370389756310948 0.0
268031 150.602891742554 0.77137129362664 2.479959264600757 0.6830959503466993 3.8592592235543717 0.6052658626303237 89.84859227536184 2.471942431402583 0.0
268199 151.48114645588 0.772646966252908 6.779001971363001 1.5535010682852417 11.99420245271908 1.0638598288810608 118.3737912954305 0.19678870195801093 0.0
268248 151.089822042038 0.773991270934826 3.8769818255450783 0.7854847536109162 5.3838703938508505 0.6806512077804947 103.25194007133614 4.247528894511954 1.0
268656 151.29414081379 0.779170176114044 4.350318370461463 0.8177885679892949 8.342999176693729 0.7051188680098932 110.5161010510923 0.9330699816350798 0.0
268685 151.057692994925 0.779862940467206 2.6586371316822173 0.7478226434326618 4.3804894327466375 0.6786851829728552 101.86491035011308 6.1889072001635705 1.0
268696 150.964863360242 0.77999349372535 3.667563789494447 0.7204574932790474 7.492434543055857 0.6557074957779622 98.82562998567718 1.9197755862190573 0.0
268788 150.508722191818 0.781126620505498 2.4885476392894668 0.7610564280144626 4.257807470942256 0.6217345989478785 87.55117274291013 1.014637651210307 0.0
268989 150.610814113592 0.78334907001148 5.136402144230965 0.7190086600403506 6.520496793841536 0.5981988655599848 89.33378256394721 2.212462076912046 0.0
268996 151.05097485603 0.7834938403867 3.405691407083004 0.7329787330435718 5.888454242193203 0.6762288912790897 101.45797394219791 6.311741974982882 1.0
269047 150.915379900624 0.78424277392057 4.4586028949985215 0.7300089689294305 5.782385292377641 0.6389921710284239 97.08022168050972 1.1417235625761655 0.0
269064 150.523082262737 0.784460508225956 2.1818560614469447 0.6996203185799619 4.301466924319722 0.6151586284481464 87.60474936364828 1.2180873487942667 0.0
269369 151.380456249802 0.787939970930141 5.122177116712702 1.1494392447443826 7.491961993556939 0.7478434845680132 113.55124197226947 0.4126260844873465 0.0
269951 151.050831320183 0.794635852578083 26.463871550533042 0.7816163919998395 34.79647206304893 0.7082522960959918 100.90086402918914 6.027685502788372 1.0
270194 151.082211478065 0.798889613012267 4.985319957541581 0.7606915081311132 8.747621294643736 0.6841562374616557 101.76821564178375 4.402277992089196 1.0
270263 150.896059934982 0.799931077209503 2.8045547515046745 0.7407949146432956 5.4403830648388185 0.6253321169955445 95.68471822278111 1.3358543688693656 0.0
270366 150.512703113223 0.8010634399584 3.317986838132116 0.6903762589710474 4.04060041566456 0.6014103737594743 86.47148206797499 1.049442646437208 0.0
270548 150.707318627492 0.80230892784701 9.523667576263867 0.6906988058228223 13.013038486399639 0.5817310434390082 90.4381760097517 2.7788561343754514 0.0
270570 150.720598182298 0.803143445751273 4.575660101404876 0.7157358773371473 7.499873914281748 0.6153820271894607 90.7162377788492 2.996063716367035 0.0
270723 150.512428165508 0.804806651355499 5.105041725073445 0.6891596781643677 10.337797999734713 0.5973741572383028 86.251575914108 1.0427102573764517 0.0
271056 150.487512626971 0.80987482811946 2.345289430189261 0.6609772655873559 4.548063081907952 0.5671047222509015 85.54223258523612 0.9014314701092899 0.0
271199 151.486344531565 0.810585465004275 9.930888201417599 1.4211846650346387 12.380237151591325 0.987040662967904 116.9796018020513 1.205339392801811 0.0
271222 151.088073761165 0.811933101292536 3.0584837957314353 0.7767762124493693 6.284636394324377 0.7264290992740111 101.33621632281044 3.457592294583969 0.0
271300 150.753770731844 0.813075575995899 3.159734285779006 0.6698109270706534 6.336201201662497 0.5983356087664838 91.0124231316425 2.1720676925860998 0.0
271429 151.180223999357 0.814852307889042 3.1014476871489123 0.7501255255384911 4.3392294234869775 0.6511453458281035 104.52701683097 1.975478248640758 0.0
271611 150.726461050511 0.816557107184783 15.39868982428045 0.7030527487574576 28.382522949005782 0.6316099177746649 90.1288832017463 2.6782506082593427 0.0
271762 151.357534475688 0.819343283853002 3.448441376501161 0.7857224158669323 4.948565649812073 0.6852063016778901 111.23352161805147 0.9202552372709728 0.0
272057 151.047995775207 0.821733183053621 13.842993781400754 0.7903388690838496 18.158505082844467 0.6721254362433855 99.46637526975249 4.254408222684071 1.0
272127 151.013495662643 0.823753775158392 2.959796790145437 0.7432122819513679 4.236687856102716 0.6557896833379513 98.19753123754924 3.206982242876682 0.0
272576 150.501403945956 0.828406000533351 4.7341556497836965 0.7619837241156805 6.746248368124201 0.5612728948898885 84.70573757152343 1.0088950139616653 0.0
272705 151.212528446043 0.830186597645992 5.333731089374455 0.7386922232064831 6.220528294891802 0.6404596625527084 105.02667611856823 2.106016806141525 0.0
272880 151.316736681587 0.832172773571235 3.868612484630922 0.7990205891645105 4.852041684834339 0.659945968635074 109.01587379779508 1.915269891828797 0.0
272885 150.545612297774 0.831561824192949 5.777126730651255 0.7296096577757136 8.87872738477693 0.5562242893523146 85.31732150185938 1.0150134470199739 0.0
273185 150.995287729236 0.836462795438076 2.3527882885727798 0.7202126421492754 4.7071741034761 0.632076029269511 96.95651147208116 3.2630552804493598 0.0
273395 151.22163056378 0.839208973815219 3.3228248951845045 0.706230154162612 5.269605221050641 0.6257987821587407 104.95819262087281 2.0358619803610116 0.0
273473 151.393526723393 0.840069930602998 3.4682491063748477 0.9167616119568874 5.66411477972379 0.6610367854170872 111.80945721596927 1.0439501449677493 0.0
273544 151.229322448618 0.839924849457256 17.30276764169445 0.7497968948715179 22.166060897486147 0.6456272552815495 105.221606002668 2.0253822398420787 0.0
273596 151.028948117472 0.839007922993603 3.943530507941481 0.7275915930525957 5.463550351253645 0.6205756938347952 97.96337139211718 3.330724635742388 0.0
273783 151.288394216399 0.843474440780139 4.487300684431753 0.8208204425304853 6.938091489997548 0.6499218546581651 107.37710716644303 2.4896326822755386 0.0
273831 151.281731251147 0.844116277026647 4.521043293856165 0.7171647936288233 6.101231049348477 0.6510383977044517 107.08337301324553 2.5434793527232813 0.0
273870 150.97421498708 0.842873107406253 10.63118389704052 0.7220283879137109 18.98549117036736 0.6385654086144688 95.939918469898 3.5267868316445092 0.0
274577 150.609452770779 0.853139468709247 3.7922397299201505 0.6796307716271037 6.35020862464311 0.6086002336995318 85.3829959091195 0.9320485932366361 0.0
274717 150.920514138877 0.852208017709673 197.7814595737346 1.0656046952748401 406.45138667513845 0.9857647793208241 93.7410525218919 2.9152794754394593 0.0
274728 150.99994772974 0.854448673155777 3.9036895635394737 0.7432836335659343 6.431944880546648 0.7020376135087979 96.2162463501243 4.010496645455348 0.0
274815 150.681939866155 0.856193081232514 3.462209614754473 0.6653837425588602 4.651257849185405 0.612274273863603 86.86577698919423 1.118754014889482 0.0
274867 150.672815494538 0.856741280462766 3.035855499017555 0.6773222138113563 5.8470310939103465 0.6010092732297518 86.6171374611904 1.0433112871041434 0.0
274903 150.629317614169 0.857039177082386 2.1950342695030245 0.6241523560443634 4.516225091608336 0.5804078275859874 85.59923910434061 0.9355857903256242 0.0
275095 150.88649979579 0.858665195288214 9.866191668412803 0.7906241051276096 11.509298423985504 0.6981215816476511 92.35298027418422 3.527949283883951 0.0
275137 151.540389879198 0.858915642828235 35.80503066016834 1.1827509908999574 36.90103628032372 1.0653510508883564 117.32378535120783 0.6722184914481651 0.0
275151 151.135655057645 0.859732949445792 3.2495728985678163 0.7557621297821269 6.451897285247853 0.7012322964553821 100.75751643958986 2.675415796003951 0.0
275185 151.540998477706 0.859263812727781 26.26990556119684 1.1878195260373428 28.213893595936668 1.0602411555520128 117.33653174261147 0.6581553272347967 0.0
275375 150.980697812089 0.861043323142777 13.09403759083688 0.7817001708195808 22.699552542954574 0.7162752080110094 95.24378100784102 4.813393049696598 1.0
275510 150.85253637618 0.864107363490233 4.623256136752487 0.7363503580286137 6.025950308888476 0.6616357386879643 91.04553705292804 2.823963827678958 0.0
275758 150.966182678682 0.866711680966626 3.020815291423638 0.7756355107415612 5.245948388806144 0.7122084109704938 94.47944030346301 4.471090527304362 1.0
275807 151.456615770497 0.866834933196105 3.2050092918984143 0.9217750420463748 5.820914171549681 0.7295051776198322 113.34341378601182 1.5448790068676632 0.0
275876 151.070998448937 0.867870596195248 2.777122416151924 0.7519399909126392 5.403839923642887 0.7015286377828374 98.02095844558322 2.0015087528612803 0.0
276141 150.745128860482 0.871596877588397 2.5052541310974172 0.6488041142147541 3.5078370372168086 0.5979494572822177 87.62646930883047 2.080316539323047 0.0
276199 150.975307419473 0.872156929320553 2.1081285538494643 0.6970658143065495 4.209553600338521 0.6506995913021344 94.50959737809099 4.857864394960414 1.0
276285 151.426608979847 0.872547669725979 2.7972973182738716 0.7524097492453973 5.795969867250774 0.6686926924719501 111.81727890621804 1.286039190460179 0.0
276316 151.56198408351 0.873332551010293 5.849191379052868 1.0443297589152494 7.437952289792261 1.0161399263350952 117.70174699698985 0.1984803929451492 0.0
276323 150.912795782284 0.873633466744685 2.5306291378687717 0.6996656446556659 5.129179733742317 0.6584140069380079 92.40421216843129 3.8097924183572514 0.0
276372 151.17371152385 0.874173312614758 4.221631811018781 0.7379439509365259 5.215705478395521 0.6414535358693985 101.50914524005773 2.1486129927538262 0.0
276666 151.4013200076 0.877684083534831 3.3822977604449895 0.7481474116055171 6.859527753740838 0.6621630884775477 110.52463502054617 1.1492762252311346 0.0
277018 150.941051975638 0.88154773411946 2.6952172270215247 0.712619557431535 5.347716751901303 0.6514499149247633 92.91023095697078 3.7275833580709783 0.0
277102 150.684852288358 0.882948412751344 2.365493432089616 0.6650390680845231 4.4282072751312995 0.5979609813095075 85.46964897787 1.044033261754878 0.0
277218 150.670644070094 0.884428511491117 2.1524379881180855 0.7064581199749903 4.459258670093342 0.591077583239307 85.04214665869479 0.9809102046591074 0.0
277383 151.017448707249 0.886210269564067 3.1377034358430493 0.7211061849947366 5.338535128013324 0.6651964699803602 95.24704678691091 3.146190802110296 0.0
277496 151.121818565201 0.886895097838954 8.567930935537808 0.7799358125764456 10.589359146063623 0.689527322623219 98.96313477347216 3.8736918001525678 0.0
277785 151.286558001074 0.889250871967954 12.957260777956584 0.804629337456985 15.878203956004565 0.6830354453326812 105.2637654032491 1.4619087363890162 0.0
277886 150.888546430552 0.892215710662007 3.37798777423864 0.7081687296144237 6.14058373552163 0.6430660498734192 90.69197933938328 4.769487008231493 1.0
277910 151.314716018573 0.892174692859044 3.739331053611944 0.793208811670907 7.107468939139885 0.6942758527909755 106.28499867529428 1.3687077574737265 0.0
278054 150.747206123049 0.892983627931837 3.0068689007216323 0.6505392029053175 4.882248542422157 0.5746927727428407 86.53274213145865 1.8187200624365831 0.0
278361 150.543517131406 0.897792085996993 2.144457438269865 0.6585593805246959 4.347625997158361 0.5510057205072278 81.51181476644895 1.7035905805374894 0.0
278780 151.108714063945 0.902508026482927 3.817035187564902 0.6892670918470407 7.117747856441974 0.6575022052972336 97.74075917677133 4.206276483836644 0.0
278877 150.854546861821 0.903966116677815 2.4342356068535467 0.6512801094705072 4.9202497627804185 0.6057584214458993 89.03751623957288 2.833626098873716 0.0
278933 151.3736417419 0.903636624400794 7.03301419460238 0.7699596781559426 8.726429960438828 0.6470713253470184 108.24955945113098 1.1059611816641592 0.0
278954 150.961923740633 0.904780171150427 3.4734972385346357 0.6664809638053365 6.329397132678477 0.6261592073787334 92.43683773351532 4.136637758965404 1.0
278963 151.1054158786 0.903706713988208 11.692679047025766 0.7259981294427944 18.48565097218568 0.6605482310400445 97.56188182138891 4.088044350233292 0.0
279266 150.892010504372 0.906441364237034 73.41561205218584 0.7856848298177973 133.72143915557356 0.7105135806464026 90.07411484592038 5.269196398736335 1.0
279273 150.839543054862 0.908455244373353 3.015935413096795 0.6350134232305029 5.344219756849224 0.591261143611421 88.35045182779857 2.4347448272124526 0.0
279317 150.93191054746 0.908881829982714 4.4630463539053 0.6847571342777773 5.540577722218505 0.6422316587936122 91.23614443450703 4.769677742265722 1.0
279375 150.470934605135 0.909532663400602 2.8200568215107493 0.7578003146136163 5.661364464384036 0.5701395716186426 79.52022624353302 1.8300027996981145 0.0
279878 151.410683736521 0.91543326441485 2.8514651394185684 0.7627776792896209 5.756671904112237 0.6945989118353316 109.33536975868347 1.487029702161438 0.0
279891 151.478995329418 0.915630509655121 3.9310195346274712 0.8716628839792728 5.8983606565796585 0.6635719297847321 112.30923557780567 1.197370128181849 0.0
280149 151.474501922409 0.918591336378331 2.684700747369162 0.7704759321868835 5.1680742915456745 0.6593000308104761 111.99056024482087 1.2173529437701243 0.0
280173 151.109702677831 0.918949850652576 3.7258539934068216 0.7320006865851499 4.818771882429009 0.6707349174957913 97.00475050355804 4.036895671174896 0.0
280196 150.875192859061 0.918811026847022 5.29455506203305 0.6749092358919367 7.0430666229212 0.6086854728734512 88.91274725888917 3.7123425616368486 0.0
280457 150.632382733031 0.922589770842869 2.763337104311811 0.641317805072637 4.846494700525509 0.6109941025058107 82.03090978191364 1.3395540660223233 0.0
280554 150.796158233071 0.923250792964533 3.9523940944282807 0.6930504738772334 5.305709805409156 0.6274682724988029 86.29515908313391 2.036379253601843 0.0
280632 151.558627381228 0.924588941119251 4.555293733041812 1.2642572802647434 9.039913117537468 1.000515869027855 115.51967911371867 0.1489615490984475 0.0
280861 151.315433430389 0.927461638030856 3.8126522458964036 0.7825740834561231 4.70968582638493 0.7164833615586802 104.78307222085577 1.3548092060612837 0.0
280874 150.967020533658 0.927297158191041 11.688410135285398 0.7542192882482103 16.852801888501627 0.6953141998397981 91.49323315363362 3.5368972816306674 0.0
281117 150.910033112538 0.930885512687458 2.6154228019063215 0.7267161831342962 4.055247261209649 0.6377394126919722 89.41393003016363 4.581060426861284 1.0
281129 151.165852912865 0.930908135141739 2.6048795401570173 0.7794979017068357 4.79973058406414 0.7182381812047187 98.5946418716679 4.496343441248873 0.0
281229 151.187581024495 0.932087761197504 4.866432426577427 0.8172541097218176 6.828925602702971 0.7453476249012183 99.39111695760211 4.442897760652871 0.0
281246 151.186287956257 0.932011785536676 3.169597694298258 0.8291993411357642 5.915847820761435 0.7505507554125393 99.34367820907363 4.496590040547755 0.0
281333 150.901561403973 0.933399912567442 2.2933257241188114 0.6859128130434473 4.486307686683618 0.6392430729231358 89.01185342635041 4.197036751294523 1.0
281374 151.450076211262 0.933947559573416 3.1563950218267025 0.8245261312433321 6.270503945304677 0.7195549848056831 110.28878831519128 1.5612937516872518 0.0
281441 151.459565783557 0.934748788145781 2.7470588685347606 0.7888344910125701 4.594217905663903 0.6997543882405083 110.67480917818435 1.4392523084901343 0.0
281494 151.165763132054 0.935183491014596 3.373707917891351 0.804297464330132 4.888928872967903 0.7173479082495626 98.39595265610517 4.491032496915997 0.0
281779 150.761882331232 0.938605097478027 2.2635060480959117 0.6151581970002772 4.041627663594361 0.5441993338417422 84.5050304176986 1.286569346211406 0.0
281836 151.202409115021 0.939118253958553 2.7403352746016463 0.6982385894089593 4.8779963694923785 0.6164242112887104 99.66095233518479 3.3364202349246215 0.0
282065 150.47878152925 0.941638763671493 2.932073791784824 0.584345882254983 4.524232294793418 0.5343363116027342 77.80872173239894 3.1280495923239933 0.0
282196 150.568053546439 0.943139589400105 2.113886781947921 0.5980283091704043 3.3091383423268628 0.5258010633236304 79.4527818384476 2.7324559041473537 0.0
282388 151.638390910332 0.944811762742054 5.091273409564084 1.337483913015479 8.083594610003342 1.0464654363379675 118.41893534189356 0.028507741905036747 0.0
282497 151.630885925485 0.945950815637999 6.401355605516926 1.2573622468156842 8.011221787222787 1.0593599215545746 118.02558368022545 0.020911905723370636 0.0
282501 150.505852373026 0.944559001101237 57.75417826850262 0.7095584480661237 98.22146578591396 0.6599985542523379 78.13165548770985 3.7422430524995116 0.0
282642 151.208779746063 0.94740773944336 6.7636965180013 0.6747805958617605 11.518468716986314 0.6267815821084262 99.5441251282308 2.7424016064340924 0.0
282726 151.047668880545 0.947652503948838 5.512115756874448 0.7039168831773154 7.120947158185742 0.6404417777773952 93.3544550021261 2.833850604396898 0.0
282781 150.838366155115 0.94953144695159 2.1266200466665457 0.654946550272247 3.979681317169238 0.5710659489006369 86.1913791018265 1.9807280192867351 0.0
282869 150.471810914664 0.950200995916376 2.2445731657196233 0.65517355674414 4.278907900529661 0.5616088041903732 77.19569992454461 3.428400187433884 0.0
282917 151.454860125805 0.950713179283805 2.42933139287131 0.7698903284784112 4.8385952695286 0.6948143274515961 109.82022866418207 1.6795394024406562 0.0
282935 151.447350451337 0.950962282157729 3.7518431857666883 0.8019358316906907 5.9535375704826725 0.6785524570808974 109.47729223068863 1.8432764388592253 0.0
283042 150.860457487209 0.952570644119447 3.119187993650819 0.654430436482785 4.842737738868984 0.5876162032257574 86.72440584834825 2.116779846074612 0.0
283153 151.15422019986 0.953712649961337 3.2108239684165776 0.7126843324257919 4.530540637463857 0.6456860471347392 97.10104141111879 3.808968675381476 0.0
283190 151.131154318938 0.953994666506417 5.462030364244154 0.7111355126365837 5.848948589043287 0.6428066369373235 96.19298731666731 3.218578252365297 0.0
283226 150.572716739996 0.953709702696433 10.221351888674915 0.6414705189317281 16.84410285739892 0.5663113283810279 78.95976851897004 2.6030529646830254 0.0
283288 151.110552305507 0.954353333431517 6.61922770661531 0.735180114215992 9.67128560172194 0.6659719919509287 95.38664000355483 3.0519381508483607 0.0
283289 151.009170771074 0.954559069150315 11.453745916924904 0.7201556269575694 13.736162829423177 0.640995111351415 91.63348757812145 4.96406957046842 0.0
283360 151.018594081065 0.9547975530889 8.394938418348703 0.7039120580928889 12.896098580427484 0.6425898307121795 91.95947231663528 4.87360291906232 0.0
283383 151.202932581113 0.956064351952752 4.203034734934912 0.684605562047762 5.035529565022449 0.6151417608774764 98.92331177137386 3.0524512602112615 0.0
283426 150.671980395324 0.95579509679468 17.161950981258688 0.6609297276835724 25.257626505904 0.5993991670392541 81.17416949423908 1.4286324438331461 0.0
283485 150.781685928655 0.957227892228136 2.479956380374932 0.609373831798491 4.956007081199266 0.583209131917996 84.09123548072564 1.1152019315927992 0.0
283898 150.536526588666 0.960408011360923 44.84882827622301 0.6653096294039564 70.9680206771239 0.6090201203251376 77.82803119168868 6.106465054702254 1.0
284010 150.560937629126 0.963269308309493 2.0977834538655107 0.5709646730358855 3.6850324122244955 0.5339751910783019 78.17206891015097 3.968833071963654 1.0
284055 151.551997951318 0.963598146645163 3.435843284116042 0.9691196932372139 6.598267883036847 0.7898953554525773 113.69957083711172 0.552460113593684 0.0
284206 150.535784139101 0.965006497300694 5.295405651131104 0.6358618503596176 8.578433895381618 0.5627404894222382 77.55323073530455 6.187306790373622 1.0
284342 151.424518582173 0.967044685321575 4.649359925584844 0.7658351977006497 7.094259442384013 0.6752247557839083 107.81551799778858 2.6248998445417904 0.0
284505 150.562502652869 0.968865800405316 2.5933990337748445 0.5887287072523251 4.358164108504407 0.5371617198219901 77.89143558974212 3.7804997989091422 0.0
284530 150.614312302256 0.968100158503643 14.602572678684185 0.6046162538372545 21.57704790489683 0.5471115907359355 79.09368658507701 2.3691919927685112 0.0
284599 150.543792785379 0.969955240855989 2.066319511602505 0.570820904492789 4.175952627003704 0.5372641870948074 77.43751516270984 5.690458072265814 1.0
284658 150.480074075934 0.970786403335831 2.4998558646826603 0.5457303492738358 4.614698612979293 0.512068865017115 76.16090486254876 4.392571514531505 1.0
284661 150.965946626673 0.970697712433964 4.118965771263783 0.675578574383273 4.865816438347774 0.5951158341697654 89.32520609618723 1.7258927453807527 0.0
285136 150.978965036647 0.974811391454876 13.00433945529693 0.7406246434918459 17.128578943348685 0.6718158455035491 89.58172721700348 2.1189016309784385 0.0
285270 150.502114827809 0.977895516339888 2.9440124265367924 0.6028329718562601 4.1907067296966405 0.5446299075541083 76.1622255488092 5.093626274505913 1.0
285301 151.660594672494 0.977760092787306 5.011663755165759 1.2214237563125978 7.3430097561348875 0.9362603135500052 118.24072240245584 0.41124721722787944 0.0
285472 150.542757112819 0.979344392531578 4.511534876881468 0.6016964343658047 8.702235168574036 0.5559958174637911 76.88724060606427 5.23009110123042 1.0
285496 151.40154951959 0.97995109522082 3.2507421688674563 0.7534132569014862 5.792071398264738 0.675766539578622 106.27738610035945 3.0415126230631033 0.0
285507 150.485049030006 0.980121935748625 3.4136350027878484 0.588796083706596 5.566233941007745 0.5259864005848683 75.71709475280562 4.429355384641441 1.0
285530 151.036204964219 0.980395488330954 4.130846476855107 0.7122680900422318 5.656733479294634 0.6266505300975271 91.37943090051479 3.436134254375333 0.0
285920 151.090127735393 0.98442617832571 3.987292583103862 0.7248734224309931 6.650165921465757 0.6830869107372364 93.21495501237833 3.951358851901128 0.0
285950 151.594835722092 0.984527337726829 4.101291608815717 0.9401514570591633 8.323864140989565 0.7786337540848765 114.88949142810517 0.26142609874190065 0.0
285952 151.049276923592 0.984839558888931 4.157052604200201 0.7120869517672103 4.752131587234656 0.6401109931281521 91.65411757929685 3.475922881583706 0.0
286119 150.64397013097 0.986590872725996 4.671071527774855 0.5964512910692925 5.810081070857035 0.5425743816138534 78.7929707962663 3.970861026352865 0.0
286330 151.113711126708 0.988888380717105 4.04096120141278 0.712784989532227 6.856491075979938 0.6423272631540883 93.91809798850556 3.5540483628347195 0.0
286557 151.200227959131 0.991228249047971 5.077053403688998 0.6908201814340438 6.9696763379770355 0.6186028962468715 97.25433632912635 4.3319936729165365 0.0
286834 151.231388708557 0.994008875236516 2.950184850065255 0.6847468219881069 5.004090215935 0.5897764883682793 98.41101824598911 3.1201968478766338 0.0
287325 150.659251878273 0.998813923101133 4.969540152039819 0.5766921008841006 6.084558421441947 0.5363367926081697 78.51312256560657 4.282827686556635 0.0
287354 150.659661150885 0.998270148084542 13.233811294612908 0.5990794909322512 16.710735740235478 0.5435549926421541 78.55311047744259 4.2578379868859635 0.0
287383 151.130281350548 0.999558687956731 4.400618753799752 0.6933076875383762 6.163277056076642 0.6039100189726636 94.08068830308196 2.603593837528777 0.0
287635 151.369923120194 1.00253104768504 4.4271836324837786 0.7373639032906143 6.07658353703731 0.6197534319546607 103.96492930628982 3.6062145505853396 0.0
287675 151.546867157172 1.00279447515232 3.3501234488126284 0.8244405689207551 6.034013265188823 0.7317488220390843 111.96277467208114 0.943052688052948 0.0
287797 151.022238288855 1.00431145319802 2.392517597984172 0.6473744634242002 4.4619025008457385 0.599154097976232 89.73271349304518 2.7110775117090555 0.0
287834 151.217404202218 1.0044288985358 3.967490698937873 0.686280597032814 5.99067390937384 0.6360870345667347 97.37994106870859 4.283525707614318 0.0
288033 151.495647619632 1.00664040387489 2.7481181777248422 0.7171692758923237 4.993170202187375 0.6420693824629619 109.45019082355839 1.343052676630713 0.0
288050 150.611919268882 1.00655767732768 7.459709524555139 0.6104620038445014 9.108605333389796 0.5343650251008975 76.91670838897855 3.2891131323445735 0.0
288339 151.068087447224 1.01018096496255 2.7700348174685536 0.6762350981651699 5.096921084256607 0.6018002464100942 91.18150790014276 4.497363125375191 0.0
288449 151.551693782852 1.010766582808 3.6232974898531114 0.8631539796248088 7.0702276607823356 0.6834499755388987 111.88613861892674 1.0657112850237724 0.0
288485 150.513091006015 1.0114215879126 4.795030583571081 0.639260418409892 6.707143545107838 0.5521424917623101 74.4732584244216 3.010596653978186 0.0
288650 151.638108823062 1.01205117197748 41.02205161593599 1.0496417311336834 58.53286516187311 0.8351256560717066 115.91821577544461 0.8321864093354545 0.0
288684 151.535110292423 1.01322246723944 9.655558459093493 0.8469115998940963 12.247393701679137 0.7042081608298113 111.02075796300655 1.086496100213022 0.0
288828 150.622184773299 1.01558148237762 2.0443010741384007 0.5973334228185923 3.1080226919480336 0.5504320943443717 76.66999485724372 3.4216743855132483 0.0
289191 151.006908440526 1.01903143479729 3.579385022915598 0.6450985017013783 5.246262305884717 0.6122733339150085 88.4705987939848 1.7777002054003965 0.0
289316 150.568414881016 1.01951255623208 6.154132515092121 0.6028917759175324 10.899417284995716 0.5550504866978075 75.19131542027425 2.5267349988867807 0.0
289678 150.845325876351 1.02415204317753 5.925556524042827 0.6682028372895927 7.277448985463404 0.6085475708262191 82.6071717764909 1.1134239780464477 0.0
289785 151.355614428461 1.0247364242721 4.442068297899305 0.7178220305623656 6.957370093192528 0.6327573374884831 102.42985912366045 3.567059760097885 0.0
289865 151.401531387005 1.0262798885844 2.4203247539340205 0.6940080436787527 4.5476760291031155 0.6539676895574208 104.40964580352312 2.5679916600524817 0.0
290228 151.484877230828 1.0297810050442 4.017743698566189 0.7218494385724604 8.110385076350067 0.6707149983111911 108.06322381027611 2.031257325096516 0.0
290244 151.523812473454 1.0301595927586 2.274951660496012 0.7643646075207569 4.446518761354515 0.7141158628170821 109.85391127570459 1.4820764870853407 0.0
290273 150.492422925202 1.03078728714387 3.014191177529452 0.6264984655361402 3.6891640657180376 0.5786592656799073 72.96928434215997 2.9013404131427283 0.0
290414 150.554370009774 1.03247107099741 2.861412087478665 0.5904132295949313 3.53903586247211 0.5437502186776474 74.1569853494656 2.3234482012813014 0.0
290481 150.623466746927 1.03237022267153 4.527834358071959 0.6208785650367673 5.902924428906544 0.573076537572466 75.78343398863245 2.8738584433908065 0.0
290605 151.057283922365 1.03432262163339 4.733025136268573 0.6708243159461216 6.213545249394569 0.609241922441442 89.6528492237469 2.930805560717954 0.0
290746 151.011726436816 1.03576037365929 1.9868960442819574 0.6544442338398059 4.041754492274589 0.6185692641135968 87.86057132432768 1.6209419600990194 0.0
291173 151.354556338046 1.04017709252035 5.230882789724165 0.7030807170141756 5.990575665431695 0.6165685255879987 101.7570283458973 2.8125916265784254 0.0
291191 150.284164729778 1.04100705850322 2.113102684555928 0.604711729284557 3.9990146433988336 0.5613227507934256 69.3415932631682 2.1289458107304933 0.0
291266 151.304120086097 1.04157473685225 9.549526914081591 0.6801656959087174 10.343357860051688 0.653023775152333 99.48342379599005 1.0573761410129807 0.0
291273 150.668971071599 1.04187998992168 4.256286106199894 0.6315744591184009 4.795653009804807 0.5760413672079151 76.44311262256028 2.3631512101471794 0.0
291389 150.804320588305 1.04198043741004 5.147664788555325 0.6332029643316522 7.705638061121054 0.5901005517412706 80.39051780681422 1.2094233686124853 0.0
291517 150.482601946634 1.04335942420079 6.274191247757137 0.614563332935595 8.040314612585906 0.5381683017587192 72.06595322414229 2.679202838547519 0.0
291853 151.027967162233 1.04757687392042 2.8967886880886833 0.7104002813022069 4.814243519124522 0.6455864383357302 87.9199812744293 1.654520767850586 0.0
292022 151.280083326515 1.0491921380747 2.954387965404001 0.6817233108373858 4.635793634643275 0.5999037777984535 98.12471349768681 1.0295792005750648 0.0
292118 151.518436210461 1.05017274154013 2.5055156428228407 0.7621844392866157 4.931099602283653 0.685198833593166 108.85003261930798 2.0145213600015994 0.0
292214 150.503168007988 1.05154730068478 3.4963003270590836 0.6131270357672387 5.101924185981397 0.5367976893197169 72.00518670304781 2.280710557108929 0.0
292238 151.388098962422 1.05167234645964 3.350637716577936 0.6920378231230112 5.215111379379715 0.6526053048876232 102.79698894369334 2.0715366481828545 0.0
292269 151.529580139587 1.05199033710313 3.4502559150729755 0.8526391714412257 4.780612544690727 0.7280327288324119 109.30547592175795 1.9622982497503882 0.0
292382 150.48359106827 1.05220865372648 14.728392523673483 0.5870259496981586 23.959467364733268 0.5293836065738238 71.58186368520919 2.3750321331078643 0.0
292522 151.667292209831 1.38641664969396 4.71343879647893 0.909272930161352 8.039693216432834 0.7820279599639341 105.41657610343357 3.674783173523602 0.0
292607 150.979272491909 1.38480533405648 4.598245263491471 0.6418859093033544 8.326825622862897 0.6032540249857045 71.19018583243479 1.5611012659573964 0.0
292641 150.611686485544 1.38535757520723 2.236957006901904 0.5904665657606742 4.336994663513345 0.5513962755862795 56.798036458389454 2.555802373889463 0.0
292682 150.814232239115 1.38473374530228 2.0506062750628535 0.5589138032644203 3.699282032918315 0.537006216271624 64.20757802508396 1.1906108712544354 0.0
292689 151.096803753743 1.38611940871385 7.970867862656286 0.6355085242373085 12.730704968205186 0.5932488516167765 76.50826197731764 2.744591014704489 0.0
292707 151.248815886479 1.38418331270679 4.461699059917049 0.6705275687441016 9.167080436779132 0.6443605136002524 83.89067740450915 1.8138135809871543 0.0
292765 150.935088859444 1.3833766718811 2.2421957395757453 0.6251924464530959 4.4419956772133675 0.5887945511111397 69.30967989309103 1.4785379576160187 0.0
292793 151.202177242418 1.38384981792186 2.7365107139023612 0.621453159551033 4.9219893114807975 0.6058668245584714 81.62104341626976 2.3990407126805353 0.0
292799 150.628094254255 1.38317421877226 4.411604306428834 0.5906282801495922 6.747467854855607 0.5524411378952234 57.44488599680657 2.284565900631713 0.0
292837 150.973074739463 1.3831741602757 2.655554100291998 0.6346209852929474 4.058334927962801 0.6034966991112117 70.98138231411919 1.5260127539623434 0.0
292853 150.88135493484 1.38306025207514 2.2175692151578548 0.566650050466153 4.123585386837992 0.5302971335996896 67.03186631246813 1.8667335136190248 0.0
293001 150.93311114901 1.38304385983044 4.39312234185778 0.6307422044192776 6.4351983902847065 0.5918180052116725 69.23785536711965 1.4869044816255237 0.0
293063 151.667172760975 1.38033692245708 4.9573224941913505 0.8894839815786408 7.879625636219598 0.768831725496451 105.57599867647679 3.541407987897563 0.0
293117 151.243998561033 1.38023675904545 2.7995754703949522 0.6674947876220512 4.480050976805838 0.646170880345428 83.7893548851148 2.0036467450780426 0.0
293191 151.090023513954 1.37925359676595 3.4280214954482475 0.6306811927894559 5.932292028283475 0.5971442947408997 76.44990710783941 2.9116578558952435 0.0
293489 151.482045388241 1.37611934844362 2.692276346761225 0.6532909483985399 4.83727676629456 0.5845345238163931 95.95369542087812 0.5817423194048503 0.0
293512 150.507348032101 1.37623325672419 1.7282250237755852 0.5565439112850018 3.344665695240242 0.5127736333229271 54.16442508983297 2.9689743052006703 0.0
293637 151.625839420512 1.37558427351768 3.1803053826715724 0.8051335539943577 6.565902105163372 0.7024400660193755 103.50862256945356 1.8668923053675395 0.0
293694 151.507668393103 1.37412438558211 2.462850603554407 0.6378812036776949 4.2079376613163335 0.5956100668664001 97.34365177955745 0.9549738234875 0.0
293756 150.765953804936 1.37370823174927 2.414420202879005 0.5680780796748754 4.03378836355549 0.5225753657631653 62.82277975926313 1.2997587445810286 0.0
294076 150.734927523089 1.3699129707368 34.82318462954639 0.6217136299136041 55.372526218751624 0.5887674986180272 61.83593500363867 1.3546076639709541 0.0
294156 150.517093228958 1.37018600969844 4.661817592225136 0.5828219102419782 7.504198579137382 0.5364279289938194 54.753032553494556 2.9253778744502394 0.0
294387 150.60674216944 1.36850001723556 2.918009714368373 0.618846625200552 3.6266912193198677 0.5761335079222002 57.49455061099828 2.1538912314502086 0.0
294545 151.091733951411 1.36636558012366 3.2730499817386094 0.6261814531373936 3.6659791391720518 0.5807820043826788 77.0187287716148 2.8146973368483335 0.0
294717 151.240176928713 1.36532895834986 6.935761190043481 0.7008696165393369 7.568712916626929 0.6544173970178903 84.1198469054518 2.4581769370825564 0.0
294824 151.07738549591 1.36379655661574 14.140367378429042 0.6752190755496482 17.2200333663996 0.6066539606883866 76.45511061581075 2.712906642628193 0.0
294854 151.108742332487 1.36331433499355 2.700093628826168 0.6313306867984242 3.9056105351946133 0.5795247136913599 77.92439356102503 2.603642601305469 0.0
294938 151.138807177625 1.3622875575462 16.31672036275493 0.6513082079633514 20.988972285700463 0.6085008309166531 79.37043750003579 2.3508382908135284 0.0
294963 150.807535888136 1.36336565470472 3.07860423233893 0.5560559879913772 5.984638151795828 0.5331127431767471 64.90521185659075 1.3560214904803638 0.0
295180 150.770944622998 1.36060503271716 2.3114550792068167 0.591190408513773 3.9159481670938434 0.545335705940572 63.62058050742247 1.3400495810158937 0.0
295317 151.743385856011 1.3585556145265 10.046061132792024 1.034462191274686 15.075948817325614 0.7326693536133809 110.24438258423969 0.4892826625215906 0.0
295455 151.218702665761 1.35779461560612 4.011662617439506 0.6973905731935442 6.212362974326702 0.6468733180937659 83.34393394344887 3.282164672137395 0.0
295474 151.378663607506 1.35757518820867 2.554217598510019 0.7258649386993903 4.715471016844441 0.6544373548305149 91.25085884172286 0.679950767075979 0.0
295590 151.446303731187 1.35634703221381 3.413304385526711 0.6905429326815363 3.8479658055705444 0.6180521893785133 94.72374987310916 0.5581088470596633 0.0
295748 150.562914591555 1.35517972674961 6.036964446255638 0.623448392563599 8.758835010137146 0.5773876311155152 56.84574865714535 1.865986820936227 0.0
295972 150.482550016169 1.35438095860776 2.28491331295741 0.5639907922543619 4.10354774296287 0.5416446565697415 54.697625708166434 4.1478355252155845 0.0
296148 151.277767679217 1.35056904687003 4.942178235575614 0.6810987416859484 5.326632803604324 0.6177912957014808 86.47037848888196 1.8852090923237996 0.0
296449 151.690980230467 1.34821839600824 3.2305316002029465 0.7581527872575929 4.610502836965189 0.694233155947967 107.73084542658076 1.677729414161023 0.0
296482 150.80341261903 1.34773614043518 3.6138641013778754 0.5898998804694431 4.0044166438559525 0.5449227079793237 65.45817814534054 1.4208039252820515 0.0
296503 151.090633668 1.34758667172754 3.630352950020152 0.6266840941432993 4.024523045614569 0.6060661065365303 77.68922338606238 2.5893351517792786 0.0
296671 151.684200709792 1.34521222742597 5.351375083335437 0.8431928406064118 7.076944301671051 0.6760835211471337 107.45513994575043 1.7382089843484145 0.0
296930 151.21730156133 1.3426068188564 4.194011949483408 0.6999546034931041 5.446147138644973 0.6128422345828753 83.82082493308155 4.229391437946383 1.0
296933 150.493286177982 1.34254301460285 4.512816941012458 0.5768081198706 5.907986373988556 0.5274833137877641 55.613227157500454 4.054753305414967 0.0
297102 151.082343364021 1.34076799005244 2.4752044380650173 0.6349803435641432 3.672582084908848 0.581139468120798 77.57531891515296 2.54638866948027 0.0
297249 151.342631335445 1.33925127271649 1.9303899400581435 0.6485862153054772 3.547319127271818 0.5896977644544813 90.05556132557827 1.6136148494589813 0.0
297252 151.054139610978 1.33944538714311 2.8540290745404255 0.6160269654131753 3.770312145569516 0.5839352100172879 76.35129488494198 2.4843460971583307 0.0
297290 151.743729631369 1.34139021941072 5.422082651982608 0.9519252698982841 7.5157079277777985 0.683657099005918 110.72847334937057 0.308843992800317 0.0
297775 151.11146098054 1.33431700726417 2.4032442140894594 0.6387292689092565 3.872744009364382 0.5790827575877937 79.15780431731432 2.6558705411782535 0.0
297782 151.272647222834 1.33391466604827 28.227327135234265 0.7102321334061679 35.973760252960865 0.6361667756851762 86.80191421510122 2.0576468173402738 0.0
297784 151.576968900376 1.33377176584912 31.550994378871607 0.8322353679225034 36.85612347631343 0.7070660809696331 102.15414148004183 0.6894952933935686 0.0
298134 151.036171556711 1.33045363478688 44.83644670679085 0.7196685566726558 82.49450342157961 0.6975564536501706 75.90923557342498 2.3722959352142325 0.0
298329 151.147331592007 1.32874076427585 3.724816921082805 0.673762068283679 4.455895843046133 0.622299276285074 81.0291152160252 4.288036330408294 1.0
298350 151.09076998344 1.32861901071647 2.0225426934107995 0.6408258246295685 3.4053046117983303 0.5960950545891865 78.43379963880352 2.5220180227236915 0.0
298395 150.713013878959 1.32901859017868 2.4828426663606975 0.5614847581782172 5.086479285451485 0.5368009598257858 63.01168223250287 1.46109215004156 0.0
298623 151.055157357362 1.3261139384763 7.6598299882644465 0.6501607891555998 11.049366125448184 0.6039386037107454 76.92879031568091 2.498651177771272 0.0
298953 151.26059581074 1.32246600050488 2.6985642165787143 0.6681505985397517 4.539943213651603 0.6076676888096361 86.6247310352201 2.6589521858576055 0.0
299244 150.680036946494 1.31957507446962 16.771668873579674 0.6169830712974592 24.61456904432801 0.5784446998801804 62.348153007046164 1.680318886420089 0.0
299325 150.990694644851 1.31887505882837 3.7492797013051162 0.6470798092219533 6.497653467791635 0.6207757870013673 74.39686584360955 2.225804193162205 0.0
299436 151.102347815827 1.31879243264227 3.1690081018853027 0.6298057881477269 4.998151929738644 0.591649059108803 79.34477901046846 2.619235832417418 0.0
299472 151.175730236029 1.31732080837003 4.004921125855071 0.6639687855066988 7.091742182791681 0.6036455715173833 82.78410263230047 5.395427619695457 1.0
299636 150.954658847347 1.31675457535245 3.1489331562145835 0.637185868008002 3.859152867727095 0.615209334168221 72.95123217567898 2.2015342921692005 0.0
299703 151.294318877586 1.3163148979845 5.415555030893459 0.6736241453397568 6.9286958668542 0.6143560668604735 88.47418454518143 1.6970703421636135 0.0
299783 150.5108132935 1.31437970766215 7.157955767076112 0.5693294190648571 11.432436380965225 0.5285076903677495 57.589869139382834 2.568200374802207 0.0
299859 150.831959830534 1.31499187222767 4.101984595574076 0.6119296986477133 6.337543783031768 0.551711029605382 68.0639885512076 2.2473362373678394 0.0
299903 151.378306162444 1.3133455352671 2.465027035211143 0.6764072315950509 4.101659218848254 0.6071991051212262 92.69911569644017 1.177214838990905 0.0
299977 151.731321575869 1.31819651956464 9.52592834577395 0.8461768778670784 16.36078386526798 0.7104361314574109 110.71159050174691 0.40830896047920184 0.0
300075 151.398546220011 1.31163192246088 2.5839476575162297 0.6225343204460382 4.9238074038308595 0.574452287538718 93.76268198788529 0.7512239199048024 0.0
300625 150.521011886448 1.30615982342513 3.1236863558563277 0.5970444606287867 4.675740419832236 0.549912521663708 58.29833145860333 2.3107608336268717 0.0
301107 150.744548059515 1.30080214502392 11.590252076113995 0.6259855986574171 17.02065868108205 0.5790785085051059 65.49246985301407 1.2501912366483374 0.0
301674 151.147443563258 1.29443463107829 7.575255860165768 0.7081319902399884 8.503311916102044 0.6451529031414908 82.35052457251629 5.108020722808636 1.0
301788 151.186707071363 1.29317254889311 7.163867322679558 0.7202331333189148 8.3158707151332 0.6576195314834501 84.20841814154929 6.406395384604412 1.0
301809 151.204419131115 1.29334873372583 6.727866707656596 0.7314877410187758 8.856586444971335 0.6017931388535982 85.02653945872146 7.7191225479364665 1.0
301840 150.938496076615 1.2927941344598 2.5629192820704043 0.6161381109485883 4.090493273345062 0.5829116575018238 73.3131143003153 2.6693724110027977 0.0
301850 151.462984588582 1.29270892122792 2.910994401594728 0.6469340792501553 4.628785867210404 0.6023490347532389 97.61249219723854 0.6319320667505199 0.0
301918 150.507169574649 1.29206767618981 2.9708147903150444 0.5368703313265013 4.669792090349527 0.5137299344478503 58.711527097609526 2.635743334542714 0.0
301924 151.148854355518 1.29300155437965 6.565230492578533 0.7228724126271413 7.7810541284266606 0.6219830415250348 82.47068131249063 5.121829223690511 1.0
302018 151.334912866134 1.29076684026941 7.243944762453786 0.6714977476536197 8.377510741324555 0.6080378096637618 91.34546909224184 2.220070124182459 0.0
302067 151.346970530708 1.29018768500582 4.425521597352432 0.6805493549044835 6.522878855348346 0.6065206682520704 91.95295059597501 2.3017449216853296 0.0
302090 150.662704994332 1.29138440760235 4.926468874714414 0.6117210087065293 8.713177972856077 0.5712477452596351 63.197885992750365 1.9017044746770702 0.0
302112 150.524172878776 1.29051869114723 2.0142361874163894 0.5561303745076684 3.8628981122162074 0.5259976284639707 59.22682942651577 2.672763642373254 0.0
302353 151.218938708862 1.28739903651122 4.241159693731446 0.6723008138280001 7.17167837275656 0.6186763796253544 85.9291864979736 7.553538191134674 1.0
302421 151.22775717008 1.28626833310761 4.604645025819741 0.70398116760766 7.098436419426225 0.6275940195943461 86.38502516657773 6.754988213281593 1.0
302435 150.580569582714 1.286814508174 4.137599737110987 0.5618795931904675 4.5672324965538635 0.5356676908449189 60.95209981948261 1.4581079178793082 0.0
302558 150.924699656528 1.285262281531 3.182894747909516 0.6332902657024626 5.412092929823454 0.5759412047405558 73.0801981317665 2.6325511740422867 0.0
302571 150.996280247005 1.28498282700477 4.181913703734475 0.6663409300430707 6.39755666807385 0.6163682650333208 76.06303166323191 4.3775735164782095 1.0
302578 150.932001526507 1.2847263550814 5.772570812689339 0.6290275559502146 11.186993398666454 0.5942160072165659 73.40085523352573 2.6707276513256604 0.0
302616 151.213301816834 1.28458813021826 3.57872049213524 0.6951926137569776 6.622452374095123 0.6189734806372903 85.77125313008965 7.59292800751605 1.0
302731 151.039785885373 1.28317141237588 2.300954887704757 0.7042153665881847 3.7464384813478584 0.628618898338649 78.00380697667985 2.3946103285297515 0.0
302880 151.06378008749 1.28207431484687 3.7895134927156264 0.6764590589755682 5.382018823879611 0.630185213225446 79.09471651640126 1.556978866180084 0.0
302885 151.361972276768 1.28205859792258 3.4934786142541654 0.6942604870072792 5.379970508503918 0.6376291940622516 92.96865644949254 2.36277726753868 0.0
302973 150.879130882573 1.28209436263312 2.8416250364740585 0.6468571298100381 5.146201430229656 0.6162764462192393 71.40272345576412 3.364195642440027 0.0
303350 151.373305803067 1.27678176152849 4.617771214802914 0.7052001852348521 5.292442366616632 0.63501864779091 93.70603062149327 2.343118848971828 0.0
303424 150.994531825707 1.27671706115962 3.3792729286115843 0.6774020583468544 5.458792279963853 0.6099706787504281 76.34109085812521 5.131416487454896 1.0
303697 150.906179706883 1.27393929927807 5.43136746419986 0.6086489626135593 6.434475273667287 0.5661506486753874 72.83996254340754 2.428774875484465 0.0
303700 150.694121888469 1.27397646874429 15.407108158405599 0.6091861121558438 22.005355439829415 0.5646230390690742 65.09539080559036 3.392508376048552 0.0
303732 150.696615521868 1.27282942624591 3.0073681035574102 0.6110050182969229 4.062345804499943 0.5522931925616382 65.2349092738625 3.421289022741202 0.0
304108 150.837559045528 1.26846321827076 3.9049839886382816 0.6267755990738554 6.823131914078083 0.5950053065158495 70.43132879033286 4.234228021264492 0.0
304387 150.832269190154 1.26695264415274 7.524763109265795 0.6446380735946777 10.771132328247072 0.6088121341655728 70.30328690880549 3.9931141011112894 0.0
304446 151.240980015066 1.26471564569421 3.1588424934548884 0.697231041588297 5.799156808026723 0.6553149062896236 87.81218395047462 4.059891869931324 1.0
304586 150.893786981357 1.26339471567682 2.296734518515097 0.609133505653302 4.403001201586806 0.5643603298748935 72.82646718479755 2.5211717586248232 0.0
304630 150.525348441269 1.26102274367874 6.707310933213723 0.5634518402745804 9.089948641388217 0.528997043057297 60.859372586944474 4.584009487763101 0.0
304723 151.690779503754 1.26147661425339 90.98674042555605 1.477428933593818 91.35359875673798 1.3797823457227563 110.23522635947052 0.8545924338465446 0.0
304917 151.439265425982 1.26000308099536 2.5241401448040586 0.70456005564437 4.209665364089219 0.6311545319946036 97.52448034400734 1.1166497307184917 0.0
304938 151.255921536618 1.26086044686474 7.683765714845362 0.7249504376356628 10.476679267386215 0.6514998223323331 88.65628389530323 2.8667397666523753 0.0
304944 151.113289661047 1.25971294624761 3.210330044744139 0.6924885775046531 4.11825858226844 0.6445573877647882 82.18727060517995 2.233538337995563 0.0
305007 151.276288354134 1.26046281966818 2.3600077375795543 0.68590372339183 4.118991227131885 0.6286328559314782 89.62932591688109 2.1916956018497284 0.0
305021 151.185793502235 1.25915621404012 3.7442473710418374 0.7502453714102718 4.976691486963508 0.7219999327362729 85.4741493722853 3.7971311489058746 0.0
305192 151.662209356348 1.25706204277632 4.315125536239689 0.8193469657245388 5.228970341986416 0.6656905739169133 108.89057654077493 1.1452441579512593 0.0
305251 150.792377289459 1.25649503951867 2.6310473227498545 0.6586515716365964 4.7845692132335795 0.6215308876230178 69.3357303625352 1.7392195296240343 0.0
305279 151.376213555203 1.25583291472162 3.7763820245691115 0.7345364117784041 7.694671564984027 0.6785634918198775 94.58144268067197 3.602735110475978 0.0
305361 151.703276671953 1.25500952459822 5.35516912789542 0.9280229848328231 7.12865641054235 0.7503610918125647 111.0784008912073 0.47305413966380616 0.0
305414 151.018984327177 1.25379531700972 4.3455753641012 0.6906061073735568 6.305766696250677 0.649175239325882 78.35034046674727 5.882058421875431 1.0
305442 150.561700331494 1.25351198474467 12.286977125918247 0.643716055904046 22.182378662608205 0.6036512369609671 62.20810350003105 2.730686021624501 0.0
305452 150.530709436214 1.25374647334952 9.83700703711161 0.6076623492718938 13.849064819241082 0.5607959546721926 61.39062420531359 5.002245587169463 0.0
305504 151.054649959 1.25418967034548 3.5181371999323363 0.6963701668626002 4.460272140694428 0.6648520625144999 79.85290633252438 2.1210068814889596 0.0
305688 151.014192615602 1.25110743568594 7.551106649369809 0.6836569233773037 10.779629206021905 0.6412625460405849 78.26349374820967 6.438230273104278 1.0
305741 151.344214286101 1.25037152329939 2.6714602194336603 0.6593331865119849 4.675837118653404 0.6349483705384551 93.23147893924259 3.7499193976999297 0.0
305759 150.812678529048 1.25000827642256 10.359664809326901 0.6842203273093268 14.78161872234254 0.6306343283895407 70.3805125135473 2.3557025211817906 0.0
305763 150.537834809214 1.2508490031463 3.228873685394207 0.6351999894733198 5.386250523956439 0.5638185074521552 61.72894456969001 4.857590009118527 0.0
306152 151.011612434278 1.24574590869071 4.6087028997866115 0.654931695216453 8.76665332228274 0.6415226414051123 78.3854257621074 6.624759779959051 1.0
306170 150.479201727699 1.2459939644862 3.6615119369062534 0.5768000900101107 6.228145741310337 0.5467199411961916 60.58708997217011 3.2857953662528554 0.0
306185 151.558959630683 1.24752959703839 3.645017049416156 0.7679277495233635 4.852558012760951 0.6502402525875726 103.91856262507562 0.7001771784810218 0.0
306438 151.398191737936 1.24287653565798 2.762940523260947 0.668941171352863 5.2208110731451445 0.6144983467504749 96.10508364212276 3.1599395787726676 0.0
306584 151.14653049303 1.24116039737244 3.579089776048835 0.7089728206052475 6.209390547846447 0.6506230820617374 84.41253663662194 1.8384149716243692 0.0
306642 150.63771038517 1.24057199575886 6.139233042267227 0.5939775232979292 10.641516507296572 0.5536484567989317 65.03983909062526 2.377342345162199 0.0
306715 150.57387073405 1.24014904129523 3.1698530255397714 0.5853677775024223 4.911240419881419 0.55049325538306 63.25169110525089 1.9892189033585586 0.0
306964 150.517238691361 1.23778096138691 1.722966848329445 0.5749077128650434 3.4040593730506354 0.5325866423599539 61.930169694384894 4.7363731015347295 0.0
307107 151.367475129729 1.23519059762634 34.20560157752463 0.710678299556526 42.137135810499814 0.635809852739399 94.89434367394695 6.313644920884284 1.0
307241 151.458268752362 1.23410962511188 3.453682092080257 0.6959009591364054 5.42750177753056 0.6493658686264674 99.34673086006784 0.9423836929042292 0.0
307335 150.618813096781 1.23563473377383 2.2959271928044105 0.5945665948882621 3.311411601564848 0.5466459041493582 64.74507731487097 2.478082162565448 0.0
307551 151.332039943203 1.23082555318824 1.810193047825732 0.6627915398709765 3.6438376843261304 0.6025672830912953 93.36062935170169 3.776539503708702 0.0
307582 150.559273834266 1.23091024476208 2.6703497924912423 0.5701808665881185 4.6571250598168 0.5335501025454056 63.362005837004645 2.7840356651384 0.0
307659 151.77579418237 1.23122187394809 5.740852311745308 1.2170838171447218 8.008820411703761 0.8266931583375992 115.56199551409455 0.029243033444403804 0.0
307682 150.978854458448 1.22981990458766 3.7152439051752446 0.6425087337863823 4.764912312919302 0.5975069088822769 77.7277711639809 5.3896484554525514 1.0
307707 150.966367502247 1.22957989707905 3.049062034291554 0.6287978759795377 5.705431829699532 0.5826036633869974 77.23257437200388 4.700196011601789 1.0
307779 151.48825058428 1.22891933876635 3.3674940851206947 0.6822271463415898 5.910341653398424 0.6101577156447412 101.00238521594893 0.7845173137797556 0.0
307817 151.091522762734 1.22861085882106 3.593633742288848 0.6228728147571271 5.377913308682604 0.5935087409651736 82.50968592350101 1.3222510641137128 0.0
307931 151.388238171058 1.2278837800644 5.816689939557577 0.691281201244739 11.501201990063977 0.6202666696393171 96.15515936707398 5.008677425383839 1.0
307960 150.47058345181 1.22693246038246 2.7642751215051686 0.5600370913034641 4.246531049289181 0.5158481665477709 61.45989823425954 2.8473457323860702 0.0
308081 151.371712829554 1.22710477617989 6.508425536205675 0.693370688205901 8.275622888873812 0.6279894418044766 95.38875125435267 6.842438102201097 1.0
308118 151.397204986911 1.22647020917145 2.484950340133939 0.6516238566649184 4.47769569739597 0.5939625945002658 96.63808631559611 3.8374184821715893 0.0
308294 151.496460750833 1.22331684945887 2.9519998521733632 0.7260263762643046 5.879945647250959 0.6523368401178016 101.59866215811672 0.785351439466827 0.0
308322 151.372565882083 1.22325351665205 2.73916008133826 0.6901414991367498 4.518290918355108 0.6185099958481057 95.56861925740228 6.919853375620771 1.0
308606 150.901355544872 1.22035996364044 3.874467154030384 0.6216090408478055 4.246453406960066 0.5744279518833242 75.08957169352338 1.9426771657904558 0.0
308640 150.754677758268 1.21615748279492 2.909258329416549 0.6164453645249992 4.993689877876104 0.5820848503908141 69.99612615182185 1.4941151794490697 0.0
308641 151.327187692348 1.21979416571886 2.204232245921348 0.6587550426855212 4.56485107884746 0.594843467969476 93.53768178655105 3.554009559069175 0.0
308778 150.951735159008 1.2186356376643 5.754929908970311 0.6570248128764953 8.848640016544698 0.6152400048196222 77.13584759078228 3.375037589316436 0.0
308823 151.536930602168 1.21793719860845 2.5544421560920667 0.7148500222670889 4.229532658376585 0.6082085197797471 103.78809619921618 0.7170675487945574 0.0
308832 151.416836677362 1.2177640176872 2.0995684548746407 0.664505746633397 4.318093713637256 0.602461274916238 97.89631716246099 2.1552578658352957 0.0
309173 151.241537765731 1.21422997317031 4.257439603389557 0.7064765779445937 5.605897454017517 0.655700993393849 89.76778901951839 1.5209481411152515 0.0
309189 151.355414469279 1.21417294983124 2.92915807124444 0.6439717057925382 4.552781881372902 0.5836593157907668 95.08108307054559 6.357939254708222 1.0
309264 150.540402660009 1.21347459688593 4.426088012950728 0.5999345805705644 6.188486348623171 0.52117249892376 63.829213879318026 2.8995854176603872 0.0
309361 150.718926959303 1.21254295993064 3.5753577809721038 0.5713763634415926 3.9189195634934464 0.5241624110230754 68.9990769993375 2.318074714948243 0.0
309493 150.828964753717 1.21087096493494 4.777120957562069 0.667115912864792 6.641761750949568 0.6160141104292947 72.84244323478272 2.5210920708082085 0.0
309754 150.653050738838 1.20858580926177 2.2216137624562964 0.5448625132335684 3.4661898463922314 0.5249379844976765 67.16294756992951 4.427743260952145 0.0
309808 151.3134934041 1.20718646091122 4.433606185346464 0.6362056052170967 5.685240060006914 0.5710413042210476 93.36501321019102 3.433641842473754 0.0
310416 150.998687940359 1.2014666832753 8.136679945143296 0.6506016896350472 10.939241490587136 0.6077529923635961 79.78540514593983 3.011473570387925 0.0
310754 151.370165732964 1.19836253786932 3.8576597658226097 0.7144072443047096 6.377481683775107 0.6312268565323537 96.36140366397859 5.217886463703969 1.0
310866 150.628254158867 1.19760635546389 5.863531131803701 0.5926960490869873 6.570406776612871 0.5481143356222373 67.02095093754397 5.044767005693451 0.0
311014 151.307286758458 1.1960482647624 4.541406443217192 0.6597027373847988 6.62964980512797 0.5968244031945473 93.49667964984488 3.9030344589179875 0.0
311286 150.612813971907 1.19299504076963 5.433227995872768 0.5950622349195677 6.4616413331716 0.5604571740218915 66.83376557600063 3.7948466643606733 0.0
311368 151.14862892613 1.19234160165423 4.3439287801796285 0.7156215982177334 5.824865045888869 0.6684018620759808 86.49069857781399 0.9661037373240965 0.0
311596 151.574563029993 1.18938014768997 4.325064011886426 0.8131846168805071 7.6438885888604675 0.7096538882105907 106.61755146474168 0.7480374308993588 0.0
311839 150.976562944863 1.18207982110201 4.5821145867677595 0.6435498210696091 9.466324016470306 0.6083088238831961 79.76639113205263 2.138567854937354 0.0
311903 150.524128234134 1.18586325453828 20.47554725512548 0.6175567686773198 26.891343432537017 0.584350590040043 64.95267086014117 2.2243865327547754 0.0
311938 150.635367324638 1.18700459300949 7.034885851146325 0.6017886224219617 8.259400406212029 0.5519813742723928 67.78323509682095 4.902854210498218 0.0
311980 150.826748987117 1.18519175597208 6.705224762374083 0.6115423329352347 10.11773929493316 0.5723322785496734 74.00242416186252 3.652435102082931 0.0
311994 150.861630927985 1.18618658747187 2.3586767446176147 0.6368066056096391 3.8980312017601886 0.5929097233142558 75.2061107409198 3.1738328505981435 0.0
312057 150.986811198426 1.18431733520945 7.912424743271183 0.6315124450064635 8.58652376253899 0.5904592258241554 80.07236755206578 2.2598341500946644 0.0
312164 150.676136989028 1.1832612015222 14.62149461645355 0.5858852957523416 21.594793619322157 0.5575597374130731 69.16955113054254 2.7279219684490967 0.0
312288 151.530236349505 1.18230773949145 3.0144481053959753 0.6703933467428793 4.301623882859008 0.5866824351150879 104.6657798068629 0.8198193941262674 0.0
312419 151.335596123248 1.1806409333118 5.77304271838785 0.6621516843209119 7.316476938711142 0.5859555844553072 95.39723206688741 3.166039606098578 0.0
312583 151.319671909766 1.17890390558509 2.515838982353029 0.6227901467209833 4.711982262437576 0.5690128694019296 94.72349832577586 3.524669114433787 0.0
312640 151.146112691316 1.18030708296779 4.039517929659817 0.6853057189165505 7.509126484974605 0.6200443911107114 86.8790751146911 0.8823734079100869 0.0
312773 150.693516883303 1.17687793884101 10.507450995451352 0.5921908591430509 13.766345480115682 0.5220620894504844 70.02566457452977 1.7345220241617925 0.0
312807 151.373276520679 1.18390170642423 4.883732502360858 0.6639431436483186 6.697759510371822 0.6051102431958841 97.04214907432544 3.6584905064868876 0.0
312976 150.953419991493 1.17523873812153 4.1207156593987015 0.6010856228040767 4.681760854960555 0.557884753610667 79.17132045869155 1.7206271194361322 0.0
313190 151.294667035408 1.1754260420976 6.596018058133685 0.7044672321846837 8.2333561045373 0.5874522015100155 93.7046917391161 4.66936070692229 0.0
313198 150.874079971142 1.17505843007004 4.07872228421914 0.6137283239289121 5.7119752882786985 0.5683125561949356 76.19030713685738 3.060698930577559 0.0
313226 151.43390330105 1.17300154425938 7.454073631410067 0.6871115042288263 8.649067040701711 0.6174464118233192 100.32195472581623 1.392266809137621 0.0
313345 150.494001852658 1.17238705362813 3.853909757210483 0.5720740653883503 5.36884859894858 0.530122676565334 65.01925638726047 2.4035184839968142 0.0
313416 150.52455107574 1.17277413894393 3.4531899710489578 0.6196714019434227 4.850753568979521 0.5730214668856303 65.68586749398435 2.184153614953659 0.0
313498 151.520993461155 1.17016305712381 3.4364959689689076 0.7017626594708984 5.247109804740815 0.6039292943568566 104.63325578476976 1.078677870420904 0.0
313839 150.991305987214 1.1668769204248 3.3650243379984173 0.6384128376656454 3.780851415756295 0.5863993303240055 81.03531082884308 1.9648304336042581 0.0
314366 151.065235527773 1.16602519972532 1.9248504238340358 0.6474145784656723 3.927309184120431 0.6103606029050807 84.06323342981044 0.9457918864628827 0.0
314377 151.441174068531 1.16150950086518 2.4686793149214488 0.6392381772221684 4.836329349615258 0.6069837410089942 101.08632208714796 1.416755402527428 0.0
314496 151.529213037028 1.1619140033417 2.6906005343011636 0.6894930714020228 4.7361810458648925 0.6133410511384095 105.32211779130414 1.133829144338342 0.0
314559 150.845548072557 1.15992835712435 4.348224860297181 0.6300484171831281 5.469485418447965 0.5821195383567567 75.89161451301716 4.888794111667885 0.0
314693 151.098876748936 1.1581237064079 5.855457282400463 0.6542624824452973 10.852239204872488 0.6099101872641634 85.80397780111913 0.8105236121553586 0.0
314705 150.799518779234 1.15809773864385 2.4901670548338526 0.5897524688715949 4.856407552916037 0.5437651548470955 74.38935292153282 2.8534319690888297 0.0
314888 151.63594154886 1.15668352427402 6.193343951455923 0.8331347241545519 11.916453252737615 0.6889810837296871 110.76804819197564 1.87782869795636 0.0
314932 150.881825210308 1.15928524111435 3.4048117182065423 0.6043043526323126 4.154110024306826 0.563513732339365 77.22414255941109 2.9358510188978775 0.0
314965 150.58182053304 1.15780717818007 2.000596760748558 0.5860672121395344 3.892421897571936 0.5332127511320086 67.90358905936162 2.161802751499727 0.0
314975 151.286621856715 1.15510020542343 2.4977408515847754 0.669560710957332 5.062130496529281 0.6131318932621035 94.13020898542652 4.6776618992663535 0.0
315016 151.271466709433 1.15688100306127 6.71840091026886 0.6535055703036718 8.799645517952467 0.5825498803009761 93.37449544598672 4.034494907208747 0.0
315187 151.693459782002 1.15267719916345 5.19608733486576 0.9439013758069664 7.032539971222403 0.7923485955324124 113.78327374472342 0.799211598891075 0.0
315198 150.77475012568 1.15432495201025 5.934851907462766 0.5655746781247465 6.959732196886714 0.5374649240617867 73.75099610887527 1.4903814169937357 0.0
315371 151.280508772611 1.15152728482291 4.857186422648724 0.6946029379267084 7.337560114447633 0.5936536990648691 93.99424365033045 4.425954529696091 0.0
315575 150.840439985917 1.15058466275067 4.630149951513276 0.6070005365857963 6.588592850516754 0.5663622272412246 76.16635437629515 4.8075528773686065 0.0
315736 151.503656184815 1.14734894362122 2.46299551015007 0.6531009561578281 3.9366186667692893 0.6027384309915574 104.59502795023604 1.772707196348708 0.0
315759 151.270045907204 1.14742557098254 3.150352053684129 0.6488776204499297 4.843195094678292 0.5982625374202615 93.68542463603903 3.6669637983415564 0.0
315760 151.278714185806 1.14729978815133 3.948535360803379 0.660036175717726 5.494483158180673 0.592607394643013 94.08042900193865 4.131808533467331 0.0
315893 151.412867625931 1.14542399644827 2.940942322658751 0.6718181135467225 5.9184342245175054 0.5904576807031781 100.336363302736 1.4067888367570764 0.0
315899 151.65754766629 1.15107133017943 32.06374123009759 0.9729232975747132 37.474797641265376 0.7834167146984125 112.03361975049464 1.3545931286915747 0.0
315912 151.325030682697 1.1456565966053 4.419501934784602 0.6800500048720229 5.519001137849902 0.6023977704440674 96.24880016877941 2.2137189361960097 0.0
315958 151.298315484087 1.14463604609896 6.900729305923519 0.7039654437004763 8.67183645846486 0.6250578322700414 95.0715021011834 3.5306982302239005 0.0
316122 151.441091372705 1.14292093100993 4.619557825313062 0.7006164964241189 5.253393554235699 0.6115414487360431 101.76206598008343 1.6449088635242206 0.0
316171 151.322442375639 1.14290446095134 3.003118570209302 0.6932253309770975 3.789190691191433 0.6171309367477605 96.237282163532 2.1708670258492 0.0
316210 150.858155039682 1.14179018684669 2.4534943809959833 0.629771940872532 4.417767021447155 0.5768588134610033 77.21654268673883 4.1098708735643985 0.0
316528 150.638161229747 1.13797939281998 5.334744817495705 0.5904264548459721 6.619159206251978 0.5323543334210031 70.46436078385382 2.41318808966768 0.0
316702 150.49144668515 1.13607110031024 3.0533905619496315 0.575084549494498 4.589743492833544 0.5354098230298007 67.00011873957104 2.0282608275384715 0.0
316704 150.956632369725 1.13658958263873 3.3334969942713055 0.638639207054185 4.594012275813828 0.5824939984256272 81.07663369837113 1.5488664573927107 0.0
316753 150.505279602763 1.13637945006407 2.719125527705092 0.5937168164260026 3.760230617472289 0.5340302102611051 67.27804713708976 2.1325272910450956 0.0
316829 151.035118504143 1.13734248463387 2.8214014630413233 0.6308416718161095 5.54724363163513 0.6035282453311668 84.10455133828621 1.0055302973394398 0.0
316869 151.60145420041 1.13235152764558 5.666386107560554 0.8646657159573166 9.423238318015779 0.6961962579017577 109.88458134905888 2.899042190488488 0.0
316872 151.440084424921 1.13509083795911 2.1787288653487886 0.6979539091955724 4.077719500704814 0.6091268881846753 102.0030761139279 1.807818934102674 0.0
317014 151.468618131518 1.13514298958644 2.8516468198934937 0.7483478545153803 5.15496857541545 0.6598673091013167 103.35489837882793 2.3221308529096363 0.0
317074 150.568310780899 1.13224471843256 2.809133588761089 0.5740364599882107 5.122869974710981 0.5405740937485403 68.96072685164675 2.6914618233797833 0.0
317122 151.057674073791 1.12910843356577 10.261521815085025 0.3629839849310051 18.961258523038623 0.3449710229847794 85.37753199668921 0.9917170619247831 0.0
317168 150.832743266504 1.1313860095809 4.447717517712807 0.6274813776099742 8.600047305133517 0.5880599362184475 76.84034627789825 3.5868290943508523 0.0
317189 151.251127700604 1.13250524237988 4.488450254438932 0.6811589154417833 9.133449591105418 0.622275455670006 93.4397129891451 2.1984733447769926 0.0
317249 151.478567909229 1.13031137462743 3.771190752861292 0.7061509319853895 4.538913905560499 0.6298060405375944 104.00512747059939 2.5383653524165735 0.0
317346 150.621343118787 1.12903903146849 4.581758616646586 0.6377647974156074 5.725114353270018 0.5588211613030063 70.48848275516036 2.3623967343333283 0.0
317353 150.610690236025 1.12906433761886 2.130948445564541 0.6068053582935738 3.778691722910147 0.5424104056501279 70.20605122800357 2.500607851691602 0.0
317486 150.875547100456 1.13078084467331 2.10944229296049 0.5929606609779302 3.5919847119257273 0.5598855050122734 78.3660361328302 2.7395174228381767 0.0
317498 150.985656332729 1.12784504168551 2.486239872349653 0.6668224579471211 5.138981466182556 0.6088525262031234 82.5918323305284 1.2281695998755033 0.0
317800 150.484726570713 1.12468890277726 4.4483111016882875 0.6008562971166977 4.969257781181202 0.5498963493974779 67.50137054335389 1.9179469208070146 0.0
317902 150.743703526999 1.12331355076252 3.1299178287581424 0.6047184777315175 4.768565236430015 0.5421248801695143 74.32973671533406 0.9243224107608692 0.0
317978 150.899638690647 1.12269362511221 4.623394270567865 0.6235845098825143 5.370598448455476 0.5804200597937251 79.61899288871449 2.137724838108588 0.0
318209 151.624292702201 1.12125706361592 5.276093956595192 0.8546454451407143 7.717945851026539 0.7305609716596911 111.38898232523681 3.7310865130406534 1.0
318341 151.48200435128 1.11869253120891 2.3617497327214805 0.6805458987595845 4.861835434149527 0.6241634003642547 104.59295196100453 3.1138262150238947 0.0
318352 150.496068254625 1.11940228747371 6.214948219242038 0.6336337386530521 9.145271054183267 0.5840995593852497 68.03405339230038 2.0800184446657095 0.0
318536 150.887604399028 1.11671437678991 4.826830460886588 0.6250626866040749 5.8322795664190386 0.5861203973595621 79.47461471627706 2.192577901062333 0.0
318647 150.482361404582 1.11595325938412 3.335507299670956 0.6001821273005081 4.032122208101537 0.5574141483889784 67.94618311334506 1.9041919959683413 0.0
318777 151.136274384641 1.11382446848411 3.258761140723981 0.6767259329766495 4.792382503735998 0.6454267758347331 89.27358154142479 0.9379404091803062 0.0
318849 150.769243982471 1.1131933973713 2.7848309732040915 0.5842909945489749 3.89398066711796 0.550352778134199 75.65076984869171 1.12197505192942 0.0
318862 150.548236243768 1.11298581163056 4.712845083743367 0.6413422950968319 7.140505299517548 0.5840361579211442 69.54350424916497 2.7116642990555717 0.0
318965 150.626462045341 1.11232753726107 1.6076811231236678 0.5995489342357068 3.271319832524177 0.5760117008851492 71.5235624819434 2.155909814941717 0.0
318978 151.496755147149 1.11159316439073 2.7179487893207273 0.7150642489907612 4.934206711809104 0.6019470200269382 105.55411600691448 3.145763852634782 0.0
319108 151.505597590431 1.11023861472892 4.114591495148766 0.7065648514700864 5.019399274578983 0.618748845799194 106.02476898394073 2.7825763281086195 0.0
319130 150.50574831375 1.10992228966459 6.303942165896542 0.6329633529696125 8.432714051044266 0.5630879227500126 68.77064211255507 2.287745915347603 0.0
319144 151.500506323077 1.1095390383332 6.365309993275715 0.714797973374933 7.558220643869878 0.6010734987583787 105.8076832293859 3.0810023019798733 0.0
319184 151.481801923546 1.11335126442442 3.703753548646841 0.7089312766632693 5.281899491147572 0.6170326541775903 104.7792058977639 3.45278317650584 0.0
319240 151.027924368894 1.10893420081662 9.450438498941676 0.6697771625848175 15.26197494499933 0.6098271885156612 85.09978860694115 0.9133009385269669 0.0
319563 150.95292164821 1.10562818563409 2.277471881570217 0.6143367996145109 4.397578341996493 0.5820970310945193 82.38399793669727 1.466655985979129 0.0
319973 150.472644688346 1.10032321243168 2.496320692266432 0.6137922995174824 4.011342133596779 0.5379643844177281 68.63775847934326 1.789993649389405 0.0
320194 150.516471738226 1.09849396194771 3.0794684700056174 0.6375272179451015 4.089505168480021 0.58595584197547 69.6404978807926 2.428996518236174 0.0
320209 150.568218036648 1.09919623167978 4.3949470782280455 0.611948643933435 5.4537174588736965 0.5522256192708938 70.77420539335078 3.484558667961243 0.0
320257 151.639624709052 1.09686039833157 55.95366166955788 1.057206239764849 104.98928365660228 0.8643388721109801 112.98241194760833 3.734863325520536 1.0
320344 151.57252610499 1.09665622922243 5.8204327376051435 0.896036957771053 7.786942970751739 0.75417676806623 109.72528752701446 2.61889321849332 0.0
320347 150.598895913136 1.09652811150479 4.091258520261131 0.6506816001395925 4.674389726577834 0.6005579433922561 71.66960732589376 2.9851669129507723 0.0
320574 151.471305206601 1.09413435271107 2.8737563422392154 0.6747213086107491 5.696486995601338 0.6371596961772634 104.99512340198838 4.146379657922236 0.0
320750 150.90604245488 1.09182656267764 2.202152384325699 0.6507656838871794 4.551761844007662 0.6257988465387816 81.332908257287 2.7546675567577013 0.0
320771 150.909152675237 1.0915025543179 73.86603284350652 0.7899160258470126 145.2597845663332 0.7463614174025086 81.45953275489252 2.7387293544543243 0.0
321039 150.533461363651 1.08835516001297 2.130601437145036 0.6522830099420256 4.26876199239171 0.5775823163586664 70.57764004862838 2.5402250116501595 0.0
321094 151.606986038644 1.09003434008916 3.7882148185341302 0.8947845728703681 6.702889312016757 0.7900605546370767 111.62829644992989 4.226994174450517 1.0
321146 150.64257353974 1.08704428077773 4.861237562463335 0.6417531493528955 5.450797566506673 0.593639471075869 73.3116508551097 1.6984669507384218 0.0
321159 151.074814587024 1.08684449557012 6.111634863929572 0.7321454281357287 9.176469621918407 0.6796453855282463 87.95077759630824 1.4802787791109602 0.0
321232 151.608894009952 1.08681229318376 4.118656965960443 0.8780588055698544 8.326612396168017 0.7915255095877567 111.8344947207459 4.270532064821234 1.0
321498 151.477098216793 1.08354383818218 3.5466967525421254 0.7214103500918131 4.9428468995545884 0.6276900231110747 105.66280333404491 4.135130489249034 0.0
321620 150.828323338187 1.08227803255514 2.95536435310163 0.632248581526189 5.164012168496114 0.5902840734853602 79.12893340948527 1.5845350791073978 0.0
321860 150.504843393655 1.08043147116017 3.0816172182448414 0.6266691159846959 5.103507033662652 0.5735970244497081 70.40971598455651 2.1800541630825645 0.0
321877 150.997236404689 1.07945674877075 2.880091338246515 0.6715911311177435 5.008657722304247 0.6167618202222701 85.27254933839056 0.9386377378534769 0.0
321983 151.149557938456 1.0790219672598 2.644045266691906 0.6852869876743146 4.776335392305148 0.6317040800222287 91.33182438129226 0.9403524608702202 0.0
322182 151.199229427142 1.07627824139668 3.8930171554284763 0.6669998206649064 6.628938534438045 0.6036867489914308 93.52668089306162 0.6873685216547356 0.0
322238 150.277646458001 1.07586918253049 2.013573845557415 0.5695791036552501 3.619349963276042 0.508913985501447 67.214309205016 1.9048263232936484 0.0
322320 150.857668562626 1.074713318145 1.7574554936657731 0.5929123715706485 3.5738867099175553 0.5688846629888307 80.4881826237571 1.6974740808219382 0.0
322367 151.67667610421 1.07389220217753 4.530947261801075 0.9494640283230754 8.168822839315782 0.8019856052004526 115.59313098478795 2.4939330104016024 0.0
322473 150.823222919889 1.07308165097652 3.813440206090841 0.6280565466667491 5.2109990398983905 0.5794183707400911 79.42218397600662 1.459267270387253 0.0
322612 151.384782429511 1.07148311261913 2.55889738367029 0.6720467754735602 4.753066385425976 0.5932420402084679 101.86593971774414 1.5996747850398016 0.0
322739 151.478957188448 1.07034582260624 4.501850444875431 0.7155892673792306 7.282778880274911 0.6226150346328119 106.24547018412848 3.5417509695857854 0.0
322746 150.933591891877 1.0698398743439 3.05189063576083 0.6178541119325782 4.246063263913276 0.5690808418489266 83.37778297127117 1.8570674141738321 0.0
322888 151.703292343751 1.06866046637378 5.242631915388258 1.0727638749911925 9.116699578389937 0.9116799624973222 117.08148704517619 0.7966275378132714 0.0
322899 150.903120013248 1.06851341408823 4.691810965597909 0.6275331842765045 5.094736025674415 0.5786681243735111 82.35950746347521 3.1087177747887282 0.0
323107 151.61149493184 1.06627662304513 3.450178787784187 0.9138375529864406 6.888339882126395 0.7583972016359308 112.6886259997622 4.054119148154433 1.0
323175 151.571025475809 1.06577235607841 3.2489088828277826 0.8197690527927195 5.3988248472305225 0.730643674260006 110.76379850640801 2.7620344851115153 0.0
323210 151.41280114472 1.06558537141765 14.531152680506354 0.71195893823531 21.79648083570254 0.6230747467516099 103.37193684089922 1.7445001453461813 0.0
323224 151.256448078269 1.06707584745822 2.97987087312361 0.70184453084904 4.5784333360391285 0.6142499943053757 96.35908516138306 1.0935773692899198 0.0
323275 151.266305765577 1.06752405314316 2.1233760651745146 0.6465186406629918 4.189607762401471 0.602178195877172 96.76691355804165 1.0861876039110732 0.0
323288 151.469445190945 1.06476145629818 3.1025439504823704 0.7783267707622635 5.82839075443911 0.6741080453495157 106.01362145910069 3.1622337113535606 0.0
323326 151.441555911391 1.06602825198352 34.271419353318684 0.7848394736442154 67.32554347181836 0.7231573313564035 104.67444362958476 2.5192882397382457 0.0
323351 151.143885534453 1.06760882715075 2.7288481241992706 0.6965479807696819 4.33726969504732 0.6109043567290406 91.5964487079736 1.1083054719686443 0.0
323417 151.426186905786 1.06340681420763 2.408638669205806 0.6726843642577126 3.138684716423774 0.6268815900636878 104.0689895268672 2.036287740311335 0.0
323470 151.60124367132 1.0629939574961 3.305993377337467 0.8434541156999864 6.656262711322377 0.7252834564493169 112.31231015618388 3.823611598709867 1.0
323504 150.567771465668 1.06248321614519 4.950375308376801 0.597779329598539 6.2174354777353935 0.5452228863572063 72.79118436952697 2.4594433168951495 0.0
323547 151.666343164826 1.06313759169226 193.8579209998393 1.4581477613923823 377.41867939404847 1.1950112425629247 115.46086838068325 2.6542437717732184 0.0
323605 150.891282887171 1.06176442831818 5.212467934907562 0.6312936482580178 6.356017120677364 0.5831453956776785 82.27683259524672 2.714501607741826 0.0
323760 151.105308889839 1.05979047041683 2.144841658352909 0.6768843216507414 4.014809642590206 0.6107988764703175 90.3798888181082 1.5413382775365392 0.0
323821 150.99835825371 1.05937701962472 2.19256186992307 0.6740371713559937 3.3406777379975976 0.6134435441632431 86.25266114841021 1.1209581956698627 0.0
324220 150.72044598566 1.05449618938723 9.268586901868623 0.6625745827662002 12.403229066775218 0.5863812652845782 77.20611426979221 0.8395141673000562 0.0
324453 151.62271783674 1.58162213477558 3.837298547862805 0.7816387194070167 5.941597905650052 0.6821724566387843 98.16071276863913 5.146920877707888 1.0
324793 151.556505585089 1.57818297454007 4.572328048017133 0.7278909537584558 7.182371253720508 0.6440632709522269 94.55728374702187 3.336345889085389 0.0
324803 151.041151679249 1.57958427486554 2.7837315423726294 0.6464328551499319 5.1270093538094095 0.5947911012443505 67.01873701940345 1.8284934569981928 0.0
324819 150.967161668488 1.5791334953468 2.6540129708771327 0.5831493799987629 4.908776209442644 0.5711124312900401 63.34288573474574 1.7505778978413726 0.0
324873 151.592175249272 1.58002298524128 2.1527507463559257 0.6941015493060939 4.435111390698606 0.631975982686225 96.4951644788215 4.054020558079516 1.0
324936 150.475006307857 1.5769418234227 1.976070669194198 0.5634976648320954 3.942487422521662 0.5505989159058973 42.70151265992433 0.8404689713243232 0.0
324980 150.90543197568 1.57698591068554 2.8116726088071853 0.5892304119425859 3.8455184627024397 0.554007349773955 60.418291524011735 1.398072992778861 0.0
324988 150.487994115807 1.57799580573814 3.174230095748555 0.5624786764198908 4.785980938766588 0.5403491498862486 43.063533670194744 0.9172288673506063 0.0
324998 151.710501104999 1.57805558771605 3.1471998781301713 0.9290840286632075 5.686833208494685 0.8070269872974573 103.15079909088743 2.498279328846778 0.0
325296 151.684251860579 1.57344521907543 11.4982984502273 0.8842461796097463 14.846055417502972 0.695914376331449 101.77752497431847 4.006106101029623 1.0
325389 151.659474851175 1.57494508170223 4.185690236923381 0.8175188282046293 7.513078260634362 0.7489151160978903 100.3592865870119 4.757294768216906 1.0
325397 151.224774048818 1.57453714285572 3.9857164309468427 0.5987689279025292 5.169291074315369 0.5520570465722605 76.66603941302645 1.70640585636525 0.0
325697 151.709313343391 1.57002045386507 3.8302079876975617 0.8744718601132111 7.0391547628866915 0.7283445342456493 103.25475418868295 2.517300250425682 0.0
325775 151.285661644955 1.57251176782715 2.544454622854297 0.5971886632692169 3.790678127652334 0.5476886805449827 79.9527827760664 2.0417053140916184 0.0
325783 151.55479393349 1.57056829633072 2.7184479921565057 0.7087467375257349 4.036040506140118 0.6246780930378315 94.63879685323091 3.243790364016033 0.0
325899 150.782072035684 1.56911220879739 2.9741342252148044 0.5464032631653072 4.930713193279224 0.52469218150219 55.000165717494895 2.318310712295895 0.0
325971 151.691540583688 1.56699248397842 4.335791658072366 0.9168992141083557 8.448989325339445 0.7201365168375403 102.32476525216585 3.540739200204543 1.0
326069 151.449447924004 1.56724115720531 4.046104780386431 0.6507346102249252 5.4883798015599 0.5665402380538282 88.93173246503227 1.3879587715375052 0.0
326235 151.616757873997 1.56773825576466 5.033786024759546 0.7414343765357574 6.872740598258828 0.6526672127347839 98.13841547263586 4.336294390482456 1.0
326247 151.676832727277 1.56587457034244 3.224822635711653 0.7766804603662616 6.083960588383778 0.6876605975903931 101.52703292801706 4.345408023720834 1.0
326260 151.422123068959 1.56537802271136 2.650895689305247 0.6095967971290134 4.4481553019897335 0.5468076268116584 87.49057412380958 1.7064571792290928 0.0
326277 151.29380182796 1.56588105897601 3.9986528275699618 0.5895255826756449 5.833776531125967 0.5481203744700573 80.56905720890042 2.0884155047988866 0.0
326575 151.504200335971 1.56305615824047 5.179749869451243 0.6552393975326352 8.621645521195804 0.6121210493666784 92.03062666004045 2.180289702269035 0.0
326583 150.920254620248 1.56189902591028 3.221182330688921 0.5715268493954936 6.643548940880083 0.5348131745643814 61.67315494086628 1.5443868509529075 0.0
326662 150.56205957737 1.56203512908922 2.1104668369285817 0.505811657541057 3.8728277034173244 0.4912250542720388 46.38107494309337 1.5846092883937093 0.0
326702 151.322382408951 1.56108106727766 2.7564489549946054 0.5634155433120447 4.862497389728258 0.5514799825152296 82.22587252650743 2.021718487501375 0.0
326746 151.544136886634 1.55993158520253 5.141237471569627 0.7610663808236795 7.386435381204442 0.6408411529220261 94.30098507590351 2.9430160417813696 0.0
326839 150.971499970355 1.56004736792614 2.1870695571448224 0.5588680713708857 4.0582960424182035 0.5337816904279 64.2154485540611 2.0562452943942993 0.0
327170 151.289998123686 1.55669144747984 1.8456804851138615 0.5968545296877488 3.683430250531023 0.5385695052965067 80.62169197382268 2.2479275450851848 0.0
327248 151.231302023576 1.55632832531342 4.500642804071519 0.6093299586797765 6.824118216301984 0.5613872982222561 77.53396407766516 2.029082587619026 0.0
327351 150.55249391826 1.55686242161404 1.738049417990158 0.5083317319066466 3.5323469050009058 0.49428896479016293 46.29179287282566 1.4086560454752906 0.0
327463 151.313979457311 1.55647829687436 6.890610823682915 0.5984538988748869 12.161090969487002 0.5623565139833486 81.90321577375536 2.1604257365730497 0.0
327604 151.389533451586 1.55269195241726 3.1313480957428803 0.6326310299913706 4.243318742777187 0.5690784469114116 86.0549935519202 1.9415485582773935 0.0
327828 150.768165617589 1.55124087551223 9.028550169109659 0.5735993527995672 11.493087529731051 0.5306561682108024 55.113653100592536 2.2701934426051418 0.0
327970 151.603138386299 1.54939479796562 6.544228693213518 0.7849520658313845 8.93588269733141 0.6647951248064832 97.80416184874281 2.6840126407370097 0.0
327986 151.083475990794 1.54987943752315 3.8772129370152717 0.6026335376335905 5.424850993733766 0.5667323867233749 70.11779547535039 1.2900079006224232 0.0
328174 151.339292126685 1.54792622947651 2.506359536396658 0.6124737187662381 4.429167310298585 0.5530786676865028 83.48804820340197 2.354996626693076 0.0
328258 151.198166091574 1.54712937132755 2.57821242596832 0.6221258651167938 5.203356871544218 0.580369585841797 76.0763532395015 1.6916862054478377 0.0
328634 150.74982060162 1.54461328726478 3.9159642621040245 0.5819914812571114 5.039899167146508 0.5317400705764417 54.59693495243883 1.680961865926386 0.0
328643 151.077537922731 1.54256449556652 2.6481008229773115 0.5891515105721453 3.754080907222194 0.5560271834196322 70.05801069879291 1.5435416270311486 0.0
328655 150.754606327699 1.5441800712311 6.787239268813633 0.5651613912212656 8.602110814198822 0.5195297263005988 54.82028593831097 1.7821459858982718 0.0
328665 150.521569989524 1.54281072366049 4.2131951929620675 0.532342165595984 4.484247911660675 0.5033868946251998 45.931307603240874 0.9033985066156849 0.0
328707 151.238920837207 1.54311393174353 1.9850594104801662 0.6014325463211744 2.9832751609170454 0.5533089035881421 78.3192241009257 2.4640684675346947 0.0
328822 150.879408417399 1.5414927962243 7.236818226721786 0.5904132807909845 12.207964016977279 0.541497303532531 60.50809750834358 1.961148391457835 0.0
328962 150.638838908863 1.53996347994987 4.230012984984423 0.5573277347874435 4.435116026061538 0.5190517173742267 50.27762615116485 1.6519658104127048 0.0
328990 150.818245261824 1.53964042213884 2.4601510196867435 0.5808567810214794 4.685296091756824 0.5383244877375171 57.79595921539776 1.7507491346958708 0.0
329042 151.461271296916 1.53848829138994 3.118767334464725 0.6584639737194341 6.430468646212833 0.578447674238062 90.30195610838986 1.3472452405229036 0.0
329048 151.019277002768 1.53877415653882 4.299197785404343 0.5683904453030904 5.870682003191097 0.5374429575918915 67.29204508356709 3.8647750324422216 0.0
329089 151.429859684982 1.54010803690715 2.3814047016345365 0.5951001850485488 4.802463516792899 0.5615276080830113 88.56042617521796 1.2122473747314306 0.0
329130 151.759545359377 1.54107178693729 7.408850837503685 0.9648806894229249 12.148628281203536 0.7651979872378735 106.68994590728437 0.8392965984745573 0.0
329259 150.95638807705 1.53669777174392 14.143330534183432 0.601318403072659 26.948935241767614 0.5686801275994486 64.31384195456253 2.3060825948969286 0.0
329266 150.781948323375 1.53796981241847 2.468749102885594 0.5656968737596374 4.89742446314192 0.5299105185791302 56.26138370101428 2.047211154613631 0.0
329328 150.275230786893 1.53683259133361 2.4614520115497065 0.5374063150235052 3.693298809453534 0.5264865562452496 40.107766418878356 1.0360674761021316 0.0
329392 151.525640867351 1.53634587607774 2.951504074355751 0.6726417595735619 3.6673871306626986 0.5801906093285826 93.85903666055225 2.6501047338523818 0.0
329635 150.618985087915 1.53404837234972 2.203766134426502 0.5533848107074146 3.1287539663819235 0.5136172307485578 49.797427276499 2.1515842732954424 0.0
329736 151.000176518535 1.5329213597498 3.912323313280886 0.5762426681081168 4.6146595986746135 0.5307715243677728 66.56184651778848 3.6855203345425966 0.0
329851 151.655011384424 1.53317495105622 2.902924878530226 0.7969082609596926 5.30828951364099 0.7079893937616889 101.0496106585629 3.6098291187103273 1.0
329899 151.036253671739 1.53187682464641 15.436494427994342 0.623103256772869 18.48909401676363 0.593139057895325 68.36391192580028 3.92490799919291 0.0
329904 150.524485971983 1.53124200907143 4.211671574918279 0.5451175768394451 5.805688291918314 0.5086970891442458 46.60771757387575 0.8996258591990847 0.0
329964 151.025319758969 1.5298827184645 2.515750009136748 0.5895870553183166 5.060465628676143 0.5527173282699319 67.89534404405022 4.34763467896763 1.0
329985 150.997243823547 1.53056935600303 2.2453432797667703 0.564361946831223 3.783251632434589 0.532357076010738 66.50216012079221 3.676749901270811 0.0
330181 151.016451967244 1.52858106566658 4.054159882321811 0.5822931205631838 5.2374048998818274 0.5362068479339711 67.5067588279372 4.421616673103845 1.0
330213 150.967199965394 1.52890584946277 3.372565944728978 0.5861387251787137 4.301663412204014 0.5442754954299195 65.11309489650004 2.6819165112002965 0.0
330273 151.761224190216 1.52726753062424 3.296080009906612 0.8315043076398703 5.726052627983538 0.6912837775222919 107.08524181023179 0.7449763143143553 0.0
330333 151.785475151503 1.52686824832456 8.037147243342337 1.1611777588868473 10.519652300769474 0.7072392890311985 108.44815823768309 0.46052088356898574 0.0
330580 151.219520387957 1.52468254179415 3.1246481936647537 0.6392503092048232 5.361936113975982 0.6145689716551498 77.86128604358554 2.8649816706076345 0.0
330652 151.513166885128 1.5241619354089 4.139182147007965 0.7137305985123187 5.168897841026623 0.6330768427545911 93.4847024016172 2.392445734838443 0.0
330699 150.936367905821 1.52405095854351 4.114398741306837 0.5945738481629181 5.440434053831072 0.557294877925532 63.825900981268575 2.5414617840575606 0.0
330714 150.610627396134 1.5232204331704 4.190871285080732 0.5668450982444782 5.843879562156795 0.5495781574842007 49.99776205696857 2.613356236654505 0.0
330750 151.790423253666 1.52169821813248 16.156923178712738 1.358968341878071 27.365965968766876 0.7247470548260078 108.8374199501245 0.3404743523698622 0.0
330773 151.535290198407 1.52181811189607 2.1534481109570542 0.7068145944145064 4.455993185667709 0.6583977445397209 94.74777877036679 2.653492579411974 0.0
331188 150.582647744566 1.51942435974983 2.819588495342502 0.5508138405660454 3.452532908353323 0.5151037272608643 49.172046282320466 2.8368480358639063 0.0
331199 151.245101937655 1.51817296794443 4.271207017578348 0.6184211047241145 5.717178354409979 0.5765345569478899 79.383188385876 2.863354923915267 0.0
331221 151.506309144699 1.51772483911983 7.696440342222894 0.7168211043233278 9.69048501746683 0.6407277024142612 93.27655687515444 2.196655263541728 0.0
331424 151.316292132567 1.51657360681483 4.171288421813288 0.6123555457090547 5.200101172884775 0.581378112055756 83.14986165940478 3.3479993437837905 0.0
331512 151.503459861062 1.516421601808 2.588504219278554 0.6724020360348866 5.068198057847411 0.634562579582417 93.1556172173723 2.1308535559450617 0.0
331525 151.541019491078 1.5174857519815 2.27290617784211 0.7687450604287062 4.477429679067696 0.7059716975333639 95.16869336665101 2.612368401991687 0.0
331732 151.67963745172 1.51246216527673 5.028890643718895 0.8040457447841708 6.534679716813164 0.6663735302649281 102.89326001133992 2.6455936471199784 0.0
331854 150.618981240946 1.51295990674044 2.85005431520613 0.5818662094390565 5.505397635244795 0.5446111085822167 50.79129670077174 2.587685895680273 0.0
331868 150.584087845884 1.5118571468445 12.934733944186885 0.5553833733303014 16.936107085997623 0.5252096682695343 49.59035172610639 3.0967027129015006 0.0
331878 150.786630205849 1.5123118685784 2.2882022317178663 0.5899080217000603 4.460322614646357 0.5567851553910991 57.53038337039264 1.2418822955047653 0.0
332062 151.174966871687 1.51038648878602 3.106291383892868 0.6026727886390698 5.564394989524488 0.566838575162546 76.02100036690923 1.8616868563178648 0.0
332162 150.609939273162 1.5091390801597 2.444119101945505 0.553094437269608 5.05396066936133 0.5178952587026909 50.64342711196355 3.1402871726740837 0.0
332307 150.956503817641 1.50711916995011 1.983802840845303 0.5917728130794935 4.0968702451389145 0.5331838831217477 65.4032858830995 3.1925730282628018 0.0
332326 151.539710894226 1.50668583129956 2.1594286304601247 0.6971853964077894 4.317495108018599 0.6636344814323001 95.3711377247799 2.4600293574621492 0.0
332346 151.601344828543 1.50655016598236 4.436237655131041 0.7881006063676069 8.938774004960353 0.6782508108380864 98.73296500507803 2.0648281471892047 0.0
332410 151.010465058149 1.50608238889532 2.647154951418986 0.5829907190675421 3.6577400390802812 0.536789783450716 68.01121480741008 4.991718508034053 1.0
332633 151.108583416343 1.50496688241517 6.414619052746926 0.6220224099164735 9.650125169936581 0.5657496897817547 72.85676661368394 1.9556210520566661 0.0
332772 151.381864271016 1.50265505774518 2.6403534576365946 0.6360913020397815 5.211414162400982 0.5697356769951527 87.00811908055334 1.056030754087034 0.0
333143 151.428171803492 1.49936441410318 1.870429202849048 0.6118548204746214 3.69894661290614 0.559687059974744 89.56122851638385 0.9204821722170756 0.0
333212 150.790192638359 1.50204298386087 16.903084245428513 0.6035617792961989 22.45243876983892 0.5530804316996186 58.114393397422745 1.0571526916740877 0.0
333243 150.591635388496 1.50465280095024 2.708402903162329 0.5481543374517189 4.785932396215882 0.5114628556937745 50.20592711641779 3.4843614692478506 0.0
333387 151.663619239061 1.49588312689067 4.686692237319978 0.8265443406560719 7.189401554167633 0.6851400803680008 102.40574956180555 3.426649077970288 0.0
333462 150.58020075584 1.49569332351632 2.5922540991305985 0.5405257075086483 4.689987465324426 0.4896860493985173 50.2459494471546 3.1767122945278876 0.0
333623 151.011417846856 1.49509928492198 2.715819355093721 0.5735502911436612 3.720554357214454 0.5258784481325813 68.45192119763132 5.014654287695152 1.0
333713 151.17446599131 1.4932923271898 2.8784238308117076 0.601803672060239 4.087558831088835 0.5595400417137453 76.54452360217498 2.3032950108256376 0.0
333924 150.991741242398 1.49090374406758 7.997466785505847 0.5893296315582953 9.353506364505748 0.5495833722674994 67.66748232299713 4.829161516350635 1.0
333934 151.643401936163 1.49106742492831 3.207040739703438 0.7561046184985051 6.235598374824616 0.6666598926860711 101.41464396271398 3.3025532050520883 0.0
334065 151.083914154032 1.4932638485136 2.888043985785086 0.6042234393025643 3.350118427169452 0.5614477253284802 72.03401349386922 2.6762266031666258 0.0
334097 151.206563440272 1.50292656514831 4.965660997066 0.6031599867142502 5.452723946085235 0.5531871223031074 77.86760595923684 2.8741779760994084 0.0
334246 151.119975254816 1.4873051132242 7.786841636567637 0.5976411029975348 12.970730498837064 0.5556507404455073 74.0166143434974 1.8288498301942586 0.0
334361 150.986920577824 1.48652220652304 4.607888672535559 0.5893977059044615 6.130693416145355 0.5466572865405585 67.60124674395827 4.756441008930203 1.0
334434 151.247681960669 1.48805327769279 17.55934656839744 0.6324591257661376 24.50261215350794 0.5833366043986307 80.43787335278239 2.0351054299883886 0.0
334947 151.344144325614 1.48296419785449 3.8680988091619892 0.6621406139314168 4.872490588409611 0.5871977329610475 85.58924670672965 1.4724602665929636 0.0
335046 151.341059411169 1.48021111880382 29.47097698352429 0.6443103715291055 50.357812909816815 0.6064234157625518 85.50928821311919 1.51632351418207 0.0
335174 151.360712677112 1.47931583269662 1.9929580689165851 0.5968866416270877 3.787050569877666 0.542949021946838 86.56320906847303 0.9270220816168716 0.0
335185 151.744269922297 1.48122125801908 3.1875369351260034 0.8102491785526599 4.826696807922044 0.7112192889008093 107.19434021985958 1.0166963470732053 0.0
335617 150.856232727797 1.47541912791108 2.5999915499450434 0.6182031054989792 4.325146804618798 0.583011523820996 62.07829555811149 1.2301583932709823 0.0
335739 151.629581416156 1.47403753034089 3.9188502905696265 0.8576510096668699 5.6164969839224135 0.7540538021884461 101.08425749381752 2.447224532683273 0.0
335779 150.865135117227 1.47272146097982 5.147347394954553 0.6046884492559794 7.770735295499321 0.5847548966957935 62.57934453274916 1.267523376136567 0.0
335952 150.957452480278 1.4718282082588 6.331983665194629 0.6145927140166099 8.627219030081413 0.5790179011347678 66.77903386081152 3.14839685011704 0.0
335969 151.297461193198 1.4707912866108 3.347719626852053 0.6510964706865752 5.355532746365431 0.6211446073786702 83.53105822119566 2.3872000824332993 0.0
336251 151.132648727635 1.46787243610342 2.5093605476149947 0.6048494356127273 5.1671678205722715 0.5838719888172964 75.30339304607475 1.8773047848359927 0.0
336445 150.979465244361 1.46654560033798 2.4315188978950504 0.6136629408722163 4.0555933683085845 0.5894789753240828 68.00043098499259 4.1301829686884135 1.0
336857 150.561146635733 1.46248544838048 14.132989812042245 0.589250039357808 18.180259098605305 0.5419442555272574 51.26611660886765 1.9332821930561197 0.0
336883 151.758358107086 1.46172433682091 6.769181439950873 1.065710564280012 9.00025243724949 0.7646042745023112 108.43333948819617 0.8673637403623983 0.0
337072 150.993321869813 1.45974096031169 2.800629500421695 0.583152024831887 4.5181616432333325 0.5493090875419963 68.90303289351533 4.269271654035377 1.0
337111 151.179801218281 1.45925161976642 1.943474024494684 0.6171209429009049 4.003537212499655 0.5829689943660932 77.93219837263905 3.6258547617140016 0.0
337207 151.657785727308 1.45809101526146 3.1012827454845757 0.897200586578138 6.213510355412496 0.7716845982410799 103.02158768957088 3.082362803264739 0.0
337421 150.81352160233 1.45666073287542 2.238060094519679 0.5729357073791578 4.565575869345938 0.5354168662062558 61.03004590025271 0.9502368747847094 0.0
337453 151.726040416514 1.45569022742153 4.17908780622691 0.9071016896975934 8.639160626315254 0.7645250613002037 106.80595754731021 1.9801027793472419 0.0
337746 151.04046989873 1.45800839736727 3.2444600932536316 0.6393487928988791 5.528344999440507 0.5888197880871037 71.18698694285813 4.275145944920692 1.0
338405 150.478550867846 1.34382325752872 5.996286046283885 0.5989745908443954 7.395412019042753 0.5387214550686249 55.174223527544996 4.224643719427795 0.0
338416 151.732867841873 1.44801907375073 5.462499282708777 0.9530841763386843 7.26297583726819 0.791437399064021 107.36802671097435 1.8319376693235232 0.0
338519 151.497269305212 1.44604715561231 2.333019753267886 0.6990536679009746 4.608438684099477 0.6361709861398396 94.71495570579121 1.7530401171899477 0.0
338553 151.324657482614 1.44755064686217 2.6368516984615025 0.6340272848141189 5.221017089275463 0.5787891459740653 85.64662136951247 1.5314784007601177 0.0
338628 151.179767185225 1.44546985243247 6.361896949796741 0.6520765047779932 12.132678769914424 0.6139446397722189 78.39380549165335 3.142752460097129 0.0
338649 151.242699885433 1.44584356627232 3.02439971457102 0.6064843236015183 6.107248780515086 0.588730879250863 81.52675874751164 1.3881898428267794 0.0
338681 151.180432082217 1.44517336285494 7.2688895302889875 0.6629243771383371 9.828580204821085 0.6122760121247025 78.43677283402526 3.139945618396252 0.0
338749 151.659502029113 1.4448782742246 3.9402478984250164 0.9292230534511048 7.1105325277578055 0.8286353239021462 103.45162240353618 2.874253075308738 0.0
338810 150.82370236879 1.44404537982143 2.8235395241937873 0.5915114572509059 5.007187668454342 0.5484914223967695 61.997993212898486 0.973158124956703 0.0
338813 151.180743290453 1.44485595239154 5.0920979891256835 0.6405398482941634 7.866258537124032 0.6055720541040098 78.46292741994588 3.1291606701183987 0.0
338826 151.183913249498 1.443243208046 2.2695226204217884 0.6186598662408026 4.58658191779364 0.5875563812919161 78.67452197075698 3.081394049450122 0.0
338829 150.867815049433 1.44353518826687 2.001182104078826 0.5655767537472814 3.9534626743442276 0.5397580123523154 63.899016147584376 1.2185528618118489 0.0
338846 151.584721507687 1.44281107100367 3.644396760599783 0.7959912701296478 6.033824889189663 0.7421724656727221 99.47124932258251 2.216194725003042 0.0
338892 151.631571718597 1.44285346428803 3.6204894899968676 0.8323684873089919 4.893708060911052 0.7442511941796541 101.99273493157096 2.1628652486321656 0.0
339142 151.197770011174 1.44063591092371 2.3287071918599085 0.6342431019037597 4.486970801103081 0.5892578942642346 79.44998064156358 2.816133687120692 0.0
339260 151.705711630902 1.43921460634011 3.388128403213252 0.8055509556337882 6.9844283805086675 0.7075205139250917 106.10584426294686 2.2989914726716503 0.0
339346 151.043439330753 1.43835594162492 2.4222770142889525 0.6201312337694017 4.765554825725733 0.594193268186182 72.0525054286325 3.238856110058857 0.0
339917 150.922935002104 1.43375110546802 2.5318653634107657 0.5677966545930795 4.978135144996716 0.5438891250535148 66.71427027663893 1.6157481323489506 0.0
340111 150.995735911825 1.43484568698103 3.398654282351561 0.5961267242383594 6.200182013101446 0.5538380560188656 69.96342061096387 3.019640549562086 0.0
340383 150.617516854554 1.42914473639476 2.1790572035564835 0.5534442634419083 3.411354146705057 0.5246794986341673 54.8027452848564 3.0025476326077767 0.0
340775 151.189881202865 1.42464696332041 4.151739937487591 0.6607185042995347 5.0320410681357455 0.6202095902952107 79.6023165303497 2.227058718777514 0.0
340813 151.692182153059 1.42377875498073 20.073212560022423 1.1303573620591785 25.744358927794153 0.7293468027196497 105.76543077878426 2.5331311025032326 0.0
341438 151.423672597388 1.41877949059124 3.3361718046992994 0.6846893300408858 3.9736037125647545 0.6236143287489309 91.64053739592018 0.5177419675363527 0.0
341524 150.594111340705 1.4215032537878 2.470938410550475 0.6154375882251736 3.7595664729721734 0.5659254086649084 54.40421659740429 2.8484684553559774 0.0
341623 151.273075484794 1.41678388803046 2.2502547043135688 0.6264788655360153 4.637027413743723 0.6022309360065337 84.00427432723554 0.8553952474831236 0.0
341641 150.782442457441 1.41648818749814 3.8767780627161854 0.5927125499584663 4.30931575260462 0.5510057720112604 61.51638628013363 0.9310130649011403 0.0
341683 150.873799187852 1.41624043166915 2.09942797762578 0.6175059943223017 3.899623062647145 0.5585366659030443 65.29997982167697 1.5746338521569343 0.0
341731 151.236230176386 1.41690079478196 4.139296691976424 0.711036511855848 8.36813481847367 0.6909313611793654 82.15879090715893 1.461239705427814 0.0
341818 150.52296899422 1.4142005025422 13.405730673779182 0.6385274866933661 14.988735751357634 0.5829958408430753 52.58666150176902 2.507393154174744 0.0
341825 150.619161482536 1.41503687513296 8.815433177819196 0.6368654441288251 13.28586049737744 0.596040807966872 55.55774347558408 3.167478210280114 0.0
342001 151.786110178288 1.41295677379227 3.1856808585519136 0.8946773217932233 4.912237022911835 0.7513534972643262 111.14535734899374 0.9505604959807153 0.0
342092 151.736552564405 1.41131490268054 5.023416202839953 0.932661831671913 8.389278125168197 0.7558063556570509 108.49056791468982 1.505299883335369 0.0
342213 150.626994308914 1.41128155803184 7.812816665318546 0.643342007741322 11.027529703235215 0.6111476231509226 56.00822784373349 3.1886938452907554 0.0
342263 150.815801864962 1.4103357841726 2.835231197109536 0.5758425561425345 5.673735346729429 0.5426769003907033 63.135314941172055 0.9713665352914707 0.0
342619 150.799093410436 1.40686086666253 3.99358740596575 0.5471674267038684 6.697923035675261 0.5086018066839735 62.61308239192071 0.9538768807204626 0.0
342787 151.661356214821 1.40691823038453 9.173162805506626 0.8726290566247632 12.817684334625335 0.7599495460538904 104.54595091405903 3.2715338352583547 0.0
342795 151.118010846951 1.40687769042518 2.312931377920672 0.613580224021692 4.592166886326498 0.5796249147867437 76.7447270899148 1.9359865030548733 0.0
342997 151.147847376215 1.40391257431368 4.5551063871233035 0.6141832524694419 8.26951257920864 0.5833797390259161 78.28162914689132 1.7022693555905892 0.0
343277 151.726534001071 1.40067394555663 3.100937668466292 0.9529430477107986 6.267403917583706 0.7685537067285859 108.2226053030109 1.5741365049234672 0.0
343278 150.581526933167 1.40064853345477 2.3161101424314494 0.5943356903507322 3.9088672639347086 0.5451755412752574 55.058339643995296 3.2082165924665786 0.0
343299 151.30935824311 1.40003018378001 2.499723628079012 0.6680974138172834 4.9874065146614655 0.6151447738633824 86.37678610680939 0.8119005028355126 0.0
343429 150.479970802671 1.3995146793749 2.9821836617066007 0.5814046352415273 6.126189903536588 0.5514205854896571 52.18382212272513 2.484341515289028 0.0
343456 151.067951687943 1.40281420210748 2.0520934540035913 0.6144826361467468 4.135466980873879 0.5700610537209748 74.53157677915395 2.910340160402721 0.0
343672 150.564214719507 1.39768664319827 6.824592053401717 0.5966413456223466 13.969537901848202 0.5409812331260826 54.67386263281012 3.4670385301883266 0.0
343833 150.55380469846 1.39510973715437 5.621838982181577 0.582236546881272 6.810348999472051 0.5313680440731106 54.49254409394331 3.4636834996834835 0.0
343897 150.581717656142 1.39437315256644 3.50861441333255 0.5916710080996117 3.963776099348145 0.5448598730595765 55.385259615127374 3.165295238430227 0.0
343989 150.703117060005 1.38589543459528 4.385432017233145 0.6004044932923133 8.168895846281963 0.5399096015962054 59.912511435336064 1.2261387515024176 0.0
344023 151.4228996953 1.39407923268842 2.579459724877318 0.649889853886606 5.093100515119847 0.5972775485491914 92.3505789319097 0.5246801107398633 0.0
344203 151.319624156013 1.39166621195297 2.957841954588875 0.6445348700405718 5.492474629670147 0.6087906698599952 87.16645269965554 0.8431802733170706 0.0
344335 151.612445410567 1.39212928362829 19.837116787076372 0.8669352826624 26.945854013018533 0.7636062551109986 102.33541576806645 1.5206952478905833 0.0
344488 150.583517419249 1.38911023047021 3.89463901741441 0.5940950047939113 5.002231049118955 0.5291062058543496 55.71104118450864 3.048063722483992 0.0
344545 151.594843503562 1.38563556370261 2.764456286939767 0.7901457413609995 5.546713655139885 0.6888117127185489 101.58380256049323 1.3213218026656706 0.0
344567 150.634676988706 1.38868763594442 2.075974972590217 0.6016909320352919 3.862563207244358 0.5565126604307282 57.38879377193625 2.3586897889843206 0.0
344945 149.462552199466 1.47279362261016 1.8808713879344139 0.5299099249451864 3.3441603119205534 0.49092827516030657 57.199111022149744 1.00885782187764 0.0
344946 149.335658953077 1.4728099452188 1.6339429005759634 0.5109382289899201 3.1544113440118964 0.48365510744755125 62.54082440449952 4.242891746550351 0.0
345155 148.942235147338 1.57886276276218 5.530502052704984 0.617903652823637 6.070149653287457 0.5594834387819403 78.2918677858898 3.293213210608859 0.0
345252 148.540120110336 1.58356390217097 8.722271267328184 0.9077286310441904 14.575508597164381 0.630897617004088 100.19525331773933 0.04108096068602146 0.0
345321 149.041163295545 1.58525663020823 3.678475562596859 0.5644332158615363 6.951093039221881 0.5394288243280824 72.89321141343099 5.352150899966895 1.0
345324 149.584731830105 1.58539000292229 4.8152656166510655 0.5322236952422462 8.099632321948244 0.5003537191385176 47.28552838853441 1.5209172288451032 0.0
345532 149.423912042712 1.58796400586796 2.0836470132832856 0.5426497966000302 4.120216636827037 0.5056179205564699 53.98029753012587 0.7946344690724466 0.0
345577 148.695990426437 1.58802083021411 1.7527334751987869 0.5842061196922093 3.3046732002223678 0.5256241469717192 91.42546208072794 1.358293001280355 0.0
345680 149.464083648009 1.58927256666567 2.012335817374281 0.502329473984634 4.157837242384535 0.4809831168653422 52.14162659934084 0.7528969024452774 0.0
346014 148.647445963431 1.59207509707166 3.4564518501923107 0.7059414750079479 6.406904649987061 0.5813722148440256 94.02121600639079 2.4378746493103964 0.0
346058 148.680834692974 1.59267536002575 2.6660716100250115 0.5749178372487366 5.03417925804829 0.5415615548131741 92.15550437100866 1.453928203898278 0.0
346150 149.037701273726 1.59365176740453 2.99083402149852 0.5757950200198438 5.2410150750455 0.5313657907716851 72.82853942341568 5.476057360591451 1.0
346289 148.934383290515 1.59477739478447 6.6117891079499085 0.5662714838447868 7.28472006726284 0.5126388987736987 78.27505797354215 4.108952275571362 1.0
346356 149.207980739619 1.59539765386372 2.9710008486327384 0.5367394137673078 6.0229678391218675 0.4915345291278019 64.03054914020144 0.6061100947237605 0.0
346456 149.17976288841 1.59579879580785 5.034965853385864 0.5596431848143926 7.741098072511837 0.5022980092444085 65.43784992843003 0.5979669774816238 0.0
346584 149.141884323879 1.59770287973732 2.4332704212830034 0.5430275268949893 4.98452550783904 0.5203290946382516 67.3048519427053 0.8158369062713225 0.0
346605 148.846826729841 1.5970890540648 6.201713227990039 0.6028425147967275 7.874605666924138 0.5124234059013854 82.93853616481708 1.0594180102206097 0.0
346906 149.458882676059 1.60046608768598 2.5519554126390385 0.5293652377478969 5.242099749971628 0.5017563155817517 51.91637779966988 0.7558129480617363 0.0
346941 148.722827065094 1.60063349219727 3.152961891775022 0.6428116347613033 4.288949899281883 0.521361480095303 89.64822260846665 1.6898261374019892 0.0
347247 149.094038994065 1.60366672817629 1.920882295643935 0.5384770068579493 3.6237292224062108 0.47625243284487445 69.59094820781223 1.4123266098263778 0.0
347456 148.911446582686 1.60570068252707 2.4776152645740224 0.6091502621665469 4.849357552176449 0.5573653096900847 79.21730037445909 3.8660734505085186 0.0
347460 149.005094272774 1.60477328143474 16.581081162500457 0.568923249897833 19.98233240693477 0.5220523036842942 74.23108913128996 3.6968144110352674 0.0
347660 149.489695833851 1.60795531899557 3.01275684172614 0.515518807248879 3.846038782191576 0.4813735560603205 50.25422825011906 1.5386142564048413 0.0
347680 148.640477172962 1.60771197680858 3.9538501134293083 0.6571207072056553 4.930772680436854 0.573956149192878 94.06046116032002 3.129903995194009 0.0
347718 149.470296180494 1.60770480100641 8.07014793717744 0.530879008147956 9.980642770770624 0.48185405005626447 51.11778937517004 0.9102747385066527 0.0
347958 148.624672769585 1.61027184512823 3.2806439938223195 0.7052681947164617 5.503940586163116 0.5807837555197864 94.88728082363839 3.243948492636662 0.0
348025 149.07693325818 1.6107099867646 3.5217296062047683 0.5628973906049715 6.479141244601441 0.5123388620319058 70.27481969546103 1.983079469752588 0.0
348068 148.61203786799 1.60941182949842 54.06263574656005 0.800506056900331 90.6718643418963 0.6299048767761147 95.61266011779273 2.8108421747339336 0.0
348365 149.277195805745 1.6125569153154 4.828816327622779 0.5678467323655878 5.486191781495834 0.5263641311598076 60.01383574934492 0.6813413174620007 0.0
348677 149.025651914581 1.61656774810925 4.622749259815854 0.5948346041039667 5.627132309129954 0.5453300018689639 72.81037424210281 4.3329859703533575 1.0
348729 148.679576753677 1.61696203816746 3.103762664653287 0.6413783997704334 4.9231221426773875 0.5704610469139968 91.67588108512189 1.5981990801997366 0.0
348857 148.781272087189 1.61799460626759 4.0840352213279205 0.6086022324820033 4.7385701891761824 0.5558555204790442 86.01491188916167 2.007284734034162 0.0
349399 149.349396100728 1.62319930052555 2.8539930860976606 0.5535194046327487 3.7221057874358348 0.5078414526509997 56.12411851486152 0.6418087025189108 0.0
349579 148.916414852222 1.62393599182824 3.8162367462998352 0.6095856233193911 5.959097688319812 0.5547826914804095 78.47604078130327 4.524365140647801 1.0
349826 149.094119110473 1.62683789323257 2.4791123580410326 0.5408563887590012 4.3488305477203175 0.5115709240301347 68.90378443518175 1.2289303567904457 0.0
350063 148.96742292485 1.62904712731933 4.986183474151812 0.6076840092930396 6.2458806398888225 0.5518902378867431 75.58566587816865 4.177401872487398 1.0
350330 149.553567234635 1.63152621873423 2.654082308180992 0.543163848895516 3.9462196622425476 0.5100501000801139 46.52287672987035 2.513424812633682 0.0
350363 148.935570176261 1.63088619690107 5.639395419287176 0.6643521070442583 8.479166181828285 0.5967270734489798 77.25919542093875 5.121386537701595 1.0
350513 149.505561018171 1.63332792456461 2.0424816426834904 0.5124340276583181 3.7656864396434533 0.4912074012648721 48.52006456984991 3.477585535209736 0.0
350554 149.013438992452 1.63350052115989 2.181068951069046 0.5567422432577668 4.328557787936469 0.49798000128498543 72.9953230957169 3.0936791282667317 0.0
350596 148.620231447555 1.6329245741568 10.852228131505482 0.7688262864961742 11.953331427665477 0.5933726801871063 94.65358783533132 2.5035668127139754 0.0
350646 148.771468248462 1.63347874189761 5.654508633847273 0.6795003398908264 8.684449796043623 0.5436505583746057 86.19646171992024 2.0346959764829613 0.0
350776 148.916559541308 1.63425228774285 14.704027897261259 0.6099861157992337 24.230359262090147 0.5467615307024997 78.20591061733353 4.634797697235511 1.0
350984 149.017830547765 1.63644343617528 10.037923495644437 0.5598898039018798 13.921169177251814 0.5033728984043463 72.68061667899288 2.9965459928469684 0.0
351115 149.318693081317 1.63862890449699 2.1177617393430856 0.5336527218591758 3.9701363323314096 0.4833624615344336 57.07729588900132 0.5142118869710265 0.0
351227 148.924981287679 1.63955137515116 1.672162626792445 0.5737962245451166 3.4508278673547728 0.5130499524577171 77.61398079623245 4.882885084371067 1.0
351320 149.523192802977 1.64048609193109 3.479481813980272 0.5336130844499782 4.23200935854326 0.5001994130569088 47.453557473050886 3.7036050477970464 0.0
351411 149.540006106466 1.64064591143779 4.396034444239875 0.5318736088354652 5.8623959056695965 0.4941828664830488 46.71708388134918 3.0520306610715404 0.0
351543 149.536301116027 1.64278553771065 1.9904213665519543 0.517304577272932 3.2050664613745776 0.48465425992758077 46.78817340391742 3.1955155168501292 0.0
351627 149.521419625929 1.64341556585647 3.808564911622897 0.5227681638535863 4.9176269199212985 0.4897228232777792 47.41113355391262 3.716837756300231 0.0
351740 148.915023362976 1.64422752593074 3.0856713581693502 0.5848573514644066 4.8902709392968475 0.5100887924845894 78.04000158864429 4.60389838259312 1.0
351973 148.97946586973 1.64639451864703 3.6486661873804755 0.5529618362823385 6.098006639388826 0.49688197393841116 74.48222141879211 3.5701726910016185 0.0
352066 148.924162359267 1.64708547825987 3.9022215698508704 0.5750626352135351 6.935267781411367 0.5031758568517045 77.47008487710228 4.767591863615017 1.0
352375 148.815454587842 1.64966400194519 3.2136354447950213 0.649499113659223 6.63994842272252 0.5570570580550954 83.38755173671876 1.7818500942114008 0.0
352738 149.295936213922 1.65351343971929 4.862145230905494 0.5669152325689335 6.436160228093131 0.502499480143852 57.7070654369293 0.4991186321801596 0.0
352802 149.508945985565 1.65416216564957 2.808534596862187 0.5168970142423295 4.505629682026046 0.4939419949986818 47.52913359138989 3.596779542756658 0.0
352979 149.284622434761 1.65591997378034 1.9974842432996869 0.544404325446277 3.6440644308295624 0.4953370074731187 58.196664538761055 0.5060287908731964 0.0
353050 149.5108331949 1.65648821797016 2.9581253555281446 0.5098782295647394 4.865454622518901 0.4820356017711079 47.3517475703624 3.564599733839157 0.0
353329 149.547287129016 1.65939875962852 2.0160175831432388 0.49442105743707637 3.2363990683545047 0.48514841536816644 45.62368693779198 2.409947504796807 0.0
353535 149.264009700522 1.661226115091 2.1019529628229985 0.5343022227399558 3.880868126703419 0.5064526077844642 59.06989246737213 0.5251918457167194 0.0
353803 149.013882556275 1.66347938116947 2.5254599356389122 0.542027048368807 4.111515803083189 0.5001104398406274 72.17780771045068 2.4598640885864076 0.0
353839 148.582476167969 1.66317888649052 4.075568949824449 0.8240949402442731 6.823484201660928 0.5871575855676516 96.17587206580886 1.5297932728053594 0.0
354265 148.538946150214 1.6643431943822 5.874767818095641 1.1393649175585325 9.77381725457993 0.6086283033972878 98.62727972096192 0.21443605865678478 0.0
354508 149.071671510897 1.67021827981938 2.029931706568834 0.5770643439426384 3.6176016588901256 0.5370616217346715 68.88568414767116 2.212245057037901 0.0
354902 149.454954770836 1.67392273256865 2.826412161610919 0.5860347039155406 5.001854940921042 0.5735821269082845 49.247382359262815 2.224621180235695 0.0
355122 149.550724629811 1.6754730342898 3.785061355379358 0.5672846793668457 7.247235818631596 0.5457510215832864 44.81453795436346 1.9502895566368097 0.0
355220 148.947075401445 1.67687642771859 2.7847815808368477 0.6203200624948085 5.0847554454810435 0.5429855769339614 75.48594735307331 3.8313964178546227 0.0
355351 149.173056429133 1.67824359224164 2.846524100053038 0.5429737081871494 4.466034669379606 0.522619942503363 63.2696714804126 0.749715197232131 0.0
355840 149.004557482259 1.68309113254271 2.496253801404119 0.5249957791730563 3.9083880189115545 0.4953896059663906 72.18667457958068 2.7523022272503566 0.0
355851 149.557416256128 1.68337117098737 2.1010262765168086 0.5406755938458863 4.203921376855771 0.5153990513836761 44.198287478995596 1.66359575135781 0.0
355929 149.495817020692 1.68416053402668 3.87799040326307 0.5432763626504572 5.194139194833434 0.5283249283081404 46.95390994984798 2.919559645866355 0.0
356203 149.457686079691 1.68635924158539 3.4322193316236547 0.6147421384689374 6.198243787595391 0.5894452788107676 48.65919792730899 2.8130487301961855 0.0
356377 149.523720623425 1.68882776007668 2.2763856615231113 0.5361197560279779 3.9712372310277995 0.5150147025405504 45.49255010463776 2.4108325875887524 0.0
356694 149.561016266176 1.69171694198818 4.614680045775548 0.538542227659866 5.220951421633925 0.5053949982274569 43.700964244960595 1.47586455362976 0.0
356726 149.49267958011 1.69200567196044 3.865808347577122 0.5209210339528015 4.72804662771934 0.48744729786236024 46.80209447012305 2.770575258324679 0.0
356827 148.816673252519 1.69196176828823 7.400331169194438 0.627798318094063 11.425958461267516 0.5375914952218512 82.37978007288214 2.6885851941444874 0.0
356875 149.092844080375 1.69298752643587 3.420555599645579 0.5426505082970962 6.322192104800824 0.492174698500751 67.14309020601517 2.283314414345379 0.0
356939 149.490437850339 1.69400919218464 2.1179284836485617 0.5196631496954092 3.7746463386711766 0.4881494652145271 46.83151382023946 2.749124429894585 0.0
357038 149.092149687249 1.69387617582949 4.764205162551982 0.5701453666680638 8.520555852489963 0.49650889160241213 67.15726649491633 2.305954617553955 0.0
357183 148.969805319989 1.69537218809709 4.616909681097938 0.5677736354599052 6.818778149444041 0.48964319804341105 73.7932435860381 3.4483591024958553 0.0
357207 149.194312218124 1.69618109275139 2.353247189503065 0.5535924389448383 4.28488829127265 0.4982029364900065 61.63645279867529 0.8352705558879743 0.0
357480 148.76215183636 1.69850233314127 2.687486008195022 0.6381610144082599 3.5097641893558587 0.5326666023705338 85.30750088594436 1.3067799006796035 0.0
357684 149.554927531336 1.70090896943369 2.2973747136400626 0.5240730903789366 4.5614852903183785 0.5117418787902749 43.60462113924623 1.489984311007309 0.0
357696 149.492163668088 1.70053673959019 2.8305926151753296 0.5336189351372769 5.129136727875113 0.5079356535265879 46.50647360145242 2.558316651695213 0.0
357726 149.207877375124 1.70117273955001 2.101108348192724 0.5463318214418675 3.338831318429616 0.5162422625290625 60.77813268077267 0.9683889016619752 0.0
357830 148.816913371985 1.70144107442315 6.378410043962355 0.6811895004879873 8.644466442991531 0.5477086898616399 82.16484726596552 2.93372815445799 0.0
357870 149.592649962825 1.70202877069579 2.6968314921626533 0.5388259698072266 5.482263053890657 0.5092930680572415 41.88954086248597 0.9323806146806914 0.0
358136 148.640865737252 1.70425646540026 5.686378170366845 0.7669665647989639 7.212010536869297 0.5646853460724874 92.07211329949334 1.1954325370847318 0.0
358231 148.829756537465 1.70453536503622 6.401897170419502 0.6569336370056064 13.010051252510017 0.5772026028784727 81.37851884045563 3.1732688271769254 0.0
358297 149.398199042922 1.70649057055244 3.7382494174237393 0.547649535509474 4.347099497185315 0.5121696841608897 50.84132601101758 1.3153699825881005 0.0
358399 148.982658548027 1.70730590897031 1.8549334420869632 0.5420411643855753 3.6785905453495924 0.5019307468640909 72.80274696853047 3.2171519252215344 0.0
358495 148.691012655437 1.70801419225355 3.7359376460453917 0.7356605984387914 4.952692667942682 0.5753882960748048 89.14709745289132 1.194278849669759 0.0
358498 149.159519292393 1.7072631581495 4.401335689933261 0.557886231722464 8.245147952796419 0.5277105753315219 63.17982099989117 0.8483127082226072 0.0
358689 149.531628325811 1.71035253206223 1.995438631885704 0.5270821491608769 4.083678130994038 0.5036977858418589 44.29735000346086 1.8353260518770822 0.0
358728 148.955107539215 1.7105244729435 1.942273207975089 0.5657223908082253 3.832211623324992 0.5006496355577041 74.25218127214848 3.0093231094957136 0.0
358757 148.605594099014 1.71012554612163 11.886757649929201 0.7292349671776983 12.978673708261665 0.5830445765339038 93.97758426276305 0.8102176109048254 0.0
358936 149.268785932066 1.71263259734139 1.8980205053983548 0.5259904045431273 3.2776306216361646 0.4911925809794973 57.247948745887015 0.8785652164783812 0.0
358953 149.096044192356 1.71249921035406 3.092201425700046 0.5799932565998531 4.497885793207528 0.5299916374304432 66.46572118965861 2.291138964146754 0.0
359038 149.095675689028 1.71337949345846 4.173955197612198 0.5803345390462918 4.833022275683317 0.5303363281684826 66.46336449360916 2.3010299604256392 0.0
359043 148.972242151858 1.71262893240515 6.189094868768101 0.5770567150943393 9.784182441136592 0.5387393913479708 73.25454824539011 3.1728072975709356 0.0
359063 148.947743705506 1.71333499162645 2.4031238234133045 0.5755193934007755 3.6222451337074273 0.5146651189194158 74.59687701725471 2.77759299195575 0.0
359422 149.440132977718 1.71696477726339 2.6205384399422975 0.5451191265590887 4.270355527159724 0.5171990658183033 48.4153640212244 2.081485269208242 0.0
359424 148.86825292633 1.71670242620189 1.9222694280013872 0.5583689961050367 3.3541155263778792 0.48630815742177924 78.96070844059429 3.420510265367113 0.0
359480 148.922523112578 1.71697939019703 2.678160507792032 0.5336838576993086 5.3203446762666715 0.48713045792993825 75.91914082898079 2.381539636754909 0.0
359533 148.929381146503 1.71725738881717 4.762124270875682 0.5581215109658978 6.096279322896185 0.4897593782649026 75.53065754167915 2.406329371142966 0.0
359714 148.923198060699 1.71936700870584 3.0819091173494866 0.5564468781902892 4.00587974466146 0.4859845833370975 75.8289043164651 2.3501083458807654 0.0
359934 148.887244366851 1.72089980439977 3.9007220299423144 0.5955954520682996 7.904936005430066 0.49206424810288385 77.80648911290508 2.954947160833772 0.0
359989 148.938311550537 1.72185169319916 2.684566965644536 0.5741655531503623 3.7244968621483463 0.5060504642980822 74.93114774489705 2.3925099892368653 0.0
360327 149.437693834837 1.72460257619868 4.404448979942622 0.5573594833839256 5.4726075929029445 0.5169851824470081 48.27294024018389 1.8306363329598816 0.0
360436 149.23012965804 1.72596546038298 1.9650188051231698 0.5315172117490661 3.516072789546462 0.509004349326608 58.90116439156972 1.8249244671124152 0.0
360772 148.726592460034 1.72855622922849 2.2578771723752795 0.6816009065698523 4.637314935005598 0.5780978717247889 86.73276313586874 1.1258027929389283 0.0
360983 148.641273764746 1.73029919772435 2.7108293868972386 0.6555965015687769 4.561840925663341 0.563807820365395 91.57374473911928 1.5004885659935845 0.0
361194 149.059331601855 1.73207500494231 1.8095409552692407 0.5466866455880707 3.115344633979642 0.5164243936642724 67.99100447061271 2.2811268794412567 0.0
361316 148.636963696448 1.73226601596201 6.044800141012229 0.739093280788424 8.26647654524815 0.5665346627423015 91.78584807372397 1.4657721429895036 0.0
361506 148.829764439348 1.73414223054783 7.3167741169791265 0.6313654590725972 9.490600957267063 0.5214331994606702 80.76929921725223 3.5077674886981804 0.0
361534 148.812981530188 1.73339732004018 11.44050358634826 0.6324393267763542 21.7005107965952 0.5473520888160663 81.73377617858276 2.9762387824606242 0.0
361637 149.085348654715 1.73584228217898 2.8186273270865003 0.5705056832238454 4.759994450368431 0.5206413893397984 66.47058550808094 2.828128894745588 0.0
361918 149.018614169052 1.73795750715584 6.7588262966805654 0.6099614003235321 9.563958923430784 0.5387158926331064 70.10367659031422 1.6827567832177848 0.0
362592 148.634437454931 1.74422559557845 3.313985901873262 0.7080543220403718 5.243056437376795 0.6057400473822765 91.7223267995638 1.496254544763715 0.0
362767 148.959401790068 1.74214870228132 10.124336961506616 0.5916457225178897 15.994998363084681 0.5311750713390426 73.30942120340752 2.0460694286320873 0.0
362936 148.955801848582 1.74728625688753 2.811265469429643 0.5539966606921269 5.707579934138349 0.5232468238359065 73.40067935596022 1.919935007644749 0.0
362971 148.826334579398 1.74710318268726 5.483227595660792 0.6258456740150922 6.5155858843350645 0.5282169887318615 80.70828050208674 3.481901930921105 0.0
363031 148.90941465473 1.74768969698095 7.082240203821057 0.6160437313869996 8.443986223614655 0.5034796791398921 75.99888818922078 2.5891274796372965 0.0
363039 148.95656816217 1.74822794295451 3.1297994982432904 0.5763837701416371 4.37166511808468 0.5239827778334456 73.33764260630642 1.9015405678406023 0.0
363287 149.397358660219 1.7487095195091 5.455494953170078 0.5487322303785374 6.046609477676753 0.522477958761549 49.50688417992361 1.2908609261376147 0.0
363355 149.201837520603 1.75110657825956 3.455980626922231 0.5618469335350338 4.112893793474859 0.5069425012663541 59.74033843344018 2.6990732841943963 0.0
363597 149.591931178519 1.7533966378037 2.0719943546722153 0.5058209342528138 4.01089713875529 0.48795174123345375 39.8664499248063 1.6150609931043662 0.0
364013 148.86778475566 1.75697060295491 4.334900380788574 0.5723200790511799 5.224045526391148 0.5019870150196841 78.16498335439033 4.87080141075802 0.0
364241 149.01452081186 1.75893705428713 3.1807395616662193 0.5342649245414595 4.415288003599014 0.483786133706434 69.86334421261142 1.7928496920559267 0.0
364371 149.206421143472 1.76006894119689 3.3306433360901804 0.5388344167286374 5.129112520979801 0.49293543881396906 59.260865139119005 3.8727750335050395 0.0
364563 148.868699730104 1.75955274404762 9.7838561630902 0.5947987139905985 13.292872771413164 0.5014957180529067 78.06263280917116 4.901025278070182 0.0
364788 149.047017810991 1.76382040354395 2.4778744586179804 0.5580723943652754 4.36044341946622 0.5035648153057464 67.94268536132054 2.5802318211416355 0.0
365191 149.230273711732 1.76739705687436 1.565147238874199 0.5480276368722029 3.117907860921051 0.5008167403914088 57.780090404598695 5.0163941614709415 0.0
365306 148.874567624584 1.76786781406073 4.850442098342495 0.5852061292964085 6.680482482642969 0.4947832747428464 77.56851237658269 4.616266109198616 0.0
365463 149.127010225401 1.76884886835857 8.45681755201131 0.5537115225697337 11.859825856517077 0.5205991946611076 63.39101611400936 2.5353847738739983 0.0
365506 148.70870636798 1.76938278814992 4.377411680519758 0.6730414566624041 5.314768849699596 0.5415037801646279 87.02267223326494 1.4013540234443733 0.0
365526 148.626427918538 1.76997289700664 2.3951816440693556 0.6943689534119964 4.741730605375352 0.552332876418741 91.75379548173633 1.0737672328384873 0.0
365571 148.773830781806 1.77045105490222 3.4265847904594375 0.21544407321749637 6.081377661149908 0.18694628584377712 83.26721474592382 1.7223767055153523 0.0
365591 149.338663626 1.77037255196087 2.9513333899917815 0.5517747920378936 5.152467024553054 0.5129745248020042 51.903736329138255 0.7274936542727531 0.0
365949 149.21874164981 1.7739660047491 2.46778649251668 0.546716119324832 3.98443501061626 0.49611910908384915 58.238158917815035 5.940328344667511 0.0
365960 149.519753526362 1.77370344045936 2.1368907877034626 0.4934796750285891 3.741674358334239 0.481444322601085 42.55113624642249 2.0923148745925517 0.0
366036 148.669909238809 1.77366713733213 10.516152601755687 0.7736545216533268 15.078284525203102 0.5917521959340438 89.18440743283654 1.867243965848024 0.0
366061 148.626734763576 1.77476490121372 2.888644226656777 0.7808460492064196 5.14444166619649 0.554593748936891 91.65890334713076 0.9717187379015052 0.0
366064 149.0860624629 1.77447567172354 2.6304793620305826 0.5556801487442441 4.706017194144279 0.5148285927188238 65.5311725959194 5.0531150486200795 0.0
366109 149.222823550284 1.77486142940181 9.899661177704461 0.582792432404573 12.441481498052388 0.5006666576404717 57.993493689981094 5.988130539513227 0.0
366266 149.221018911335 1.77632744577982 6.3345752708579885 0.547568140282647 7.618473923984026 0.4970561477005875 58.054710126629615 6.104802810984028 0.0
366367 149.087757340968 1.77663386494358 4.483241136583823 0.5643611807182024 9.111973697120508 0.5208031506301231 65.38858454104019 5.136050254396337 0.0
366429 149.495950288171 1.77832592138904 5.506871835169323 0.5338530825953357 5.814148859350178 0.5155696584915963 43.571189508744624 1.9032842293775023 0.0
366869 148.660435504712 1.7811936959327 7.569483288194237 0.8403602358741854 9.97241937940879 0.546191059161639 89.60836233278584 1.4043148390503912 0.0
367013 149.187312029044 1.78294610003497 4.7978495280342495 0.5766458294599817 7.0841753390851565 0.5279883108272078 59.735379528533215 3.6655633494647737 0.0
367084 149.425565763244 1.78391307717167 4.601433066959965 0.5910907861102062 5.310911970219866 0.5522468646843328 46.96678253349335 2.1403596514702623 0.0
367200 149.394250225342 1.78546371181293 2.224160958767565 0.5418674658806478 4.252055243063595 0.5233398143667292 48.54741248959314 1.8527747470163425 0.0
367257 149.149606040202 1.78587189150068 1.8939989932784844 0.5593625430517455 3.854762148949677 0.5209911017210145 61.74568505555023 2.3919270761503015 0.0
367281 149.59316828069 1.78577883535297 6.794264933897827 0.5230919426665172 10.31055107889925 0.4989184562626197 38.58315892518073 2.350518945848501 0.0
367327 148.764481623653 1.78633151064846 3.0964698224000866 0.7186417964537996 5.159702053529685 0.5733127221898683 83.52667309091831 1.4654548398241853 0.0
367510 149.109444559656 1.78845190675726 2.1357724420160356 0.5874659834269056 4.113441667621426 0.5582574110383973 63.91774689366581 4.1252916658352206 0.0
367657 149.223177135707 1.78945669123765 3.34251720452118 0.5768264392027109 5.97710478571048 0.5276497490690453 57.61058888624143 6.154831909619523 0.0
367775 149.22424019541 1.78881310463911 19.00592410769253 0.6043649352086685 36.06628080948618 0.5547084355414378 57.568238810180816 6.151489037455893 0.0
367776 148.751177034342 1.7902548835811 3.442372579086248 0.6639982113410656 5.7421932192335206 0.556965509637185 84.22580422144891 1.3766154586643289 0.0
368027 149.140301519611 1.79314301140209 2.1723986334645016 0.5616768268502068 4.284460550282076 0.5114802125527538 62.09568977507702 2.5076080615430394 0.0
368074 149.083766609385 1.79267213589049 6.88354060761054 0.5847656358505602 11.93674777297523 0.5449212272383871 65.25995889016411 4.841906599122545 0.0
368170 149.101280327684 1.79433537228949 2.119259605370584 0.5729863471600342 4.119482575602695 0.5378602175118358 64.2442119222708 4.462925694853859 0.0
368184 149.549122297442 1.79480006408619 1.922723436048577 0.5306869501411775 3.9839883418937125 0.5142510651254996 40.38229667487736 2.906823629326253 0.0
368356 149.413496350349 1.79593362418703 6.657167122134474 0.5697770221555428 7.564786120422972 0.5309828840414716 47.233459339865824 2.164291218666615 0.0
368398 149.490298416232 1.7968090818994 1.9903309125947366 0.5068569141316486 3.5454963995588233 0.4916530656587841 43.25063247106312 2.6267294359724174 0.0
368548 148.905545899906 1.79707659932009 6.236176636350404 0.5836847271227374 9.023879525915172 0.5097306205660221 75.25442154640483 1.909124548284853 0.0
368626 149.172941846293 1.79871776299532 1.6382194091611355 0.5425787390011538 3.329680081920859 0.5119931283372067 60.15758093384441 3.081771727879876 0.0
368763 149.218116975517 1.79995073888819 3.5272652209984083 0.5641910118546822 4.099096249427008 0.515818680489119 57.63421687108683 5.418566556418394 0.0
368921 148.732091114775 1.80098446927904 2.2729357926608436 0.6649839525743809 4.292142119221172 0.5443756063932462 85.15009587465032 1.2810054849444759 0.0
369443 148.835320301378 1.80473809669936 7.465133800506349 0.6294514154192041 9.001384238365429 0.5408791263814934 79.13994080170005 2.191746440387652 0.0
369722 149.25085917201 1.80808430607555 2.294010856512202 0.5296388058759792 4.258397578395538 0.49541304030121436 55.63961242410937 2.6932991083628828 0.0
369768 149.099043004997 1.80835621740511 1.8287509808448406 0.571842468782753 3.4158353838197333 0.5366251508105752 64.06991722372727 3.814079718776133 0.0
369771 148.82878978715 1.80818892054074 2.7560374377742938 0.6233417215250754 4.476205556973358 0.5243760111221916 79.45649939332083 2.0604114906888675 0.0
369823 148.951714903427 1.80868848195 2.068075927873554 0.5388409491739162 3.7615644431560207 0.4974218907119439 72.40574392427008 1.8118146096524423 0.0
369905 149.553448218424 1.8089514869758 7.27029095501548 0.5386142717316781 8.687811335490018 0.5208157304900807 39.685333402212486 3.1697013989750515 0.0
370062 148.896433349837 1.81057059487764 3.3614139053145817 0.5876756459209787 4.282361117154046 0.4907672993064787 75.53159615127474 1.8967805752688143 0.0
370079 149.506058843264 1.80913589210546 60.87607846450907 0.5985868835497895 104.42607418433538 0.5713912097423857 42.05667530232432 3.515252699716089 0.0
370237 149.046334640709 1.81168392150788 6.708494238362239 0.5396270159305889 10.941100786163261 0.5153060479768454 66.97332467551745 3.2956142252430998 0.0
370303 148.828811265994 1.81273856102833 2.0305934818834506 0.5984889225583205 4.168750560607925 0.5231947790109848 79.37855264045884 2.0589623908734036 0.0
370447 149.522189756535 1.81360165068873 3.806305429713627 0.5199389213638933 4.732981100320718 0.49272948706369113 41.096023207794794 3.82452137298194 0.0
370594 149.200577213803 1.81552777681484 2.0050993720367556 0.5407904028808563 4.093379301810664 0.5180677972118327 58.24129530198865 3.669398312909459 0.0
370632 149.044887932091 1.81508739735425 7.45803577225638 0.563293243013735 8.934618273331578 0.5145494151102256 66.98773093131227 3.2053534562976997 0.0
370766 149.181450100816 1.81669080063549 3.837248009530836 0.5652449126273965 4.433660908381079 0.518355060953546 59.27909845723457 3.2762750484539813 0.0
370915 149.116216286189 1.8182631028542 2.0519558094765227 0.5703918357167514 4.04812773002608 0.5329155084839832 62.897411102312745 3.170898528685729 0.0
371277 149.45046572543 1.82140694454353 2.1621238364850193 0.52949570906276 3.9569698414427408 0.5044063525700737 44.55241178655825 2.016574718820672 0.0
371312 149.094460635304 1.82135797178941 3.6883522334045002 0.5944362009629616 7.154177946286393 0.5577605130080767 64.05952206009599 3.434430170665755 0.0
371641 148.984709327465 1.82464273708506 1.8741577085275716 0.5779588875823785 3.459790341584125 0.5375518886207975 70.22855078785047 2.5333586207031504 0.0
371949 148.897629792005 1.82752606695939 2.4477171736615206 0.579227651220053 4.202879192756521 0.5064462856644651 75.16859420033876 2.085227832857548 0.0
372078 148.758740875672 1.82676026864566 5.7906617328930325 0.7130673157419953 8.850611333391685 0.5824191373142726 83.20174950105309 1.1906736462268106 0.0
372120 149.384240093078 1.82945869143901 2.074977983279556 0.5562870109038719 3.8656130185335633 0.5309961463298609 47.84710440495534 1.5194043073312427 0.0
372257 149.175012638237 1.82832152931117 15.896388742307634 0.5886010903016954 30.174786026729638 0.5490954359388476 59.384864287561335 3.235210299951459 0.0
372304 149.392223182894 1.83116188242821 3.409623096170054 0.5630223815170634 4.444931922110735 0.5277142578698513 47.3726771968671 1.6030467792749359 0.0
372559 149.585611880681 1.83326958663608 3.530129463258229 0.5708146342552551 4.786131073021558 0.5336052118602658 37.269793283242514 3.92650193064367 0.0
372718 149.545359858509 1.83503441210021 5.568264925276476 0.555748511013761 5.995761863992305 0.5361412317964647 39.234377827775894 3.4620053054794018 0.0
372903 149.408461665233 1.83622081105457 2.930284335676876 0.5553429343533315 4.988545912622209 0.541186862976157 46.365710771370516 1.6667205841752248 0.0
373120 149.162167110622 1.838115143254 5.12471523543823 0.5581180304718476 6.346692573098977 0.5014912629540885 59.899849426804785 3.153863552678014 0.0
373325 148.938763646118 1.84024219597926 1.9878756509816229 0.5494831103455247 4.093284276870555 0.4908191381152702 72.5867484008629 2.7260573247362787 0.0
373726 149.491455566072 1.84347963146843 4.406048952714709 0.5674109808965437 6.590825035288757 0.5423955338607205 41.76046879291322 2.4621695128029293 0.0
373821 148.938916848824 1.84416683942602 4.005991637172238 0.5818714635883643 6.709486592309969 0.5170222524744572 72.51169066090782 2.985156882812782 0.0
373829 148.830281767965 1.84455028161367 3.5641597870846384 0.6285282694496721 5.4695933193962185 0.5261515997693677 78.78127425433632 2.5152590918546114 0.0
373857 149.417962291737 1.84460232502091 6.02177835348944 0.5826723979074233 9.419249330692482 0.5570274432363621 45.631555120626004 1.6457208269669386 0.0
374964 149.093461765155 1.8550355136198 5.109433319419416 0.6341748082624032 5.506990139932159 0.5831705811496101 63.46199217678658 3.771513137696675 0.0
375352 149.041445867022 1.85870773705067 1.6326346981484394 0.4970399682445301 3.3826427087031914 0.4681427752629846 66.3705004343037 2.4382462760539383 0.0
375386 148.852123930603 1.85878618899723 2.4596167941088107 0.616921145241886 4.039813047766498 0.5092461607595696 77.2972876149706 2.9585148878490717 0.0
375462 148.87765386512 1.85979378558071 2.0175737774876343 0.6023000031429865 3.8880313075546002 0.49412359821755775 75.80090284050776 3.2102821762462077 0.0
375492 148.939459981091 1.86000061873484 2.098654644576596 0.5482877165968734 4.053076366236416 0.4794233301146748 72.22022194375353 4.087671691874062 1.0
375505 149.527022589638 1.86046715259758 3.844323955426836 0.536933740085729 5.131162638996635 0.5226159638168463 39.40138872579308 2.8867491729464145 0.0
375812 148.983499276687 1.86277959165337 4.630266865667232 0.5472429812521326 5.528278044198153 0.4958812892134125 69.6332083987591 3.1112160454217137 0.0
375830 148.97234656743 1.86227952990019 3.085273103237428 0.5574121885480519 4.3227070585954985 0.4773963502844773 70.28459934687342 3.471517297419527 0.0
375910 148.996079855136 1.86338499123944 4.991569263714677 0.553203444778881 6.379854088275808 0.49208755367762613 68.89814728923015 2.7866870773614876 0.0
376393 148.9682055042 1.86764717044216 2.409466158745247 0.5460120521573251 4.62621864870647 0.5187783597213101 70.43650417376367 3.79973820563057 0.0
377008 149.214964275197 1.87338448453954 2.2602706935293386 0.548809753577207 3.9449464825571785 0.5218060242765064 56.20546160845445 1.8023102667246373 0.0
377298 148.94607583504 1.8741485405401 5.587663545743375 0.555396092321886 7.072199750189811 0.5122678250949703 71.6141778029563 4.637277006285284 1.0
377371 148.861200235207 1.87616596181961 3.538340042991959 0.6449940523971892 6.1858673685664955 0.5335253033537185 76.51347639057077 3.1424470826637347 0.0
377401 148.571113483178 1.87592687292309 4.625582573904111 0.9796988111836268 8.718288460488797 0.58058646932299 93.49619322140305 0.03851866947976465 0.0
377483 148.774374611031 1.87731312651319 3.363849209115071 0.6959039162405286 4.44914920105844 0.5618234086181245 81.56192815642495 1.7725517796702128 0.0
377664 149.102489902479 1.87885633126327 4.3820677738250415 0.5599315740477494 5.852474040073367 0.5168764445582241 62.51635546923828 4.029286322912739 0.0
377813 149.381770933437 1.88019885925843 4.969266150586496 0.5968031143038139 6.264403292645614 0.5331191425527951 46.71739729068607 2.518196124717599 0.0
378081 149.383220739858 1.88290480734922 3.700876159982704 0.5724945684922746 4.880957722605628 0.5232234667571317 46.57444982069204 2.5630196254221924 0.0
378417 149.477850282634 1.88578672877339 1.7692400026002468 0.5272258315877378 3.552400901406373 0.5128187766074832 41.32128424008217 2.504670131269262 0.0
378506 148.806393591765 1.88560235693126 8.013300876257947 0.6446509224717841 12.785093226609325 0.5338245675350226 79.57920071658694 1.56326426085714 0.0
378558 148.823156728904 1.88671416692393 3.5605590114069123 0.6442486140441434 4.4610852606087805 0.5247909404846615 78.58469006318182 1.903408749878194 0.0
378584 149.503741252341 1.88641282654202 6.75318209851024 0.5686801284616185 9.45264325781633 0.5474830378189002 39.908556840498754 2.626111520528619 0.0
379546 149.261194128391 1.8953588366227 5.121614177636607 0.5592520363169033 6.104534131717893 0.5346340564150774 53.154538908315686 1.1926451617868965 0.0
379763 149.358319272834 1.89729613845009 3.147052640977034 0.5598088236956447 4.630509578420764 0.5276607838080255 47.63928293902823 2.2107370286630443 0.0
379864 148.904029462841 1.8972126068914 5.980829686106723 0.6174185755132581 7.742283824101902 0.5084707289210582 73.71954150127047 4.445205343248456 1.0
380161 149.275921652213 1.89973183788926 8.388415046342242 0.5826684302839703 16.245422557894393 0.5361355663528808 52.23400428020679 1.4418746903460824 0.0
380182 148.87113195789 1.90066799272105 3.590108677539013 0.6533726469528787 4.33279425213631 0.5455695471244919 75.59318976932087 3.1913271250031094 0.0
380262 148.873663098509 1.90083189099394 4.706255271534879 0.6683394768132426 7.516714831614731 0.5464817865495432 75.44305346834328 3.2731078863086474 0.0
380337 149.386033760452 1.90204261593476 5.307984996048363 0.5791386418282974 5.680974624788747 0.5496046176809385 45.98696097362081 2.509975454027738 0.0
380388 148.945282819996 1.90144224142556 10.985934917763789 0.5706591961913448 12.685927362280417 0.5156941694903577 71.25509978934058 4.667581107984945 1.0
380516 149.595581954099 1.90361040575783 5.037985019775684 0.5907231826615554 8.286373969394575 0.569383943080658 34.549978082424474 3.0620660632394237 0.0
380920 148.743242822407 1.9069613525105 4.622134958343268 0.7239203176573085 5.461982053461594 0.5531040849265808 83.00971967183882 2.8237263788504774 0.0
380955 149.140797536823 1.9052368704514 69.73809407831472 0.5997959202484853 98.51692896961379 0.5385692091483194 59.863784739044846 3.0739973507196625 0.0
381115 149.194977285921 1.90903978631386 2.503377195390133 0.557499747678153 4.958270297150898 0.5270823935221557 56.683267679991786 1.8709951192448862 0.0
381228 149.042483061737 1.90985048205432 2.0510740604387583 0.5315019832324009 4.108909055234251 0.48838316476235744 65.47838598806123 1.661383649159395 0.0
381493 149.114551802157 1.91238357601105 2.218275721724766 0.5617917114033061 4.2997214526555965 0.503199883482903 61.262620378579115 3.7504443252046737 0.0
381598 148.746913240377 1.91249821144953 8.716101856785626 0.7738894314989571 10.077457991052595 0.5667111799379602 82.72834162077088 2.994428819849406 0.0
381668 148.726429978302 1.91272898480196 7.936290759144002 0.9242313934396348 11.705061389018407 0.5583157393552938 83.93054289843192 2.201446083663373 0.0
381861 148.875538841329 1.91523298550839 2.2573914893480533 0.6300604386152064 4.4222928095500125 0.5511357166854589 75.14437608079521 3.179972992206237 0.0
381926 148.903292658349 1.91544675463896 3.35993355065816 0.6097299031724676 5.531462538532554 0.516351154929944 73.51644593305022 4.552543021167194 1.0
382042 149.488081961689 1.9169501216879 1.7933263784764584 0.5607781958604157 3.7064808803120575 0.5399311946618645 39.988373704333 3.582616031201713 0.0
382044 148.973565591115 1.91657377661231 3.4637484264878737 0.5229089556652613 6.353740513677261 0.48838583009604336 69.3941251294925 4.117396093231294 1.0
382179 149.492567051988 1.91746735694889 3.7702673370611715 0.5636633891997693 5.87046736013532 0.5422136473696654 39.72934544166071 3.674943400449806 0.0
382322 148.659846847749 1.9182699304301 4.899139418666743 0.8983580930635029 6.576961437319125 0.5559803662540173 87.79103766131774 0.050377517617434316 0.0
382479 149.137463475556 1.92048403823781 2.1596842192218015 0.5239092266991393 3.3696057504564614 0.4801553054256972 59.8091825807275 3.1822867909913626 0.0
382490 148.84150555204 1.92021757124527 5.287946502356704 0.633466924276516 5.863596979709355 0.5080648256402978 77.07787847940652 2.1379376001609582 0.0
382526 149.360895440255 1.92023933793884 6.745280478591948 0.5761590150640693 10.934861845176723 0.5452397152998516 47.01735632635976 2.0577506119820668 0.0
382789 149.003793210044 1.92314840086414 4.982296155788828 0.5514308236182506 5.5113048902615205 0.48914842455443436 67.53935216001398 2.2162273728876216 0.0
382841 149.562440121423 1.9224331161931 24.633819964105484 0.5996193757177192 32.37853799754718 0.5820226850234905 35.79671080016931 2.698302728046389 0.0
383118 149.502185633359 1.92606643845048 2.256755672065857 0.5622865616160215 4.6124406761909995 0.5433535088667025 38.99519389491266 4.319884026278703 1.0
383242 149.144129633259 1.92580856031802 18.096732433769215 0.5633041200582414 24.222332358612604 0.5084226112786205 59.33992747932367 2.969061452482179 0.0
383328 149.099647552719 1.92789022785906 2.7700046876094944 0.5522797909296692 4.430364650295981 0.5136946541855332 61.889068691828506 3.701230612690462 0.0
383418 148.980112956301 1.92867874309572 2.2559307062240115 0.5635079748746825 3.841284702464309 0.4890178103278124 68.84788276091705 3.74531729555007 0.0
383776 148.997651722043 1.93163074651361 3.778623737587143 0.536415326081462 4.775808892332103 0.5223775130220105 67.78304479140128 2.5760516129577944 0.0
384048 148.890736418009 1.93332185158525 6.469547717212907 0.6170129547721478 8.486109569220432 0.5233667896037927 74.02755367606348 3.355240362728295 0.0
384062 148.971583498832 1.93399210598353 2.779037722363481 0.5286192000591817 5.262760206360721 0.49819415505245174 69.27753077868036 4.14199488131552 1.0
384107 149.460575221743 1.93422872064232 5.573742585157455 0.5857653652555885 8.240810798212884 0.5615908679110272 41.12076101887761 3.367968760236138 0.0
384170 149.328553189441 1.93519346725622 2.1542656087141747 0.5452047057193227 3.6847380666783027 0.5216121630978765 48.568411284925936 2.8359321805989977 0.0
384367 149.510220662835 1.9371393716055 3.6589851490678944 0.5560213377765794 3.8952139311780805 0.5345003776985169 38.29294792500933 5.129171307407414 1.0
384375 148.909845397708 1.93660078411148 5.414686930424329 0.6430602177914607 7.315393293865665 0.5293675888196915 72.86555487314251 4.007206448053935 1.0
384681 149.120300507185 1.93832898459363 7.795973172783934 0.5753591106526258 13.498228362514032 0.5190561982250612 60.535146145423965 3.8010554239792085 0.0
384908 148.665617741639 1.94009078335823 9.806067148380103 1.4541514482047027 13.535223709116014 0.5748345762205407 87.22277735592078 0.05327471365028566 0.0
385003 149.306837042879 1.94285341167974 2.267146481878725 0.6011748203247316 4.2457224359776795 0.576784325753885 49.675372823411884 3.045507746939744 0.0
385078 149.494307609863 1.94342191557357 4.528171194445029 0.5838023808659906 5.5934701747564475 0.5636723647597105 39.03600493436163 6.4567984790077855 1.0
385226 149.02811212394 1.944693557015 2.670023256924688 0.581481077934602 4.554491300214222 0.4989984162731997 65.82906657606311 1.5302539598918392 0.0
385350 149.320275754923 1.9453226366521 6.3558162549503034 0.5794084537137573 7.885154465356944 0.5348180674474765 48.86117079333023 3.063251071275143 0.0
385484 148.744154010498 1.94646605099661 4.230441962071779 0.7826103365422004 6.099532961394325 0.5438196718655811 82.5164861019308 1.9322483418339544 0.0
385564 149.584654717549 1.94771437365945 4.185235662331832 0.577488048974599 4.6507404911781425 0.5586403692726435 33.94639345575195 4.960635101796464 1.0
385824 149.115806334364 1.94928522149724 4.199280090959854 0.6241081128042475 6.752898440050807 0.5225032601175538 60.641798393424644 3.7456951302010686 0.0
385832 148.949954870981 1.949251993325 3.8094549528099066 0.5981192853567652 6.853887547133037 0.5197958218849217 70.35698955461025 4.240062973117293 1.0
385906 149.418791611656 1.94996389336683 8.171883466451828 0.5641358846183958 10.875454390037612 0.5336363975519928 43.15231249555219 1.8235921700879365 0.0
385959 149.533138352531 1.95020328684417 11.541611667745746 0.5729297142790105 15.488418862239946 0.5563260226926676 36.7236272251945 4.328071337759136 1.0
386378 149.261416495068 1.95495527621872 2.750594285595143 0.5720106307086693 4.280101635244776 0.5411952323814512 52.0940070970413 2.2589208922083706 0.0
386682 149.207593108981 1.95778881912362 2.5377911598792204 0.550560949993588 3.1028591551617586 0.5084801799110366 55.17377174241162 1.6507368897981507 0.0
387284 148.964075631797 1.96319161868524 2.397070811984378 0.6307521083314476 4.528185229293908 0.5123580601600499 69.36393660701147 3.5932586991955766 0.0
387467 149.496912554723 1.96463204839734 4.475105302077375 0.5816598977474503 6.9459896333936415 0.5655944695035676 38.44041595360539 8.915238146392912 1.0
387598 149.116360197915 1.96348909192202 3.7474376595799037 0.5577613633766095 5.30174837274329 0.4976564915803443 60.418633572256546 3.2955884302428653 0.0
387664 149.557682964431 1.96666928884364 1.7710069771979746 0.5848874499247684 3.6562434606535974 0.5703659575938466 34.98908082054255 4.338202319197006 1.0
387724 148.953154150852 1.9667248571602 4.558487176201875 0.6340790922260388 5.94301130506412 0.520088969962357 69.96756587447717 3.4570679972056633 0.0
387761 149.463115900634 1.96707816804233 3.3706144569345335 0.5715557984547006 5.993725780824349 0.55067538651827 40.305393489033015 5.8243401032020765 1.0
387872 149.472371688435 1.96797997217957 3.159599087693484 0.5793326951467407 4.9730905825257 0.5545799716081758 39.76244969830458 7.208566068531731 1.0
387915 149.26821744532 1.96785522842479 7.555661794771238 0.5892061895107071 9.968915817592558 0.5279389957160128 51.501836182024576 2.4366657867921724 0.0
388029 149.497925883665 1.96962450708817 3.565749587810292 0.5997228667647395 5.1624288057745344 0.5803099312960616 38.282491658256475 8.992662431487362 1.0
388084 148.811978633746 1.96933461383805 2.830521410850288 0.6708982935140344 4.381297402257731 0.5414525465282193 78.27697822367224 0.9470793770739759 0.0
388330 149.193582170673 1.97171927692887 4.399082774788145 0.5690544057901057 6.109217264640281 0.4921243404328962 55.793804469515024 1.46596041618241 0.0
388358 149.500899897306 1.97242893783389 5.263153774425678 0.595889188231259 6.045051480691218 0.5718733518673722 38.058437481040066 8.78442311294993 1.0
388696 149.285740351539 1.9751732128755 1.8397311255505018 0.5490695282979215 3.733797717871747 0.5170811087076876 50.375000371474506 2.5367130572157093 0.0
388812 149.559978643406 1.97537532315489 6.862547435170984 0.5906655492965862 10.29868532235338 0.5751466906579735 34.67096156811347 4.4934620522845465 1.0
389072 149.522938056397 1.97856210039012 3.618917715682617 0.5651363544075917 4.553333747081993 0.5521930558462952 36.689680425416356 6.231343896466933 1.0
389086 149.314036557922 1.97805997714879 2.772033560212889 0.5683563424779844 4.748105259487739 0.5336814893325164 48.688548303155464 2.6112396225912264 0.0
389110 148.778831456493 1.97849931284951 2.455989622614387 0.6876786831693971 4.900433843765551 0.561136383451536 80.15277925234703 0.972520496809565 0.0
389243 149.542149727114 1.97987170055295 2.765881532281328 0.6116732018478984 5.719077308091191 0.6018110365049196 35.57851721842273 4.790106400046662 1.0
389280 149.564705756273 1.97791288979043 128.22342230571763 0.747875862673923 244.74527004542244 0.728389561646132 34.35182395211253 4.550444271176957 1.0
389453 148.920312460164 1.98158640713637 2.489247836612387 0.5863614483985998 3.8007944209715525 0.5319690188772664 71.7487660234298 2.3389984685318628 0.0
389807 148.74604723374 1.98422942859867 3.7979968506819053 0.7821440133189366 5.699377659429873 0.562605329964741 82.04559196780423 0.5729857809008676 0.0
389940 149.514937883882 1.98615564738414 2.8417368002247563 0.5614947290574746 5.006600136202689 0.5447177219296566 36.995141884800525 6.833513029812034 1.0
390303 149.236721807917 1.98810968284112 23.378620980309865 0.6250144262052958 28.03917517861582 0.5782629035211824 53.05282450778368 2.5712022905905547 0.0
390312 148.944015107428 1.98843246963481 2.7457231114498057 0.5985436400526384 4.489305478899917 0.5252879028950228 70.27886595769645 2.3348824884024486 0.0
390989 149.312683851034 1.99460398203937 5.061509229136289 0.5902254370201179 7.062842755070899 0.5553113803748398 48.52733577011619 2.246153456284607 0.0
391030 149.340306796737 1.9957944821752 2.9691098780765754 0.583748523180862 5.129828298272577 0.5657830257668418 46.90059526620393 2.0688001375929517 0.0
391053 148.810819013759 1.99519280164237 3.533297411922164 0.7041545956014997 7.093484306693688 0.5318735690288883 78.10734435385972 0.8443977869908526 0.0
391087 149.140946714778 1.99615129556688 2.6083273488579826 0.5569450919907399 3.6247553114952797 0.4916209657704787 58.57546686415751 1.5435027450659837 0.0
391103 149.075321345512 1.99524153938429 2.5428985572699836 0.5628139500721335 5.003862696871079 0.49723563925412767 62.45273055155324 2.732318729635516 0.0
391365 149.50226428005 1.99869405228738 4.544300197287681 0.5890313707547311 5.364831026887203 0.5651964978438245 37.488864553730764 6.673183780088948 1.0
391423 149.335353029869 1.9991660676005 2.1172340805293066 0.5800865132859009 4.354663636930129 0.5656184446307335 47.14161342878611 2.0142819458152843 0.0
391431 148.724956956614 1.99819459842464 8.403065625929695 0.9536724021331247 9.668376911482005 0.5623465222010281 83.18152877563013 0.11005786346542372 0.0
391767 149.278400474001 2.00221677743251 2.546394908521655 0.5562825412856639 3.8980855385145605 0.5224016684132903 50.42955086753936 2.9392720007505915 0.0
391987 148.996343490932 2.00411396273779 2.48094062243753 0.5753520444557074 5.086128156709374 0.5382681294498668 67.02984567451973 1.2417473311679201 0.0
392069 149.594122503598 2.00509851952345 2.762297752934353 0.6112790326640897 4.604411068751746 0.5961241801196103 32.134736557125485 3.1123451059428566 0.0
392075 149.078461420104 2.00274690106948 23.796916002548876 0.5833176129050441 32.73924648971894 0.5097872750018598 62.18793498623945 2.9272454937725882 0.0
392143 149.139673238715 2.00533972920175 3.3039925744318266 0.5744292116835495 5.136243125530376 0.49477400401698207 58.54798355635973 1.420997087845587 0.0
392238 149.463128885037 2.00624212311628 5.445078455720961 0.6057861345210168 5.965262978539761 0.5854370676073113 39.615189184667 3.870458030800199 0.0
392456 149.228269590518 2.00627142183972 68.04588015907852 0.6423710662838801 84.70709863479108 0.5918913855820904 53.32105288246896 2.046217237788395 0.0
392602 149.54403622198 2.00960979871237 4.4324176911666635 0.6186621429811375 5.1639902792822685 0.6013993905245266 34.902332679397105 4.738238757851354 1.0
393029 149.3335555469 2.01334864079717 2.442639262329409 0.5639050242672771 4.958657092435572 0.5415434897737468 47.05599930654423 1.8524096056855286 0.0
393385 148.88407477623 2.01472256480061 10.901633245997457 0.7264992478757711 16.31312718392201 0.5546395488978624 73.59371389959357 1.1662366952384535 0.0
393697 149.084092781704 2.01888765135179 4.069589151377834 0.5628590253275675 5.162500911420145 0.4905525532426378 61.69411968656979 2.82803077415338 0.0
393870 149.097058839154 2.01960933855863 8.36000696709227 0.5533434333758037 11.121001796762439 0.4864074056925603 60.91968978917069 2.5705363129146757 0.0
394126 149.524505514751 2.02259324225898 5.994457009326899 0.5879544219404722 7.861365654028964 0.5697773952615423 35.80652082952226 5.944777268196857 1.0
394173 149.436718667315 2.023352596501 2.2887537111467133 0.5497697046606387 4.613911245081231 0.5254885111019206 40.892585448462846 2.5340530630426956 0.0
394205 149.27427997388 2.02315865777715 4.880404955575967 0.5422598207866788 5.805639234327282 0.5066372368652543 50.418150165756096 3.0409190335924756 0.0
394402 149.564194454773 2.02525963905296 2.4655380839744145 0.596269779960453 4.74500188400465 0.5827887688800888 33.47390886721155 3.81374240934969 0.0
394420 149.284036372671 2.02512549826865 3.9463001372934534 0.6006836928467759 5.223257385932597 0.5188407311047641 49.82137038252943 2.8759465534835744 0.0
394426 149.419084485793 2.02347807950236 3.0232103576986744 0.5812638764773114 4.489175173697491 0.5597415512412133 41.91991144997108 1.7943813170695746 0.0
394446 149.515963017089 2.02108401961229 7.725699783131408 0.5966005793631305 13.362459869831563 0.5844508683914756 36.32435727144733 6.237085569538669 1.0
394869 148.979602832851 2.02852043469425 8.09285979918418 0.5682406897368767 9.612489885729797 0.5007774170625342 67.80621136040259 0.9362703348880712 0.0
395293 149.11278918445 2.03284430802145 1.8717983087950971 0.5170279626579417 3.81469381424383 0.49007404215194816 59.86477555364901 2.0355633950938814 0.0
395455 148.997510269061 2.03412756859442 1.9029020576062565 0.5928660764054707 3.2550865340155517 0.5537992219783006 66.69690504543328 0.8899044592516477 0.0
395856 149.503462438275 2.03781766836878 5.477371200876239 0.6043124792033824 9.263428386725524 0.591912592367505 36.79849753370504 5.961644640848246 1.0
396067 149.474082591084 2.04031432202147 2.52846635478067 0.5898924701720775 3.993020732847292 0.5657415392685989 38.479597680163806 5.4443716092790515 1.0
396125 148.740923614276 2.03935470303613 12.090653797010877 1.8190334544837776 17.089068912356 0.5733892700582899 81.93711195194821 0.12361247215610958 0.0
396395 149.023650761709 2.04325374635153 2.037921089358642 0.5440817143898047 3.745162082660453 0.5130307672055812 65.0713164215331 1.3097427662912926 0.0
396796 149.559388209838 2.04701245789341 4.193973630483169 0.5938056306567289 6.477561744682304 0.5777853710071117 33.410343982079674 4.086940065388741 0.0
396988 148.817089882334 2.04867264265426 2.5284989310812764 0.7245441763165864 4.798898536417815 0.5446271392123572 77.3366388778618 0.8824497357609207 0.0
397147 149.162299842826 2.05053116236228 1.9714504999516385 0.5212217802825932 3.776899640096538 0.48539875071851996 56.7738134183792 1.1851290833564587 0.0
397327 149.449248570072 2.05235042894968 5.042136940106046 0.5602087191453335 5.68048443515867 0.54580180455941 39.78565100787768 5.034197138136338 1.0
397443 149.273288428981 2.05279285841261 8.302277255814445 0.5471348180009404 11.433760034602521 0.5123878681189055 50.17086837694126 2.0233447927924977 0.0
397479 149.417869671209 2.05234902612092 8.662649555413543 0.5943193852116738 10.355584917386103 0.5752038601341369 41.63245705260644 2.017596771242199 0.0
397495 149.020235545199 2.0534759300305 2.734580729041519 0.5660323075394639 5.22565296724796 0.5051251557247639 65.19885255670958 1.099949040724551 0.0
397806 149.497170837009 2.05689373529469 5.832411287982361 0.5793372521964905 6.875293910673965 0.5627471591944573 36.915533544927044 6.035246874504049 1.0
397838 149.125567681444 2.05718490246833 3.1591270532348914 0.5555893522144317 3.7755419937977375 0.485484762452928 58.90350215940002 1.6585043521610223 0.0
397931 149.566628394588 2.0567073801438 3.740631272914419 0.5942972669222443 6.35086697493956 0.5810445461887537 32.85132433017657 3.4570160647514694 0.0
398507 149.021950157721 2.06334971337975 1.7384190881839992 0.5636727347279519 3.052844361684124 0.5011389367432191 65.02907672837024 1.0418559363699036 0.0
398660 148.784072437384 2.06453551331497 2.9273023165705534 0.7305516066482198 4.2998970814066935 0.5509594956379876 79.2152838904077 0.8229859601739633 0.0
398744 148.818360348382 2.06493487420869 7.163465668481485 0.9275635431187188 9.302993140752823 0.5494845489049871 77.16559063104651 1.1033216475898826 0.0
398858 149.249931381711 2.06690134105964 3.4503453647015587 0.5528819108558558 4.142471915584959 0.5099396239302305 51.43432652595643 1.5944082906754078 0.0
399225 149.461449394593 2.07048698867027 2.310958644712789 0.5948470327994024 4.127836787207281 0.5703864304467969 38.86630544987507 6.812030708309664 1.0
399462 149.472665367781 2.07163968053598 10.668049582240481 0.5693269859189504 12.790965973924221 0.5500475394851155 38.19195589967113 7.114483037866922 1.0
399910 149.021214963474 2.07668426826795 2.4066957568327867 0.5697694554125025 4.31440679746504 0.5144902241007834 64.9899963877073 0.9654181623830782 0.0
400072 149.454064796677 2.07815832795621 5.359462504051262 0.6012283517556385 8.012810042827464 0.5817499454189649 39.22675644893146 5.982939992786889 1.0
400191 148.794728153994 2.07941689052914 2.9603258653201117 0.7179733435753393 4.570870870175373 0.545034858010266 78.50354970658869 1.0826193232101693 0.0
400347 148.923007341978 2.08086632546367 2.1978098990747923 0.6510074426971096 3.548145251954396 0.5386851447256563 70.8308044599701 2.381149938253168 0.0
400440 149.489276755656 2.08191786912915 2.8379186775295437 0.5643504597144458 4.648325724610644 0.5532303341864417 37.10658905397176 6.361436748738507 1.0
400511 149.262941470347 2.08249063172992 1.8625638932737236 0.5330578960585315 3.8187304427972615 0.5008917173868367 50.54222592746121 1.9979353569791276 0.0
400597 148.927960556267 2.08200005202954 19.023794204356538 0.6930064919573679 23.161763894933546 0.5273579658484733 70.52907070673837 2.2766419268029128 0.0
400717 149.532942242257 2.08454292999605 2.3231475890630953 0.5782466826759056 4.703626376951931 0.5607506311235224 34.49848334377468 5.0886469031624335 1.0
400723 148.911943263726 2.08416246864441 4.4685975100407695 0.722611366897697 6.282916417156378 0.5398263324515323 71.47519552517501 2.529711242223292 0.0
400895 149.517486422714 2.08601797619116 2.7517646632314836 0.5567719576137343 4.159504942959465 0.5406373149485318 35.39762966502118 5.47935822513823 1.0
400994 148.881870216083 2.08561359794956 11.526784815606792 0.8284452959720439 14.749629567707304 0.5100123733762493 73.26543831778471 2.390657928644517 0.0
401493 149.505109216671 2.09125357435906 4.323062101644087 0.5674400705942344 5.208914414179728 0.5470879375089733 36.0813033293143 5.70940612113221 1.0
401767 149.527501104186 2.09168104450359 36.51864265903469 0.6144026794610796 45.15096895774679 0.6000121294069931 34.75065851355836 5.268915491728342 1.0
402477 149.521565108999 2.09995188194248 2.0670820288048475 0.5716709255984057 3.8521205071186655 0.5544069566867327 35.029040501892375 5.34573212689126 1.0
402523 149.481190971123 2.09976228201134 4.121231008748693 0.5715171516425739 6.583578932945123 0.5581383852191057 37.42884852603494 5.759536946604531 1.0
402836 149.080850506026 2.10287631113386 2.948917722103713 0.5920450689624499 5.403633907512568 0.4996141212306734 61.29010139392182 1.568620880971114 0.0
402935 149.521895536109 2.10421644406308 4.0081608582644135 0.5855825835322156 5.107784572328476 0.553603519530506 34.974339594445404 5.2609546486180685 1.0
403055 149.441866245955 2.10513755715691 1.607681123123668 0.5477729390141313 3.201585818852843 0.5294293936587872 39.72857782085596 3.5182688846427017 0.0
403452 149.06686321886 2.10889555522436 2.027300571560469 0.5360261725804586 3.0746998403891466 0.4824831846902333 62.09961447749941 1.3281776020921114 0.0
403603 149.298750421142 2.10914876785407 15.119421311064814 0.548669922818317 19.30372171166903 0.5082210116190956 48.239408993236076 2.829900493263916 0.0
403623 149.434851779154 2.1106645016248 1.9133363110706054 0.5435981910551417 3.866546271603907 0.5325583408940513 40.10955705933076 2.8286144882772986 0.0
403805 148.836719944671 2.11230238680664 2.961769265833157 0.7747520731075019 5.603674797491541 0.5842399078740292 75.85875101808212 3.235162064615958 0.0
403894 149.470587425995 2.10989433288367 11.818276909634646 0.6051397464120921 23.017950472362134 0.5828619947384089 37.98506570169733 4.876843968266071 1.0
404014 149.101046303631 2.11407973879086 3.1311995066088882 0.49847828938353916 5.663210626431854 0.4464023694427532 60.033352485652586 2.057760165174684 0.0
404186 148.829812043184 2.11473212949728 5.358114257238407 1.0917648528151989 8.140762669805886 0.5908466262812117 76.2644007065646 3.0043925727720664 0.0
404221 149.114615204569 2.11586171935063 3.840792143648734 0.5753663038832476 5.132440325284856 0.5061934781205478 59.21440032811526 1.8289416833019354 0.0
404302 149.28967541083 2.11550804818146 13.165169423952426 0.5393943932917585 17.60293623381076 0.48860826313674693 48.74853532932532 3.3841944269202053 0.0
404528 148.836430006429 2.11784752089303 6.3022747228417755 1.2445659350334644 10.4263978117799 0.5880892677650017 75.85837711462639 3.1552589843735093 0.0
404804 148.954192945697 2.12092071325713 4.970471731229105 0.7047729225367949 6.081425302380044 0.5329295047048368 68.79745762759136 1.3054823072217365 0.0
404857 149.182186638191 2.12128213024895 13.170492751999783 0.5699098917941988 26.643020602256556 0.5284932434866108 55.150210303335115 1.169032195301516 0.0
404904 148.918346763004 2.12227207606623 4.047723165850166 0.8791026779160389 5.963763696151367 0.5461158375220564 70.93958887890851 1.6978558041935754 0.0
404945 149.244309584672 2.12272448264556 5.477576058165824 0.550978231047621 6.315430269123521 0.5052167041426742 51.428094006424026 1.5674124689692375 0.0
405264 149.543236617137 2.1264060685664 3.169225062622544 0.5822254609702294 4.476144138414507 0.5501403626278323 33.54810109908041 3.530188074264984 0.0
405479 149.571527054198 2.12663091841395 15.90312418216824 0.6037770242993711 29.669302274178037 0.5875235345951384 31.85929797816747 2.3938812165284244 0.0
405755 149.515850832144 2.1309242378417 3.4750356639877906 0.5760785908069131 6.218744967763731 0.5582347621400704 35.15765258560612 4.157386381848595 0.0
406020 149.458509094765 2.13280487744987 6.520128153728347 0.629846705687286 9.61393650524488 0.6095728487267745 38.57501190196745 2.9222272716059274 0.0
406025 149.289618128856 2.13246320838145 4.446557775659194 0.5268288319537334 7.690316126468928 0.48773224392260733 48.67906990925307 3.580234972375036 0.0
406199 148.898335920786 2.13461592928164 4.5465953457395125 1.0674686726962406 8.431996857390594 0.5403839923642887 72.10463359150465 1.3834760777780477 0.0
406313 148.880557151346 2.1358494760582 2.849773360708408 0.7657777271496502 5.256186360402332 0.5301492912741695 73.16692336626201 1.4753124037865317 0.0
406644 148.992442317945 2.13870467248016 2.4914421659204438 0.6785055481296535 4.497196282971368 0.5131870819444605 66.45688664316403 0.9226455440433771 0.0
406759 149.107348618271 2.1401258959668 3.02555649514276 0.5881337985903671 3.9279711396991615 0.5139909311329479 59.56958785227228 2.185226197247627 0.0
406986 149.521217936417 2.14210108631705 4.789684464989311 0.585311520437129 6.211739131732081 0.5633820107760424 34.78444790465243 3.463163303533425 0.0
407028 149.40445256139 2.14151379193957 6.931699582034248 0.5681460818385309 9.72221497805811 0.5449059691687353 41.77364026147541 1.6359337903964994 0.0
407085 148.878971513511 2.13857269688273 18.212836686812768 1.348848985343048 32.113816283293346 0.5547168822027808 73.25587463028604 1.4452621992400243 0.0
407256 149.309744476953 2.14441483883958 4.805630886036468 0.5490472917836954 5.729846543783439 0.493223925776456 47.435017769831354 3.0724518870070456 0.0
407586 149.075721562918 2.14806940817256 2.441095737977029 0.5891422741548488 3.855215899476704 0.5273442013957663 61.446459196931535 2.3169995412967497 0.0
408194 149.413894240244 2.15365036009808 3.4285257199272032 0.5495996236254131 3.836451950327277 0.5324081551350489 41.17189793962866 2.1910244013679976 0.0
408754 149.142214294673 2.15817906113634 5.364414230503552 0.568084021156889 9.57166727446682 0.5348722110617259 57.443628289661284 1.488146538326024 0.0
409306 149.382145780864 2.16358385119102 2.315222534809979 0.5571031987737898 4.199637786466119 0.5270798054445186 43.05438266197683 1.93034325873472 0.0
409532 149.134443579436 2.16549307424261 2.0629844967328896 0.5828116202311677 4.007337952583872 0.5203659715255787 57.90011082703396 1.7782394564207138 0.0
409537 149.013029867146 2.16540399509102 2.440719835795247 0.6102370665212059 3.7158434121144728 0.5052265800409215 65.17883440479409 1.1666862091262675 0.0
409634 149.346573568806 2.16635652756908 4.72859801701613 0.5419349944264862 5.348822285960626 0.5114065360341485 45.18272434364577 2.607648801373775 0.0
409787 149.254881838394 2.16772246718573 2.607346325797421 0.5611272933607857 4.770457365826911 0.5252406994491635 50.677748301772645 2.101914326106991 0.0
409847 149.356891472597 2.16828853591074 1.8757368221664645 0.5526188060167208 3.404266548021687 0.5294375699239592 44.561919559612456 2.3855029597275457 0.0
409876 149.42628358597 2.16864140848869 3.715335930005457 0.5951287565753621 4.175961382689242 0.5673286360325416 40.401739952282924 3.0725309252027735 0.0
409890 149.132154721762 2.16860255063893 2.5001513690695862 0.552127570651404 4.264829788264333 0.5116901687415648 58.03439054413048 1.9182973674149495 0.0
409932 149.417177466776 2.16903832403617 1.8075735527287295 0.5745155244271791 3.3933286366227406 0.5469786717038556 40.94714555003055 2.869970709751045 0.0
409972 149.236599837406 2.16882831800459 5.466144609374684 0.559009730051935 7.823087857015748 0.4941059452103911 51.7726560482094 1.7751606556439372 0.0
410260 149.273379251431 2.17161421394448 3.4502991140803014 0.5463373285066386 3.9622219651650528 0.4998876720237122 49.565329993868666 2.60194510982248 0.0
410353 149.494908888808 2.17268129142065 1.9542733900459903 0.5955568452984316 4.013308815080833 0.5834802620215035 36.28351225871679 2.5986643175812683 0.0
410414 149.416218754642 2.17296761958877 3.945915402170084 0.5633852001630091 4.930755812866184 0.5470430903726046 41.000788493173395 2.948719116752932 0.0
410713 149.594077942687 2.17586980695848 2.686032770411754 0.5584139996295586 5.438233286518943 0.5416343428872173 30.335565460713823 2.548475094265781 0.0
410790 149.451821245176 2.17642547961472 2.1937599309769222 0.6047555183221641 4.138383396718703 0.593626929843936 38.864009806067926 2.8886481573052056 0.0
410846 149.067819699686 2.17672700539229 3.6741682030961718 0.6376153975746346 4.7190012319975345 0.5553553648186629 61.886813757720745 2.3059764407088106 0.0
410923 149.443959938934 2.17764080349923 3.2001676553157616 0.5713428764143368 4.210974081557068 0.5498388966491352 39.334768000300684 3.140029578436659 0.0
410962 149.24445628357 2.17760704069119 2.76151115759678 0.5321729187179866 5.342187922763956 0.4943416276634757 51.29613837965301 1.8899837358112912 0.0
411246 149.472269497694 2.18063280090349 2.6890333953498455 0.5821035411539701 4.869369701555446 0.5697241787198793 37.636620919466374 2.2771125125647464 0.0
411365 149.098745909368 2.18161781614088 2.1556793944084873 0.580171880330848 3.782055193757763 0.5259672153327324 60.03169732728785 2.940357384829711 0.0
411420 149.423082773084 2.18022556662552 4.034585774739906 0.5819908634070082 6.690591436637545 0.5566467254275331 40.58574013225496 3.2546076835139517 0.0
411485 149.485403133161 2.18266204877161 2.529650818769921 0.5707956761828983 4.329981874437296 0.5503695426968036 36.84909182080769 2.3285240558066076 0.0
411512 149.064154046707 2.1826840938187 2.171394304829198 0.5847480823860344 3.884800588350959 0.5243489071250464 62.105695009443316 2.2206807126950583 0.0
411577 149.558302116893 2.18287664897125 2.8001465213561794 0.5542113186106347 4.940626045669752 0.5356536559960409 32.47834587343048 3.937233737122767 0.0
411975 149.33016201516 2.18620883305402 7.711960567400455 0.5125523078382558 9.138757081662753 0.47117777914282344 46.1574326453255 3.425751295535448 0.0
412072 149.412909403322 2.18748423846083 2.147324410243412 0.5376250245552749 4.4225433766685125 0.5162247897860098 41.19681049051083 2.978870787329354 0.0
412127 149.568166091933 2.18785654251482 3.0520980682520444 0.56372703987701 5.643150063262233 0.5464785160434743 31.888808670952812 3.564383322466076 0.0
412245 149.425020563879 2.18910879598625 4.229916105899141 0.5872920823508082 5.219002509041109 0.5332464862733484 40.471589160077336 3.2699184149345344 0.0
412325 149.261075892869 2.18979293345195 2.1428066052656045 0.5091232380315112 3.6557879074854296 0.47070372315095205 50.30102367728403 2.1355872128943023 0.0
412563 149.09983441091 2.19144283058569 2.529168741024976 0.6547463130965774 4.9738879937101155 0.5091902788842207 59.96894325456304 3.1076642154613037 0.0
412846 149.130606906045 2.19416908116073 2.8573544967839735 0.5311587683362698 5.427273099625907 0.49426849193721256 58.12580524112108 2.7949411323190856 0.0
412920 149.073949867416 2.19426162628225 9.223552162061198 0.6117734362479833 11.751878554633333 0.5487750808562021 61.52255785229672 2.439957943168259 0.0
412958 149.299067436666 2.19518291869298 3.6199471525338036 0.5312721371914182 6.377422711657803 0.4929604955258191 48.02746796376517 3.216394502654548 0.0
413016 149.259422151992 2.19364608553408 3.8242791653671926 0.5078596816851108 4.483901160761333 0.4876907831763807 50.40279709729391 2.0782426582538376 0.0
413154 149.50033971755 2.19697324199281 3.093923334269266 0.570574673479893 6.342055407525666 0.5498577342490513 35.96465622983652 3.018014947459562 0.0
413431 149.460736186995 2.19962924553256 2.150776468027065 0.5865813128625595 3.428941099949958 0.570634589751774 38.342478215186766 2.2224168047718114 0.0
413542 149.395339627779 2.20074128689527 2.2057717014551543 0.561566969853607 4.379797347308848 0.5358966262697356 42.26375340949479 2.3443686368839525 0.0
413556 149.40093959843 2.20084448735114 2.204170054802008 0.5442183832473603 4.525315939638894 0.5326843455097574 41.92828698506098 2.4693682422253103 0.0
413775 149.207369592723 2.20240429789607 3.3479974911078205 0.5325969477450153 4.802403643355025 0.5149937146472741 53.53270425016414 1.6885709765056474 0.0
413872 149.119580530222 2.20310838893342 4.369419027223881 0.5614125419283192 6.043821178112971 0.5068209259974497 58.7958159714226 3.2629484511602045 0.0
413878 149.54582148837 2.20303746658285 7.441999991712699 0.5595161710052108 8.820011500035285 0.5373255799016424 33.25046281589238 4.8563164617535355 0.0
414033 149.048095890299 2.20325943060828 5.016201646716274 0.6046445805092231 7.550932179459447 0.5225644469082584 63.08100223657783 1.885411503083997 0.0
414284 149.104969400875 2.20716547785002 2.2746006605139812 0.5907820606493468 4.606585311487097 0.5217814826049822 59.677235963541875 3.3286141939631757 0.0
414472 149.568880284619 2.20928680224618 2.850715111944127 0.5738465254212639 5.206722917593463 0.561722164566081 31.8860182366436 3.612827885229653 0.0
414518 148.951391693212 2.2093508813704 3.43292081654739 0.7285602282837922 4.6460028927413015 0.5207325514774644 68.88552920381227 1.5500919551434307 0.0
414683 149.550552210843 2.21104741887328 4.3640997679951 0.5533784707946047 5.809870290603703 0.5324759344419239 32.98889185864947 4.812371542253583 0.0
415220 149.469283903392 2.21624498213743 1.9907176434993692 0.5536253715697695 3.691175941990681 0.5319288843598788 37.87105578639449 1.9929002036215602 0.0
415317 149.312772922864 2.21511677085158 35.787510082745435 0.5762146916284808 51.40838444077216 0.5436386351910636 47.24080168412742 3.653214469768109 0.0
415510 149.460081553626 2.21898920279392 3.7164467818561433 0.5677770137415189 5.344234435498509 0.5460438220085018 38.43112237424108 1.9656180311764122 0.0
415877 149.332125512964 2.22170644334597 2.9993319293540033 0.5236756175948997 5.626552373723107 0.49602250039473783 46.100224904523685 3.3194839281031148 0.0
415969 149.530072233852 2.22209173386938 19.854543176499703 0.5797515393946315 37.36000416585098 0.5613287767652374 34.25521379908403 4.602238299118813 0.0
416129 149.198523452578 2.22468252308991 1.5457553139315354 0.5461315664295237 2.9932616640741627 0.5088358538840236 54.10939861681007 1.455267340573339 0.0
416299 148.872382339032 2.22484083400215 10.037561164775239 0.9979434688691983 14.153418886564976 0.5692902186173712 73.64758400058385 0.7296325483849165 0.0
416324 149.3608695535 2.22666055980702 1.945470192037391 0.5303795623874672 3.6571375706591804 0.49987285173833734 44.39615243100922 2.55448166909589 0.0
416507 149.522015506571 2.22725185076686 11.969656274592014 0.5774845629099047 19.332169964064416 0.5559349912013146 34.75986309645449 4.174317417350123 0.0
416721 149.040615367205 2.23018924814889 1.8856143942946764 0.5330590833592579 3.803227342710535 0.4963589118595402 63.581892027386886 1.6747098487923584 0.0
416865 149.42883603655 2.23165058613429 1.984490033399998 0.5694871209355318 3.816965785881001 0.5466474492703357 40.35033741926521 2.0345379818388576 0.0
417158 149.019409536119 2.2334823314164 3.781530496425857 0.6787800471501426 6.185205541747846 0.4922625386283156 64.86105396487788 1.5614634528778417 0.0
417376 149.129516740555 2.23574093882391 2.225523111669216 0.5450727075990764 4.190644924857545 0.4823720518639346 58.27518735688902 2.344617563339478 0.0
417662 149.413947705572 2.23851356165459 2.5992574887207014 0.5480328641352866 4.590819927114459 0.5239850826389036 41.272312667323554 1.898022424780119 0.0
417850 149.152777354594 2.24014271902171 3.1528666736947906 0.5647784154038636 4.230994471581277 0.516192818657786 56.89829420475127 1.8433971539852747 0.0
417926 148.958522314803 2.23974428161642 9.937285903584563 0.6934874252321781 18.539849953270085 0.5462997970504228 68.52548741617507 1.8950139338335228 0.0
418483 149.130575069906 2.24589156493989 1.716360812350694 0.5185682115296714 3.446703424425792 0.4753525801396587 58.24857785775448 2.101729994126399 0.0
418539 149.134894663746 2.24527150569604 5.942682065535854 0.5818715668427619 10.437363020316113 0.5189301678573387 57.98772317805496 2.0470299605921745 0.0
418612 149.235270237312 2.24711034618716 2.7371183327267197 0.5250938169031366 4.598129636938329 0.49829407287565625 51.9922607138151 0.9339542252085375 0.0
418650 148.935563533442 2.24638584449003 7.882787983819991 0.882685390417032 11.105677673188929 0.557153692496223 69.9210061307928 2.280423006370627 0.0
419074 149.548085966372 2.25149227081646 2.6389306587365815 0.5484319120282476 4.405060332809342 0.5321509955003786 33.352134086559516 3.82594599778236 0.0
419348 149.463088614178 2.25386382196444 1.9846522711026233 0.5426753954596112 3.790589926996541 0.5233987349800002 38.42909373648682 2.796245212525284 0.0
419499 149.252759638594 2.25499219708082 3.825663014342567 0.5459928427592246 5.456404681773541 0.5060719028516435 50.985049713488046 1.1861716316814386 0.0
419549 149.487232450711 2.25510571847952 3.7565292801709496 0.5246807391795728 4.955119795477999 0.501451591972994 36.99981181848775 4.096124691061666 0.0
419568 149.260407150148 2.25555367774234 2.7387462464364822 0.5295134481541548 5.351941112653488 0.4914481311131495 50.53117939866308 1.440995526004936 0.0
419640 149.218487228719 2.2564150017521 1.9268755108910367 0.5307962354555668 3.2633225438653675 0.4874770156891587 53.03963867002812 0.9054279172662407 0.0
420002 149.286251304786 2.25915319028431 5.616284787308185 0.5154288727429955 9.728861187182272 0.49508628584252085 49.007693417712744 2.437821522894907 0.0
420212 149.338752619787 2.26131712654521 3.803462072339017 0.553038200436407 5.9004693604335525 0.5081287678967454 45.88829900419441 2.3565769423668637 0.0
420365 149.528005363847 2.26303537028242 1.9611826560165537 0.5348415535035492 3.9406904468249566 0.5241906609849454 34.63728354603913 4.331109857670486 0.0
420494 149.50457141154 2.2639595576444 5.677194203045382 0.55168407675694 6.331367548204894 0.527683754606556 36.03639226238147 5.0718313514377975 0.0
420545 149.447286277924 2.26446964653467 2.856998088878522 0.5366178564530142 3.909582268666995 0.515932401393055 39.44535290267362 2.3825213858016343 0.0
420777 149.253480652278 2.26656562078109 3.157099004696018 0.5380855890656274 4.176880472150626 0.5173791754202344 51.00621867517843 1.210867457714745 0.0
421023 149.305965486378 2.26874468680173 2.634856174719203 0.5662286143748694 4.673634548700134 0.5345946815821703 47.89016166120639 2.539564714273196 0.0
421124 148.916603316013 2.26939732166401 2.925841855346716 0.7125575707105827 4.502752022965738 0.5098122802096773 71.14399267808275 3.35754632226927 0.0
421260 149.396820914337 2.27079517138783 2.165092915203156 0.5621039195322292 4.3450153865069785 0.535026208119139 42.49461429724671 1.6974860906702034 0.0
421480 148.79877806917 2.27180644668234 7.9181601808352235 1.368398386626115 10.864597983770226 0.5534743474167961 78.20043840425382 0.14122477559537014 0.0
421768 149.309388060607 2.27534074065176 5.041888124124654 0.5743032296587649 6.615115367133985 0.5355921988091652 47.73092244689563 2.474777208757283 0.0
422050 149.499657342038 2.27620877845234 58.13482912208924 0.6098475934427618 109.35229326449179 0.5879970755466841 36.434959848039355 5.4734337052157835 0.0
422895 148.954712271478 2.28577691687161 4.469768776121673 0.7212390797251231 5.7052802790836665 0.5396280934301331 68.94707223488109 4.057361285607251 0.0
423205 149.501929917826 2.28802653897602 8.242920403387346 0.5377873960351636 13.9104614888785 0.5194112412736492 36.41743682137438 5.2393299100627635 0.0
423365 149.101441604941 2.29001316976325 3.655615368976288 0.5451870011982568 4.9491766163985496 0.511590495562515 60.21799127410985 2.926222893394436 0.0
423535 148.912386457294 2.29111698225173 5.250843074542353 0.7369835039661069 6.885333334224557 0.5394348760519104 71.50318759418575 4.253151227772993 0.0
423607 149.070097686786 2.29224327483332 2.5865500275223994 0.5201483601034272 4.707908164700442 0.4935138290998389 62.100667733376504 2.556140705403182 0.0
423860 149.168018372375 2.29440813186539 2.095877032099574 0.5321924387440775 3.8451166024882366 0.4801959163553863 56.28219931665156 1.7337685452700426 0.0
424046 149.551675232699 2.29637955191068 2.095720846120776 0.5631407824249982 3.7278495171491204 0.5451072855560811 33.58373041723728 2.5153049754479713 0.0
424127 149.035291192813 2.2957589671095 8.14930950649232 0.5912147234910621 11.9933513485807 0.5012695638458493 64.19798594037303 3.5379182739723625 0.0
424363 149.293370382709 2.29898358348161 2.4052383214708635 0.5472245822550862 4.154471840135698 0.5245602925507615 48.86795996389162 2.0817056851934437 0.0
424386 149.470281981169 2.29911662268879 4.147056289524876 0.5623622473782317 4.958112952331367 0.5308973487193649 38.40318181544891 3.381480682281261 0.0
424435 149.509581035935 2.29965214590824 3.170933451383212 0.5562685640057516 4.230882450310417 0.5430141616720432 36.095703369955096 4.474179052894684 0.0
424601 149.248473045655 2.3010560230497 3.1604739609428982 0.5552131476369679 4.752025488927541 0.5151604203247263 51.55031022850342 1.058584410567898 0.0
424663 149.520922578667 2.30188137975836 2.274009394219967 0.5517220629195458 4.34218395231591 0.5333426056741501 35.45600240265709 3.9095293810831953 0.0
424694 149.539022867037 2.30208592537241 2.4374576991317314 0.5727509008929477 5.0419863680668 0.5619145965078067 34.39667575282578 3.0087193427749677 0.0
425040 149.109433935006 2.30493081482391 8.739042782977265 0.5464609411705096 10.453024109022778 0.4549882976899155 59.84508332290943 3.306961963810115 0.0
425044 149.146212211676 2.3055319846657 2.524533506852886 0.5443086724260537 4.305800216100813 0.5121578382333964 57.662162114681315 2.187758598730632 0.0
425362 149.538689199441 2.3070712350648 9.744929028986233 0.5887286817209331 13.808126838945126 0.5707785048948097 34.480071021452396 2.899667075192184 0.0
425410 149.313178610869 2.30895060219857 3.0981655926727725 0.5721163353666031 4.533227474083458 0.5445621797512661 47.784560072028555 2.370979198195976 0.0
425569 149.469222845273 2.31041353584427 3.3094181379838523 0.543780757171294 3.649295952938844 0.5234777164139612 38.59510284837355 3.0517594545145075 0.0
425603 148.945760832512 2.31030371171465 2.255697392956426 0.7072250653840192 4.630428845849695 0.5532529315807361 69.62836815037585 3.976481687558213 0.0
425675 149.581707459396 2.31084998101962 3.2030012784282142 0.5803031996639567 5.266461672422141 0.5605246056765465 32.021734053125925 1.6131854941742845 0.0
425689 149.469710300982 2.31150079267783 2.127728542207741 0.5404225051125597 3.5002099337921657 0.5260022251988784 38.579544625350415 3.0470010750558725 0.0
425816 149.017800067834 2.31214466908472 4.2182736193345045 0.6484076291151353 5.79601210055749 0.501580957226826 65.35065551571846 4.713626946070016 0.0
425934 149.103013762967 2.31328501743001 3.7704608634635894 0.560732208901506 4.743526164711161 0.496921400275351 60.29037583071933 3.445663461410464 0.0
426152 148.950909124265 2.31517958448008 3.390067014999552 0.7124000235272886 6.786875135303295 0.5535702350494514 69.35460669778668 3.652958687645325 0.0
426155 149.300853401781 2.31593960357113 2.9377163675781226 0.5559211654264742 3.7951770048981683 0.5365990768940816 48.58170972532849 1.9446875137625694 0.0
426347 149.082343792961 2.31726554214824 2.2406830661388804 0.5327292238965295 4.331242435634684 0.48814063227293975 61.550167306598766 3.417778730450328 0.0
426368 149.419872200902 2.31770597021042 2.7042930229985602 0.5550209502084443 2.9515239549123264 0.5289680462869547 41.58185796232087 2.0069081214152873 0.0
426466 149.04208319412 2.31847541295287 2.162516683493521 0.5669521335403477 3.4048230490937104 0.4995164180808698 63.95287193235953 3.8964988857671154 0.0
426570 149.010580542348 2.31752783215757 23.059454997016466 0.62491092447514 32.34694027355955 0.5168585469069027 65.81942899258581 4.470785385156461 0.0
426622 149.026973854655 2.31964140638066 2.035358956877926 0.6027992798127824 3.5985610043256635 0.5119785398199784 64.86022300951181 4.437078173256258 0.0
426631 149.292396714245 2.31986209489891 2.302019733578342 0.5414222006114725 3.752303116777625 0.5102550475017567 49.120835567401045 1.6442880183740967 0.0
426751 149.125753657467 2.32089231590702 1.8824875844767643 0.5202309994987268 3.5606295719315466 0.491267094438632 59.00160750079056 2.703818757912466 0.0
427470 149.48342677356 2.32714872895735 3.7996657100975684 0.5440936643261332 5.8720337265261495 0.5206574843499796 37.97854459994036 3.1052262719289145 0.0
427577 149.319675599777 2.32823458395514 3.0641672657266033 0.5771051134580883 4.184841064186223 0.5162227296247066 47.599473405815395 2.4387392772177146 0.0
427800 148.912963923474 2.3280816946423 97.48389713695344 0.8242505311702398 138.76629777477726 0.6266827844979302 71.70510590712162 3.8735674093224524 0.0
427812 149.142258001166 2.33038868029431 2.174313810915977 0.5399493450251721 3.8680639666839487 0.48869369545078845 58.106625257208535 1.8829728474461207 0.0
427878 149.464989125877 2.33083374099209 4.614090736634771 0.5345133289516896 5.8060459874245804 0.5144556906469387 39.10516009579011 2.680291021067134 0.0
427951 149.547368627657 2.33095005062788 3.6858554466651188 0.553473241152265 5.463417728369753 0.5378249372495186 34.31719407526139 2.1866675413731853 0.0
427952 149.042554008682 2.33099026257475 3.417832066402766 0.5925191439477656 5.135487690132513 0.4778189408717935 64.02516123307417 3.8515563863721223 0.0
428039 149.512267324481 2.33263645366888 2.7899028328123756 0.5603235545536801 4.383205626664808 0.5577601396038405 36.37809939316554 2.9122013028161917 0.0
428339 149.547083859713 2.33365045605135 29.04796277554008 0.6352096694526322 58.21919272745473 0.6228686791172586 34.376193964910954 2.1594030151290116 0.0
428344 148.797710963213 2.3337884112296 8.922955957714402 1.1537332361860195 18.31432924581346 0.5692073743809667 78.60640924128998 0.016293479118752455 0.0
428425 149.121457883032 2.33594993643505 3.142135744126775 0.5816584682613383 4.394549904880807 0.5035382392249351 59.39012346307715 2.7379541034954724 0.0
428557 149.137011517863 2.33611794644292 10.99638019309111 0.5566750755387784 13.173455521473926 0.5170948731603946 58.47075725762474 2.0183638534862247 0.0
428581 149.339146970678 2.33695730682094 6.871153372734802 0.5496686929757766 10.066913312942395 0.5362827777540017 46.554207282900876 2.840344411117596 0.0
428859 149.354111899869 2.33942668035474 3.7723199015195537 0.5538303701466678 5.96151425752845 0.5231197633875325 45.705811565964076 2.980070101275028 0.0
428928 148.79852125493 2.33775093829733 10.855654694793008 1.353820167460957 16.08271488097113 0.5712113447846093 78.58597783131653 0.023806661833132847 0.0
429454 149.081737416986 2.34438117448992 2.9699303373155694 0.5467427966970211 6.096131120042437 0.49979947136791947 61.821163903289516 3.6986208206446536 0.0
429473 149.285812882338 2.34446658050182 2.2970408387488646 0.5485269773241469 4.370581344479122 0.5203559282392256 49.77758064512351 1.296454412666138 0.0
429574 148.938816762225 2.34418593834052 6.771922742084926 0.7839887233585585 13.945064473167156 0.5769381039191598 70.29392163195362 2.817304725748826 0.0
429663 149.281479210953 2.34646607763886 2.778670498611188 0.561132488543793 4.443926305874617 0.517085937210742 50.05587662198833 1.2365001378344356 0.0
429915 149.078084407915 2.34789715691898 4.601042705021035 0.6073726876625184 5.514463761339714 0.502638000239475 62.07086170403318 3.6813661408343084 0.0
430086 149.204198414502 2.35033652598079 1.7677819234379166 0.5170702761642223 3.4515404256455127 0.47774319131587695 54.64814723747019 0.6941563364621637 0.0
430106 149.40868882028 2.35056029501551 4.085862584403848 0.5144236601782257 4.833308895624622 0.48477571931241176 42.6631139136474 2.403124531174163 0.0
430395 149.008180403121 2.35298431788454 1.9474510371304055 0.5781908553136297 3.34658203153245 0.4847356620510729 66.25743602008114 2.5199819294313754 0.0
430561 148.904631913702 2.35405114014093 5.229231982471922 0.7853937729372771 6.937541040649354 0.5297892780864376 72.40602124540155 2.6749218640507775 0.0
430828 149.426120311059 2.35698054137469 3.021014096989396 0.5206679680018405 4.0931225542082545 0.49513727483477465 41.74374736457346 2.335534397433639 0.0
430915 148.976125842971 2.35660048692326 3.398669604801254 0.5854860554533091 6.086149767288577 0.4977034246300326 68.18958385949946 1.7869443875512765 0.0
431000 149.348607114533 2.35848458571591 2.6775259781106504 0.5085158234163267 4.9124020933362536 0.4852720765503902 46.27674044311193 2.6741317212300837 0.0
431025 148.861278278474 2.35846211845341 3.5989356961626804 0.843969647735404 6.744223873363576 0.5388642886269764 75.01634149910798 1.5016449891334167 0.0
431101 149.302656357297 2.35866282023754 8.056832470874534 0.5682029983861677 9.625861620188296 0.5335385141380751 48.96485558446009 1.6198619239618848 0.0
431280 149.03826676154 2.36076705281058 3.2812293371525882 0.5893706617495555 5.381599066014087 0.5055691591136251 64.55184132864976 2.9197680743061705 0.0
431863 149.334108491016 2.36614850545466 4.876793170911277 0.5318385109233218 6.470017691510197 0.515961282279324 47.22868548673399 2.233334230712431 0.0
432171 149.097238576612 2.36923545701035 4.388722352354498 0.6095427210725972 7.830811530501477 0.5316335473610588 61.15946197799778 4.355434138823032 0.0
432195 149.373803538122 2.36918880340889 4.944779845897303 0.551430225195737 7.49301138822075 0.5221260703349565 44.963579747208556 2.810730633616454 0.0
432204 149.064835806994 2.36936097567549 4.234687181957159 0.657074191785095 5.752244359951526 0.522661248737492 63.07136996550109 3.5942707400436147 0.0
432318 148.913097674928 2.36923179848552 17.608812328887772 0.8058112241988132 23.138820136020115 0.6137326749261373 72.03977325787488 2.268996149498057 0.0
432328 149.183855265666 2.3703848256454 3.429078873237108 0.5796800408800213 6.27086061073029 0.5241787249253951 56.076933577224864 0.729955310344987 0.0
432411 149.270493967984 2.37189420809385 2.8390445556817356 0.5651141498430947 4.277185348160034 0.5341129514894444 51.02027039644212 1.2322994670868674 0.0
432413 149.500178226358 2.37198532500834 4.584972880311818 0.5587441730277013 4.751660067816388 0.5377631839144555 37.725328412926 2.2706741485514628 0.0
432566 149.114174308587 2.37233659611355 8.867198464604131 0.6072141054004466 14.283885039093366 0.5520688924997538 60.19666505717459 3.6421008355755244 0.0
432839 149.528858155568 2.37591903347001 2.543459140036589 0.5337293926582497 3.3091714336677946 0.5045504994812562 36.16527246635096 2.0982826499895073 0.0
432855 148.914918678237 2.37583384438044 2.119146940299316 0.658016973842172 4.347863559508634 0.5605073904536567 71.99472042912659 2.1422387259444475 0.0
433013 149.328174484046 2.37753667831707 2.221791708888859 0.5269870080204229 3.706408774666446 0.49289912847100037 47.737824202811616 1.996501812670129 0.0
433230 149.478772886379 2.37851311079196 8.40788614585899 0.5277578158186056 12.726628424026506 0.5039387603342911 39.06691474950374 2.272369295091407 0.0
433258 149.388552172029 2.37936894223253 2.795022513914909 0.5248851098870871 5.045816336689506 0.4948210787027599 44.267330721133746 2.62795095777585 0.0
433735 149.507580854425 2.3834837878819 2.6487696028403582 0.5163951798122166 4.099794386588625 0.5010853081692955 37.519022364810276 2.2193864460118258 0.0
433759 149.514043534625 2.38332353273383 4.365499956624811 0.5292697485262262 7.028513772235568 0.5145590206123016 37.149328090512356 2.2028401605464296 0.0
434184 149.037423755222 2.38753731753794 2.231651190225627 0.5752467094862967 3.493014820440785 0.5103389089428045 64.88719248645383 2.4174078661343223 0.0
434799 149.118318862466 2.39336574275412 2.8563286652150675 0.5985254778274288 3.7572044980380697 0.5289931545028373 60.20545425142458 3.357297620382273 0.0
434899 149.074697598121 2.39308636162746 8.744307138907313 0.5821671980567328 12.373176463764977 0.5039501813535155 62.76097264953398 4.080180924154356 0.0
434924 149.470782080422 2.39454656329905 1.8373867907475567 0.5423011851425327 3.4160541471981163 0.5194247739582095 39.82134689193052 2.20104033727603 0.0
434991 148.916780669394 2.39480645888193 2.4510117578655617 0.6501897502917141 4.485864752003432 0.5419577495837933 72.0770700374082 1.9035539787724407 0.0
435961 149.46847721393 2.40355765114896 1.7708650835882176 0.5248562971565305 3.647780575540268 0.506951565976088 40.12805437804114 2.1266769241568886 0.0
436177 148.853385793606 2.40476239598915 2.935930594008504 0.7296310301845648 4.548522369118481 0.5064960643119534 75.92322110313609 0.8394092491525266 0.0
436252 148.871267886063 2.40546064987373 3.425750296371566 0.6671458671105154 4.793439624004695 0.525881886026756 74.8756196328893 1.022693873368276 0.0
436318 149.412444659722 2.40649720676536 2.141643644209956 0.5186935829516846 4.0654381066160274 0.5131319726296003 43.366268698569066 2.540857355165342 0.0
436450 148.954277473642 2.40157681396767 12.010385019755615 0.625770439518025 15.859413997318685 0.5371268515919336 69.94100334713818 1.598347061016165 0.0
436521 149.217203425259 2.40816898836397 1.9749147899430286 0.508034491380859 3.3317726907645713 0.48773718830973495 54.63811389138091 0.6696147748320245 0.0
436573 149.115455018382 2.40852510505374 2.540770410643791 0.594379429392169 4.718802040151532 0.529671939024213 60.5706346743177 3.2553384027016175 0.0
436695 149.518813044371 2.40974575710149 4.055675221092362 0.5479107006033194 4.714177621826285 0.5363360200476809 37.42813343863527 2.7239980733282416 0.0
436984 148.765217962379 2.41059446430006 30.162649874012725 1.260739281351623 35.98516195817319 0.5700018498355245 81.19002753208147 0.9218728382300081 0.0
437012 149.103284999696 2.41155109458511 7.118849270178691 0.619061269428912 8.031363726763885 0.5605080085020477 61.32232346261624 3.4446723933737475 0.0
437157 149.066081146245 2.41095737627413 128.3428859092862 0.7558943396324967 240.62487018299953 0.6595980588949983 63.49001662300915 2.900476144901439 0.0
437176 149.399516061823 2.41383880008207 2.295757487017061 0.5154182269068778 4.281412541634011 0.494151513403216 44.24011370755611 2.5371340865094316 0.0
437341 149.575991121134 2.41486117218881 3.3794686439353874 0.5424165314577091 6.132641169897437 0.5381848989332181 34.38337690773541 1.8639364484926766 0.0
437670 149.142518778867 2.41798829975309 2.8187504217243657 0.5552706473582533 4.685265575617521 0.5262476290381125 59.123878958991 2.4727752784470285 0.0
437953 149.014119261587 2.42059034309535 3.2922969743335933 0.5808284808869146 4.746248539113242 0.5219126762519708 66.6563521550869 1.5231966686870184 0.0
437966 148.817798035817 2.4205446715418 2.7832090983421494 0.6710623016229782 4.378441503651188 0.5253914775045405 78.1917356616174 0.8172306682913593 0.0
438570 149.416123145086 2.42616753252741 3.1262106972531387 0.5592613783889682 6.3998286397110205 0.5403378962551298 43.53932787611256 2.304878896531876 0.0
438649 149.125188669588 2.42688984516877 2.2532388994652677 0.6232205224067401 3.491597043183948 0.5216114677934367 60.260959376630964 3.3480625837927884 0.0
438663 149.522670925121 2.42682502533809 3.9614053687285025 0.5610482188892763 6.418395199655587 0.5443483607600115 37.60119071588083 3.2713615044290254 0.0
438827 149.431332438597 2.42837833169306 4.137052609772893 0.537204091103525 5.0933646020469 0.5006527000476426 42.72749626313536 1.9783120141285158 0.0
439078 148.723526549355 2.42918950294001 20.66022204574439 0.9439090269993006 31.644335137115753 0.566836618009308 83.84428219629238 1.0989538965965533 0.0
439127 148.824055776352 2.4309744145809 2.9137407253719583 0.7318955022091927 5.495986560891674 0.5150545666617671 77.94021062751342 0.8219464324276773 0.0
439318 148.730958127055 2.43164593920542 15.268166115995653 0.8873165096102085 19.714235890946153 0.5386041288824084 83.43208471422973 1.131084463470225 0.0
439335 149.017508674996 2.43311573699077 2.179563230676579 0.5681668445162752 4.230360971980548 0.5054443519666765 66.62358884787376 1.5023402810255235 0.0
439461 149.571150567784 2.43460492990501 2.6636912223992604 0.5436218783814801 3.5340165369770578 0.525995877326863 35.14304516231861 2.5633334691470724 0.0
439472 149.347095950229 2.43462767411985 2.5783451776122943 0.50702908511199 3.778225096374976 0.4941036404049331 47.61569272365046 1.339033178153382 0.0
439553 149.228659913165 2.43552568580699 3.5977486955998246 0.57558630347975 4.3393991292743275 0.5124214745001637 54.40857543268867 0.6676701608020658 0.0
439610 149.464289691875 2.43611274586128 3.9018860597066394 0.5383543617574321 4.330913582386663 0.5135906160397222 41.04949278050412 1.5690644477653912 0.0
439614 148.666850242773 2.43485436056424 6.521320600842649 0.9246857985944205 9.839678551281517 0.5496112874531576 87.24887123673375 0.07282345799903253 0.0
439912 149.530643628309 2.43837700178469 7.58337959122456 0.5555527004353681 9.414741955281272 0.5358557706958917 37.44101328192283 3.6949073477496897 0.0
439933 149.115399596819 2.43888470572277 4.665725975737444 0.6035217329160433 5.57807446057765 0.5344915061289051 61.0079067773753 4.440411562876735 1.0
440019 149.437526961941 2.43883787401888 3.6082328178437195 0.5350408221892937 5.226528793321977 0.5033226433445567 42.60214597752225 1.666969955313459 0.0
440259 148.977091076653 2.44194305444661 3.2712764403767283 0.5996849019472779 4.730806857585367 0.5219501325596643 69.10347616681304 1.4614713110602002 0.0
440489 149.237285712734 2.44424659727227 2.970842151832352 0.559666742409271 4.163476161391521 0.5058827800440109 54.06211929212736 0.6636011094189422 0.0
440716 149.177666347279 2.44621436396619 3.2102267791588166 0.5203226908111304 4.29453113377238 0.4862966462704977 57.52337074582644 1.5168475564518045 0.0
440731 149.590828903409 2.44606316313834 4.153092047102889 0.5784392733560304 7.753159544381507 0.5606922126745689 34.393703880289564 1.6157168432608282 0.0
440889 148.783036512132 2.44744902974641 2.462954384180055 0.7145590893750766 4.338805030258521 0.5650310025111378 80.54434364832673 0.9300774380629679 0.0
441257 149.557902009771 2.45093677656488 2.71230085710804 0.5603685876173263 5.413630968996364 0.5436407082283748 36.286186361730415 3.453807782667092 0.0
441339 149.580003102201 2.45219565583838 1.9432419988279126 0.5505379425517424 3.752046884215541 0.5341281065510309 35.13920937691163 2.17983223459438 0.0
441579 149.376278608477 2.45425469893472 5.01651449508617 0.5318483363738205 5.596043187464047 0.5008855369029271 46.36209113582497 1.2834194977828774 0.0
441628 148.793611120923 2.45449069486371 3.4337865478310214 0.7253125501033073 4.509256596000307 0.6001039997251071 80.00809682174436 0.8909817096266232 0.0
441640 148.978341493791 2.45342882401113 5.048145864083084 0.5905609875355967 8.067614325054763 0.5199445912830281 69.18917383120251 1.4785737746247778 0.0
441952 149.501959392178 2.45765423062799 1.815748530299939 0.5669012909037227 3.760696471446972 0.5500041859656916 39.48536960719261 2.0995542724252916 0.0
442055 149.165184488558 2.4581651469151 4.111927577823663 0.5583714448780001 5.03053457518279 0.5131818800371699 58.44209788106901 2.0370700852347925 0.0
442303 148.942192495352 2.45970712087717 6.5222496048303045 0.5721772214553168 7.587919156656134 0.5046175448556668 71.38410009670517 2.3664544548841664 0.0
442322 148.76402017655 2.46029826665932 3.1958120880405803 0.8499213525410247 5.515979525018534 0.5774992146020991 81.8157077987232 1.064113005338367 0.0
442554 148.661222567874 2.46197884511401 6.9830182644766765 0.9034611856110981 8.47800193317182 0.5484061832228502 87.8769087048493 0.030571033072223558 0.0
442600 149.116838507215 2.46291190678387 3.6962320928690273 0.6354599798576374 5.846450128422847 0.5489065448993616 61.30461594183445 6.336704003013197 1.0
442638 149.114695129932 2.46330207425921 5.528018541130001 0.6275617629791147 7.036567715330214 0.5489828738756447 61.434589769761416 6.421308709423269 1.0
442742 149.493825939357 2.46381237833187 5.041603306824489 0.5584869941572286 6.803958250349485 0.5368130117694094 40.083060677822374 1.6963998642658422 0.0
442845 149.456107014208 2.46579856863988 2.3753356338234535 0.5619290319279967 3.127889599955155 0.5330628743972018 42.19193952380985 1.3193194670918897 0.0
442917 148.940282871419 2.46578481508354 3.4820273364104817 0.572521577320789 4.482370718433227 0.5110539136750918 71.58115840424753 2.4025916957032742 0.0
443058 149.011116739712 2.46727710578079 3.772890566200536 0.5660922309984405 4.9329192397546935 0.5067295063396208 67.48675374335285 1.5496534977466845 0.0
443061 148.656174571846 2.46685144087313 3.549531354231196 0.8136047356185597 6.451300482270335 0.5552744391074721 88.23000261458706 0.019978512056742104 0.0
443380 148.809674800957 2.47028935999411 2.8758865490267103 0.6786572875737616 4.6739231000426615 0.5428798005270509 79.2666894928967 0.8750227658752521 0.0
443471 149.128133087033 2.4706945820907 6.501607226356647 0.6185591224610134 7.918945874852226 0.5410783182274953 60.78517307341511 5.208487320717127 1.0
443498 149.071535544069 2.47064351336328 8.492140305155267 0.6321397259926187 11.6690143604163 0.5406598479627854 64.04395875809618 3.6428552409510115 0.0
443580 148.67000567885 2.47122334750809 4.737386240227256 1.1494263870884855 8.455226463684843 0.582804696502164 87.4682208135325 0.08206789426824208 0.0
443791 148.940395048811 2.47407541660846 2.585313029419917 0.5716178306756954 4.119589188950135 0.5053390648480753 71.69441185030476 2.383406854006277 0.0
444003 149.23759216964 2.47549257367255 6.780290692390203 0.5387875447887198 7.349876531278573 0.5256287823346514 54.619387134722885 0.7170352099429322 0.0
444232 149.065230401631 2.47792358355538 3.9451652459355606 0.5783934875055059 5.355450211153223 0.5214115033869461 64.52663659871965 3.4695766290491568 0.0
444676 149.085808495416 2.48205622320225 1.8236166210930216 0.5359093337931129 3.389990917791415 0.5108201883752452 63.41140227387271 5.321444365272583 1.0
444973 148.817839846397 2.48471285511811 1.9858011973093947 0.6196928830421922 4.087551491764192 0.5206392004184138 78.98321502650407 0.9880370863071819 0.0
445070 148.926945328471 2.48562499542929 2.7132911508944657 0.5567288475103253 4.98248285790693 0.5181867972791082 72.64694483234015 2.3081580643951263 0.0
445077 148.84146179665 2.48560188905068 2.4745488432343103 0.6354576777996939 4.544799013843215 0.525371802964095 77.61820416617581 1.5788089097189495 0.0
445306 149.091702229322 2.48752623399743 6.505215882151358 0.5802465517019618 7.670160152078953 0.5014175091794344 63.167063071351215 5.618194561044074 1.0
445370 148.940025078453 2.4885068964274 2.4836600353577367 0.5972058598991031 4.99814446165392 0.5101415197379429 71.93209624913845 2.2742784909917253 0.0
445381 148.988092757959 2.48854663972955 2.129374353568825 0.5796299248826025 4.08385775130766 0.508634292852523 69.15079884912342 1.600150034020612 0.0
445476 148.931439132579 2.48937443335085 2.7556161347877914 0.6142018385387301 3.7715676851237268 0.5163969420149074 72.44304614737291 2.283519295798152 0.0
445538 148.746460964624 2.4897263190805 3.459560118558494 0.6758687193709939 4.4958006524485405 0.5523727662919738 83.219584139205 1.1706390917605323 0.0
445671 148.938149020908 2.4910557466083 4.262718122928566 0.591979359504765 4.650086647484543 0.5013346391910137 72.07996878158627 2.2547362089671306 0.0
445803 148.869182645528 2.49204921080962 2.6307591576875713 0.5885919904299938 4.2678069788676005 0.5288624630201664 76.09725944185374 2.5424581922526976 0.0
445923 148.951617698836 2.49173165880999 4.362717451264693 0.5925464278258114 7.033508504555063 0.5060440777980423 71.31055426635456 2.1156943810652935 0.0
445953 148.940621476628 2.49345708962088 2.7218643833975973 0.5609543815438988 4.99664376290463 0.5011388723631784 71.9739685032745 2.2132643936115173 0.0
446042 149.332055308804 2.49409752216475 1.9837098760664973 0.5435171701051571 3.8578181407227925 0.5043049540059326 49.702156635181204 1.808704672058742 0.0
446383 149.078013206559 2.4953966773303 25.19797196016859 0.6394255014056924 44.30661056003477 0.5364497538276249 64.08964752921258 4.801531132082453 1.0
446538 148.891882613215 2.49847196219439 2.786224273169445 0.6827461303742027 4.314829259292274 0.5365291344178384 74.87509416872544 2.494096548109796 0.0
446569 149.170185397496 2.49842070135807 7.0211434164133335 0.5387466498591668 13.31163054007868 0.5130474287601208 58.887752166614796 1.4098550051742278 0.0
446737 148.821360648707 2.49931418823759 7.419011681811085 0.6767824223850845 14.269193513800014 0.5602240410184197 78.98404430889212 1.3001382613898491 0.0
446847 148.894101951403 2.50173047774723 3.0738108807868216 0.6411260379902662 4.293204904933454 0.5448533964274797 74.79623535685292 2.5421681311867976 0.0
446880 149.537341342923 2.5024126095721 2.6038443091021657 0.5835517666070537 4.231680762815402 0.5640842682602664 38.826770790626895 2.9117446052289324 0.0
446899 148.801377087923 2.50207423976207 2.276484034225339 0.6323167183319153 4.33635884623115 0.5578254209651353 80.1866694827556 1.0460155693456805 0.0
446936 149.017222662246 2.50239478878686 4.269102434047061 0.5781736950662957 4.884150328825161 0.5154994069911576 67.69994369994956 2.0451474148947493 0.0
447119 149.099604674013 2.50411224672954 2.6571176854650678 0.6015080072665763 3.79203268370918 0.5647346354316662 63.011642926544795 4.670430556417097 1.0
447134 149.097445326674 2.50366324797404 7.318883850913672 0.6297385785960242 12.826999096437532 0.5693725349374417 63.12663242300374 4.778074168645602 1.0
447291 148.827428389248 2.50547171261438 2.3506771382773395 0.6349996889118921 4.611894218405329 0.5386694746237438 78.72118327568757 1.7296263211629639 0.0
447704 149.043848651035 2.50943327471428 2.1907911741589894 0.5602744249378512 3.1487080449641858 0.4896997494711835 66.29478587487723 2.8770864623603023 0.0
447951 149.341806045189 2.51151814773634 3.258288926001274 0.5645905598505269 5.636485441446423 0.5332251120998278 49.568551343123275 2.2553231033445273 0.0
448054 149.406230905357 2.9791488948307 4.416124557848189 0.5388418387241161 7.439239118046265 0.49795244662755533 63.3807633094515 5.264402387799313 1.0
448236 149.300215494168 3.03322748804546 5.695520264909818 0.6123308576853222 9.572617395107834 0.5579227893387271 70.048612891421 2.7613480370223153 0.0
448382 149.283090069858 3.03169426916321 2.860443451137939 0.614911315139522 4.105209520574053 0.5462257342515733 70.68865382756664 3.6987973657583546 0.0
448489 149.540944215319 3.03278684385616 2.5728186661564134 0.5599068164638947 3.8934004741909503 0.5285921956092045 61.065251300827995 1.1563937737356274 0.0
448990 149.580374827244 3.02645674126694 3.680995139870656 0.6104903065530978 4.502877821565313 0.5500934553301603 59.47719239564155 1.530517410018324 0.0
449039 149.438101178829 3.02506980788519 5.772617256450718 0.5998801746712374 6.4904268082203 0.55099383595171 64.28849520103722 3.6980093304389854 0.0
449044 148.921455524065 3.02495764445362 12.084300130791764 0.689320894735169 15.316897557741482 0.5964434021135392 86.8808964844983 2.0818239548669015 0.0
449256 148.782222064487 3.02193677364291 14.503673734004119 0.6390695601475742 19.208931114907767 0.5688489063142121 93.69448361515883 3.275154661281567 0.0
449266 149.389037405462 3.02195837961634 3.344858616470277 0.579236789256464 3.9697483782060026 0.5431632915983775 66.001101932542 6.126840904503803 1.0
449336 148.778940986504 3.02218587443995 3.5487639441457595 0.6507286501544844 5.065055281779399 0.5615140238944183 93.86834689999976 3.228962043215518 0.0
449393 148.917674294151 3.02800931201274 7.1396267051017785 0.6718000257575937 7.7801025914247495 0.5927996978246574 87.17169175433929 1.985287642918226 0.0
449396 149.58780482471 3.02167107815588 3.0859069247383615 0.5829157102077416 3.8390410580450567 0.5362423470884266 58.999845984358075 1.5716164043743917 0.0
449500 149.18776991855 3.02080001071539 10.23055630309731 0.5988829867511839 16.177939399206874 0.5510122100153328 74.31559372886288 3.1829565235787873 0.0
449521 149.419388547389 3.02025236289631 4.467076557330667 0.5848210936782491 4.9544322166430605 0.5387491771141609 64.76192666033596 5.835491619924445 1.0
449544 148.9340004046 3.01939946323652 2.655817414658561 0.605530054106307 5.213907730138327 0.5441945697187286 86.07569187888939 2.2289512032237417 0.0
449548 148.806656216601 3.01903292365784 2.295221072517743 0.6179457465513881 4.505545730452941 0.5523971019473678 92.36847098107074 3.0750436730965847 0.0
449660 149.569124117804 3.01890063917089 3.502477952494836 0.5265247215742486 3.852694777081929 0.507251074801547 59.4496671508045 1.4357840147107426 0.0
449672 148.939653203753 3.01842113275747 1.902108303208155 0.5693200627480225 3.868881206920907 0.5419395557842845 85.76648593810302 2.2190348428537914 0.0
449814 149.495335812347 3.02840240176909 2.4204818412333884 0.5852964663458586 4.301503749703016 0.5501180098776928 62.39272467340817 1.2071867865775763 0.0
450028 149.255429391764 3.0164140840157 1.940703622582223 0.5896284962638657 3.9842152171572263 0.5539670092404371 71.19953797784677 4.080758370158391 0.0
450233 149.230954016147 3.01373206749377 2.583727992817278 0.5956624035757374 4.908628392869141 0.5460258599771397 72.1385334640719 3.558621273575694 0.0
450422 149.398056637408 3.01194709194917 3.895176333234297 0.5981003779637241 5.429843279611713 0.5530942090283337 65.19349042103211 7.060652172517853 1.0
450445 149.424712119465 3.01181212877666 2.1681979645673035 0.5853721912155772 3.62001076001404 0.532062897852651 64.16774735414431 5.552722704490396 1.0
450464 149.486856050145 3.01175253368768 2.174174492507849 0.5590493256254736 3.826309003671198 0.5224074626169556 61.88291373741115 1.2435747464954616 0.0
450564 149.137506510493 3.01022161154777 9.207118384105758 0.604866250987648 11.015291057493469 0.54603779603669 76.14375737190994 2.5201923451993915 0.0
450699 148.570706932214 3.00701707844813 9.799856534611482 0.807155537989664 12.91843845455892 0.6093363550851768 104.17646785611805 1.0245114166122342 0.0
450817 149.504171894896 3.01618938192088 3.4129887559390557 0.5635457127513934 6.985524772602209 0.5328135304994754 61.48871381146664 1.053681260302036 0.0
450916 149.417584910532 3.006388503063 2.465127983114999 0.5762441644557247 4.66125568322969 0.5373992049162151 64.18699705529366 6.265235898004633 1.0
450928 149.2876818248 3.0079824380964 3.4318087157239128 0.589728906001318 4.260391943297105 0.5325708821259845 69.47667027514291 3.2071977218400614 0.0
450980 149.066898876142 3.00619707708952 2.9436268415968847 0.631096439060099 4.865479086934377 0.5619720621321576 79.24738367701764 2.380443409219243 0.0
451041 148.66025821495 3.00556442703946 2.030952207470368 0.6677119630753577 3.7762138639027394 0.5576794842888207 99.44310199505412 0.9939711508886477 0.0
451077 149.006018139278 3.00535467601509 2.8912048783965574 0.6532553521950005 5.9068404092636575 0.6091592713451598 82.09984855300223 1.7286070194621976 0.0
451092 149.240143490527 3.00981658808052 6.222965542969522 0.6120218010089548 7.238572454071449 0.557038001563041 71.57866547909708 3.5827537111561023 0.0
451217 149.07064140988 3.00762403091277 2.7640577744876818 0.6104263465611686 3.4568656850940878 0.5548680079103777 79.1257776427133 2.3885247242292844 0.0
451222 149.355251041387 3.00781388321045 6.914644922966059 0.583912063952493 11.242470194799163 0.5424925159540681 66.69357776757734 2.9806749954326834 0.0
451367 149.006621242415 3.00319414532097 16.454525582405765 0.6630363229030758 28.468215358411854 0.6271478659121247 81.99305771168781 1.7067470501122837 0.0
451532 149.499616801569 3.00312330742251 4.511248385700244 0.5875403906304858 5.466281610101346 0.5394948267458332 61.012979060555026 1.0813268253229178 0.0
451593 149.4011715935 3.00108582873957 4.477420228077718 0.577995631066076 5.754485042888905 0.5428170686153689 64.5759175150544 6.791599781917656 1.0
451741 149.433614197529 2.99948286974563 2.1392140702330913 0.5466359477059024 3.2048797592564764 0.5219755497997424 63.257310055387066 4.655610162235921 1.0
451748 149.552429691475 2.99948593660845 1.7997574295045198 0.5464045163413065 3.225819882542477 0.5213511149087464 59.01968005085227 1.3288319761271254 0.0
451805 149.274543278541 3.00572446247046 2.110808308664585 0.591009115749199 3.9787077621934004 0.5582188602700114 69.93501276491098 3.488875939482451 0.0
451810 148.782694219556 2.99736615931672 1.966533925001582 0.6327376960114661 3.6286333076283657 0.5470594429029486 92.88641404689687 2.858012363010166 0.0
452067 149.051163447377 2.99605792413361 3.6583936896337574 0.6161647280343088 4.301227430568226 0.5504951867842819 79.61201069536645 2.242389282141401 0.0
452144 148.704873740508 2.99485328297269 2.5706409468988634 0.6565238285447996 4.580098332652348 0.5527894725435679 96.80652697397684 1.4413770861364081 0.0
452256 149.165133226542 2.99511101903255 2.315787019007052 0.5930345059162575 4.033162074519321 0.5447953127547379 74.29876216616488 2.4395253774794097 0.0
452337 148.793524916184 2.99253699685112 8.241725509831499 0.6522985282438001 11.538474170841075 0.5678080484438014 92.18215841246501 2.4698705223250537 0.0
452369 149.078007594312 2.99312178256449 2.510318908901221 0.6215971230902508 4.989263878836369 0.5741885482638857 78.23804026010238 2.6018211287508555 0.0
452725 149.344265384484 2.98953510567011 1.9672701751473087 0.5730256056297343 3.9087771318776934 0.5016535264087308 66.33095767408945 2.989349535481085 0.0
452947 149.011136710695 2.9910652632868 3.987939860033307 0.6620635310652196 5.747940167948841 0.5868386597219102 81.34073606939985 1.5838026775109249 0.0
452996 149.023453765276 2.98854729885405 1.9546776967017414 0.585480022327077 4.039219206270855 0.5363279081625496 80.65889850470343 1.6465117186920357 0.0
453154 148.964012071128 2.98540662026005 2.4640055299809744 0.6004918925130642 4.057798255943321 0.5462711608083086 83.42754398400696 1.748993936522528 0.0
453195 148.693336177274 2.98504390176835 2.3944688282584528 0.6859388650775633 4.673760476059791 0.5713151382862656 97.11141966761444 1.2840308629959156 0.0
453476 149.106967226463 2.98289196446573 2.1343714035697863 0.5548895581887023 4.32348103544509 0.5441706203435791 76.49971651177492 2.4595328519147985 0.0
453584 149.239927972834 2.98319359321588 3.0034877897428576 0.5680012634181977 4.081893773785315 0.5191787005665519 70.4894055450331 2.6374345479610133 0.0
453724 149.010170277226 2.9815257986493 3.0293047011137464 0.5724011502659584 4.366879105857214 0.5364169457588718 81.0473156533104 1.5043494077585557 0.0
453847 148.757979418705 2.97945840470122 5.071431094732518 0.668652623502861 5.986562213692924 0.5473632651911362 93.59551974334072 2.8131644120778825 0.0
453871 149.080884850866 2.97973525729137 4.155178990503018 0.6319282628628726 6.143252674489909 0.560416344200064 77.60538108771543 2.5830131784108747 0.0
454271 148.908784650355 2.9412827151167 10.970911835260704 0.5916104838401427 18.5441428143856 0.5486939233768646 84.69852105154871 1.511109515797678 0.0
454333 149.209502344543 2.97340054482573 1.8313310753569199 0.5626571546796652 3.7647951623596625 0.5258422150456616 71.44214437799103 2.3381060607038306 0.0
454458 148.739129468879 2.97346159104065 6.745147211907647 0.5829008633156948 8.949996089859056 0.5159840084336998 94.38692864640008 2.3156627653748445 0.0
454958 148.815292209815 2.96912029370774 3.7442177562231045 0.6597216915930199 5.157841212832581 0.5674505460776577 90.33459705012272 1.4786647962164312 0.0
454999 149.305127837312 2.96541070114428 5.560426217533979 0.666061599234211 7.148185452095747 0.6224988544113202 66.93045684327915 6.183959664942776 1.0
455222 148.652871660607 2.96416636127143 5.049473934191176 0.7294715108916308 5.72388752721397 0.5821595312380548 98.62288293020892 0.9504164025170063 0.0
455280 148.94524639074 2.96445248301812 3.307253165974365 0.6339429766338804 6.297220117084406 0.5692293022228375 83.63634316917563 1.9046946212948848 0.0
455351 148.759839816672 2.9657174810137 2.034256062400272 0.6272739280454391 3.829934501284563 0.5699900039080312 93.08085468554513 2.6321609068730183 0.0
455402 149.256585542445 2.96340783256576 6.022476490651057 0.5782461377742348 7.811407514987166 0.5391718707095423 68.95012063684304 3.0735709949585837 0.0
455428 149.43544652295 2.96243750329618 17.39240062463319 0.5807404802772516 25.74930589012343 0.5366179659980302 61.47890583418543 4.517049069916076 0.0
455611 149.085569042313 2.96189702460895 2.181248880406863 0.6048118021921753 3.6949001985865175 0.5528010738269065 76.72749764858526 2.297817909663172 0.0
455632 149.458974679759 2.96090179456359 3.1706156715021954 0.5771464055992279 4.849774992360508 0.5262215293696028 60.50352358739463 2.856028480915901 0.0
455796 148.740597703079 2.95909510097485 5.228955019536724 0.6885718326969338 6.2356279896433495 0.5738649097991632 93.8801970121313 2.3015941370532373 0.0
455896 149.533067168972 2.95874637469915 2.019639604234405 0.5440119279875923 3.7612444743536195 0.5020962679487938 57.68065331797246 1.6978277909591153 0.0
455961 149.454272993005 2.97493665190949 2.3585199148384093 0.5330639453966148 3.355482572162625 0.48301753902824746 61.33366140748711 3.104796460722723 0.0
455978 148.58069656775 2.95718162731206 3.3293868952154 0.7610067040223818 5.271187038651244 0.6302731306090594 102.25733093589011 1.4915501037966454 0.0
456089 149.450523999605 2.95746468473112 2.8896334903625522 0.5748879350002613 3.755437394680261 0.5197025995859524 60.66816920535311 3.4587921133728883 0.0
456184 149.322385153347 2.95653247461131 4.450670887701007 0.613595804682817 6.390745903565596 0.5301037874613854 65.82104274946313 5.803759065774246 1.0
456221 149.094968889532 2.9589254126806 5.162242361176596 0.6246494447320766 8.716599128220183 0.572665161988244 76.17258821438273 2.2776401565163296 0.0
456409 148.9360783066 2.95541810563235 3.109281192984118 0.6157674348223013 6.3283797992749475 0.5581227151171932 83.79045527465371 1.9706920882574448 0.0
456554 149.551023649209 2.95220556366809 6.287258207102844 0.5208892437602798 12.757224394580462 0.5048136335837057 56.7331043373759 2.4059474737344795 0.0
456558 149.298067301712 2.95205882317154 3.482622594267021 0.5742520657313923 6.437458387234302 0.5317458776561151 66.67488923296418 7.518799369152506 1.0
456694 149.416289329541 2.9594879902985 7.096016759975631 0.59483705264954 13.052350226866892 0.5593298537567877 62.09598898716163 5.135176194619234 1.0
456759 149.425188951179 2.95126977424755 10.310562281026336 0.5756137254369255 15.713810809615127 0.519780924343498 61.37361767479292 4.99212168260631 1.0
457033 149.283655277308 2.94820099372476 11.16447429050164 0.5839523670783909 15.307433691754968 0.5389931002124583 67.1416628771089 6.578659486946554 1.0
457320 149.352934336092 2.94727216961578 4.5795825197660625 0.5447514182094644 5.598950332583007 0.5038203010593578 64.1385082761364 3.8913049825952992 0.0
457399 149.448865991884 2.94799049086873 2.822141962269737 0.5325119262357177 5.663165302883184 0.4982602604782677 60.297658807511716 3.515006103197193 0.0
457525 149.207673090512 2.95221975588176 2.0747110636307124 0.602985193567981 3.7087332804168485 0.5527491320100498 70.6870788547542 2.079714922921063 0.0
457749 149.137028667432 2.94258960853629 3.498909714489692 0.5754311479673717 5.4496026729508245 0.5221464144278255 73.58328807824938 2.9214629660120677 0.0
458154 149.303734449124 2.94096272458902 39.43386940450666 0.5983833833811641 51.97523396054163 0.5358340488701513 65.96922634923479 7.4335543802112625 1.0
458168 148.84981439328 2.9397338036692 3.7193642277816195 0.6702081902344663 4.700503944976789 0.5795516245483829 87.65064816370806 1.0446319732994078 0.0
458199 149.280956874815 2.93940893637314 2.02419539343624 0.5646742944125248 3.686764621600232 0.5169695380971119 66.90027552877076 6.140563424541778 1.0
458238 149.22525987971 2.93837492290669 4.380105985224081 0.549848774713361 5.018193178896047 0.4911649490660183 69.34659327465717 2.237824506501452 0.0
458339 149.563054311866 2.93868830313013 6.008277472669248 0.5321255040853824 7.859458073422293 0.4783761501242649 55.654403666268436 3.1392535326723943 0.0
458346 149.467464344356 2.93706267024372 3.153100695142825 0.5583396150561443 6.366170754420202 0.5288904039578408 59.07795030930296 2.450688745203203 0.0
458461 148.738826855173 2.93502149484026 3.920644691064703 0.6533846302850776 4.896416271704174 0.5402117886313585 93.26475449761587 1.838557339693472 0.0
458481 149.133063689051 2.93693450658882 5.249343663393877 0.5787185680706487 8.304298274052872 0.5090973141054144 73.56053207327486 2.925099469845341 0.0
458529 149.382327300476 2.93619626306772 3.4964619853413423 0.5795974106000423 5.655711639288253 0.5012832124144829 62.43793946477213 4.360547901319353 0.0
458664 149.364409389144 2.93640640301785 4.78843420459844 0.5366716488867109 6.88715142657462 0.4945822029996554 63.19170078650001 3.7549664255913635 0.0
458734 148.928640996255 2.93391695974301 2.0263331970685408 0.6126729362697214 3.9969794615514473 0.5554744163899707 83.45807640833522 1.7530039274333091 0.0
458953 149.306167193563 2.93120887454997 2.333273668148504 0.5881664393142481 4.503620380955031 0.5229873722717864 65.4606553823708 6.5128651081540765 1.0
459024 148.82944083154 2.93038380807261 2.1608306989870254 0.6747685881838087 4.466087718533163 0.5892915006454928 88.41093046371452 0.9643599791003905 0.0
459117 148.711701279855 2.93018991799128 3.927707696572516 0.6882188986677791 5.807923566932272 0.5795771963005587 94.55253015228763 1.1373027715971493 0.0
459203 148.596239159471 2.93084461310805 3.3714981373735196 0.7635378487826002 6.6628307630771 0.5892509412198363 100.71455167805726 1.9159598232226505 0.0
459264 149.406898732901 2.93025118945807 3.0279491149762485 0.5814266514685524 5.049302644654824 0.5350649649036552 61.17028744732071 4.873712233772425 1.0
459314 148.680725721774 2.92949221648309 2.5094269878170223 0.6368996057669511 4.947948245221524 0.5623078297965527 96.17109212823041 0.9075847377984693 0.0
459620 148.798639757065 2.92568835789744 2.95323813787666 0.6299512120166258 4.11804097773079 0.602439063802188 89.86604295492258 1.146124054229854 0.0
459724 149.411978233908 2.92405591955544 2.5210439798855315 0.6074505614443608 4.231460969356368 0.5743069817868026 60.69074899328841 4.409679731811004 0.0
459726 149.341328366328 2.92505036956284 2.4155481411925 0.5601931311467926 4.214014107080084 0.5228748874646324 63.68593649503042 3.827632718983725 0.0
459993 149.146044451906 2.9205732352423 7.110270758512221 0.5878623016119408 13.376031182416309 0.5558907492373286 72.34387453903146 2.014663425839167 0.0
460075 148.650819974647 2.92038751717272 4.523460764385375 0.7304993532459133 7.80633359521758 0.5964311699058015 97.51117940385166 0.9385983058432199 0.0
460120 149.579993293894 2.91993381983087 5.329123409859796 0.5734206541639493 7.028217109007909 0.5144620642709704 54.14965528303152 2.801620987452382 0.0
460227 149.371493180366 2.8368426177646 3.655221234366972 0.642018968065543 6.481544294001528 0.5649352436385641 58.744584485590764 2.4807679245648107 0.0
460264 149.268128011569 2.91911895122244 2.520654171614952 0.5965472613784326 4.051043244550333 0.5577901149508019 66.6528781025934 3.914816586979179 0.0
460397 149.354219730925 2.91982236983162 2.983264396574236 0.5718717114166156 3.886150895325116 0.5124573470588554 62.91544584569308 3.4522828828841354 0.0
460657 149.561901667822 2.91538271253241 6.556356219004973 0.5618492871455997 7.567952330825808 0.5136298492365399 54.5605895219648 2.9610243065321655 0.0
460679 149.389589187477 2.91527032463297 2.630545930992692 0.5604282030484595 4.724174297029837 0.5167880893903337 61.230743019333005 3.9304181586752014 0.0
460899 149.364645516181 2.91344166245473 2.1328103163422965 0.5609277850565242 4.242306044736589 0.524853711024368 62.20233750973881 3.3795631305030307 0.0
461005 149.086013437595 2.91083201230557 3.157520256178487 0.5698700625650797 6.315919557433028 0.5450134838367454 74.87755746924903 1.8516421198067514 0.0
461058 148.57826216579 2.91046000461053 4.535530605660339 0.8016627557829562 6.42054832573758 0.5965828364057405 101.14617658416469 1.838846644414321 0.0
461071 149.572132611362 2.91094251054859 2.0754364464255644 0.5400710636765199 3.365240011134845 0.49737345116930276 53.98427612496063 2.7847907070579723 0.0
461165 148.845274455688 2.91037646424079 2.168949099378445 0.6209876410236111 3.433663118416944 0.5786598322242658 86.98595079631312 0.8260791589318313 0.0
461210 149.281199426754 2.91144807719558 4.3639006276531305 0.5950339469027995 8.27441988343283 0.5403040838577413 65.76167365475384 4.247432827580748 0.0
461411 149.27199280292 2.90695478326722 3.606814911826801 0.595994837354901 5.2502162704658595 0.5397634202757362 65.99660404871744 3.5943442157238463 0.0
461676 148.501913099953 2.90336824910205 3.605016391009118 0.8699347194543293 6.742186888875049 0.593784120151369 105.11605433629283 0.7562351560778552 0.0
461710 148.591425324698 2.90322852575238 4.080425265056387 0.8799981779797951 5.764503221026058 0.6135929058577241 100.24739806431415 1.9878110069280548 0.0
461736 149.098541045507 2.90392537599073 2.0199275117765247 0.5807482613222769 4.169412902466899 0.5328503172547455 74.02621089079983 2.0048467650141726 0.0
461952 148.582916945886 2.91480796420384 5.396964907853989 0.7866907120311588 9.719517325591667 0.6249669019005221 101.007788230273 2.003691023832476 0.0
461979 149.465810046634 2.90242895069897 8.0237008280366 0.5998743612700544 10.101580677271775 0.5456004366680316 57.56555921731369 2.5164262683052727 0.0
462316 149.390066222005 2.90127060533341 2.386366471373181 0.5246921972881033 3.625360097597846 0.4991780494628294 60.610048413037354 3.1991346523726745 0.0
462450 148.91057769268 2.89761446668626 3.379866770107229 0.5974559255809657 4.410365505685212 0.5200314142059492 83.2274277738673 1.1259421035570463 0.0
462527 149.580029488885 2.89828249988277 2.362623434254154 0.5379051569239525 3.7739740822859305 0.5144663391056745 53.09152321152694 2.440332704261537 0.0
462616 148.836377336556 2.89693664889084 3.376572443423351 0.672672629044602 5.491931648406676 0.5812285443451446 87.04758488149372 0.7842976305955278 0.0
463568 149.5199149761 2.88789662692486 5.086947328347554 0.596022006689576 7.1075410447854965 0.5371521658239465 54.800881046459 1.8150871448396844 0.0
463578 149.13136769497 2.88714480887417 2.3137302054659825 0.5773779933370692 4.297477936996426 0.5111264056009477 71.84256186366784 1.907794839627177 0.0
463709 149.459561887616 2.88612308250708 3.2950404010089915 0.5845160777171596 4.728542740313164 0.5386065109439152 57.08587952662705 2.740307316716052 0.0
463733 149.00753178559 2.88461805858497 1.7230393402553001 0.5821745394420338 3.3775002885702734 0.5216191676463073 77.88199477206469 0.9018376735600215 0.0
463897 148.878271477472 2.88580994401743 2.0757974124378986 0.5898414237017761 4.030737779705796 0.5327407166734159 84.53637808811001 0.9779194474147295 0.0
464017 149.244095035542 2.8853112810115 2.6416885709211417 0.5811447206681818 3.5619613374539756 0.5161976600368484 66.43106672655124 2.4068811065541014 0.0
464413 149.511042599483 2.87875096765195 2.297001051883697 0.5509154273164987 4.50806363384568 0.5391488999110118 54.71953186197598 1.805385866250201 0.0
464494 149.563590156941 2.88041078374072 2.8526622218958018 0.5766495385385432 4.037956456152082 0.5224242400555683 52.82133572017035 2.088979475306209 0.0
464622 149.26431080298 2.87686054693416 4.141192812935844 0.6145629757911879 7.98949815884117 0.5596999617349051 65.17436360419504 2.5214465204857412 0.0
464784 149.246208569774 2.87857134626368 3.170229004977603 0.6129125053935356 6.560485812337211 0.5393557272298436 66.0768396782569 2.3418510756555166 0.0
465471 149.561238339583 2.86802772113278 2.8368982538840584 0.5805508240467728 5.18491095979597 0.5477717565495337 52.32081001981841 1.7327341627943704 0.0
465566 149.08339769122 2.86904663693315 4.2690223452764 0.6387523944171707 5.856268599673674 0.5744656013311399 73.5721006427417 1.5078759132610762 0.0
465746 149.430954278637 2.86583895337728 3.1036833484431146 0.5797318208451067 4.082125541931923 0.5319773625305444 57.37645739057663 2.6780937243135408 0.0
466296 149.036448622858 2.86059148245915 5.786058559981224 0.6437478010722837 8.026776520102176 0.5538686365382098 75.64525022496159 1.032070217462437 0.0
466314 148.573098203218 2.85968212012709 4.2481660448034235 1.086254037619073 8.300927463880615 0.6859428608478121 100.15184259317134 1.1863130572194158 0.0
466373 149.02274826372 2.85925066815759 1.9642687776487286 0.6306575143320223 3.2718353878902993 0.5554788843647971 76.29577234788464 0.9706696940974511 0.0
466463 148.958503385017 2.85814855963336 5.061440084972551 0.6498913432888196 6.803993530611802 0.5819551374847622 79.54769557799331 0.6322525192043287 0.0
466496 149.309317565922 2.8584393980757 5.420658050441454 0.6138525538462385 6.247933976907692 0.5587217327681112 62.400232128138846 2.408649756056116 0.0
466586 149.290655406725 2.85767061798769 3.9700508356373265 0.5915642813861668 7.156740271907232 0.5587246298699439 63.22447907133552 2.3895572721526026 0.0
466686 149.46278721442 2.85529155707608 1.9303011471059754 0.5851666805344413 3.5386068338807215 0.5542836946607613 55.597946243644024 3.069356549796878 0.0
466835 149.06103513675 2.85482103641569 2.348698276089579 0.5747190981485107 3.1146998034917446 0.5278423355228689 74.21867280099296 1.2153807418389968 0.0
467332 149.177083099071 2.84860427274752 2.2495364805792453 0.5890209279974742 3.801040095206958 0.5510620916708863 68.2672598274754 1.8307920989193884 0.0
467358 149.424472143354 2.85078712094102 1.8563768426000082 0.5575188152836417 3.821878369268531 0.5155504732394603 57.009584965477664 2.5050591638595474 0.0
467764 149.386221873836 2.84638003355061 2.128308735134752 0.5733844673812512 3.799442955156662 0.5226308356062537 58.47977353088482 2.3397712041786396 0.0
467823 149.209267955494 2.84728443509461 3.0818619911596756 0.6335056049725686 6.034456071108926 0.5604210954470695 66.66603855612206 1.8984547660854232 0.0
467883 149.07958454223 2.8438520386474 2.0089660372826743 0.5712526020244477 3.2993680273464983 0.5140588134478878 72.92792252701332 1.4980240628510075 0.0
467893 148.931464969864 2.84442007893693 2.9488814117607447 0.5644006754476857 4.923138237687568 0.5418322986364373 80.53661335990667 0.6806585494975621 0.0
467973 149.450332781964 2.84307884652577 4.782684423161325 0.5759440160009304 9.093421944585307 0.5170513007488322 55.588320491904696 3.17802609795619 0.0
467980 149.321219655169 2.84277213085535 10.573828491319466 0.602083525392428 13.512420298691364 0.5368294544318105 61.24762571629406 1.9528596465845398 0.0
468156 149.421797952293 2.84217439880879 2.5941734612847207 0.5906353614401824 3.9228345137699088 0.5417097962949466 56.761804197142666 2.4606122710654494 0.0
468206 148.615183283579 2.84071851127932 3.164476390818698 0.697089643676635 6.237586945522517 0.6229617469041301 97.38512941748064 1.2453257308610113 0.0
468207 149.546181999756 2.8450572290375 4.7684537301994805 0.6191019248926852 5.922983060674943 0.5543122278948105 51.817203835211274 1.4406511888052624 0.0
468322 149.476507943133 2.8404628705658 1.889104307542275 0.5743559861717015 3.9112748199376455 0.538378863119913 54.38655902495992 2.5679016537094674 0.0
468411 149.221303267003 2.84263332762456 2.5413032198608283 0.5794344310966105 4.490533850076943 0.5250731825831981 65.92156095964103 1.8659256165569125 0.0
468479 149.212126217285 2.83885410888579 6.7937961184412705 0.643741632593967 7.369324969020985 0.5786068603267576 66.22676684731731 1.8694654672259114 0.0
468611 149.468300607537 2.83791394837986 3.566174882359319 0.6232307060250233 6.152052395976309 0.5821016407054351 54.615507092103876 2.7938998013534575 0.0
468654 148.902587530517 2.83859922218811 2.863957249380647 0.647252377084549 4.078206471332854 0.538210135909182 81.87803664418982 0.8277984664206187 0.0
468717 149.428731230229 2.84105392481067 13.673135928394531 0.392048359460048 14.916106052214591 0.37538334303456483 56.41776844648897 2.639426301499311 0.0
468746 149.121555835621 2.8383847571737 5.263068457995709 0.6475154078246308 5.7544876180905336 0.5712657845470461 70.64780172195995 2.516563617691582 0.0
468786 149.284211554801 2.83604980307144 5.289179586152709 0.5622033496241285 10.657892987015769 0.5422883797209385 62.70163550644084 2.061117938142561 0.0
468881 149.122085519216 2.83947857080815 5.0479589817008685 0.626745211859824 6.161830050281316 0.5723918944673844 70.65804734288106 2.5340554594535285 0.0
469090 148.691313755943 2.83343093658853 7.041401755068062 0.6524346731734215 13.401224379952657 0.5640226436852848 93.04858874094315 2.2550456772467853 0.0
469150 149.48293800711 2.83103941263752 3.090256092637495 0.5707874088156526 3.894197112814876 0.5231946373748951 53.71114265223526 2.3123859921120706 0.0
469956 149.255287698686 2.8233677797139 2.5724800271422024 0.5756414458930882 4.320226881906625 0.5438191825772717 63.599851752643865 1.8546571195306685 0.0
470017 149.478142966158 2.82310316789522 2.0546516593018245 0.561994937442865 3.9615987663708396 0.5175733971270924 53.566572862765 2.3028131693776395 0.0
470048 148.690990108466 2.82274751754678 4.329588190488265 0.6802307985576599 5.617914374899007 0.5502015107905125 92.79911305786882 2.5957356783871903 0.0
470359 149.056737671425 2.8216299404087 4.2215962732363 0.5866282803814511 6.894260270671429 0.5453185808497393 73.37459381105313 1.1692527414956984 0.0
470386 148.536798088507 2.82004364508215 5.173053443895314 1.0312771840966117 8.836201792676706 0.6379521500985424 101.22218996597584 1.5209753783707372 0.0
470423 149.442325664661 2.82756918720915 2.193196348100419 0.5540373626977461 4.465898827493677 0.520855478727224 55.269612833922864 2.8132822713186414 0.0
470446 149.165427869044 2.82353805696672 2.723478519778644 0.598976082223218 5.384472347231626 0.5503492501079673 67.97215575098642 1.7223267210893072 0.0
470544 149.375945441774 2.82288291353679 4.377987366843916 0.5458337369620889 5.430018650842647 0.4894340144150887 57.98782634073243 2.8411559942440325 0.0
470671 149.335794947628 2.81730829252526 2.342073389634905 0.5152475045095066 3.4411178120925268 0.4901581739891671 59.596031787760296 1.932977682500795 0.0
470674 149.170833917409 2.82425018617908 3.878425612338369 0.5885720547089838 5.427578647299185 0.5461568089799735 67.72962116121656 1.6718960530874105 0.0
470693 148.78594363982 2.81823978443073 3.153447446042168 0.6173581402781865 4.027624875976681 0.5493263542689186 87.53241816127901 1.2702632598964476 0.0
470869 149.282725485532 3.05888338817829 2.5556300966035166 0.5257632606819551 4.955094816022198 0.49514122776927516 71.88867118061123 3.484770459120688 0.0
471052 149.486375294868 3.05542146320476 2.381265769506653 0.5617403666264695 4.250104012789315 0.5101959852523958 64.02604605419783 1.6631389318107905 0.0
471212 148.856447191568 2.81141355692901 2.434555060615622 0.6192236518001839 4.456874934705473 0.5349685236026498 83.56396957060531 0.8750640899614449 0.0
471434 149.436290097526 2.80891908203264 2.121204912681118 0.5582186522937647 3.7329981177659475 0.5119574875466615 54.75369124170008 2.2809161477190543 0.0
471589 148.729551299181 2.80644514864907 4.840059400414759 0.6447328397823562 7.895980226724949 0.5569682135988955 90.2906323027537 1.586801285534386 0.0
471846 148.644916073262 2.80392623920004 7.1670901360142 0.723923399663348 9.480249419279037 0.5745720859184984 94.87029920006873 1.2608923713760958 0.0
471877 148.811577488695 2.80374859481325 2.2203156676951656 0.6000268465350569 4.410413919475836 0.5461511435363898 85.77096133110405 1.3128143921599371 0.0
471919 149.265589276387 2.80430369176101 19.584210097896317 0.6009903804168654 39.26949685973025 0.5488725908658835 62.4186884045921 1.7795953986872342 0.0
472086 148.581015576834 2.80292795888938 5.876805060104331 0.8828351500964912 7.985122891273527 0.6166819117157228 98.3807500215998 1.1215348882050526 0.0
472174 149.366907341696 2.8017540776346 3.311315675304168 0.6234081098767527 5.406750416523964 0.548351524568275 57.56773074243507 2.4492630033726863 0.0
472626 149.596300701017 2.79729764312151 4.110015876894389 0.5857681761296202 7.246409307668774 0.5556319414736158 47.694956788756855 2.0085892836702075 0.0
472876 149.071012415498 2.79402870188972 2.4218289292055104 0.5783822301188897 4.446007583831162 0.5329729998603503 71.78611161686325 1.12081306630119 0.0
473108 148.716115985158 2.79252494348667 2.4743173326078645 0.6612288482255237 3.89038671572455 0.5733064902019261 90.68377063633116 1.71756005947205 0.0
473144 149.54941204842 2.79632928487483 3.320175141468362 0.5707251410157396 5.469264079867953 0.5598483706047835 49.478763439736895 2.1321819721044677 0.0
473367 148.706563809596 2.78890940523222 2.737848788668781 0.6881959809349847 5.4935375441425105 0.5546350809230362 91.12103980020144 1.8107932986433426 0.0
473395 148.875630087665 3.05591606375336 2.1095189052089527 0.6273230856883101 3.6941212000937496 0.5438042721598398 90.1947673101641 1.3357564825173058 0.0
473887 149.105327247532 2.78924827342489 1.790400305625525 0.5644576793020893 3.5979154012772767 0.5203365240949512 69.87673422214392 1.6990017645939062 0.0
474337 149.32607693596 2.78302116373019 2.1472815975163306 0.5434933076894987 3.587824602454186 0.49959599181120534 58.760830797721134 1.4956247102104692 0.0
474433 149.516026178951 2.78128955787513 5.594307115285868 0.5725787205762282 7.601912029747543 0.5340473353519378 50.18516751524996 2.192517123337962 0.0
474460 148.614479439181 2.77966487410639 2.8206206619074154 0.7789371797240596 4.512140821824769 0.5990985122490703 95.99786626148152 1.019452999285539 0.0
474600 148.798128745341 2.77867623886273 7.504705636338128 0.6217386144487634 10.150345725398864 0.5514867424195057 85.86014473706334 1.8128424985689129 0.0
474661 149.406031782464 2.77841525663083 1.918576073825099 0.5400692130428754 3.545471935143348 0.5082542445961176 54.87501402228812 1.8309354678648315 0.0
474753 149.464216364922 2.77803051034386 1.668243298673213 0.5501771630999802 3.3161023313320417 0.5262028720338007 52.26475040290776 1.7095994644648171 0.0
474842 149.47015060441 2.78221403029074 5.62837767663773 0.5654841703387031 6.642433492294489 0.5520374492878639 52.17882886918965 1.730562778779809 0.0
474843 148.924351177386 2.77660504591229 2.5841254751887113 0.5995632761794343 5.0700565808630484 0.5295239550626034 78.99000536777659 0.7998756355357319 0.0
475752 149.240505983938 2.77096203166262 2.8483630515362948 0.5646296005734553 4.567739424994529 0.5062260544211544 62.477430305339546 1.5917850497663908 0.0
476309 149.249807445495 2.77371663183374 2.293748250326087 0.5730304524345408 3.8646196345051824 0.5033597520000304 62.11272933529583 1.5601251005510974 0.0
476342 149.12759970714 2.76380843416942 1.7827048305976334 0.5363031602721952 3.439062028632109 0.5179906570470366 67.94478946800342 1.6993517208771007 0.0
476377 148.765081049902 2.7628899221632 6.919289814144257 0.672234300324391 10.538139029463544 0.5511241154021204 87.28246411318582 1.5633148716042289 0.0
476379 149.577193234181 2.76324287607827 11.712415778590541 0.560144754962063 15.185085862361946 0.5189707659110196 46.88928832527866 2.5710615634260066 0.0
476510 148.69002652081 2.76172061480232 2.301244082847692 0.6598370332311808 3.8961376560023964 0.5824611002248169 91.3981516634017 1.4355222427271301 0.0
476649 149.363152054352 2.77089192617129 7.885186140336981 0.5702741744497213 10.216425656718751 0.5121808605359596 56.56525477644656 1.5082955573762797 0.0
476683 149.126484231967 2.76282355353063 2.397888953541906 0.5467697330736738 4.271812962521648 0.5166810253826087 67.97186238821371 1.7095789045102898 0.0
476752 149.507917242964 2.76106398944117 2.5741519767998198 0.5473106548762535 3.950518317561729 0.5127979174742885 49.66922163133585 2.098095051078464 0.0
477165 148.537603958963 2.7551744849126 4.762802321464593 0.8625411856990105 6.375601142785541 0.6445112401515968 99.77198716271981 0.9192878427193001 0.0
477349 148.933922427467 2.75372833964914 2.059959793659567 0.5901347261600273 3.9340286577309387 0.5484619363381176 77.86468206235863 0.8293231315297255 0.0
477385 148.891800707229 2.75900085440806 2.259872953637742 0.6014679546532902 4.327382980953327 0.5263535728331289 80.2748639351526 0.8903517546227487 0.0
477396 149.502372864933 2.75571086069955 3.6044586023362806 0.5534448986879248 4.489275220280777 0.5143187543003175 49.684216277544294 2.059188211155541 0.0
477469 149.050313276298 2.75284691098918 19.428390441530176 0.6232807710870951 30.416903908685068 0.5826740822755421 71.64212327742695 0.9397748011955357 0.0
477723 148.887193101888 2.75109921539941 9.872010980293899 0.6163312178358363 15.081699242563136 0.5396801125030385 80.32163223817923 0.9491928282816002 0.0
477754 148.639905887588 2.75307977945012 2.246956128547003 0.7409829292739795 4.63173794959779 0.6145650959766982 93.99342154497762 1.0357881588802456 0.0
477995 148.526390192298 2.74755712151208 3.8860921807279754 0.9289750031931422 5.776827492221968 0.6609383740868355 100.24787111231247 0.6617826379894612 0.0
478027 149.538402781968 2.74829095983867 1.9453131047380225 0.5423992549282706 3.6399800322859126 0.5128618082267036 47.83297568614392 2.3132485115936974 0.0
478233 149.469795174563 2.74717319946575 3.431024051787561 0.5658615213947337 5.076227794046745 0.5447799130489965 50.766667432986345 1.9221344995010383 0.0
478340 149.312392649835 2.74492006823475 1.8775465451112328 0.5472057193835501 3.8426476279264485 0.49989420015984165 58.05184819099811 1.374462911520699 0.0
478658 148.883805451877 2.74163824576362 3.481138763088401 0.5956999153817685 4.224179200470172 0.5155137766162474 80.26657890875505 1.0297708534093652 0.0
478788 148.738258451622 2.74276718842197 3.5331595098749324 0.651765781206331 4.847690881682171 0.5543670024334589 88.29228639195782 1.473209438752741 0.0
478952 148.895032492439 2.7401753883372 2.8113983498336985 0.5850146013572325 5.321861856306387 0.5288686435040759 79.6188841604493 0.9364278654386524 0.0
479957 149.466992899575 2.73562644626769 3.8485558100157604 0.5640890754317258 4.21831675396179 0.5255288902634632 50.43288703378979 1.9543084623573934 0.0
480290 149.580663978392 2.72842385783618 2.980043669152915 0.5236862970592189 4.489982113127933 0.4888216185917082 45.2135992788667 3.8595391698635644 0.0
480411 149.046448760804 2.72668888193627 3.2469670520394467 0.5803898999690372 4.036318241635803 0.517151772240387 71.11133608659426 1.5262716570590527 0.0
480970 148.791696260989 2.72143023468189 3.3576731674283207 0.663803498728498 6.842988006238363 0.5777288453313556 84.84345084855521 1.2732123114189304 0.0
481054 149.207353182673 2.72156333378465 2.4549317297852005 0.5390503806563763 3.981062784083106 0.506598480080738 62.54241806114173 0.8706779704437342 0.0
481131 149.02612940337 2.72016638989403 2.2899299344907518 0.6057322658117846 3.596463245078693 0.545187052426539 72.01907833599496 1.2263876869109755 0.0
481324 149.095848805671 2.72031927621799 1.7488787846404426 0.5908760668282842 3.2161806453250277 0.5291801141411014 68.31350664849234 4.472600799891588 0.0
481425 149.348676940223 2.71782313859427 2.610173897186045 0.5654606777078399 5.101600611896715 0.5268245257070374 55.33733197748847 2.1341765769906424 0.0
481551 149.572063979016 2.717157797937 2.9268790178027886 0.5642178380899078 4.847300352355136 0.5400249577531758 45.08626179222861 3.8188746656279196 0.0
481784 148.939679589756 2.7140191961062 2.175032678450708 0.6047514745823237 3.869693683034851 0.576009640723846 76.531899393972 0.9885190336419911 0.0
481803 149.445251882985 2.71497680208058 2.739631214476282 0.5689274689291227 5.1796820128883185 0.5356984645043852 50.62923177005958 1.9116259657969596 0.0
481884 149.058646985102 2.71359166095972 2.507806284671821 0.600412424868107 4.337560564071314 0.5668725935760649 70.10195712100519 2.617941708410925 0.0
481908 148.961283696101 2.71232994180151 4.898873400338468 0.6482230547744218 6.681605270553206 0.5907820273483486 75.31398934260987 1.0630568532776565 0.0
482149 149.052192948104 2.71122510957669 2.4031051532014946 0.632645609847201 4.1014499837158995 0.5634943796991232 70.38255969584856 2.2540345375577555 0.0
482205 148.567726916872 2.71328247593633 3.9168421483393447 0.8610201464104884 6.297760136866004 0.6154755971406498 97.227435827557 0.5277518417321813 0.0
482245 149.124344374335 2.70933479276053 11.694456451190089 0.6019079026774118 17.615433687316216 0.5593621854132395 66.49733738858932 2.6558765200668253 0.0
482571 149.587376620732 2.70550459015571 5.598308463576982 0.5806683131996742 7.626095877005411 0.5507479041961421 43.944352903666754 4.76018811060375 1.0
482644 148.608356514807 2.70708638304433 3.2335154863304503 0.7747641166749027 4.648366412796382 0.620658486567167 94.80590099220859 0.6412426465039841 0.0
482723 149.043679089814 2.70342159353119 2.535056682029484 0.6283665404190766 5.171598197454776 0.5881694080396956 70.62990575894823 1.956844437903428 0.0
482740 149.111654437397 2.70699333878535 3.2250741041507234 0.6317475383318116 5.678475391607819 0.5849240616908015 67.10134079816477 3.926482064502084 0.0
482779 148.719685390395 2.70431527429878 6.960345609914738 0.7559507731907733 10.266292376102719 0.6749893179749783 88.48045580984716 1.3579509021682348 0.0
482850 149.381666516248 2.70328123519924 9.26261526681117 0.6267801324786821 12.532824801153012 0.5627347724746219 53.22288198582737 2.6729783993481075 0.0
483014 148.574512972031 2.70068372419111 3.3642126344449617 0.8495646183018774 5.879700101775635 0.6453343003442363 96.59743860563358 0.491987953757552 0.0
483088 149.37419651846 2.70203273689142 4.553534316660866 0.5739058905744204 5.116579014651537 0.5660086134295408 53.542143361917425 2.665681554714064 0.0
483298 149.08319356626 2.69993166520239 2.3201326717559625 0.6617876805566529 4.222522702022328 0.5834175687378459 68.41903995865661 4.537573080937708 0.0
483355 149.091616729984 2.6982502500041 4.985875814813197 0.5938343857384589 5.835033229520911 0.5414606584133506 67.9235620981922 4.767515181194076 0.0
483557 149.309542443345 2.69641652335708 129.2175183773485 0.7057904732944028 178.32028745926786 0.6830132599706475 56.55198846052946 1.6158811655108594 0.0
483618 148.925654218916 2.69796083475771 2.6314203407058128 0.6117327859226893 4.659168868589643 0.5484294244175517 76.9042734619332 1.3055503367305032 0.0
483792 149.583465597923 2.69487643003623 2.7269483464535367 0.5406012309758972 4.092476951159868 0.5183928134094268 43.65684548262917 4.853575553024397 1.0
483837 149.437804798467 2.69436032275327 2.36139165093497 0.5583824264924478 4.360300753295974 0.532527837630756 50.209497222379234 2.0143719430103344 0.0
484063 148.763554263138 2.6912844254547 2.8751034044593204 0.6518222555962766 3.5670580477579787 0.5864959905171495 85.744895752916 1.4603943941603803 0.0
484105 149.560303380187 2.69224379879829 2.740820442588547 0.5531828654718578 4.519691956801356 0.5427111248203526 44.54365685681743 3.6387309298827675 0.0
484227 149.563783852384 2.69184606357166 5.157076455204822 0.5717016390904444 6.358074062978515 0.5455904062576866 44.3759001249828 3.815844993525663 0.0
484429 149.492110560655 2.6893902953175 5.500785706647449 0.5528213068785612 6.658031874841488 0.5101600611896715 47.485784795176535 2.8043170677778226 0.0
484445 148.71464521821 2.68847916482959 5.557588989139247 0.7657346701483948 7.331380145578397 0.5807804850137176 88.43250368054198 1.5362573356470228 0.0
484466 149.170086619959 2.6875060215142 113.32107813100828 0.6726887931250723 174.25691543691877 0.6506103991937146 63.463018115268135 0.8880612555739877 0.0
484475 149.399147503794 2.68747604227734 3.986110436796077 0.595106823738555 4.938116125402064 0.5477798169306325 51.818147668459744 2.5078475982352333 0.0
484503 149.095859008859 2.68826089239787 9.999691022179892 0.5857277569361592 13.277590237345958 0.5203406959215902 67.42538948133495 4.02734586174339 0.0
484589 149.539458736677 2.68866048672527 1.9509918106101767 0.5222178327759014 3.5779848857899204 0.5024823550530193 45.314830434858564 3.07303825819799 0.0
484808 148.881692887357 2.68522630890116 6.3478880589512 0.6240844334675794 7.844364172874412 0.5180486763397376 79.02888537132199 1.5811188647650716 0.0
484877 149.077343904798 2.68568122004392 3.083645318287747 0.565784733603567 5.388618679374452 0.5198482272380714 68.34954667276169 3.250008677667783 0.0
485060 149.448257678593 2.68814893631789 2.510787209317452 0.5159178541508964 4.173502451413807 0.5078355039352367 49.48605256197478 2.1033024476629256 0.0
485175 148.63235543589 2.68261829674782 2.953610383272129 0.7559156979661764 6.11075607637368 0.610436146444867 92.96634585194069 0.9089929093004898 0.0
485589 149.325449296339 2.6772376296882 5.528410667082045 0.6219722775957749 10.315955139517671 0.5746316503321768 55.12698200822325 2.4921113668967427 0.0
485666 149.376681290735 2.6766033575076 1.8577274070943288 0.5725757113473725 3.754091208028709 0.5309838754940988 52.5448665559243 2.5663674041315168 0.0
485860 149.084464608912 2.67794479256248 2.102103869638457 0.5739981077439904 4.021523450757129 0.5346510913738531 67.76197435670213 2.967306533016009 0.0
485962 149.555093837202 2.6734723173473 5.291523792195574 0.5490371382892311 9.716904783539064 0.5299092309783157 44.00859036288623 3.567490007750035 0.0
485972 148.976164172523 2.67474201997494 22.43678823945893 0.6233807946865094 26.710217913563255 0.5488483453425467 73.57236039258865 2.491974457838898 0.0
485975 149.201070033394 2.6737339809336 3.404769098619583 0.603165492749798 5.099462937024496 0.5415446872425043 61.43709846030828 0.8786962101283121 0.0
486070 149.346167551244 2.67261306306358 2.410138930170819 0.5928398569855865 4.047632389992744 0.5647988867123094 53.93316853020282 2.6896999648812008 0.0
486321 149.229150911888 2.67148321382615 10.148972112849963 0.5923099928164394 12.486091715871273 0.5571526881675878 59.8997782003284 0.9646520639892717 0.0
486716 149.418305576343 2.66842303249802 2.96237088443772 0.5602990798124637 4.208095392416109 0.5223220174269059 50.21873884134719 2.093230466608407 0.0
486922 149.382583865696 2.66542546585066 6.768430768676025 0.5780563728113544 13.40426054267323 0.5408988266739552 51.87541505037339 2.319996048193014 0.0
486959 148.893837336519 2.66494519147703 8.993064148182425 0.6403598789568024 11.920711348631139 0.5236384733756505 77.89627295382466 1.7131637355823328 0.0
487216 148.729969014589 2.66145819276644 2.365328104145035 0.6633894090067869 4.368779347139241 0.541842663822994 87.02184552075752 2.4327451454718534 0.0
487348 148.779495336769 2.66266882504235 3.137578667324125 0.5933773939438226 5.137421924076043 0.5317524444202689 84.25041098071841 2.0416425485845098 0.0
487692 148.979675626678 2.65771068646754 3.527690554175459 0.5717189045682802 5.542559726152253 0.5049731673246213 72.9742945349838 3.0192005045545023 0.0
487784 148.888121990326 2.65653746209287 2.0112481809662794 0.588308753096083 3.880404847930365 0.5131523167224692 78.02910622689711 1.710433842878991 0.0
487846 149.409270635976 2.65607211540977 1.9970892073698012 0.523573648708756 3.9954156703622474 0.4935137003397574 50.23728814194354 2.0210871141094646 0.0
488224 148.663131976793 2.65246758320351 2.8004990664591873 0.7276744885046047 4.772721096818869 0.5614253339503162 90.64364712689132 2.7703563652267107 0.0
488252 148.7172288749 2.65315351389869 6.054612843811407 0.7390583744551377 6.796615062904437 0.582753604501845 87.58111199145449 3.3959246189472485 0.0
488279 149.588051454317 2.67888667213126 4.456752870148259 0.5521153075461899 6.649361170956699 0.5204986587895121 42.78845334354855 5.310557610511344 1.0
488284 149.504830725654 2.65266733915161 3.2900345953224908 0.528836427032752 4.26639769977614 0.48301159031248453 45.50415021403621 4.8951026369080886 0.0
488355 148.79281641192 2.6507886853478 3.425571899278718 0.6015631974491561 4.3819309018584605 0.5267155174220826 83.25736284359624 2.198916876576938 0.0
488388 149.003388436662 2.65196302010347 2.376689507451868 0.5821661907231415 4.249086550625703 0.5229427569035643 71.5316995625165 2.6633631772842183 0.0
488632 149.325765014804 2.65296727226129 14.392802805710991 0.5782750962667919 17.90959510659259 0.5288520334535689 54.3400100745353 2.2187277113407826 0.0
488636 149.173986136187 2.64898040707594 2.465286358015182 0.5698082191766879 4.890150419860612 0.521023845409727 62.18317190838168 0.9518140949353151 0.0
488661 149.598641193918 2.65067460961602 4.790604069491022 0.49811457503629014 6.933811504890177 0.4803200410739033 41.16106810505874 4.866566668232998 1.0
488678 149.585128656784 2.64871928395435 3.0295404608228793 0.5040372723413252 3.5872513625715734 0.4750840509897964 41.677287191397866 4.536965616578388 1.0
488940 149.464638498585 2.64586047331098 1.6170358778171634 0.5266733081486764 3.207679003427182 0.49757608090947936 47.1748064528022 3.809790647997351 0.0
489159 149.486758866865 2.6439101185713 5.837098283707192 0.518671868758149 8.59158210233872 0.4880350876341758 46.040308905921165 5.1375588416042 0.0
489214 149.307701896872 2.64685007292663 7.666367523879866 0.582256838036147 15.639616675482474 0.5362665539837391 55.08104689047492 2.16609663400555 0.0
489241 149.398398445618 2.64581443374497 4.039124181330745 0.5598443330545988 6.380937346841041 0.5232179429496374 50.43371038330282 1.958347617107437 0.0
489390 148.847615182336 2.64469071436 2.5340428251481533 0.6229024801034787 4.994937691825428 0.5379254988731305 80.04576064638289 1.655702846990308 0.0
489409 149.449112026004 2.64199221560276 4.768864346099221 0.5280746889739371 5.563618823753512 0.49604023065795333 47.79505553345541 2.479705533587512 0.0
489478 149.527070217677 2.64334567502158 3.8219633509222875 0.5090142016770728 6.655843468497178 0.48680500394806725 44.11351471379458 3.194164419864127 0.0
489507 149.19256013584 2.64095192166063 2.3152141654046847 0.5780957876267414 4.070955991146451 0.5256604573146879 60.97230431786328 1.1358435336778538 0.0
489564 149.465390412139 2.64244918860361 2.40423309151499 0.5301654329843067 3.237580828382046 0.5005919767932311 47.01789120517983 3.7588620087850324 0.0
489896 149.487363519354 2.63775930972667 2.3394573710601017 0.5243831851649902 4.257565659509296 0.4931151878876721 45.790067908283575 4.705908284176053 0.0
489937 149.260725569572 2.63899200294334 3.2016549630165816 0.5803731745401429 6.470422770726436 0.5449072181415254 57.29997784680131 2.0160681690841993 0.0
490037 148.719083159009 2.63683595555266 2.570254409134353 0.6119816505390789 4.333027179123651 0.580063136847948 87.16489034924878 3.942625202840163 0.0
490195 148.640386584786 2.63591476673166 2.9458908301090063 0.8360537488751033 5.047168317544722 0.6250841250786734 91.64074853521558 1.5199675216013961 0.0
490246 148.7028754004 2.63402602724161 11.96515868494699 0.7884745108909317 15.636437589071493 0.5868653774388108 88.03615138556474 5.273830564668985 0.0
490393 148.602801963531 2.63237850092539 8.132226777726375 0.877497142198931 12.65218243517454 0.597576658218398 93.73311116719313 0.5320055848065103 0.0
490675 148.899011063842 2.63069867620344 3.3211943547690805 0.6231577536420899 4.707010706932741 0.5240521795173467 76.86570596680609 1.4574196113129632 0.0
490805 149.214089586248 2.63106843137207 2.0839687847268276 0.5822006366542808 4.167184838017502 0.5305212791494762 59.553190982323336 1.5686752969626627 0.0
490811 148.687891607145 2.62826424293883 5.3227085182219565 0.7475163571570104 6.840423105415894 0.618499437521427 88.7864095965813 5.450540519353742 0.0
490842 148.669646598015 2.62921784024302 2.4215854438914897 0.7465624248510203 4.733789971152381 0.5817913546611589 89.846857458508 3.851890373324108 0.0
491046 148.717794393378 2.62750869590728 3.8063017471752976 0.6521905921563611 5.76310759050323 0.5893535630047513 87.06507840132507 4.1418832501791965 0.0
491249 148.901814036527 2.63619336227243 3.390414924739628 0.6189731345994752 5.176654605853285 0.5292072310142547 76.82454639938135 1.4830286278376381 0.0
491276 149.242858944141 2.62665986369796 2.9399096668055282 0.5469039019803575 5.245150591341485 0.5240784208219461 57.89816316214421 1.9922840444229986 0.0
491343 148.707550459642 2.62626061124068 5.344803683818597 0.7871813070965514 6.180749155328891 0.5999232978268012 87.62693437447983 4.999366042273044 0.0
491370 148.995293296373 2.62732136192576 3.034382998726102 0.6213372954254504 5.985421399371284 0.5595158219424247 71.4121750432778 3.392981146459952 0.0
491604 149.485945808394 2.62400155702201 5.95504689615742 0.5258074214747096 9.473507541414357 0.49639218346458663 45.3709635062507 3.344820754142778 0.0
491942 148.695360581618 2.6190404075024 6.239677494204926 0.7056411301265613 8.598534631696651 0.5691368138563325 88.1937501212587 5.2820216633813875 0.0
492016 148.785500755663 2.61803154721891 6.4762659032225995 0.6935957495287401 8.271906357882862 0.5229102321069903 83.03101994811817 3.410678670782886 0.0
492117 148.770890345996 2.61689115336605 3.70205732771387 0.6719909748163733 6.682757673282176 0.5663799703804484 83.84141221941869 3.2016771061069305 0.0
492324 149.34901920847 2.61784712339839 1.6336504864309924 0.5279458076204082 3.1595054791142707 0.49678302181581746 52.06505563722821 1.9249776713638347 0.0
492568 149.277574837685 2.61361786160686 4.55109885834828 0.546396685678543 7.042652401739177 0.5078445171409383 55.691441532438134 2.67520299784406 0.0
492750 149.337661335508 2.6132410692641 2.1273711042216386 0.555363194707526 4.267564652394313 0.5181439201719855 52.51824320386356 1.9837097427460388 0.0
493108 149.071526551625 2.60902658783747 2.779468038555684 0.5741084279640148 5.171407503774149 0.5270974584516853 66.767463566111 2.0070820867298362 0.0
493268 149.366049753986 2.61060652131373 3.7016281059823597 0.5642729460391385 4.405542281794206 0.5271262620819055 50.96433746694804 1.8074680284523572 0.0
493377 149.593766274023 2.60845111940633 2.7818744357178877 0.5024884847731832 4.957985994891058 0.47867917409994737 39.69677911317653 2.704561789678464 0.0
493538 149.376809385704 2.60941234443699 6.032557761228121 0.5380841283241828 10.791792398355922 0.5038522335595572 50.37203495785753 1.6914262663095194 0.0
493541 149.011379339613 2.60662922900199 4.572052630202913 0.5806597563784355 6.627835060540024 0.5153149710504898 70.05827567466015 4.065990714498721 0.0
493748 148.624695230027 2.60487855476588 3.4349988755018983 0.725826179070366 4.609599584993823 0.5555954379905249 92.0093989248907 0.956494478099039 0.0
493961 148.63918370462 2.60249496486154 4.856668420841053 0.7511605838770421 8.67066268156237 0.5656704637036389 91.13522616024511 1.3041988023506745 0.0
494006 149.125356719016 2.60162247327865 2.673416342591036 0.5929831945229003 4.375135974840224 0.5474332720474201 63.62265113322434 1.2217269866081353 0.0
494112 148.773909637184 2.59967219285694 2.395061124633119 0.676671053767153 4.242671079567497 0.557464660968931 83.35345570550201 2.839901325423718 0.0
494116 149.387134961344 2.60244860147135 24.540568050317532 0.5573404097784802 44.07071307761415 0.5337467191897785 49.62666222894386 1.4981878951357597 0.0
494394 148.672600359611 2.59777171099276 4.671233430701269 0.672196293239222 7.682623484162827 0.5395522022381269 89.13242157885198 2.647603262782556 0.0
494487 149.009214238623 2.59637305933738 10.371170938965282 0.5925981167417387 18.29911109178698 0.5388986933207397 69.95834716132467 4.249126914172444 0.0
494649 149.284583017662 2.59906912791528 3.8001254093403585 0.5734077254985345 4.560629550817067 0.5151729486806513 54.91682145739223 2.727596915474342 0.0
494655 148.700318725668 2.59584918997019 2.4561790286941987 0.670100785827336 4.110450957209604 0.5332131889162856 87.50568247129291 3.1157688058751547 0.0
494774 148.685847168437 2.59558200964185 4.655373407668765 0.7795182681185472 6.15568729307562 0.5753960603077162 88.3333945724488 2.9536234933980583 0.0
494787 149.215497294664 2.59582407548564 2.287406365654429 0.5572460570098432 4.032309425259965 0.5239129254892595 58.5508615283497 2.4577283409924817 0.0
495252 148.916359574334 2.59008094956981 2.7492248706248983 0.5642352568300213 4.851780044348835 0.5093821442815881 75.06347256145057 1.560450241453268 0.0
495315 148.821345318562 2.59059307732813 4.557277024576375 0.6542203995814887 5.654438459602884 0.5336128473330957 80.47854612428193 3.4439162902452702 0.0
495364 149.158965388643 2.58941063010917 9.805508587146777 0.5823478553183852 13.374493787043805 0.5204554597821859 61.48277768313712 1.4037398491459907 0.0
495406 148.783919807683 2.59018051845764 2.2482432143211697 0.6316308466715853 3.9498490226583565 0.5319251503175167 82.61096100143702 3.0207702506202114 0.0
495819 148.696180380947 2.5871860400157 2.4724675652777655 0.693609423657797 4.313212676469679 0.5394750749493389 87.59815810982738 2.3419269170088834 0.0
496360 148.962511721196 2.58266953355988 2.3866149783303783 0.5730553986229903 4.882496920619271 0.5141698175141052 72.30483512657142 2.0393301245463586 0.0
496378 148.923428638083 2.58019252761752 2.653764077639691 0.5318743518849962 4.438489025155181 0.49682211337654547 74.47077238842573 1.6388788432455788 0.0
496581 148.99642301645 2.57891189992939 46.67475954004419 0.6484188549079374 72.18713142909134 0.5838272446889928 70.3142504598139 3.479214992682047 0.0
496716 149.214090396597 2.57763043127174 2.6580301566582656 0.5429459292363668 5.489686072586202 0.5199638280391965 58.173608688481195 2.5783364152113752 0.0
496842 149.063578049774 2.57682325756209 3.833596438000978 0.5449139058085812 7.100102574880177 0.4919940996105104 66.49570182189767 3.348128957800967 0.0
496900 149.236014891593 2.57712874180847 3.159066664756692 0.5277142656648147 5.275091044320784 0.503766659609426 56.96370829309201 3.190243089458548 0.0
497226 148.822806978269 2.57332895063876 7.986368773821629 0.6166302858654583 12.25388707258662 0.519067992648522 80.08572753549603 4.166749930243152 0.0
497283 149.048739284636 2.57293071431642 3.107924705526051 0.5473397309624711 5.999140786049695 0.49050586483710434 67.24587595486283 3.84864790391761 0.0
497285 149.56442045829 2.57348270699916 2.1713664926516048 0.5056941891150831 3.8661199469742287 0.480641207345062 39.783792680902714 1.1698857148540565 0.0
497574 149.266199473405 2.57086644538638 2.4098141972454044 0.5372517777963387 4.703090735013102 0.5056407754709272 55.16365076981616 3.4405606349811015 0.0
497628 149.257640553988 2.57108214621532 16.347545526253867 0.5718448435822734 20.7823200805794 0.5175073689573252 55.63442430077432 3.5628730778746482 0.0
497734 149.100111892838 2.56963047121993 2.8530832673621402 0.5748392039236556 4.757064643475136 0.5137068348892383 64.29679082788479 1.7879272015200247 0.0
498116 149.576724896694 2.5665313680331 6.01618520869141 0.5078579908221755 7.364588658184958 0.485462461206821 38.94240318938851 1.1076077232620831 0.0
498803 148.806894818813 2.56372547934056 9.461235160531272 0.6195780201379988 13.701924236165022 0.5534902750388714 80.83327776764753 3.8158140955392157 0.0
498959 148.808799500931 2.55852439343275 4.313502515413022 0.668468792478997 6.542082133895678 0.5476704996214821 80.63592669467783 3.7007774984136446 0.0
499345 148.797769135759 2.55665573396149 2.504689646900344 0.6363337920783071 4.38333374294585 0.5517027374561367 81.23985417783453 3.343185507245857 0.0
499549 149.219346358526 2.55444682316561 5.025946853480755 0.5553151955710361 6.701411146281719 0.5123006331637237 57.330051603655285 2.4564528426271175 0.0
499647 149.584232655611 2.55347689487782 3.02592075741318 0.5204410846434729 4.211991801240843 0.491257862340792 38.11758772989272 1.0526599732864403 0.0
499954 148.857419085016 2.55243795245109 6.4441958100001635 0.6382768220637229 7.964982110573162 0.5309086667305243 77.73724714558958 4.2192852931903815 0.0
499999 148.856572666971 2.54911841492152 6.895157342158886 0.6371860571487643 9.2071222469082 0.5342508535366765 77.7292740795431 4.358364852446308 0.0
500170 149.506010162976 2.54991804413798 5.326250257402338 0.5188430897152646 6.858888588696523 0.49267936076398294 41.89813375907234 1.0306461461868426 0.0
500340 148.872646973534 2.5471564500923 2.6617508079718215 0.6067785930210605 4.618205908837887 0.5325823417732334 76.772007937219 3.981887841851392 0.0
500360 149.24139721414 2.54998373302533 2.0363504738851255 0.5235738116453307 3.881385098430438 0.4982081126452808 56.00905195837906 2.8829497656794882 0.0
500455 148.801489355799 2.54983704455863 2.1371100017421294 0.6557609331836739 3.9165877184184015 0.5656458447760658 80.91318846501574 3.093553506651794 0.0
500586 149.252576989135 2.54682567700266 2.8778211692504847 0.545423278739156 5.241930301704441 0.4897960105080749 55.318549037521265 2.917150799238301 0.0
500727 149.291254148074 2.54525840251764 5.093396792067262 0.5423272236158204 7.2049911810290945 0.4967307709747654 53.158517464653926 2.021446711680824 0.0
500828 148.525700784415 2.5424443356265 6.1743197781818875 1.1747746606132556 12.232839949672934 0.5918492295314239 96.82444873451267 0.5403520896209957 0.0
501105 148.696971748446 2.53931416917619 4.75213467747661 0.8144791897576746 6.043839204524374 0.594719253118902 86.80022308280918 1.1649422608031978 0.0
501227 148.530364822836 2.5377397097363 5.511190036268868 1.0150317472060748 9.151372994443145 0.6187080288533747 96.4892454208231 0.5757942808269974 0.0
501457 148.990694149863 2.53805091264605 3.0229583742192783 0.6308376324935472 4.776844509667198 0.5752788757575893 69.84991339010138 2.0343747618557995 0.0
501544 149.543018224994 2.53693441448488 2.3240163333326334 0.5280652649119398 4.658928215997415 0.5157360165168287 39.60544466210299 1.968250695008429 0.0
501590 148.967916388241 2.53544412016499 3.484728336639041 0.5965714234020089 4.42346632893234 0.5306936888985367 71.10444101409846 1.7132647913455077 0.0
501633 149.038301411736 2.54167152879676 3.0657037597785357 0.5968782868030929 4.826690627438134 0.5053055485988742 67.20775240665836 3.180157561522015 0.0
501670 148.530880364209 2.53534369989906 4.194899157948625 1.0129254786239297 7.655000583889532 0.6160714086655397 96.42747215576225 0.5753122004808389 0.0
501919 148.78973305736 2.53379342349771 2.4505580073385347 0.7207192145655875 4.953333378107973 0.6107231011623846 81.33676232020306 2.099837686483323 0.0
502117 148.979941159088 2.53365912738163 2.62362082753211 0.5974951202514382 5.2182304635927395 0.5529009401460784 70.38457100239744 1.8007015949414642 0.0
502532 149.522067633102 2.52716902259619 2.0086472273210063 0.5757328701185184 3.4473995014261067 0.5529119748850586 40.36627106271246 2.1365894754895 0.0
502901 149.040845389611 2.52781243719235 14.635560238990978 0.5816420819725767 20.893598405770234 0.5180979914509326 66.80066382841308 2.9679383443984446 0.0
502958 148.875138503761 2.52369241009633 4.641573352799327 0.6380790853733876 5.856273750076932 0.5457914522488615 76.23883200237094 4.082695854364226 0.0
503252 148.860411186718 2.52049617891719 14.25330503478951 0.6252136503557328 18.07083234338571 0.5294494802314932 77.0388544615854 4.105835259705867 0.0
503343 148.788021581746 2.51959136623993 2.7152632403019417 0.7141489479001688 5.127995913553474 0.5853197671731111 81.21952002174744 1.4843694017770899 0.0
503592 148.910364264473 2.51979188580698 5.1445225275276405 0.5954102337475119 7.320649666670666 0.4969008244143353 74.14283002171697 2.410364538788587 0.0
503619 148.572462160555 2.51781489267465 5.109005604180859 1.0200062210741176 10.425012353303506 0.5660334383732442 93.76622087916387 0.7749093354213826 0.0
503741 149.118238542521 2.51643555234384 38.36115371474369 0.5848829009780626 58.35140357908677 0.5442020120514364 62.183788517458424 2.8321712880844037 0.0
503805 149.034151104036 2.51614502738666 2.229938681142353 0.5143812345243608 4.259083740869581 0.48755625464328256 66.96957303547694 2.5949439342747036 0.0
503884 149.015641371272 2.51604304875581 3.863524014972131 0.5445996451445079 4.770900944307503 0.4921486503362738 68.02732332093704 2.1751355501320697 0.0
504012 149.087642094378 2.51489705748631 2.271012117043992 0.5584221612145869 4.625795028038502 0.518791943909903 63.89372444650464 4.3610630565811945 1.0
504077 148.76636809091 2.51652787399636 2.7249470928876125 0.7370073564336338 4.25303922760603 0.5757650738251414 82.43236970257239 1.4591492042562868 0.0
504301 149.062704492676 3.06989004700537 1.7473338696791822 0.5647579125791626 3.0402249723815333 0.5106615817069161 81.87635235672008 1.5896172117196217 0.0
504703 149.172633732137 3.0681356117859 4.314872136399397 0.5528348700668168 6.306742568907981 0.5008268223057862 76.91994782578541 3.0755849257484558 0.0
504788 149.2231931765 3.06851894820385 2.214724389918316 0.5229687259823302 4.541226050343082 0.4934367533150834 74.77589569192511 4.064551522719684 0.0
504948 149.304224903374 3.06707528414598 19.046971534057718 0.5990564610613083 22.219607064957607 0.5471312008963403 71.38169900272365 2.331264340281441 0.0
504966 148.579904792917 3.0651511841643 5.2322584881863845 0.8652059868587975 7.312015916929253 0.6382809775945474 105.39962731873418 6.31479308371578 1.0
505107 149.497718689393 3.06444543712726 1.9198591680367396 0.5211534060107279 3.7774898763099003 0.4959938770286317 64.0844872010601 1.7457509542253138 0.0
505213 148.842200491947 3.06622322865988 5.2269360614596 0.6188278949108041 8.270491799628061 0.528746656202911 92.18665219118898 1.4983192561569234 0.0
505530 148.855769017646 3.06357876923272 2.3325060005429044 0.5642737172930005 4.354001552591317 0.5049895713589978 91.43097066015909 1.308733362992347 0.0
505918 149.570673645339 3.05761749098994 2.0995954944917457 0.5602839584846132 3.792858035831269 0.5050165337200533 61.37618243947464 1.3466983227654092 0.0
505948 149.144694579557 3.05637760006315 2.326446164829661 0.5272693362976657 4.672034704688128 0.5082794300680491 77.66045084423403 2.5780917459295556 0.0
506058 148.87613650883 3.05769065952964 1.9727884459579772 0.585972330510753 3.904151168431469 0.5162909724678747 90.2319906771192 1.3447660645554365 0.0
506213 149.495578217386 3.06673230943376 2.3535074136276735 0.5474927173251981 4.201331625337583 0.49965983105958783 64.27011298374892 1.7920306971723887 0.0
506320 149.067499900717 3.051367110065 5.9059983183309805 0.545902428942327 10.677522461432698 0.5115609451238224 80.93796995451856 1.698634895064489 0.0
506343 149.044019976501 3.05420453685175 2.7268977437415276 0.6345306898206399 4.913267361083592 0.554898961833958 82.12733620977521 1.6668356281465502 0.0
506356 149.450763415322 3.05125612818141 2.1884994378493157 0.525103937435257 4.325083068378481 0.49642015015427743 65.07509202615374 2.226950265619363 0.0
506428 148.578818264475 3.05216999088814 6.951766454447859 0.8828159870484366 8.957326787576202 0.6594157474956744 105.06712786147713 4.657450069599928 1.0
506457 148.783023771672 3.04963967157983 4.68930194665079 0.6105198917539255 6.070925175258025 0.5540270114383923 94.55808473249604 2.557658256174171 0.0
506487 148.956707845957 3.0499756886172 3.3079909612410687 0.5992210986946914 4.874321041727493 0.5185892111616612 86.07118907005153 1.9036030601890317 0.0
506546 149.386655383858 3.05072436088506 3.5722720584961825 0.5768763143783185 4.319577544815877 0.5147280825992444 67.41845628212957 2.955538417965569 0.0
506782 149.222580761336 3.04730964790907 3.9416304597995766 0.5429353320424508 4.552135248243864 0.5146664580242628 73.9024809958509 3.758330064285863 0.0
506938 149.185661744784 3.04618596799496 2.9761104349448866 0.5877122112640744 3.9922777871773305 0.5166298432502326 75.44681863032791 3.2866743128900016 0.0
506960 149.257747912692 3.03413073515353 3.9995447486541598 0.612186283924113 6.149030139344534 0.5652933769291069 71.85305206752612 4.66410318822982 0.0
506983 148.532395056137 3.04772503919798 4.044906281548301 0.8583272097683277 6.979762630197275 0.6478860933904126 107.36143532059202 1.9260364756982271 0.0
507173 148.628063794951 3.04336894951246 2.581993079479831 0.7847925376775762 4.784708531641707 0.6405730615564407 102.24861293029232 2.166677063049108 0.0
507389 149.264969662976 3.04288814005006 6.336801352402131 0.570526688045947 8.152505074193725 0.5397496429470211 71.9259101026856 4.626553133688808 0.0
507480 149.170141510839 3.04195597957339 3.5491143003273833 0.5720565229128326 5.2284537565396425 0.5132615567755707 75.95262233678451 3.166005216797357 0.0
507512 149.102327082404 3.03992209326707 7.006354162218162 0.6150656711016901 10.601523625998453 0.5667183132464725 78.90382536543918 2.0422518756265275 0.0
507533 148.83445748721 3.04087755956927 2.702009514458091 0.6672996561582294 4.286216451512798 0.5553770866444033 91.70404694203413 1.7669255050312347 0.0
507633 149.409870744376 3.04069609845457 5.963052296701361 0.5785318670416623 6.940774850094949 0.5378957552943157 66.074554107833 4.615901765254122 1.0
507705 148.594840743173 3.04123078520839 3.5723734699363314 0.7996131309138983 4.661396933039041 0.6383459113036223 103.90799443440265 3.237072090028986 0.0
508010 150.133677155216 1.39386807984633 1.874547722814281 0.5302483269407327 3.708234206341151 0.4972993368664206 47.327693658751585 3.5597393923740053 0.0
508039 149.639065563221 1.40606679480666 1.9421843635188896 0.5297098864498758 3.738367670682542 0.49760224495802985 54.14098928612111 1.3089540647942146 0.0
508063 149.613896722544 1.4134113204143 2.1596037441708957 0.5607836799691743 3.915820694613209 0.5323816048062542 54.55394113211527 1.5165225102729947 0.0
508093 150.860161642791 1.42586932009737 2.2031889029813647 0.589612278426408 4.29961419550775 0.5480751925574768 64.31245216447678 1.3112748447380633 0.0
508138 149.774422927032 1.4409152632505 1.7442730365270047 0.5266470038299242 3.528073229137526 0.48058648431044604 48.5598827465169 4.327440289234327 0.0
508142 150.78657535442 1.44174044065809 3.8629993820202673 0.5805519624654432 4.19718117287215 0.5347918261428771 60.561667649908664 0.8942756767928354 0.0
508150 150.413491157598 1.44362580494872 2.217278088613698 0.5631668740527764 3.960756289157917 0.5484086554164139 48.12326963664884 1.2513557976925396 0.0
508180 150.990845757832 1.45676896032864 2.6804729100947777 0.6061541541943228 5.394541385600952 0.5563992614269959 68.90014748714067 4.077246963796098 1.0
508183 150.02111782593 1.45843597922357 2.6262202875604386 0.5363339563839363 3.4436690643463606 0.5019290086029914 43.66749282846348 3.378978273532501 0.0
508218 150.025469464413 1.47587108735225 2.249163333863205 0.49900754936571284 4.041116872351252 0.4839795313487707 42.59952075514508 2.835292640280399 0.0
508284 149.884017857873 1.50530129654092 1.738002935600755 0.5330620013234489 3.357291265026742 0.5020223467860339 42.61459229122927 1.602413123243245 0.0
508287 150.523256854378 1.50719129442427 2.030947829627599 0.5275710509262924 3.8264277204662944 0.505628156982945 47.783907045220424 0.9776336226197809 0.0
508323 149.836790514109 1.51662174567305 2.1963826450759605 0.5768801482514196 3.0067582958116668 0.5439900472053547 42.92666026795459 1.1034038485993936 0.0
508456 150.341460266987 1.56855445400727 3.7021165573513377 0.5637409527916873 7.201591271078429 0.5385510153488106 39.549392685564904 1.813648645397263 0.0
508461 149.657519054192 1.57006852771961 1.7528188431327878 0.5363318383198332 3.43030067764998 0.5050356288401323 45.29780792136977 1.364150389118576 0.0
508467 149.975542125539 1.57125812310533 2.0290375450592184 0.5438080658979106 3.4879219729392257 0.5268895237961531 37.39356677943882 2.136509126345399 0.0
508485 149.460839952361 1.57755078057638 2.6605235312554885 0.5303035220419248 4.030071446284296 0.482864134267209 52.76500797685567 0.7493793695853643 0.0
508506 149.757257196961 1.58357701904908 2.930098599259385 0.5440766650821738 4.493899381085861 0.5128476961217768 41.369046369623554 1.384331115316043 0.0
508522 149.902355312814 1.58408117219044 2.2935093359949583 0.5227085086585095 4.052146718448353 0.5093678905405716 37.779107677653904 1.374449811569269 0.0
508646 149.72456851722 1.58534447141956 1.968536273028199 0.5234879607529809 4.037844821161466 0.5089090282383112 42.287307207846474 1.4410913138215053 0.0
508783 150.246575711675 1.58659625721644 3.5919083056933956 0.5825758570244749 4.56366841749935 0.5610525348864964 36.78643410569063 0.7768714447550958 0.0
508856 150.920911751737 1.58703478720424 3.6850708084807837 0.5692851485894267 4.454406088903766 0.5447215461040757 60.80693700647816 1.2822066497018074 0.0
509398 150.528529167424 1.59192509489398 2.285288004794427 0.5225754918521773 4.692538073777852 0.4913840600966204 43.74487020041494 1.3959848168108724 0.0
509412 151.024951100367 1.59193071978734 4.858767467688838 0.6246706412697003 6.5735588234067475 0.530687585670676 65.80103351482803 1.7604978406695793 0.0
509602 150.741235304692 1.59343660765273 3.9942381594173946 0.523295537865215 5.69675906565344 0.49937357164651003 52.20601340890012 2.2722326832635473 0.0
509624 150.538009672826 1.59335570283187 6.315362412560597 0.5288015664691466 8.594662043486984 0.49214639703484847 44.012334221995346 1.4985814723490725 0.0
509639 151.005256835817 1.59380630115207 2.21122224446298 0.5532909335453141 4.507591213106843 0.5346916250474933 64.74719524989648 1.7986768727906464 0.0
509719 150.494954380245 1.59460920746529 2.061140652366537 0.5236824208466904 3.63435115656528 0.5072253614132816 42.45952510160913 0.9893976573357015 0.0
509744 149.664946520652 1.59426888537449 7.733027776886845 0.5442797870904975 10.8293916297399 0.4951472794931033 43.862707083324196 1.3396271162822249 0.0
509849 149.992488480736 1.59567603786445 5.213425974293586 0.5432005566362543 6.749088042960483 0.50509922344436 35.76204926887473 1.833635721060465 0.0
510060 150.82372422946 1.59688711906403 4.802697782885088 0.5440287685135977 6.022706198636363 0.4999001488756046 55.81918671524435 1.2691214052747104 0.0
510125 150.406218268118 1.5983676467075 4.119684986450733 0.5978452207684954 5.560840438716001 0.5651411310088014 39.537618188897135 0.7105341928679192 0.0
510300 150.155877376344 1.5999665718664 4.667838156113536 0.6134090337739824 5.090828157202432 0.5992898497301038 35.07907575415756 2.2810551676686592 0.0
510450 150.797863131372 1.6008118661066 3.503062870916836 0.54919017510535 5.421649889348858 0.48729999632918236 54.47105616667543 1.5465647200325487 0.0
510459 149.821822619313 1.60086497042492 4.888039784605496 0.4935514461882864 7.1103330783916405 0.4752944835909088 38.65001650652884 2.1761242981856865 0.0
510478 150.686683127726 1.60075608859493 9.220959449061137 0.570196976961489 10.697082791685888 0.5167965231756686 49.53540944819467 1.1669426302525914 0.0
510636 149.708053711582 1.60254139790621 2.352807731345079 0.5057785425633294 4.838092590170623 0.49089098624071886 41.96402637810652 1.3332999622741373 0.0
510861 151.047907943176 1.6026689555534 3.2406907706292873 0.5689485232571065 5.868137317701416 0.5291092317162637 66.62707895030756 1.4551228953480846 0.0
510994 150.720285250475 1.60529116420952 1.933246096184849 0.5575101193781326 3.8285373256407578 0.5156108617176601 50.80053089191053 1.897984486232298 0.0
511536 150.529452912292 1.60961586280362 4.206369621044446 0.5573960775934695 5.536217004540066 0.5286795464484596 42.923550174905834 1.5193201522200148 0.0
511584 150.134145860179 1.61049509129765 2.3700140697892156 0.5986758569955634 4.379309089079992 0.5870306023753264 34.34804885506418 2.816096749744526 0.0
511690 149.8110936338 1.60975438942316 64.91056187498424 0.5925176978293145 93.98131776014246 0.564639636243573 38.45509953520147 2.3434847909825938 0.0
511728 150.638075495968 1.61198429454531 3.892739934973116 0.5465508551777087 4.621303618877391 0.5107087594007591 47.017194752299204 1.6358848254061733 0.0
511742 150.519362029554 1.61179052722911 9.952273190785005 0.5616971071271246 10.308569461245746 0.5367551598648144 42.4580392693236 1.3285249566763113 0.0
511865 149.866340412713 1.61351280118019 3.1401583755559597 0.5384889224318454 3.76450442209575 0.5158343892190559 36.87199004578254 1.7665908057802193 0.0
511956 149.820464048285 1.61427709770855 3.0025310379576493 0.5239275614236344 3.8622526379279023 0.49469391524632067 37.961568880144334 2.373518232014179 0.0
512033 151.022612482188 1.6149848656965 2.3763090214111853 0.5376768895610322 4.206876678245193 0.5171366043027923 64.94749258613895 1.4635002785163276 0.0
512076 149.845249311435 1.61570549081578 2.6507644827822507 0.5498312436956679 3.4656902572762083 0.5245785249782948 37.25090152513359 2.0861850642856092 0.0
512149 150.245619229776 1.61622546523809 2.9471318197740133 0.6016591080703757 4.3384439869901374 0.5839159861371276 35.04839608668616 0.7189248134766262 0.0
512329 150.82152104176 1.61751437065303 2.3950433557418793 0.5640792271028718 3.8309979307972517 0.5004202108445779 54.94498446294655 1.258866296116784 0.0
512400 149.655102905928 1.61737545029035 10.308226573148849 0.5407601339991033 16.09695960878185 0.5226673777173689 43.118776298828514 1.4235852193586322 0.0
512447 150.080978282398 1.61871501915749 3.4055786132516537 0.6473869019907595 4.365396433519326 0.62115578375374 33.81301106993694 2.3630002223987088 0.0
512567 150.361588288585 1.61947462409955 2.6955465953098714 0.6083692072581143 4.891983062099878 0.5951623423111848 37.21571781270595 1.0361039850250675 0.0
512685 150.159658398479 1.61900743777505 22.7778669996936 0.6163713038358499 46.25774683945633 0.6054607410135969 33.96515446265868 2.380955202503018 0.0
512689 149.834257277796 1.62053212923883 3.728123647362526 0.5277305959793291 7.370814594403271 0.5138513552046569 37.264042544859336 2.309081089540002 0.0
512825 151.027889656595 1.62138924430038 2.937065614126478 0.5839092725340975 5.6674702674463555 0.5183882553025435 65.01758851919719 1.3953181331366529 0.0
513092 149.857796066764 1.62455067814651 1.9182908702446886 0.5228019895663055 3.868144699255017 0.5004172364866964 36.46131358754896 1.988735430490573 0.0
513380 149.965764368103 1.62679892042964 2.26274623485528 0.5423598494806248 4.567075924294821 0.5308920695560255 34.26760251702284 1.9383535507226344 0.0
513438 150.081059873757 1.62717260726845 2.752832856867186 0.5906127276579952 5.646202964793393 0.5793883953931297 33.3056817134084 2.5255399315872062 0.0
513628 149.934614390311 1.62896472874765 1.7941254635419321 0.5188780660503935 3.207555264988909 0.498084979379391 34.629332156802974 1.3815916004731492 0.0
513778 150.297750899652 1.63026236451983 2.390912603568908 0.5573874385517289 4.896820192079679 0.5421534005275553 35.16097109657748 0.9634701899660489 0.0
513809 150.160181835049 1.63063163370806 2.260040084223463 0.5836274904651483 4.274085062918901 0.5677750858629504 33.2750518858094 2.5049865592810985 0.0
514056 150.618325959615 1.63294511470758 2.0773042916710986 0.5356167817372868 3.1375175062854366 0.5137832411215703 45.28956251417747 1.6020834470968626 0.0
514073 150.589729565501 1.63294172693849 3.6073454033623715 0.5408076342501926 5.873143123387916 0.5092936346015999 44.13045801744043 1.6715639696433902 0.0
514315 150.014368953058 1.63501122389095 4.563324885602043 0.5534197602787866 6.213182532245127 0.5312231889814802 33.21532128167539 2.2517850197269227 0.0
514662 150.613900375406 1.63826125432545 3.641184325327708 0.5546296460642054 4.766438892444963 0.5151937176817892 44.8754121561247 1.5415280460908423 0.0
514794 150.122767726476 1.63911570833846 2.8335530669680087 0.5628950267547933 5.240147747136858 0.5482116524917967 32.59832777683244 3.6609240526999187 0.0
515021 150.602999353914 1.6415151205126 3.037392894390058 0.5240234785308509 4.34356374534872 0.48018955560736265 44.285883984173424 1.5162340077806835 0.0
515320 149.854439845695 1.64372736571022 5.326327384691126 0.5376035802649444 7.402207976141641 0.5067734650314275 35.49190366410183 2.2140905890062466 0.0
515448 150.911137535004 1.64506738222781 2.8596162963747096 0.5296012960580754 4.938649964699752 0.4899472134717207 58.34032587239553 1.0005822039627361 0.0
515581 149.634524160846 1.64558863348418 8.391968180789833 0.5223299290226678 12.076511690985066 0.4899079030188543 42.60008820733706 1.1069784831278056 0.0
515769 149.827679475021 1.64730028613808 6.855820364715671 0.5383163196378251 10.206289663107071 0.5082599486677258 35.99597606983914 2.6944531910038663 0.0
516013 151.013266954536 1.65017678292441 3.46167435909589 0.5789972630854975 4.424966383881224 0.5320533953586402 63.381557302725014 1.3663407794748557 0.0
516068 150.92365683435 1.65012640449766 3.6386857359471847 0.5605873903853185 6.900100055405476 0.5181483752708037 58.80237925349335 1.0314982357724742 0.0
516512 149.908767360555 1.65464851074954 2.7797181550138994 0.5107315922712066 3.740828275839036 0.4891867950587062 33.65190745592347 1.2939907383285225 0.0
516544 150.338426742835 1.65381950635845 8.329198671164006 0.5670134735317983 14.702812402092379 0.5440165717821333 34.76373214131288 1.0600240368729124 0.0
516649 150.097571930796 1.65507487116417 7.1804285473636185 0.5857999303962108 7.841698066627925 0.5731377372391788 31.612509707863566 3.666696863079921 0.0
516747 149.810253485503 1.65630774697331 2.780557992645152 0.5204196365611276 3.853318233396306 0.4988404147772533 36.0076110304951 2.847434933038264 0.0
516781 150.807327050565 1.65647411224964 1.9496393147146345 0.4985623783954375 3.740670931019505 0.4852162461790739 52.84995216332181 1.1620494239834325 0.0
516851 150.151787540574 1.65650525451915 7.20734993696116 0.6149378539284954 10.050295279310399 0.5974775129556821 31.678935477197413 2.851686306094455 0.0
517401 150.99491580604 1.66201237846941 3.433518907125721 0.5945186052794555 4.396718353412493 0.5620945644736483 62.07310360014306 1.468079851927379 0.0
517606 149.990886109139 1.66368963607325 3.9850328436744284 0.5260741749697516 7.327659751785004 0.5092834625551654 31.776240317702076 2.3894357197609253 0.0
518378 150.015579506327 1.67054253768171 2.4616925353818533 0.5362004667066289 4.102370618298261 0.5178207709955726 31.09891106911375 2.052980462488272 0.0
518490 150.969077647716 1.67207359553998 2.820399194567323 0.5629946018310199 4.789923958740807 0.5191066979290055 60.43061058850243 1.4834059493137686 0.0
518524 150.076984644621 1.67186231379196 3.6739953555628344 0.6379319147488499 6.659217755191636 0.6212063607137333 30.636030798976645 3.0839806160483585 0.0
518531 150.279569228954 1.67272936161996 3.562724961993018 0.5920204996798658 4.076864791284153 0.5760796347041217 32.39491198543157 1.6613171613339512 0.0
518585 149.932384944845 1.67327271798498 1.8803367760762366 0.5444367686496718 3.446777075192381 0.5218034490748774 32.132773531155976 1.2637917177435156 0.0
518634 150.889625214515 1.67361051270005 1.9894721472315113 0.5589107106337409 3.51626811859002 0.5169671946636296 56.32340568915374 1.0135437048781806 0.0
518675 150.040521496572 1.67395834514551 2.4258954300978384 0.5701710086049683 4.883662328116468 0.5581720688564128 30.68714310113769 2.1653948831073304 0.0
518844 149.978886378921 1.67397218621863 10.197524191802337 0.5676632282093291 19.395883027567105 0.546581459728593 31.33170043442189 1.9711525845383377 0.0
518992 150.185874547356 1.67676014805482 2.1901264502385076 0.5947154225740466 4.186252918479313 0.5837507869526283 30.74537260070525 2.3750679147547347 0.0
519068 149.867023947713 1.67752328947834 4.776156415791934 0.6059033672907531 5.972792610582747 0.5821954681767872 33.3341254286308 2.1867177723131994 0.0
519087 150.037581229896 1.67804275569342 3.0973410131111723 0.5823273092808228 5.861941768862326 0.5703359564948689 30.46491184799374 2.013764337158436 0.0
519093 150.634616988615 1.67765815417066 4.047431266745521 0.5643774005190636 5.553845933571519 0.5276466330750742 44.082405425542895 1.0660044008650118 0.0
519142 150.958547397609 1.67787690556332 4.4553330327301195 0.5955043019301148 5.926654010597059 0.5485245523657264 59.70970659962547 1.4394627633771118 0.0
519250 150.146496673674 1.67954370752822 4.187118830027059 0.637544094589376 6.053417666983379 0.6208519614655525 30.27271879854891 2.8618460884031687 0.0
519310 150.813630904065 1.67995315306438 2.420715927061463 0.5527925971210689 3.437371795042925 0.512519589682228 52.33028052285762 0.963462565694291 0.0
519626 149.7961159225 1.68297936415217 1.9413556636346823 0.631328532259027 3.9774423081129178 0.6126233424444119 35.04770922392629 2.8024581588812305 0.0
519772 149.929697158262 1.6841601417725 2.079347842923778 0.5856495985714352 3.4334532394841815 0.5722942428216132 31.564738417326833 1.1967122771005292 0.0
519839 150.026124297311 1.6845511780658 2.1670776230986135 0.5828457612369734 4.418266996843422 0.57319790682524 30.17060104760101 1.7259519297314287 0.0
519969 149.889800650435 1.68590212910956 2.2089267097309033 0.6229930209172746 4.09684410684238 0.6138560399601738 32.32163576614909 1.463134925397012 0.0
520030 149.808185372156 1.68655179366839 2.2403986351189586 0.6176767967948418 4.075251684983758 0.5994183007873575 34.49202225643372 2.621971069568143 0.0
520329 150.390391671265 1.68919134975888 5.205253301527834 0.6230512153852369 6.789565963485419 0.6063129396126684 34.31224811084163 0.9132282857106481 0.0
520359 150.167470607212 1.68944093757428 7.801547531486079 0.629159825953974 9.219209857074405 0.6059905243687197 29.825900732890798 2.5921107225398066 0.0
520874 150.910433263458 1.6948064228834 5.40239909833147 0.5829767551204833 6.4741933809515935 0.5326492455115545 56.71031968799301 1.0663021471788137 0.0
521006 149.777727724956 1.69540842820411 60.7357776169596 0.6605191823038874 77.50278795079245 0.6433415063156634 35.00922754103456 2.7239215235569083 0.0
521064 149.815037023108 1.69560842517991 7.834022163132413 0.5839693782394826 11.057149672371787 0.5600527643580759 33.81537343173928 2.4415634646243065 0.0
521119 150.13890647345 1.69763160852346 2.22235780258695 0.6153377292918415 4.315555723671811 0.5978977601095159 29.152276342116934 2.700168278995497 0.0
521181 149.72398090336 1.69809820939067 3.460453327243507 0.5696278741676906 4.828178578939361 0.5381664862415707 36.758737297876806 1.398606321694416 0.0
521351 149.748734438891 1.69916785291972 4.697575168164145 0.5520560274239007 6.879946012416724 0.5364757504880695 35.815452676390436 1.8185309325082286 0.0
521705 150.288884221232 1.70329135767074 3.519369176391642 0.6037899402675146 6.7902852173003945 0.5852372834649348 30.872015752036624 2.010753566657357 0.0
521810 149.663985754361 1.70447939432778 3.1781221267305204 0.5487327218928149 5.710244366503777 0.530259677291996 38.78532932099347 1.0441082585879298 0.0
521821 150.15980458321 1.70469388525147 3.599452436121552 0.6167758309852682 4.366989582007097 0.6036881653523267 28.858724555294945 2.520201821788092 0.0
521873 150.302041605749 1.70527070866114 2.3207708067196244 0.5813791651596261 4.557276895816293 0.5635100626770437 31.060735491882262 2.03778898793322 0.0
521895 150.974154475853 1.7049022802099 4.630900494028044 0.5853980814275372 5.936328141796581 0.5261519860496121 59.72432711478081 1.6828832362027994 0.0
522009 150.566567393329 1.70664516188982 2.211162371025106 0.5458067891459302 4.390962649011633 0.5208905916014352 39.950391232489444 0.9831802512898378 0.0
522046 150.811100508365 1.70683502419701 2.4447255619291304 0.5491741470179111 5.0118419591184855 0.5254732401562607 51.292380383572265 0.9445941282766218 0.0
522060 150.787635044525 1.70695892408981 3.359862475093201 0.5958328614236503 4.434662018014348 0.5386493880510378 50.12446479473839 1.0005208849866234 0.0
522065 150.67201836064 1.70650868105669 6.665033513294483 0.5490803830782277 8.000307181398584 0.5280097880087935 44.61296223584221 0.663673225466411 0.0
522394 150.533390021323 1.70954958766501 2.673131654050952 0.5318019138686321 5.323013486474869 0.5092373278179823 38.45462740991082 0.73666679375951 0.0
522670 150.754957083378 1.71288586333297 2.047187488884247 0.5665255078675023 3.011470528512463 0.5315895500412277 48.31721269162006 1.1428880947344129 0.0
522703 150.834903670663 1.71244142033788 5.302940948617673 0.5465568842023308 10.140492488926046 0.5274942583946872 52.3029988753335 0.9162969129267047 0.0
522808 150.192995363096 1.71441955782983 2.4349916860518164 0.5797800729692666 3.838736282932267 0.5594035817794254 28.60040929376088 1.6868534658766805 0.0
522817 149.861998394081 1.71425241847286 3.5935810279115024 0.5608104709115747 4.980101053920283 0.5097788798445493 31.482270513215425 2.1082898225991107 0.0
522905 150.352106425945 1.71474916296242 4.848826803120717 0.588438827890647 7.201079449754668 0.5667335841921323 31.848374247878997 2.0332350536163313 0.0
522915 149.944701950152 1.71539594026851 2.0195649233871644 0.5205614705194209 3.670733218899319 0.5053028446371638 29.501272768631182 1.0203695968960593 0.0
522964 149.740236985876 1.71548230226955 5.832235401711101 0.5549000990598332 7.147441218824971 0.5296161987849536 35.337197296252725 1.529331826912713 0.0
523029 150.275667489126 1.7149813763302 6.397721738498268 0.5915250047889333 11.97402832315762 0.5734768655416997 29.932587956509245 2.0197815787690714 0.0
523043 150.571420169724 1.7156112221156 8.917135615752652 0.5351565020050245 14.53065373519074 0.5109470170554726 39.774407862496496 0.9955764507982804 0.0
523169 150.632039006489 1.71765473739134 2.0934920734909315 0.5295185510874811 3.5569454884811225 0.5189195451506191 42.35427150589942 0.8764976956282924 0.0
523186 150.167125965842 1.71698235368224 10.86191668383413 0.5913443606664621 14.544169680940461 0.5760290834961448 28.18661823060175 2.2470268388100956 0.0
523210 149.768267231808 1.71804512584481 2.3627543188769473 0.5875845823036503 4.149803772142839 0.568845326783948 34.21163940867595 2.329310616448903 0.0
523297 150.201252724236 1.71853485096101 3.1501031604466885 0.5813129711687339 4.572327790496971 0.5665719130338648 28.459780212610458 1.4668456820719047 0.0
523433 150.356320136884 1.72001347864466 2.1653514654467063 0.5940958962551711 3.4166071717479403 0.5789163094305044 31.69248192107731 1.9848255868625968 0.0
523563 150.514003511135 1.72133957134265 1.642112212703589 0.5457092256888664 3.3164112267674386 0.5183131881750587 37.149451462979385 0.6763245878130492 0.0
523890 150.972468053753 1.72411057215737 2.0144539722181527 0.5167848878301474 3.0660863059805217 0.5041710692732416 59.09083728209845 2.010652075234577 0.0
524271 150.190140056424 1.72753144290382 3.090306077301114 0.585712267213508 6.356043130213816 0.5676844773936346 27.79541102201633 1.6157893607901443 0.0
524289 150.296415523203 1.72709602665599 4.505414395169863 0.6023806179033135 7.930704245490166 0.5844020425685902 29.723994027433378 2.113657107499466 0.0
524601 149.709993479912 1.73102097780921 3.132230488581052 0.5366483136701491 4.058793700133005 0.5133084640732427 35.76216345307801 1.2387446611890531 0.0
524737 150.572560228839 1.7322838335412 3.273034839553031 0.5298500032545442 3.7213502232778914 0.5068889628244875 39.12654376288975 0.9043640787212534 0.0
524800 151.063580069785 1.73282061603852 2.879972183667142 0.5725525846439978 4.216156159795072 0.5459491060925878 63.75577422033529 1.2836840912844303 0.0
524814 150.787938326299 1.73311946986518 2.6690320618176915 0.5555011970939279 3.9328046643966825 0.5353631088722509 49.2639228105674 1.287192564448558 0.0
524995 149.759710395499 1.73503074641307 2.4782012517046983 0.566881429759509 4.263540513568782 0.5453806045809734 33.69591845552483 2.024067592608916 0.0
525012 149.982150327077 1.73526226160566 3.3689336228312956 0.5351125791102732 5.217394295623809 0.5148557868480258 27.716962444261366 0.8700987276214825 0.0
525253 150.368891323571 1.73619610895318 28.51407068621835 0.6084088566904178 34.24694077423438 0.5855214827167093 31.22936657741002 1.766504332801771 0.0
525293 150.640299576071 1.73759962519271 3.1496109106553076 0.5371415011470143 4.201655199422265 0.5115127373493279 41.958111088546254 0.721771795054135 0.0
525475 150.357975356433 1.73943585947847 2.299101643852459 0.5946415339859183 4.1532538985252705 0.5752992713544908 30.728371707806886 1.8199981697708105 0.0
525637 150.936161136173 1.74059114022831 2.595094031487042 0.5725433691595366 5.148568684327099 0.5203235708307574 56.70351703041226 1.7563323521783585 0.0
525872 151.029682015057 1.74276243544957 3.1315864306536425 0.619141734669848 5.327405621613182 0.5607925167780179 61.662130436882194 1.6192670260412259 0.0
526349 150.852109416848 1.74731393947616 2.728424838307515 0.6074469977905769 4.018522954579119 0.5885577870733708 52.09661129076528 0.9676859337485952 0.0
526364 150.162771370737 1.74766796542814 2.4617307771260437 0.5914181907347319 4.7334832646383695 0.5730472575299445 26.327057494333456 1.567200921140625 0.0
526486 150.792897652976 1.74867782687352 2.99379189808957 0.5875105508468762 4.417483749267967 0.5593690354495726 49.01159640345332 1.5365803538360852 0.0
526589 149.914507577234 1.74991512317469 2.1079574317012186 0.5532667893204943 4.1369493956916035 0.5375645457368039 28.207410786549833 1.0175852899329776 0.0
526644 150.767685537249 1.7502158738389 3.5256112076201362 0.580532358218665 5.858009822255111 0.5537792641656759 47.68647700614187 1.5881029701115095 0.0
526761 149.768967489856 1.75059021772441 14.13634143696237 0.6025218907899017 19.60169957975956 0.5792259774263897 32.61702130269848 2.3006545928926276 0.0
526872 150.511487359886 1.75259824128172 2.1590847766626147 0.5669622736857706 3.1385401188523065 0.5489779294885171 35.671484904959975 0.5786751100844334 0.0
527101 151.078925385791 1.75372606149854 9.81074757734078 0.6473896896829934 13.526420382347334 0.5819601848799552 64.07740000651843 1.2225069784328928 0.0
527270 150.253235848023 1.75643986568157 1.825701942116124 0.5628800326544848 3.6801079829094716 0.5483618897548317 27.133505789280086 1.287458193842066 0.0
527328 150.951035523419 1.75677749926093 1.9737550478894157 0.5586704967026012 3.55520915878278 0.5346935822007314 57.05270376733215 2.415091190072574 0.0
527429 150.985410860505 1.75710262944258 6.29410618327464 0.6039793322652233 8.96902000561293 0.5497422364559914 58.895230236057834 3.066046894469583 0.0
527694 149.829486561202 1.76023634463305 2.5559187767061258 0.5476203810131036 4.267138327764635 0.5246663522298513 30.055648749562625 2.305180060339357 0.0
527899 149.79053132424 1.76189489882081 1.7208317486588542 0.5354486582160505 3.2898360472768964 0.5147601438595253 31.29784598679668 2.6206825347749674 0.0
528277 150.769275062914 1.76511007838152 2.1324326630234065 0.5479228080489917 3.8080236557445173 0.5153657669026216 47.28771969365534 1.7597395058431835 0.0
528410 149.870236650154 1.76645044266913 2.8291967271323384 0.5392563989173901 5.405443501697255 0.5183496916581495 28.483484466434934 1.704609578040844 0.0
528490 149.84621443043 1.7670625884057 4.071873406726776 0.5520991404157471 7.614361326982539 0.5319171156884342 29.17612689223842 2.2092154978575755 0.0
528531 150.142085981177 1.76701663624161 6.763065271701996 0.5937056581272269 8.32896085129357 0.570433427876526 25.023251978547226 1.1827687881662265 0.0
528611 149.754919685809 1.76828409005192 3.4301820252349247 0.540937746004755 4.894193486418116 0.5222252284736805 32.313960294449 2.0281603569099604 0.0
528630 150.552264783733 1.76796668064265 5.332494477552218 0.5738341873884215 8.019479171246125 0.5547003236563064 36.775507033029484 0.4880924521999927 0.0
528649 149.742118083736 1.76816851285843 3.820102638985266 0.5442889970283182 6.087517070593487 0.5249963128145729 32.81606723281159 1.611148286173429 0.0
528662 149.834307224468 1.76897356390453 2.5371465225314447 0.5449844798418283 3.9511376535535 0.520680532404559 29.45831413744955 2.2318831530705703 0.0
528726 149.842835990971 1.76914125947123 4.781812846169997 0.5538809379932006 8.025878547294148 0.5333288927254759 29.17634841821397 2.199767303311217 0.0
528948 150.778381051113 1.77159763075117 2.7820913964551295 0.570452392060446 4.7509936056348065 0.5415303948734634 47.54922609494367 1.8782397742550818 0.0
529007 149.769796569863 1.77226693474784 2.243332111674575 0.5519544925085521 3.7043734640589783 0.541161535868136 31.563634123381284 2.53952037058248 0.0
529241 150.537559421819 1.77451317440107 2.592957772975718 0.5782807982929997 3.887867395970915 0.5629793136213102 35.86120913455035 0.4678852291691041 0.0
529476 149.881859866072 1.77630997009095 8.69031636287461 0.5517252376221591 10.648941586153422 0.5269437189144349 27.630471721264104 1.2928746803377602 0.0
529633 150.779921018638 1.77768827010511 5.793555486963521 0.5678144784781013 7.622609182759849 0.539900588390504 47.440310425324434 1.906500314796158 0.0
530051 150.353268406848 1.78034332660328 16.72584573579354 0.613735825845528 27.37658996308725 0.6003751040765983 28.482715969620468 1.3532769653652525 0.0
530147 150.263248966224 1.78276339544279 4.668882529134171 0.6163656601828359 7.278701306015579 0.6101310623078813 25.87410781053651 1.0567507595883987 0.0
530372 150.239021153733 1.78505257987929 2.8771607587927317 0.5889351696144518 4.166533827045695 0.5727194343625748 25.23046750276935 1.0207446193124234 0.0
530381 150.512098542996 1.78503438776474 3.437330347172707 0.6036152354421688 3.6027665661059567 0.5846937742851296 34.31867186547572 0.5797320893126888 0.0
530481 149.919288218404 1.78593767598497 2.576610521795011 0.5603736223551222 4.940437025870185 0.5498458883215579 26.114743363850668 0.9505448934966115 0.0
530509 150.232518887657 1.78615338999678 2.8379464897071363 0.612329821068158 4.646430376211712 0.5982189907607154 25.041695260943648 1.022440257958943 0.0
530540 151.017014619252 1.78622426025999 2.2964966986446607 0.5487146167732608 3.978971849120452 0.5269560412542296 59.89487548262346 1.7723048802183963 0.0
530967 150.330261501743 1.79015277238434 2.819297652070525 0.57763643552093 5.827493682951654 0.5597609811375039 27.262536026633484 1.26303873591104 0.0
531095 149.606803538214 1.79047070508134 21.759783568689112 0.5479571097305418 23.680346410570973 0.5330609429959801 37.766713681774704 2.4971733818969573 0.0
531165 150.806949190444 1.7920527003067 2.0966400643422416 0.5743836959123152 3.8707616191503904 0.5489485206859142 48.41780509707471 1.411010130380624 0.0
531351 149.767705056013 1.7936671406088 4.262925787187927 0.5548341082145571 4.544538145918199 0.5422852508509594 30.6555916284098 2.5302911475589176 0.0
531602 150.890839491805 1.79616853037376 2.642330053646922 0.5974803215944166 5.101677481665341 0.5601552831349258 52.76911595249513 1.1867937686288856 0.0
531606 149.786826582815 1.79638056578244 2.4503546307898856 0.5423285893313502 3.9008111319186765 0.5213653171457302 29.796422691235936 2.7507806868905926 0.0
531670 149.977039186483 1.79702998539115 1.8636992224158937 0.5107878102123904 3.167811019408069 0.5000240031979506 24.24328369678399 0.7005052445776054 0.0
531682 150.74767106245 1.79678269529855 2.6543392489235242 0.5723514433522869 3.975287636909947 0.5498672882470947 45.19240043030173 1.3635055902098294 0.0
531842 150.186536644752 1.79870873852687 2.0744689946775874 0.5485113757682158 4.127905545090775 0.5357864076400151 23.572375580531705 1.2359164933256084 0.0
531968 150.830729602861 1.79912440935692 3.746587714282258 0.6028335241657028 5.4578913456739535 0.572844460401662 49.47256381071733 0.9433946809567195 0.0
532276 150.970417918854 1.80239651952161 1.5748984716104928 0.5763955396297338 2.9777753027980247 0.5574619698832287 56.945203851129236 1.849687008910822 0.0
532313 150.404025920624 1.80198336665147 6.930882213037209 0.5869438794825796 12.174211621786675 0.5664799397076856 29.190488023490328 2.3618741822880867 0.0
532526 150.959675881482 1.80446602587197 3.4735466824059125 0.608691890417232 6.155593942016569 0.5661303560865509 56.305319974882494 1.7747285799353487 0.0
532740 150.546145187524 1.80709838633777 2.332327024029689 0.6300210467087329 4.193008444912626 0.6146705633594132 34.950361858104706 0.46756790993683744 0.0
532805 149.758385895326 1.80788862600224 2.0017141407353742 0.5289213893137926 4.106645710522537 0.5195431044730613 30.386082828013013 2.044800493967163 0.0
532960 149.876677485344 1.80721246969659 3.0475187159553045 0.549611115015614 4.958442964420122 0.5305882343918299 26.169659105570112 0.9905699699385326 0.0
533041 149.873026690385 1.80976298813585 2.1694150048571608 0.537370575404892 3.3949977535585667 0.519791057761908 26.15155264176133 0.9835826515542544 0.0
533233 149.604315414716 1.81145343671068 3.9335409145424096 0.5321836356679535 4.578792962946616 0.5070892362551735 37.116082500379314 3.8626314041383805 0.0
533340 150.204333084191 1.81240242859914 1.7705514240298073 0.534605252218699 3.3833726496049272 0.5224603057543823 23.038237073199078 1.1839147578573708 0.0
533368 150.53411042478 1.81260725625298 2.7976700787096678 0.573746709175686 5.107321036035259 0.5586492537182635 34.18590547503581 0.5280010448445456 0.0
533630 150.43185766859 1.81510655077179 2.3138708114749256 0.5545081371345388 4.249945380368969 0.539478911999766 29.672122528228428 2.914845947009889 0.0
533636 150.866500691044 1.81503853473907 3.250792642819384 0.5551735075845832 4.536059037034607 0.5059187427347597 50.962105545408896 1.0032377851753895 0.0
533735 149.602192906376 1.8148281164766 4.30316565607428 0.5404194665209372 6.01412047640533 0.5106146486572279 37.09747680127771 4.048234446434019 0.0
533914 150.42426477447 1.81728919767734 3.1518758004879985 0.5664649522112344 6.285708450762522 0.5519138396096727 29.270698441706806 3.0699400295915478 0.0
533958 150.754094295775 1.81494272456294 30.04388337752513 0.5676032362116369 46.21987978710294 0.538840519515941 44.98030973067139 1.4744615940792865 0.0
534126 149.653185714862 1.81957093395642 1.9701468041269652 0.5488065127735213 3.9017674330435996 0.5347655333342451 34.50461988892624 2.716709027499493 0.0
534232 149.62045423205 1.82041716648311 7.25055285859384 0.5609731070808712 8.803160668176028 0.530151557451603 36.01924128514028 4.55014780491536 0.0
534267 150.901978583588 1.82037199514971 5.507792701519833 0.5580987599192808 7.231385066324957 0.5177037667095596 52.75627259132036 1.036274862290051 0.0
534345 150.451058835293 1.82085717192807 7.168711096679563 0.5778500741371453 10.117293141250938 0.5579720271938734 30.20781612080777 2.431212725291982 0.0
534406 150.449797738242 1.82224669113381 5.077434327513957 0.5862458119339045 5.963728802169294 0.5537149613810002 30.095319743456074 2.530508058870116 0.0
534453 149.756045790753 1.82273807825061 1.887883146929811 0.5337344122965428 3.7466466863995618 0.5161570362311513 29.830856778889945 1.6080023913325792 0.0
534570 149.418971981929 1.82404722056688 1.7956906710920286 0.5606029140093794 3.2415680130642013 0.5399242802454907 46.13845812272193 1.838963702178259 0.0
534608 150.505359070721 1.82437042764073 2.0479538173850003 0.5765255212364649 3.599007801808292 0.5552090933661366 32.420762979126124 0.9054343200309829 0.0
534637 150.35921447676 1.82458284247259 2.7113399206201843 0.6001553999215595 4.905628025451211 0.5926809810295612 26.48285648760674 2.473166110522506 0.0
534989 150.394738726427 1.8273775641192 6.407597379225257 0.5994027505618975 9.64185323602404 0.5774766815878454 27.65746265165339 3.323903239704721 0.0
535112 149.755194602732 1.82922456620266 2.644240466975383 0.5511022589773301 3.8183807304160458 0.528951371856407 29.586515442430198 1.4581789225261386 0.0
535278 150.269803712936 1.83013086840953 5.4737518837467825 0.5896301065312551 9.72731864140651 0.5757581722847757 23.43617756213086 1.0727827247642625 0.0
535287 150.133047274891 1.83076617655793 4.763194524672688 0.6175933097430562 5.593030459078299 0.5898900676361256 21.163672699256622 1.5623556571231232 0.0
535623 149.650551232239 1.83406070033122 4.2019971475705695 0.5769386150215279 4.83561962404631 0.5557729337628026 34.08816783072925 3.2657789161710093 0.0
535953 150.06807137723 1.8362917989205 8.466559114865488 0.5679834960816892 8.843670649961247 0.5500432388983951 20.827341548751708 1.2677490937617113 0.0
536000 150.469397275704 1.83746065699906 2.788464505446539 0.6109030375381177 5.273138268925526 0.5929323207085501 30.29585322352631 2.039208764554857 0.0
536001 149.846289280613 1.8375376646369 4.369205440000773 0.5522547527655287 4.5330505577315465 0.531910162644036 25.660492552798647 0.8429630642662633 0.0
536050 149.871536230054 1.83790498932558 3.8120143169488716 0.5440654272054374 6.041996003958428 0.5251627609718623 24.77458620736218 0.7544699919656636 0.0
536070 149.7548654928 1.83786590787773 2.6738164001640987 0.5642192932284718 4.671195188957079 0.5444477506668822 29.231824231011874 1.3567415551048134 0.0
536098 150.771300369741 1.83837443196342 2.7253388454354224 0.542372395669118 3.7588685933307193 0.5141535036117856 45.224588296547815 1.430474283417114 0.0
536151 149.624561987238 1.83869669848906 2.69826613699016 0.5565984325760996 5.367528293073401 0.5330444617055545 35.16949426095058 5.580730595022445 0.0
536445 149.655899109621 1.84143978266496 2.425060034689396 0.5954555167228505 5.003135846211299 0.585758774670812 33.56384184265319 2.9875149768240137 0.0
536458 149.64377973346 1.84104440362832 5.5613969397880245 0.58844768464863 7.433369718493485 0.5778845806498684 34.15748546561311 4.178526668787782 0.0
536841 150.894827333501 1.84521581259364 2.011829712998137 0.5726891722008715 2.9870411357792714 0.5369414628266631 51.76560250177854 0.9595047388723501 0.0
536904 150.9860937303 1.84572938316143 5.283330273172636 0.6090699165840467 7.070116025791719 0.563983745264679 56.833360880412734 1.586242287478564 0.0
537715 150.129387198774 1.8539795248327 2.3000503481325767 0.6098205414088695 4.677553748059284 0.5946963982044446 19.756636402504736 1.5434556988052566 0.0
537812 149.601348693171 1.85478799570665 4.492697611741664 0.5788202392300625 5.651241861820826 0.5323101172090335 35.76802006336935 4.398600026062225 0.0
537941 150.38674191213 1.85601168813943 4.206490398000844 0.5944348681959281 5.415396140952952 0.575524343976864 26.03964134896218 4.3570921523349515 0.0
537978 149.631330936544 1.85603016206536 7.669207198716147 0.5674519923302047 10.428824939315216 0.5450110631472141 34.23669529121157 5.371077512738692 0.0
538390 149.457863014819 1.86069466781724 1.6949244477107888 0.5441562072643507 3.0346152819130365 0.5089913059303572 43.05923980678696 1.889700661995325 0.0
538643 150.080533765364 1.8630303819914 3.5006760452870123 0.5456353486241544 5.0256814789528885 0.5294665409422852 19.170412256159576 1.946747726312585 0.0
538685 150.271087644363 1.86339331886424 4.353209806850486 0.575172303494092 5.54193227827535 0.549648202968509 21.69224156956224 0.7829685849682647 0.0
539238 150.731555126428 1.86775890703811 5.672456244080314 0.5828379823665994 6.756478742875585 0.5521203965323335 42.302147856132784 1.1081179199220959 0.0
539366 150.392221825261 1.86832803588121 11.784368714745488 0.580644787412423 13.845735083534807 0.5476545719994068 25.712082480904808 4.3847172727953625 0.0
539420 149.769395396949 1.86962400991527 3.513702136182868 0.5731259027420247 4.488635926476381 0.5495306063861215 27.27899908128966 2.0096432512309135 0.0
539500 149.63967762378 1.87029915033294 3.6837883323175338 0.586087425911194 6.0698272380435085 0.5682069858041554 33.339386791311426 4.314205402848774 0.0
539558 150.807611264585 1.87066213760517 3.3310442949838133 0.5310192674885943 5.183721216643379 0.5192884556599793 46.35881030775062 0.9576589116478924 0.0
539695 150.463393689663 1.87219140252229 2.9759984136740254 0.5857563023990766 3.463379657614602 0.5640454728477258 28.639325350234394 1.8671852014311616 0.0
539963 149.851911490799 1.87468319424987 4.057170164266012 0.5769926039143406 5.050596168433063 0.5569295855744607 23.688995102707572 0.8454207472570648 0.0
539972 150.40357672779 1.87438327958021 2.9002043067692864 0.5618101667085972 4.1690711732107335 0.5296765872631533 25.920906115256916 3.874909345777162 0.0
540156 150.369755269857 1.87591058883274 6.460403304988467 0.5536274636826128 8.105427813214272 0.5393283399605194 24.470383553738223 2.7993568796256523 0.0
540391 150.162462541647 1.87839508155454 4.667851289641844 0.5446570830022706 6.12594925094436 0.5316022200332422 18.594084149814254 1.098497099699213 0.0
540452 149.927023291958 1.87903769383584 2.496540936385751 0.5598776505514803 4.4348546430961955 0.5516882519469737 20.925795387492975 1.0416407309270557 0.0
540470 150.707009436136 1.87902447421307 3.095180496200503 0.551666207225138 4.454397977018635 0.5378957552943157 40.68325404841768 1.2061352346593721 0.0
540543 149.657749174663 1.87975622456997 2.2650945612207507 0.5674405262580785 4.33782671115967 0.5499677854906659 32.12423957992148 3.076510513561054 0.0
540588 149.677333721583 1.88017259417853 1.7398439472453155 0.558839474236522 3.5576925544736904 0.5496056220095737 31.147353041740462 2.306792830830779 0.0
540692 150.753578259801 1.88082748720569 1.8638081019407673 0.54745641753179 3.77345067255484 0.5325432373364973 43.154069161088415 1.1752840605439843 0.0
540975 150.367689138885 1.88353854695617 1.9434323062282943 0.5450717944275729 3.015423978053279 0.5324295035565533 24.045948671532564 2.297993518464446 0.0
541092 149.709302548316 1.88246840476404 12.934421443469205 0.5818509410303423 25.153251008679657 0.5632935912281113 29.524517787731675 1.9994028071385137 0.0
541280 150.303383259785 1.88627899556338 2.077643059445392 0.5415846544874922 4.10026127064396 0.5298177340644379 21.52742827002224 0.7848916320389704 0.0
541700 151.050149583583 1.88966895690757 4.241457000759513 0.5743675374152376 5.3642106608147815 0.5182222449295311 59.610775342760334 1.1426081529770251 0.0
542015 149.782346356735 1.89260061263091 2.3177475200071975 0.5447353725723927 4.019042501507766 0.5178019076436402 25.771795395395724 2.7299626443947065 0.0
542171 150.024985118404 1.89370887738206 8.011727041782393 0.5516025394581789 9.736342920474959 0.5295615658823947 17.86951174821978 1.8378148671385546 0.0
542194 149.752652868447 1.89395196233943 6.413828594606911 0.5550533182073362 8.962131727535642 0.5311073435362004 27.062385842508757 3.717815764983612 0.0
542217 150.466618989931 1.89448258064888 3.1357119036632746 0.5725204315557217 4.451756721467867 0.5493089201538904 27.94180760315016 1.9264619146172766 0.0
542515 150.063997804908 1.89720984444933 4.063418633498578 0.545354180335551 5.311813419550092 0.5177145439283769 17.21992746173115 2.3569188868056945 0.0
542636 150.976044190393 1.89754029579582 5.43507171147904 0.5955991435499629 7.794131774859128 0.5489949515712846 55.23146832213612 5.1391380179059025 1.0
542785 149.932975341776 1.89907761589075 3.407898354879043 0.5393034352468652 5.027784259843036 0.5180277914545266 19.70663937964493 1.1059632267492872 0.0
542849 151.052999197915 1.89994379689273 3.1068906719399565 0.5728685975373949 3.619547223720822 0.5142098618994358 59.595981615258566 1.248904254327842 0.0
542890 150.583269493254 1.90061568684285 2.6364366403389514 0.5682540118318784 3.323198299420707 0.5407796205905495 33.53557134864935 0.5812784304315545 0.0
543030 149.726119339656 1.90190116679392 2.659368102664604 0.6021121610702544 4.729141860972147 0.5869005546930628 28.016417743704306 3.326281432459751 0.0
543047 150.96005394674 1.90183505970012 1.7011068630215713 0.5738825430168457 3.3884214611586314 0.5451140068323329 54.239917638487555 4.838187053431554 1.0
543149 149.982099840525 1.90224610297912 9.262771839070213 0.562274644515726 12.744268555185045 0.5352078885940639 18.210166245792934 1.7793689184708064 0.0
543260 149.646012838901 1.90381530832215 2.2439732725001513 0.5908080377289688 4.437667922115779 0.5727802348730352 31.929801889643027 3.483501872446561 0.0
543436 149.725990884503 1.90541737679667 2.420898122576714 0.5992147332069919 4.5155452383782855 0.5838887276278848 27.896572102377387 3.4869201318522474 0.0
543502 150.990936564359 1.90468559146245 4.456588829804494 0.6242704541106866 8.441897220053223 0.5790286010975363 55.95236483824389 5.017794625861178 1.0
543656 150.093728197215 1.90690403815405 3.934307680827439 0.54572125552017 8.095560928172821 0.5306039817497911 16.506708868758082 2.251616137220082 0.0
543809 150.97241047204 1.90817523091107 3.6363367657813077 0.6205799174571823 6.711937282940191 0.5785485963899017 54.82959156379784 5.96041784187654 1.0
544022 150.451606968257 1.90881965912234 12.75069110804773 0.5988756515394775 18.438799041348762 0.5814138944823907 26.70282390557868 2.289318616831327 0.0
544066 150.46689468371 1.91086872549047 6.383389492460182 0.6079759146775602 7.078813383013367 0.5739110574123545 27.359069379737136 2.1437356634297866 0.0
544284 150.456539770559 1.9131026634695 3.044669899153241 0.5722365012224009 4.385311884077153 0.5529357697481105 26.781381916782536 2.2177456455684625 0.0
544412 149.630101938704 1.91419319582738 2.83847453480116 0.5724788193146776 5.643242513000714 0.5534413848359451 32.43401012990125 4.093115342769762 0.0
544451 149.741566686482 1.91427890017921 5.136814047731521 0.5751635767866992 6.723669901561841 0.5530710837177054 26.82979382554467 4.938837579383821 0.0
544457 149.752957493706 1.91340334809776 5.242739687576431 0.5475018089793592 9.376771379822396 0.5394603963000537 26.3179749843274 5.213319165341055 0.0
544534 149.684673826527 1.91522503685818 4.52500271786476 0.5870699547996867 5.605621907443215 0.5645676336060267 29.60222310560933 2.518218978277431 0.0
544676 149.839862373757 1.91641911215357 1.9125386423660276 0.569603949487146 3.7886894281943513 0.5495512466271778 22.296168006456757 1.145416758584626 0.0
544677 149.726714029372 1.91626459295573 3.883067735174815 0.5887894230049706 5.661814223348538 0.5642704810900582 27.479069875565713 3.9169073462328967 0.0
544734 150.955935134427 1.91663793401895 3.715783796196761 0.5819292320457286 5.792707730587259 0.5257159142817681 53.73516202284974 4.830145570058341 1.0
544777 150.173076616832 1.91685361679462 5.094700294751814 0.5179433100734206 6.283656787624712 0.4974885240540939 16.497981687016313 0.9945624698153132 0.0
544812 150.727698145617 1.91735423922808 4.084456099406154 0.5541824354275134 5.06065464847571 0.5300822072717345 40.848863326309235 1.240065875468383 0.0
544872 150.213132101453 1.91809207904363 2.077388629524448 0.5491745638506926 4.282826198568242 0.5316582950487133 17.223296818926805 0.9209141561939899 0.0
545172 149.633617251886 1.92066256418092 3.553395186755324 0.5595791098102152 5.254459945230262 0.5371553461979583 32.05943365714176 4.388227846796636 1.0
545616 149.789133754574 1.92392517454364 5.381538806295969 0.5553701717125624 6.976076486585548 0.5362818120533909 24.23046268320376 3.1953293945643213 0.0
545823 150.578845040104 1.92575660338924 6.246979092143665 0.5916491968328413 7.986755182826057 0.5762210647775855 32.5678922322748 0.6802302766522866 0.0
545829 150.970573883121 1.92516671191252 10.090454003593425 0.5891876343232471 12.192337178452279 0.5290410275011201 54.42695280515504 6.076544666136319 1.0
545876 151.03011176931 1.92591527853597 5.405599558915972 0.5934800771817423 6.566935404817001 0.5221308859620026 57.84778340692734 2.7269711252514415 0.0
545899 150.665619458831 1.92663991670647 3.7282861425853153 0.5783363347804273 4.715659264083521 0.5402350684540846 37.2142301241712 1.4260606191912588 0.0
545967 149.644343984147 1.92733928769856 1.7908389397189906 0.5460176808017857 3.2474953546536334 0.5326068061887088 31.302464475720157 4.4177897365080145 1.0
545980 150.656792955241 1.92668688786056 5.347374636364892 0.5460026582511313 9.112802912045039 0.5367095916719895 36.73136708773363 1.3473438067019863 0.0
545986 149.845526791118 1.92759303356623 2.9712041608013466 0.5411511457332281 4.296396609832415 0.5212937522924608 21.58064954769613 1.057629903362613 0.0
546142 149.668997799172 1.92890976596933 3.258651913546888 0.548434757298227 3.5990550567581843 0.5265321244380745 29.97299854751424 3.210474854499921 0.0
546235 149.779132359039 1.92850686144444 20.29943372232213 0.5721864667056882 35.51290989504281 0.5521889741517133 24.523348912815266 4.034796913791942 0.0
546633 150.06643005616 1.9330120791577 4.234982943864247 0.5622866707908856 5.4878751908007 0.5429713489449614 15.070969223540418 2.435796362849512 0.0
546658 149.893140166986 1.93352292701831 2.3904429640478297 0.5944248582448078 3.161529845114815 0.5766488701482005 19.391142689615958 0.9075854800450563 0.0
546907 150.459569346853 1.93548977706961 4.122844823229538 0.5695575057295368 5.6303448731621115 0.5468654658402454 26.143960753678385 1.6992177085933928 0.0
547104 149.858367514097 1.93756250348928 2.8531114658199774 0.5681549444786953 5.356154657558831 0.5492820092968675 20.613582971482792 0.9454555644537365 0.0
547190 150.967382052737 1.9379640753915 2.9989983892390173 0.5556171410993588 3.7934957845146866 0.5076410890882566 54.03015171381142 5.1848270132134955 1.0
547302 151.011991549398 1.93911135901727 1.804528634322619 0.5576587654049615 3.632136869444598 0.5154899044971467 56.59180091836874 4.491215483240383 1.0
547335 150.940177378696 1.9388053154103 2.26859516155511 0.5438800275539933 4.683015364434115 0.5236382287314958 52.447727699971374 3.0826328099776967 0.0
547440 149.646856776249 1.93900958166071 7.280756188155427 0.5648269258064366 9.015161567080492 0.5479975759803793 30.833834459422288 4.90435353174893 1.0
547463 149.997902669353 1.940744453223 3.9769007432103423 0.5860902199050515 5.218984482629706 0.5594467164067108 15.713563432064628 1.7208779254061435 0.0
547496 149.660286325197 1.94095448866361 3.212178472969391 0.5483650624843074 3.57012434033761 0.5316964209088304 30.07034597684345 3.9860177560391343 0.0
547533 150.880818664817 1.94086390059464 2.823380634253279 0.5808727139144633 5.772999068720239 0.5689703785750514 49.00232922715757 1.5639035407069093 0.0
547592 149.623226243819 1.94170964852664 3.242307546592005 0.5638967925286189 4.1160243373351335 0.545442769948297 32.016137168017494 6.451427206871699 1.0
547637 151.078099456986 1.94180721870348 2.922232903403817 0.5782223227240589 4.262322056918028 0.5169278584587469 60.39185864141492 1.2988482490571405 0.0
548323 149.63151098966 1.94780968035364 3.422643058086034 0.5601529542122826 5.965553075003267 0.5407138628169533 31.407910671623117 6.60960423565478 1.0
548357 150.48945632018 1.94823002294958 1.604529591370118 0.5275191979633014 3.222913767504169 0.5175967542058671 27.23904132197927 1.4445321271436125 0.0
548420 150.598745234399 1.94879471811452 3.323908308261834 0.564910679005057 3.9372643985777573 0.546129576222747 33.01538752521973 1.3364671584321886 0.0
548513 150.57263330777 1.94955369479248 2.1630294061378517 0.5983438473565947 4.481522189496477 0.5862447280942095 31.58401064186831 0.8992014967315818 0.0
548566 149.608532552957 1.94932734450826 6.613132848159912 0.5934199963615621 9.102988818636984 0.5719935365273969 32.60694048589741 7.110305991206951 1.0
548722 149.611358320761 1.95133115705147 2.185966469527047 0.5950004183184929 3.1691215395170587 0.5694382412070051 32.40235233433965 7.419108310242361 1.0
548847 150.929952114561 1.95085827305091 34.499334998290266 0.6145325863048492 50.06722715800228 0.5936872668181029 51.66013255991222 2.699059690343028 0.0
548921 150.930915957123 1.95305473107055 2.0565270498881314 0.5941480369090427 4.207546230668728 0.5654718126499791 51.68059806330207 2.717623358637554 0.0
548937 150.123736823962 1.95145932900886 12.027265466433603 0.5528293541286262 20.814801098725773 0.5319273392389015 13.902155594908324 1.9413743528542473 0.0
549021 150.76742891628 1.95332682862096 8.093827688716434 0.5958901914967819 10.053378568220783 0.5670627850923735 42.3051874250764 0.8611272405237281 0.0
549074 150.65992483311 1.9544468869052 2.234617487726004 0.5586475666420614 3.5671821724764956 0.5413113739749184 36.24229530176234 1.359705888302832 0.0
549145 150.028854217583 1.95531213715979 2.787470091337507 0.5242551585838456 3.6301011725568864 0.5039151199833369 14.25139865434924 1.8439547030050107 0.0
549176 149.807653695584 1.95533973132897 4.8893445105108215 0.5383046316895115 5.348558585313818 0.5249889734899303 22.184149888412232 1.8965786561030538 0.0
549220 151.026695903443 1.95564571776465 2.994987049165582 0.637507058804002 4.88184372072608 0.5313067156463163 57.20036837628369 3.5122823554681144 0.0
549222 150.519434933163 1.95594562990325 2.1960330614548265 0.5721135515419353 3.9937471972268286 0.562729544815315 28.572325287101208 1.1355955628850107 0.0
549248 150.825747467331 1.95427042427361 48.60006847852827 0.5943558887959227 54.30358577457674 0.5575554625783689 45.610191208546 0.759894943011151 0.0
549413 149.612864254803 1.95637659520472 7.4697524890079725 0.5920931753318721 8.498630199540552 0.5711408743920322 32.192246523534564 7.819342184547829 1.0
549524 151.015508070106 1.95811243931571 4.962432595543825 0.6012232507071108 6.2145502218302795 0.5495949735508379 56.51353914143404 4.036755339900863 1.0
549599 150.084886487109 1.95818126856578 9.052331641112998 0.5340914668199404 14.725411083987526 0.5145016451200078 13.45633991021932 2.719659210348264 0.0
549741 151.018072384173 1.95948345312442 4.191547275508341 0.6013705061744777 7.595129721217289 0.5518406395033688 56.643441219050345 3.8684253304242984 1.0
549872 150.923376708874 1.96062917609706 4.742990136492089 0.6236220138567369 9.012142658210832 0.5985736089010346 51.12490050502631 2.56208351290884 0.0
550146 149.93296193352 1.96222931556286 23.040474473410036 0.5740136243427767 31.562116674707188 0.5559073206598112 16.556080273548766 0.9107133816445451 0.0
550215 149.96717663555 1.96434076600192 2.604581846848707 0.5469422747107008 5.185811765325789 0.5282645398299407 15.293563172807113 1.4373271733577542 0.0
550363 150.509458243766 1.96562317916445 2.36536312688719 0.5732167627019467 3.7702278077161666 0.5563532554498941 27.771070084857868 1.1209266727887641 0.0
550486 150.347885646283 1.96596312483643 8.969121854837356 0.5821809044126708 11.385268987928757 0.5628572876921207 19.71935166757849 0.9318022206596273 0.0
550730 150.866068143146 1.96900099233261 2.519193826275188 0.5598341433515843 4.9506354681213685 0.5372956431827055 47.67772700619588 1.2503367146109468 0.0
550804 150.996816956913 1.96880746712126 4.963906898476417 0.5726109014430562 7.6757688124667975 0.5357703898858828 55.2733952484959 3.633519991296308 0.0
550829 150.864977660917 1.96973930915622 3.8924533150318097 0.5612651751133113 6.546173614243807 0.5382647173077084 47.60285785356192 1.234821185740391 0.0
550957 149.612113979489 1.97068983128909 4.268134544514807 0.633154505402593 7.113798140943519 0.6097742681221856 31.881888098426444 7.552750418071187 1.0
551023 149.611682685709 1.97096466212304 3.818188105334198 0.6285631940790317 7.6361179179450085 0.6138213648702394 31.89906903703971 7.520470725783675 1.0
551191 150.713916365825 1.97214933575887 15.121536324162703 0.6125034351598136 29.396347640316346 0.5948349698041003 38.90350145171786 0.5807306713542417 0.0
551255 150.373574905691 1.973888838964 2.832404269521319 0.5544748762680337 4.479033385882145 0.5361496398297833 20.613461398455968 1.2340707222831435 0.0
551437 149.767692040202 1.97501126416501 2.6570728254526905 0.5501333355415128 5.180784199185523 0.5331014766696203 23.47714542319948 2.5838660157920916 0.0
551464 150.730269058543 1.97574119577839 3.4334521707755066 0.564343603134267 3.964818540967558 0.5434565555598863 39.764916706695274 0.6003731050480733 0.0
551691 150.111979935035 1.9773780750293 3.6703272383625096 0.5221924336957076 7.156560780353692 0.5069686138108719 12.294983736318937 2.5468725868444317 0.0
551785 150.07039156397 1.97882418114158 1.733113529027885 0.5019562465911599 3.5025909652183245 0.4853671787465486 12.315845110377994 2.4888158006494874 0.0
551877 150.74169735387 1.97955992213691 1.9930913356008852 0.5484021229225514 3.5825697747701626 0.5392031465333263 40.34712134368587 0.6583329573167793 0.0
552136 149.770777960343 1.98207225698844 3.2900358185432643 0.5399625773008426 4.381731323732215 0.5307148313039106 23.09749669863199 2.526115452212458 0.0
552568 149.72061081637 1.98577701094163 2.0635849049926875 0.5760855984240345 3.8807916432150384 0.5570554485540773 25.612857954511064 3.0396141023086805 0.0
552691 150.892275922696 1.98656925770251 4.592581686928887 0.5575237473208166 5.2641481112786614 0.5275382299625021 48.93005370007977 1.6114240415468044 0.0
552848 150.652949046434 1.98792081849073 2.5925687887696602 0.5597164464952606 4.9338387154963215 0.5437114618931312 35.139354045537324 1.2899009209974914 0.0
553090 150.286744207731 1.99012565588389 2.0692757143124973 0.556131076954467 4.064490561176642 0.5370919318578448 16.05732818046012 1.0040703676929394 0.0
553098 151.057268376871 1.98986445787147 3.2286341916427115 0.5512007628196768 4.408742613618625 0.49376072655601766 58.54360149661391 1.446803448833717 0.0
553119 149.704518180747 1.99008911422323 3.3877579089548906 0.5587138234458113 4.655034124854147 0.5325039912636716 26.359534461925463 2.9384574865497024 0.0
553173 150.214554509707 1.99099853968725 2.21374645709971 0.559403358762285 3.372225503073626 0.5412802526632321 13.358008952734787 1.1649684953020178 0.0
553189 150.643933112387 1.99097765320762 2.627325383835484 0.5657509634737253 4.953737298483479 0.5594611375358332 34.56849367480264 1.3934732755566714 0.0
553339 150.686103712382 1.99240868140335 2.97985490687351 0.5781209482700008 4.381189758829639 0.5558509623721608 36.937074086665135 0.6330052252908914 0.0
553545 150.030088285011 1.98854835920622 9.675804050500156 0.5439301825222843 15.19308057581913 0.5235803381988762 12.337730121583645 2.2557590803971785 0.0
553661 149.607998740744 1.99491232209208 3.7113973265020324 0.6085943442608917 6.566916090804784 0.5962254885516945 31.562770098109976 4.053333200734523 0.0
553664 151.027355882766 1.99470491531219 2.956856424925463 0.5274536117700213 5.4894993704681 0.49404631641667196 56.727923954702874 1.9376233632179072 0.0
553778 150.003226944477 1.99641326321273 2.973266588281967 0.5334908502074328 3.604872050957814 0.5236279794290124 12.553398032358377 3.721194132995869 0.0
553843 150.616698065173 1.99693491038044 3.026452279029402 0.6068381906195588 4.171488257459697 0.5971469343225694 32.90989289654202 1.3389183550802797 0.0
554151 149.811195464851 1.99989759042208 3.989094709203825 0.5774227982603083 4.203059585630632 0.5578618729441936 20.47380895408769 1.7126801446751243 0.0
554237 150.412433000056 2.00008005364059 7.990673480864637 0.5911758811815309 9.752043924806873 0.5712520200943391 21.67976936356307 0.9868949511270642 0.0
554453 150.185938340019 2.00268915439339 2.8474764096154357 0.5745302073349589 4.826998106512635 0.5575116197706355 11.925972688883233 1.3787745024626792 0.0
554622 150.981211499875 2.00378479174084 2.0229551763317213 0.5418683401200937 4.11529285131242 0.5241749522550085 53.90786448963366 1.7624134656440724 0.0
554636 150.227054445011 2.00345475130074 4.240770452005226 0.5787792939409143 7.4707791575174065 0.561553617619464 13.142583836977352 1.3727549996743078 0.0
554809 149.613323393146 2.00566217895029 2.3834057620603386 0.6442442218414332 4.846947678492047 0.629250260522027 31.03880681247587 2.8609942964430584 0.0
554929 150.561499080406 2.00595012160144 6.029777187269226 0.6206797624772966 11.19022373158985 0.577304902763184 29.617819373788635 1.251939156222819 0.0
555089 149.775088816447 2.00834144065322 2.87957892462638 0.5706778730956292 3.889737378633802 0.5531862081065291 22.091418386877326 2.9831562692193074 0.0
555315 150.978915135707 2.01020280642664 2.336023854728177 0.5424177254559357 4.56246283685674 0.49996965356757095 53.69758677499591 1.5672966796822612 0.0
555462 150.92142480448 2.01116034637986 5.968994574460241 0.577571510969886 8.425984405387325 0.5417264964775105 50.30714157105863 0.9366249215790353 0.0
555506 150.868215749097 2.01189455699346 2.4279943481855417 0.5460235016539209 4.113333122872763 0.5328682535340914 47.17853984358729 1.376874756298631 0.0
555871 150.221496961967 2.01563530063108 2.74489732154344 0.5907333841146905 4.29208688114623 0.5740815357601933 12.354819446771192 1.6816903919108657 0.0
555884 151.003603369009 2.01476969743743 7.00679027261403 0.5475509547868249 9.62203358296681 0.5084798708868411 55.1004926483359 1.5388667143668255 0.0
556105 149.828237181522 2.01779068002077 2.2222717908525422 0.519227777218651 3.390864554944048 0.5000648845238107 19.04017351554056 1.3264553029906545 0.0
556191 149.773229247989 2.01858599403699 4.012789911952593 0.5419785637772769 5.058314047715126 0.520380843314986 21.90793990468382 3.359812858410047 0.0
556254 151.079257388531 2.01886475514966 2.358857008731644 0.5585354433698754 4.789555447387699 0.5117932926907975 59.525661240248915 0.8114041275348339 0.0
556470 150.258634035695 2.02096958898196 4.792593799029656 0.5907998353501788 5.6848559686839515 0.5596853088376362 13.555725999605023 1.2953786690104807 0.0
556594 149.704387603909 2.021597971474 3.648080715290126 0.5545367255911876 6.148508918534827 0.5333074412959063 25.597546164001532 5.2939767099431005 1.0
556677 150.008118662732 2.02261227198531 2.6362954549096425 0.5519596620555705 4.577011180939522 0.5363579478895517 11.03373008285325 4.548479721050886 1.0
556691 150.006351886852 2.02269894101576 4.203275001246896 0.5560699697383505 6.558165555669497 0.5362115734289603 11.08252003840011 4.542310179361344 1.0
556700 150.165138520647 2.02287958121777 2.0553112971990886 0.5750780514413704 4.257605317614382 0.5554638709393002 10.312138469046555 1.8214724646798583 0.0
556821 150.79683074625 2.02370473670359 2.6226168079210015 0.5592388637846691 3.7356742672987875 0.5441461559281037 42.846840351152714 0.6538815930505472 0.0
556835 150.226302428546 2.0237122064637 3.6225323201930917 0.5854258496254702 4.54492828896499 0.5684897944470504 12.144370039317142 1.8402812740617562 0.0
556894 150.478358602646 2.022866148571 3.3881769457639592 0.6016636245748892 4.894051850328522 0.5850470919486261 24.612317389237155 0.860842189843277 0.0
556934 150.244612864802 2.02459420127827 2.405644173247591 0.5518082642861047 3.725172981336036 0.5281795968042088 12.818645516970953 1.5875318131017153 0.0
556978 149.76893319297 2.0252343198224 2.438393269883541 0.5521328535041601 4.920763515505401 0.5382335444919895 21.96488043890656 3.826735382850237 0.0
557098 149.756244149616 2.02567438716274 3.5255684592730954 0.5398378437623969 5.236544525017584 0.5175253953687281 22.64386757363914 4.831259274448175 1.0
557102 150.979564163911 2.02596667329466 2.5683709066629143 0.5172870498155274 3.8213247009183005 0.47727203242583804 53.562190680092996 1.3162517074865847 0.0
557674 150.148142221891 2.03107901145 3.0879981816012188 0.5612318997527734 4.1981301346724305 0.5369778246736644 9.501037351595295 2.196225441100426 0.0
557999 150.145791618254 2.03384393618346 2.3049348618223515 0.5185082676994118 3.3852313013806454 0.5000687473262542 9.300540928946806 2.2615173511490925 0.0
558358 150.666401511397 2.03687471711054 1.9647396532665884 0.5780580141359497 3.4240496332157853 0.5599757272013449 35.058749250839966 0.7367121429356303 0.0
558715 149.694937113593 2.03977090209078 4.392792329769026 0.5568493250027766 5.246801424345745 0.5326487175952205 25.74178838920008 6.7013882416152075 1.0
559251 149.700112525932 2.04442220548083 2.09753636326921 0.5327511471098074 3.3825225755471995 0.5147986431238786 25.357000651861615 7.3449980443732805 1.0
559350 150.551111156536 2.0449311964515 2.9918125981175336 0.585821544086712 5.259593609677641 0.5708686627038405 28.269937531511832 2.178190082881681 0.0
559998 150.011107091524 2.05082511947786 1.9493425227268941 0.5313291361271029 2.97778289964283 0.5127776635134765 9.50265265510891 5.066463717884892 1.0
560000 150.186953923567 2.04620791615969 8.798776258642603 0.555999254379187 11.610085377739857 0.5345407826120756 9.670074986361957 1.887133346217582 0.0
560047 149.702486619386 2.05064522516664 4.2560465480683565 0.5444782003051372 7.030948110335446 0.5221144690516178 25.102727944637458 7.616551322559612 1.0
560076 149.703316884333 2.05136153745917 3.003449290478504 0.5387664431499943 4.043115872615751 0.5202797408990322 25.041980579211977 7.619825354313999 1.0
560115 150.478681342919 2.05154154464693 2.042318503660295 0.5598641960036381 3.7360986605272446 0.545911714164935 24.015653423155296 1.0678642933915505 0.0
560120 150.03933630581 2.05138644079854 7.494287194611781 0.5949491648851017 8.97848168267806 0.560646824745858 8.636760711823237 3.5299551809615455 0.0
560290 150.118135917074 2.05195439831216 14.43171706380681 0.5589127895959848 17.66149889405548 0.5366502590264577 7.874842772308288 2.0547418568087616 0.0
560514 149.726068124458 2.05499037956731 3.289106750175568 0.5715385799960002 4.438229316070897 0.55195696136095 23.679200282888313 5.805294242589313 1.0
560663 149.866818474921 2.05337155158917 7.276801064733552 0.5473564483362571 12.062008026650549 0.5260999927287229 15.968382708070457 0.8809003130005999 0.0
560746 150.528101006491 2.05657147339624 5.831328029417128 0.5796730520477112 7.9398642376844615 0.5614069598866934 26.748034892898342 2.6104138816604388 0.0
560777 149.712680288722 2.05717557820412 3.607136193982033 0.536456820784526 4.050395581340644 0.5240853352383199 24.40005798728176 7.011646824876833 1.0
560819 149.720198049909 2.05752521884778 1.98414547142204 0.5696547266601274 3.8824756963203124 0.5537304125907742 23.964893736703065 6.264167301138493 1.0
560999 149.843927437747 2.05911462235025 3.827865326775674 0.5636291762347759 5.026338026608197 0.5319149138910415 17.030967896126143 1.077753632684038 0.0
561121 150.64495372394 2.06017472662284 2.682944717378358 0.5510529298277941 3.953247773768289 0.5397779315369154 33.48169403832277 0.8941179995655583 0.0
561273 149.574257989746 2.0614932543935 2.022754568124823 0.5975535712682762 4.089647062089778 0.5879496145806619 32.34073396850165 2.9266066833098576 0.0
561410 150.447941162178 2.06268758513932 3.035260884961423 0.5633572137006925 4.479279961438121 0.5327458670766739 22.05513621922179 0.8862898398051061 0.0
561628 149.717047097352 2.06403920178425 7.469623535786401 0.5750291759553183 9.607449829861633 0.5567148395106197 24.026480326100405 6.128165987238572 1.0
561724 149.995027494193 2.06226374558577 6.227443355066032 0.5482924877052608 10.803774940295664 0.5334930232012991 9.54878528730817 5.26320060145819 1.0
561795 150.591851113352 2.06608996394126 2.1797272710203455 0.5762059749887587 4.205716549911336 0.5600726191626354 30.298953660396638 1.3028373202634047 0.0
562046 150.773781267258 2.0680551325684 1.7360712768588542 0.5656948057235136 3.594031610940525 0.5537857407977729 40.972911497768486 0.10389869111679138 0.0
562098 150.153443800112 2.06848901362993 4.231714755476904 0.5512314176974372 6.904547428618732 0.5333326267678379 7.5238291247388185 3.536977151848074 0.0
562324 149.999412674266 2.07044263224957 3.429585930437855 0.551453902078135 5.290198722197379 0.5298427521482635 9.007303904097089 5.503637689102969 1.0
562698 149.8125549793 2.07399370119975 2.6932375407692435 0.5454248940573344 4.784847463769592 0.5263050946624633 18.411697743270103 1.6086216824870903 0.0
562784 150.018713444089 2.07477137037999 3.4474913073641797 0.5309973030987974 4.873586207942663 0.5170556785916015 8.068707691817504 5.417909849860079 1.0
562805 149.687386240707 2.07389423830328 3.91230940719209 0.5568107264528646 8.043451723210335 0.543038046667152 25.57507923814224 6.522227894090077 1.0
562904 150.592018730151 2.0757558685056 3.5356949890187894 0.5711955780709167 4.252344180686368 0.5653065877134635 30.18091402364653 1.1426203066425777 0.0
563030 150.043547857806 2.0759476326157 11.89206815347244 0.5790232129478615 12.021079832120783 0.5623480673220055 7.204441047290259 4.250636500944363 0.0
563087 149.700161063991 2.07627779656043 6.023647048551513 0.5815480870804413 10.72387287175237 0.5653286056873913 24.797928857186236 6.348173659441613 1.0
563139 151.008125753313 2.07711323483622 3.3258911877641353 0.5541797351837197 5.092647923433553 0.5073677700633644 54.811995041981326 1.2345634131572185 0.0
563163 150.333749515152 2.0779645395384 2.3889148909052236 0.520218984678486 3.6955079461709572 0.5029700338615081 15.341140854658013 1.7537840576784482 0.0
563194 150.156390929136 2.07808751454196 4.133413334830814 0.5563989255540271 5.428225022908061 0.5404387669029372 7.089604958517459 3.5879864062372087 0.0
563225 150.992350989218 2.07697418306007 2.7329443171663814 0.5408035249111238 3.8015834627506733 0.4891917780738583 53.87349766082686 1.0911669998561242 0.0
563294 150.161807606222 2.0791293116067 2.4333302947208777 0.5500237210586073 3.6874952063023745 0.5398495993982502 7.196461858285773 3.495615393949475 0.0
563323 149.503786219253 2.07932215340991 1.632849907748574 0.5661917985925002 3.1850049968843868 0.5571449625627007 36.27449223783438 5.825405376727577 1.0
563509 149.994290386549 2.0805954568992 2.6283761948601914 0.5405396033264886 4.314490877798226 0.5258308069024451 8.783533191647049 4.831149718602063 1.0
563631 151.012398901992 2.08084530170869 7.501792954535666 0.5534217698937743 11.102632368502574 0.5103587379953476 55.04132905511604 1.3024114115904595 0.0
563634 151.002270147365 2.08159037532588 3.1787383724803364 0.5333555755999081 4.91944398219071 0.49383405542240294 54.43278863403988 1.213465304340759 0.0
563686 150.345900618144 2.0818763513893 4.921798875320334 0.5470457097682906 6.692557603081275 0.5196104073676348 15.919464728957035 1.4237910212500748 0.0
563752 149.793782697636 2.08220924358023 5.6618158199735475 0.5266999448247518 7.01174096898567 0.5046866632673886 19.310899007688427 1.8165194508476572 0.0
563911 150.316756254924 2.08350299000987 3.759439464027832 0.5472802289054233 5.342172085273938 0.5272860147149594 14.275576767647616 2.1855925800020497 0.0
563962 150.297051340831 2.08419011869809 3.3426645060543585 0.5331082212250858 5.989275961169547 0.5137971987143993 13.190633553662881 2.223873820371898 0.0
564056 150.24023215907 2.08529375635803 2.926333075057444 0.5141784126382271 5.852833666980854 0.49673064221468394 10.213958439399805 1.6547403499611821 0.0
564105 150.383985898973 2.08595324923736 2.117261248906493 0.5388476333410068 3.953616928921804 0.5290371003186358 17.975028905080276 1.0567265401401675 0.0
564452 150.015941398499 2.08893029878907 4.107580251193696 0.528352187668132 6.24893598786153 0.5133024509774391 7.519814077061235 4.986006184247427 1.0
564504 149.916668099236 2.08957234207813 3.1877169417198696 0.5266412014282386 4.832290532140441 0.5161709423199478 12.310459474543794 1.3483618891767228 0.0
564851 149.658667351598 2.09180769729822 5.974957711352316 0.5704851371410863 9.60977304801122 0.5529264603942217 27.008552040610144 4.636389011663937 1.0
565312 149.636170831155 2.09593054047773 3.585967624559526 0.575252051029707 6.398294463340554 0.5551879123327382 28.285158368942607 2.923829093125503 0.0
565420 150.071811958508 2.097580563016 5.565110895577346 0.5512965333290809 7.398919958701756 0.5358598523904736 5.33653449917222 3.954091123377334 0.0
565830 150.120087275662 2.10159592292786 5.390084999181996 0.5838230762013047 6.639096417263571 0.5640710059718771 4.969079566392295 2.879507796581687 0.0
565946 150.069940612196 2.10160584082797 14.758596419779428 0.5799415639988379 25.56454161124792 0.5645518604960491 5.146236017546893 3.9346390100985635 0.0
566068 149.678411163853 2.10262121202647 4.616541813545237 0.5578397701194833 6.425667697815919 0.5301302605341314 25.721806923132966 5.0753259578535985 1.0
566197 149.657658680783 2.10441888058113 4.191815482758 0.5606582030217676 6.902877410362335 0.5411361572560823 26.926725967876273 4.266690781948665 0.0
566302 149.983038554814 2.10587493065797 2.650362751328129 0.5514818338335991 3.9670572925037146 0.5290060562629985 8.367236916484991 2.567055910082739 0.0
566354 150.363896490815 2.10634927891164 3.768165071211351 0.560722987157334 4.921174260165224 0.5375964524849871 16.45996893979141 1.2081508033226869 0.0
566460 149.989817084765 2.10515502063278 11.19463865726258 0.5715538917109562 16.542689670335324 0.5528470282999757 8.054294223304176 2.894610167964055 0.0
566479 149.648366808705 2.10728540963596 2.7698794040502444 0.5533504667949486 4.9704638768641365 0.5397829918081164 27.447022029569954 3.61434240750295 0.0
566614 149.800440797052 2.10848724241783 1.8889791527431063 0.5165009864730535 3.033777955103372 0.5035298955716573 18.493819002759427 2.2136969913680478 0.0
566893 150.0366692115 2.11043348632479 4.2490597685287606 0.5558108336862689 7.358003223819238 0.5456186562195566 5.729601174001539 3.517513421309425 0.0
566948 150.569526275971 2.11098767158106 5.685641096156597 0.5716953288898764 7.212501627819944 0.5520119290397206 28.47191251023479 1.593226796118523 0.0
567121 149.639523205283 2.11279829679573 2.5722286874632134 0.56055301436609 4.113913315799773 0.5357394617143187 27.91917658259103 2.986230767172593 0.0
567136 149.836831414689 2.11229524806245 8.422221070106769 0.5245454450094221 9.493559348898438 0.49174179423091063 16.323031857408534 2.4677228753832914 0.0
567211 149.682166877392 2.1133277872611 5.021995206581079 0.552425344316836 7.132373199053461 0.5337185593599655 25.388407522199298 4.114221767953339 0.0
567319 149.72725676381 2.11461789573854 3.6358010594624384 0.5522394158290661 4.86818665392709 0.5348243895674756 22.711021219120227 2.6928661793071713 0.0
567500 150.143831761531 2.11591247694015 2.7531451000647005 0.554040365834198 5.462145321244872 0.5370096670418069 4.754311005410065 2.7355695235392243 0.0
567659 150.173862458882 2.11710450760339 6.8588109463674085 0.5248061579583546 9.526544720283848 0.511441224000091 5.894738030850133 2.0500567276834185 0.0
567933 150.33136954834 2.12003496763476 3.7632672952331863 0.5239999515952225 4.5983650103672185 0.4997023862665068 14.36110171442268 1.9007417855465853 0.0
567975 150.294178016733 2.11996312336027 2.715918886636681 0.5261344802442588 4.592010314067457 0.5066369922210996 12.221996777856964 2.332286040207637 0.0
568044 149.706451661411 2.12089778003125 2.8213648951781916 0.5438789155512513 3.993804752983236 0.525292370869849 23.878846908647397 2.8042033726327658 0.0
568060 149.77589626304 2.11914890481921 4.9853542077232476 0.541274557956095 8.605182514701873 0.5190597520033092 19.794416001399934 2.485434528246931 0.0
568367 150.745970121206 2.12369516537809 2.044722068100707 0.5754645003706282 3.5476952354697313 0.5555719779036848 38.88821685690915 0.9293431812799965 0.0
568505 150.553639737227 2.12165690793602 8.613925839272598 0.5964318532888219 16.360495442685536 0.5797251416341438 27.438667055667366 2.377655720939 0.0
568580 150.796444978072 2.12458266258957 4.818461699392798 0.5545957161207739 7.099752347458635 0.5302804977971662 41.89878679655444 0.07671790702342779 0.0
568669 149.950916230495 2.12623635730462 1.8805959701201942 0.5224685141975485 3.1797184942203276 0.5083155987749282 9.543199251378605 1.7065893165568815 0.0
568924 149.60378799053 2.1283407739778 4.130261082020807 0.5564595300639241 5.961526876016432 0.5339360480135413 29.924995366333828 1.7725418288904247 0.0
568959 150.766707954981 2.12861004830951 2.2812481572389585 0.5655406449357372 3.9642141411452347 0.5560647942394236 40.102060050085775 0.6076541520507018 0.0
569126 150.18440176504 2.13023898229854 2.9430904270975673 0.5517059942524419 3.7920510964008263 0.5327286776058004 5.935764953759118 1.8586828249318332 0.0
569384 149.974292397118 2.1321067233307 3.1706358868349827 0.5262860419578279 4.99247412518706 0.5058103396221876 8.108620415759757 2.0663145099348257 0.0
569390 150.26438047252 2.12941523688714 5.5911876447925986 0.5397001662796654 8.847586759078442 0.5192149207774636 10.347525651006906 1.6005245944632123 0.0
569681 150.989813656433 2.13445661973022 2.0911105914044876 0.5674150295952036 3.7063929371764273 0.4954122677407257 53.42697615093171 1.0972586562042836 0.0
569777 150.742448438125 2.13539558106005 3.8553322342102936 0.5416967943743982 4.417295373268807 0.5212057834048147 38.620670654135246 0.9637623420336872 0.0
569830 150.491053955639 2.13562710194942 3.6704828320449328 0.5557670309955816 5.199383206670615 0.5386493880510378 23.610704609609023 1.4926381720456885 0.0
569850 149.919802609447 2.13525220485596 3.6939158277638384 0.5221265463913488 6.846838318953938 0.5034599015913815 11.161483121030274 1.6388625574248614 0.0
569935 150.38404622263 2.13666495905445 4.407289556099471 0.5556225727687202 5.82390385188085 0.5320096169309474 17.246002442581734 1.1218674722991162 0.0
570231 150.342471854528 2.13873473859416 5.6807962276959 0.5212750613934527 7.170447426377906 0.4941719862561664 14.76733134116581 1.6355874051580248 0.0
570379 150.464232722095 2.14039014515136 2.07946520773802 0.5770869554955403 3.597030433237477 0.5605158113629836 21.980283058715937 1.1509755540084181 0.0
570484 149.742406178814 2.14100628734815 5.644990868890663 0.5650524026415894 7.181481521557694 0.5275623080977332 21.580605379277735 2.111699431310116 0.0
570559 150.552387558541 2.14106932783457 5.268103878500943 0.5689494655790811 9.28113482932601 0.5550420014084401 27.23459024838857 2.3541937023189448 0.0
571206 151.038080247821 2.14655944946162 7.204252226921657 0.5767790989192527 9.242282247309205 0.501166298260527 56.284720260341295 1.0341150496231075 0.0
571473 149.789718117904 2.14921355593691 3.074313302624636 0.5369978664587036 5.21500347843146 0.5172086069403387 18.70698433859917 2.8965959946231195 0.0
571620 149.852950515103 2.14984793568006 10.21179467162935 0.5535087014499808 14.319006926510264 0.5300424847866074 14.937042756905646 3.5834828192127786 0.0
571624 150.020383857523 2.15096675743235 2.7758957188559577 0.5161933897070652 4.007381215971239 0.4957224250249205 5.122639884616737 2.9178761961518966 0.0
571713 150.74272125389 2.15031531835462 8.050975895825866 0.5431664622400375 9.419636125977156 0.5200228774125492 38.58241884382244 0.9316748347369435 0.0
571979 149.730383547873 2.15381260567048 3.2693129778947103 0.5570275350343132 4.393686439774609 0.5393531906562391 22.225301582348642 1.9239271539997909 0.0
571987 150.737010047484 2.15287737415132 17.03353327286607 0.5785607476207661 19.132280238421068 0.5490798559689922 38.23305680439989 0.8692800829894478 0.0
572061 150.412309049289 2.15450270173682 1.5256498778735297 0.5196125998375498 3.144238911297166 0.5038959862352337 18.797376307278775 1.1489623426895692 0.0
572238 149.881209164745 2.15598829056124 2.0171104987145796 0.5373232018850337 4.050430604082798 0.5178400850077899 13.210166663215325 2.691806140079865 0.0
572320 149.766998409082 2.15663268388562 2.2651012567449857 0.5570976082885534 4.356296057242742 0.5437616783248964 20.02345370221598 2.511273203510439 0.0
572325 151.073059723357 2.15634712837492 2.359773007951073 0.6161733858144077 3.8456461927032373 0.55149191857478 58.361958662464836 1.5598303458787994 0.0
572529 151.068409321659 2.15815008431006 3.11989457747378 0.6192297971883466 3.6193849860181966 0.5586821004150412 58.08043724790359 1.5208686790610049 0.0
572577 150.279496169471 2.1588743376649 2.531103824785043 0.5347065813361273 3.105843942609832 0.5160043525265687 10.850696629250473 1.5613534003461622 0.0
572903 151.085442595374 2.16121248481573 1.6928937724662527 0.599812638837966 3.443156985502437 0.5700407096281058 59.097184632833866 1.919107945191202 0.0
573098 149.815419390748 2.16269144176452 4.125636341795356 0.5573383010557966 5.68292340862148 0.5455860026629011 17.10162520589192 3.075514337055231 0.0
573112 150.519018503203 2.1619983186022 4.281946123411536 0.5809981870895956 7.652919820973313 0.5625684788294302 25.151536604173742 2.397872958145605 0.0
573138 150.071592307193 2.16304919467113 8.412629667259578 0.48783678338772873 10.46811994097188 0.4726619064696313 2.046050841760944 3.4369316329705626 0.0
573215 150.464666424361 2.16426508582165 3.494679559533842 0.615339631318851 5.705376977904835 0.6025185989044993 21.889966525360396 1.1432893313396815 0.0
574022 150.892503791937 2.17104924407848 2.6952149093400584 0.5361139223514133 4.734315698564938 0.5133466156853761 47.520419769039954 0.5113157023800886 0.0
574047 150.067837116495 2.17069607304264 7.106541609033288 0.5599207621092771 8.841160343413314 0.5310336155135625 2.0430728292711047 3.7536268686254 0.0
574073 150.581081989567 2.17132367104939 4.060518055143772 0.5859673132021426 4.895985569231726 0.5567219856951402 28.851131250530464 1.3431960337171276 0.0
574160 150.014833432801 2.17229543535564 2.656471644632404 0.536248502966678 4.696797972312517 0.5103101568166168 5.13902010067157 3.6946111247890667 0.0
574181 149.857761202369 2.17210685834026 3.6716295178262865 0.54597615775301 5.847511626534314 0.5222716979870755 14.53582653120946 2.5324493876836924 0.0
574736 151.084261680596 2.17689663995711 4.355538085271275 0.5985015829367645 5.0643940987611575 0.5676010923648881 59.01375842879731 2.4504106839811968 0.0
574821 149.960811722628 2.17795843911558 2.576752930445094 0.5139827617296808 4.127558922951515 0.5044259884824948 8.348678955583956 3.514790100755138 0.0
574929 150.161195896702 2.17821653499342 5.458240285494681 0.5391811567111547 7.2171248873044584 0.525302053627974 3.6759076682792546 3.154675875601589 0.0
575058 149.894361982346 2.18000925328514 2.0932516140388246 0.5426133882878714 3.9970054710879 0.5314735243318337 12.32989000842265 2.0881857534624406 0.0
575255 150.273820483098 2.18055520825426 7.287244794939895 0.5497646771131951 9.076565576042551 0.5417583388456529 10.422005559966284 1.4347847941261975 0.0
575282 149.655879184194 2.18188594909164 1.8468590261393665 0.5785226602477023 3.5842099206876625 0.5549299930135874 26.62792938350742 2.074942183830183 0.0
575342 150.018754621803 2.18219857787408 3.8803382789682557 0.5278850013122294 5.824162402124401 0.5054229777931559 4.87121179461904 4.265433358422122 0.0
575492 149.731260380757 2.18297257997048 8.156999831116954 0.5630462095864689 10.559868452048827 0.5378410322596998 22.10841463135189 1.973302089080325 0.0
575635 149.977370523775 2.18477482916127 3.04686886382423 0.5094339538508915 4.343018832684027 0.4929333786526659 7.35438798890538 4.448337116276312 1.0
575700 149.646534427629 2.18525834262996 2.029999769147888 0.5456409355865829 4.148906958175546 0.529387353492194 27.188904583596262 1.9664336776356475 0.0
575736 149.781097957862 2.18544379049183 3.8817499272452163 0.5741184640057951 5.088398325705405 0.5439210833057305 19.121380067957844 2.6569398827524258 0.0
575846 150.071977138219 2.18661178705549 2.3212947314910415 0.5444713858999753 3.6289187687289393 0.5266740566758559 1.7033281769931055 3.8486510711425916 0.0
575864 149.932728561872 2.1851088365805 6.163951501383273 0.5332943890834365 8.345804858868508 0.5073682078476413 10.030796091012611 3.2014225873688082 0.0
576296 150.04007933124 2.18987460732271 12.824578793186532 0.5908712410700664 14.718255886261394 0.5718163497793146 3.6239952917130216 4.626864460142523 1.0
576322 150.187209901639 2.19084442566677 4.441959881910725 0.5260722212957524 5.71132595118795 0.5069549652422383 5.255981841236678 4.699666621775813 0.0
576748 150.12729590611 2.19451822405899 4.064066940508674 0.5750424503820223 6.913151949821654 0.5584692986284301 1.8020789823576757 3.2325328029669556 0.0
576770 150.654977605206 2.19471975745706 2.030011872595544 0.5302921403853156 3.778532832969639 0.5120110131125198 33.28319949149207 0.5707819453129008 0.0
576774 149.911097301441 2.19485991565619 3.25887227355028 0.5261766761682146 4.075332546314908 0.5071673163685643 11.352375197942123 3.22010226400997 0.0
576986 150.383408010665 2.19627104821215 2.998947838031041 0.5760861885474299 4.469364405085882 0.5580181233030321 17.01379940211744 1.6067349608872845 0.0
577046 150.128176125098 2.19682091722769 2.9062551292768273 0.5760298505388194 5.609161264562091 0.5581578279914045 1.9106442258437886 3.277328848534612 0.0
577090 150.365225787359 2.19746735732811 2.61213169422448 0.5851556093521978 3.759374620450814 0.5663694249297777 15.929178982905007 1.6365869279623264 0.0
577180 149.981011283566 2.19831234729788 3.589557146606133 0.5422146320417224 4.637631684805963 0.5198254367036549 7.201386235150901 5.3339603026790625 1.0
577221 151.079632261015 2.19764324787773 3.910914162949506 0.6174772490045716 7.482420871521554 0.5563074168608982 58.74256349946337 2.5469103604667445 0.0
577398 149.995439961368 2.19790646340632 17.756597227411408 0.5417007940583828 25.491608038312652 0.5309079971781007 6.341754193756351 5.287752509608504 1.0
577407 150.642612085334 2.19993624267716 2.824515268091009 0.5316814188870971 3.6509163985638815 0.5132021468739901 32.550830184536665 0.5675071600458232 0.0
577451 150.193492155811 2.19933430821229 8.589971828760117 0.5195927151734828 11.02241329263875 0.5057526808577146 5.701711065158703 5.270133479173954 0.0
577601 149.988663807664 2.20052642871379 3.297375336325991 0.5571680422721517 6.605669012518547 0.5435900411363247 6.767754320756528 5.393643568420696 1.0
577623 150.256140746982 2.20163316032668 3.8180644956560066 0.5310184308382677 4.710887930505339 0.5058772948645411 9.43583106167513 1.9294306585702763 0.0
577627 150.616941646195 2.20158526666695 3.6277005695983475 0.5474616638636304 4.949535728265711 0.5149753019556269 31.01620298845682 0.5732635683052602 0.0
577668 150.207547927702 2.2013140707778 9.457209862865007 0.5250615384342932 13.123429654629287 0.5056065252892616 6.552050467998298 5.095060215885559 0.0
577992 149.789912782487 2.20490411237451 4.127381234039114 0.5693136829338751 5.687787320698224 0.5505559615427259 18.642568474740425 2.4497840394787227 0.0
578080 150.209416421602 2.20529182364506 4.156112166317311 0.5294188793599475 5.125233237245899 0.5028479950563105 6.708073325159036 5.0380871974977035 0.0
578271 150.792923158874 2.20696393408074 4.868074220623969 0.49536060613641025 5.501928323610228 0.4688228473851748 41.57201110518789 0.7510976862063982 0.0
578291 150.561861127759 2.20756562418817 2.840172236475068 0.5270495877003962 4.527291505568569 0.5157065304581768 27.733976356587696 1.0083387724933828 0.0
578338 150.09033720906 2.20604447169104 9.990841084261726 0.605837731612349 17.83633190784882 0.5988618512193667 1.5577414406749708 3.1730041430293277 0.0
578443 151.040892314154 2.20784183057388 4.900794887033935 0.5766199786604618 8.322337561463904 0.5176084456212627 56.43351524831586 1.3421844561223513 0.0
578464 149.907868017452 2.20911032889125 2.354076378675582 0.5308881073849366 3.1449062747993173 0.5217732805877938 11.634200470838188 4.121322795805132 0.0
578650 150.138490077504 2.21023943941619 6.7095141469674004 0.5615475164042887 8.080282256908061 0.5435896548560802 2.8649088166201646 3.6060301952863956 0.0
578689 150.97693166973 2.21065396535469 2.2919235268318294 0.536624530656887 3.290086614395396 0.47822335053560916 52.60545736590847 0.6070789206229587 0.0
578867 149.79688572996 2.21161832205036 5.126396069541467 0.5775539012080846 6.731083907051686 0.5549043826333871 18.260494968018246 2.289549637393763 0.0
579057 150.019347301477 2.21274520036806 9.563957507069889 0.562318963101187 12.765201596666564 0.5475311940893621 5.176710703223143 6.0628941319698795 1.0
579149 149.94241685437 2.21294968235453 8.79760943478451 0.5618368891984332 12.664748260283247 0.5437331322148392 9.629441681598628 7.859020743879621 1.0
579278 150.208793860768 2.21513508749238 3.022439162066843 0.5366795544355949 4.590895123002025 0.5197352145145835 6.820050845211358 4.938236231516342 0.0
579601 150.610333868621 2.21768665181776 1.9719063106399686 0.5245471932473782 3.708097978174978 0.5155919854897196 30.672527260315846 0.5936766709572361 0.0
579741 149.967350542945 2.21859962595506 2.4640990613041387 0.5288313477165814 3.9372019499382542 0.5053214118409087 8.251591277478273 7.565370055722601 1.0
579891 150.841470751996 2.21978580829662 2.2209472873987073 0.52143130442181 3.4218308394922525 0.48302284394360323 44.51336915307283 0.7518238394543346 0.0
580131 150.957984875142 2.22117637057386 3.55913294200083 0.5268508449868775 4.606105293903455 0.4831288134906359 51.49492132198269 0.542664150071691 0.0
580185 150.236859602078 2.22118206189804 18.19338966543125 0.533613982154161 23.461620372612423 0.5101294677943192 8.536568302221434 2.842454835716321 0.0
580204 150.022880265975 2.22187121418679 8.641382896560987 0.5532249961867729 11.095672113539756 0.5348011741247903 5.207509389183966 6.191323762073407 1.0
580377 149.675848474086 2.22306298597253 3.569468951523034 0.5729563493469546 6.861524307563788 0.5572968737067945 25.549682944258045 2.476528495449503 0.0
580400 149.717311164127 2.2237723627726 3.459656302339336 0.5721063524908149 5.5700935244491845 0.5546840097539868 23.08120832965571 3.3896599343950995 0.0
580419 149.621354552341 2.22426084018121 2.4030429620821545 0.564140263320147 4.70439932372087 0.5450066080483961 28.809596379574113 1.8051782335756321 0.0
580518 149.953495140169 2.22377869791181 18.24608125224213 0.5606948771970102 24.765941971281308 0.5438561882246802 9.135394782898732 9.048664000551105 1.0
580623 150.25274380895 2.22569660460874 3.1936562579968757 0.5400040763453705 5.046929081313389 0.5155143689126221 9.526673984072913 1.951851192401689 0.0
580637 149.666134415357 2.225633050801 2.38584035768038 0.5668226091913605 4.410210864827391 0.5501558524656306 26.144422858187426 2.124202544389701 0.0
580652 149.931744737401 2.22445076750258 47.94853795979251 0.5926824208629476 56.502336703830785 0.5767066576727549 10.405249097000288 8.120993071663918 1.0
580734 150.259555931419 2.2259814071085 7.551540055803968 0.5346451595698796 9.981824659558246 0.5131237062323712 9.924460179537023 1.7133877095856467 0.0
580751 150.026995680588 2.2267496603636 3.0922992576099313 0.5515846462570363 3.800948675549129 0.540140043513975 5.136663331843956 6.1638829169715255 1.0
580767 150.183953854423 2.22688790375072 2.3594690053987715 0.5364096200531712 4.254547265679963 0.5166803944582097 5.710328217634492 4.7760411548372 0.0
580905 150.283278722299 2.22696388552965 2.507670957826219 0.5240458307392073 3.778657215208319 0.5084190188723482 11.315710044694004 1.3613570093531782 0.0
581378 149.712252791251 2.23131138915074 4.96263114358942 0.5828410162562898 7.083907131835498 0.5630352598766998 23.435518457427932 3.5192723648139173 0.0
581429 150.245209420654 2.23222954924223 2.773086624539022 0.5280676194318217 3.8267698360027054 0.509557077728245 9.214072712393095 2.2112613978690705 0.0
581734 150.314786002892 2.23461627640024 3.096045300411549 0.5427567034300624 3.6146199616840065 0.5239173033320287 13.259708195155877 1.3982642563701804 0.0
581863 149.934733226311 2.23469996126074 5.019724651304805 0.5626777309143335 6.049966253000133 0.5425766091632624 10.401947011005497 8.499325434475224 1.0
581934 150.121125851898 2.235438738496 10.030655504086956 0.5517156053075326 20.459846894593976 0.5330914591352836 3.4505364088701174 3.480459296594378 0.0
581966 149.982332627989 2.23648309352545 5.2353144155794595 0.5511270692323396 6.199632851354066 0.53070303688045 7.776772931033183 6.300828706241375 1.0
582043 150.717921723057 2.23743597260945 1.9842784805861768 0.5389375489966595 3.7802946571641085 0.5241145895288253 37.19704319674048 0.7763742510057945 0.0
582247 150.051730839077 2.23768237888043 9.593324591406493 0.5910863731482191 13.345995318216653 0.5743957618629618 4.4226003457578615 5.575134258027609 1.0
582448 151.071118152983 2.24030918168263 2.3276727977455867 0.5414032121407859 3.474353493076273 0.4982000136361576 58.32891836163998 2.237118377724311 0.0
582458 149.92173084283 2.24006853611997 3.4770638927907784 0.5547374482559742 5.367566663577673 0.5348162004262954 11.242757431813637 6.412308158251956 1.0
582970 149.925146683162 2.24482185373744 3.9380529253165517 0.5617699020486432 6.771679385530986 0.5478923403658109 11.141540255868232 6.501316612461996 1.0
583224 150.339894232608 2.24706044805322 2.824898715613564 0.520091930554055 3.6759020348489333 0.5016859997012723 14.904101844572802 1.2353755620035092 0.0
583246 149.949847019519 2.24690062863263 5.997643435062522 0.5520919670016836 7.293927700687271 0.5264518682793071 9.809873382990181 7.683733857106623 1.0
583281 149.857414122075 2.24767121930751 2.7105624672483946 0.5593358761859483 3.3682960029079596 0.5375548629786789 15.069441671284302 1.789766271870298 0.0
583408 150.884335016212 2.24859498239018 2.268938564692335 0.5302921338044952 3.259165653395862 0.48980090339117 47.194661318566844 0.6928887708831664 0.0
583458 150.384598507117 2.24855172915508 3.419302506532916 0.548199406922059 6.94159762701541 0.529841554679506 17.52491167781624 0.9061827796396593 0.0
583567 150.060862576387 2.24997108913273 2.9485296392182256 0.5680263610569304 4.514034625102723 0.5479674976253527 4.708020761462934 5.691754949946802 1.0
583640 150.034626057645 2.25072445811427 1.9419155124688237 0.5444756044805366 2.9520332010344585 0.5353129568205264 5.69148323073813 6.753652885557947 1.0
583855 150.899268462894 2.24861624514545 2.3452262089892693 0.5170584493326982 4.72286313312044 0.5041214708898675 48.08694397392957 0.6691707135600815 0.0
583875 149.668253356704 2.25210894804255 5.868518061262262 0.5654965139639293 7.333401678857149 0.5405941803212463 26.225507858217764 1.7631714835468972 0.0
583932 150.103760263808 2.25308143617323 2.9139885885287473 0.5265582981310312 3.4442256941784652 0.5139870683305043 4.274169395094272 3.821561968469521 0.0
583945 150.195645103355 2.25301522029554 1.5481228899291823 0.5340813941810887 3.18547265350021 0.5188586158800774 7.14613454378222 3.8965578240710594 0.0
584656 149.727758553768 2.25932438464289 2.186828647032431 0.5480178791375887 4.256438751276452 0.5403457119920738 22.795522490848374 2.476888399659186 0.0
584676 150.002588650081 2.25864290687651 11.425337708914848 0.6078728292719165 14.010352272465965 0.59486585934764 7.435494184108613 6.64997630079536 1.0
584784 149.9581930711 2.26044841665096 2.7675214206786656 0.5839183860425884 5.354775637086511 0.5652588949792947 9.719605302499385 5.341486239121406 1.0
584800 150.710997458367 2.2602259754584 2.313037012691493 0.5400763167386666 3.5170554864880823 0.5206796310839888 36.93218636183141 0.8355043514603673 0.0
584918 150.795243840285 2.26046546597528 11.03051178672158 0.5119831793639361 15.305323314020017 0.48599921048235006 41.94868478309293 1.0037030752122948 0.0
584995 150.164861286239 2.26069230181708 15.573153296640031 0.5536942936252193 20.124518302076666 0.5333144458443372 6.119379569247093 4.166842131019643 0.0
585032 150.019397389322 2.26143060282177 2.8988376472647848 0.5809065109987971 6.004767601609025 0.5624984590971381 6.789568232066665 7.6238069017276775 1.0
585132 150.047187747263 2.26289850743441 3.695176260201144 0.5979768072003542 6.2735010937205695 0.5838253261637792 5.798154752043804 7.096950708363436 1.0
585160 150.222359419143 2.26365787808046 1.7997325788087994 0.5397269424258788 3.567305782154687 0.521269429513075 8.823547822794783 2.9110140217991693 0.0
585171 150.1275618908 2.26357699017834 3.161600276879367 0.555569484097294 5.138015636811605 0.5278376615319123 5.169196745182545 3.6652645142751386 0.0
585443 149.798202008919 2.26597404262454 3.6183679101348294 0.5747389337742238 4.787059046928562 0.5480944550656617 18.783529271676073 2.0386158906530505 0.0
585454 149.733078761296 2.26558471613711 5.678747204139758 0.588938680935447 6.877200847480227 0.5661524641925358 22.56384245601915 2.2077947884737448 0.0
585713 150.993106165362 2.26786333041343 2.318036715150132 0.5492199896244974 4.716026487835813 0.5122773275889813 53.79354987101327 2.3627835250068068 0.0
586198 150.001382927132 2.27221149016198 5.230796932501855 0.6096550677884481 7.759985116299129 0.5950423894193069 8.018204411133512 6.8653505422947045 1.0
586323 150.665574399838 2.27344973963809 3.983262135034339 0.5315939092301873 5.6035267233978745 0.5076235390891551 34.35041850987603 0.8154202445044527 0.0
586405 150.018279776173 2.2737278904148 5.348712067330905 0.5703197087298656 7.314096293565228 0.5560022554678636 7.3710440461057525 8.496296941282079 1.0
586430 149.850897457668 2.27379014105461 8.538798709589766 0.577289388147517 14.31284575661292 0.5585893030243407 15.919111942259857 1.881304034310682 0.0
586468 151.058469700538 2.27466522824419 1.8092299224164923 0.5404860917355168 3.7413868370723624 0.48855727414449296 57.7333540887567 2.881472960074923 0.0
586557 150.5569206218 2.27480106027297 7.992442901903911 0.5301323842126711 11.959673634237339 0.5078075758735704 27.9553076037737 0.9840629943400647 0.0
587055 150.244991983111 2.28000403087479 2.1513782926477583 0.5149110736682306 3.6566871678942707 0.49845682561860805 10.496827225785337 2.6538494963288795 0.0
587071 150.174656346298 2.27983321919926 2.5881377680867494 0.5376262278441216 4.638827479682382 0.5205015558913446 7.384470699489525 4.258281298928261 0.0
587215 149.79126004127 2.28039564101916 5.80717701598003 0.5611483267767131 11.530558001033578 0.5435392581602011 19.43004407151701 2.1737970302270107 0.0
587383 150.498625221672 2.2825292839865 2.5196014806930562 0.5428638037616729 4.504255554436821 0.520238499044944 24.649579135936033 0.5937566931159215 0.0
587490 150.332584755707 2.28381140097369 2.52712557605254 0.5354216063358898 3.4587533078881334 0.5016088724124843 15.225159912856958 1.906560670238695 0.0
587539 150.985498544551 2.28392631679492 3.5319046785011694 0.5424479065667138 4.347486292469989 0.5065668823567505 53.44102106759392 2.7866095461931986 0.0
587665 151.064022023869 2.28456216022083 3.2415580985379293 0.5731313466690038 6.055881491141909 0.5222817283974205 58.12440621647427 3.4094938990444916 0.0
587783 150.151576757072 2.28582671604368 3.714756033226634 0.5308776952675129 6.780764696878042 0.5098853129278752 6.957839092161668 4.415743961168505 0.0
587985 150.87105844125 2.28755745956435 2.8496300507377548 0.5592887566689676 3.8653225357898138 0.526122487114952 46.66060195533483 1.047330224340191 0.0
588241 150.024511525138 2.2898125350708 2.9420361395506616 0.5844593594963928 4.953075857945075 0.5684921121285165 7.897549924863842 9.5419474284662 1.0
588301 149.87162529834 2.28987121816239 4.501648420307637 0.5606066107395747 7.986724537926673 0.5489960331559689 15.146143153855254 2.0240025227381184 0.0
588334 149.905919962988 2.29031326441774 2.882391894621768 0.5802071381239615 5.75170897553286 0.5643262728333501 13.329389444231431 2.257079796435714 0.0
588449 150.027902934991 2.29171019041549 6.461805373515367 0.5840349957303539 7.403132988566773 0.5624563803025205 7.877747711572354 9.654483593705784 1.0
588597 149.962919191937 2.2932994576988 3.937480561002493 0.5867819637944105 4.300605390614745 0.5824424943930474 10.591731052035747 2.460087047222165 0.0
588614 150.101869203921 2.29286814080204 10.75783218439386 0.6048591009093831 14.273376928846298 0.5885304513080792 6.656365227227211 3.9982023314728643 0.0
588685 150.208450233973 2.29382006793126 5.170326820410547 0.5930784441644323 7.28891378311564 0.5774426631743266 9.345309808549759 3.675221155608942 0.0
588735 150.036617475828 2.29426543204454 6.7759539627149366 0.5941411282031064 9.616373289786306 0.5764702155351897 7.736794809284419 9.439057351074872 1.0
588748 150.066630032798 2.29453293210716 4.261948523921744 0.5910036772965725 5.990732237690737 0.5748660838124713 7.045344871957546 6.06057176012595 1.0
588843 149.761348941802 2.29549302182988 2.0275833286993312 0.5690719742535321 4.121233455190241 0.5639420527503058 21.416115668469864 2.14650630973532 0.0
588891 149.755437783056 2.29607918871844 4.357539686489419 0.5689959558963782 4.709029149969539 0.5473578443917072 21.76343266172396 2.1082548343336027 0.0
589324 150.885408530603 2.29942850178769 1.938788960171074 0.5164118260594716 3.8645785600392006 0.4968467838081511 47.61316194886224 1.151960012247078 0.0
589491 150.226860690141 2.30077810470779 3.4086231453775206 0.5368814261145043 6.971319316616327 0.5262384613203133 10.42523992508724 3.7519356443243024 0.0
589525 151.026296928677 2.30037098487005 3.3594149050500834 0.533659787562399 5.4437878676725795 0.4962096274211079 55.988017934413115 5.192008711983252 1.0
589608 150.840925718908 2.30123162269219 5.315557698338595 0.5602248926608832 6.492420014281134 0.5125896866705689 44.994411894057805 1.238964039424268 0.0
589609 150.045511808766 2.3002978898364 4.273015967962627 0.5993446603623837 6.127148393582896 0.5862319035900971 7.816588474243791 8.256278051882624 1.0
589682 150.906803901764 2.30219954787215 2.1173224099451806 0.5215052886409497 4.143397314290334 0.4974889489623626 48.9063426609424 1.2225098559857372 0.0
589865 151.023801976551 2.30302081884741 4.2647363084452 0.5427035451970724 5.9665155566121 0.4949353790270623 55.86005202974326 5.34866012802443 1.0
589908 150.126439009324 2.30454412864761 1.7535489127946045 0.5511830150671445 3.4897651735051705 0.5344429635781986 7.5248307066898334 3.983465140772879 0.0
589909 149.790792769199 2.30453199944011 3.3096433393663065 0.5922208869364638 4.920924079326968 0.5634127458074843 19.94404889358212 2.5815962319565036 0.0
590325 149.797273627211 2.30789963173953 2.9016948334721415 0.5773515477007561 3.8121469398327648 0.5604318855418949 19.660171021482142 2.800426417528291 0.0
590532 150.603104555098 2.30971029653888 2.9832993678123576 0.5521299241819427 5.016583806638015 0.5286653313354676 31.121989603840248 0.9373746579178219 0.0
590754 150.302741982845 2.31111161424193 2.5403854180002585 0.5482014383167584 5.0915913182051815 0.5321954177284787 14.415652951585072 2.9358420639650897 0.0
590914 151.070710283531 2.31183253651942 9.04588217739329 0.5554762085888939 11.547110109503873 0.48573835543334215 58.71730650691928 5.043574285482632 1.0
590916 149.844661386736 2.31291977875115 3.1339193058093398 0.5968626970197028 4.812653975919033 0.572199501153683 17.207771396538433 3.6310839542308577 0.0
590990 149.734173757193 2.31356186925504 3.1925234268002862 0.6081489334099675 4.929617960026418 0.5739897813261525 23.3110666504102 2.0328882715580163 0.0
591102 150.995365983239 2.31323247139289 6.001353656809481 0.550986033908707 8.784241949408699 0.4948668915397395 54.25550893426905 4.0276437467256345 1.0
591287 150.055130217335 2.31527691407761 5.063274658613038 0.6215129511004608 8.596402879788178 0.6041403063783355 8.440135105420296 5.371100660545755 1.0
591310 149.612321168972 2.31592495765993 2.334134171772829 0.5764317586831426 4.7394439550888965 0.5568625788280746 30.323164206074267 1.443214899690378 0.0
591339 151.037190832676 2.31545759654086 6.44494024928707 0.5479065936188645 7.6995374084619925 0.47272869432387893 56.75631355207952 5.898246823560613 1.0
591365 149.991456516494 2.31598351884141 5.607005434518387 0.6252471536114713 7.992834847591843 0.6083046906845815 10.345436052252689 3.3756173592281904 0.0
591368 150.137180551254 2.31585377690856 4.286435343651262 0.5242868103074462 6.469224529408469 0.5064072842357942 8.338051593127684 3.9428462079110567 0.0
591529 150.78249671618 2.31763481846883 3.7437743065025932 0.5449597090847389 4.847423446993001 0.5073431768878076 41.72030858676036 1.5114110762904773 0.0
591742 149.840472291309 2.31923052858583 5.088755506171345 0.5796371970715567 6.8421793929268615 0.55750082967581 17.605496649792673 4.0731358108135565 0.0
591838 150.203145686283 2.31989074199167 2.978355624485116 0.5480414031726523 5.969951390625489 0.5373705686741007 10.3318182530924 4.091565466634794 0.0
591918 150.260197484042 2.32098669495712 3.36085212507922 0.5317177990968477 5.617925963306337 0.5107199100238126 12.721749155508482 3.5487598360010963 0.0
592040 150.734025154944 2.32116932443662 4.379796703508441 0.5840691021819111 8.8884358949182 0.5618707537000733 38.91918418988184 1.1861750117194056 0.0
592062 150.762204345104 2.32112031173398 3.712168599389913 0.5763820866870945 6.89324821643124 0.5553776403127536 40.57027127378307 1.4040198801643407 0.0
592094 150.025417586806 2.32199576734681 4.3472318625490445 0.5687959381817771 5.5636064627856925 0.5530391383414979 9.518715480848616 5.667759445125171 1.0
592128 150.970073391113 2.32129797027394 4.529636484171922 0.5147344044078868 8.013653550121038 0.48396310156237776 52.82993019453328 2.6294845691537576 0.0
592235 150.333709327358 2.32308188346327 2.353765835111142 0.5202023530065367 4.145036558887264 0.5046142872256061 16.371912596484833 3.5257096610394414 0.0
592490 150.167862528805 2.32533939389158 2.115325083561741 0.566222329779835 3.9603208225624558 0.5508530110506291 9.517201174150003 3.736990808837054 0.0
592801 150.105620541068 2.32791368365342 3.896477067577097 0.5873985089169363 5.082431583531049 0.5482322798568449 8.764634463474243 3.4459336363924917 0.0
592843 150.268343514776 2.3283363307911 2.940763989945944 0.563963410031978 4.419116555860824 0.5453355643044825 13.379627009594525 3.6178218203000885 0.0
592978 150.150559189138 2.32892373154987 5.694954106831687 0.5592100812703656 8.232081379730955 0.5387449280314731 9.325162473653727 3.6572395427810416 0.0
593034 150.569370100869 2.32931033085177 5.330315599453933 0.5722153479455185 8.224245041173956 0.5508522771181648 29.496796005718252 0.5751308610987333 0.0
593117 150.033740754801 2.33057414947982 2.863222608735938 0.5595109992112645 3.7181487326127383 0.5435592030968176 9.76254941500172 4.27667865617232 0.0
593137 151.062521729522 2.32969457493132 3.337802396618755 0.5372613718499096 6.44729205217474 0.4887679513897602 58.38349243201088 5.373699351388501 1.0
593163 149.657497068847 2.33098294693839 2.021425120283861 0.5870344166313662 3.8659089092007335 0.5756649499858065 27.99613532518264 1.315055619945885 0.0
593187 150.917814890868 2.32979590353205 18.282031839543233 0.5724757579890383 22.85788108950776 0.5346885991855793 49.82690599469407 1.457981337444012 0.0
593239 149.688710960419 2.33142675836429 2.823759137388707 0.5523299931128667 4.030653313092365 0.5374305451200397 26.23868382772535 1.587305204083315 0.0
593289 150.723457385057 2.33165632705648 5.405835189865023 0.5745035289209346 7.386316921929508 0.5517243305217958 38.442622800912005 1.111192995708026 0.0
593529 151.010792023484 2.33373671641942 1.722315451077393 0.5429739408658495 3.4381738415902725 0.49805179790640147 55.35938838666846 5.0192167440424305 1.0
593552 149.82314909038 2.33316216316282 7.649259171857714 0.5793206100495605 13.351484360488836 0.561007546114038 18.916111986989492 4.540095438809269 1.0
593618 150.183959045638 2.33444152428521 3.5587819935228326 0.5712754509801746 6.796460035766372 0.5546589272901206 10.443022365025564 3.5123971570864123 0.0
593884 150.498417831032 2.3369348588361 2.211525268438663 0.5684492771745102 3.7656175529998785 0.5528036747805517 25.632852241538746 0.5776852731353996 0.0
594008 149.855459042306 2.33818485968681 3.136459484696169 0.6174816429537973 5.17687182411069 0.5959889176540479 17.401894227110784 4.747832455264597 1.0
594027 151.040506494475 2.33700474086018 8.662297267830697 0.5802558621703198 11.213574758640906 0.5300456909126355 57.14888026533252 5.307358419861153 1.0
594064 149.849185048315 2.33862121048186 2.3033256183243993 0.6097651330564352 4.118111023215098 0.595988570001828 17.73381779169492 5.121422421265759 1.0
594085 150.23186612242 2.33714629610313 16.94755256963764 0.6071682622994355 28.093290465647286 0.593028440109352 12.215453152634561 4.10556126020775 0.0
594128 151.039506799085 2.33875051899705 2.1051404186392726 0.5696238384573993 4.31673915758041 0.5245918773987411 57.1068753273526 5.181127014709878 1.0
594315 150.266226055678 2.34011214419184 4.3394317828309825 0.5952312909619335 5.677386982639328 0.5763907061848949 13.761480784951404 3.7543689919091916 0.0
594490 150.383438412044 2.34224339515666 3.7470815349466324 0.5516184769933834 3.9961396883002362 0.5328436474825264 19.526093947491795 2.784208425811911 0.0
594559 149.911839790298 2.34279654638604 3.384388888547765 0.590542144748314 4.56412422818768 0.5805909759258407 14.845904730738164 1.9218664440293023 0.0
594674 150.859826095525 2.34349801441476 1.944859096690833 0.5423598133606575 3.28739127961042 0.5217602758195675 46.573873022556036 2.437085350366519 0.0
594779 150.020454815062 2.34478740459263 4.186769439546046 0.5347225451416431 4.649433576351433 0.5143031743304621 10.872323339789512 2.4974242741137878 0.0
595034 150.991079064368 2.34628280929549 3.5144769370969806 0.5599483678081812 5.012094328878126 0.5063106497946666 54.32532602579608 4.070867920874733 1.0
595147 150.793639959764 2.34748560474534 2.7795351225581193 0.5522613808087027 4.700499824654182 0.5283093354622769 42.75557254122725 2.377818160275834 0.0
595198 150.284845460337 2.34809591113209 2.8666896026890396 0.5648864984883627 3.4905186775018113 0.5548694628992982 14.90619801220717 3.349117049028955 0.0
595299 149.993116288365 2.34879321982218 2.3857979956135833 0.5811475669510275 4.840363145446898 0.5630981334244715 11.886177775623567 1.6557461771615967 0.0
595407 149.72077747168 2.34899126500106 10.810290200416993 0.5619177787675574 19.939699943966943 0.553217380922248 24.84677791801981 2.1622263355228335 0.0
595612 150.982360881221 2.34979450258688 8.441188653325009 0.5220124842515246 12.793457481500264 0.4906159547067434 53.85035211477355 3.630507597357407 0.0
595621 151.003467277046 2.35040942574796 6.433922377877545 0.5518809279850755 9.09999772194492 0.49860111416588 55.1006722536206 4.270744210781321 1.0
595775 150.225301934228 2.35119394952918 27.10029529271276 0.5823046031671338 39.44658059974732 0.5641977058920231 12.631589097592235 3.375401249305334 0.0
595998 150.80558602379 2.35220318573754 20.72266038444073 0.5414774466811608 25.62088444768845 0.518023568123855 43.51800700602498 3.111809068873713 0.0
596079 150.355234256345 2.35486875621175 5.606067288564947 0.5614661199743961 7.800798843116485 0.5380029223101058 18.487910838391794 4.964037247416862 1.0
596208 151.011984648149 2.35521013256165 3.180646854407576 0.55321368428845 5.049645919031967 0.49122428171155 55.65572112112575 3.9702689490272483 1.0
596214 149.707109165083 2.35581254429727 6.439987879034372 0.5691340172256585 9.011270051138851 0.5498016849855965 25.761688216663682 2.1852610951977534 0.0
596346 151.076670397218 2.35624566633137 6.284744939073039 0.6503195998328477 8.737478219227576 0.5025897023329234 59.48085115738792 2.9145903965704774 0.0
596399 150.647129876224 2.35761155347916 1.9433137181932802 0.5503768681069969 4.006766901622645 0.5349281959451399 34.45380836875107 0.8220508664764773 0.0
596609 151.014907206529 2.35899147729668 2.344574940497299 0.5495658366741897 3.6389795664530524 0.4883472020716087 55.87048463912652 3.6789112718567445 1.0
596766 149.645805849775 2.36057988293813 2.0352163550877207 0.5615214052554013 3.377185083890886 0.5463079475635786 29.263690751865035 1.1123561019636456 0.0
597185 149.984199783304 2.36299847507161 19.754136708786035 0.5949734989076673 24.812059969653962 0.57471901404744 12.89220566810272 1.2895753368941416 0.0
597236 150.350817164696 2.36455507675999 3.30954537869634 0.5406674195178236 4.0117482428936695 0.5234405047504224 18.605501984687844 5.12488646554038 1.0
597261 150.695165890873 2.36460035369954 1.8199834493788027 0.5533879428736068 3.7176567403415213 0.5389976840713578 37.32694427278181 0.9137768011439519 0.0
597284 150.280219824146 2.36474549133699 3.9222380970726363 0.5668107097937645 5.967423315186316 0.5490808860496439 15.396083612831864 2.6708951886305705 0.0
597647 150.874792035828 2.36714604677374 6.837488148119341 0.5497800391941524 8.78208740696581 0.5114534562078287 47.76151656743992 2.6032053980023826 0.0
597793 150.943090069475 2.36872860535019 2.8755243082895694 0.5322447740643279 3.486555442194805 0.4961600290377337 51.77301768322092 1.6811509056146945 0.0
598086 149.667742555432 2.37150410228718 2.3190801353461645 0.5446133183020715 3.3004060911231416 0.5354587132327269 28.300946066099872 1.2578663210125467 0.0
598167 149.806373257952 2.37143692797719 4.2457631241634175 0.574290925461982 5.770755166780823 0.5591017166444759 20.956062098392884 2.6080121238781926 0.0
598397 150.657005850512 2.3739181910844 1.918151680596642 0.542121719044522 3.929813052664292 0.5169360604759351 35.32461436844143 0.7755460023189337 0.0
598404 149.846794192457 2.37249824193388 7.080672549829412 0.5715465012774729 11.612443361111435 0.5543248463827924 19.00425031002094 6.9626901887639825 1.0
598409 149.85089714453 2.37418070704654 4.27931735758867 0.5849380450207593 5.296061426225924 0.5566304759052543 18.869872384326186 6.866024849054145 1.0
598437 150.093692809986 2.37438349937292 1.862074604964217 0.5111721719630653 3.670673087941282 0.4988872448188764 11.552533375842241 4.531409482520216 0.0
598499 150.846960240503 2.37463991014228 2.636938431252367 0.5205525138757807 3.5537141254770734 0.49337444631167016 46.250577452402666 3.9896327516361114 0.0
598569 150.640004469317 2.37429238422856 6.638416306513356 0.5366549958824248 9.268051517449958 0.5177078484041416 34.37018291190643 0.7616300152655933 0.0
598577 150.821801593877 2.37434259527351 6.050927575768234 0.5190319691347494 10.687863956134372 0.48809555336842436 44.78713062349013 4.870902984832579 0.0
598585 150.844664740357 2.37454962598098 3.995380518860011 0.5480630069936427 5.015556172427968 0.49337775544576334 46.11598215938393 4.121605919077573 0.0
598733 150.156056724698 2.37693797978586 3.288428957106819 0.5204737071673594 4.308956125697133 0.5023049622888067 12.172735947256797 2.526101450337788 0.0
598772 150.386666597613 2.37509157009836 8.474007409165022 0.55001994264502 13.26076129470055 0.5311925312060872 20.728552416972096 3.5908198998985736 0.0
598963 150.402017707625 2.37739096242499 5.652866556528552 0.5295904680004936 10.445460098038044 0.5172252041148375 21.57245124386414 2.268712363227135 0.0
598964 149.862105944124 2.37803611894684 6.403644444724768 0.5835385487705683 8.950551560850428 0.5635651076118633 18.488949316195942 5.858145864393017 1.0
598987 150.227593372925 2.37878028544729 2.0351590568514757 0.5430360817824067 3.7372372859274994 0.5257605682780147 14.071071591988126 2.2614744296751175 0.0
599079 150.108424066203 2.37891767186416 3.112453841391026 0.5165724175484936 6.217838110510084 0.5017876429095683 11.829179904853508 4.415739122034053 0.0
599141 150.866159521139 2.37976403673618 3.804795511742505 0.5328127135195436 4.705508334302392 0.5129898730037129 47.44185506434733 3.094505933840484 0.0
599210 150.95815609295 2.38029094328128 2.8881737373191623 0.5050988301800999 4.871677597255341 0.49050612235726726 52.8070144185905 1.8286635417711974 0.0
599375 150.461271334005 2.38188164378317 2.5908767525393364 0.537448699859368 3.4983077611089173 0.5140209322319255 24.759348249856505 0.9397047585444313 0.0
599376 149.855305039902 2.38085828195932 6.813339452363708 0.5832616989947615 13.166864292904542 0.5641850616520248 18.91165325620293 6.282369000996975 1.0
599399 150.822813199299 2.38152910919018 4.53346130239137 0.5070426868593104 5.89370597963527 0.4848379748117924 44.95855170176353 4.8351925286236 0.0
599413 149.639470735934 2.38212687806175 2.0374875541644024 0.5457465097379589 3.5449346193234605 0.5368786794109485 30.109224632843063 0.979560778994819 0.0
599514 150.697151375532 2.3829105027846 1.8870178791824728 0.5624150418085814 3.687681007099906 0.5243800413127409 37.77671559630323 0.8440892157646388 0.0
599525 150.944914485988 2.38202438054438 4.290914778124797 0.5498186266208472 8.448528879288181 0.516533376197211 52.057733889921025 1.6179551196082218 0.0
599571 150.344369531769 2.38301988756457 5.325514393536856 0.5422391723380886 7.518696835548478 0.5187894073362985 18.978695399018978 4.704738363382623 1.0
599755 151.008939083846 2.38457208434554 2.328688135367854 0.5538075832539353 4.603331672988958 0.502072382953685 55.83276522148255 2.3461335942149057 0.0
599903 149.93386816941 2.38622233815911 3.4945984406825286 0.605171653497536 4.579878539193314 0.589776102088035 15.793269167640272 1.79781386353371 0.0
600003 150.079955947264 2.38605931203205 5.524782980547297 0.5250493820876618 7.041021011507216 0.5121138022855408 12.305706680205851 4.82145145891457 0.0
600077 149.933614186999 2.38754581943298 2.877866235278992 0.6015300654700593 5.670166503551902 0.5878639376224656 15.86454193815063 1.8287890838129648 0.0
600535 149.674061912233 2.39081376661637 5.102408117871516 0.5991369817240159 6.060638789871213 0.5614978130001639 28.44536031924866 1.1586518040807023 0.0
600832 150.33853875845 2.39346777834659 2.473275792309022 0.5310401609419723 4.467856367011948 0.51849704469536 19.120346921389658 4.292912596282093 1.0
601362 150.354520242969 2.3976222385523 4.026592220123459 0.5370947983971815 6.068015326177355 0.5165403292416092 20.007456753535983 4.4632846377760345 1.0
601424 150.313361750548 2.39715772105478 8.719342361755459 0.5717166556358594 13.386622986716318 0.556125607625892 18.175869195048413 3.033407684884401 0.0
601755 150.116260782353 2.40129334893335 2.7745696187771127 0.532010587501611 3.7790620369043952 0.5046705940092238 13.196990365384746 4.416314981319865 0.0
601824 150.091532783389 2.39909810078613 87.06692713833725 0.6051687224615305 142.9331413985789 0.589659445454242 13.039104364048615 5.210930444036945 0.0
601971 150.394971096657 2.40143599500281 6.502141400430548 0.5548812566407351 10.88417724175539 0.5330959013580935 22.049102854917226 2.142721143930971 0.0
602098 149.643881645239 2.40309995154799 3.296509553538326 0.5565751109859093 6.427145090990466 0.5353180685957599 30.394637806720436 0.9430128756439365 0.0
602369 150.846791052526 2.40620349874052 4.453274352167869 0.5462576934023047 5.386071547443224 0.5044795526763777 46.749768736476604 3.0232391934264244 0.0
602564 150.942521618359 2.40788548825011 3.070858154599028 0.531736554199502 4.44201898278811 0.49801649189206815 52.298283043903254 1.7828136433398218 0.0
602589 150.117112175395 2.40802940057435 3.7301987448351612 0.5508506127962822 4.891752581554083 0.5200004731583769 13.603835869676173 4.249623730007297 0.0
602664 150.698614395379 2.40825827669677 3.5638812790284646 0.5366704942306045 6.946719703055459 0.5174327524901253 38.37102030597066 0.8096640855194048 0.0
602970 150.77094893967 2.40980569163665 6.185207215628906 0.5359676041351186 8.954138816719603 0.5246139726287178 42.48449937576776 1.6724838615380335 0.0
602972 149.815488165076 2.41129840911209 2.9383931949462605 0.5475217248699774 3.7727561406755026 0.5236789040412256 21.916032140416817 2.7624609892569216 0.0
602975 150.907126053853 2.41061616546029 2.394786994419714 0.510895356151812 4.423411734657806 0.49267383695648875 50.296197510694185 3.068464638957766 0.0
603389 149.674367417466 2.41460950115681 1.9618380448311306 0.5697021889288806 3.848731026734597 0.5550286103599693 29.086359819636453 1.0061790377610846 0.0
603397 149.93461730822 2.41475844250698 3.1787083713813584 0.5749816209478763 4.899607976603136 0.5573660822505735 17.129949204158624 2.275910103358467 0.0
603400 150.130341834527 2.41351346943121 7.631953173110533 0.546230722808739 11.280234882887802 0.5277948488048304 14.01271184007186 3.354349034673416 0.0
603437 150.497374622709 2.41497058891804 1.8512367401485574 0.5286570564253417 3.691412731780466 0.5119303835495164 27.62304981371818 0.8396346809534982 0.0
603513 150.896565932475 2.41380143960471 19.502533715430655 0.5477112148924453 32.94418489815591 0.5153738787877529 49.74047136886384 3.401838187206664 0.0
603575 150.650681356104 2.41603024281895 2.5520095691292957 0.5315647968688686 3.8813803343074236 0.503962220421131 35.87767805026582 0.7425948335780982 0.0
603922 150.935033441977 2.41792821519306 4.152357779862417 0.5379588752740361 4.533593152714773 0.5226097704569285 52.02540558455477 2.0932028136371903 0.0
604006 151.012237427827 2.41929620225934 2.5430040117766906 0.557429687038946 3.4977260230609293 0.5087927578847626 56.51384568303731 1.4761924620891067 0.0
604107 150.812161500281 2.42017240697157 3.030600594077483 0.5086522005118418 3.4799313798046514 0.4892872794262692 45.024322825570856 2.5893687019436498 0.0
604260 150.796362304565 2.4213690198519 2.97328281205223 0.5557653844898127 4.263294839333377 0.5154848055979213 44.15045074211979 2.231864692112335 0.0
604356 150.161280015074 2.42247791834946 2.0083333102424334 0.5078948336481054 4.088982145029174 0.48935680987025176 14.89227644124144 1.8918701901279535 0.0
604435 150.134167185675 2.42309081848624 3.3846922859276836 0.5428935751895565 3.9297428784199027 0.5158305264166124 14.613059344851468 2.835744842991226 0.0
604855 150.115952702398 2.42681793416585 2.485787319291383 0.5419906640239897 3.1280130808732647 0.5070907169961102 14.723504008985724 3.456058970416088 0.0
604939 150.192595314294 2.42750999018435 2.4711827971850653 0.5071876554100057 3.9787887522846317 0.4938247846965387 15.74499357560306 1.1380915744521367 0.0
605323 149.877313497539 2.4308139693929 2.911036506141362 0.5629793756061291 4.279451654353621 0.5281234187806725 20.03002121812251 2.1149025281129066 0.0
605558 150.181699740475 2.43293541438936 2.1407251985489784 0.49598296198354863 3.624364524648081 0.48205282987000575 15.835963577273805 1.2837791796782831 0.0
605565 150.337978276179 2.43208425972775 4.141833523101134 0.541886259875682 8.196945328705098 0.5265211412031269 20.707540183875714 4.697284767613184 1.0
605655 150.332460410018 2.43364967826176 1.8489418492168883 0.5403944182855841 3.73199700813268 0.5228768574938786 20.549948116303614 4.538316468910708 1.0
605726 149.577815137285 2.43449431653157 1.848673126926904 0.5546520884364472 3.381666836045888 0.5340480950364185 34.78011761878743 2.1816686347512744 0.0
606180 149.857618437534 2.43800667972534 2.869876800985151 0.542619225839101 3.976344757178645 0.5207824717610423 21.147012663598584 2.2161532740090597 0.0
606227 150.931635978524 2.43815139097872 2.7083085220226266 0.5727476137497574 5.146371393537169 0.5511981266969374 52.17363411558229 2.1734684190810833 0.0
606310 150.891330908922 2.43873579007307 5.737423752676519 0.5895182820542922 7.085093012185644 0.5355167840294605 49.8804546706481 2.753452548747881 0.0
606465 149.692571076797 2.44083500594312 3.1581057282688363 0.5345762769014771 5.245586057936946 0.5157171789169126 28.946649283808696 0.9899870417580896 0.0
606609 149.93795697855 2.44194561857986 2.3249873131068415 0.5467360988478569 4.421898674940697 0.5358570196686817 18.377616640597047 1.82884833790215 0.0
606673 150.093958224218 2.4424813068262 3.266180760153376 0.5289268937462588 4.913799655260303 0.5152662997397021 15.636407542866785 2.6267748291705613 0.0
606821 149.836447470826 2.44348814142457 5.2990153112544505 0.597989482916383 6.427417418562731 0.544250940882387 22.2689586273808 2.5747062003102403 0.0
606872 150.328347110545 2.44386158255375 4.731363229897308 0.5455851134943868 5.587383428186182 0.5297811146972737 20.841514190463865 4.380380337066825 0.0
607029 149.815482021894 2.44455908116236 6.151932777860643 0.560708683014953 9.657825795367732 0.541371762453118 23.221232781288823 2.443563834002392 0.0
607349 150.296786525907 2.44800502953902 7.389816234663052 0.5484793014509803 9.442246525039716 0.5249617278566957 19.849929650075342 1.9069108334971299 0.0
607787 150.048348176275 2.45004503368283 10.446217336077048 0.5433221010019743 14.677753115040735 0.5253931900136238 16.381370842623596 1.1941875867148357 0.0
607799 150.209616597045 2.45193147236043 3.920161840759268 0.5477641804946238 5.851769078627432 0.5213213327019072 17.481443860469497 0.8381139578508809 0.0
607888 150.155903810799 2.45163986296155 4.2741997881514715 0.5602059705100431 6.114786395683121 0.5343574797601245 16.525152675899566 1.5712773163180214 0.0
608151 150.628406510558 2.45501212023656 3.1407229885131143 0.5480928648065073 5.443345061752476 0.5326270215214963 35.664533049061404 0.6606607835743888 0.0
608219 149.785603750921 2.45564202118569 5.197763791126228 0.567063099605808 6.177857847699948 0.5388653187076281 24.998722557830664 1.2760915584912036 0.0
608472 150.873503758667 2.45751622249915 3.8146157856344707 0.5525052074357605 7.0788275466223265 0.5221828149028511 49.231690708825845 1.8938449702846587 0.0
608543 150.352131319252 2.45825246634628 3.6963484919826577 0.5672846847098149 5.663916231678195 0.5496089311436669 22.434867446332003 4.468892840754413 1.0
608544 150.463396493456 2.45876146715658 2.9312846083696136 0.592380918571759 4.476545612348466 0.568882744463617 27.394974520033823 1.056410992100712 0.0
608730 150.181331585082 2.45995030735543 1.9074781136449113 0.5446503505910415 3.8020603900923606 0.525537053652627 17.378389177152837 1.160181621572908 0.0
609143 150.373435021402 2.46318297952819 5.74338296238611 0.5729146837793874 8.03958634556523 0.5534314316816491 23.525730253893236 3.5350466035227877 0.0
609171 150.794370315895 2.46330326676231 3.6130377578031583 0.5405763923037763 4.495953748185383 0.5058389758643018 44.92073279625336 0.952681458636409 0.0
609675 150.656482914129 2.4678863066926 2.196352257696739 0.49870542214771857 3.5481211738191654 0.4802317116580291 37.51443215184251 0.6772812843113944 0.0
609989 149.78796770784 2.4691659278286 2.5655204159797917 0.5482416828259312 4.604871901083253 0.5360720618807101 25.434608906567682 1.17292096612527 0.0
610218 150.0315534162 2.47274696177797 3.331698009917331 0.5657544690850349 3.750509875123282 0.5475163738039874 17.92417058199849 0.9854367203741528 0.0
610307 149.925766329991 2.47319346708367 6.80175168883369 0.5845450715791228 7.935849498344876 0.5616284658548104 20.358772617084934 1.4849767736938846 0.0
610379 151.01694394869 2.47199877637843 9.842836263518977 0.6495949556382054 11.82961822636877 0.5019280944064131 57.66027546629969 1.299055867437898 0.0
610402 150.848175210814 2.47409794299626 3.329513595135545 0.5349773209179091 5.189387690307796 0.5084952319645579 48.15705393973677 0.9030742532658924 0.0
610417 150.37747747179 2.47442249877989 5.246203333767414 0.543151159842586 5.723640822897914 0.5322130321076208 24.180069423604237 3.010259277169206 0.0
610643 150.633343429201 2.47595860683222 2.9537896173055067 0.5405570418604104 5.47346101472279 0.5225467810250836 36.51773604032026 0.7283686004564647 0.0
610688 150.388852878413 2.4767786760678 2.796900350942764 0.548126684599694 4.966854474260953 0.5383045299248924 24.75501366242281 2.8118535229298356 0.0
610915 150.505689899011 2.47845050537561 1.810633793584533 0.5357761738672912 3.4327296078264378 0.5189791610683302 30.133365164323077 0.9095359669162666 0.0
611176 150.565538556018 2.48057079508469 2.021918271395811 0.5601207544005905 3.6897385932014637 0.539372993956766 33.165661622458444 0.8909292366399282 0.0
611239 149.796262910518 2.4812311727466 2.4633697642028105 0.5582245575812224 3.7697883495581803 0.5451284923414959 25.574070998451237 1.161615604661503 0.0
611287 150.348204299412 2.48161406702613 3.569183232902297 0.5626592313600819 4.413297243979727 0.5406467530625021 23.338776633591237 2.9137410425438954 0.0
611375 150.165941487725 2.482340614232 3.11866741664152 0.5234913867360008 4.18643575779497 0.5062674121593159 18.452212400589598 1.351669063868257 0.0
611388 151.003224273009 2.48205862390182 2.7498351934109673 0.5774509661612522 4.773526877408578 0.5196963675980103 57.06406905202054 1.253074441763918 0.0
611709 149.897743030047 2.48507956014706 2.2891111491328164 0.5660444859505331 4.3479294846703365 0.5462803156500996 21.859348597462674 1.424314786580266 0.0
611949 149.818558044409 2.48708442186394 2.2869027849758816 0.5443039662182267 4.486173132398504 0.5312352538011119 24.897351538687087 1.4088594762733304 0.0
612071 150.638397881228 2.48801417110589 3.153717584693048 0.5453094831071104 4.139865038975939 0.5259846236957444 37.13554595307519 0.8334664462803183 0.0
612199 150.506387672891 2.48898045522577 3.248756302131265 0.5546891546306923 4.86559754620931 0.5286748982095193 30.543913803962624 0.9985763313287701 0.0
612276 151.05984566253 2.48940859720108 2.895530702092925 0.5889126373852593 5.884720457351339 0.5260409819833947 60.4276400650808 2.5307417788129096 0.0
612312 149.919617526828 2.48936646755294 5.444393426335635 0.556784775522791 6.790631195639248 0.5312090768765534 21.38156365980999 1.3828442873905729 0.0
612685 149.798626165191 2.49254588486725 3.708715254005445 0.5610621452606458 7.084393844943375 0.5395313946089647 25.95637483480719 1.0545230763130606 0.0
612841 150.040703703547 2.49440040896356 2.1634634563724164 0.5659521008493514 4.18348946961125 0.5576807718896353 19.081407453479226 1.0027730921158335 0.0
613181 150.03818094484 2.49705671932021 3.2154581081279754 0.5622549134705435 3.934115570785917 0.5488633845200599 19.266537551488177 0.992056161283312 0.0
613272 149.92757642755 2.49760406817346 2.2941284144665657 0.5567102167937579 3.424492825416133 0.5429231926744993 21.57675913567506 1.3328529233348836 0.0
613354 150.349882224878 2.49847901346896 2.352631072513331 0.5863508552300938 4.430244517139989 0.5761827715293626 24.189079418811428 2.1233946538551 0.0
613540 149.83465840511 2.50009891822288 2.9382917963821193 0.6002007920284806 4.454870912797798 0.57676450957735 24.848315809477082 1.3073549686921668 0.0
613548 150.113247319092 2.49976950142947 3.4778967129975915 0.5664481098729034 6.569586059853714 0.5469915734640167 19.086033488909433 1.6354283022142293 0.0
614279 150.137253590271 2.50721385137602 3.384709436770533 0.5644507316331504 4.437544956237995 0.5511212183002878 19.643535490476772 1.6451251844754429 0.0
614420 150.087418128806 2.50865484410862 1.8618540389446943 0.5347733191979163 3.3403468245882726 0.5220383074634407 19.617130359633073 1.4836639145790513 0.0
614723 150.459873138249 2.51150208302856 2.6488673317421783 0.5816149560397422 3.790743666533792 0.5615974861792138 29.264960265826154 1.9413874601329653 0.0
614853 150.070040967076 2.51281878971658 2.4608951241974384 0.561965705049291 4.2663983435765465 0.5500198045635714 19.9335376730673 1.2489823759705438 0.0
614903 150.014084427203 2.51324162489806 2.808623827598631 0.5333697997963446 4.885263073449044 0.5217633531855141 20.534284645811244 0.9896966368113841 0.0
614906 149.764617695923 2.51307734501147 2.4235930710814446 0.5668610018582763 4.759017676390558 0.5577194642941108 28.266385119717537 0.7648063849938062 0.0
615432 150.438614892769 2.51704922442671 5.310369246476558 0.59720289736857 9.18829752300033 0.5810487952714415 28.571735055783154 2.895958715337181 0.0
616141 150.08198439701 2.52366716174903 3.4815914062787274 0.5691178406877279 5.037013911241394 0.5519982032150381 20.531788676574067 1.4639886269837885 0.0
616309 149.601151971935 2.52498422706197 2.2591079256138116 0.5633269762406425 3.2946988005129065 0.5458134702227893 36.30398027091253 1.201854864167679 0.0
616314 150.631140241915 2.52492807752086 4.701641797816555 0.5329207378239789 5.642736099600374 0.5180557066401847 37.91274518141603 1.3466493720142036 0.0
616330 150.419315402884 2.52498952436193 3.8841151340573634 0.5841264403339907 5.034368792888184 0.5580656872771195 28.10857593835424 3.947226396867216 0.0
616358 151.046313848936 2.52485093990895 2.4662700850374533 0.5639145106019545 3.664570117600754 0.5104529903749685 60.34646173921572 2.121549314948001 0.0
616376 149.522456562558 2.52545837803711 2.0275400653119644 0.5785031095641254 3.979388516744022 0.5575204913402473 40.29368157951632 2.219975122558467 0.0
616445 150.601172855923 2.52577237722227 5.67404282580393 0.5613069527524223 6.84104372900848 0.5352237260840821 36.4456136567804 1.5769415443763555 0.0
616541 150.050516774803 2.52607190958953 4.345657384273083 0.5736124428159688 7.258898520529018 0.5559934611543006 20.85965936652754 1.1056510284297643 0.0
616550 150.550374348305 2.52642504811463 5.515472648081902 0.5499343993891823 7.065260096840026 0.5419940985547863 34.00264524695355 1.44713023459374 0.0
616721 150.440973895846 2.52797928061881 5.6682258316043 0.566464380688946 7.049946145312948 0.5405859396760336 29.1359561604903 3.3359790119785004 0.0
617075 150.41828716628 2.53061011890346 5.556327011580964 0.5770667700214285 10.559925235244746 0.5608613390415524 28.314846161999007 4.037534714505586 0.0
617234 151.022489702253 2.53166973139761 4.268936848582317 0.5692558497270211 5.6324135326306735 0.5076917304282905 59.14957144516986 2.101092781984673 0.0
617320 150.916465341302 2.53314472096321 2.349570702897447 0.5527968655087808 4.121200750129554 0.5047112306909292 53.28956620953744 1.0630326877967486 0.0
617412 150.332024764749 2.5341892139173 3.097521856645568 0.5384766763293024 3.938792136944152 0.5203984576941283 25.30126530029777 1.7152343851575589 0.0
617524 150.152560628203 2.53319903418108 4.772389282088975 0.5672919840655588 5.537503188993662 0.5525656488939847 21.309523757567955 1.5182258784950198 0.0
617576 149.775559803367 2.53555073130515 1.877712130575976 0.5494033649354823 3.734794707182408 0.5379661226788277 28.7825081616188 0.7215883200033579 0.0
617616 150.378306637229 2.53578123415859 3.905987673473178 0.5445918591986514 5.100762641286644 0.5297515513825729 27.001573444739197 2.0219134708458313 0.0
617728 150.173538806115 2.53667780870205 2.865904423712362 0.5285768479413419 3.9341814959476187 0.5142599109430952 21.73578435869033 1.0671353613501833 0.0
617735 150.17373707023 2.53600315405587 9.917928924128008 0.5281364294892859 10.464278512701926 0.5170980406583982 21.698566489272544 1.0650333581809903 0.0
617918 149.945636930498 2.53751676333386 4.995081259316243 0.5591597314559913 7.9983457790778685 0.5458539395163887 23.25486994615116 1.0105172190333707 0.0
618021 150.731346779966 2.53858563080797 8.099233680736079 0.5367273914251383 9.335435530874763 0.4950133690083961 43.47886507155554 0.4591248967700338 0.0
618671 150.073570912651 2.54476741758875 1.981014541281521 0.5541805684033678 3.2020950649749746 0.5317639169435261 21.82695899586903 1.5426465065310457 0.0
618729 150.539331562039 2.54207889591852 103.9655676158348 0.6271119558186244 171.18139075944785 0.6041633801849312 34.067140282055114 2.0387843615780787 0.0
618767 149.922787346878 2.54536591923507 3.884057385160834 0.5470644530992486 6.68977174995904 0.531206823575128 24.255586948680715 1.0049569274440808 0.0
618775 149.754621764235 2.54542657652048 2.7237231639333976 0.5609418069803905 5.332629418117575 0.5399591999795796 30.072038672373434 0.7263457440080717 0.0
619039 150.347806885746 2.54787249172197 2.245657969405833 0.5366750778622625 4.155569004789727 0.518818764634869 26.509329479959586 1.5948868027253977 0.0
619149 149.733960696773 2.54898716940181 2.4994648203152985 0.5416211019458527 4.427844171701613 0.520905939803144 31.088826754878646 0.8219570000610594 0.0
619337 150.941675735493 2.55003386491954 3.09348207347014 0.5498447249816864 5.598232108848683 0.5187187051755747 55.079152838303905 1.5220614128923409 0.0
619634 150.49306423956 2.5524752578832 2.3554372697284345 0.5392581065890364 4.146305103209702 0.5201679771483342 32.39602538880572 1.8480218584203154 0.0
620009 149.74118113119 2.55450481965485 2.8831338102110786 0.5834567487342057 4.950323997484343 0.5635425745976096 31.022490386753244 0.8660306379821807 0.0
620080 150.411768131338 2.55610307756983 1.7934278414206402 0.5575375090243504 3.212719831855836 0.5384977473031152 29.21128985854117 3.0872554495332665 0.0
620114 150.089465289568 2.55619470953461 3.126094298139509 0.5630541128280461 4.370928352898628 0.5490153471681862 22.463895113342076 1.761984069150898 0.0
620216 150.719235484299 2.55704138733567 2.5278170176899213 0.530172106884605 4.642819428487551 0.5057628014001165 43.4117098207335 0.5019794029071637 0.0
620500 150.481056315707 2.55936443828357 2.907844157441992 0.563948123834714 4.296992511489362 0.5455352454387938 32.165865114953114 2.1114598647112546 0.0
620571 150.064076515168 2.55946781622694 8.557954990707369 0.5978729038545133 10.946333982153602 0.5768611311424695 22.753545850722606 1.559320493813308 0.0
620597 151.042332737024 2.55946252768035 3.955576399841298 0.59713061246763 5.260981128315337 0.5360813197305663 60.8634345502897 2.8929308214718867 0.0
620667 149.814619733776 2.56083835749827 1.9410802458204628 0.5572353800942166 3.419497835576475 0.535890355653769 28.451818053211067 1.161903213164301 0.0
620674 151.039813207766 2.55976441213968 7.339163821262082 0.5738851124308644 9.196478166015122 0.5367823668700246 60.73002123263404 2.966012046246906 0.0
620728 149.764985497603 2.56047641244907 2.505639381261113 0.5601756128787515 3.9660649385559856 0.5347643873695203 30.318032459865606 0.8637489958921309 0.0
620771 150.596285229345 2.56158019913559 1.9131438920048875 0.5402728865155361 3.3854267591842855 0.5141152747436033 37.469969895425294 1.501742335845182 0.0
620970 150.945010287513 2.56260306000016 4.0649364573387015 0.5666255540521709 7.154866168921739 0.52781845052776 55.56781802830649 1.9150522498233062 0.0
621051 150.397707553064 2.56393197716954 2.2119210254250046 0.551560440422537 4.113312006219406 0.5385947293964626 29.048428352592857 2.266708203493476 0.0
621079 151.033891915649 2.56385177072644 1.9139928587259152 0.6174006729960032 3.9045760767002515 0.5580178142788367 60.493242165133324 3.0859993215351564 0.0
621127 150.484962484178 2.56451520040708 2.5790264472032414 0.5668346199167829 3.673973595109069 0.5411784678188465 32.54975576939486 2.0401455995249815 0.0
621162 150.292776393588 2.56403194501285 5.101860707261243 0.5835948199888609 7.210482154702494 0.5664597887549387 25.673392708678684 1.870048640905993 0.0
621227 150.31072589343 2.5655437938956 1.8958286740358778 0.5185393458601596 3.784704818713825 0.4984765001590535 26.25488676762583 1.7990456095974094 0.0
621425 150.902375856591 2.56686592164004 2.0373884089016867 0.5162264388254946 4.071073162820569 0.4930713450799387 53.358323770285594 1.3200008695168914 0.0
621768 151.034154030561 2.56924214234549 3.622205861882585 0.6046201858696383 4.59981871168678 0.5385892184649765 60.630900958037785 3.022361514765071 0.0
621782 150.694171977321 2.56955500398044 1.7373291340945312 0.5167763041020361 3.5122235069115377 0.49876981562459477 42.539715964314105 0.7194273475326338 0.0
621881 149.695578758029 2.57049431056202 2.3554171831557285 0.3473701484128763 4.261051581194369 0.3441759037298143 33.634576158207366 1.2443413921825797 0.0
622040 150.351565911811 2.57171990244567 1.8431741701284527 0.5396297109540981 3.7980696001279246 0.5259259606026361 27.82740401262724 1.5821582080651138 0.0
622075 150.953984489048 2.57105362715003 3.633169010257495 0.5676205457606206 7.308345610807543 0.5256762046726492 56.26703504620793 2.201144073376248 0.0
622159 149.966334139792 2.57279199646221 2.3431055304478012 0.5430863971974247 4.029267597095809 0.5151200797912083 24.78207442066234 0.9171457869125273 0.0
622256 150.281576461914 2.57303044191688 2.843117365818055 0.5455936576766144 5.047950663799607 0.5262828835484133 25.866987743321154 1.8088773440989263 0.0
622651 149.642051876922 2.5767427791599 1.6586393417180811 0.5106842556134953 3.011840971266792 0.4912104657548106 36.26005674438386 1.727744829783939 0.0
622782 150.460103542473 2.57754696021358 4.518022582345368 0.5440620580275695 6.856908258643834 0.53309398283288 32.08467785669221 2.4921859661458727 0.0
622884 150.31559947801 2.57854460139744 4.176132285945349 0.5338419399090071 4.752909555646771 0.5135031879444183 27.079513402487535 1.7165002006963752 0.0
623045 149.666755414013 2.57999783196493 2.245269500240101 0.5127467670410046 4.4210295443909144 0.4975712652824331 35.2840130642061 1.5452762459511926 0.0
623284 150.423882962384 2.58080016760125 10.11826888514816 0.5409910136185836 13.172525873685863 0.5134181676626374 30.817143002167118 2.228751255834367 0.0
623332 150.6381801511 2.58221975920812 3.299691086390854 0.5126170858744945 4.23501513388461 0.4812727369165458 40.22044260499407 1.3464972487961668 0.0
623513 149.953229086543 2.5841037689454 3.157505191248957 0.5400168943764125 4.157149534789515 0.5177012816399876 25.683679071964885 0.9184079875045366 0.0
623597 150.268039834485 2.58472041222289 2.087067396086902 0.5386764291288482 4.141564929571231 0.5301229212094887 26.18207221640026 1.74422287892704 0.0
623804 149.741767357281 2.58524907926958 15.039937712786232 0.5805048412246855 19.04167691950853 0.5667446189311125 32.353452641644196 1.3236382232500163 0.0
624441 149.676581501701 2.59167597084173 2.175825711792353 0.5503791090163312 3.407828438154816 0.5262004255922532 35.33645679981381 1.403626832805741 0.0
624572 151.011855659798 2.59209803839676 4.327437703987942 0.5513075489604599 5.241579172962329 0.513901571636422 59.94780068068947 1.8061551545930872 0.0
624722 149.613969452976 2.59383290361688 3.2163723690863057 0.5287813660163592 4.117208543804221 0.4959856621354352 38.20576037399742 1.9722035285120483 0.0
624939 149.799826403128 2.59550112472294 3.427843291495522 0.5521265309545126 4.037551763216087 0.5211481890203825 30.651509566677127 1.4344774692779918 0.0
625074 149.958710475307 2.59584871357557 8.911333171442227 0.5457235136055684 12.141324623103493 0.5177015649121669 26.238920192641764 0.9209673057009625 0.0
625104 149.878420234923 2.59544690370609 13.9088178664388 0.5634028640829051 16.787181888192677 0.5341518499100502 28.142262685791003 1.7746096164769503 0.0
625186 150.582462188941 2.59740783726148 2.2142061305904837 0.5321450452339722 3.4054852621926037 0.5156796711051865 38.182535448307235 1.4636487844452086 0.0
625368 150.961525415181 2.59822061858905 4.463536337519247 0.5719118989284722 7.439219288993722 0.516837249989431 57.36884166917493 1.5396046312133986 0.0
625453 150.284194582935 2.59791042572656 6.128539002462547 0.5348800263839368 10.121205516325773 0.5182266614003248 27.29150610155686 1.7416468050213043 0.0
625492 149.932282987912 2.60007713136958 3.6249605550651096 0.5559209878850105 4.864006586642924 0.5359441387397903 27.027642991429918 1.009318514008452 0.0
625524 150.45133730029 2.600086301432 1.996824734162504 0.518993205994092 4.126397507016843 0.5074932596387448 32.757204295025254 2.2071586078336685 0.0
625623 149.672515137607 2.60124068308578 2.295995435647579 0.5069222114345907 4.551008340011021 0.5004264943365526 35.91157190095722 1.4652863791939545 0.0
625726 149.601941607522 2.60163526773448 7.734428815333094 0.5053992951266557 8.549317893203838 0.4773678299264363 39.058544147837836 2.329104461192126 0.0
626013 150.825485032371 2.60439570842961 3.1805434600621725 0.5491486951766736 4.224683424949127 0.517812362962254 50.33830102340325 0.6023284018120563 0.0
626043 149.632300176351 2.60486333976114 2.5664525617134353 0.5126043264397004 4.087257661258326 0.4884450854855263 37.81528458493877 2.264327945194678 0.0
626329 150.637209272987 2.60690287926194 3.497668853584766 0.5364219169029716 6.725136478889548 0.5119539852724461 41.07605526096757 1.4439085635617892 0.0
626511 149.871277490296 2.60863476199503 2.2047914509550814 0.5279179528438882 4.449441100163085 0.5177055307226754 29.041921056371304 2.805935444019425 0.0
626556 150.556956618715 2.6088366752375 2.3387453278096872 0.5462545023492554 4.721475099442418 0.5306044581620925 37.50266866997409 1.492637124609939 0.0
626558 149.854672121822 2.6068955925847 10.070318244536239 0.5505693678824791 20.785584148644137 0.5322148089967449 29.43450540567665 3.1286102393922723 0.0
626779 150.723775388026 2.61028713238234 3.9929053638143137 0.575979224107017 5.384457153542015 0.542958176788629 45.374095684309246 0.8274876489884284 0.0
627116 149.747345840418 2.61350689547607 3.124165214599237 0.5703875767257666 4.412460689730552 0.546860096544849 33.42774658212547 1.5497367252629346 0.0
627668 150.29063825172 2.61765680939222 4.3196451438586365 0.5698195793859593 5.553781553530794 0.5482307476118756 28.531518120144685 1.7058299864412725 0.0
627798 149.775727529565 2.61839809736007 6.855546749542591 0.5393177595562074 9.032216483668844 0.5153719087585067 32.61371165402012 1.473224741593467 0.0
627980 150.109071964739 2.6204456088946 4.990314046060669 0.5728240947657987 6.958801261497835 0.546998706772529 26.315689936735183 1.709653850513721 0.0
628008 150.590683856436 2.62091575659581 3.9252654526036377 0.5504199632014808 5.4763274716560115 0.5183694177026275 39.48358178765458 1.5794565540836132 0.0
628183 149.609886783834 2.62182992690135 3.692082026683838 0.5120018670427343 7.2540770992791535 0.48460517658453234 39.49472946686991 3.3042693632695967 0.0
628717 150.978413077982 2.62677069868852 1.759662441461812 0.5502330726723221 3.3268458150079994 0.5152637245380731 59.03579343204649 1.053361402244753 0.0
628944 150.657980104781 2.62885459288113 1.935192304815954 0.5091893452929223 3.6688300161354186 0.489294721758977 42.87042919393099 1.541273592828135 0.0
629203 150.627890222265 2.63085996785373 4.2973874186591665 0.5508534247499554 8.091834096375356 0.5295991638261779 41.55624978396843 1.6605514888634847 0.0
629288 150.102836546973 2.63017799954187 81.7080239680798 0.6680681628916338 113.48988259778818 0.6550781164998385 26.894550862437452 2.158499267653929 0.0
629328 149.664818895877 2.63209121682751 7.015403678262574 0.5480819113828423 8.67374056254933 0.5260507677495848 37.55059105777385 1.6870832583552835 0.0
629408 149.654082275163 2.63131757409202 14.992857361564822 0.5637421546186189 24.510891426745125 0.5422563442126739 37.96758989171109 2.135822984201217 0.0
629455 150.574542194513 2.63360480532354 2.6501638170022903 0.536297999289779 3.8149178567855517 0.5193759352593158 39.289178145089416 1.6089757382513064 0.0
629616 151.010756318611 2.63472261625158 4.006822397217749 0.5850236659674299 5.003117175999488 0.5253293507652412 60.98244043986006 1.0407497061246282 0.0
630084 149.856909059288 2.63806158693665 4.9217258683541525 0.5694721028419996 9.541189505667635 0.5603584021634118 31.00503994853097 5.2897616880752025 0.0
630106 149.856495219531 2.63879272040423 3.293775848249078 0.5711034695194958 5.316628660316048 0.5567899581421373 31.055418825938535 5.275950649630994 0.0
630142 149.918649528012 2.95034151529977 5.943745237528381 0.562483882210017 12.21770033929614 0.529804858056293 47.36792447190012 1.5591825639379089 0.0
630354 150.607888960077 2.76378546071013 2.0596472929418894 0.5034184818934697 4.00222540478985 0.4822253039991069 46.32092231344793 4.126451220605832 0.0
630458 149.966842658841 2.76361889598151 3.320013933846387 0.5580169924417105 4.799915226020938 0.5371064559950322 35.801597617925346 3.552521420784601 0.0
630651 150.976710340823 2.76324994496526 3.6849987800912207 0.5467890242354982 4.404710362907963 0.48376197831515416 63.07423932897491 0.8000231289025507 0.0
630785 151.020069816766 2.76196665820548 2.7226230377974954 0.5579371542105075 3.926332925182883 0.5098732738602597 65.21456854964882 0.8224214965773964 0.0
630820 150.97838860172 2.7612516085294 2.0825520375506414 0.5334854753389686 3.864541734655906 0.48484526263240246 63.09198497184952 0.8044231134602952 0.0
630938 150.958346127893 2.75969329846363 1.8358765637522392 0.5386640396446053 3.2777841036532522 0.49374134816375953 62.04058729356867 0.9527725686957191 0.0
630950 150.988028606655 2.75976866195116 6.473855772018034 0.5612931278622127 6.814777316193252 0.49948063565423506 63.526464011406446 0.8017106987854548 0.0
630955 150.407844379082 2.75993397766726 1.9036436384193545 0.5385470514517823 3.7976034886330785 0.526248736374813 39.283421364138675 2.4162406976566455 0.0
631239 150.910006304199 2.75796920960511 2.4995434927250644 0.5392681095062748 3.728073044650517 0.4885436899559001 59.59938149523007 1.7910194080518997 0.0
631297 150.132445329111 2.75789758970641 2.2512104903981656 0.567888770029073 4.659678500992019 0.5505935981145333 34.611875700719295 1.3247764265100443 0.0
631655 150.475381134389 2.75503247510785 7.7208554425870455 0.5381164716021016 10.252381651943274 0.5106175457590605 41.09357530979069 2.8855273653436306 0.0
631664 149.675570276402 2.75632319529663 2.0850465066085566 0.5235259004433926 3.300814389341417 0.4975906823027157 42.83662529574099 1.7458642923640277 0.0
631738 149.63382727817 2.7557108904191 2.3354499710451577 0.554843485788784 4.478220523487956 0.5325165196195967 44.339954463324666 2.969333445324331 0.0
631942 149.829600660443 2.75234244917143 2.043836713780662 0.533576505053726 3.6233862055492296 0.527933420404486 37.8682049803869 1.9348470812745333 0.0
631952 150.078800047895 2.75201478866417 1.8855574823386754 0.5954604448482844 3.7317203027176458 0.5790040851780284 34.22782020627592 2.017777291974116 0.0
632054 149.85397209436 2.75737306245857 4.450287568938532 0.5428757806069319 5.85817141615733 0.5117615404547121 37.543650935071916 1.4163518811870444 0.0
632178 150.882353674706 2.75163991729179 5.472050319270432 0.5577502219663054 8.824880691275366 0.4975325986299739 58.03247857940602 1.3487088067917026 0.0
632238 150.647034144607 2.74977977368109 1.7557433708627426 0.5096751852186142 3.51804243251239 0.47985139300545265 47.28696368498472 2.6840203056569054 0.0
632339 150.635435071652 2.74937545372842 2.473427085404725 0.5229022673999325 4.55418549502078 0.48128641123719573 46.78983394444722 2.8683328444857796 0.0
632359 150.083604921666 2.75317578480688 3.121157121576421 0.6174479165979776 3.9308328325093695 0.6041293746474204 34.28796804055539 1.9087431713094005 0.0
632373 150.003944287338 2.74824043325364 18.315402074812095 0.566120437661667 21.754275856205123 0.5390446815010869 34.462189862840354 3.3003759742814354 0.0
632382 150.648804711146 2.74913100609767 3.282487889692705 0.508495664220108 3.9245923464018535 0.47738968051225816 47.332636733301186 2.6546886086905492 0.0
632558 149.603168385862 2.74665273422598 3.8142969112927627 0.5266261719357122 4.210644455748559 0.4937551254924746 45.11101319690967 3.6663672778007546 0.0
632579 149.714926341505 2.74762065765442 3.531798387053933 0.5127573090528796 4.4269965440854335 0.49151630957627684 41.046133320357924 1.0145086551740297 0.0
632719 149.780488057999 2.74953571509604 8.059564116002479 0.5750020689236528 9.487110528979137 0.5417359345914808 39.07183873377514 1.781697734239702 0.0
632729 150.896754146914 2.74572431407186 3.155343567001589 0.5451012048336801 4.669782175823256 0.4854905309045769 58.52650440268652 1.679833838359881 0.0
632738 150.687763690867 2.74536043220317 10.655436502181882 0.5426619374773798 14.337818774409989 0.5028920310041661 48.827710718465994 2.149706656141286 0.0
632815 150.579270238027 2.74609226481063 2.956252540143467 0.4991275368651362 4.607272890322037 0.48375685366391247 44.39741759023325 3.1400756251730404 0.0
632910 149.617110657617 2.74521926034453 2.62894209541816 0.5452552393074116 3.5935181157357055 0.5065853851804547 44.49831981702281 3.5643552055661507 0.0
633080 149.928893107454 2.74395580153667 8.139720099426391 0.5418006171919013 10.669410576301399 0.5150379179832356 35.24610777027215 2.0134138079192283 0.0
633108 150.086974586176 2.74416179525927 2.0866583253081377 0.5969301986143335 4.172078751193223 0.5791221324207009 33.74207620341483 1.8661345491882673 0.0
633215 150.299178259838 2.74172659497773 4.2948360376452515 0.5466270981275033 6.480448931988639 0.5267425570391869 35.64598546178365 3.5634165020912496 0.0
633310 149.948634238864 2.74342837602943 3.7698767176020795 0.546634301809825 4.5652082593134 0.5212712579062316 34.88953893182346 2.85345745905607 0.0
633628 150.459318000978 2.74012891053699 3.3536280407095123 0.5215347870750868 5.630110529813874 0.5049331744433231 39.819403149612306 2.4840053634674657 0.0
633675 150.915848978499 2.73737704915018 3.950865325981235 0.5182116360988976 5.758656869527858 0.4952821814304376 59.18092247211198 1.5819839916126974 0.0
633683 149.809817915236 2.73891590776314 1.5480093235373444 0.533739577289585 3.2065618809605287 0.5117913741655838 37.67441050536908 2.647791528811015 0.0
633941 149.618361020053 2.73535569900411 5.023701406420362 0.530177639003422 6.69003390548487 0.4986708506259929 44.00137593718022 3.7659269862705655 0.0
633987 149.868306846539 2.73586767644358 1.9295853183091671 0.521367827121471 3.9605635353159876 0.504911671509721 36.02066582299124 1.4925702964556513 0.0
633988 151.074625800822 2.73479171019955 2.55067527990927 0.5830690997921545 4.905441967133517 0.5336973139465264 67.18340281319938 0.7696489739368848 0.0
634014 150.629883657909 2.73500934470786 3.528397086494387 0.4963621126599868 4.080128601828728 0.46355148690669384 45.93581546714472 2.655847571577972 0.0
634251 150.809002706101 2.73343366583611 2.596377717995057 0.5000478555998407 3.661684346655314 0.47344103372248036 53.86305763154781 0.6792017914543367 0.0
634367 150.228122596308 2.73225338521159 7.623460286898227 0.5614372857644124 10.345020152703198 0.5462808693184498 33.90000173169581 1.2195680553654649 0.0
634401 150.555929648565 2.73174414035109 4.088530969703776 0.5225928787427259 6.576690268587592 0.4984963034595804 42.83882217403658 2.1619354456979396 0.0
634432 150.320706930068 2.73138945854417 3.168571347689026 0.5647621422260218 4.593138896181358 0.5434032102581419 35.52240700139319 3.87262964705566 0.0
634553 150.857068111663 2.7308266478386 1.7571212324943304 0.5357162096097685 3.3757867494063474 0.4908023993046818 56.07245003550634 0.7838094279173277 0.0
634668 150.996886017086 2.7299058810183 2.752671391725049 0.5228462126116072 5.21894572584519 0.5021646653040597 63.01951227787386 0.9936586727270049 0.0
634831 150.674081728745 2.72919948824742 4.456239246183359 0.5207158560934277 5.622760389324428 0.49644178184796084 47.56491868083109 2.1338362868028176 0.0
635032 149.820973819607 2.72727968942236 4.448917690431995 0.5532138709427769 5.509628434001053 0.5230411939858322 36.74737916352282 2.9909316701321558 0.0
635395 150.710592568619 2.7234324542468 3.426865487436997 0.5258167344696877 6.782665581960476 0.4994453296399017 48.941282584946215 1.0809483046569117 0.0
635404 150.921543308663 2.72324369638322 4.188187397066998 0.49319542905283237 4.359752750389327 0.4880817889157174 58.99245879128422 1.3349030760103777 0.0
635421 150.112021231117 2.72520210885038 2.0716343414844838 0.6095903877309011 4.085537684090327 0.5894600990961424 32.60342439715092 1.382145494759754 0.0
635445 149.960274402237 2.72488131092271 5.211448592846763 0.5645166289593452 6.029562672973532 0.5424796141939069 33.63575392900229 3.0117918936985846 0.0
635740 149.607314308251 2.72644873437078 2.3911445004755976 0.5174514825779511 3.953256658213909 0.49421441270300387 44.04086592001789 4.297205419762087 0.0
635923 150.856200680661 2.72284165371023 2.0914542520618755 0.49881466433945043 3.751394328122756 0.48047867349424866 55.75023554191297 0.6955788516837702 0.0
635973 150.386212400377 2.71998433956384 6.227775427316089 0.5515228760186748 8.712527734444759 0.5360742636781028 36.55837234731458 2.4624609275884914 0.0
636091 151.070181743395 2.72057117096899 2.274859597037776 0.5677716220712264 4.466332105167753 0.5187887892879075 66.53355069172201 0.8696656763387677 0.0
636274 150.808239282676 2.71715376215286 3.5900824104823967 0.520652445401765 4.708050573350525 0.47202776306849403 53.232274404899016 0.5855581391683774 0.0
636282 150.353402148639 2.74108517238665 3.747537706163191 0.5130331472785333 6.242604210856266 0.4916768991498603 36.82710101099919 2.6302266444919473 0.0
636733 150.264281234248 2.71463306611637 9.134129186815306 0.5420404400090941 10.166203945790228 0.5207986826552968 33.444069327326496 2.5128828809360253 0.0
636882 150.660005027662 2.71311910486156 2.4657188631287696 0.49207240006894776 4.409689772777766 0.4650169053936671 46.28866728662408 2.1218370788699508 0.0
637236 150.310445746612 2.70937646874966 53.05775061018434 0.7267579527986914 55.310443257880074 0.723636898279761 34.067691234828466 5.933634965975506 0.0
637261 149.610700510174 2.70844698799464 81.63834158720115 0.6447511895680144 103.23326654180639 0.6196615745125549 43.107461097589315 4.675424577285079 1.0
637440 150.282300541749 2.70882598696805 3.1739286168938508 0.546816533255451 3.3503974502659526 0.5269035715210391 33.44842120522538 4.446859484484746 0.0
637505 150.307447639219 2.70725816388211 8.763925539957238 0.542272783174585 12.044820615938384 0.5240528619457785 33.88329310264852 6.130844181202439 0.0
637517 151.087260164419 2.70732211262087 2.5126019539053965 0.5780214856421656 4.144971406286051 0.5376565448149994 67.05316448690046 1.0487998033925743 0.0
637572 151.050003059062 2.70677068845527 1.9592665772445093 0.5553627496309843 3.7958481024426822 0.4892432434784136 65.07443041538413 0.9300572886093611 0.0
637648 149.964120735289 2.70629063148341 8.138363740728405 0.5838314018982479 10.890448372762291 0.5625070345185627 32.498095506686056 2.418873746086763 0.0
637664 150.390992491233 2.70551706511861 1.8564719963001997 0.5299916419888443 3.7651417844989234 0.5185301489123005 35.93245582378286 2.408679086010481 0.0
637814 150.872969897869 2.70461810214975 4.218340651832907 0.5412713291475155 4.999996546665486 0.509785781384915 55.950770703474355 0.6077809856673175 0.0
637906 149.800992216179 2.70498247350938 2.9875103375160723 0.5628617298456372 4.851702144499558 0.5407277689057499 36.140291921896484 3.726989620077706 0.0
638112 150.844441865013 2.70481591359732 2.338811124211308 0.517078143486603 4.777730636547732 0.5033299826691993 54.549772865603636 0.4824443134171349 0.0
638130 150.160970673206 2.70228540704392 4.25815962976502 0.5960276415947966 6.121902836624737 0.5739949059773942 31.433665313848195 0.8308096866438326 0.0
638493 149.609739124957 2.70208379974018 1.8653050666476956 0.5505948804867777 3.6069435431481685 0.5266886065650597 42.868001670359824 4.821879132773634 1.0
638735 150.41676164444 2.69761353793536 1.9095371161073658 0.5627188989802749 3.2616123524635596 0.539546253522364 36.30223362467259 2.6883377336458425 0.0
638752 150.112366238889 2.69929044756643 8.102573202208546 0.5917224203845938 10.396155931449929 0.5758072298758078 31.049610574776903 1.6721670584187676 0.0
638756 150.690370310139 2.69276600401043 2.4621343112213054 0.5344087095072091 4.901508217885164 0.5028161526881681 46.81703919087897 1.4240709494283228 0.0
638901 149.877384369479 2.69806409203283 2.398083123744732 0.5704840534847383 4.7042959293754665 0.5478979028013294 33.7201628505894 1.6616893898653127 0.0
639036 149.810416785453 2.69526861247065 5.596988930262292 0.5873578077345227 7.663380289990245 0.5632278334545152 35.354602681317594 3.643270039519494 0.0
639224 150.371190600322 2.69905311737607 2.002455026244033 0.5345915229012882 3.893801819364827 0.5115359914200376 35.027456746056146 2.387885049927112 0.0
639247 149.899592728496 2.6940474146028 2.5965533982501867 0.575759797132811 4.851867086163894 0.5679006140663552 32.99124882279291 1.4829350466170834 0.0
639331 150.541016328111 2.69269589211984 2.9725480297714317 0.5006509477115234 4.846126446692564 0.4808041017241033 40.472630936999046 2.1672858654362126 0.0
639406 150.290451300449 2.69133823670681 6.231283366975091 0.5691923351288779 7.803800369375148 0.5478151744489984 32.626316957284835 5.120302100491317 0.0
639408 150.301027419453 2.69282049035292 3.6214237731478627 0.5711594791115923 5.8854430589284314 0.5556144816065713 32.936283948416126 5.888399292694305 0.0
639519 149.483190066244 2.69145134055483 2.6355264997032277 0.5497692988184827 3.606372105906697 0.532003178926875 47.97605210608349 2.6064606789553144 0.0
639573 150.584224065654 2.69119525340967 1.9550135029941602 0.48572034662448926 3.7848770997028036 0.4669765565772749 42.14477893560013 1.4227093331988445 0.0
639578 150.519903624183 2.69152450547246 11.058230355735391 0.5507657046299095 13.13239393149978 0.5183982342088558 39.60322736370258 2.3999622240867162 0.0
639868 149.627817905693 2.68897078191103 4.107661241284927 0.5308625676386984 8.045762966672347 0.5038703114749926 41.55308977562241 3.7052978955478957 0.0
639971 151.053472169744 2.68785705761775 2.4967199128989646 0.5284878916005578 3.033144455502642 0.4909005144867461 64.71688902557285 0.8958654914897198 0.0
640001 150.470729103298 2.68912871371936 3.7197870243850657 0.6029834841448967 4.861534908119426 0.5695092395159161 37.68204705584999 2.179338927422065 0.0
640005 149.844078043201 2.68871675948889 16.497819872192238 0.5796587884794495 25.7194940684655 0.5574947135719412 34.05736267276392 2.4580253312151923 0.0
640125 150.588815253122 2.68743293838902 4.051635412164918 0.5245039567925351 5.237417132089565 0.49131447814860524 42.172199284793955 1.3800266128483194 0.0
640228 150.387332883021 2.68581151547028 3.2441300811648768 0.5599360881161978 6.2211826536257275 0.5370994643226095 34.794454105260094 2.4414266592604763 0.0
640232 150.074007017269 2.68626405700419 6.503246033169299 0.606968667667222 11.430797265128376 0.5878694743059679 30.299268331065647 3.9475449714614346 0.0
640282 149.785370020837 2.68520365238235 2.989130525620947 0.607757010306155 5.8950217789076 0.5812854820531613 35.60193612409075 2.4302427285477455 0.0
640314 150.523198166158 2.6847937503674 6.049290005052361 0.5919720140643489 10.200766370653225 0.5645029316650985 39.41913742613609 2.415074552307596 0.0
640699 150.533003603951 2.68400898718442 3.3474331356708293 0.5409894972010744 4.996271002468835 0.5196898523378889 39.76428866887618 2.320826554835577 0.0
640724 150.003725596031 2.682655327213 4.806850398519889 0.5660869157565406 5.392150954688848 0.5463559621979509 30.591963426251805 2.172234542744215 0.0
641176 150.009789811782 2.67866320404697 3.8633602321485285 0.572587648433375 4.9108882610586555 0.5496959729587266 30.289763831739847 2.2283916215059394 0.0
641522 150.305547630495 2.67574968509849 5.460227697351849 0.5692060891085222 6.24174628243357 0.5443622668488081 32.088351317766865 4.1629404457272345 0.0
641550 150.235597411315 2.67897287638842 3.0968608667674484 0.5450645664456361 4.797519515945495 0.5281469689995695 30.909653191457657 1.7514777200387828 0.0
641643 150.074697464058 2.67437271466282 4.129810292975653 0.5941523114745891 5.343148086691323 0.5770863711529485 29.584604095837502 4.513378130241142 0.0
641855 150.702579244256 2.67241983751315 2.1084986103235495 0.5388187972182912 4.201170803995853 0.5149839546331003 46.592401293935076 1.3946060006491336 0.0
641904 149.610294164611 2.67226066982121 2.7474987129729906 0.5385947232342168 5.576862184410806 0.5147528946669397 41.56013647256651 5.172213509798304 1.0
641932 150.31770520406 2.67177625277167 3.3280953028383826 0.5630082771979121 4.174172003837342 0.5356676908449189 32.157172568506205 3.4396367950814435 0.0
642150 149.679817874173 2.6707705331071 2.124434473044027 0.6020286669370263 4.075713676155998 0.5813669356806861 38.66097828304845 1.3460648887497018 0.0
642151 149.731345432712 2.67087319298226 2.82996722745973 0.5923134884914589 4.795482531456968 0.5802615818854774 36.72828784071274 1.3618865971146512 0.0
642235 151.008502805659 2.66872429349944 4.6591028532958845 0.5746139522083891 5.281734678243318 0.519671903182535 61.79851160843982 0.8453832898854222 0.0
642328 149.611249152464 2.66713139888544 2.2333260369850776 0.5482118945845385 3.514761883157228 0.5166953177516496 41.30226916996679 5.109122739874522 1.0
642329 150.428197753562 2.66947513358503 18.471806044427854 0.6045177869693166 21.42856306657044 0.5687024803495881 35.25255748130999 3.4781782898546467 0.0
642543 150.524746651177 2.66783799753725 2.081993476317315 0.5725970831211145 3.8069427148607518 0.5520664203061899 38.70712597851411 2.4594323852726774 0.0
642796 150.896269029313 2.6657583190547 2.332196847587344 0.5679622600545955 3.5391122172004095 0.5402697821720432 55.867133680365924 0.4407156797860387 0.0
643169 150.547116554244 2.66227910129536 3.0207012099914743 0.5650260922573924 3.8629798748679276 0.5280851384084576 39.35727298801244 2.096727573103221 0.0
643591 149.735209468345 2.65855350434422 3.016487793846212 0.568719285820433 6.236910053774339 0.5522828016230653 35.99951269061238 1.473724697254585 0.0
643692 150.446450897721 2.6567007282057 7.525427768806236 0.5690822827722234 9.656718329907187 0.5450841731214611 35.25260083747168 2.693528838984948 0.0
643835 149.604572590702 2.65521094066885 2.4275461343420166 0.48982355224859053 4.2735631983087865 0.4635677106769564 41.08975032814628 5.023730652436044 1.0
644254 150.703857538588 2.65155336442798 4.233370352604178 0.5588049919883221 5.2612002779739635 0.5295772488603152 45.87258124776746 1.4691196285589447 0.0
644272 150.411422446058 2.65268679144074 4.1310006799286505 0.5754645173076165 5.668163511724878 0.5480399380471761 33.85665652077646 4.4695348257840495 0.0
644329 150.403420743232 2.65165115997505 3.994929343534613 0.5569342515092278 6.459588124912811 0.5321904862173591 33.5423248289087 4.187073085232772 0.0
644345 149.890567242462 2.65129777965077 3.307414888636665 0.5733940083370938 6.340434446860302 0.558604689854074 30.833018858497944 2.1497267332156262 0.0
644399 150.062004902299 2.65028718586896 7.304698352740414 0.5902135877296639 9.294229214569066 0.5657340969358912 28.19272101165226 3.9619216093210357 0.0
644467 149.887308594471 2.6505833756153 2.330323259642177 0.59975346599067 3.95910661499439 0.576204403223046 30.874033152299063 2.402970751963441 0.0
644530 150.407693295765 2.65008293952543 8.917327081993768 0.5690173520539827 16.26982388092983 0.5553170329424154 33.60321652852857 4.434094123926611 0.0
644721 149.661242964279 2.64990971552356 2.4692498508423504 0.5225937095778788 3.527014950028095 0.5016637499591979 38.47287243858218 1.848945616222073 0.0
645027 150.292085680721 2.64571735732053 3.142926202266792 0.5443068776873883 4.846302590483987 0.527116090035471 30.114774793531687 2.0357656107075175 0.0
645158 150.06083867342 2.64504630095102 2.2468228618627037 0.5842779642389353 4.178613325326769 0.5652113052531912 27.88510641294617 3.5892393042540327 0.0
645196 150.833590413774 2.64365772074856 3.246180327941793 0.5631177023274232 4.645798035451715 0.5340250212298228 51.97459363861833 0.4343426525444177 0.0
645327 149.828973826394 2.65012730175827 2.2612069080815553 0.5514333979292244 4.514857273263102 0.5371387747754759 32.451039209186426 3.6666521532516927 0.0
645427 149.613949428791 2.64210238517605 4.812355767570396 0.509593294413897 5.52145852400436 0.48206589901827285 40.14043856638938 4.290676778526584 0.0
645693 150.005818077337 2.64053311759573 7.878509930113841 0.5475254728481392 10.683657493033508 0.5273027535255479 28.088592125195937 1.5228895440915269 0.0
645742 150.086370987048 2.64043612500827 3.274613257887484 0.5839885556128207 4.796343035081293 0.5662059768823862 27.521630565023813 3.0662956867556264 0.0
645880 150.711545860746 2.63963603012375 7.735099011557036 0.5368101462115271 12.021656677285677 0.5056527244064857 45.80504702912155 1.3720484339712182 0.0
645934 149.859529463189 2.63846698616333 8.910925903304602 0.5828567163235089 14.196315307699772 0.5602989793858231 30.95304207777861 5.1968670389852925 0.0
646040 149.613436646725 3.06976584208547 1.6041812953497978 0.5322014132541891 3.2148226127459827 0.5058356538542005 60.729635659530565 2.020775155941248 0.0
646260 149.960863249065 3.06742441881994 5.149968950212859 0.5755769703462362 8.095206837948837 0.5252735718979575 53.77931027100833 5.451976508975502 0.0
646366 150.773014963983 3.06649737424171 1.7283312508427806 0.5459720996777022 3.522786211433141 0.5246168053505096 66.66279387042609 1.4715621282192695 0.0
646496 150.257887453126 3.070156372022 4.911345616867963 0.5994605752503079 8.579362770609192 0.5304065024128725 54.12638691697355 6.381533999212283 1.0
646550 149.977921280134 3.06748789099735 2.3843885877620403 0.5590663303606925 4.894605261158591 0.504526498602074 53.634055320728876 4.083304030600541 0.0
646718 150.229592091771 3.06344228817173 6.127030964388614 0.5824208881931864 6.84068397334091 0.5329513295386423 53.45717371861952 7.826284884701069 1.0
646784 151.065408901452 3.06275882672871 13.103374241862923 0.6394345316102051 16.10083528723347 0.5495266276996047 78.36557829929858 0.5658603509684286 0.0
646940 149.722411447794 3.06511909905917 2.618755627854552 0.5510716682652795 4.747767135513853 0.4839661789283244 57.620903437252665 2.8976804793059903 0.0
646941 150.325229565905 3.06949650663839 4.344767394590107 0.5823243269687173 5.601667427821748 0.5409392058354976 54.93751304319753 2.9879410235832147 0.0
646955 149.75285296638 3.0652554237984 3.60530352599075 0.5532545777091303 6.157549421373537 0.5057733339747791 56.93663144762452 3.9516419335321387 0.0
646983 149.895473792847 3.06576908872794 5.872159653885808 0.5111448375340619 10.471574058916836 0.4917211797418707 54.42792023697388 2.1668436334656183 0.0
647029 150.765504288029 3.06215421539414 2.2016617569113452 0.5711289766601848 3.6949968974076857 0.5271219743711932 66.18327833149311 1.6894853821390898 0.0
647177 150.262126806108 3.06033277493477 3.713489034025174 0.6011337676626433 4.223333504255214 0.5466237187873246 53.59164503043597 5.793410163912534 1.0
647284 149.719828079951 3.06318470688171 2.3763883376213575 0.5082434428549534 3.991216804106189 0.4715137528233489 57.575295646231034 2.9012188788709015 0.0
647321 150.032386676853 3.05966475872759 4.556889276467098 0.5535444145321176 6.125791519844584 0.5256855011505297 52.81891241006636 1.9831240590961732 0.0
647396 149.890319192625 3.06088484252658 2.334641293353617 0.5388593708913638 3.8089169931896123 0.4905477118635753 54.21322667718186 2.0117866946353153 0.0
647457 150.370350283292 3.06684656701535 3.250926360163969 0.6181357846219453 3.901672279343409 0.5528034687644214 55.51171809699203 1.9978035485002534 0.0
647532 149.716078872271 3.05822284630427 3.3986883780211286 0.5528381500693516 3.882188175058436 0.470846324941157 57.39176022182744 2.943985367752713 0.0
647562 150.181315030274 3.05765609211915 3.1804385205957906 0.5926282269408446 4.925780008278661 0.5148366015958898 52.76825456211402 5.753243854285362 1.0
647621 150.238604026021 3.05810236434406 5.278755169958583 0.577554790356781 8.54165924355924 0.5192023022894816 53.22183505168406 7.533548879139702 1.0
647656 149.716463185608 3.05678098398979 5.382675757815165 0.547196720358385 6.787994575451414 0.4736888453752375 57.303278301569044 2.9671960649103704 0.0
647940 149.857901294478 3.05656682575277 3.6124816430113795 0.5912508575107421 4.551394620255368 0.5225906882128577 54.44657168635844 1.804343163544898 0.0
647946 150.076540092793 3.05690481061849 2.557382392551959 0.538608452424523 4.260692984367533 0.49511006782956446 52.51644940112241 1.6691692234646283 0.0
647972 150.567180097912 3.05356100987057 3.112057131580081 0.6010961671253502 6.419613270026097 0.5233969838428926 59.32155947800411 2.0273761073029006 0.0
648051 150.049339238908 3.05665229120515 1.8308146186702265 0.5489994132689886 3.776733153311224 0.5155421939662233 52.57023598388659 1.919223471352217 0.0
648110 149.781407835098 3.0536105420855 3.7949950669030814 0.5826776631148933 5.065208763796487 0.5258175059860315 55.6769305433643 5.317765523079456 0.0
648129 150.63576232379 3.05256226647864 8.244430244102421 0.6006142007014099 8.916572547916475 0.5313749971175088 61.317903359839875 2.0698119378022946 0.0
648254 149.769001873666 3.05407899903182 3.099773677329991 0.597538025547146 4.040657971420967 0.5106257864042733 55.9625931654071 5.064307904965704 0.0
648288 150.358449804413 3.05635624587306 2.764695909451344 0.6148592369277177 3.6355681968551377 0.5456251843556861 54.7037973846802 2.5879610256481484 0.0
648332 150.330707047979 3.05219794018569 2.468851595910428 0.6023694295256159 4.187820314950794 0.5330347531954134 54.01516091108819 3.167558621354927 0.0
648412 149.77124076173 3.05693897112689 7.038525383608568 0.654414010800053 9.237035016469987 0.4915510876742763 56.07577657679156 5.175136851223458 0.0
648534 150.035821687772 3.05852737247247 1.84624896087346 0.5771432171555259 2.9637695536984703 0.5253241359819426 52.735453614715055 1.9825276623872021 0.0
648596 149.627106367368 3.05508870724303 9.239737304299362 0.5926233832717782 11.992697247366939 0.5402645545127364 59.56456557863209 2.282880063829892 0.0
648667 149.927311916588 3.04954014704573 5.839440429588754 0.6000526621856959 7.450203167741746 0.5437072771904841 53.07476668974161 5.6878460853081325 0.0
648705 150.191532225203 3.049198154122 5.81880559645587 0.5906195721518599 7.082635754791269 0.5296389378153376 52.32363073510491 6.917896176700389 1.0
648715 150.043112028177 3.04843091384865 2.840040772431908 0.5690411376632788 4.56920728992305 0.5273186811476231 52.10087980801515 2.410268315832927 0.0
648764 149.690300715934 3.04997212202283 3.499065256668082 0.5690839942125868 5.011350481887593 0.49793206390666195 57.58039253223824 2.9275335538242158 0.0
648900 150.014475083688 3.04633822202514 2.2241231033036186 0.588859208767475 3.9357003498683936 0.5311783804731358 52.116338434736434 2.8752284464026103 0.0
648928 150.189111145577 3.04629331545845 2.9311127780409194 0.5325488426377425 5.806535662014332 0.5003068247168537 52.13523905045714 6.831776124866481 1.0
648933 150.756621280939 3.04705620085357 9.781099924786698 0.5501339803790318 16.69140112640507 0.49288810660802834 65.13978917945172 2.658093346654918 0.0
649065 149.644977317068 3.04536689304446 3.4284011445484013 0.6191743183839148 5.0288659732872905 0.5405819094854842 58.545658710508775 2.5159424980889 0.0
649351 150.208980417481 3.04438550689019 3.504915213448564 0.5708717351413692 5.1562111102014345 0.5168266916627522 52.15709976778565 6.865804634035755 1.0
649428 149.936584230411 3.04340755271426 2.624796020795497 0.6299853990891198 5.103697469823115 0.567800464475004 52.60762929978621 6.356564376605018 0.0
649448 149.676183461056 3.04179605218493 3.7896566739261974 0.5644346412751883 5.375656917015288 0.5313558633694054 57.50582475256024 2.9024098409760675 0.0
649605 149.637436599672 3.04466918799686 3.1773598670483416 0.6222633864842604 6.519029701473505 0.5552529104218539 58.72066101117311 2.4033486486890516 0.0
649614 150.181171063713 3.0411174523882 2.733807705016531 0.5741435703239917 4.150247736903676 0.5005308672585753 51.77945062592647 6.307887970819367 1.0
649649 149.941649237401 3.05106455019053 2.7537229238062118 0.6489646576185994 4.0593132470616515 0.5543037812334674 53.00387853910596 6.732356752066427 0.0
649653 150.082606661372 3.0409789830115 2.168492310113496 0.5386406647846759 3.537219959043432 0.4866729347325248 51.55261427529368 1.8886559502096525 0.0
649662 149.960905146444 3.04020072138634 2.540735001621393 0.5581185108490055 4.975497752248392 0.5311471561533845 52.16587502730729 5.349723415551491 0.0
649666 150.352425637219 3.03998670779614 1.8021246836019633 0.5451970388910498 3.5706697680426287 0.5029710381901434 53.65965425317833 3.923831264945773 0.0
649742 149.677130832079 3.04056531652376 3.9558686852261875 0.5754453096799457 4.688007006511656 0.5284378895275957 57.41450162215325 2.9191029727488327 0.0
649781 151.083009180236 3.0392698937823 2.9592751830554866 0.560998547558432 4.597318190905036 0.5155120641071641 78.21411628617346 0.8741330730973474 0.0
649786 150.752501443402 3.04000493956916 3.060533269947862 0.5436196095222967 4.796139594152604 0.48463826792546477 64.65356829332309 3.118480368483236 0.0
649840 149.973172042659 3.04045479173113 3.1840270640657797 0.5808723326483463 5.101886201757369 0.5328944948386907 52.06851229167127 4.198501828830376 0.0
649928 150.289987594551 3.04057161320587 3.9044422949756252 0.5897826354243589 5.10819016658504 0.5329935499693496 52.76113233759223 3.41618833662523 0.0
650045 149.939777654197 3.03812309184061 4.466247896074485 0.6335839439681333 7.431056414870168 0.5764555111338883 52.260632448402326 6.1046610373405485 0.0
650291 150.721739183846 3.0345129811959 4.029746842118963 0.5477609185695888 5.906860367076282 0.4952258231427873 63.28862600174545 2.588823434495181 0.0
650298 150.354001350241 3.03622114547581 3.7304315430624215 0.5571919888556437 4.435646775117271 0.49812792086655433 53.46974579273338 4.372977343618848 0.0
650440 149.711608361121 3.03636294786376 9.082598887179016 0.5862721183754265 10.026878970898052 0.5230980029337676 56.30301126241136 3.160157486361342 0.0
650475 150.018306416374 3.03460881034482 7.674592975403003 0.5805566637159919 9.921578461248577 0.5357607071277578 51.39364848164079 3.338531006906028 0.0
650498 149.792085492927 3.03567593853072 4.614721197497579 0.6064570568750746 5.723750011446982 0.5438995803721285 54.44716916028931 4.25149005437827 0.0
650637 150.88758463983 3.0342957230117 8.693636055294535 0.5754011709890341 10.452786417912423 0.512127669746313 69.597319287467 1.4714864818095255 0.0
650690 150.724260256977 3.03306708414111 3.1830521571090875 0.5344744062176349 3.8682331574309727 0.479726585858504 63.30772992005164 2.715972899260099 0.0
650734 149.978237782714 3.03465753726441 5.685347265650729 0.5827118377237349 6.505124642757643 0.5344238169540871 51.68068148407335 3.5358878213229534 0.0
650808 149.95178756406 3.04607986696235 6.817822234599361 0.6684272675843024 8.005438528164497 0.6527876806669878 52.603640947450515 6.440732718245306 0.0
650984 150.247133510615 3.03123565112126 7.916184486145466 0.5962548227425901 13.063321873407176 0.5487602090667947 51.714941232663165 4.619875843610105 1.0
651307 149.845220196004 3.02809934444702 2.5246263428716107 0.5565417319685623 4.318227237841718 0.5332017163930285 53.01622492436935 1.7323242959439842 0.0
651508 150.407856132657 3.0260599191559 3.0116806005853474 0.6048668358106007 4.443031423308545 0.5279411460093729 53.903546589312725 2.0334289383311566 0.0
651554 150.134692483963 3.02663722025316 1.8132055186913172 0.5287886281259956 3.5244039530964684 0.4924551637101636 50.724205364301376 2.7849800108440332 0.0
651675 149.692179325129 3.02436821457319 3.028506903649087 0.5892373128185051 5.981163303477759 0.531622461118046 56.14568476897442 3.070771882126687 0.0
651717 150.871830554712 3.02546932381594 3.4470211399267687 0.5541944579350994 4.85295240489043 0.511670635837209 68.5686455339577 1.6796298678707577 0.0
652020 150.042988370692 3.0221830706977 5.5537328822200065 0.5694292227849534 8.328288337388159 0.531209759304985 50.529993689485686 3.670059933781042 0.0
652072 150.095874045965 3.02228492048115 4.361729603919816 0.5595935674751689 7.102264456647709 0.5091240575743314 50.421035030675334 1.9498837760199903 0.0
652077 149.790517705693 3.04219957773436 2.597067537255413 0.5549079893522727 4.523273032186621 0.5216202234789752 54.84726810714731 4.664548499125259 0.0
652236 150.71700193969 3.02152276719696 2.7307884871226777 0.572007914577665 4.196598791023755 0.5308900480227468 62.492005480252935 2.5741963944520316 0.0
652241 149.97171931969 3.02076773437446 3.975152567584507 0.5786319199420544 4.936156396962407 0.5400981578594797 50.91332344529156 3.0884657561901743 0.0
652338 150.72737812428 3.01914418460949 2.94209730058935 0.5659683478085569 4.876193213311764 0.5275974595999687 62.747763040375375 2.9093421217878297 0.0
652386 150.037753242924 3.0186306603063 6.822429141553534 0.5826899708697862 8.790549905798896 0.538371304903132 50.33962234909834 3.7942590454882357 0.0
652479 150.785417730262 3.01880603943827 4.030177029551085 0.6011870666990143 5.399008072826425 0.535056595498361 64.87660382511595 2.246236346277224 0.0
652492 150.725918429916 3.01762087479008 8.797310325115303 0.6055376669055239 10.292672226549705 0.5315936317358095 62.62217957545658 2.839101922573481 0.0
652565 150.097285461949 3.01722365335852 3.4898580095238954 0.5448906283513539 4.402547322299697 0.5156688037543122 50.117016640828375 1.9981944618165817 0.0
652836 150.045385985382 3.01545750703626 2.941845960910361 0.5543886458167606 4.899635273740403 0.528557237247091 50.11780036937752 3.653704902390611 0.0
652964 150.532452107893 3.0152565775603 2.922178373509323 0.6121243360194487 4.614804453766244 0.5434155454739448 56.31811713997782 2.0149593835042072 0.0
653170 150.709654631095 3.01192074609495 3.387771776415663 0.5697523504664999 3.966652342047557 0.5190071277580209 61.76707449408803 2.3099152967022016 0.0
653257 150.352443904771 3.01100178752126 4.623328242398099 0.6091876644655045 6.067936009967182 0.5395499360606933 51.993803175230596 7.706422082928758 1.0
653266 150.332466714818 3.01087602397402 5.786206505314808 0.5997127920221129 7.090767468975111 0.5602360929620434 51.65078286829305 7.03420471106993 1.0
653274 150.866311904008 3.0120698758792 2.2668737680262154 0.6012774044593063 3.587000924213155 0.548628732147627 67.75289164222092 2.029315901652288 0.0
653295 149.675668699803 3.01352926512134 7.934498933850555 0.5782530282254496 11.737420471367647 0.514735241659773 56.003413547585886 2.900138464082201 0.0
653356 149.69282360904 3.01087071030147 2.4169335352888526 0.5160230203353701 3.0705365119155683 0.48472348134736787 55.400772998664635 2.969119469198788 0.0
653384 150.109598307999 3.01459018898789 4.797941205212241 0.549873169132203 6.11298529966381 0.49793029989354604 49.96205701211089 2.1824265946399475 0.0
653396 150.423132029707 3.0143326710168 2.8157776089638666 0.6095950944014389 5.263470446969994 0.5503236783557914 53.567201178899424 2.107525941643835 0.0
653482 149.864358357179 3.00947931756753 3.6042936606719445 0.5786342979276695 5.055899796187955 0.5407731568344608 51.62183585211012 1.302730676873353 0.0
653711 150.638373570083 3.00685613801517 7.250262324346059 0.5611237004126954 9.672571914935618 0.5287638714258007 59.08481502310679 1.8312774538613295 0.0
653730 151.086388826446 3.00951103292908 2.204721276710692 0.5872891679297177 4.436097950442669 0.559065200285377 77.20712591054046 0.9811475355204551 0.0
653772 150.358446395063 3.0062931684699 3.591095881083484 0.5935375754025551 5.295858371577479 0.5278952430403363 51.829977211302825 7.618747513528639 1.0
653788 150.425823215899 3.00692030674587 3.7841596099009447 0.5856639517600639 4.318692319255914 0.5522872052178509 53.21180011694546 2.2541012514341165 0.0
653794 150.822978643737 3.00654618963066 2.390845004526147 0.5567869057430169 4.800201845962244 0.5119175075413716 65.77013320702288 1.818665561334897 0.0
653841 150.4297854717 3.00707828014747 6.800347173865241 0.5818661738458665 8.98098992906469 0.5549321304309395 53.308220775738974 2.276134997400585 0.0
653878 150.632014369641 3.00690711905342 2.6650425594540703 0.5669172157725422 3.679110993598811 0.5231717567084216 58.88008356428147 1.9261575348782722 0.0
654056 150.208657916268 3.00540501006689 2.1356131657952826 0.6087481586416593 3.7898008852174203 0.5223051884842604 49.83502855944184 3.330718948051934 0.0
654116 149.768210748472 3.00391050747644 11.813451677086368 0.5322408218227732 13.174277010793572 0.5066308761172307 53.17655899807107 2.66499005106129 0.0
654168 149.809696117077 3.00393970635699 7.220765707367515 0.6284916161765629 10.381513334987526 0.5579959765690229 52.29916852375188 2.5374516981663118 0.0
654176 151.081142547686 3.00313184199844 2.7762162026986843 0.593115542319773 4.5995851408990305 0.5626633621334501 76.72034783596571 0.9572377433173199 0.0
654215 150.055945843177 3.00266424646457 2.458869341835998 0.5645120167778006 4.322943333344958 0.5318717921397642 49.313932426623936 2.9820311659450636 0.0
654244 149.758118930848 3.00391333766053 2.5855017916993215 0.5413157606539175 5.2383972538295565 0.5157427377930803 53.40587487940854 2.600345259019865 0.0
654292 149.691900464341 3.00471055274413 4.369388961744862 0.5756725989183826 5.732918373046572 0.5124975717083001 55.09377159821657 2.885132562391065 0.0
654325 150.364508871884 3.00191099508441 3.8798328956485673 0.5776735429226444 6.872017481641407 0.5343492777429363 51.689427378451605 6.977112111462032 1.0
654330 150.058724870224 3.00277315358892 2.28281735635158 0.5735379821329881 4.586997169056313 0.5304852263266705 49.311820184983844 2.891347741389727 0.0
654520 150.156872711982 3.00088109390229 3.7516164392632563 0.525524109034192 5.555702267665772 0.49472270600053275 49.25430200168988 4.124157784788969 0.0
654547 149.699358292548 3.00273727620916 1.8420215742593606 0.5693738434749085 3.4364389282528256 0.5194352936568639 54.790334050496725 2.8101550327298295 0.0
654592 150.274261560131 3.00030881303997 133.9437537370021 0.6912353554399981 204.51004939800862 0.6626163754682813 50.20048899829579 3.2704630532715377 0.0
654623 150.900916540661 3.00027103578841 1.8251472436852405 0.5795889887531647 3.7692821936780034 0.529732803914714 68.66799448080648 2.619549182956934 0.0
654850 150.790979456204 3.0055331343088 7.2735988015079105 0.5431361507491343 12.40991519152463 0.5188073307396361 64.47599255246143 1.892907732488013 0.0
655042 149.913941399379 2.99673855337026 3.3919938194863817 0.5836915036337003 3.9099896655647006 0.5426928795168111 50.143490209328164 1.9093803253027266 0.0
655126 150.14507983773 2.99713820439587 6.681574883173984 0.5992749241381624 9.66494159250894 0.5613131839193739 48.986201640346025 3.664918396100888 0.0
655642 150.242404248951 2.99004300070147 8.724180135535667 0.5942307376837394 15.89970431440495 0.5644091556977789 49.23147629228836 2.402648322123582 0.0
655649 150.923603838721 2.99032887306246 4.949051332839299 0.6205931301890769 7.8655078658491835 0.5755676846202797 69.20620476423638 2.0322381698417287 0.0
655702 150.520082128518 2.99013629334235 4.239794785364053 0.5734503814769527 5.577818099255484 0.5153099880353378 54.638915849995456 2.958433261137055 0.0
655721 149.722718314554 2.98964669031491 3.275793537174088 0.5740379667744392 3.7724660442119977 0.5241151689491917 53.47855904932708 2.172197011631259 0.0
655766 149.983194172915 2.99081816080504 2.6900011561220176 0.5839058800601894 4.828736753892443 0.552249362629913 49.03480608941669 1.700061104197936 0.0
655872 150.198773169336 2.98993797578119 1.9312670537329752 0.5721268617353809 3.930379854542832 0.5440142154726427 48.83976646766128 2.7073177986823422 0.0
655931 150.179446626355 2.9889926507815 6.308524994715482 0.5732955642780939 9.827097403723117 0.5387938954904482 48.65647183249464 3.2077939172499166 0.0
655950 150.1499305212 2.99265644839193 3.184725845027805 0.5647811339712817 4.697728521421151 0.5342866874673438 48.73469808855243 3.697761392605931 0.0
656005 149.604822112083 2.98928521761297 1.8952050889614187 0.5384479607868478 3.723192522523266 0.49042054840713606 56.81012090800571 1.4125020781630941 0.0
656035 149.730264233264 2.98804314341618 2.5991884733170445 0.5353845588837843 3.837277044929203 0.5136817524253721 53.20140519310298 2.0919136999212316 0.0
656271 150.528602340584 2.98583475552363 2.8092592586005836 0.5537688921047267 3.9728861326308382 0.5152827424021031 54.64821673538874 2.7792311986949865 0.0
656296 150.33259208842 2.99149112744152 9.545867230666603 0.6497029154370336 11.291637875700943 0.5969958343669888 50.533887034431835 7.9745759429944645 1.0
656314 150.001689288517 2.98650700001397 2.3531647830509375 0.5737305460209348 4.46081962856075 0.5402399613371796 48.63206698193677 1.5994365086948372 0.0
656343 150.319253775218 2.98537993998949 3.6238816743426465 0.5918965061943697 5.4078322587283 0.5554993572177475 49.96535215751351 7.021279043365844 1.0
656461 150.872404057383 2.9909277417612 3.605168533921359 0.593100756663474 4.0740632294319825 0.547135527235077 67.07766811409849 2.8052936378292563 0.0
656516 150.912372495559 2.98457685299365 4.56792883107434 0.5944604997969466 5.626735084278684 0.5564007035399081 68.48458903892679 2.971182778679008 0.0
656599 150.361047182128 2.98266237512587 2.8401397889345423 0.5606209952807748 5.787665485797708 0.5447848574361243 50.52681876692051 6.333913168570941 1.0
656631 150.266094621476 2.98343755230363 1.985689433558697 0.579371304979732 3.7689694354401637 0.5411486856120074 49.10926353433093 2.8294256017129746 0.0
656767 150.55883226282 2.98122854275699 1.958894589369202 0.5560182581894291 3.0654364538494474 0.5040850704148417 55.28314084255991 2.508490769356061 0.0
656789 150.539259647992 2.98073646393901 1.983436775933743 0.5449550584858288 4.102865314531188 0.4831572694686362 54.68311957895125 2.5953704937312696 0.0
656814 151.03776123013 2.98050709705443 2.2324252958352995 0.5492182753619591 3.579396353802766 0.5259973323157834 73.85852561792217 0.7089433609948476 0.0
656925 150.311579534683 2.98009091683285 3.76790381700609 0.5788347587445464 6.386645796292008 0.5345163439486166 49.53951818607743 6.198751413610477 1.0
657007 150.18649737172 3.00233465265541 2.9670286001200314 0.5560625757920723 6.1309926545746425 0.517806864906776 49.49568917719307 3.770985917271919 0.0
657015 150.595867935491 2.97951745578555 3.5166764168082953 0.5321944719464075 4.5327865995645755 0.4851732660638861 56.333105418098 2.6598225862492093 0.0
657093 150.90907878142 2.98770938034094 3.535698787441192 0.6061985314063011 5.22926468753261 0.5566176642771501 68.47688740850275 3.011472163089954 0.0
657107 149.901326675685 2.97874121434661 2.1570363969068804 0.5466156014099087 3.7330766614156317 0.5244575033777407 49.2685696295815 1.3994494414061573 0.0
657129 150.049101715417 2.97822837023437 2.1768487106394674 0.5317315857357138 4.11450200689216 0.5015301742507025 47.874339299196876 1.6626073985252 0.0
657223 150.001432387017 2.97838264486296 3.9135173698962054 0.5517821607253178 4.892637420833803 0.5108624989380094 48.150122815414555 1.290128343249175 0.0
657460 150.982105448584 2.97705994713998 3.478714545530924 0.6129544861645013 4.878255949816579 0.5271129997935162 71.21396059169776 0.7862751291855058 0.0
657521 150.223711522927 2.97627142212098 4.5341858353696844 0.5564753350035916 5.400990334280335 0.5209808652945392 48.23300890748335 2.1475662690984465 0.0
657535 150.027387401153 2.97505011048845 3.8647882458318406 0.5680890361351949 5.19259999681979 0.5244510782496764 47.7849594762911 1.3706046556376588 0.0
657630 149.783747898309 2.97471150513715 3.173975743083661 0.555032224645189 4.468972974438276 0.5039538767678532 51.20398046991171 2.2798334358645054 0.0
657675 149.611751878966 2.97781397637002 15.157690867432816 0.5672900168652434 24.356115370839124 0.5049925070888549 56.00631840390561 1.4219363838388934 0.0
657798 150.867796397377 2.97351928041969 2.1701517700432134 0.564631159919069 3.404844809547475 0.5117411577338188 66.13350613696625 2.883528527091527 0.0
657833 149.784029301533 2.97368402323691 2.17626009680313 0.5556941328036485 3.5510073310448487 0.5047091576536178 51.140470918266146 2.2727310645068153 0.0
657851 149.718529859061 2.97280844081327 3.11032981508744 0.5638253847527546 5.091006489915238 0.5071263449106472 52.67332793619743 1.8214106728606345 0.0
658201 150.88644273147 2.9711007467456 2.9782828750390973 0.5400425763847403 4.806893249874995 0.5173044430689613 66.81317598331499 3.7800692670229044 0.0
658209 150.385588991021 2.97062857239444 4.410676718802075 0.5813099312168816 8.356582850246294 0.5277121204524993 50.321998253179764 2.917464673263388 0.0
658486 149.793268308518 2.96836558977384 4.644515971320726 0.5735455804052222 7.130036718615485 0.5267338657336891 50.640538079513334 2.2694035772861025 0.0
658561 150.228868577315 2.96825358083642 3.396515319878527 0.5524721374726314 3.89977718846464 0.5390903269499606 47.80668760898938 2.084316951970436 0.0
658598 150.949845121842 2.9687039440254 2.1182641611809 0.5776364413922844 4.23738740962523 0.5342200154971694 69.44874060373255 1.1948870727315917 0.0
658755 150.002577701807 2.97587143793786 2.8419567996999207 0.5665078439437286 4.160063117912547 0.5102901990039923 47.992192138018254 1.2196259673645153 0.0
658820 150.594093199231 2.96477022484254 3.5737800193140665 0.5590418152702314 4.694432263336052 0.4968182248220857 55.52669666026449 2.7222128527893217 0.0
658908 149.705250008956 2.96596639613096 2.054438690127107 0.5825386223770821 3.760836948695833 0.5288611754193518 52.65666656278308 1.8308346299865543 0.0
659234 150.355013303945 2.96404646807581 10.951543743809117 0.5781366064075624 14.143017647185511 0.5397186890234407 49.352809802025 5.829486132491337 1.0
659303 150.270032769798 2.96191609201108 2.652314367882654 0.5870215868860993 3.4633680692072724 0.5434402931615993 47.89519491678279 2.8085225154584053 0.0
659447 150.331939367196 2.95931778473861 1.8899955848260666 0.5560682748835059 3.7755962017920277 0.5385033097386337 48.6701765734698 6.341085627011682 1.0
659588 150.97318378133 2.96025565946886 2.315288073691437 0.5353325740123243 3.886926932336011 0.5267795111825627 70.14285249112794 0.9201778330093169 0.0
659645 150.480486509108 2.95979584940161 5.268803303263375 0.5835848569018552 6.99498026918343 0.5211718293713365 51.94521558754469 3.811188100074263 0.0
659846 150.343156441298 2.95656438061027 7.5365942293497525 0.5639604399461243 11.27644431485002 0.5299159780065836 48.70881843558008 6.019806131089862 1.0
659921 149.772608158725 2.95617449303303 10.29161756559856 0.578386878684973 10.561732382987884 0.5316590547331939 50.42858462084665 2.0441921186125493 0.0
660024 150.49277257909 2.9544110134348 46.67709138511923 0.5762792347216171 57.68763248320804 0.527640658607295 51.984479651715375 3.643944767937273 0.0
660352 150.86533383934 2.95891052585093 3.6081850478535014 0.6094678798659487 5.700342716240335 0.5234741111316806 65.40344205678903 2.6003058281174405 0.0
660466 150.079147772456 2.95015503885319 1.8983797975296302 0.5416658902300588 3.9236750595816092 0.5127195540887186 46.109578579120544 1.4995084538944257 0.0
660703 149.754899430912 2.95082408527144 3.1520968557958313 0.5544084577308058 3.4952589799003633 0.507391899702628 50.55795708867185 1.8366026031526246 0.0
660718 150.471786160164 2.95275699972821 10.67581857927488 0.5662220383333473 16.303772764004723 0.524235855773534 51.33761795512389 3.234046746563585 0.0
661008 149.93623389001 2.9482371385394 2.5237243398730347 0.5200495248152308 3.235380318590079 0.49679506088343295 47.013731668382995 1.528094176816504 0.0
661116 150.80504856384 2.94560996082312 2.5012047552959222 0.5617381260607089 4.187283900451477 0.5091068552274497 62.33293885450841 1.0651664674569532 0.0
661294 149.631629911233 2.94776135614181 3.702496399591612 0.5361718854901735 4.882886677385819 0.49820705681261296 53.84656515434442 1.7999077097251899 0.0
661421 150.344043466986 2.94478906191461 3.0265398358847877 0.5019166772396981 5.587615582613035 0.4864895288725086 48.051314225423816 4.968566322544349 1.0
661461 150.282259517179 2.94396663222355 3.5651194102196633 0.5173576006516566 4.087666732037089 0.4827234510022176 47.00836041313069 3.4977876838783484 0.0
661575 151.058962399785 2.94275371380962 40.465639388368785 0.6276151885558813 48.23232131650409 0.574353219532051 73.40106864602438 0.7157397738321868 0.0
661650 149.930891424023 2.94093179481058 3.5328856371816895 0.5477852093217079 4.927540416112235 0.5068884349081535 46.65369329607747 1.6697323098003416 0.0
661700 149.92678300641 2.94792534800517 2.8918748171003377 0.5242820692131422 4.361041767564714 0.4956669294298159 47.117016033797356 1.5754188223592973 0.0
661711 149.692360989049 2.94277752592571 2.0088514408101847 0.5111311501722361 3.622517332519611 0.4788719536938931 51.77766969725073 1.7016347552098392 0.0
661714 150.075092075165 2.94226304351057 2.0276841478431056 0.5190080708428754 3.2920740262525645 0.4923782939415384 45.64353952639122 1.4059060336204168 0.0
661852 149.824551108384 2.90640756638892 2.2685294939135705 0.5490476717447647 4.066180537245662 0.5134221978531868 46.4978086047958 1.085091031818421 0.0
662061 150.300893710728 2.93801157855032 4.410474179193954 0.5302789955919709 5.120892219859921 0.49724439493966616 46.93498580355978 4.197814751058553 0.0
662106 149.625296684379 2.93811565186907 1.781081165970559 0.5258917986662829 3.3447527370553014 0.4862586620464702 53.55433673823344 2.002911960937943 0.0
662227 149.926409968895 2.9380633385037 2.428371022927813 0.5338058311510003 3.6584250427135907 0.5100726717223919 46.54502561429424 1.7427785673188458 0.0
662282 149.976994766038 2.93707959700869 3.3894850194314015 0.5328781088341065 4.284826228913392 0.5181088974298315 45.904077964166305 1.1599548375817839 0.0
662476 150.87968108138 2.93686443704408 4.613963315658168 0.5930968615329635 5.081055138260357 0.5410705926226084 65.08232182459204 2.5263534488379995 0.0
662530 150.147530839537 2.93531866588837 3.5006783629684777 0.5594645433631742 5.150793916054704 0.5194231000771506 45.29214620462482 2.1760991410828554 0.0
662843 150.887448992463 2.93742520190763 6.087832017752711 0.5776863495082878 7.711330544321923 0.5329710040790878 65.44075692891344 2.6530375442145626 0.0
662924 150.769614192371 2.93263670546057 2.7569549821147006 0.5369793112114879 5.466497669518017 0.5101481251301212 60.32978215432991 0.7517325824168277 0.0
662968 149.885774482036 2.9318292094901 4.043478782905315 0.5322078120143767 4.866695097143583 0.4999462449847635 46.789527355875094 1.6932653672585503 0.0
663107 150.34427240924 2.93293180683941 1.8605851083420126 0.5086115593786726 3.494495303857288 0.4776179592606594 47.37840146283942 4.028111276823267 0.0
663186 150.591503830468 2.93002152659084 4.324323448277972 0.5270604346615877 5.6315133709012635 0.49089240260161476 53.68948894599294 2.4889593117920823 0.0
663264 150.263197413694 2.93228666267378 3.8601318821303847 0.5613847585655891 4.635297908329696 0.5280384242509079 46.070993015273714 2.9291093385608713 0.0
663400 151.071804916304 2.92881810993784 3.6446507141084257 0.5788782241252249 4.114462735067318 0.5273419995983736 73.49288010126881 0.8031971607855917 0.0
663408 149.915588606243 2.92924072359226 5.560154662522204 0.5551431854919802 8.616247383541127 0.531886612425139 46.18017215983391 1.9056399331047693 0.0
663536 150.725148940468 2.92674713361018 2.322889811380034 0.5358457722209721 4.6799036195457315 0.47895863498072466 58.3192739283118 0.9033821089997984 0.0
663617 150.246162312338 2.93027814819611 3.5290247661394356 0.5491284445264776 4.408513420673646 0.5194486847053347 45.7467621593841 2.314674445866368 0.0
663622 149.597366770313 2.92685823930501 1.5424878337246402 0.5354082908191827 3.1970796022823658 0.5008500377484716 53.9009534880458 2.443880357796352 0.0
663695 150.633916442359 2.92590900714615 8.634280232948086 0.5247662876348131 9.527042764278894 0.4758194899470098 54.924748335704834 1.455906218696455 0.0
663741 149.937043391549 2.92789589419328 2.9150397858336987 0.5275470594969349 5.064374140948533 0.4973461540320355 45.810511888130414 1.7784018777352195 0.0
663769 150.18591158115 2.92901538092849 5.262902099970478 0.5556288655660793 7.017459976763318 0.5279004964516594 45.11908267909866 2.139137326570333 0.0
664004 150.581370370305 2.92236515272171 3.758109359510454 0.523143934882596 4.615428296360864 0.4714474928854351 52.97281603766646 2.8505516782864815 0.0
664293 150.396021259311 2.9209837793369 3.0630704873528183 0.5161952506427218 4.862023166348281 0.48422165180592774 47.76063494455359 2.113795266805207 0.0
664420 150.644620170784 2.92087995221717 3.425601063437166 0.5317009102427522 5.094212615943324 0.472514566308429 55.05780274943213 1.3189386678993111 0.0
664494 150.999661760889 2.92176221528139 2.6921544882201416 0.5571976286810054 3.3412914085457843 0.5235633032401005 69.84540708815219 0.6705068480928302 0.0
664698 150.729260158932 2.91744341096196 3.87264094979519 0.5202749126428394 4.625922242998974 0.4673404711954747 58.052534583484096 0.8403284066248037 0.0
664792 150.294236109904 2.91659437240408 5.523432158532812 0.5498072334832218 9.668226262186709 0.5225096208655773 45.590644808059 4.389693697921759 0.0
664801 149.897824885821 2.92507638843285 1.728016046163393 0.5463898915560275 3.2647524245698607 0.5234587886819881 46.20538233102598 1.8478381080055317 0.0
664809 150.777330318733 2.91691414994896 2.116436411824729 0.5279806277442838 3.841125039963312 0.48850346530645533 59.94125451156328 0.7308407041420439 0.0
664824 150.839644563635 2.91791909015447 2.4384121976155138 0.5252145113266365 3.8567919228736423 0.5061266773902919 62.574055382166556 1.5442050048964489 0.0
664914 149.671307911574 2.9165573636699 2.7682463399372246 0.5573402653699443 5.206754463813418 0.5001519263388703 51.02000613674962 1.9063334160382917 0.0
665018 150.577704059635 2.91450401043417 4.402352637056547 0.5088987402330846 5.001823909741413 0.4776642356339323 52.45765633422334 3.08422477129942 0.0
665040 150.282044156565 2.91728836254522 4.786365854154073 0.5509141297996372 5.5640797848451005 0.5231174457060663 45.449939251688804 4.257638748682964 0.0
665207 150.665729850579 2.91483513597344 5.780508356670355 0.5231768722688962 8.305053580690652 0.4739260471972831 55.52972977531902 1.2096773469080278 0.0
665236 150.058013855196 2.91305157253932 4.169925753871311 0.5476680461409337 5.253247797823499 0.5192706996447474 43.938560113407995 1.604728127310166 0.0
665412 150.930237235054 2.911626512039 4.135493634210739 0.5551819117427951 5.639784789773477 0.5077962192343866 66.28192722519336 1.3604069905418243 0.0
665439 150.673248531576 2.91277316189951 2.3215789049907998 0.50903954089645 3.5261388664339153 0.47966735622103734 55.70866331905164 1.1813496724695476 0.0
665497 149.649752574875 2.91142527734078 3.508973087415435 0.5391351667905259 6.1805616806503005 0.49670514771855706 51.420456370638824 2.1801377465567193 0.0
665518 150.131464760408 2.91151905640404 5.615237967846004 0.5624334890998934 6.642006781384566 0.5347116472401587 43.815086884522145 2.166255030402332 0.0
665689 149.837845033327 2.91030000408608 4.712220468588257 0.5390752939053898 5.692762352725258 0.5182547697261052 46.44056171148756 1.08109562534292 0.0
665796 150.524442348504 2.91081186001976 1.986837072164653 0.5022999608865786 3.8895244094590846 0.46682778717916845 50.59394768557812 3.2809143610590854 0.0
665859 149.645522686127 2.90996510558366 7.6872930972766635 0.5829309875994949 9.143499315462527 0.512117729468025 51.479627860855885 2.2324721573918107 0.0
665916 150.057043248681 2.90820676282375 1.6660130453024318 0.5320053080657419 3.4148257760210905 0.5187560198471787 43.65174529232919 1.8403253704450866 0.0
665946 150.673098933349 2.90910774419965 2.3413138339144357 0.5080398812299977 4.097950542222273 0.47948258550415773 55.5302044534289 1.1735440415019656 0.0
666144 149.730847866667 2.90695549736596 2.5754730552354883 0.5583982988944314 5.149435497195415 0.5055790865159048 48.80489850129739 1.3755414412595137 0.0
666393 149.693119748689 2.90546404879653 3.186109681127172 0.5154680739011035 4.731878270223105 0.48140033815726196 49.792910027566194 1.6475615629425946 0.0
666819 150.547109009838 2.90422238012047 103.37673875016195 0.5902383025561914 135.10654997974694 0.5566739968127841 50.95394357844224 3.829443031554583 0.0
666835 150.55417957043 2.90042365064874 9.00158600541306 0.526507349259971 12.327916393815018 0.48232949665701563 50.98528834972061 3.813995498387813 0.0
667087 150.538326687247 2.90002409449186 4.607399590242182 0.5183599790947042 5.5444503104281715 0.4805237395227559 50.46383489986299 3.5910923887215587 0.0
667150 150.266768570834 2.89950331956564 2.171494995212891 0.5482033108895843 4.205072491983926 0.5233053066649007 44.19876603806981 3.6190728551835165 0.0
667280 150.190184413752 2.89864539291503 4.600465087295655 0.5721775348007351 6.078259478257453 0.546989371666624 43.340496300456074 2.2916871152694007 0.0
667516 150.338041002331 2.89679951469487 2.9738383345476342 0.521531844540179 4.5969746590077305 0.49981071212302997 45.20231803280351 2.826498812547113 0.0
667598 151.085893018932 2.89401689698852 3.5965036371162444 0.6223081018517442 4.374182120156849 0.5655295229184847 72.92193956267026 0.9111354821712772 0.0
667669 150.053482538982 2.89764165249702 5.308164487601904 0.5579540670587733 7.597608867825511 0.5424248911592909 43.032261450442725 2.7179103669587388 0.0
667674 150.363233515693 2.89507813424795 2.0467020118731507 0.5304233753960841 4.119492103848723 0.5090472393097387 45.604528051973205 2.519373625655258 0.0
667813 150.732407425482 2.89290799416475 3.684509556161755 0.5501596790223998 4.484531055079782 0.5081644086872905 57.066885309467665 0.7783586994401973 0.0
667987 149.865589367792 2.8970774762169 1.9613242277261078 0.5355013606091682 3.533277840389784 0.5101647738086525 45.149950375453855 1.2704634774302694 0.0
668268 149.424157580951 2.89049073122925 2.2051662715521796 0.5098975769129195 3.8633893319269355 0.4790469901486151 58.7234365347645 2.636483247726529 0.0
668779 150.338222613271 2.88496487932957 8.121898030272765 0.5235854211172087 9.789032833404782 0.4949840760898664 44.532618737441965 2.6820920901706904 0.0
668827 150.783608000268 2.88577313042988 2.832744839936752 0.5222073001191732 4.79862620884555 0.4973935892460414 58.842089893350206 0.6822579647731524 0.0
669065 150.677450633938 2.8837909811324 6.8952540409800545 0.562656919266527 13.228586725548025 0.5184146382432325 54.510334708637174 1.089224915010526 0.0
669167 150.873883488938 2.88224873881506 5.715712292122598 0.588001535474164 9.012709975129699 0.5293085394463389 62.58852308387296 1.4167760845838306 0.0
669261 149.961200506756 2.883507860603 43.369869379084584 0.622945518343073 72.5542199832989 0.5827725579858344 42.90812499686902 1.2985194612370567 0.0
669486 150.483902327874 2.88354287036712 4.570810185548986 0.5322111099127871 5.316081687490051 0.49582481504168885 47.974932032481846 1.9690264937859783 0.0
669561 150.133375050752 2.8881892509929 7.163993198535183 0.6011011060535018 8.609423485504564 0.5639992351024773 42.421885139694666 2.262917029052463 0.0
669660 150.902142783163 2.87855241058451 4.915885697339861 0.5942687073179259 7.866727223820507 0.5191327975975154 63.70840890517201 1.3081168730510853 0.0
669923 150.979459261667 2.87491277880506 3.939456590468462 0.5629592181164186 5.3607994199769475 0.5163368110568707 67.13940941289094 0.5720538149559279 0.0
670050 150.275480154676 2.87457559887894 6.711117467501605 0.5328564253323702 9.407024333519372 0.5057216496780854 42.868347940036465 2.9337674429666465 0.0
670086 149.645209720695 2.87633365014246 2.416452294484436 0.5728405998381724 4.343213002886852 0.5338212712769375 49.789345933392305 2.071791458580259 0.0
670516 151.027768219104 2.87119291174791 2.4540095500818615 0.5941319795470225 4.281037077236505 0.5418974383616425 69.3028356571275 0.569815151346023 0.0
670568 150.837141372719 2.87118360138997 1.858723108804176 0.5522684150839249 3.5687375942604023 0.49531595519980176 60.518722589201325 0.9452145930813963 0.0
670668 150.045069191537 2.8698177086435 2.616563358707798 0.5624038648162321 4.069294599815511 0.5424391835283319 41.403527001135416 6.261614148981274 0.0
670779 149.985357522336 2.87579052354688 3.270238312220044 0.5773167249688543 4.580898061518228 0.548304617270603 42.19410281106466 1.8600343750059047 0.0
670860 150.454050440682 2.87022384244081 2.9162637791679544 0.5141996692875064 4.572658575146213 0.49789144010096464 46.430666893753795 1.922545186573612 0.0
671035 150.04517310568 2.86590863569482 12.090152534013793 0.5739337498163334 16.677672726520953 0.5481737197718017 41.16923241105928 6.642046290046089 0.0
671198 150.705693486054 2.86555743090067 7.3117795134197126 0.5525050350660244 12.630551514051563 0.48826672702070295 54.77693111470633 0.8371652726108059 0.0
671428 149.482542753558 2.8647231600293 3.7166652877143624 0.6155267280150445 4.581871616494066 0.5600122693124602 55.20967420614375 2.438769526963259 0.0
671498 150.683143390154 2.86321253667183 2.73307655377003 0.5552405308008589 4.460136298808499 0.5114089052196472 53.783554852735634 0.9963543713088567 0.0
671679 150.060709938916 2.86224265601027 6.833614529829024 0.5847940130945147 8.184692519354394 0.5642289945918153 40.88577856881392 7.429624447810602 0.0
671750 150.025803350419 2.86179442910703 2.2033268050285972 0.5758599042911555 4.171226101933867 0.5565709887476248 41.032737134094305 4.632691717040743 0.0
671952 150.332600114956 2.86516737439485 2.9472205097181154 0.5125343768828282 3.636808800239901 0.4806808268221239 43.2995043731269 2.46349126199893 0.0
672248 149.989163601852 2.85762399859531 2.55125894935848 0.5793507785609472 3.9430795901362465 0.5578337646184132 41.08154386111186 2.3219906742007894 0.0
672467 149.748577819966 2.85615736833502 3.619089314243165 0.5602700366367731 4.3422541265603005 0.5251479406864875 45.60870780764057 1.4115533060875474 0.0
672479 150.422362941111 2.85628031523195 4.937273390668978 0.5428076063295635 6.2221468091156185 0.4988715360889396 44.83749761195996 2.108749802893705 0.0
672548 150.055555675828 2.85447835333191 3.0990406461863014 0.5796874476726744 5.177800441818102 0.5571437650939433 40.43988073715931 7.707783471272349 0.0
672669 150.39772689246 2.85565315413799 5.990969285000684 0.5512458835142808 6.631936069134181 0.535151749198552 44.18675159695438 2.5150186434957575 0.0
672677 149.647917726483 2.85751204877301 3.2275137214139407 0.5450744130966994 5.500224183932248 0.5300594167373179 48.75798665048284 2.2811239685265896 0.0
672687 150.423562460922 2.85478902696799 2.5126104520707724 0.5275198426146513 3.3556481576273685 0.498131809421014 44.787866421754465 2.093860165499497 0.0
672695 150.254396314458 2.85521375152478 3.3936939804778454 0.5710674727409171 4.166751817863589 0.5479966746598092 41.44273769575604 2.397299195992156 0.0
672724 150.575980693336 2.85500897105719 5.045941285472544 0.5494036936602732 5.688411292052927 0.5138800687028201 49.44573055365757 3.492649619545235 0.0
672833 150.063992860392 2.85431591299005 9.24105658009389 0.5784409247355264 10.824999108321341 0.5487923990871569 40.39998264172785 7.483602974081403 0.0
672863 150.759731528616 2.85386652393525 1.9324412169157104 0.5593291695456236 3.5533919677532877 0.5163908259110386 56.47271704489196 0.6888000950740513 0.0
672893 150.227274322626 2.8555471830893 5.464577341663285 0.5647982537183763 7.106215588507059 0.5494857592497527 41.129898519970695 2.3539190439775712 0.0
672972 150.570532013717 2.85241800648694 2.328675001839546 0.5761558129711609 4.797060228734965 0.543334632638762 49.13064309704594 3.700558047362378 0.0
672993 149.782590095547 2.85478351646436 6.14053493545076 0.5811277321097602 8.737493026636942 0.5524098491954312 44.629102966377616 1.3621760429326937 0.0
672997 150.60248167062 2.85122403715079 2.3263799821477957 0.5598484358135969 4.808497085449527 0.5276712391266392 50.19721097676062 2.4055392487403395 0.0
673132 150.541327384818 2.85042704779094 3.500427152049571 0.5578240131554268 4.69367515405713 0.510687333723206 48.04727328897065 3.219584851984357 0.0
673221 150.691589666464 2.85082486282625 1.959907416169881 0.5575144600455163 4.028757964693433 0.5312241804341074 53.554855700344525 0.9321674810468735 0.0
673280 150.545366610556 2.84982482233821 4.688638059670837 0.5392478197699876 5.5204822650668115 0.5109107324645202 48.15093116649483 3.3742267783932447 0.0
673307 149.691494106824 2.86972686946716 3.798497598638662 0.5893067416134699 5.56772961811386 0.5382403172722737 47.984833166535374 1.7882127359339617 0.0
673327 150.574662975214 2.84827853495723 4.28048843052945 0.550919615039914 5.144539523858391 0.51140097359863 49.070670405418056 3.599853399323596 0.0
673514 149.776934402795 2.84917929253208 2.1397294968391316 0.5856538192618476 3.705891802939427 0.5527211910723754 44.47175866063845 1.3649125774810926 0.0
673517 150.173126677408 2.84632539683886 6.065975895247281 0.5827459923783743 10.751947076111144 0.5611835353933627 40.10313154144147 3.72503212018398 0.0
673543 150.081701257813 2.84657146021915 5.365489158291514 0.5857527285890444 6.103445851509484 0.5651144776719413 39.89270305847712 5.091574285134216 0.0
673679 150.169382648486 2.84631649321405 6.570450812560726 0.6004627853721206 8.102174045956051 0.580181042454531 40.07869102266937 3.6768805955373765 0.0
673795 150.2583167104 2.85107706785006 3.424552312573762 0.5752853153298672 5.171983061338227 0.551164069655394 41.254267089982854 2.3860240593495345 0.0
673878 149.948354384298 2.84402177790478 2.418057031379537 0.5740723164420211 4.611624723554856 0.5473972707286469 40.75136757004299 1.621981791385753 0.0
673910 149.773852288992 2.84449539874438 1.918169964528208 0.591010471540012 3.731910095077702 0.5401726970706305 44.3001731217501 1.3633416270416479 0.0
673955 149.997416415685 2.84514703780977 2.736144906510964 0.5753348656839851 4.414440247222752 0.546577017505783 40.264457900759595 2.6338624070251644 0.0
674236 149.910255796153 2.84110352876266 6.460745034244631 0.5990115224017177 7.80103383026513 0.5631841322828713 41.15247872378788 1.3797893268063528 0.0
674278 149.995239732741 2.84214887650982 3.5321838947377913 0.5833261623249364 5.390173586118033 0.5543420616056822 40.106910180340776 2.5793830457916385 0.0
674371 149.744943393268 2.83987036795044 9.068851430802848 0.58222224522643 9.316782057875217 0.5442684007494316 44.847275604638625 1.418933767434933 0.0
674376 150.536106186338 2.84263279036549 2.9470805088815553 0.5463852899276744 4.094853604743257 0.5123587683404979 47.48461381291783 2.9335738267022835 0.0
674470 150.294084533052 2.84085464508194 14.511169759665846 0.5620954757755712 19.21360896866682 0.5354058958473165 41.21081628643907 2.254877604871402 0.0
674754 149.420250976027 2.8325502130368 2.274321379897318 0.5942676835472515 4.333374831343564 0.5547121309557753 56.42735622994275 2.4766115194362026 0.0
674762 150.664001380529 2.8367922333612 2.005695788734028 0.5376434395321785 3.7035571251425905 0.5079657705096389 51.83353893013508 1.3289899787718291 0.0
674938 150.502490512288 2.83757859235489 2.979619790964784 0.524068571446819 4.857396044061322 0.49119296725974165 46.14707367040991 1.96585451923799 0.0
674945 149.701953643383 2.8562290845659 1.9229564917960003 0.5502530831934406 3.434094464689799 0.5145812961063924 46.968648650645044 1.7839898700549885 0.0
674946 149.827498140925 2.84233712159626 3.857522327311671 0.6076268772485558 5.1655209791305365 0.5317348429171349 42.85832655744811 1.2727438638810198 0.0
674985 150.832891733496 2.83554534805728 3.5634934536631393 0.5794507638620789 6.577079639073894 0.49738079049394535 58.888385940940175 0.5493695105221131 0.0
675079 149.798993541782 2.83445234874282 1.8775493263289924 0.5479852002263985 3.480180530562256 0.530170742703739 43.108108450835935 1.305173061698607 0.0
675275 149.968815237029 2.84708550156243 4.223377244054882 0.5660559706969185 4.9424489021428295 0.5471223164507203 40.67578514587996 1.9884213800771704 0.0
675337 150.833855057826 2.83159807848191 2.6531361147224635 0.5534911774014291 5.035208823659558 0.49724890154251694 58.7741903501884 0.5398780441919887 0.0
675592 150.036679370432 2.83038213024367 3.2842531904093737 0.5870939852444044 4.256484718625529 0.5669337031107207 39.09096584594988 4.64985817113898 0.0
675780 150.377855360685 2.8310583148548 2.840278077262019 0.5251469671483638 3.401273004888075 0.5161875781224711 42.35863735783924 2.4033118129039095 0.0
675826 150.192036659966 2.82910720141843 6.10719405748047 0.5678270129069309 12.052414885542259 0.5506986277129715 39.21972422177324 2.7882020615241334 0.0
675830 150.063959352629 2.82865259303313 5.275554966894244 0.6139250771522773 6.257426427632289 0.593685052144702 38.862582301492395 5.105414432621867 0.0
675890 150.377961553812 2.83437841765969 2.708630860010526 0.5290399806753959 4.140328575269156 0.4940264616121125 42.54435429954663 2.461567276457932 0.0
676042 150.827697560429 2.79173505953803 3.4456807603548905 0.5195368030654987 4.144705001677533 0.4675811237877033 56.93321368746491 0.5782036465363182 0.0
676046 149.651494626934 2.82650903723278 9.929465788797827 0.5667461940759903 15.696031617568622 0.5226043367814913 47.10036023793416 3.2273684366450133 0.0
676161 150.612383313098 2.83168363429701 1.7359238980696279 0.5442331664781558 3.30431357331488 0.525390898084174 49.62956157763968 2.463087285361012 0.0
676219 149.755753530408 2.82551568001309 2.909137423700068 0.5475636843640512 5.506779874719152 0.5171059594034073 43.78200320352401 1.3695535370548892 0.0
676260 150.077283955568 2.82528594718607 2.4581424911762175 0.579894610865392 4.740351069862705 0.5657744374694093 38.62449927003013 3.924534797905099 0.0
676262 150.549783120089 2.82629919598568 4.688025251815197 0.5548734219212623 5.083822707451025 0.5263303960184681 47.13379323791033 3.206763394490059 0.0
676276 150.077367766845 2.83944585338498 3.7496478006259633 0.5781982994099925 4.52606197555081 0.5527087013444748 39.47340365124554 5.160598317094624 0.0
676539 150.330172792129 2.82994988747679 3.4916697926299665 0.5361430898167341 4.842512795006693 0.5176926547145305 41.255780105782044 1.99281190373167 0.0
676558 150.114506371607 2.82389054658302 1.968461205900714 0.5839239126326026 3.4618882295911764 0.5692555306514288 38.52658024823494 2.099332697177765 0.0
676639 150.752808465692 2.82230311924817 1.8794368718669887 0.5387160159382587 3.0810801599451167 0.5047153123855112 54.84017903537031 0.7875087743976519 0.0
676692 149.652146486066 2.82135836967736 7.764458241528674 0.5469711005054502 13.398367193745297 0.502722041944637 46.82455979416314 3.2447757259971337 0.0
676962 150.628063403422 3.04360083742507 10.264489606202348 0.5734448689830958 12.308747880489676 0.5228632733052857 60.61835213214825 2.3096846294064655 0.0
676967 149.793064850947 2.81849273163247 2.480351416304818 0.5363941689217868 4.958669453403391 0.511306798475058 42.393414129664095 1.276774558878687 0.0
677215 149.887259217391 2.81804149294091 2.232300527316375 0.5863074590843835 4.542142435842756 0.5726778834842913 40.23989891865839 1.3395631818341334 0.0
677275 150.143488889134 2.81728821595678 2.4133798214208952 0.5844375659045044 3.8161039946558613 0.5691126970930771 38.20965517812615 1.9468089848533847 0.0
677365 150.00378352186 2.81715539241739 31.841753956796097 0.6279284306706221 61.977828265038035 0.6119183809984774 38.546572901641156 2.8071440846116236 0.0
677666 150.691814883616 2.81376671670389 3.9498468337369723 0.5464893117554864 4.498645477688079 0.5140402462441429 51.91908619637713 1.4569375328167187 0.0
677963 149.877210382423 2.81169198228712 2.4962621708094135 0.5457320313872283 3.4739609035879346 0.5397966918807826 40.0754402351971 1.3174746203162808 0.0
678024 150.591316780498 2.81250889133016 3.695422771377079 0.5393109899189942 5.233050233927216 0.49657105696973586 47.94533079389554 3.5388947265135253 0.0
678070 150.590138962849 2.81226221219139 2.895468897253829 0.5276652044786653 4.811573421315511 0.4965368969201273 47.890308239217866 3.5670178874405294 0.0
678211 149.790418043502 2.81225576238255 17.210993764881458 0.5538060900727455 28.18808492521099 0.5229614142393663 42.12625787717307 1.2735273502348794 0.0
678323 150.539341250884 2.80845407617226 4.531029668253201 0.5179933507134908 5.458330417551695 0.47798381815608915 45.89773634356039 2.820512322680081 0.0
678357 149.484580538869 2.80857336648002 3.0915694712202932 0.5583494315257617 4.248632671338594 0.5245826066728767 52.67313985227893 2.0388234068508266 0.0
678514 150.152730792287 2.80745619351165 3.0747216008429112 0.5526442292710535 4.642218891467672 0.5317962614759861 37.66357232448884 1.75930510429324 0.0
678687 150.399232601826 2.80521977149627 3.5354976641939673 0.5438697217196048 4.924658250449076 0.5235964074570411 41.47566589575658 2.1840227286414864 0.0
678851 150.032798833263 2.80650995052337 2.6661564629186865 0.5671107812046887 4.357391290495548 0.5526817389834193 37.689814194072646 3.3108721682214184 0.0
678954 149.751290792576 2.8041533486642 2.570700434056493 0.5448547967853399 4.826042191667956 0.5308610770044206 42.78596410524217 1.3249206998478413 0.0
679410 150.572805608069 2.80189691169435 2.1890731927722533 0.5245959870505649 3.8171585397229304 0.4917745121676069 46.76388712706236 4.13614402911122 0.0
679519 149.84197082582 2.79896357762943 2.5750869681312634 0.5499703983591401 3.72036031577171 0.5233127232455923 40.122252022845 1.2632556616801436 0.0
679527 149.665712195152 2.79985013552751 2.2464949099352522 0.542895795112168 4.364241326828645 0.5114537137279915 45.30120234966985 2.649546363312145 0.0
679547 149.558817503049 2.8065271567984 2.752535987623397 0.5796331089965548 4.086712362313388 0.519987416886118 49.56539185100746 1.9021832278525534 0.0
679616 150.129768773095 2.79876633249908 3.1899920035989955 0.5806517959782153 4.113118994857313 0.5591742987023888 37.052307121469156 1.5939724530346513 0.0
679622 150.739521449979 2.79834211202402 2.9987264994510294 0.5013346460993341 5.992109455521917 0.48017441342178424 53.26694979964313 1.3718949348738354 0.0
679772 150.658375762556 2.79662169583335 4.484382465945789 0.5403858319083282 7.210224634539596 0.5072833549539664 49.804354002677435 1.9666161571313128 0.0
680003 150.063250858554 2.79639932477162 13.06399850763519 0.6012323780112104 16.97342562040404 0.5846092690436744 36.93304564354029 2.70267502735865 0.0
680024 150.716953491291 2.79458928628756 2.709000221180172 0.5094197305886493 5.190058144051902 0.488951138357638 52.14287336024341 1.8585935279159735 0.0
680149 150.060967249552 2.7962656894622 3.7127791796961453 0.597162710267818 6.921624363181012 0.5744300120446273 36.93346089894342 2.756474989379479 0.0
680741 150.575371305838 2.78933064569118 2.3267163807365896 0.5213962965281072 3.5916727262483756 0.5027320594789737 46.26107839600554 4.782209689352107 0.0
680780 149.941887783334 2.78906094924843 4.911336732422343 0.5224889030225758 7.128478721629949 0.5142181926767057 37.6397877663999 2.143313277639735 0.0
680858 150.187335216949 2.78916062306213 1.8721303810451537 0.5597447614324559 3.7330633991272424 0.5443904138026129 36.807176459948806 1.5441164195382333 0.0
681441 150.610902074728 2.78441577429753 4.011387328385367 0.5440188551623859 5.482072488970111 0.5167021806639908 47.37721883704111 4.46945848927446 0.0
681711 150.592475930411 2.78242844902136 1.9779195352037273 0.5395397343489603 4.05514245050335 0.5107956724557373 46.57857018233353 5.074180451987364 0.0
682000 149.668235779787 2.77990013476156 1.9106976307214671 0.5098734184222488 3.2992751913277734 0.49322675849824793 44.23836847564311 2.1435380514217486 0.0
682006 149.642567150509 2.77846054483881 4.163106491197681 0.5478704997167974 7.439474233954992 0.5148610660113652 45.08721657308821 2.6307758177740967 0.0
682280 149.823890549164 2.77647475384654 2.60086647469849 0.5292013451580537 4.684939040050965 0.5152329508786068 39.324467823847996 1.428116894487514 0.0
682404 150.178097972101 2.77844967139467 11.927433526203359 0.5506528546965015 15.166374447325753 0.5236868742902673 36.09518924812713 1.3914133453793864 0.0
682496 150.739233951088 2.7752076026443 2.280539976790988 0.5011926254284411 3.989755505941822 0.4821992944626542 52.30036369176271 1.4200304808077524 0.0
682586 150.376135352588 2.77471729353893 3.421103087511901 0.5466963450221417 5.446854031492129 0.5214035975179452 39.22949972391598 2.1855317981698077 0.0
682739 149.989112860829 2.77297732093151 3.2358008103880675 0.5526683928007944 3.4103809780094645 0.5292872940328998 36.07954881270787 4.421034834795738 0.0
682961 150.671942677706 2.77139806545957 5.034278660831169 0.5189198825508319 7.2572903071117185 0.4857773053579806 49.257049569407734 2.2848498562637314 0.0
683012 149.999695889285 2.76755338794201 21.10594309409216 0.5906832505591002 30.13845636974875 0.5821404232419677 35.647267112998584 4.450026556223285 0.0
683188 150.816310789128 2.77219678831888 4.022724061260593 0.52342268039293 5.26304721258227 0.47700459773666815 55.65904684556854 0.6453849392407118 0.0
683207 149.649078746357 2.77158273922521 2.4639444719503505 0.5388489965518221 3.7049333128931194 0.49033474268885835 44.52233606253744 2.514467519621863 0.0
683219 150.445854432682 2.76689764151898 6.267697876849655 0.5343585323482425 8.47437952580041 0.5080892385517405 40.76299198655192 2.274073980455591 0.0
683378 150.488271495202 2.77067813130016 4.121170491510412 0.5235460329450798 6.58481631732785 0.49499203346289994 42.30231264096132 2.624438502694551 0.0
683413 150.562486380065 2.76853093189104 4.862196477417911 0.5259094477794393 7.7834065751147365 0.4996050822729557 44.80262850696844 4.012333118883422 0.0
683426 150.619045356512 2.76808617332607 7.266722820018402 0.5551682284836033 8.45556639029987 0.5004949818238755 46.956102930183086 3.80693503136206 0.0
684920 150.896467445998 1.44753561588417 2.507823615778785 0.5929779139133361 3.718255345960179 0.548941142733247 64.98506448972958 1.4322158448493458 0.0
686016 151.634290956081 1.49667168268065 2.9499574597614155 0.8103379138070149 5.702854310389082 0.6608473407092509 100.77846429712645 3.101777727296267 0.0
686670 151.325964122555 1.52649292251942 2.3869389386953044 0.6006857035402215 4.898284580486002 0.5645556074144192 83.37657279086218 3.13440528999536 0.0
686721 151.413653893141 1.52846121770406 2.7032185072428585 0.6343445671366333 4.437502079130872 0.5823033433730254 87.99567008565609 1.1928530352113873 0.0
687328 150.968325668261 1.55799594814405 3.1615399656572163 0.6015584291622241 4.220232832733835 0.5414827536433272 64.1324183960871 2.035899539206488 0.0
687819 151.108726376965 1.58149932065168 2.1725791550986933 0.6415610796150689 4.212639979490858 0.6079768417651956 70.406280618949 1.0511204171222752 0.0
687944 151.634647887677 1.5845252095832 2.8568001846333346 0.7584993649759791 5.567923788316684 0.6860926860785863 98.7631509709937 5.141965865084168 1.0
688126 151.546279554618 1.58680460650529 2.5914668599926185 0.6783726488499097 4.373497374043702 0.6149318433166898 93.79278796127718 3.0703145341490514 0.0
688184 151.415743378894 1.58777028032353 2.474769280493751 0.6506120511119803 4.953078433146704 0.5836104770918731 86.58179041302215 1.919682403684807 0.0
688206 151.328629740413 1.58812695813381 2.6022794878323143 0.631559984751253 4.682844113525787 0.5777288453313556 81.84016038511648 1.736652951669966 0.0
688331 151.429885152536 1.58953492935447 3.8420170898075914 0.6434826748427145 4.421929706120325 0.5634352916977462 87.3121142973271 1.8846967684852212 0.0
688420 151.65579486538 1.59088078127391 3.1583161222419247 0.8170022028787929 6.489459176208209 0.7469621346865016 99.80958753671786 4.466807052622362 1.0
688468 151.63197229304 1.5912783357817 6.514755768089961 0.74957119260258 8.614380362360114 0.668590508471312 98.46694462780039 5.1587786613752495 1.0
688510 151.39882291027 1.59217860762486 2.8000670763859254 0.6233802597546675 5.311703973480861 0.578959186537627 85.54831168251134 1.8377014112323709 0.0
688774 151.40285523501 1.59523398319392 2.9006429923667834 0.6624095509392521 4.910884398256211 0.5835379851660172 85.69299045835362 1.838080938059988 0.0
688872 151.646938864885 1.5961351715606 4.432196262454596 0.7283121965067774 5.588215347072426 0.6424174338391271 99.20108653278797 4.558807926696691 1.0
689018 151.59715765206 1.59788611186857 2.3809031811172927 0.6880004156337927 4.253619420533041 0.5940936465111647 96.37702852197563 4.330117314121789 1.0
689048 151.092314278045 1.59849076137536 2.7365753514632485 0.6017063213445158 4.947350412163355 0.5736955902920574 69.03979597092139 1.1943019502548202 0.0
689608 151.414635745289 1.60469585170655 5.683226638613294 0.7266392014128165 9.426350449184406 0.5947399834920153 86.10746000150705 1.8266437913585813 0.0
689750 151.6094567028 1.60518291632174 46.10714647299173 0.8097247741654442 92.57346404278272 0.7077262467832313 96.90708221607046 4.669061121695215 1.0
689867 151.315653021004 1.60834700380332 3.666758395184982 0.6552829138579482 7.088770400111833 0.5744491457927308 80.61458616853793 1.663575707281549 0.0
689877 151.520870173031 1.60852648991786 2.4341856479419444 0.6901863055981129 4.594277779101777 0.6279925964264721 91.88927097301166 2.1825243631424125 0.0
689952 151.029997079606 1.60973251570906 2.726317293294355 0.580850315080573 4.312824722344273 0.5414608000494402 65.48986240600354 1.4906945178405633 0.0
690935 151.320735941884 1.62199743546631 2.9417161707482604 0.6572325317796237 5.037706897999754 0.5889131777741788 80.54502046649593 1.644954448713772 0.0
690973 151.382886686361 1.622531474533 2.4998871533824523 0.675859359679322 4.4828894928013865 0.6103385334271203 83.93385630297547 1.8818929593132157 0.0
691052 151.708261639837 1.62149654885741 7.000841428090997 0.8780045603229789 8.005294960673682 0.7482877068490129 102.13646312278344 0.8536877781297807 0.0
691149 151.410505738109 1.62458767839736 2.229084873042263 0.6580172603585867 4.595371080953361 0.588507429005516 85.40602831537592 1.7438348752524095 0.0
691413 151.273936002925 1.62830109985682 2.1679674840215095 0.6030018469556742 4.157585773945465 0.5661575630917612 77.84090208462767 1.4159649904540708 0.0
691419 151.397137982804 1.62840680163645 2.7281352568843356 0.6851728589297845 4.454388062492363 0.6316924272348575 84.57867812223573 1.8342427617540311 0.0
691545 151.355039251229 1.62987544462199 4.326230320704193 0.6795255381515354 5.649691976720422 0.6071546442651018 82.22734922778054 1.881344788102551 0.0
691776 151.242145576758 1.63311765361382 4.119213982072792 0.6219028567002659 5.649979497982298 0.5634240638186438 75.9954406850547 1.4204978843602418 0.0
692189 151.190857751068 1.63919986445379 3.2177333631472234 0.6161405566976483 4.446556359298298 0.567984024847118 73.07228205145749 1.3744634256644854 0.0
692320 151.596369314506 1.64079365991496 4.017735844201219 0.7421351298481095 5.141201032466577 0.6465199489262368 95.42561071524578 3.076189644772766 0.0
692451 151.629528329962 1.64253935363512 2.8774478937743635 0.7371867263458103 5.660687958916101 0.6393579655438129 97.26280143609014 2.76232414192007 0.0
692476 151.608440929524 1.64241454467453 6.3505949048874575 0.723557588538523 7.430085048815717 0.5989185829112532 96.07377412525308 3.0915586134456645 0.0
692530 151.587381610455 1.6436243478568 3.2709584029755487 0.6743544933002218 5.093811657049691 0.5809935571964997 94.86095630478302 2.7992092661669816 0.0
692636 151.712046990347 1.6450612497682 3.560166421918573 0.9271628323071611 7.138807855363803 0.7467163059389988 101.89445879766964 0.11310041484722955 0.0
692838 151.051249148821 1.64818682400443 1.9431901085150887 0.5468796930599733 3.318683713444935 0.5061335403026332 65.41802584549154 1.283680230298561 0.0
692996 151.39694635789 1.64987370889289 2.9747806008236797 0.6248751349790188 5.154733845786968 0.5460848578464597 84.07018787713281 1.8992759294598356 0.0
693557 151.369696974127 1.65628216784805 3.1425392782220367 0.6205582662364445 5.093605898439535 0.5378927423084098 82.41283061722612 1.8658981601936897 0.0
693579 151.489811823891 1.65672798670084 2.4013077912245455 0.6163868437386435 4.674780770945195 0.564101213086985 89.10048147172645 1.30957671974524 0.0
693987 151.578803662228 1.66163235280701 2.8082065161746548 0.7093293819372453 4.550154016870605 0.6107707423925208 94.01275097960291 2.048097357338456 0.0
694034 151.251305429338 1.66232537762268 2.227264334250653 0.5491869572209289 4.417597444419886 0.5183392363395358 75.75241289516738 1.248077951076579 0.0
694039 151.619108026135 1.66166284776457 7.068725288151987 0.779152396716842 10.67376704489715 0.6366920781894645 96.2952483329909 1.9710468423504675 0.0
694986 151.056067402067 1.67412785766591 2.459177001174613 0.5449416942231905 4.048870289415797 0.5189173819812509 64.92493180988859 1.2243070146607997 0.0
695079 151.201665878618 1.67471777255797 4.351176942684566 0.5587638963793143 6.056874231369882 0.5099451606137329 72.73535496225146 1.17257670376998 0.0
695098 151.442335374806 1.67514682348689 6.107429430909359 0.699801338590165 7.8420786814286885 0.5639993767385669 86.04626650382315 1.3827576144202987 0.0
695120 151.348028702775 1.67567336475142 2.5615300766756413 0.5907680718646761 3.501841195264046 0.5423076551051315 80.768810874349 1.1795584662258005 0.0
695145 151.498263429957 1.67564509079657 3.25568076179144 0.6975589117976246 5.634934655025449 0.6111789633547473 89.18131566941024 1.2296468742508595 0.0
695332 151.350122718838 1.67825122610882 4.913091925472618 0.6193134670877921 6.489558836511251 0.5415013337230803 80.82716525179985 1.1645341259654014 0.0
695367 151.218332954515 1.67871990891071 2.392486953084787 0.5485671410905645 3.8392788779154934 0.5068783143657516 73.54532595215035 1.0934719286927428 0.0
695497 151.270567630685 1.68022368233475 1.8572074738854372 0.558235619489577 3.510180856979428 0.5132400023379362 76.37666663158616 1.147946312220419 0.0
695499 151.608024317039 1.68001247928849 2.1787488231614125 0.7307346140249066 4.20202087805358 0.6681454234977666 95.31272005707444 1.3482620771002436 0.0
695985 151.240125215584 1.68631638203718 2.4004330467352117 0.5496587054315948 3.8762789886404883 0.5280610602732265 74.55573570246592 0.9926371060349215 0.0
695987 151.458902657699 1.68620186195901 2.5033461642105035 0.6352559091179124 4.977166225383812 0.5962515367161717 86.74643343281028 1.390084026711901 0.0
696201 151.24692260179 1.68890718078674 2.7890754720330153 0.5873756837093157 5.238609450443784 0.5524944445689434 74.86809037735802 0.9860030579113728 0.0
696256 151.136127010366 1.68951741169649 3.01290607466054 0.6339499910073606 5.666407481734074 0.5888008861071469 68.79915099823147 0.8650291958501497 0.0
696796 151.205651303463 1.6954650229128 20.353740861874957 0.5611802560392171 32.940794645211355 0.5294989241027697 72.44165860804735 0.8810168574700412 0.0
697158 151.286427123985 1.70098121174714 2.820528340929016 0.5414785930863546 3.7970871607064676 0.5150679448342296 76.77447297821138 0.9904748337642625 0.0
697515 151.725035693768 1.70494994912953 3.3948956468139775 0.942065223039861 5.957051433105421 0.7376624635558502 101.56162553136906 0.12054906521592551 0.0
697643 151.09045678724 1.7068761911187 4.2463223291971515 0.6487534636158151 6.572979403040225 0.5616009369493965 65.87878318186546 1.1233936814366063 0.0
698288 151.752756623985 1.71436575122818 4.981155985267596 1.0709261834699815 6.956148288779658 0.7514246500853351 103.00205506372235 0.04733721539965999 0.0
698361 151.257397590087 1.71547285237061 2.2219592901348646 0.574766616264674 4.526495253224887 0.5315601541146328 74.83442067501149 0.797968622400338 0.0
698570 151.148552718152 1.71833871549926 2.063237381532856 0.5535617657942559 3.22431596479115 0.528771455394598 68.75470705204806 0.8031571149310137 0.0
698656 151.211915816924 1.71924991852787 2.0066175821571224 0.5319783327939474 3.919913462562153 0.5076172555971804 72.22474481724107 0.7083647919778661 0.0
698806 151.256089923581 1.72118635963386 1.9740717976897812 0.5855665429091303 3.83684312345472 0.5401832553973094 74.63393791709376 0.7604593291945415 0.0
698935 151.043650405855 1.72302314216994 2.1830714278557433 0.5636133262484276 4.115655954742107 0.5294734939866834 62.92985754203564 1.3785988201841135 0.0
699391 151.68195942375 1.72833943753884 3.2560624066728545 0.7767753848259369 5.004073348364329 0.6229239944482492 98.68909145621872 0.5558237102230058 0.0
699918 151.26933911608 1.73527255894338 2.325108347583403 0.5709098804003321 4.721855843003262 0.5241019710408431 75.06634351478539 0.7464503173273288 0.0
700129 151.447473155731 1.73784503318552 2.31126792642843 0.6422040990622118 4.273602470133628 0.5524292404636976 85.08108518412838 2.080600663895066 0.0
700502 151.384960903157 1.7422766555787 3.599264034370376 0.6445233297081575 6.769581883804179 0.5621473303550262 81.44297764670472 1.1570876462810578 0.0
700583 150.922297642366 1.74400682010244 1.8569377215148017 0.5771254957499351 3.5844707886126788 0.5555994681810743 55.87305210773242 1.4637312040516544 0.0
700607 151.452077007058 1.74356097760159 7.880829156700902 0.6622517896716169 8.976046829537855 0.570417538882475 85.23672716188584 2.0548713420055087 0.0
700658 151.457797360522 1.74452948518539 2.733465924256332 0.6447063813779227 5.258844998564095 0.5687766332804948 85.54520335437272 1.9965978620406042 0.0
701107 151.707428211244 1.7497257414571 3.4375238606991165 0.9650588957055428 6.990893939238558 0.7022810988228183 99.81637046863803 0.5396994554078158 0.0
701391 151.615787186526 1.75358502714402 2.6822745211544152 0.7267661434202474 4.885632614882804 0.6124956510716386 94.45728013113532 1.3502468628315891 0.0
701755 151.399605980383 1.75793329193342 4.408742562114593 0.6438749303371346 5.484667519651638 0.5378691019574557 81.97760214780816 1.4901776179205612 0.0
702154 151.130397454969 1.7627263622357 2.9923042041085073 0.5613586094961561 5.054423948134384 0.5243733200364892 66.71072687264869 0.7624541387867383 0.0
702283 151.673526601323 1.7638793907333 2.869968478163143 0.7516475840274629 5.217828474618456 0.6342478255633145 97.63271411626398 0.6434349123364269 0.0
702493 151.560977585659 1.7660918155722 6.470522559789559 0.742360907670154 10.373368616035458 0.6336899596344276 91.09033048669595 1.0129180245818672 0.0
703451 151.331655414081 1.77850077282738 2.878237064313566 0.5658333671456923 4.882674094491346 0.5266745717161817 77.7208283621364 0.8973690789437974 0.0
703503 151.677064266584 1.77602363988517 7.681367107668087 0.8828175247515766 9.191584767879727 0.658261194473344 97.65314418718789 0.6576024095508146 0.0
703915 151.193979906929 1.78446872760335 2.074239466956396 0.581646891484925 3.611521092803769 0.54043368087972 69.79990683012163 0.6726302675762559 0.0
704343 151.785567840441 1.78911552130778 5.501017346033975 1.1827877318505609 9.221981160307436 0.7216687103027531 103.78493892777044 0.09676925294681932 0.0
704890 151.279987598703 1.79752364991083 2.79391994133746 0.6121223849908926 5.600654472260987 0.5644608914985052 74.42095521164654 0.6881471061432061 0.0
705017 151.476108735181 1.79916987348348 2.541859334652607 0.6380712738184197 4.065697043139821 0.6118998137947325 85.65301515663845 1.0542501350911693 0.0
705038 151.489856092967 1.7989940375497 8.151718865136397 0.7491034307290673 10.982583936644073 0.5953644698870438 86.45026141725485 1.0090190485249704 0.0
705213 151.618892543161 1.80172144814248 5.0731110275151865 0.8830567830707141 7.7641060827059105 0.6220477305899549 93.8920140432731 2.5350040252995583 0.0
705574 151.594400696072 1.80660581297281 2.0964099700766923 0.7114645014501296 3.910067179133733 0.6130239665618328 92.39610168381428 3.5886725807166027 0.0
706637 151.614516763 1.81960615757103 3.300281065084054 0.6945504759377544 5.559246775187905 0.6054691747989318 93.38140483799381 3.040661361468216 0.0
706692 151.592610712493 1.82042458724933 3.2260716085017096 0.6286557928468037 5.678774501277025 0.5587225697086406 92.09284778562171 3.774429201308579 0.0
707356 151.411214941079 1.82781121965396 5.711244059776149 0.6491608332161504 7.57743808602617 0.5549894672952088 81.44511291226173 0.9737508176393026 0.0
707457 151.779792698635 1.82812316062073 16.600989144973568 1.380582013081789 27.352344439750368 0.7238339398324027 102.93855889131854 0.2311118659808541 0.0
707596 151.162449780332 1.83126482949508 2.3606863032087917 0.5504042017794433 4.5564748492689455 0.5173755830139619 67.09245541444868 0.9389097930060747 0.0
707874 151.775347536563 1.8335630821553 6.376584226007406 1.4568801616320683 12.869801908993118 0.6745371125689288 102.61061140440792 0.18819059788060102 0.0
708017 151.284191061765 1.83636054398238 4.749650122944966 0.5846117453708528 5.753892746514238 0.5299651643576972 73.97318075295686 0.6942984475287354 0.0
708163 151.570773177936 1.83805166817211 4.6751009972677595 0.7408032518816287 7.249375424905037 0.5747910166849864 90.57353729688714 2.4106678854556565 0.0
708323 151.519647770952 1.84057205238611 3.0082246156192105 0.6849752090308421 4.9550767896107955 0.5473839955642494 87.55573659043372 1.1204779386079462 0.0
708509 151.242289772462 1.84285101202167 3.036381741470438 0.5942710342874941 4.94204292160602 0.5518505669056485 71.45285626209244 0.6054274004314993 0.0
708728 151.677926360534 1.84480278074524 14.671876504923395 1.1076364852010558 19.97638755397426 0.6762951383409953 96.75519432941414 0.9078736976192298 0.0
709345 151.352441015799 1.85395471430992 2.8650884710762186 0.6239288901758044 5.480938370172707 0.5617799520906354 77.63537306952924 0.8900729055152563 0.0
709873 151.377366571314 1.86042792044243 2.920370195685532 0.5868553667544052 4.104765169532971 0.5474429290535288 78.98617088360447 0.8838054021280103 0.0
710282 151.525309769099 1.86479182421551 4.905007453362659 0.7116665158831541 5.807171093016284 0.5725132122161257 87.55798853341882 1.093319085081916 0.0
710311 151.138910222935 1.86430290048327 6.851757726625785 0.5798225755926918 9.403923018197586 0.5134032057411729 65.1458169629798 1.2413876167517268 0.0
710488 151.28629495707 1.86737228005463 2.5085281136884263 0.5323526494431207 4.032028599522325 0.5167427529656554 73.59462168463311 0.7199609734865868 0.0
711043 151.211328374121 1.87412063082162 2.252157778317388 0.5246411583401226 4.01692285304695 0.49978065952001977 69.15000707827222 0.7054218634781766 0.0
711100 151.711938557926 1.87389284831388 6.5652418234657 1.4605426131255679 11.141911146388974 0.702978102895719 98.40697945102566 0.36704371533349656 0.0
712266 151.423851312124 1.8880946890643 3.9929916330688844 0.6638422736973263 5.986325037622894 0.5363730385710975 81.31529854208809 0.7633151152301655 0.0
712578 151.342822586039 1.89261843519194 3.053276222997304 0.6441720644556362 4.825930427917258 0.5200380195981276 76.51734151929134 0.841689011073076 0.0
712588 151.352609213557 1.89271535845024 2.048814836049651 0.6039938309914253 3.9779802677332126 0.5190940794410236 77.08766921544786 0.8407191265931362 0.0
713550 151.530015303518 1.90356071063486 2.6375930990104868 0.6999402104552648 4.586624923660844 0.5794837164814265 87.35799800420105 0.7492605799220079 0.0
714121 151.42258434367 1.9103126877526 2.4288030902571234 0.6316158199936626 4.09417594043459 0.5561131436500076 80.96176625681186 0.7497962014965625 0.0
714325 151.695082004257 1.91127827156135 8.185535897887886 1.3125591947972786 11.079938275387072 0.6580065714122783 97.01272483602621 0.02840923525968114 0.0
714571 151.164771714806 1.91310977085874 11.91147796319042 0.6497112332698727 15.608334413694394 0.5430424631379457 65.85151061749978 0.9511567540111836 0.0
714920 151.593232139911 1.91941824722488 12.211542259640751 0.7774784902406158 17.347876676068875 0.5913220471299465 90.91144605532736 0.025585120038287203 0.0
714936 151.715983882765 1.91932940912621 7.902505787652794 1.5232692054666683 16.214579367984058 0.6456793773625201 98.16964703064689 0.004477900975278036 0.0
715243 151.324824296155 1.92413768607729 2.1478249006800056 0.60907756675841 3.642028733941851 0.5110501796327298 75.05352277298356 0.7711309974257268 0.0
715307 151.49175800029 1.92366261096362 21.69473848214383 0.7011395401695619 25.80357440165182 0.5767392339733616 84.87850022872782 0.6387396769993061 0.0
715687 151.111896347743 1.92955453707831 2.0526601271220497 0.5419109381939267 4.128588102282538 0.5087559325014681 62.535878928368064 1.0006583192073997 0.0
716249 151.321650894075 1.93431959798085 45.95132231002273 0.6120491361065332 81.30358726464709 0.5597963772838943 74.74328065902867 0.7733051873723008 0.0
716365 151.721115337716 1.9370518067549 5.4198144143878 1.3109242440610889 9.923925242493072 0.6467548073148001 98.30829362243317 0.00014335840659978114 0.0
716548 151.233487895982 1.93989526799052 2.6972287170139233 0.5662896493634999 5.477038871106018 0.5061563952170904 69.4995582849166 0.8577274169980958 0.0
716616 151.357114691571 1.94074396583156 1.8120759064967633 0.6089442493015377 3.468438641214741 0.5375586614010817 76.75470423243365 0.833287924830694 0.0
717481 151.171294593292 1.95115622369385 2.0343367949713413 0.5870393698423392 4.192824189236073 0.5263390229439251 65.71140559365224 0.895543025378074 0.0
717955 151.326693257877 1.9571887259531 3.279485153089277 0.5926116235008664 6.568621260563415 0.5372495470735467 74.77952469051007 0.8478146996742152 0.0
718409 151.594789630795 1.96276587497363 3.443583181372034 0.814344877080688 4.694188520501869 0.629802898791607 90.58828862262014 0.002059755215189235 0.0
718481 151.588416828244 1.96370818875568 2.7764041924176004 0.8162637279614523 5.301507848911143 0.6200512540230526 90.20198515286481 0.005536707135127952 0.0
719238 151.310074276009 1.97211832794273 35.300888394525316 0.6366536020072964 72.8568061747045 0.5639160045858286 73.64084345624136 0.8948222482378433 0.0
719344 151.027994993904 1.9751702590192 1.8952142824312344 0.5326639005586546 3.37978693885673 0.4950217770417147 57.00936056133341 2.7894904062410584 0.0
719843 151.110386541222 1.9799689338083 15.697849709918684 0.5451657199769229 28.57467290615323 0.5111847339178442 61.783335028283076 0.7152867094625048 0.0
719865 151.69264066738 1.98026977355177 6.1165101068934815 1.215673507038194 9.196019265084837 0.5956747816833363 96.25894804122653 9.368276040347107e-14 0.0
720465 151.304494181457 1.98836212177883 4.223846484419707 0.5986758883327786 7.462548813111175 0.5148230689113296 73.14977564851411 0.9347684857805414 0.0
720990 151.194936404393 1.99529733079859 13.704585707048576 0.4521306823350845 21.657690343908456 0.4083831999291369 66.60079288211861 0.9578981553646555 0.0
721434 151.4540175521 2.0002225496768 2.225947633657754 0.6936699538963884 4.445034028855324 0.5529494440687603 81.91579640457509 0.7528650395727365 0.0
721452 151.098981991653 2.00069553428626 2.7348903970374043 0.5734923019500758 5.085350317057339 0.532526331137803 60.8781637670174 0.7353495328971301 0.0
721466 151.197973155573 2.00084432980191 2.467891174462899 0.5709812444160677 5.107087722767673 0.5406604273831519 66.7251721316154 0.9716333082234698 0.0
721585 151.429575596956 2.00209920647872 2.830190806465159 0.6670470811704733 4.101529814966398 0.5527618406300889 80.44830598333378 0.8498731231976837 0.0
721607 151.206329014627 2.00260685851003 1.6274049786802998 0.5554980235049887 3.256709039801893 0.5240284876623601 67.20250112573048 0.9730279776157328 0.0
722015 151.208433604494 2.00792908596775 2.384383566118864 0.5524817995810531 4.131841869540759 0.5317050092062631 67.27665969467513 0.9987475978669567 0.0
722232 151.411928894238 2.01061523738079 2.4234543964737245 0.6879233376905927 4.02010554474021 0.5576796516769267 79.33186313539312 1.150439666618099 0.0
722842 151.368933648072 2.01674057262865 16.16223157059064 0.6838627238027039 24.935606555405275 0.5550808483250133 76.72784808335362 1.9248385559972547 0.0
723240 151.370104387174 2.02213286495302 11.239308490999179 0.6255294418710381 12.048364093379867 0.5462601389453365 76.75624041180633 1.9838477473720262 0.0
723432 151.137781522523 2.0248891101592 3.6323958445964175 0.5705682153752302 4.434338186409502 0.5112191128595911 62.93440304724865 0.8632477320484737 0.0
723494 151.438667978639 2.02557883345207 2.922945268554435 0.6690196997993888 5.3520132182991 0.5526281619135283 80.81236134740097 0.8280202172998392 0.0
723935 151.136502962456 2.03116034745308 3.9672868974809545 0.5662078691700028 4.749424535282268 0.5100892688968908 62.80317773296291 0.898647213262215 0.0
724045 151.456395888128 2.03242194382091 3.5240722671266558 0.7545875015211515 5.464999545970357 0.5428296742273427 81.82201282919667 0.6570826928905737 0.0
724135 151.444401313218 2.03344697645 3.397818050002589 0.6748742595628361 4.637861264031187 0.541903348449381 81.10039386093715 0.7801766223500227 0.0
724739 151.239166090841 2.04117397993723 1.821909957717445 0.5817526540760559 3.7434990174484546 0.5534413848359451 68.82377320541343 1.3562027692774743 0.0
725872 151.296437761888 2.05512079394561 2.365931988927032 0.5856208076543614 4.8823608212131795 0.5183145659079301 72.13963275167913 1.0940220535983318 0.0
726283 151.46859547151 2.05870750054452 17.660531519563552 0.8072390565536823 22.267401519590734 0.5321016031331347 82.39195322735955 0.5571721037367102 0.0
726391 151.355338676159 2.0616902126289 4.6234817244151865 0.6978243185275025 5.579231756189715 0.5424096974696799 75.61369889178104 1.329992788960484 0.0
726495 151.203012335695 2.0627503621637 3.887032644362881 0.5384731885902719 4.779370009904742 0.4964353953479209 66.5208816523006 1.726057778375776 0.0
727349 151.426236348815 2.0738232016059 3.2515306956062506 0.711593457472133 5.35243168856381 0.5420242155378373 79.78347642482946 1.1750616248556798 0.0
727804 151.095437256196 2.07967264115093 2.539633330364514 0.5686978643265703 4.472974966529798 0.5239712151781315 59.99954131105962 1.0183580317689864 0.0
728458 151.193418292464 2.08697265218011 2.444588612706501 0.5576763495040126 3.448001583566963 0.5161474822331077 65.8067469942556 2.0047148733696547 0.0
728533 151.210863294426 2.08787352420805 2.3527709059617843 0.5656513794973005 4.590530603211442 0.5133286150259895 66.84424815287757 2.5406319624683373 0.0
728864 151.353188952582 2.09183746828948 2.88574351954189 0.7157565550688127 5.948640695825078 0.551820926334899 75.3332894514089 1.0396788297155908 0.0
729368 151.245764571326 2.09716986846754 7.274640728086996 0.6303622840896613 11.743513012141578 0.5496087380035448 68.88598750942414 2.228557619578911 0.0
729767 151.218534005221 2.10228108755073 4.161226336488359 0.5882764224163952 5.819091443836687 0.5259911518318738 67.23524980570684 3.0672208160103183 0.0
730098 151.220917237398 2.10669860169698 2.614686551760595 0.5575110877686617 5.11550155028997 0.5237068192268838 67.35940290905451 3.1512638065633563 0.0
730376 151.237075645316 2.11036898503627 3.3167520547030347 0.6685722640821549 4.916910241307953 0.5390922969792067 68.31180130134516 2.8932295976192486 0.0
730484 151.308769340315 2.11079459501801 7.034665285126803 0.7463754971048673 10.23721448690905 0.5340814310215056 72.60088901833201 1.1595885112705155 0.0
730962 151.431778039023 2.11702473065935 3.90016192358801 1.0197640031705208 7.963103372224737 0.5756560912922029 79.94539998290068 0.7527607731483444 0.0
731066 151.55553929131 2.11761477749015 7.07762492746159 1.5715277292355896 12.287020260545532 0.6379534505753651 87.35619597048635 0.013475701407496354 0.0
732043 151.332286688307 2.13042692871604 2.8694889756198263 0.7176844249134039 5.7852901198151345 0.5980786422719357 73.9494781616774 1.0622048774040107 0.0
732184 151.367909077602 2.13237079511928 3.4797739062250392 0.8902199343938112 6.25144062896588 0.5743834008951427 76.07879618559554 0.9316083455136898 0.0
732246 151.201887138864 2.13290156490907 4.498891538203727 0.6031386621488051 5.98040555039843 0.5355773270197579 66.1318597304468 3.0403172231555575 0.0
732257 151.4426297381 2.13134605245838 74.4414667979062 1.3425591274958908 121.38810324993037 0.6801058187035004 80.5579439751144 0.5727181593834558 0.0
732259 151.499715759472 2.13258311357435 7.067167033646289 1.2004862514852463 9.419010609501475 0.6044496524740172 83.97566186760456 0.019495995741918022 0.0
732289 151.481277372434 2.13279179765503 5.529436112370706 1.2545864331386598 10.952187544216361 0.5697032552066439 82.87038760666425 0.10229093102385904 0.0
732608 151.24985668189 2.13731349994872 4.483259291755308 0.6986304081779057 7.220805751752846 0.5633502070359245 68.99438105900728 2.7770071363535185 0.0
733172 151.274607694881 2.14472831461258 1.9423341114936143 0.6174549385328396 4.007749212284021 0.5168206013108997 70.46161932333074 2.130130987285867 0.0
733391 151.100800458539 2.14716642900387 3.133410999635802 0.5579305744852942 3.6628601837191077 0.4991395888265006 60.041450816350775 1.6524504690803261 0.0
733491 151.256769701849 2.14832005352843 2.655096873242772 0.6417481648383125 4.069624611904266 0.5391279377697519 69.3859658826227 2.4237062925309902 0.0
733617 151.250006250907 2.14775717511922 6.624944010431245 0.7063673962428334 10.24648971937624 0.5512887866702857 68.98162979789069 2.513985677604825 0.0
733910 151.100592035892 2.15317806914356 1.685899782362096 0.5606288031418749 3.154847325647683 0.5167681573297254 60.01738748605198 1.8135966740258886 0.0
734062 151.170932058478 2.15454393997121 4.442189847416193 0.681214982939951 8.951296051641368 0.518381006109958 64.23096025021417 4.448245119895606 0.0
734187 151.156015924955 2.15647134946344 4.279922246699301 0.6062307973429472 4.77711207311645 0.5171982932578145 63.33399370012203 4.244874083955248 0.0
734506 151.168979295225 2.16015728309153 2.8950242886925848 0.6301151970449883 4.279580156914907 0.5310108893591868 64.10604589100494 4.584400857928996 0.0
734602 151.168059395097 2.16104862368955 10.753899336466077 0.6648581235082885 12.703653762693527 0.5234842574260988 64.04981495689893 4.5838165255508745 0.0
734628 151.099761867065 2.16218634775005 2.6525301697791632 0.6078408354484776 4.402359976381189 0.5500198689436121 59.95433325597486 2.1074571201263024 0.0
734918 151.194967552104 2.16561594975785 2.253649077580732 0.5978382286637248 4.488485920981494 0.5223905692942694 65.65808347974509 3.739821128908619 0.0
735131 151.098877687029 2.16866294006533 1.8901839608252267 0.5772714124649949 3.7935900368943076 0.550851659069774 59.894772200610696 2.32924026895581 0.0
735165 151.291376995797 2.16887092415527 2.8721975726931914 0.7705349616404689 4.588520272059776 0.579570114496079 71.43540711402194 1.328995929769282 0.0
735473 151.216226399535 2.17236184194865 2.6950118546916126 0.6933280516677249 5.035031907307647 0.5471789322585335 66.92770678206551 2.65667579122572 0.0
735513 151.112333649789 2.17312138203588 2.340936695635871 0.58315107629554 4.37372115906526 0.5358627623683144 60.698465520567886 2.4772442437221374 0.0
735735 151.162880993345 2.17580336123964 4.029750833681488 0.6618071570460009 6.492972523790632 0.5315691673203342 63.72781586694998 3.8188513443321503 0.0
736201 151.093291702958 2.18184323970071 3.292077502774764 0.5833163333203621 4.819184687250135 0.5565617180217604 59.554293069525926 2.6675212326013646 0.0
736714 151.312588001832 2.1864025181666 3.5027493401185072 0.737521733065569 6.900130442784699 0.5368155869710385 72.70291215523253 1.017231642740166 0.0
737148 151.372553224503 2.19302444503723 5.942260118748945 1.209723130653244 11.781560714889245 0.5442489064731001 76.30044703866878 0.8279150128859354 0.0
737247 151.118657659602 2.19424936156405 9.457353816636067 0.5939477518982215 11.804974705620129 0.5303833384742198 61.0793564680031 2.502681879153841 0.0
737783 151.363169355067 2.20050298001821 17.007362915071603 1.3597300475578595 33.7357722640868 0.5630836736673248 75.74292523341227 0.8237294685435093 0.0
738253 151.263276939738 2.20813169799558 3.907018784205424 0.8547727109990862 6.304713696304586 0.5368205828621987 69.76309612177457 1.6795011417677546 0.0
738914 151.231016411904 2.21646891586755 2.5101976169044957 0.6337082510067219 3.863938879954561 0.5290658781968398 67.8426307984224 1.6191110831045512 0.0
739016 151.278564341557 2.21687342350971 7.612148971263078 0.8600867814895412 11.084129416038243 0.5234374402604839 70.69283518492784 1.5635410422749305 0.0
739313 151.297933009276 2.21921595797176 7.639341040303844 0.9496983335479623 8.943912176010581 0.5396653050936719 71.85777711542313 1.21175543056038 0.0
739605 151.102930858335 2.22418823996908 3.3302787905475815 0.5733784112479858 4.0407108918144425 0.5049452135109387 60.184766130647944 2.486557221074612 0.0
739631 151.094416480305 2.22453187459575 2.4827275548478815 0.5323706816728799 3.6419436235280127 0.5057844330938001 59.67561025335246 2.468788795227615 0.0
739722 151.089097725455 2.2245162292102 16.306214441429244 0.606196742842472 18.36486242737901 0.5488501479836869 59.35697485125191 2.434227008523115 0.0
739996 151.316781068301 2.22822511814641 6.622806335559026 0.9801437123535895 10.398392494064701 0.544052972257159 73.00562794412548 0.8540955644149617 0.0
740968 151.234918232626 2.24033499378225 5.364147568374871 0.7093142070496857 9.000266600858449 0.5463687223220226 68.1345197952885 1.6654077967985024 0.0
741017 151.183562652632 2.2415574011859 3.2569364944857733 0.6063350307682022 4.380149119851367 0.49807802633499276 65.06370928557746 1.7900869449067276 0.0
741262 151.221389185156 2.24462829086422 2.78144811108821 0.6096526604193798 5.657093106202122 0.5166880299310396 67.338266030541 1.7043672082933579 0.0
741393 151.10900989293 2.24637991553381 2.1202110136124115 0.5516368499991561 3.9992246510916765 0.4834743282931966 60.61880146358868 2.8542940944144153 0.0
742315 151.115761069395 2.25673543297648 2.7740334102939253 0.5568873878245428 4.093552741640376 0.47514167112624495 61.06505053231161 3.3501433058011685 0.0
742696 151.150764202592 2.26163873963653 2.679734986067992 0.6107905469660565 4.7059556468253465 0.5057539298305047 63.179656785021095 2.720909256128958 0.0
742931 151.202296975241 2.26404529345317 4.629532675682809 0.668948331114244 7.637507239223845 0.5224661772140964 66.27137191489753 1.910636221793121 0.0
742947 151.266180880585 2.26439570876579 2.8147887315383366 0.6696299810493724 4.9687723556741386 0.5390051907841064 70.09297587305434 1.734579417133595 0.0
743216 151.32658845195 2.26732715315526 6.198592598656038 1.1569568141611994 9.60312439244551 0.5650960649802941 73.71805374343768 0.7496572541630276 0.0
743588 151.120880183369 2.27279433520713 3.32230650709659 0.6069456815238286 5.192188994639804 0.49330413043119065 61.44877537827677 3.9171949118566154 1.0
744113 151.246671824784 2.27953179984108 3.1643470384408743 0.7190127085513037 4.481702582370588 0.587516568674732 68.99705425678138 2.1740852334926117 0.0
744238 151.180377601041 2.281180587618 2.2294656166031084 0.5800475904668054 4.615621822763283 0.5045174081403238 65.04657278513842 2.124901419993323 0.0
744269 151.105721904484 2.28161442191388 2.0400259304100925 0.5400069238182087 3.863503670879263 0.49717136222146824 60.59336016513751 4.043607509805953 1.0
744292 151.26558209173 2.28170518106549 2.877154964589067 0.6695773742094078 4.77576871918669 0.5577733503881972 70.13774295495736 1.7430798490478465 0.0
744631 151.298983948723 2.28571679426733 3.0912613483453857 0.6262751466855279 4.514020719013927 0.5412770851652284 72.15350360477105 1.1238972571952368 0.0
744681 151.230927941056 2.28559237141107 4.013561957400963 0.6313767313044726 6.472874877717555 0.5773982538222348 68.08869822850923 2.49054168530227 0.0
744877 151.142182894479 2.28898299204943 2.216958763611704 0.5463626116003064 3.5309060796894896 0.5213786051861358 62.81256439988474 2.964132849931578 0.0
745001 151.152156443678 2.28957200550698 9.432251781237383 0.5890427326836963 12.370347991055782 0.5339721137123553 63.410994098872564 2.57254235587458 0.0
745219 151.137451405776 2.29315815730954 2.378283557260208 0.5945155652603022 4.768005645116037 0.5314297716561572 62.55652131003398 3.077432641809279 0.0
745309 151.102282651365 2.29421317632246 4.078890573645594 0.5847214701520796 6.371256777637446 0.5171058692713504 60.467451017392186 4.120168216209246 1.0
745647 151.120667156846 2.29774927007029 3.353025314768249 0.5613029069330084 6.9467552408379385 0.5188742859819898 61.586443295428204 3.6175456784895186 0.0
746109 151.426110362857 2.30401014444165 6.233804231849702 0.956383669842202 10.290604854681956 0.5497558979006331 79.8422659660088 0.646347345771171 0.0
746482 151.414635048169 2.30825319248756 9.313349571623945 1.1878945244462273 12.736378137393839 0.5418642053846204 79.18104649463957 0.6677861417993525 0.0
746673 151.253391162092 2.31044760343743 7.938078979155168 0.635625309118118 11.54028453758625 0.5624669772572238 69.57879187710006 2.1289166029583404 0.0
747306 151.440528006347 2.31786998476744 5.381215360971368 1.110886297406099 8.946666354152779 0.5428730406227749 80.78238647656535 0.4549564642241937 0.0
747553 151.222075910212 2.3214970301913 2.4111258761951273 0.594762858845989 3.7461602308118467 0.5428137466052675 67.79163654673937 5.4549985220719925 1.0
748017 151.20928032911 2.32722221055932 3.109058566803293 0.6691575234952581 4.965329182336106 0.5423813316237367 67.0740805497513 7.030470475043367 1.0
748822 151.468363728307 2.33743838066361 4.627553633230936 0.9101082277178226 8.472662638874366 0.5657202423511272 82.56674627475314 0.052016798244522724 0.0
748883 151.20738192248 2.33857670292204 3.709743145735654 0.6320124462925157 6.11115587642658 0.5650449085999344 67.05305800499384 8.20731100203661 1.0
748988 151.200274776826 2.34033731004265 5.388774479073006 0.6185145540722746 7.032106307268081 0.5617813942035477 66.64613519984152 8.039387784998624 1.0
749007 151.207986296338 2.34048266898441 4.771804325038952 0.6314702467085241 6.098608592769601 0.5632953552412272 67.1050060582517 8.291634567397526 1.0
749276 151.200336785455 2.34339922250609 5.138001473202646 0.6292996799705466 9.36445547803178 0.569002774611544 66.67618889597718 8.106840501416228 1.0
749294 151.246317561055 2.34445873120789 3.116854989735041 0.6830884986016698 4.5554943412487106 0.6071786193922676 69.41366491616168 3.9671350308875266 1.0
749417 151.254997817428 2.34630939355317 3.2105887237477706 0.6705921537657824 5.421884232697095 0.5806084872969178 69.94447726716899 3.0564635800993982 0.0
749993 151.189378445512 2.35367090452229 2.872371656323311 0.6595682629405634 4.839697455825806 0.5314680134003478 66.11924330284135 6.856711665532221 1.0
750241 151.213557806532 2.35702846078225 3.2620736998353923 0.5934918256848696 4.791751064296571 0.5227245986975649 67.58247948952632 7.5088654868405325 1.0
751330 151.195817043895 2.37133711338897 4.711608858201374 0.6827383423512392 7.078344052516486 0.5516782730406613 66.67262257966452 6.130889822404417 1.0
751585 151.401540588569 2.37471429898411 3.0376367659843226 0.7285303433853165 4.389221683950359 0.5376096890213601 78.8832128807155 0.5045965948999909 0.0
751962 151.189002431092 2.37931584445636 6.284347121925393 0.5966714265763376 7.679963300880087 0.5338465340049179 66.35366724893511 5.2173532447973665 1.0
752007 151.192208805821 2.38014881601805 4.522666314682833 0.6315483486331377 6.233332841191517 0.5341784517428776 66.55171344951616 5.345348140978731 1.0
752264 151.215562085902 2.38379742818285 2.3681218116322382 0.5436382251884493 4.3041587825824985 0.5073233993392969 67.96830771317022 4.505916266105075 1.0
752313 151.393559117221 2.38405779371935 2.248961824335737 0.6238598654777284 3.7868133938076363 0.5394879252054675 78.49430755556719 0.5126034167446738 0.0
752321 151.101169878419 2.38294186759395 5.001877731455458 0.575660518790507 6.495549528060756 0.515776653198534 61.22206147428694 1.2685041233481191 0.0
752529 151.284949820765 2.38604414553386 3.662324799300442 0.6085765954813056 4.2295250615317785 0.521529318861472 72.08822461511376 1.8619248175732313 0.0
753433 151.285604882716 2.39845276277388 5.590135546167076 0.6040139990293195 7.869539343999357 0.5423400768936404 72.2567516239132 2.33525481438609 0.0
753505 151.606340158747 2.39930423005293 5.145203797118587 0.934461960984679 7.542784885305749 0.6072630988817065 91.24495475536038 0.0008069562957024993 0.0
753569 151.213544468195 2.4001867251516 13.046838394060295 0.5940533810878244 15.679579941961858 0.5196228327154947 68.03131746576344 3.1814426787806753 0.0
753758 151.305377854829 2.4033848176616 2.3948847233215336 0.6102475956591166 4.532575819311243 0.5391580547528029 73.47598541995818 2.1173654585248163 0.0
754077 151.61401880658 2.40667077376116 4.326438783276059 1.0844952906597587 8.5329750198659 0.641987207778981 91.76427024939377 0.002450104311379273 0.0
754322 151.283491967909 2.41030548263545 9.14094960832967 0.562816167437311 11.986563117086698 0.5135037416127685 72.26331390139212 2.7436289444387056 0.0
755349 151.386926256735 2.42289192190639 2.8259456638358285 0.6943121436792529 5.3982308769747975 0.5492326941856726 78.4959463218428 0.514261071147133 0.0
755665 151.427827875476 2.42719549959456 3.2179450447211253 0.6458838244833838 4.649587444648764 0.5226692962425825 80.95379140530841 0.48556163329049773 0.0
755839 151.224077802147 2.42982857702983 2.678127287691018 0.5742943517043431 4.407129893598475 0.5218285572907599 69.01173697806016 1.6770891668311876 0.0
755949 151.345925383687 2.43122795833182 2.1413176236837264 0.6306919292514455 3.542332506837454 0.5313859803524564 76.17768153143933 1.0254231292214497 0.0
755975 151.274779746898 2.43128518117057 2.7321738168389897 0.5531415706458992 5.409104150812856 0.5060447988544984 72.00101123567241 2.4863290580996935 0.0
756359 151.394058558025 2.4362406516451 2.3373406840811586 0.709572964397895 4.27439859371723 0.5885510786731274 79.06654345805306 0.5107194501986156 0.0
757045 151.450303344253 2.67455662099209 2.230157187000572 0.6219218746817979 4.177381992667871 0.5356299641410543 86.17264810147314 3.5141292251915264 0.0
757167 151.597109557276 2.64998832221211 5.264803113812993 0.6992893654206717 9.863975063610654 0.6102270143205771 94.0375653774135 1.5082725272000586 0.0
757470 151.154525545843 2.64652370151239 7.6333457133914075 0.6159093896867973 10.989847292838622 0.5647065013538696 69.08808234569837 4.724367957583274 0.0
757484 151.477023175033 2.6461783641353 2.8100750824766454 0.6618919045789426 4.506779638313469 0.5368838040621902 87.1205624556737 3.993479194579068 0.0
757553 151.399798863354 2.64622284000606 5.63913017351939 0.6367430463520822 7.638323578140233 0.5520891078325413 82.7483456125934 4.533828800795405 0.0
757570 151.46958124653 2.64536968390761 2.4725341342398743 0.627729137373174 3.858776502009018 0.5396138010610922 86.68242463931628 3.8828263724805927 0.0
757664 151.154312002092 2.64427160051325 3.2890633580281188 0.6103487263961337 5.46538904521674 0.5614950704104291 69.02200157878518 4.726695693574393 0.0
757693 151.550834699277 2.64393258302633 3.407200990277914 0.6869648860154876 4.977015833608679 0.5896822874926911 91.28308803454547 1.8573868935112243 0.0
758168 151.293689300248 2.63883633658881 3.121181457231815 0.5647611115831902 6.396099490232089 0.5032435331505143 76.62909946869094 1.5143890744106612 0.0
758427 151.517175171725 2.63498782303433 2.2437834801400953 0.6354632562301984 4.302583789266212 0.5571205367752499 89.19795357391949 3.5334253640520448 0.0
758478 151.48979586368 2.63446929515364 3.204189862740072 0.6453846187307846 5.776041283164639 0.557487683271494 87.62651868798554 4.697773531923654 0.0
758618 151.536445504083 2.63500253385034 10.05577556589704 0.6903436523766042 11.55542878332598 0.5715907621166156 90.29915251433768 2.353619315067526 0.0
758707 151.654651648169 2.63179903512302 6.370658378034919 0.9073328523279579 7.925122495959343 0.618577800906997 97.02643041071046 1.2825692180095305 0.0
759060 151.443667916344 2.6276145435896 3.125756560445868 0.6034552236422053 5.441135538754808 0.5452564154824157 84.87142499332704 3.43955457922239 0.0
759511 151.592683017563 2.62233888697153 7.176732334713521 0.7164869126535023 14.651034110539216 0.5897813812513744 93.30191997520744 1.3576963363705985 0.0
759702 151.486575521505 2.62043460534223 2.4231802662603195 0.6790154950731495 4.053686946542648 0.5980458342031825 87.18561529247057 4.905829607868072 0.0
759758 151.493108767651 2.62166635803654 4.144076137439734 0.6413579418391326 5.317684492983931 0.6001273568038819 87.5812851608489 5.015594129097587 0.0
759879 151.438836668357 2.61936510562835 3.2129768369784086 0.6041765851934352 5.62004084764414 0.5463897359673151 84.44169484958817 3.1487230951660563 0.0
760037 151.175638348155 2.61651616489833 3.549036915518432 0.6010062067903237 4.889895603659424 0.5771658032471946 69.55387869874716 3.2296543269442455 0.0
760066 151.245302282353 2.61819245367866 3.292428760276957 0.5838790690152103 5.915226939648687 0.551825819217994 73.47790414166911 1.7433031254492424 0.0
760071 151.413567934436 2.61608104430212 5.435030508252976 0.6531151103789303 6.132573570854676 0.582806280251166 82.94126340472131 2.8007454934808997 0.0
760170 151.538620301039 2.61439600259663 3.410931813637904 0.7648342498726417 5.357961676541889 0.6037510517761066 90.06015910420174 2.4594252294050403 0.0
760551 151.532005623272 2.61101252232533 3.1851965918855827 0.6776916427415207 4.579400710531056 0.569797353074167 89.62209287598829 2.826726302117646 0.0
760620 151.169368342717 2.61041133440024 5.289290963623163 0.6084952862983412 6.553454224289271 0.5584954626769806 69.0685279075707 3.3735584348268697 0.0
760675 151.463346879802 2.61540162787392 3.8707805468823633 0.627680425692783 7.759337066809195 0.5630029153442399 85.7671617391131 3.6122778932232906 0.0
760735 151.508246266882 2.60985902150716 3.262066489270831 0.6608071764765269 5.911268725984858 0.5701879210292268 88.23862954449325 4.31823511762605 0.0
760863 151.457621523399 2.60666891663702 5.1610975552924305 0.6512204504405354 8.151836809371003 0.5665024855979474 85.28239036911869 3.1087816910542085 0.0
760944 151.292827250103 2.6070491865658 2.770070870291359 0.5487219705010367 5.5512192279099555 0.5239693481569505 75.91981469709015 1.9145410155816462 0.0
761195 151.265776896141 2.60175745838444 4.473043853173374 0.5863716573626858 7.9810378489294695 0.5365596119291175 74.28633746875958 1.793407426654462 0.0
761211 151.486193015982 2.60152692747034 4.346748625963366 0.6563719536140188 6.24603952982933 0.5555992364129277 86.8286319782009 4.063970556480972 0.0
761243 151.311927677006 2.60081464102255 7.144192601970008 0.6585965825990959 8.96199652945012 0.5558526877572523 76.87630144007582 2.076301662588956 0.0
761506 151.425007172813 2.5984292923805 2.4902632386146957 0.5922967642922536 4.946994261778067 0.5267255220804111 83.26915364138469 2.3796778757694397 0.0
761543 151.538967451664 2.59728444205799 2.127214274442433 0.7021127271354305 3.9754997047640934 0.5948887400141135 89.79026964098081 2.2141245473259272 0.0
761755 151.136833954785 2.59550400998235 7.053392537653019 0.5859061043883417 9.144513944904347 0.5421181331412463 66.92579663972674 2.8034827750425095 0.0
762256 151.215228973505 2.588836639009 7.953672082538828 0.5735600331807323 11.823250267780619 0.5312464945562225 71.17368552608463 1.9427532586070024 0.0
762471 151.335724135007 2.58680944926457 4.687402477929251 0.5762523929386709 5.811894399084084 0.5087878392496512 77.96030528552622 2.1783395240064816 0.0
762540 151.153813529092 2.58563652138426 22.885295398449106 0.5924700373659304 42.50953571806716 0.5487844288381153 67.65819872112738 3.509896257658183 0.0
762710 151.582018208908 2.58555767072166 2.8878880186984266 0.6884123236655375 3.92683908106306 0.5682987917422286 92.08529637957542 0.9943296558416234 0.0
762733 151.549894987871 2.58311210781592 3.490608680798744 0.7414056997267295 4.640082246676105 0.5950723647662681 90.18958545883265 1.5432032028326437 0.0
762838 151.611419526825 2.58139781822272 3.357386805007177 0.7262667128407916 4.444544740545817 0.56318809809338 93.72294906428067 0.4047735385527321 0.0
762888 151.103399316779 2.58300026366115 2.948534145821076 0.5298610295434474 4.530038215626043 0.500128878284291 64.78644179855023 1.8186004729223724 0.0
763152 151.564434391831 2.57853229298444 2.471901278439552 0.6547721995743001 4.374712354172257 0.5622162169986015 90.95774810321184 1.2971614767579036 0.0
763750 151.180975748181 2.57113268493194 4.077687053164288 0.593983889956663 6.726158833936255 0.5580400125168785 68.8815226597388 2.8119897344104343 0.0
764217 151.521253671944 2.56614559351444 5.365327912041516 0.7254438094804964 9.038484524433791 0.5784770315366324 88.26525669072139 1.508478160946597 0.0
764292 151.63530699284 2.56490198664053 5.880568073484684 0.7545937801829488 11.626161975229358 0.5948117028573825 94.86401360034469 0.29590073120357674 0.0
765841 151.136637528421 2.54535345177605 9.824580787931191 0.5812225326906904 12.412812422117318 0.5220948073871806 65.85945060469416 2.2703811973801744 0.0
766296 151.334843281185 2.54096942030567 2.1288533902792817 0.5527431078317525 4.264461405671306 0.5182093431693698 77.09808537885732 1.3482759871287129 0.0
766371 151.347747413232 2.53954460826206 7.721427472124893 0.6324085728886604 8.430850120105209 0.5404868330413422 77.81758863406911 1.3953553782078194 0.0
766449 151.318690201248 2.54114552428195 3.5998966970305766 0.6029448832689548 4.310545282622378 0.5215887030110364 76.17175646533705 1.2635236103841234 0.0
767054 151.525596392262 2.53041654836498 2.680021219729054 0.6897591670418689 4.45936154939842 0.5565458547797258 87.9837444698011 1.0090108085546994 0.0
767625 151.260395614124 2.52398531580676 2.7867720829359706 0.5597337567254448 4.619328439227961 0.51261306950136 72.52896259985738 1.1328468700565255 0.0
767761 151.369382469779 2.52351003330276 4.221639150343424 0.6186517348855959 5.225913963933057 0.5230483787983771 78.80991608545709 1.3519957602216184 0.0
767906 151.577652363864 2.519759403342 3.807220192836275 0.837304329713444 6.890437383853204 0.544161285237674 90.87366320517138 1.6882307692739693 0.0
768222 151.610008492636 2.52025380386735 6.1654936608787905 0.8470178493186763 8.33089701663832 0.5848355648868214 92.77200750170972 1.8095044950455081 0.0
768659 151.095603820973 2.51155736134751 6.452467821168753 0.61023388957043 7.540982630445704 0.5431173628773247 62.877220496233946 3.852479284348167 0.0
768796 151.609660302371 2.51386686786211 10.887112456572105 1.0529854466911164 16.930601304914855 0.5744424373924871 92.66873468765023 1.6215572466264483 0.0
768905 151.114028131218 2.50809013079386 5.2134380133612 0.5472929352982863 6.149608529630403 0.49252298164506286 63.86265781175331 4.330533852573026 0.0
769283 151.425343031101 2.50374740725387 3.556677989411911 0.619549904960754 4.26328363720629 0.5584711012695704 81.76640102647434 0.580983954177874 0.0
769826 151.108073453933 2.49625941084998 5.209148847660023 0.5879787073906009 5.786172383893224 0.5315512310409883 63.308121467284295 4.729308422226839 0.0
770046 151.420481717946 2.49384961149469 2.4657021243181814 0.6547927805685354 5.109864433924125 0.5949873316084792 81.34483946068029 0.5669800001238162 0.0
770147 151.095291066806 2.49220359655587 5.1111131491940185 0.6313682439413872 8.062727107403278 0.5691706777577538 62.50420139254258 4.3617087589735215 0.0
770231 151.459644392587 2.49364058485282 3.024948232517994 0.6749520734505652 5.868258223417897 0.603610986559506 83.62860849269026 0.4954745916230966 0.0
770620 151.265142037997 2.48661644156111 2.3244037724177136 0.5464193743897658 3.924747631060081 0.5248751109499048 72.20285564386916 1.713947962089895 0.0
770634 151.458451563229 2.48597279809946 3.1795456981910215 0.7178169629270242 6.519489890004603 0.5905014591308708 83.45736713750937 0.4915076118463155 0.0
771011 151.424596383915 2.48108066463527 1.7572006774645847 0.6163106337920499 3.4158813511688106 0.54765538318792 81.41295160015609 0.5142055665630257 0.0
771173 151.306792576814 2.46894364034491 2.571968334578523 0.5844838850426705 4.6606591377723365 0.5150062558792072 74.36892964394542 1.9590906042420557 0.0
771175 151.106638624575 2.47953363905767 32.67348588340105 0.6196723653239663 37.28628386881807 0.5536654402536748 62.93432046826946 4.001065956302788 0.0
771476 151.454549846246 2.47793787553087 3.036999661101312 0.6939153381897991 5.124421404932362 0.5646484949371767 83.1250294665099 0.4894845054660147 0.0
771842 151.261499481589 2.47119884540016 2.575038489960597 0.5535829431711394 4.338278916565719 0.5172704504074587 71.76268290445724 1.8049324983243766 0.0
773033 151.432199796961 2.45563159888376 2.2510705281896306 0.6823170135033012 3.830781098820091 0.5615514286980794 81.53715723723971 0.4940278982915986 0.0
773067 151.16577063332 2.45485740697532 3.430964822150095 0.561818770885873 4.157887072536057 0.5219613089347341 65.95873885556625 1.1791153108135781 0.0
773848 151.304528218656 2.44407471136481 11.628012643880028 0.6475651282817139 15.16094205948941 0.5544445160024913 73.90564734811485 2.179989028589254 0.0
773987 151.301816271769 2.4440501368552 5.104269164584751 0.6152592105461167 6.213933203519975 0.5474447316946691 73.74648175364543 2.2402716151911584 0.0
774218 151.292035232534 3.06746003503518 2.5894460992743547 0.6024011434210584 4.264271870831413 0.5610706385539481 89.03639208598436 2.0744511958316663 0.0
774601 151.46787173701 3.06213851620476 7.916817599465952 0.7311445862305931 11.562312297280254 0.6546896473341064 97.5228295769509 3.707640669575733 0.0
774699 151.450952419608 3.06111964118483 3.1434170356972757 0.6623864869782657 5.588664333476438 0.5964607332205022 96.638512983199 4.481417257351045 0.0
774826 151.770928830839 3.05889925466692 4.731226486690808 1.1574309201519966 7.98360661255438 0.7794970131749444 113.13082047557825 0.21689635343458274 0.0
775108 151.442336035655 3.05836135549281 6.770014903958093 0.6881073192915166 7.7449093709227315 0.592554435621513 96.11564855457598 4.460099581731953 0.0
775166 151.315931473185 3.0546493994999 2.4147114581832434 0.6455604608546367 4.1006308120777195 0.5776128067459535 89.73940449279172 1.5107825162117126 0.0
775391 151.29483826244 3.05268896724107 2.1835810602581196 0.6366333536457873 3.9589060067874926 0.5795231814463907 88.64641649762272 2.437204815016184 0.0
775661 151.772331832432 3.05308534095547 3.6010295926072073 0.9628489232751789 5.92239552842329 0.7470229609489782 113.04377257067773 0.20826339808213382 0.0
776076 151.310812454656 3.01339358445811 3.907163381776891 0.6630327421379425 5.265509620379905 0.5620488288927176 88.06596054525193 1.4047552781801833 0.0
776213 151.232703463489 3.04122594464368 4.848697862775153 0.6083929321347612 6.101123534680467 0.5625047683411292 85.24844763385629 1.6374667046702256 0.0
776229 151.266459770614 3.04104175060402 4.362073908377611 0.6479785104215205 5.611488860554448 0.5931874588099417 86.86181141875443 3.286977152512184 0.0
776419 151.270562785419 3.04186058803315 12.507315240096542 0.6212787577654706 17.259507344569478 0.5818621469539397 87.08895296778441 3.3520144791188446 0.0
776657 151.616904505695 3.03495115666292 3.021768888586851 0.7617413903624347 6.236866275346646 0.6616826588616445 104.3346516046472 2.390958997609856 0.0
776674 151.372356419302 3.03531398285787 2.033341350781657 0.5855271110491157 3.732097827276455 0.5485277327397382 91.85580164071791 2.4441149996180838 0.0
776961 151.214137013057 3.03241689782343 2.4097924367916392 0.562677345866238 4.89728759117534 0.5255991160118855 84.04312981732427 1.2503612971593614 0.0
777836 151.482795825971 3.01937709420672 3.8257620308452016 0.6831881131251516 5.342277282260482 0.5994819082675934 96.92268957262787 2.1021683053550664 0.0
778062 151.411924441323 3.01746508338628 2.4420195400573945 0.6518163289770605 4.960885414405131 0.5690555662449381 93.25453025823865 3.780829714114682 0.0
778092 151.381986240829 3.01793191101188 3.4030484776511774 0.6630496318217106 6.330937489532854 0.5855286160252218 91.76180649556383 3.6637285991159128 0.0
778228 151.370799448472 3.01511428665499 2.3831930504057843 0.6041472691512676 4.571479905360627 0.5699083185123598 91.10827748494447 3.091461611167511 0.0
778234 151.337738804133 3.01571703019381 2.327293406165596 0.6515610066870242 4.373190023729283 0.5810315929245599 89.47843051555499 1.7791506619153592 0.0
778429 151.391711060123 3.01169448440776 2.3941193733974004 0.6403572190572329 4.7149186360950255 0.5832641124727748 92.04766745765828 4.280321387398174 0.0
778541 151.345283637869 3.01743116733273 3.601062104527773 0.655453875701842 4.567627403723668 0.5819142819109185 89.9109830905144 1.9544119722260362 0.0
778547 151.300491076913 3.01864653716778 5.4039728555509745 0.6633588032390552 6.7433225527934315 0.5578821140289973 87.7366822685191 1.6745011935698801 0.0
778590 151.177398537071 3.01028903652313 3.3505508035229585 0.606954100542124 6.030261840215801 0.570969108443379 81.48831595437267 1.249118311548346 0.0
778676 151.391455067285 3.00954117124505 1.8433817313797498 0.5982291241519009 3.800758368148747 0.5818856456688042 91.96499638740156 4.322579632924909 0.0
778825 151.29114282851 3.00681058177775 3.1979160277714596 0.6041219599566816 6.212142665827343 0.5646914493003481 86.87149734685094 1.6041835673061897 0.0
778874 151.162379557347 3.00730993257175 2.614769730773211 0.5841899410515655 4.289001274554382 0.5590249756359322 80.6670020414374 1.2235083788726622 0.0
779078 151.593313093891 3.00451183614236 5.140702602191287 0.7579625985087995 6.051848081590514 0.6612437157439842 102.21149932274858 4.007139941008249 0.0
779126 151.561138132299 3.00274868450149 7.2141438338987465 0.7284533851826486 11.457292227088177 0.651089605588844 100.47518923255183 5.032500706955879 1.0
779646 151.612388989653 2.99878022242915 5.184356261365088 0.8169399472808729 6.739235707808235 0.7004555255120235 103.05041362931954 3.211714625967065 0.0
779799 151.361319443417 2.99325450147957 3.4057036392907416 0.6626235781264883 5.831956893654927 0.6088781880873562 89.91758722071667 2.7567008942458813 0.0
779830 151.605076349577 2.99287688232259 8.169918845129077 0.8469527560596999 11.063268866482579 0.6986259348866876 102.49664200332074 3.5967778636717007 0.0
779909 151.112274289911 2.99332943012007 2.9155670326152174 0.6423291849931178 3.6049346283573986 0.6005031559775995 77.79061779489996 1.0824606436934894 0.0
780021 151.779078497182 2.99030876206052 4.4274649732617455 1.0539081964322412 7.547010791178911 0.810616766864228 111.71881162364664 0.26174833416027643 0.0
780221 151.40049563217 2.98840229603986 5.201516503700065 0.6993784832993757 6.313783298921704 0.6261772466661444 91.74692955929463 3.8812441325780624 0.0
780231 151.168680914421 2.98817273889182 2.6817235567658937 0.6168456875711411 5.197392447051329 0.5813278827479826 80.26871480775145 1.1816226062602573 0.0
780290 151.649407880578 2.98789457273009 3.3517823937020195 0.7798039935604997 5.7847964536628576 0.7152959875915883 104.70468228806988 1.1273211977555593 0.0
780853 151.539497676021 2.9800056660015 6.842828730017611 0.708435971085943 10.422727763178353 0.6153385062819308 98.67801215549834 5.392409562494932 1.0
780862 151.7899603164 2.98003057288507 4.96502749746527 1.0775829606153153 6.899286420450799 0.7899781996889818 112.0421744366211 0.23026674156370303 0.0
780896 151.39353570291 2.98220105563958 3.6136326808834864 0.6774514565901767 4.570694211343625 0.6083974365712493 91.19648491119406 3.6312316385483427 0.0
780928 151.242161368256 2.9801833491857 3.5875901303458666 0.632311592443114 4.601257863117137 0.5759403935520426 83.54988974098238 1.3234106271605268 0.0
781680 151.324488988616 2.96992992666994 2.4873123150680425 0.6144273686913186 4.088496977042273 0.5667111413099357 87.3044732086631 1.8105267025804541 0.0
781690 151.434212783201 2.96928957620327 9.825616920306613 0.685648834699763 12.45214991460086 0.5579671343107783 92.88211271589648 3.329364342306559 0.0
781772 151.369119534232 2.96932659099905 2.1650652317856443 0.6341275535327696 4.010167970414043 0.5815433112402553 89.54599112239718 2.5709373973394793 0.0
782027 151.354020680065 2.96683048759749 2.160413902603374 0.6001172720484549 4.070673749047914 0.5705925238331645 88.6989259280085 2.2698009496770113 0.0
782452 151.125630285243 2.96088787318265 6.217124650898775 0.5851847477346624 8.278860432361771 0.5373406448311719 77.22390872670012 1.1077711786189552 0.0
782647 151.459425384947 2.94324179137499 3.323984598610093 0.6836757067962077 4.080314660146422 0.609668581847332 93.41306777547796 7.334514376105368 1.0
782872 151.362143167245 2.9562296725124 3.050845232659544 0.6713430104192962 5.532452446038736 0.5994056436713511 88.77765663825821 2.2369535650784282 0.0
782895 151.265783187905 2.95485520534102 1.9994406239772258 0.6381266903338084 4.073338438933504 0.5974264338313712 83.86471033039845 1.0362112723611285 0.0
782988 151.463501097358 2.95337532352406 2.9701633930629927 0.6648961024155009 5.818547690012727 0.6176236114474095 93.92407852249451 6.883632661950151 1.0
783026 151.270585072307 2.95282561087962 2.5034171110153816 0.6088003454871538 4.575777916879401 0.5726349935011604 84.03763826343685 1.0293746440642941 0.0
783076 151.420086595254 2.95168859069753 1.7679960514533661 0.630706029077084 3.48701614576623 0.5915407075002636 91.61772309950177 3.162719703970792 0.0
783092 151.366653183166 2.9531616384656 2.6572405354587785 0.6327693600785067 3.12894556138312 0.5997857820598135 88.91226835214647 2.2382422207087416 0.0
783290 151.50357118207 2.95013666842463 2.735003448388917 0.7043942363530706 5.192537033139961 0.6109949136943239 95.92783738543127 6.535484308477563 1.0
783299 151.574332012758 2.95004077238356 3.3759373987016423 0.7287449497809662 6.865896227369313 0.6667717980728585 99.66570990320918 5.231736119772998 1.0
783374 151.363144112943 2.9490445090773 3.027670671300115 0.665148782891387 4.054724495278966 0.5981089910231333 88.6042719259363 2.160866359254031 0.0
783630 151.475500648387 2.94748312011756 5.379093008548841 0.7155331214977554 6.990368083065919 0.6355197949039184 94.37819930284081 7.736250481572203 1.0
783984 151.517336771919 2.94022864602221 10.730155977446847 0.7031394411461773 15.891472682397904 0.6177813425471849 96.37049277574431 7.5442710558782755 1.0
784062 151.415122531725 2.94031902106537 2.165571902706147 0.6450553843319138 4.226322798306137 0.5990882500705789 91.0182448877932 2.9374427652915482 0.0
784122 151.43519059263 2.94305893047631 2.5832323952637797 0.6239347353547392 4.982224951463787 0.5878254383581123 92.14326354397873 4.565064897439162 1.0
784152 151.533567182268 2.93898367569344 5.2295180873729015 0.7046760377957226 7.91411994699951 0.6001037035769197 97.19428810011271 8.704049944554557 1.0
784227 151.579417153306 2.93690481795304 4.261492198193088 0.772670757298955 6.5002151496120675 0.6356919085047915 99.57548680866375 5.2078271757040335 1.0
784403 151.537696126155 2.93573197504554 6.055111119574599 0.7403668911837237 11.98241575486322 0.6598181613782276 97.32243682015624 8.999571577710727 1.0
784414 151.318381044437 2.93710207294595 2.257860176044528 0.6234688596301636 4.5580159786838115 0.5869223537748521 85.94323697146349 1.6447565240457607 0.0
784455 151.236081271857 2.93404702788183 2.6487667701185664 0.6530687570760545 5.0358621523128315 0.5970056458851952 81.6914788250012 1.049712521953997 0.0
784989 151.347935190131 2.9266879393501 11.268130791431172 0.6261380920260946 20.656253660034128 0.5867194536385045 87.13168992504174 1.9546048372569795 0.0
784997 151.547745979883 2.92676078598112 8.253611867990399 0.7787770141178587 16.47567262314265 0.7062330804987057 97.60889702682238 9.046070996413343 1.0
785033 151.562806750714 2.92561594732771 5.859193127403629 0.736922733874287 7.4058879392694585 0.6681347235349981 98.38119832085026 7.924520259827989 1.0
785160 151.270935746466 2.92476502572748 2.314773419645884 0.595536507627915 4.2078086437147215 0.5467429634987546 83.1413051024123 1.0788845542160137 0.0
785387 151.481245062617 2.92056993774145 3.5300006387967393 0.6624151907451769 6.2907622839594035 0.5822196364440752 93.9071615365324 7.36016254621274 1.0
785595 151.559314931494 2.91799345830263 8.620815018670456 0.8333404279943765 12.807056348742439 0.7082868295498366 97.98797672682824 8.052550083314566 1.0
785803 151.661961101543 2.91480749020363 3.601867563217278 0.7831485680242445 6.24868812470474 0.6683732644618909 103.43613382666693 1.400252022189928 0.0
785875 151.282932805537 2.9152600363679 3.8113925345155537 0.5809838967820758 4.965408884826522 0.5342325309770862 83.44737380846323 1.2578715647869718 0.0
785935 150.932845746342 2.9154465219256 2.9739722450323414 0.5659299123376084 3.771185525201986 0.5217879077330465 66.55068935169987 1.3705044204851982 0.0
786079 151.482300381756 2.91169307314476 61.048099358123565 0.6948204666346902 87.15866483356736 0.6253327350439355 93.71317082876246 6.4076479886529905 1.0
786243 151.374320292762 2.90951171605206 2.5433605484422235 0.6187738285002237 4.933838329216077 0.5558372365474784 87.9776915994954 1.8191014340348457 0.0
786327 151.625246905616 2.90881435974579 3.954479750227595 0.8085877944499776 6.714388359850659 0.6279577281964156 101.2934009193952 2.038467546578708 0.0
786610 151.388336667953 2.90470755369674 2.195353079464693 0.6101180867625546 4.129499981179361 0.562483960711967 88.5667328659795 1.8209857892545462 0.0
786795 151.582086972783 2.90396597368563 2.0195095565521415 0.6750604815971942 4.154243548511289 0.5982719497822154 98.83701808599217 4.9709073469928935 1.0
786952 151.319106621272 2.90943755354259 2.5462418127848117 0.5839427888604457 4.423302417348656 0.5498538971986241 85.11788345271462 1.7020720762230663 0.0
787058 151.467463617416 2.89945357027559 2.5257193872030332 0.6954372573685063 4.595518768766784 0.6000415510856042 92.58442891969793 4.568225330485977 1.0
787410 151.553432983806 2.8941817974957 30.89949669395663 0.7962187974689241 47.48207881272654 0.7194180227070457 97.03651854586914 6.29762843534538 1.0
787465 151.01533251896 2.89426981974185 2.0210759229429702 0.5565530717047125 3.6703599434231973 0.5163894353021589 69.5479240763677 0.5705109318695436 0.0
787469 151.147737897584 2.89563229661413 2.7685876829131457 0.5564549965512406 4.559644278673818 0.5318290952967557 76.01166079286641 1.0850891007176937 0.0
787513 151.514681916082 2.89211610952665 4.225565560267135 0.6540421231923695 5.990404929563693 0.5919765861279853 94.90098560500853 4.8566673544440215 1.0
787597 151.677613789496 2.89098423745538 3.549500323051568 0.7783957444976621 5.925325206556503 0.6858991596761682 103.69236043972283 1.2670509929646894 0.0
787784 151.289408196969 2.89016834888794 2.4644122058222226 0.5912209652207926 4.491081466703346 0.5634233427621878 82.99726415261466 1.7776697631875702 0.0
787955 151.649808601793 2.88661659677752 2.5773359560938953 0.8098159903214497 4.680844469460881 0.6829187500708639 102.06602746047764 1.5755731725724555 0.0
788259 151.289181580482 2.88416532628926 5.003249283843055 0.6257200863347203 7.745994560889186 0.5633749933516036 82.80188941767635 1.8359696102077996 0.0
788305 151.416197517592 2.88422382234784 3.647395325376572 0.6641034354335243 6.853958365177833 0.6048356751982018 89.44159653526152 2.000821634436241 0.0
788479 151.436755043828 2.88125798165926 2.237762272451287 0.6292997431728943 4.599123407246954 0.573761837353963 90.44778067059566 2.370655230437804 0.0
788702 151.222108329909 2.87820956340328 7.738878119947571 0.6232141772090795 8.189186246196972 0.5717814171692175 79.17824596176052 1.160070161319825 0.0
788932 151.372123863405 2.87724436370943 3.0193174253961392 0.62313317012886 4.234135187487985 0.5470854395633933 86.91862458422662 1.649866968115568 0.0
788968 151.417195119643 2.87711315990263 2.8009296401715535 0.6527875979989198 5.32606909196774 0.5633785342538434 89.2944648282563 1.9805613329936376 0.0
789358 151.330631799536 2.87141611791233 2.067169199379988 0.6260098459268955 3.9242158519236954 0.5686849303504866 84.573699860956 1.4833587153322099 0.0
789445 151.575477556008 2.8698322456231 4.433795333906113 0.6795962246262163 6.537130021163144 0.5970703220741072 97.5986058191313 5.132086426337013 1.0
789632 151.572035253459 2.86676894210778 4.416903685101039 0.6923860918570613 8.689065072403087 0.5977194660247332 97.33403252974438 5.487651197819404 1.0
789673 151.442969902293 2.86738187349334 2.1343267882015646 0.6484617508717524 3.684974856468088 0.553823248609499 90.39655270219144 2.3819196293395444 0.0
789992 151.190997623737 2.86315952811177 4.725729718813743 0.5921482492864526 5.8664432213097895 0.5430068867274412 77.11832383735602 1.1633005810245487 0.0
790104 151.459918531898 2.86324421366135 3.110803137146848 0.6355499625271972 4.6005119559653025 0.5603446892147376 91.19098327527726 2.6121486364092372 0.0
790155 151.309870404883 2.861919025724 3.4550402534193827 0.6304001247547468 5.67028625042765 0.5659243399562324 83.20986282207939 1.5005620604591874 0.0
790232 151.417941936266 2.86036104960455 2.24137334893553 0.5980015096074432 4.639059634109235 0.5609391745107885 88.86967284615437 2.016234791897867 0.0
790467 151.21241225319 2.85920371948033 3.6800934330202675 0.6063729111281355 4.644649109244944 0.5446659603769141 78.08610472100892 1.1818422608446186 0.0
790608 151.677423435937 2.85474453525463 4.52664474367945 0.8277284100812284 5.4352931788191325 0.6526408555461113 102.81016483865534 1.2806492339052884 0.0
791213 151.713016195248 2.84723750238257 3.40507979669612 0.8056226550349969 5.561948805497116 0.7053496575798828 104.60321857820081 1.1729021753492068 0.0
791654 151.559189793994 2.84666052993604 6.5234716667633394 0.7279997581116255 8.774542452473133 0.6656112062027081 96.13042053647253 6.854846414652341 1.0
791770 151.799844044329 2.84360615780524 9.034296989064899 1.2536354747918943 13.186692057846903 0.7583423755932498 109.35285030718973 0.5917462329822475 0.0
792416 151.369856728878 2.83205256162435 3.3931374279017894 0.61844606672801 5.962649663926669 0.5548975197210458 85.53049769876363 1.4758513980488486 0.0
792458 151.265424907132 2.83206981457324 2.2841312242226874 0.5880623412015368 4.130410958755614 0.5545417942440262 80.01095694178692 1.4400259766368173 0.0
792544 151.292621067007 2.82955126151501 2.7937977480201646 0.6332528985129608 4.331770867008951 0.5931297099134117 81.36596491199822 1.3606713427194663 0.0
792776 151.562001385398 2.82557181407648 3.749988396793412 0.8129775328031439 5.974758133226069 0.7321425317401316 95.76726310772175 7.686203275744677 1.0
792791 151.682553523759 2.82630351828824 3.8938784316132895 0.7780385601727149 5.04183893777354 0.6842068916776979 102.43788250773262 1.2766656009547643 0.0
792860 151.48670317726 2.8258909052145 7.08861460041328 0.6947845308594706 10.821585678562123 0.6261484687879405 91.66307603165342 3.3829128045069914 0.0
792908 151.312917138255 2.82439258565353 2.4367546690870188 0.6491199205862638 5.014680861394277 0.6022908609484401 82.29160895093567 1.291821112058415 0.0
793148 151.452351730316 2.82145027086873 3.600682712947783 0.6606170143331551 6.766114374810752 0.6076857280970471 89.6858374256573 3.6476044187199514 0.0
793168 151.328749494599 2.82201350732226 2.159282616527762 0.6240401696226874 4.364937146308797 0.6017706058393446 83.06524116921345 1.2913740527671602 0.0
793229 151.142461709712 2.82055290725704 6.3346689566932515 0.6016535735200729 7.137028391038175 0.5769983507612699 73.29991809426 0.8277673768640266 0.0
793301 151.560812429743 2.82283720916606 6.158745988810446 0.8028213867696191 10.309515204043992 0.7251911225949097 95.63604694352532 7.633726448224594 1.0
793415 151.27672528798 2.81852279587058 3.1732644723937353 0.5868621853107392 4.595186825276808 0.5635444544947987 80.21317736512226 1.3655252077019067 0.0
793737 151.767638354398 2.81421159016861 8.936909558980966 1.1285349783180043 13.584928963357845 0.7112978583025096 106.9190495725306 0.9868071044784394 0.0
794019 151.446692552463 2.81147785105343 2.1768494831999554 0.6376497355735863 4.484278170279815 0.5589780554622521 89.12440320258519 3.9022554825897284 0.0
794095 151.480537041062 2.80978880129486 3.6801596157021326 0.6383260007992699 7.405767419833222 0.5605462888742625 90.9240064188917 4.611828140934741 1.0
794176 151.469890633672 2.80943821678026 2.722064476564169 0.6201906481267079 4.490342770116072 0.5673628604621908 90.33480841027713 4.776611791634293 1.0
794424 151.243157968418 2.8059465712858 4.420566651898105 0.5849836845411396 5.9669870760303665 0.5519536522268568 78.08536938847968 1.3471443169475248 0.0
794452 151.46898758483 2.80625240176095 2.854572506464182 0.6455056276522967 5.351708443186309 0.5526690689914047 90.2061568156837 4.975697120276775 1.0
794510 151.201977676482 2.80494273065857 2.7955737358235933 0.5852909677523286 5.331863166872871 0.5478222176254536 75.89872375649432 1.3619990323276345 0.0
794839 151.561955586702 2.79988687864022 3.4260266155063555 0.7332189279026639 5.3866519978903975 0.6441811508067937 95.15456907584465 6.4849039559642625 1.0
795137 151.411247486184 2.79763620521433 3.243866895558395 0.658354481191588 4.700360506246054 0.5678437793664035 86.84852024814903 2.496456792206708 0.0
795291 151.307263096247 2.79474917028168 2.302438590123296 0.574346422298085 4.285169245770372 0.5474279928840806 81.17209406878314 1.1558569416147926 0.0
795353 151.650735198292 2.7956657498861 2.412884738907723 0.7624561820629558 4.574426837344755 0.7011710066566123 99.98375846434455 1.3500680888728942 0.0
795431 151.713074497567 2.79378345357691 9.305828437746337 0.9355562073671684 14.815879204814541 0.7692894160819703 103.42698934744065 1.9720761475878756 0.0
795639 151.575292970737 2.79020346271806 7.4456504687818645 0.7325111921725506 8.25394870436347 0.6228293042843515 95.66853746677224 5.256335852610943 1.0
795647 151.69410489169 2.79407750122996 7.48141911808788 0.9462878077364016 8.906772103077051 0.7630122848552734 102.37104254278216 1.5762585205382302 0.0
796073 151.527173729872 2.78571330905192 2.5461945578349203 0.6858635166872334 4.409669428684897 0.6120969969834638 92.90350779085489 4.779210232814807 1.0
796111 151.465603305278 2.78558920495386 10.881682901457555 0.6505893065402888 15.960217689883626 0.5622370246277637 89.51347703830879 5.627084954473569 1.0
796299 151.561501730902 2.78390682057171 2.744784965496367 0.7344280601513764 5.413868788866801 0.6466299100357944 94.76044725421339 5.24592857080989 1.0
796476 151.591684524463 2.78104420776966 20.48370639520667 0.7504907165701159 26.014879996116456 0.6204626167312665 96.37149563169459 3.386867319724819 0.0
796678 151.48618793431 2.77768263474797 11.231456958752569 0.655730295324423 16.46666843064691 0.5617996781351133 90.45497436961156 5.459225074505738 1.0
796950 151.500265062215 2.77570188841984 4.906461875738676 0.676565533819603 9.014965336716362 0.579605832542673 91.18430071849055 4.925235534708241 1.0
797455 151.404217541511 2.76824612487229 3.8910118459199863 0.6737503471789323 4.923943245716789 0.5877451306953125 85.72960251355805 2.5745395238118665 0.0
797558 151.381733269308 2.76695437314157 88.5774206670234 0.7113347395747558 146.18071529688223 0.6771973473557017 84.47011543487773 2.141127528910965 0.0
797613 151.112535715614 2.76975671042164 5.832544812186824 0.5653224083319827 7.683559569954962 0.5186638920089018 70.19819454078619 0.6296961127278686 0.0
797682 151.35807804821 2.76530238751391 3.365868489092398 0.6407027669767935 6.451057769516802 0.5650752058470994 83.14070670449789 1.4075630149126173 0.0
797733 151.515391747444 2.76477530762918 2.253832431936716 0.6247989125499295 4.243883999534749 0.5547302603752433 91.7681747048314 4.336206247355447 1.0
797823 151.754151102925 2.76556921381328 4.363456920412458 1.0861407528831248 7.819651765482195 0.7050458610437116 105.15780546167059 0.7833779753712523 0.0
797962 151.35774802072 2.76195600670753 2.118298282602484 0.6354910893787524 4.3370417897031555 0.5520548576508758 83.0385060053458 1.3955639803180784 0.0
797969 151.245362156792 2.76679170187864 6.862501596581988 0.6028227364355985 10.900020268457142 0.5428780365139351 77.10511633677942 1.1255525186708941 0.0
798022 151.117847745624 2.7630032828159 1.8276928304954914 0.5621194400225065 3.4790757690634218 0.528374385055425 70.27192243987531 0.6431481855969045 0.0
798044 151.475960525385 2.76283785104383 2.79736666845374 0.618118741856629 3.7946919656713494 0.5423322611566964 89.54213367801442 5.279612439391214 1.0
798046 151.527130368285 2.76101147451564 3.2959715939180314 0.6636455835922377 4.29350401460266 0.5708639629608675 92.33403193189142 4.117153039665611 1.0
798353 151.584937156475 2.75689800759186 4.5977378200104795 0.6901521121957732 7.820571112463742 0.580519024792327 95.46408565717823 2.970748520714486 0.0
798434 151.453282532481 2.75693716988097 5.626788905992729 0.6586198190700774 6.9876525329481565 0.557659165947968 88.15253437258907 4.735516210599183 1.0
798748 151.509959645474 2.75205175296181 2.9062792074120587 0.6341795823940942 5.098648658269411 0.5511557260021162 91.17845655614532 4.132654064694502 0.0
798802 151.459101530559 2.75123142483208 9.412344957605015 0.6376483625263117 11.923973227774493 0.5370076970125606 88.34086678005653 4.644128841166181 1.0
798900 151.491075782117 2.7600254539736 3.6064291466227796 0.6441845104350635 5.41659721499271 0.5524583531181132 90.31257602920408 4.889403863255473 1.0
798933 151.51268339302 2.75559470024719 7.1293998712526365 0.6633465397301783 8.93634031066088 0.54265172779478 91.40954629566752 4.173208595874781 1.0
799159 151.375021761504 2.74721496715014 1.7864194301873608 0.5941849169076349 3.473135551465845 0.5218648676337286 83.6175242455078 1.9467006751328926 0.0
799190 151.728751253968 2.74692930479485 14.983771277657278 1.086888730415163 19.61851693399764 0.7150738764510886 103.35183682864422 0.6061251052762823 0.0
799428 151.572838640345 2.74332221337426 4.4739995104978885 0.736332226446823 6.532600885298167 0.5689194410868301 94.49525838446424 3.058587334704409 0.0
799473 151.530900330664 2.74351223734417 3.6955649868870393 0.6645068439876812 5.625977974999762 0.576291560922179 92.15494289886561 3.6332140046097483 0.0
799654 151.678677033697 2.74085516312728 2.8302614442458416 0.7261073344896265 5.351739474365939 0.618000814106015 100.39894543751593 1.063620808672527 0.0
799768 151.490008103612 2.74085503634561 2.1466151997147898 0.6179226013938681 3.7741256329017965 0.5336648277779767 89.81830550394459 4.117924110260643 0.0
799894 151.427358089578 2.73862920357259 13.341118787651931 0.6063088585342135 20.68595989842527 0.558820427370542 86.29403319759675 2.904834074869911 0.0
800729 151.724402359628 2.72772296760204 2.918004486709066 0.9023019697695777 5.113291512251976 0.7502320355829283 102.73317737238898 0.4904789537610215 0.0
801040 151.093853885429 2.72641146426215 2.6125566024932625 0.6203828456549175 4.6509841052522445 0.5682043977265183 67.94509941334373 0.8930378410851358 0.0
801174 151.327360380483 2.72296830247775 2.545308559714468 0.6072578963632116 4.743891457062232 0.5538764909031783 80.41680523457516 1.080096647980128 0.0
801204 151.186568092099 2.72709804752836 2.2933629357823504 0.5928380114981585 3.971994340306721 0.5544563233019603 72.88575844403425 1.1039029428512246 0.0
802027 151.517222872588 2.7127195378792 3.504423993737835 0.6744573013695837 5.287030580393322 0.5465865843798347 90.72837219402214 2.9233596313013415 0.0
802321 151.341257151874 2.70935438084254 3.1583840303088806 0.6226394135276345 4.287044636356679 0.5516736634297454 80.85685301021485 1.3721990329788383 0.0
802358 151.310406971916 2.70994337070154 3.301454326946219 0.5662411745434984 5.221106448771989 0.5341753615009228 79.1724730479218 1.047779347609074 0.0
802488 151.169890914418 2.70656444689953 5.962284757855841 0.6601889326161012 8.399987873702814 0.5070173237496841 71.44291265394395 1.237267321524911 0.0
802608 151.467101737807 2.7062230878416 1.967765772700807 0.6240625849918662 3.4846114224850857 0.5396022770338026 87.78111165185467 3.161848337874229 0.0
802635 151.51349607236 2.70505895096658 9.733988413625578 0.6490273041346608 11.661067288189257 0.5544616410933241 90.35876799697793 2.8213235883453427 0.0
802671 151.479016875103 2.70413381543568 2.8159995913442857 0.6195703157707256 4.907370535633464 0.5211528243833147 88.40385741473656 3.0841869478417228 0.0
802866 151.241164814047 2.70215620223393 22.597436785159665 0.5853304338967101 40.948481968198365 0.5249980381996644 75.19185243518697 1.067380000780541 0.0
802918 151.673990856062 2.70029687263041 15.162318504760103 0.9519637076344204 22.795226433874582 0.6550144446395619 99.34711476381432 1.1988588481321258 0.0
802989 151.311428629938 2.70860125602631 2.707602221471845 0.5884515664131998 4.035026778018868 0.5371980816689914 79.19647350348559 1.0534518556113135 0.0
803092 151.697017416407 2.7006469005978 3.748999905648127 0.917407794678759 6.458742686218017 0.6656480315860026 100.66547318640794 0.7957633024435006 0.0
803213 151.545172537265 2.69852992797086 2.6395695662607324 0.63139855538908 4.344287119486301 0.5890750549485767 92.00924571408765 2.358118895660693 0.0
803318 151.472527415162 2.7009857010203 4.695112631606429 0.62017504725074 6.940689224640786 0.5238645374506509 87.97325432001084 3.1031812433632613 0.0
803867 151.092579722748 2.69453230043521 2.501194454489406 0.5745166230359834 3.791458156225753 0.5351115245491073 66.97921973419378 1.1878193845900726 0.0
803875 151.58041253699 2.68945401281637 19.82681340535881 0.6967918804231367 38.160393570949736 0.6293807588645759 93.82308733452092 1.685464230354442 0.0
804058 151.240272232985 2.68885582527766 2.636623664357256 0.518663280431611 5.304999436039801 0.5051921109671175 74.81553906141522 1.1056581143646345 0.0
804200 151.445389809254 2.6860013820913 4.591091997166561 0.6435786247732302 7.2617891843575535 0.5504611941227792 86.13439873433828 3.433072383998355 0.0
804213 151.537198797643 2.68629501921558 2.6343312198671347 0.7772124064281616 4.996285809878201 0.5966724920504536 91.31382197291464 2.3747902530747576 0.0
804468 151.353566546057 2.68529860404511 2.669582382405805 0.5852659905261217 5.23455749944066 0.5219591457653657 80.98779746084301 1.9578691951636191 0.0
804654 151.425219614068 2.68346183450579 6.242870615464784 0.6337524538375356 8.771183874508612 0.5430541159253168 84.94930530228802 3.981504470725825 0.0
805042 151.392413671443 2.67614701862191 4.44450141277841 0.6192925416449087 5.605241292642452 0.537828078995506 82.95547213318335 4.020408216548381 0.0
805109 151.302382810251 2.67497679870176 8.343130769496971 0.590546799968633 10.247828180422905 0.5249030905156038 77.91227334713503 1.089062177613218 0.0
805154 151.458900306383 2.67840063170536 4.757206537084894 0.6428537871323443 5.796742814019714 0.5454212283866706 86.73574339705874 3.3178207439414877 0.0
805170 151.455515819127 2.67442344131627 2.054127348250163 0.6504116331527378 3.76760882765949 0.5446735314697033 86.46349889227754 3.415639595946355 0.0
805217 151.206491914669 2.67796842094416 2.0933101483718515 0.5630107097374113 3.1784607657447315 0.5062069979291 72.7004816217396 1.4761467739653402 0.0
805313 151.12663014262 2.67345869510839 4.930429792339954 0.5813746383082878 6.818204780801348 0.5231941480865857 68.24345442731165 2.5864301799494123 0.0
805486 151.444584713906 2.67317488023561 1.976136723115981 0.6071307615842437 3.768515298632892 0.5391479857144335 85.82224856948103 3.6838654507616657 0.0
805543 151.409096548694 2.6709984393739 9.00522631043579 0.7443677479111853 11.091335473996546 0.5685679518164901 83.78168567656854 4.665841788558883 0.0
805567 151.511226908121 2.6689523024027 6.6597962742375865 0.7038674638091965 9.916229767465179 0.6083956854341416 89.50180256746218 2.8645787679192614 0.0
805647 151.573514053108 2.6684819268343 2.264994514637465 0.7268553033785662 4.49326485140448 0.6076923978692662 93.03021341437223 1.6042581582992534 0.0
805675 151.179332051078 2.66899924591408 2.596953584583331 0.5729622630115463 3.7455839006872806 0.5357960646461237 70.99515186985087 2.355846247698818 0.0
805806 151.647374943663 2.6678361052075 4.535060502602968 1.0251131395025073 8.175294964809824 0.6431234639937374 97.23257005746855 1.8038241503961672 0.0
806089 151.094439677795 2.6633077724062 7.253156464696793 0.6467958070974672 8.898577038933137 0.5955492019758989 66.24087198113631 1.2165934786694317 0.0
806167 151.702211077492 2.66187962873372 42.146382071948686 0.9565208938413332 60.27626378868699 0.7620091150607028 100.27037065539884 0.23228830935618264 0.0
806252 151.689400683238 2.66110040134726 3.2954777990056736 0.8427343428043218 6.7292568014959215 0.6740870960842639 99.52154040057789 0.5290921459157854 0.0
806352 151.355004575876 2.66021293528933 6.717420273488542 0.5995935193045269 11.043725146279895 0.5592240387218527 80.51985040258484 2.3732748165194466 0.0
806510 151.337421208819 2.65631523145262 2.399664864089287 0.6103966415393505 3.8670520412038396 0.5395422104558065 79.45191689322132 1.712615575878486 0.0
806517 151.385937170825 2.65656300980052 21.12622087551919 0.6962202485125727 28.9840012050802 0.5981964448704536 82.1790001098118 4.355032943521645 0.0
806811 151.165851503364 2.65337381080905 2.791531184306414 0.5761764793589365 5.257350609058795 0.5510024242491427 69.87506988132264 3.891453149428594 0.0
806923 148.846105206893 2.88930155129975 2.2410665136614356 0.6270683330928201 4.472788393171778 0.5727569808023255 86.31472475551708 0.7931294888220249 0.0
807004 149.250405973786 2.92623045020699 2.290832671421792 0.5532412452589766 3.7474841419693075 0.5285131369191947 67.73168426764073 3.0153290323007242 0.0
807089 148.96203222765 2.9532916622075 3.1668837536815126 0.5783762455680647 3.5655224550266156 0.5511375708306318 82.42804689940249 1.8110024634962278 0.0
807168 149.064698515545 3.00196645061201 2.689767263434065 0.6113019692979078 3.69868098085811 0.5772609311953691 79.19260852271665 2.4194792160708203 0.0
807220 148.573839354992 3.02669907249028 3.3731738210734994 0.7952352415609285 5.294890997085551 0.671014236740479 104.57786828578031 1.8483886278221995 0.0
807394 148.580627254931 3.07250702045438 3.3561666744753644 0.7979463977312131 6.7823651846904545 0.6556845378554398 105.58462262726628 6.954444152713628 1.0
807484 148.578498617911 3.07338006459414 3.213031044972699 0.7934984566851542 5.547803222949108 0.6532907076771853 105.72114358381961 7.068397226863951 1.0
807493 149.176900032624 3.07410741787133 3.159096459839539 0.5598593865403816 3.890643334566878 0.515298901792325 76.98398742911462 3.4008129255222674 0.0
807550 148.655047195053 3.07304565465645 13.082687389657133 0.7525504316447128 21.250559979571822 0.6259710888997362 101.77952173688048 1.5670733816501934 0.0
807556 148.776527548612 3.07447412693222 3.4503420555674653 0.6399792424847831 4.0430523938955965 0.5517802510251691 95.7083666632054 2.250428159400038 0.0
807588 148.808287090772 3.07409569464676 4.36895961125327 0.6406299653934481 7.924540500391194 0.5692444057803915 94.12380841610887 2.439183671792235 0.0
807902 148.828695719324 3.0779432246632 2.1262077568857447 0.6085296458412333 4.187400170805025 0.5332233094586876 93.25305567703168 1.9755343195222674 0.0
807910 149.572008088625 3.07801773030697 4.138106305023425 0.5504425700587864 6.517774161919293 0.5040640052655168 62.386444311303116 1.402081874551763 0.0
807915 148.678396942891 3.07615171334187 3.8353608373970762 0.733098443548602 7.853329737345719 0.6262365793116762 100.69044721444584 1.4771995951335635 0.0
807986 148.600162349748 3.07838581233838 3.022309680928937 0.7910166759204578 5.539216213117261 0.6185256144459855 104.75691991653551 5.673152867075076 1.0
807998 149.2227652437 3.07913355199132 4.877702706374617 0.5637954012283574 5.44271375107313 0.5123662364252219 75.24804588374806 4.61163020308984 0.0
808031 148.994047567863 3.07932002446139 3.0737351698589293 0.6321649043951351 5.299849676582241 0.5694280305325462 85.39861253037085 2.049458407520241 0.0
808033 148.828158994771 3.07916957986956 2.600121211347062 0.6289891528640087 5.269655051202161 0.5401659242903464 93.32173732777616 2.0043387469546015 0.0
808155 148.630261926226 3.08031532795956 3.3707111557557026 0.7525448959399058 5.237597009923349 0.6527112486826396 103.2732897247958 2.964986665062984 0.0
808326 148.500447385536 3.08083935290823 17.674910544139227 1.3108682326693177 31.74890119926064 0.7198372269042198 110.00038652867796 1.349900789795255 0.0
808455 149.117054134849 3.08377049788103 2.3431232993390414 0.5846551982084738 3.854181569742423 0.5483206350247353 79.99181408815812 1.5638012354734925 0.0
808464 149.014495768076 3.08379121007597 2.5401214598332875 0.6439758934773239 4.9306368385509245 0.5954839206146043 84.62204236174368 1.8227462711835622 0.0
808544 148.529738400188 3.08381823597261 4.4393797873986465 0.9423259463952132 7.205549999782584 0.6811707289571259 108.56259059761939 3.60390575469214 1.0
808653 149.598937975226 3.08600811036139 2.1749171806576477 0.576138898999281 4.235946584313813 0.5423815762678914 62.00235253503179 1.6350947481874039 0.0
808813 148.613751098608 3.08589431761709 5.016991976096208 0.8432951734990147 8.874116486260233 0.7016664754500287 104.29218665838724 4.322901704870757 1.0
808986 149.448592485069 3.08651004150923 12.412849118740532 0.5867350902087277 19.042397975964644 0.5423279348179597 66.85802703458938 1.7320590886755236 0.0
809307 149.092197092173 3.09233193007036 2.104134416122911 0.5652329352471435 3.675364590268965 0.5151792321726261 81.43882086463518 1.3367713705588775 0.0
809411 149.480961842669 3.09364317524893 4.444036910784582 0.593633936856271 5.754853296721849 0.5304805652117219 66.09764721296038 2.1673380589381215 0.0
809478 148.562884569857 3.09331352178816 3.9017597074387123 0.9155857139391294 5.7953205301600255 0.6482288140992059 107.13425413340507 7.511993033795397 1.0
809609 149.487589917992 3.09570159417006 2.3632899608157762 0.537381084821333 3.3342549276147486 0.5051762219730667 65.97804924841785 2.363750778635514 0.0
809666 149.213801075934 3.09402209651775 10.011401751587695 0.570394655578274 15.562238304535583 0.5247901679241729 76.2626640221254 6.043751721966992 0.0
810246 149.205603083171 3.10109820467715 3.222623156000338 0.5791565146990393 5.422419230835517 0.5361934182574759 76.90944846503204 6.305809705584072 0.0
810271 148.559933888815 3.09969945720882 16.617795039564392 1.0343267323039653 22.13846503682996 0.6525288471512587 107.48195095721238 7.344624836386062 1.0
810304 149.418269631832 3.10198262788902 2.3665188773782773 0.5592967107965078 4.018638838652423 0.5200725659279803 68.67914195888855 1.5567313398098428 0.0
810440 149.395996030991 3.10326711124624 3.1072686729110677 0.562582738986503 6.011210241044417 0.5129661296446937 69.54289227770127 1.4318795969835183 0.0
810494 149.209321240622 3.103095337834 5.612294448004034 0.5778233781174295 7.203446317571866 0.5388735593528409 76.84039944291705 6.387101752460454 0.0
810598 148.886545304519 3.10455658861297 2.9658210880762006 0.6287980223775484 4.367129930495877 0.5415993716490958 91.39955340491782 2.2666378202465705 0.0
810637 149.206842918967 3.10491474385418 2.6221145920993174 0.5785209959749846 4.85846732793898 0.5415224890044624 77.02209041376503 6.325046612927197 0.0
810696 148.942012907872 3.10554292671954 3.138915840769975 0.5918023377197967 5.077386248499543 0.5470171194641763 88.81390562528469 1.7568742870902159 0.0
810725 149.470333729492 3.10640515595716 3.418112892140407 0.5608593134132941 4.301382457706292 0.5201144387064677 67.08887482714644 2.214187459936395 0.0
810793 148.926353234665 3.10601475055843 3.5387681702627782 0.5921841817284053 6.6596954550938126 0.5240158047943374 89.56678590174651 1.8672994631080593 0.0
811143 148.785956301368 3.10938227650511 9.223443488552457 0.6329944664953681 17.30791984759356 0.5590801364548251 96.43280016324987 2.523902439833907 0.0
811306 149.193162463135 3.11214731824242 3.7821858079843858 0.5492860275296277 5.268616601145274 0.5042737940662217 77.90439223314718 5.0059517290803655 0.0
811338 149.552772960586 3.1126234624802 2.3473373592847104 0.6143476941145923 4.292155510269643 0.5610302722684137 64.76041638607961 2.3714562496991802 0.0
811446 149.103230524987 3.11318138483996 5.723691940650249 0.5796418553892158 6.589322276378164 0.5193584882682795 81.7985007748439 1.25242949406473 0.0
811473 149.457534540595 3.11381589127303 1.8825014905655604 0.5467363156096041 3.5518579201429015 0.5083688410686074 67.88904371308078 2.087441142353186 0.0
811572 149.473084597419 3.11411329104699 6.901326688321402 0.5800495579024448 7.826320250100449 0.529202904675518 67.37960111908681 2.4393113314923593 0.0
811818 148.724018707088 3.1145871832333 9.736960325065507 0.6569120764422204 15.124768202207074 0.5983808035550725 99.66256185826745 3.7276294887173784 0.0
811835 148.679061201826 3.1164296028717 2.360331955464644 0.670084571353902 4.733703959417973 0.597309133397171 101.96418773313498 3.772231118994064 0.0
811880 148.688892267056 3.11676128099077 3.317670500364012 0.7311690021733146 4.766858779070569 0.6281077723193284 101.48354858093977 4.184885347525377 1.0
812248 149.160656285214 3.1206911694994 1.9125719912271233 0.5669616504656185 3.63322360453203 0.5182728476415406 79.63752096234296 2.1262190591091565 0.0
812275 148.568735756316 3.12002691501984 8.865538360874007 0.9057850082128162 10.72000633526653 0.6460207074624338 107.6611346641499 6.638229960770474 1.0
812431 149.489788187721 3.1226745286052 1.7471696233192857 0.5520708061033192 3.134893633345665 0.53512615169436 67.25691641426187 3.2083332772376236 0.0
812522 148.924227708243 3.12321147467742 2.1701347737124617 0.6447132285467452 4.061574531612062 0.5735774014132953 90.30810963708706 2.2462671268198275 0.0
812559 149.544971734705 3.12403754671502 1.8736574756111415 0.5661708002524732 3.1261997526462157 0.538981975341421 65.58767960268946 2.8944540863554953 0.0
812702 149.198123657702 3.12521761745943 3.1400906477531176 0.5687704406619614 6.207106859041865 0.5468629292666409 78.26225080793995 4.470325325747964 0.0
812773 149.529453856057 3.1255120851132 7.7980296000447575 0.5715015171219083 9.569839911390893 0.5264134462710027 66.13996762696136 3.5114037653336427 0.0
812932 148.632731318086 3.12683565363827 3.13539605518348 0.8061929703829062 5.222418514001956 0.6294302156118604 104.63129856295674 3.9331219454839275 1.0
812965 149.510414782688 3.12718365283557 3.3282859965190084 0.5937331448996861 6.333207529768803 0.5529560108329142 66.82217899056845 3.8284097787054954 0.0
812977 148.895930342509 3.12633162023627 27.161396457963257 0.8062558994444609 30.140636277927683 0.6275551855537811 91.7531054494452 2.6377617866535292 0.0
813075 149.510489513643 3.1287998677218 2.002795467899385 0.5810875018224911 4.061664663669077 0.5485196981106557 66.90212449352249 3.8407340937798553 0.0
813121 149.34679584953 3.12921956373897 2.433531675488264 0.5751269847479366 4.963724316680923 0.541221164661855 72.58303470029733 1.4352959089162638 0.0
813127 149.367071045931 3.12934379015229 2.00276662564114 0.5882511868798248 3.836040948147291 0.5517030851083566 71.83944241251501 1.3194923508150531 0.0
813271 149.314439933381 3.12965669248947 8.420137281328635 0.6005476212838018 11.662175268690126 0.56120763928061 73.82497238482247 1.6472897922226415 0.0
813487 148.578317136672 3.13199826177285 4.58785690012015 0.8414889581583636 5.824436789857969 0.6910236564057483 107.55059143912591 5.534959524957371 1.0
813527 148.867173023764 3.13240810926423 6.120945762939326 0.6512565128606335 7.811954745333326 0.5725350499259396 93.33697387668198 2.2378082463090743 0.0
813632 148.733062448642 3.13341177688868 5.8516316916205255 0.7180538195703264 8.72256239387234 0.6025138476574938 99.85535284196607 5.094406647987737 1.0
813816 148.987763281622 3.13582260022259 2.737805460901373 0.622093452268276 3.87477584344965 0.561749976743674 87.85981544219993 1.816528862456288 0.0
813917 148.805511739734 3.13655434257081 4.453479531357658 0.6826500645593399 6.680587550869431 0.6099929413685107 96.4365151538234 3.2126426366869576 0.0
813958 149.42609131312 3.13755065670482 2.166884096696196 0.591190843242248 4.297935035285571 0.5465776226781658 70.13452321881988 1.611633920564649 0.0
814064 148.684947420127 3.13786082863628 4.673158651439098 0.7572029659411462 5.599285752595182 0.6400599268798494 102.38381905162677 6.2062381598287 1.0
814126 149.322934632819 3.13841831419511 6.9790834207676316 0.5996753119763221 9.702819460709174 0.5543531864767194 73.9086525990195 1.5341587709347042 0.0
814342 149.148730917666 3.14031236353171 6.055649207954976 0.5899002529424698 8.679535023734708 0.5422798300515302 80.97577514537066 1.8908249478725445 0.0
814349 149.591699981041 3.14146876917049 4.030149861173899 0.5583478622878119 4.639585361521792 0.5145788496648448 65.13503890273822 2.258410701414887 0.0
814538 148.978871757416 3.14198279801813 5.877721059323761 0.6125352195486953 10.19793493646216 0.523744430046675 88.50480767028492 1.8535794917861046 0.0
814709 148.705879097012 3.13850155949689 12.342045881352842 0.7646165243632259 24.32896244486312 0.6721808030784087 101.36879318757278 7.251682667377387 1.0
814722 148.674991959896 3.14368724602372 5.229517443572495 0.7216308965401261 6.913003875727989 0.6280417699015776 103.07375091297008 5.598763531202883 1.0
814726 148.717936863791 3.14424770391718 4.911843210202723 0.6870566661283507 6.42280858020734 0.604903660521207 100.97052058192438 7.0568292815232825 1.0
814842 149.494773586894 3.14605110951357 3.2297482238674102 0.5578577260203741 4.375383837997014 0.5030381350685865 68.27885792705196 3.3984084033865845 0.0
814903 148.684212745844 3.14480620386763 6.159107547119156 0.7790948990510974 10.377031840352688 0.6430718440770844 102.65403078735659 6.562521246576832 1.0
815058 148.589547459889 3.14739999194711 3.0767581990511927 0.8365580714735397 6.315898312019588 0.6600137994459815 107.47515292975606 4.2721278275474965 1.0
815121 149.423051260135 3.14855927809221 3.3643815676718227 0.5370794047547398 4.548115100980858 0.5143817823601868 70.77970911052789 1.5280414764849883 0.0
815294 148.935734591253 3.14989538090077 3.5591590931733728 0.621263940358842 4.342805477229066 0.544720425891367 90.78612605335763 2.8865714056827034 0.0
815619 149.509582449637 3.15278335479787 7.427388941470252 0.5782482592772786 9.192647038551682 0.5033228751127032 68.15634841259698 3.5731164703035896 0.0
816074 149.508080371106 3.15773581821486 2.157155242462058 0.5542219239920048 4.248500692255109 0.515533554164758 68.45705318233831 3.4405381361046983 0.0
816247 149.133593809687 3.15935734018389 3.4355944552586406 0.5620094544125623 4.506518770388452 0.5286557515854078 82.42581633335503 2.44404058218938 0.0
816324 149.43213716298 3.160465434082 4.253611076879762 0.5702668458294821 4.975480498397478 0.5248003399706074 71.05794726020734 1.8011199291504412 0.0
816390 148.911003074544 3.16030687660048 4.50957231572002 0.614226154661932 7.062535533516562 0.5719493203154272 92.32597868164008 3.2735192798375228 0.0
816434 148.604072969757 3.1609518674359 2.37726635261676 0.7178877513219172 4.739938908841987 0.619894733268043 107.18588042067685 3.74270636333027 1.0
816563 148.632382413941 3.16228277096903 6.894843296320232 0.7835852259976164 8.524485223895548 0.6268530568296387 105.81506822013465 3.9657178115830973 1.0
816588 148.628720567638 3.16229739242197 4.183473760881313 0.7697852691545224 8.000249625642176 0.6294458470857484 105.99806152587195 3.961233069966249 1.0
816654 148.768985297977 3.16385734226283 3.2873127745887607 0.6491471125827004 4.037525238639309 0.597607406125848 99.16997412149306 3.5851300955081373 0.0
816698 149.025781487719 3.1643946806642 3.3842113927754864 0.6251203191346284 6.173863967493557 0.5776609887684319 87.29155391239794 2.617985119442651 0.0
816726 149.493739491239 3.16404382646609 8.443095075090945 0.5993222250570884 16.616565767066795 0.55668394996708 69.22821146898066 3.0687144374394637 0.0
816733 149.569092840848 3.165427929737 4.283095564658633 0.5874578963720227 5.0280532396531825 0.5373282581113366 67.04129172094012 2.4096500859240293 0.0
816744 148.794766596755 3.16477355966602 2.8321901415058695 0.6920766324472984 5.056361787360195 0.6106171831193845 97.96438289269034 4.181043064983646 0.0
816778 148.730905902965 3.16465715680166 3.081769283901033 0.6872341799655614 5.052799639706903 0.5717517379704434 101.04290380964291 5.226954906924191 1.0
816813 149.026184264062 3.16555757712413 4.284165560935476 0.6575288480175631 6.063349575865963 0.5755668734317666 87.32086927658204 2.635908890377959 0.0
816825 149.432115120557 3.16617303720201 3.4092187895143042 0.5797571471891435 6.6342949538263305 0.5633155705740147 71.34184652287189 1.8283260231340315 0.0
816878 148.590658269995 3.16571549927594 5.923446596968159 0.9185450544840882 9.81104694453015 0.6756265773700867 108.01506104948426 3.414119648097251 0.0
816941 148.801895696812 3.16613699670642 8.031167625159837 0.6906390837445147 14.451338812618852 0.596359605052532 97.67292881117844 4.262331881570814 0.0
816992 148.530760392953 3.16605705774354 12.824325650866404 1.2327204522995483 19.552701218364888 0.860779170899236 111.04976833091686 1.8486805179077797 0.0
817167 148.702224684978 3.16907789195634 6.74269420359596 0.73703601874777 9.561807342469766 0.6028495123138237 102.59653138633618 6.6872541549449505 1.0
817434 148.943274800824 3.17239532349165 3.056319210002193 0.65201870894217 4.634068893352264 0.5696470385550831 91.31151313172073 3.2136379257155916 0.0
817490 148.657569934506 3.17264247186216 3.2884736368550826 0.7081506413919633 5.309365561641662 0.583002021326985 104.91416740435743 3.918192968637904 1.0
817559 149.238574938892 3.17244391415752 33.671908551288816 0.6815088478872572 64.38957540862616 0.6565970605526702 78.72367659901086 1.7615728094523717 0.0
817567 149.269001155779 3.1741493339898 3.471952336449384 0.5841950647119754 4.032188905823729 0.5476722507585897 77.61840578401751 1.715420450836282 0.0
817920 149.382770831685 3.17776102898413 3.4508666885193295 0.5854117041322091 3.9623652751357064 0.5410726527839116 73.60537231178134 1.2039817020655006 0.0
817984 148.934418643445 3.17769103131939 5.399397572072808 0.7115087872074439 7.69299253352193 0.6026837079569416 91.92123118221691 3.398057456593493 0.0
818035 149.397711278555 3.17858907574274 3.5761029284394583 0.6008112342774778 6.701254702782759 0.554249637619218 73.12665880840225 1.234418560186348 0.0
818076 148.704384010675 3.17819457133385 4.906696219086914 0.7350449637373837 9.333492541245693 0.6091507345517596 102.80768899518387 5.751256925222052 1.0
818092 149.416214718803 3.17943194036582 2.4400285229179457 0.5685700109385917 4.917528032178746 0.5494159197815747 72.53573166141702 1.4968235633771279 0.0
818150 149.171861740245 3.17978879174827 2.966164233693263 0.6535354354676388 4.1380667756784195 0.5967510872041701 81.72404142533671 3.8124182887399125 0.0
818214 149.265247439103 3.18064224323165 2.9094618991053203 0.6114938803860427 4.467268834760296 0.5741475896819767 78.06150996599959 1.7081850463206858 0.0
818270 148.866415858586 3.18094745724959 2.669555471548782 0.6737189225030001 3.3895791430509403 0.5937273755834744 95.17837416347008 1.8655110051183965 0.0
818389 149.100356251136 3.18203559892791 7.46517397365176 0.6123541421717892 10.856586145222213 0.5864232410711306 84.79459383809291 2.798830114523764 0.0
818452 148.914829883843 3.18254334178171 5.159627115162281 0.6490925919090823 7.205397934126392 0.5912770841095044 93.0041481995761 3.43753007708239 0.0
818505 149.233157644017 3.18375848526622 2.145928522200422 0.6000098170334809 3.87282731713708 0.5570728697930973 79.44918699974859 1.833255966966805 0.0
818793 148.915298676769 3.18657191621404 2.618688157571873 0.6668692492075375 4.658745762962002 0.5863914373310127 93.13884687655002 3.416668210702758 0.0
818821 149.376527064053 3.18560442543625 2.5518431338480148 0.5877726518742171 4.915864966966748 0.5492321533933304 74.20584584926485 1.2556950288850501 0.0
819032 148.857813560955 3.18888390783842 4.800019650446993 0.7448771793326802 5.275040441608773 0.6667230108779975 95.87855579531235 1.6404370036143385 0.0
819049 148.850314929576 3.18901592486441 4.275425790142998 0.750011047599578 5.571097724324407 0.6499298635352312 96.23290933338406 1.668122457065588 0.0
819213 148.593425327909 3.19058100130755 2.760552023750065 0.8502265847669065 5.2235961537068905 0.748595404815652 108.69890878941001 2.7681837829071574 0.0
819435 149.506499902969 3.19355952379881 1.6285089676186446 0.5701674033862075 3.373059610881254 0.5465103712876248 70.35172512178679 2.70100237249121 0.0
819450 148.906784741739 3.19326021652619 2.50937981012318 0.7107610155069182 3.3888204886510422 0.6372108525576232 93.78740036910744 3.2464129535892488 0.0
819570 149.13904041502 3.19397582859208 8.244938717664063 0.6427134248624449 11.672907421478916 0.5895375611611422 83.69076869736278 4.1443261879296855 0.0
819770 148.724903728719 3.19614790881267 3.7697233257170484 0.7919081577441914 7.332193909293156 0.6970103563927283 102.44526341393919 3.390414672186692 0.0
819899 149.155486120077 3.1976183866568 11.655068613514702 0.665722133516408 15.57072230630227 0.6180228964599835 83.17549340904107 4.814286533025505 0.0
819947 149.556550591239 3.19928111523799 3.6677492040117343 0.5603127048221154 5.522859176170364 0.53579164817533 69.18633666704625 2.3581816727625626 0.0
820046 148.659096306058 3.19932646803468 3.14194517920623 0.7478382497176221 5.900491507167561 0.6868136137746204 105.75396759038655 2.7743936009327785 0.0
820083 148.613321829759 3.19967939206389 3.0395322431433365 0.8312747852785166 6.212992997405233 0.7359192065651259 108.01777455912426 2.6837913529218533 0.0
820165 149.451753710504 3.20104994027892 10.2668575041002 0.6270513736696749 11.543442507343874 0.5907904611336835 72.4451613945479 2.4063745735768687 0.0
820279 148.97619000102 3.2023397646388 4.000420574728177 0.6864681148487155 5.163634901457469 0.5815825959411053 91.02092306256193 2.4467601031910924 0.0
820300 149.150135578836 3.20269751816361 2.8932743104256096 0.6507476756015664 3.8052724390841925 0.606116451728377 83.61693756148908 4.7926379621804225 0.0
820347 148.974819769286 3.20286714082319 4.042795053996812 0.6555474847186894 5.550506927139378 0.5803832344104306 91.10296932548299 2.4589371783637817 0.0
820399 149.439756512332 3.20326393829525 8.097499411199038 0.6421701449167979 10.01412901887287 0.5839507899871433 72.9448340644056 2.204000383530422 0.0
820418 149.544196602773 3.2042603518185 2.241092394437807 0.6007827018130716 3.166780294956068 0.5680973723468178 69.80032367075154 2.5102891343924534 0.0
820515 149.208542336703 3.20515705544314 2.5421017126299272 0.5861484087669881 3.859826025432911 0.5466694672442635 81.38540588386219 3.301378151822186 0.0
820843 149.29278760763 3.20865897788429 2.6583730447551646 0.5723043912514939 5.451610428900862 0.5351389633224641 78.32875730647999 1.7657630779428 0.0
820845 149.1818772275 3.20796563135037 9.992914894133548 0.6294277776470525 14.160415709390925 0.5566362701089195 82.56886640631824 4.960877246985537 0.0
820847 149.50227470388 3.20836196758537 8.564191098972115 0.5844291094273626 9.656475617153657 0.5372308897377447 71.24627732691225 2.6580854978470128 0.0
820871 148.846657332447 3.20860203255815 2.5137210077732717 0.636083797602117 4.930279915605148 0.5982551079635618 97.14401520961 1.458190217928112 0.0
820879 148.708180889199 3.20842226779303 5.512230160206814 0.766780628371678 7.318139360122732 0.6388722953925947 103.68863895565326 3.2104254488484774 0.0
820909 149.174350320735 3.20914028636837 3.4738164347765474 0.6043026641270923 6.024264839422305 0.5643192167808867 82.92252862814345 5.289811614102648 0.0
820984 149.058262747154 3.21000179008216 2.093656371354861 0.6210547553832363 3.5966717076505597 0.5723117413166823 87.76603765316405 2.336632622311343 0.0
821023 148.931924992551 3.20761938185394 40.86708241990781 0.7735733214478259 51.37147793862637 0.6309066302097894 93.20987263748647 3.0526690149803932 0.0
821082 149.362900127884 3.21085265783995 8.269260672985293 0.6140680517267957 8.847152837603959 0.5707454908099261 75.912478840178 1.4887845830452928 0.0
821286 149.462681700534 3.21341545116486 4.089349755061711 0.5625091572699602 4.792191810055371 0.5159777249417251 72.72624387150849 2.3990844228478405 0.0
821303 149.164233792934 3.21341764780927 2.9854355748196486 0.5780725035273448 4.423674920264288 0.5467941842591552 83.51930599422978 5.4025917510343 0.0
821335 149.172066811873 3.2135142815134 3.0968281617067595 0.5741648013139908 5.414347776369793 0.5421909340912977 83.20910732743943 5.38963547331699 0.0
821508 148.565508780852 3.21397418464437 8.58720258568839 1.3755735300300926 13.167008504195767 0.7405726216607159 110.86966313578824 2.363585761801097 0.0
821531 149.55732341531 3.21574487087576 1.7284840246794198 0.5737428655456179 3.076934857882941 0.5179153581514051 70.03776715374458 2.6239664016989446 0.0
821548 149.453049623253 3.21593848581121 2.3432796140779204 0.5566897826377523 4.710887930505339 0.5208924199945918 73.1593907983506 2.309864620869016 0.0
821649 149.108403723416 3.21581107691818 6.16061584271325 0.6011809537097461 9.307346519106622 0.5186438054361957 85.905595253807 3.716734896013629 0.0
821843 148.521982353879 3.21746793195296 6.5386078006179345 1.3333445660602843 8.899751330875953 0.8734740779895965 113.15776810125288 2.7302420252202606 0.0
822154 149.014442618197 3.22146707103001 2.078841300763357 0.5658553570356923 3.428979856734474 0.5252662712013394 90.12773539684589 2.4432107570918005 0.0
822211 148.762412529544 3.21984020093433 21.41113075418336 0.7401592414123294 25.92133837214525 0.6193358630105209 101.51081099391921 1.5946521128162556 0.0
822383 149.415318888644 3.22387495707457 1.8808478248395089 0.5257394238966289 3.8338897534665195 0.49829198696233684 74.78012419746527 1.875334749903666 0.0
822425 149.112202595812 3.22371280947488 4.325896317052915 0.5638805975855162 7.217772550514148 0.517458659018513 86.09170527983287 3.6437912911592574 0.0
822429 149.272546125662 3.22314578518234 11.137744470153278 0.5757506002065327 13.802672561894939 0.5279671426698175 79.76252533343474 1.7807962366861154 0.0
822758 149.250481967477 3.22755306519177 1.7842895453000691 0.5639875254377377 3.2677724922802516 0.5187654193331245 80.79643467389873 1.9193064275160598 0.0
822768 149.575827067141 3.22764205602243 4.229206766610437 0.5827801175217406 5.148390737894537 0.5319970370709898 70.1672035484057 2.649963732472796 0.0
822793 149.2826228531 3.2277406628296 3.3478531510565164 0.5775377455673933 5.398081644040398 0.5252977401652456 79.60552131064206 1.7898037688515596 0.0
822837 149.18755064984 3.22785754623649 5.1099232772813465 0.5480412038514093 7.16339588051734 0.5089202689934217 83.23841733788132 4.605968460288574 0.0
822840 148.809022698779 3.22780744835104 1.990519481734019 0.6694002221755867 3.9204138242386644 0.5669926108479837 99.6197610115899 1.5883692185150962 0.0
822933 149.49189360207 3.22922573820556 1.982607432249129 0.5614918076059899 3.6399773283242025 0.5162796415807072 72.64107539156076 2.51820828857441 0.0
823118 148.886549097585 3.23073009706152 2.5569485998375563 0.6142570615055298 4.6377653377705075 0.5699345083129266 96.1702911661225 2.0589022590527315 0.0
823310 149.026007309674 3.23274635612386 2.410551348711701 0.5849906356800054 3.679601054468806 0.5311560277229963 90.10072207412013 2.339021243914433 0.0
823593 149.000318699222 3.23551132572849 2.6861454354830214 0.6331271602821752 5.060727011641484 0.567412458845565 91.3216361270826 2.6993101558979533 0.0
823688 149.166599244106 3.23659657746175 2.5947578389143784 0.582939542685347 3.916860045990667 0.5394431166971232 84.46066740953685 4.653734086767433 0.0
823947 149.455428879248 3.23924037328028 2.703612770612256 0.6136767643396894 3.9379159245898894 0.5443872591806173 74.27422214089164 2.018012011357962 0.0
823967 149.175058517623 3.23857692233994 6.418188243576673 0.5965502141805343 6.86908381194567 0.5731361019861444 84.2151179108908 4.5362764384777705 0.0
824054 149.016663349591 3.23944912146258 6.082246469799485 0.6348720583985532 7.37318339362169 0.5833373769591194 90.78212070159057 2.4436312457811806 0.0
824057 148.991469326895 3.23992362613634 2.5464631513648235 0.6051395086098196 5.024215159145346 0.5679475342400353 91.88772499162398 2.918516366661685 0.0
824181 148.994697552827 3.24069664705429 3.732040657800292 0.667744618495686 4.2145636551077095 0.5921896068067348 91.78001741238164 2.875410429200592 0.0
824200 149.565216742065 3.24146241925889 3.4686911397344633 0.5874531169169104 6.277280202111103 0.554103044266488 71.1935624304229 3.0937770020075113 0.0
824483 149.445651605916 3.24447127026536 2.6697012279609833 0.5683572777104398 4.321345420734174 0.5269274178881235 74.84776488742983 1.953957868030038 0.0
824603 148.699235396746 3.24406557973636 10.263175995851403 0.7196152367606505 20.802284331208096 0.6464217564881236 105.39850229498136 1.9885431534332743 0.0
824679 149.45654045304 3.24638819688604 2.3846211284691377 0.5714084123979601 4.186977322697546 0.543571152032376 74.60633397895249 1.9461844870819633 0.0
824737 149.525253576899 3.24655415077289 4.676097471538093 0.5920705187861183 8.345906579332851 0.5381030590254489 72.57215062651167 3.846590272894953 0.0
824857 149.53058874177 3.24711169189622 6.042560745675664 0.6028980793290778 8.911525152723666 0.5565324251032306 72.45043681949687 3.8957271806214973 0.0
824907 148.668206068138 3.24756788362149 3.953525638024056 0.8077623424842975 7.587307159989005 0.6721930610381626 107.01094945325681 1.852731942892224 0.0
824979 149.485097658423 3.24917465665091 3.4091188716911 0.6144882982587956 5.273520428847267 0.5784667178541083 73.88106557211717 2.26869996011247 0.0
825080 148.923010765278 3.24974722446623 2.8828477053100983 0.6947588257646509 5.188420315815868 0.6404859553613403 95.29155867301967 3.4176539921453926 0.0
825086 149.336672027503 3.2500778367892 2.0930045234425236 0.5805502368283003 3.5636121704582355 0.5332544436463819 78.74078790508392 2.432512603189368 0.0
825111 149.483967803308 3.25049828818829 3.3509741666707638 0.6251141800175207 5.381995389544787 0.5862263669065948 73.98366604395054 2.238259777087166 0.0
825595 149.241794668547 3.25524777455216 4.640852103203089 0.524935192374396 7.8232842161399585 0.4844060877465956 82.4168929880745 2.027005488376637 0.0
825707 149.417634701107 3.25667556292214 2.1686120569892444 0.5706350330293687 4.003529486894768 0.533674356024004 76.35828301371083 1.8999635600961784 0.0
825746 149.407896011647 3.25696992296591 3.863759710301224 0.5857463679457657 5.0634940657918275 0.5292243046010549 76.68730694724952 1.9193900430456818 0.0
825790 148.608589096879 3.2567174214285 4.394656260708085 0.940150156370898 8.518663336812823 0.7355020496532468 110.21676613293302 1.2457367016835843 0.0
825841 149.598278821249 3.25824676436363 4.394977002070974 0.6257335904250305 5.431705407909632 0.5517285409764592 71.23535131783414 3.0238891324534247 0.0
825889 149.058382823627 3.25835360539724 2.856361112755593 0.6577637670412961 3.677033835964872 0.5789636931404777 89.82277153080595 2.692663736331277 0.0
825920 149.391123632022 3.25890898897185 2.9562414667764623 0.5779409272648832 3.8425981840551726 0.5526500382513665 77.33279563406091 1.966079116906558 0.0
826047 148.538426173023 3.2591340051062 4.868878610604797 0.9308242945104909 9.752195861702983 0.7925561567837085 113.73575685152458 1.2351122680102367 0.0
826123 149.341627815842 3.26029941542506 3.7415407053696943 0.5665549889252971 5.556906560707566 0.5217294892840929 79.0695400497187 2.485847729232585 0.0
826164 148.563354670996 3.25999888611033 13.652982529206183 1.314992063036485 20.604033721401592 0.7461208420663289 112.53941035730388 1.2980149812829176 0.0
826187 149.280191379327 3.26161299891476 2.711237942635677 0.5814992993204865 5.392455987321801 0.5397326079882454 81.30464598274787 1.7699911062498441 0.0
826214 149.418522358451 3.26190255480053 2.26821570559508 0.5597947799306421 3.810403914610187 0.5272234759433996 76.59488570038553 1.8938520406271784 0.0
826220 149.202531145932 3.26115945580489 8.795738100140769 0.6066879123890005 10.012317750807124 0.5425377493706811 84.178000520148 3.2825349200675635 0.0
826280 148.722351567313 3.26122348020375 11.279190767387332 0.7970792592654303 14.846884632427507 0.6406091272552547 104.93008189228969 1.9896799555266327 0.0
826362 148.693827937202 3.26272517991925 3.267591713125897 0.7708274889714997 6.073468573146891 0.6610682543809934 106.33529016403156 1.8332521064263543 0.0
826405 149.207434927334 3.26365423989159 2.4306828586862004 0.5526224416939124 3.714789124567566 0.5139984249696882 84.1059380779839 3.1146508386571137 0.0
826818 148.854638889083 3.26754930215127 3.1598397016576882 0.6639404886924642 3.7779263729860135 0.5800449816764636 99.06199150406148 1.4041822217806854 0.0
826819 149.417893398869 3.26810788785345 2.4865450337426873 0.5682412670688637 4.200360774323457 0.532961694725199 76.930079931208 1.901164107743749 0.0
827134 148.964805208559 3.27109263415028 1.918523024671542 0.6204536396552572 3.877502724454582 0.5620431892011502 94.33473047278308 5.001075227284665 1.0
827194 149.472745245285 3.27076544362664 3.100909727528618 0.5923756095221766 4.981977860867486 0.5479290884930564 75.37293540310061 2.2899826426513568 0.0
827288 149.319494364405 3.27165715580283 7.6774111473056825 0.5796610527030358 10.00420715327664 0.537947130566814 80.39251357697472 2.2902259962160585 0.0
827324 149.162072604809 3.27245183024167 8.491314695513015 0.6122168727036604 11.532037840649675 0.5544064416464068 86.26021717935132 3.6435933165502674 0.0
827383 149.483605929242 3.27372922006265 3.5684059082905892 0.5815989745908737 3.9600360052622907 0.5621448324094461 75.20524392449491 2.6265545611041423 0.0
827384 148.938874595845 3.27348931906912 2.2127875807731576 0.5940985975412724 3.2486732518787305 0.5531223559821384 95.56001585537257 5.551263657663176 1.0
827434 149.085134447362 3.27049355761425 50.19858561789512 0.7234272632922063 57.95106273384495 0.6155678794910244 89.24745432639654 2.749397472145606 0.0
827760 148.93206460004 3.27645935061649 3.998406509534149 0.6504188004126058 7.422011791708853 0.5824002353343158 95.97940128351345 5.711370493661626 1.0
828077 149.470657666733 3.28076007133166 2.7358048511358564 0.5773877578602372 4.778046098747282 0.5601517679847022 75.95525924070003 2.590598733443454 0.0
828124 148.969069187949 3.27884294921667 99.71055552626079 0.7460493426668393 133.73095452559267 0.6645744815309118 94.47378976541815 5.193480181017025 1.0
828215 149.474777478162 3.28223396050718 2.5462303531375627 0.5944420448697882 4.5154782831359315 0.5592635551908494 75.90984121206874 2.753592930852045 0.0
828401 148.967658905668 3.28318600271974 3.068026849168042 0.632987986633275 6.0907592494443765 0.5704278010609666 94.71595068937633 5.327087774492052 1.0
828482 148.86412310183 3.28453876155614 2.2765149366448862 0.6333070393077124 4.225865313736748 0.5933007033015762 99.31015478413126 1.9114704904858124 0.0
828510 149.501061724596 3.28535860514826 2.9335001959671185 0.6153636582699475 4.189768970023446 0.5671788880578162 75.30950737168426 3.4956630684779793 0.0
828514 148.831874807033 3.28482081363291 2.433813582810589 0.666158071397121 4.023619407362959 0.5781702348905633 100.77089843588827 1.5274491259261143 0.0
828552 148.875586950889 3.28383329729959 21.39682975821704 0.6766791424596391 29.559194378127575 0.6196707679823703 98.77049053063028 2.506353473551254 0.0
828687 148.878963193952 3.28655387564654 2.8474909595046394 0.6126571801830686 4.374946955040657 0.57485193307952 98.72969562948614 2.8557553972786627 0.0
828736 148.954450542653 3.28702461625514 2.9257568736929587 0.682518398526548 4.725515848318456 0.5672278812688076 95.44448014210798 5.68992112772244 1.0
828747 148.659118791101 3.28688403611272 3.6443785410482574 0.847864821733264 4.891125133677182 0.6871607509542074 108.86718818882039 1.6136785969572662 0.0
828776 148.912965505554 3.28510552070481 4.160584338722254 0.6471899685086578 8.394320884998073 0.572681063858303 97.16974771947109 5.589560136102399 1.0
828852 149.47259722707 3.2887549161463 1.83235819452664 0.5770922941015817 3.621766790004844 0.5532547084698601 76.31459576205677 2.981330409152497 0.0
828884 149.033739879814 3.28832998941121 7.093276230402066 0.6581599285957925 8.198586118423005 0.5833992461782557 92.14201366985546 2.0539450743284533 0.0
828903 149.334862037805 3.28919807760068 2.9809753771022813 0.5944506961359011 4.28655418920644 0.543480260290881 80.72385961379577 2.4341323460433997 0.0
829160 149.133978416605 3.29189253690362 2.6620317624695433 0.6507086232518478 4.3150400395456066 0.5830105838724013 88.24336369868948 2.5696017870543284 0.0
829203 148.913689844716 3.29210121557897 4.422874251449812 0.6682401852512738 5.020694729758443 0.5912727320187515 97.42430484381595 5.632311347801171 1.0
829479 149.1739232577 3.29402694366368 14.103932266941445 0.6490830976683365 18.368805061072983 0.5834969493280593 86.7899859954156 4.218976025624411 0.0
829567 148.71168656086 3.29464740774307 2.423314949305515 0.757220982158381 3.8040015770802893 0.664392620791873 106.67625349164116 2.1188269051535715 0.0
829679 149.135928138876 3.29749973479402 2.80574230573588 0.6383918096264019 3.8847830769798817 0.5572429103566592 88.42105151428662 2.54241133366548 0.0
829857 149.191245885453 3.29929908784698 2.348598178002261 0.590624938751392 4.173578806142106 0.5600889716929794 86.37501833468292 3.9377455534647896 0.0
829933 148.761553208897 3.2992081527928 7.738128865033619 0.7708425542889848 9.990129041011311 0.6767916500910716 104.53724203504389 2.5463251604061257 0.0
830014 149.427365706677 3.30040931354153 6.967320801047003 0.6445124257367907 8.465211808001227 0.5841089588711955 78.28451141386388 2.0403152721222195 0.0
830236 149.199303872175 3.30322892188253 2.344149903468436 0.5996470953059361 4.030252611718896 0.5463062736825198 86.2550652516694 3.458419787820463 0.0
830272 149.050387610134 3.30342292054612 2.95827239954116 0.6688936083758175 4.715149631681145 0.6168927305970796 92.11206232510384 1.976776905294115 0.0
830348 148.790163953003 3.3041159718859 3.9391527939322906 0.7243312651540755 5.628060154276877 0.6454654939912249 103.4187475063764 2.1533996036053247 0.0
830465 148.990472956117 3.30551323167815 2.295025099673778 0.6074977057881816 4.06690082114129 0.5550623326253009 94.68974294856696 3.4365915923416113 0.0
830568 148.999933188721 3.3066841846497 2.4175507467392787 0.6283416089499576 4.80077019296176 0.5681574389248137 94.34269206624946 2.900122834655838 0.0
830580 149.376887200075 3.30709406671331 2.5641961185420867 0.5868075182297599 4.787262487857252 0.5401242575279894 80.22154913728214 2.4353579536984986 0.0
830623 149.397952470256 3.30527620737513 71.39382511607312 0.7118753999034976 132.17442540498598 0.6764466245768204 79.45413390325636 2.3053611006572488 0.0
830652 148.85276981443 3.3072378391441 3.735062592531864 0.7090340487764094 4.553392332919053 0.6184796084688837 100.72588792046379 2.4420219150048257 0.0
830683 149.504944549942 3.30633998477015 11.995644050590986 0.6139819656135076 16.352472402010438 0.5565101238571236 76.30936907404758 4.578888615100168 1.0
830727 149.181933422821 3.30779744753102 6.738752213702391 0.5887401790937156 8.007189021471799 0.5380429666954365 87.12262424713992 3.737842512291815 0.0
831131 149.572812330869 3.31257784685771 3.1361605037870435 0.6015186730665746 5.3795725110921575 0.5564959216201398 74.8344856160689 7.815499228839345 1.0
831275 148.89256679699 3.31342436494967 4.055920032635221 0.6269901005106542 5.936935245580614 0.5621962076819443 99.2223637949434 4.200173005648613 0.0
831282 149.13848333644 3.31336585737036 4.711642593342713 0.5965562754283193 7.878275715525684 0.5249363106166177 89.0444061299036 2.336398011892983 0.0
831494 149.491637864712 3.31641942525133 4.98086846400572 0.5980972505155623 5.801791496813337 0.5464552490967565 77.21779430142118 4.694721279999532 1.0
831618 149.089761750508 3.31656933075539 3.3174322942133307 0.6095924470562551 4.248109261607504 0.5305619673352142 91.10468791998885 1.9735149738876994 0.0
831691 149.350189906465 3.31817484967484 2.7940799901187012 0.5718435565544906 5.197358196869663 0.5271293523238602 81.65120368431855 2.4944075848153755 0.0
831710 149.543837154713 3.31821842518163 3.728004801807349 0.5794413792019133 7.016932575469703 0.55173679449768 75.88786670284208 7.694920551184414 1.0
831717 148.963568501223 3.31733218055499 4.890889889008374 0.6478466828034378 7.363207062511007 0.5659737838275088 96.32882258388919 3.2196924098551962 0.0
831754 149.54977016255 3.31914185748531 1.8228960668012237 0.6031554944505989 3.261992194703834 0.5485324067306947 75.78224837661342 7.883486678715657 1.0
831911 149.598004301514 3.32037739359744 3.1183471903189557 0.5767664061706786 5.30995798677641 0.5366144637238148 74.63769354879061 8.550560885399138 1.0
832018 149.595256811387 3.32071677527444 6.266291430479985 0.5965908253531524 8.651928089711513 0.5412994379153679 74.72283184116515 8.697130067129223 1.0
832187 149.355724531123 3.32354578712167 3.258248237815536 0.616580595558702 4.697546583426063 0.5757297163067755 81.7389294533165 2.496201635784355 0.0
832207 149.187586662492 3.32364083640538 4.6847749997072 0.6646223611725076 5.879988781878244 0.5556000476014409 87.64972869866727 2.49197099038623 0.0
832425 149.570799519162 3.3262558107446 5.980053134055503 0.6397073188702235 7.312915177338094 0.5827249167556982 75.62965414843293 8.479585863169401 1.0
832465 149.548966002906 3.3268384755458 2.347138167438708 0.6210233920626778 4.469860517679705 0.5875624330157442 76.21911905914953 8.51456166438687 1.0
832599 148.89604445646 3.32774256642663 7.187890297091664 0.6973768775801492 8.105029944562595 0.5986440277895791 99.66079926377097 3.8042353318747013 0.0
832824 148.934216711868 3.33063961592205 2.132299782619351 0.6598390647973439 3.9753941214973056 0.5940255839321107 98.13921619803746 3.0496854848844888 0.0
832879 149.548429511357 3.33149948596326 4.676416539019925 0.6416924908022263 6.3341127131413915 0.5836469161949233 76.48512341833109 8.733493553893638 1.0
832931 148.756438318445 3.33147075494747 7.7998773072135545 0.8001909953633074 9.015743562648641 0.6485950463988719 106.02073230027104 4.469115303152368 1.0
833028 149.469100551899 3.33189924842408 9.162758604645292 0.6706768434755624 15.425426855193377 0.6294037811671389 78.6777298644943 4.200538240112035 0.0
833072 149.350148255829 3.33389266670913 4.604374372128534 0.637683380050383 6.3253283141046825 0.5662177455538305 82.44143081667075 2.5425977471527297 0.0
833135 149.474071021067 3.33393560248103 3.4036048499631204 0.6364788247552318 6.266808788487248 0.612004263972804 78.64236369539438 4.492854695277346 0.0
833141 149.569864948518 3.33486995239254 2.550296467749647 0.6226988561306495 5.15822672051644 0.5776934878129897 76.12247968449003 8.254055610161025 1.0
833155 149.093403278127 3.33477141112951 2.9346841964200756 0.6418724920550885 4.549274456754226 0.5723605800155759 91.77972353664387 2.3617147302791373 0.0
833304 148.759397951236 3.33609043873605 4.470767117413189 0.8226413361346774 6.219189576324975 0.6470595309235577 106.06672016058693 4.823363159809288 1.0
833367 148.8758342163 3.33679533397915 2.6698935955226677 0.6635872323813989 4.7729513198445 0.5995677654899038 100.91311911340475 3.581064081278532 0.0
833588 149.103307927632 3.33944012726181 2.1607789374342823 0.5885780947308298 3.6945996725564143 0.5602264488319427 91.60278506917123 2.662561009163502 0.0
833814 149.521953247229 3.34262853378439 2.098822805242968 0.5893245123559593 4.16689950567701 0.5439156496302934 77.78134155031985 8.017769097127273 1.0
833818 149.569563742406 3.34271764473644 2.6636944414012964 0.5986442094622286 4.977381898520238 0.5481359673159208 76.55806942466089 7.603045793722672 1.0
833859 149.508266052738 3.34288517434035 5.88516362379967 0.5896015358081388 6.66908850303553 0.5527648407399867 78.163838008265 6.796873910671504 1.0
834002 148.672586507403 3.34390536086108 3.5280214675847827 0.887707485656157 5.8868040529893495 0.6851507288267367 110.35528029854328 2.2186629361359698 0.0
834087 148.775008606088 3.34457167432921 5.404952539506689 0.7170128250907075 7.200009582237906 0.6459828906265122 105.69478670404965 5.284241606826798 1.0
834163 149.586214211678 3.3462712166068 2.6129323244109313 0.6025557586551238 4.0601056366028905 0.5603808707976248 76.34418593365955 6.457980529186261 1.0
834343 149.346677158876 3.34776509337683 2.2256284374158404 0.597340239740915 3.280187539333582 0.5559367680904386 83.2529554276567 2.7373196024354396 0.0
834375 149.556765184846 3.34812620721378 5.450346519941357 0.6325094867846764 6.410017553716177 0.594448882699875 77.17378535360356 7.759312758970149 1.0
834463 148.816562511777 3.34716848848167 15.015210111704404 0.7913241733575689 19.61338841995352 0.6793911101194005 103.94157501491341 3.6445759735183945 0.0
834683 149.594041268569 3.35134889184071 3.3181735660022333 0.5999810123279951 5.101785640133758 0.5653488725242114 76.43575288254402 5.393037249148944 1.0
834691 148.855890628138 3.35110349568544 3.141265841016504 0.7410137768303441 5.733829736903069 0.6871846230733081 102.37134350427675 3.6178064459310906 0.0
834711 149.064495063722 3.35144719175972 3.340975238165785 0.6726616255582663 4.1193343727489475 0.604155989356256 93.67442002638737 2.225486954077613 0.0
834781 149.474880159326 3.3524247709237 2.909371638288224 0.6342964815667327 5.388133640147633 0.6062673070398028 79.5961581572821 4.573327217621264 0.0
834968 149.531616429458 3.35454696011497 3.465824425281078 0.643243792782044 6.769025640252319 0.5860514205839298 78.1680880395487 8.070695167409783 1.0
835271 149.510345972338 3.35802924942793 4.017559442889634 0.6491503006039558 6.054995106741213 0.6014170950357259 78.91866051570311 6.72197830489362 1.0
835295 149.562050351008 3.35877091007414 3.899454206676333 0.6220008179435585 5.091813558105763 0.5637806906162336 77.62117446951031 6.082131373207004 1.0
835338 149.028517639 3.35874022328529 5.567767035793528 0.7266942146644341 6.684978140886767 0.6609230001331104 95.43961748900811 1.6837355188247018 0.0
835516 149.524179762849 3.36052055732554 5.52883390146977 0.6575647666549558 7.448034204169734 0.6026004259362603 78.68523132878872 7.41592346583967 1.0
835590 149.421736640373 3.36222403914088 2.8354730600465308 0.6397599433979165 3.8872069855131626 0.6003471888909402 81.65311617833994 2.4777986768728093 0.0
835695 148.984737772201 3.36315968465655 3.749737958434994 0.7376211211886359 4.797709050785388 0.6606654027141633 97.41688184757652 1.483494294534796 0.0
835749 149.413648495047 3.3638269236298 4.317838897436068 0.6258020519861652 7.148330950987785 0.5852205446543464 81.97865020204219 2.4062670562537867 0.0
835852 148.705083464572 3.36469275332864 3.668262956736717 0.8539656553263714 6.181930400316105 0.7734561051936742 109.65499958330618 3.0782537295646946 0.0
836295 149.580024118568 3.37016292291386 2.453655331097795 0.6374483727042072 4.467855851971623 0.5671064733880092 77.80577620348951 3.8089075437850486 0.0
836315 149.509759699306 3.37075687661187 3.5349063978999533 0.6891781192008353 4.988822231756999 0.5910182505937752 79.61773182167288 5.67858616283736 1.0
836325 149.363417754808 3.37074002994545 2.7800921386704687 0.6568961866977554 5.507419168523548 0.6160873234116068 83.88197097903215 2.8060373323564294 0.0
836356 148.861278408091 3.37038714213907 4.687932454424496 0.7812936050833523 6.818859654575598 0.6898289946180464 102.93405659928519 3.6593260563236973 0.0
836410 148.658943835131 3.37133765988609 4.757582130242481 0.9087931159852968 6.159557177323575 0.7523694400589767 112.03063189640841 2.105322059894824 0.0
836430 148.689408157785 3.37102899679064 5.551884531250803 0.8989790084687423 10.099541632621946 0.7547325738338135 110.61745853394378 3.4625728617969442 0.0
836484 149.541842795633 3.37216718921041 6.868473617919682 0.6420554716828967 8.6788395905348 0.5540610684799356 78.858972214964 5.648948180982062 1.0
836496 148.820868715382 3.37100607365116 3.5539278672122787 0.7612798143896071 7.188717838135138 0.6675320233457508 104.71927239056338 4.249512401790724 0.0
836606 148.678918429397 3.37332755711148 3.295989491569353 0.9379509630633014 6.209420162665181 0.7745106116327186 111.18715165076179 3.3356822078877006 0.0
836737 148.677880437532 3.37466405710924 3.8522248027846397 0.9875829110385744 7.35083321868374 0.7777362834411674 111.28631453864978 3.3379255693924654 0.0
836745 149.349481377143 3.37545921344314 2.66047840084694 0.6040230641364199 5.068438710439639 0.563134340759375 84.56406530609715 3.1647607602114767 0.0
836806 148.914919868855 3.37560416127983 3.2815406790295314 0.7209260665931354 6.354202891129745 0.6446076041965534 100.86223983562296 2.2660268798353567 0.0
837009 148.780280616346 3.37740730048841 3.4010568167113218 0.7755167427765303 6.221185357587438 0.6870507512166253 106.77018083195489 7.226063568378652 1.0
837118 149.335808057516 3.37899117079027 3.323601189715561 0.6053676617051411 6.630134715594707 0.566752563428138 85.18129258740785 3.5503238661514387 0.0
837146 149.063210490769 3.37934126970331 3.958704754780187 0.6728232540688965 5.650932322585023 0.6001675428253022 94.98442450878115 2.877773645534451 0.0
837392 149.384674466217 3.38271741706843 2.758963304609096 0.597588314953531 4.252524187280233 0.543791228763589 83.83530614052715 2.563612970773257 0.0
837444 148.773911656668 3.38254499227368 3.664597414738021 0.7829267519423433 6.612635705485436 0.6661465519933494 107.2598607207632 7.176894430777389 1.0
837675 149.214655867722 3.38532376857142 2.056451725240484 0.6446408939548992 4.138281289974114 0.5692339504617778 89.60068142264913 1.107050661320803 0.0
837715 148.777151785771 3.38519585990637 2.486270517249037 0.7441006245192441 4.791001036822129 0.6589801521401318 107.22303080343525 7.130830782225632 1.0
837779 148.676010383098 3.38558630683783 5.75826608268066 0.9720608816477257 7.760169243215602 0.7146392339201486 111.79405843591869 3.5437389185843178 0.0
837834 149.244406629634 3.38666952460535 4.59748815421255 0.6672326045001482 6.673762493992136 0.5834294146653393 88.62241800720675 1.090050854830589 0.0
837869 149.109112465689 3.38706958259736 2.7936073118597013 0.6383968551229079 5.402981093899621 0.557852228814093 93.56597661963282 4.8213432045115425 0.0
837928 149.329834961023 3.38768340366865 6.583355469823768 0.6081972034128663 7.516367179394819 0.5506319686188053 85.81339335480324 3.700882376117827 0.0
837946 149.104835918759 3.38796710859053 2.61985626903078 0.5998567214715287 4.617884394914508 0.5386568561357619 93.77037280651854 5.014045536118672 0.0
837995 148.755176520832 3.38814162244162 2.6256794437143194 0.7253433979470296 4.162685703251505 0.6305038686750164 108.3182763606143 5.45821939250701 1.0
838305 148.857305170316 3.3913733214879 5.734774449620661 0.7521508695895079 7.388221283534141 0.641153177227402 103.98020354956867 3.0279857605643885 0.0
838460 149.344788853964 3.39352551663869 5.120724999142143 0.595853377559386 5.677767211159848 0.5316324400243583 85.63204693673255 3.3730269500107717 0.0
838478 149.299249051322 3.39353532596088 4.80947128422577 0.6034755531325698 6.984352412060613 0.5593057241175241 87.10573795511283 3.0029968652218524 0.0
838483 149.428235940135 3.39192925298194 4.4815424048292645 0.5691176395509108 6.350712076561576 0.5235362507469881 83.01377803509766 2.472273442254499 0.0
838493 149.085683797515 3.3935953175058 2.5852077036732912 0.6444296239657981 4.680440034045049 0.5714324773484902 94.76321207455263 4.527815306005005 0.0
838527 149.155773020883 3.39434443276272 2.5650227582649903 0.6482974097074199 4.837046543268929 0.5881580771525281 92.16076700052143 1.8826394235737303 0.0
838608 149.218349861541 3.39506751201487 2.984176610247271 0.6213498466119329 3.8078056649266236 0.5432691710133533 89.94209394910857 1.2325213598068736 0.0
838737 148.934354808503 3.39612113935159 4.698981485773732 0.6942481993986032 6.435975586136333 0.6100913140707379 100.93001533957641 1.786337555671081 0.0
838963 149.19972786959 3.39885388116038 2.1972824205251276 0.6103804077446294 3.8396330968995604 0.5507868283687642 90.78471882537215 1.5272627136551633 0.0
839083 149.320467613731 3.4003955898372 2.071213296018145 0.6133988468465391 3.8168856971103393 0.5460301219358357 86.75821455127783 3.6872732728299464 0.0
839303 149.320257717476 3.40280268834055 2.914434742210969 0.5898745230942486 5.074424251585887 0.5447104083570303 86.88668683890438 3.6706306098405324 0.0
839350 149.449686761536 3.40336373226195 1.8300466935444637 0.5691270608920171 3.488881621826266 0.5144925289062413 83.00306365945578 2.173789465386615 0.0
839359 149.302253092118 3.40341684355648 2.4509739024016155 0.6335066458489926 5.014268700373558 0.5536664960863428 87.50254833099936 3.1728702860450317 0.0
839376 149.39256753651 3.40365487030494 2.577385657485335 0.5844624879075959 5.020958430405251 0.5548014389482685 84.67932170696743 2.330924920238502 0.0
839458 148.848265332753 3.40422093140989 3.7512346012417193 0.7955526766182828 5.272959034892148 0.7188073136407322 104.90600003845758 2.8957710170814086 0.0
839841 148.80801632768 3.40864761297456 3.1132234403978485 0.7490324193766562 4.903355152493471 0.6702136580580605 106.82676635698571 4.527202852103428 1.0
839997 149.299743269457 3.41081065230574 2.7908523611570137 0.6330641661732332 4.99694853801742 0.5800037784503999 87.95627624662275 3.0554816376655167 0.0
840062 149.058358303273 3.41113799866954 2.754452272411573 0.6732630512851865 5.57019975151638 0.627953311725622 96.62253545761024 2.321066381430012 0.0
840137 148.699325641292 3.40791517793905 17.351561789599952 0.8657663901020464 30.714810958730798 0.7099733033446417 111.60891460923246 3.5637735061166627 0.0
840202 149.290196489737 3.41226099427149 5.531069820284134 0.6538441759152889 9.479555402440026 0.5860305228227106 88.34220242856183 2.7177686320326435 0.0
841139 149.395387083553 3.48987078667931 2.729712310361925 0.6794560516994196 4.105643442048536 0.6505375209876144 89.1139118971931 1.3732431753899839 0.0
841252 149.124210577425 3.49041739115655 3.8673774179296623 0.7255346729380376 5.435370692388164 0.6358204625701105 97.89186369463543 2.383459102539329 0.0
841663 148.826077367655 3.4832407648012 2.5960825226323276 0.8199548275193187 5.2824487816550345 0.6486486105927548 109.19699067164038 3.377148426403659 0.0
841710 149.394642681891 3.48302880589811 12.569229525261386 0.6824417591974776 23.544353875346783 0.6206763842184885 88.77390876763324 1.4123676891767531 0.0
841859 148.847781946599 3.48126546196823 4.292034218272917 0.8934006603513726 6.682671404027604 0.6898994778866316 108.2063156331947 3.3329866728279134 0.0
842140 149.298312647861 3.47878519947634 1.9400380617212123 0.614708137899091 3.8874887125713733 0.5602148990526368 91.44645366809317 1.1511614407352098 0.0
842150 149.566130307488 3.48003511277681 3.659062147596601 0.652941576099747 6.042332067771011 0.5752042979184139 84.20009127043467 2.0214307077809623 0.0
842319 149.54013400675 3.47718778616012 2.445729246764027 0.6280966597666674 4.83588358221328 0.5636274274912847 84.64739038663627 1.5970966021691826 0.0
842352 149.080694396091 3.47654489811336 5.145509602312029 0.6802393839130348 6.147735070445318 0.6209348443299814 98.8161641642896 1.7849560268577251 0.0
842446 149.212093180164 3.47553186046379 2.7221310455262784 0.614442447783268 5.04737433367504 0.5752165301261515 94.10236610099768 2.1123876243022908 0.0
842884 148.832108390722 3.47041738984564 3.3854113079745125 0.8129731602662483 5.414075320037446 0.6439826928932559 108.3948667926685 3.3955896881690903 0.0
843093 149.2261786958 3.46861012742089 3.1802179030722364 0.6149603580714575 3.7484055491121584 0.5877679727337616 93.283790078431 1.9904088536734899 0.0
843231 149.45184312474 3.46698892179871 5.183698812389208 0.6278965049249929 6.492304130207829 0.5684060488900758 86.33349215993647 1.3675451109591408 0.0
843239 149.519962978138 3.46685593352908 7.066285155848443 0.6624374845629756 8.39888040824227 0.6086255479315447 84.56827936048185 1.2568770140231724 0.0
843418 149.336423053925 3.4649321696601 2.2258244102598064 0.6350134119384737 4.370994278060329 0.5765414198602312 89.55224721275354 1.1914368015444556 0.0
843452 148.855353024866 3.4641880745439 2.865031559120218 0.7923136589120664 4.885816999319439 0.6883795938852054 107.1545552836672 2.888232620404517 0.0
843535 149.139627441443 3.46333654628938 4.2395871468567075 0.6613899324665979 6.161142342686296 0.5945353837225925 96.03760248328608 2.0879151819564528 0.0
843602 149.569920065502 3.46309423768849 3.859617240960841 0.6453484986478035 5.202734445310493 0.5734581567018651 83.17386089667076 2.043010702880201 0.0
843609 148.709075309934 3.4619173790811 9.72847799717988 1.169247575102811 14.422482390765275 0.7714076353058829 113.33858453751014 1.5535754755218545 0.0
843667 149.338215610565 3.46217090927903 3.931372337250642 0.6760270182708241 5.336350584471457 0.60303860936944 89.3549742017552 1.2269886008143727 0.0
843691 148.789128625696 3.46121452256387 10.016794996359279 0.9469491518763575 13.328915293412422 0.7041600431873738 109.82917317446716 2.89866404500361 0.0
843857 149.267254969737 3.45967181916613 17.64658976422448 0.699496254279686 32.60714637175696 0.6479581346559835 91.47477961895046 1.3171937726031444 0.0
844130 149.230428975836 3.45684566532413 2.1810475768955246 0.6787549546411674 4.229072984885811 0.6221966158721346 92.55699708348645 2.0786116549391354 0.0
844140 149.55797911821 3.45690420203883 2.7881038484584 0.650274325960201 4.200332447105538 0.5895830134698937 83.10781949948812 1.9165814128316754 0.0
844360 149.334363190953 3.45409995464174 2.0154702240369984 0.6404948356300644 3.937008552295917 0.583532010698238 89.05783338017343 1.427572352048537 0.0
844379 149.115186306411 3.45372845157612 2.224322681429865 0.6556014769482549 4.512046440685066 0.6029345583476209 96.46590517486074 2.0497229581772487 0.0
844614 149.197905954442 3.45088685113952 102.04608829003833 0.7672641682469052 132.48870301178718 0.7268639735730975 93.37646977771537 2.576685539081954 0.0
844771 149.194242313509 3.44939336218942 5.458687340497472 0.7052207888659819 8.228708509397393 0.597619496697496 93.43081671659607 2.527593942053296 0.0
845416 148.815984565208 3.44113228472028 6.231254782237008 0.8922135057191085 8.067836307435183 0.6380022763982507 107.8368110648758 3.8394885738950664 0.0
845587 148.611998662878 3.4389473594472 4.867606203479917 1.2109261578327046 7.768397012420204 0.8784806691125936 116.78891244340917 0.08959304191047165 0.0
845863 149.484714575701 3.43664309597229 3.698787980485794 0.6252264653703913 4.571734850321897 0.5705970304360153 83.82668371152984 1.3733173662758935 0.0
845982 148.757728059903 3.43472465653307 2.72273711922966 0.7862940157213184 4.689876087853972 0.6578990824962845 110.09231421298283 2.878240651455905 0.0
846148 149.087701892937 3.43310096597267 2.6044050592568775 0.6143834812162039 4.329199785702575 0.57999704429814 96.51687013551496 2.1852773177700398 0.0
846190 148.604926923807 3.43176225827877 14.168515233554405 1.385402546109308 19.01221532527214 0.9014911772522479 116.83586371056754 0.048071176020122154 0.0
846340 148.682445539669 3.43020604006958 5.085830592161145 0.892778822615867 7.946098800828231 0.7293150762355806 113.25103803598101 2.4610992415846287 0.0
846642 148.722303476859 3.42653145488004 178.4272484589277 1.1760087980841907 305.9086907952943 1.0400194620164664 111.3226603076666 2.646012533286582 0.0
846693 148.764530005066 3.42660162908032 2.7784714355252675 0.7964923544536471 4.3935325714772775 0.6826451348977843 109.4619721511912 3.420763502572121 0.0
846734 149.078485335905 3.42613912290878 4.9358590899343415 0.6938367669960075 8.121977346482938 0.6093858633364941 96.54173519380087 2.309595706645253 0.0
846756 149.123050458325 3.42605959432347 2.693783354754506 0.6966912731390623 4.106103630579636 0.5709543396620368 94.86702269947034 2.5462124711698486 0.0
847091 148.579070911126 3.42169270708233 4.615062360209388 1.2646953437519621 8.434554676408583 0.9179026282095661 117.64564658372844 0.0033590181924261033 0.0
868187 149.070038801284 3.49259905534391 2.3963617302158378 0.7571182266094001 4.916404986748346 0.6744510107024637 99.96781126660625 1.7787926580805147 0.0
881582 149.268849926653 3.74525959548356 4.02556973631667 1.0254354578659517 7.7876727828933925 0.6519985616318184 106.19957652860015 0.9153047495321328 0.0
881925 149.2422368293 3.73799111955986 4.360515267591668 1.0324318694763572 8.017228445022393 0.7529490793176364 106.57445020671769 0.4692370174376457 0.0
882519 149.585754731571 3.7410420034193 3.585688858983188 0.8743817316713153 6.022415458372451 0.5755906554188103 98.4897963329857 0.0585717216318421 0.0
882885 149.237449782505 3.7242982121915 3.339155536314705 0.9404373216394039 6.21751955806858 0.6926240669621128 105.9951943346524 0.8767159381415718 0.0
882893 149.460112662921 3.72488145653676 2.9054423956427207 0.8095858866166216 5.591988274979049 0.5968016126601309 100.20177034940346 0.8648032875135777 0.0
883057 149.363922403402 3.7210583019096 2.6385174676352112 0.7503524564885682 4.472687187747759 0.598046065971329 102.33848121320423 0.7055206993070124 0.0
883162 149.281148273548 3.72003286060763 9.47773164464638 1.0002188043360032 12.861568216824766 0.6234315280612974 104.51745972866973 3.011358491296731 0.0
883309 149.582345418433 3.71788843643663 2.5564569938465835 0.7923665503012509 5.088330597902562 0.6138181458682032 97.23637063869313 0.14854227611150125 0.0
883604 149.259348895391 3.71477868469003 3.149087372164135 0.8154799910463655 6.483673084428127 0.6339778543005399 104.8604160166625 2.50104669234556 0.0
883612 149.461368485541 3.71472288542346 2.9867246434990693 0.8303879389295291 5.520417885026087 0.5983055175354492 99.61005648017174 1.0747922107589998 0.0
883751 149.083541289934 3.71205167039386 3.356955587494404 0.8785403283771601 5.1018677890657225 0.6701386424346082 110.17188986377518 0.7640068693545357 0.0
883862 149.352497222473 3.7123117853388 4.385154410497542 0.8770293606059747 7.436017025768081 0.6187927014829356 102.16353009382107 0.9780434249856675 0.0
884013 149.280246339993 3.70748764161299 2.6123988713934874 0.7954091894558828 4.958774521629853 0.6239446241098643 103.87912633182754 4.218636806941541 0.0
884049 149.10845699123 3.70775097746155 3.281583556136655 0.9528031817965279 6.687941554161321 0.6970643326188718 109.1371753926628 1.1965360259754458 0.0
884236 149.266808702761 3.70412746687002 3.9626208638973828 0.7911437448395913 6.050632843941796 0.6655097432585262 104.08535001898426 3.6539752735674567 0.0
884308 148.994696711552 3.70181112434323 5.755680322724997 1.1041530126863248 10.481307162233662 0.9240366812337567 112.70421422293167 0.37494195217051224 0.0
884386 149.244658844634 3.70082681055645 2.9191857316962815 0.8752610520759306 5.301580727117244 0.6955019577905673 104.55579040801273 2.1951113244644564 0.0
884390 149.066873025044 3.70040895242138 5.137656009904118 1.035217659644628 9.231210682945715 0.8074604452356476 110.1488364051453 1.0461853462496402 0.0
884404 149.247468155196 3.70055399510144 3.388121707689018 0.8118284585671467 5.493907471856514 0.6919163242984192 104.45910524389721 2.3551204100123257 0.0
884485 149.428995046631 3.70016493891175 3.651989485082678 0.7722402270107169 6.157571310587384 0.6893554665425088 99.57161003870569 1.3873425771472774 0.0
884625 149.387641417795 3.69778979975918 4.9083316008814 0.818328423836739 6.191369286846819 0.6836911045434286 100.46869280642028 2.322058399580901 0.0
884707 148.892115592919 3.69513123458944 7.084166454639537 1.6260116768706876 12.685430348366022 1.0652416820751733 116.10890354858947 0.1123977500784002 0.0
884796 149.029120401444 3.69357324550106 3.9536009626717044 1.0718144567579213 6.6309497669102795 0.8205093266659205 111.10090920465802 1.7754034625276383 0.0
884867 149.591555316552 3.69258424310697 3.321111034120375 0.7550897318176997 4.605438316681548 0.6405834267429975 95.62153013695469 0.903317929436095 0.0
884923 149.287605166603 3.69155564977625 17.08380610154693 0.8627218837826868 28.284089729540323 0.7151212987890863 102.8285273961362 4.6733462361694444 0.0
884971 149.590526999782 3.6905057806101 8.879628962867237 0.8407354145627214 10.44086786973316 0.6515509529606764 95.52301293138596 0.9804383667969435 0.0
885009 149.036750697345 3.68902447528995 85.60965530171731 1.233219656042021 143.43132702971397 0.9962964526627975 110.61433805502853 1.909922594411937 0.0
885058 149.065099404836 3.68902670645754 3.765363251839016 1.0029894567982962 7.37736552106716 0.8188241147199135 109.64489311007723 1.3990968134593749 0.0
885171 149.53054909269 3.68702561085993 2.748752964926387 0.7277537501285904 5.235461652732596 0.5949721379188682 96.53615965813731 0.8457227199504562 0.0
885174 149.551567342553 3.69256151386183 4.293801836671053 0.7983123859965947 7.824100683816428 0.6537919320462426 96.41040426125578 0.7401916175351357 0.0
885249 149.270118624449 3.68595989134871 6.946814470475405 0.8046223285893723 11.691307237118005 0.6541470523508794 103.03454395092955 3.794566773509753 0.0
885415 149.269861170089 3.68389675971622 3.1378338698055575 0.7239178885408427 4.8323461564956265 0.64494315296881 102.93362184626716 3.694492243451512 0.0
885579 149.312404727914 3.68160592048929 5.244003339015773 0.8114348153889759 7.175712297348282 0.661172434162894 101.60451291172268 3.3047751014580062 0.0
885769 149.467352845597 3.67886515130397 2.8177816308715427 0.7122540998786938 4.371210723757246 0.6374487368081005 97.48744670527346 1.1251684594615696 0.0
885787 149.063777979429 3.67949809792374 4.16153999604677 0.9348554158724707 8.404747361353502 0.7180933261130883 109.21902974482659 1.6263470763096208 0.0
885825 149.185893806407 3.67772395348892 3.276956948890022 0.7373857048634969 6.240807235159561 0.6254897322112465 105.14074643857381 1.0562285864884082 0.0
885838 149.58477107591 3.6784027240377 2.5733792875510435 0.7332223133125716 4.754002857498357 0.619811657263492 94.94683627065464 1.4928051037079622 0.0
885902 149.333674964946 3.67649028632884 6.92468241511543 0.8562658344773931 8.228526313882142 0.7414561218355877 100.74559711831168 2.3221102498367516 0.0
886184 149.422958008374 3.67344057270647 2.7420987726771746 0.7469576402305631 4.651761301103871 0.6306101987502771 98.25583446230216 1.777131336796537 0.0
886304 149.17086914928 3.67126521043027 8.051203337633737 0.8588618747795548 9.897616210090883 0.6370721779499025 105.28352306786053 1.1357906731027874 0.0
886935 149.062537575266 3.66262114328294 3.630662180231761 0.7807487300508622 5.7568480479036594 0.6715960134164909 108.43037576140598 1.8113253734597317 0.0
887040 149.5830182394 3.66089455712331 4.4040055302221095 0.8125574163544822 6.313805574415794 0.6387192382837761 93.98870066476682 2.2314026173762262 0.0
887082 149.562044171943 3.66009004861874 2.6471101429106407 0.795132355867666 4.872024348154683 0.6308730238285312 94.36501294445107 2.376227747770591 0.0
887251 149.544652103434 3.65824563210873 3.25041640586139 0.7410046836760249 5.387852299369667 0.6416903514111998 94.6224717360329 2.4430505098179522 0.0
887336 149.479701764065 3.65691294548528 3.409935339367568 0.6899451891417996 6.300759989243607 0.6393557122423875 95.9865460725321 1.050640148087591 0.0
887404 148.916140778822 3.65576703613888 7.144121011364722 1.0928023087835472 9.4438888598786 0.7078992359526581 113.36608562485677 0.7810066667759084 0.0
887499 149.437586612637 3.65515569861548 2.583061530635697 0.7084287444356462 5.180037648233282 0.6278538574387106 96.89546793025866 1.462724421127997 0.0
887556 149.021404485839 3.65427375184271 3.442953158293504 0.8828174204409436 6.995162593458762 0.6897271968976526 109.45753722535545 2.0708795902044748 0.0
887888 149.425520318273 3.65185908925752 2.650903672430297 0.7030796168709039 3.7381189062051816 0.6042919728782745 97.01405858086702 1.6012876233542963 0.0
887998 149.488587934049 3.65311116984516 3.861215217951666 0.666563601132218 6.052010061772976 0.5777074454058188 95.57092506395422 1.1666325411106684 0.0
888084 149.544659431461 3.64947795254706 6.55473358445855 0.7230563997742178 7.887288921227128 0.6032941208750677 94.13009160876547 2.708677268781392 0.0
888085 149.010597206045 3.64921301659164 4.241214622782192 0.7616289159894859 5.102281495207419 0.6593086577359332 109.59718550347705 2.098628019837883 0.0
888190 149.023851617649 3.64851564731917 3.722942985485418 0.7984143526854084 6.524214741193382 0.6659020752267018 109.09226471842966 2.109839218787586 0.0
888201 149.435903282986 3.64845522017191 2.7283800297991703 0.6715748692218999 5.091056835107085 0.5979949095909693 96.57043093021558 1.428585413468327 0.0
888287 149.027497472315 3.64702118923037 2.4425414046675082 0.795590713971416 4.980417546200485 0.650225535310263 108.89090434429136 2.1048091782695484 0.0
888290 148.925352660051 3.64745985041274 10.589628254633851 1.1703945332653864 14.89211933664142 0.6882392453964258 112.63213643731488 0.9571487045657948 0.0
888613 149.164342672514 3.64393976284841 54.304990547065344 0.7777897715962415 61.80574427898363 0.6670636714254875 104.1060736006983 1.6716489454309202 0.0
888770 149.492155898246 3.64129342156877 2.3036211227113257 0.6468581844983959 4.118693533823574 0.5444297628835038 94.83418039257177 1.3861308251631073 0.0
888895 149.515382160325 3.64084561532124 2.2982814421336277 0.6631794513127942 4.54740717805305 0.5810441212804849 94.28347313141705 2.1774341290630157 0.0
889137 148.919375149184 3.63747027657421 8.758908403383572 0.9357984881952821 12.965318712613755 0.6628256106006363 112.39015884876804 1.5270671809232452 0.0
889150 149.574752384861 3.63672739224923 4.141995915315857 0.6849528211345154 4.7561087286304575 0.5623756219794356 92.78787798027477 2.4592545885847317 0.0
889244 149.096266272892 3.63480233688292 2.3758065995733704 0.7467569220645279 4.503987990987569 0.626233991234039 105.90687388492252 1.6650239053695723 0.0
889288 149.306490683655 3.63463790469681 2.641195484189232 0.6732826967606104 3.5930758248559282 0.5666822089196341 99.28722831477165 2.3279679383125784 0.0
889301 149.525867351863 3.63825363434255 7.496970760725314 0.7197284547570861 13.773747897198193 0.5996338194116871 93.90713639320596 2.495775581803688 0.0
889426 149.533964559445 3.63303484130667 2.2692871954888663 0.6701543793079183 3.5310698625130934 0.5643847427863362 93.43866674126943 2.589568246997099 0.0
889583 149.014341631367 3.65064660920473 4.639582580304033 0.8736100031091457 6.166400131852193 0.6615320353183651 109.53285975296579 2.086986646780684 0.0
889705 148.987440251194 3.63022837023989 2.2685762338231372 0.7180209921188673 4.637957190291867 0.6099230503963 109.52371099612787 2.5914592059634014 0.0
890122 149.00111223743 3.62413585966536 2.778408214325276 0.8534537959869761 5.234538957988931 0.6640299036424306 108.73597273013007 2.708720101901876 0.0
890128 149.451161149375 3.62454954423071 2.5962590527039935 0.6483653560908916 5.082116121331498 0.6019822230332064 94.88728183475875 1.0534013719166133 0.0
890472 149.168241821024 3.6193324478455 2.9281391927199323 0.739733141989717 5.4371300701410865 0.6538259247077451 102.73830269359128 1.8562903986494104 0.0
890487 149.313283844115 3.62000968265099 5.0274350625021444 0.7322726077255882 6.755720861036173 0.6388556982180958 98.32196846972435 2.1078702918943475 0.0
890655 148.854291210131 3.61738344925922 5.148243822641603 0.97470212344337 6.7615073390965 0.7473040442067818 113.97193348184064 1.1816385836425018 0.0
890936 148.998642716422 3.61289168517605 2.56693832199671 0.7284772538842995 4.998602074983391 0.6662182584827084 108.29019523885025 3.004421194101942 0.0
891048 149.400033405917 3.61189580112839 3.1561407206658405 0.6952055167863982 4.658950105211261 0.6238383841666606 95.5006467503029 1.0750776467542498 0.0
891172 149.551060249151 3.61093342016766 2.6497593172064176 0.6524288849324315 3.9931926275560263 0.567527866506568 91.83252792455085 1.8678388994149568 0.0
891185 149.542833387561 3.61268979085211 3.2296178542849425 0.6984153843331241 3.938452854129533 0.6027945961390856 92.10845288528179 1.9600731226552575 0.0
891201 149.320861290901 3.61079097674716 2.662789901829117 0.6838034581725925 4.99234253238382 0.6219796680109009 97.61905833177136 1.9257608245781521 0.0
891216 149.351846768432 3.60983921674741 2.410820714802093 0.6598555301781798 4.303344117547169 0.5789446495244314 96.69421990844256 1.4473369109460725 0.0
891239 148.932786569969 3.60823292901241 4.769990739291739 0.7892016042332799 6.929414991909095 0.6552431096682075 110.52286252966427 2.5164486431900466 0.0
891287 149.569089692702 3.60975588595047 2.486030637217298 0.6352220473100817 5.076031434922536 0.5753252808909435 91.38488861973865 1.8336828967297858 0.0
891288 148.998841383318 3.6097130303514 82.51509344620415 0.9512012367289412 154.93607249721944 0.8121539047165685 108.13184430146023 3.0761432081318194 0.0
891462 149.327058427236 3.61071995668845 4.0799102247305905 0.6955885957061668 5.727607019686793 0.6319415651164536 97.43825668418802 1.8064134615810308 0.0
891655 149.034874206635 3.60382951400734 3.6389502091544825 0.7542168987495772 5.304018541739321 0.6416381391981721 106.54523238180512 2.4957084395430567 0.0
891752 149.53362033828 3.60332127687007 4.212624270760921 0.6478903689941388 5.243955955305799 0.5508194690494116 91.78753922266364 1.7057464993661828 0.0
891775 149.332714037803 3.60257168644286 5.987788267188482 0.7185906763945485 7.904636767000777 0.61595646454083 96.84714220789876 1.6948001725913366 0.0
891815 148.831235734256 3.60165316892184 4.564030362088304 0.8977058292011864 8.345168784066148 0.7047815681005289 114.17600366295055 0.39499870590229536 0.0
891844 148.998587026397 3.60250056237902 2.5575859622407298 0.7402601113809146 4.963102663007686 0.6424725946580199 107.79879847118167 3.260905583565813 0.0
891909 149.2337386171 3.60091487691818 2.5146086797747826 0.6310220999357702 5.199031434128096 0.5797645035910428 99.71447333149752 1.9110060746876287 0.0
892109 148.870009155456 3.59893676770534 3.5409220689052594 0.837177260818693 5.926198199908729 0.6920187786952282 112.51912007890215 2.0227864054061633 0.0
892315 148.97106363431 3.59572547006832 2.8418090346304496 0.7464368004104668 5.52039058788882 0.6465672940081856 108.49837998844642 3.4665098682803497 0.0
892355 149.538819403012 3.59730966094649 2.9796286754104044 0.6482457363532407 5.0817773535572055 0.5645194773355646 91.33738167807832 1.538269636040575 0.0
892393 149.544888050029 3.5966307404614 5.028984046281979 0.6354844551910936 6.967348741984678 0.557879062415067 91.16620250318692 1.509090215659469 0.0
892592 149.144762495551 3.59342187055285 4.111874013629781 0.6978388752721972 8.011937693275646 0.626239128761289 102.21832406676961 2.40379216519897 0.0
892643 149.295875099552 3.59448778675863 5.447221512764584 0.6734985035447566 6.5375065156413 0.5938692048131907 97.49253953488767 2.622394123982808 0.0
892744 149.248010104774 3.59158589375435 4.047547022058744 0.6940217280013624 5.112513028799534 0.6033012413075719 98.79247075686783 2.284075426638779 0.0
892863 148.903507205291 3.58943856317408 2.6453655725670866 0.8383215993024095 5.318982652125102 0.67267901446156 110.7797903683578 2.6602845980326504 0.0
892869 149.433430048816 3.58950932688196 4.877301322572715 0.6511536848033109 5.405151473832529 0.5653810625445738 93.42302102066336 0.985785204813467 0.0
892871 149.517525646098 3.58966873853661 2.3994208122309075 0.6650407510658753 4.862478204476123 0.5795313577115627 91.39098972433044 1.4704580853968081 0.0
892943 149.327894000984 3.58954810089213 2.4916503709721476 0.6755910930067254 4.784040910619393 0.6177178638270304 96.29868395504721 1.7024319860922583 0.0
893018 149.576256755565 3.59000945170281 1.962918856954815 0.6423600983104447 4.009473438534707 0.5453762911182448 90.12480965215397 1.7543375738012434 0.0
893047 149.09566252364 3.58770116479698 8.928563330501433 0.7548616690661493 16.64933263259399 0.6762167620794173 103.61497671635402 1.7162968932956852 0.0
893169 149.590092602523 3.58827922591434 2.4307745358641926 0.6347468008295101 4.727599186436304 0.5518083593509495 89.74185448782845 2.1907201955009157 0.0
893682 149.475575284665 3.58053827437156 2.2301002750445718 0.6719471642946319 3.645647278510818 0.5979873127461638 91.87969667921304 1.1467094750670213 0.0
893724 148.877654102658 3.58130911899515 3.389528282818768 0.8342591205892136 6.068928750195155 0.684049559734175 111.42082419361881 2.715978906587148 0.0
894027 148.84092626658 3.57508607108205 3.396157109331935 0.8855062149084686 6.033282294206436 0.7429982555790884 112.60249297616969 1.620942781192608 0.0
894262 148.873817890282 3.57452811016219 3.994356618692327 0.7697800880596829 6.426874952339586 0.6816575965771016 111.26637730738598 2.9536516281596015 0.0
894314 149.366959217143 3.57563655032089 2.0713649753940917 0.63855561678607 4.243374753412617 0.5851231505287382 94.45655065211903 1.1987309497624155 0.0
894346 149.189297849183 3.57155279210707 2.573617751221887 0.6844925086829691 4.974844938635445 0.6336829550859968 99.64805754202298 3.766830979398345 0.0
894553 149.142360477443 3.56957166574467 4.3887320093606075 0.6702580883263123 6.803750302817944 0.5879213131147595 101.11787949206469 3.3983962584373315 0.0
894710 149.166266434981 3.56794354007292 2.8185330747068793 0.7090487225172162 4.501315961777335 0.6167171404740073 100.23081803166575 3.9484574398518593 0.0
894759 149.000397759949 3.56717101853756 5.450145654214296 0.7347599797515945 6.836675543245316 0.6281896637311302 106.0639391312878 4.59533333885293 0.0
895031 148.765626160422 3.56487975148233 4.447629574577177 1.0770483492920009 8.879724889127917 0.8000749729798525 115.23283996116719 0.5943029628426133 0.0
895254 149.245235082434 3.56118464926899 3.857768954371678 0.6424525649882024 5.1566313831072845 0.5624091768566613 97.32320787676784 3.11309899110763 0.0
895314 149.444108436965 3.56084533563773 2.765344731501767 0.6087044636042305 4.29743918021191 0.5344197481355134 91.5950847175347 1.014814348964898 0.0
895589 149.551976864326 3.5572313652233 2.9768102459875627 0.6230166617386174 6.01323100176268 0.5500910475166373 88.81168022804526 1.418231894696457 0.0
895829 149.115036466891 3.5544812969871 3.980605866058075 0.6834455950009529 4.609086862349492 0.6147924347765048 101.31892734308006 3.1795626352007442 0.0
895856 149.205760443903 3.55549496947571 12.110723502146278 0.6882221029425037 18.451180610780916 0.5946024677250276 98.30234035203321 4.482067626605247 0.0
895872 149.05354506834 3.55314847233854 28.363999523688506 0.8139729407700873 32.97712172699062 0.6962008160086409 103.4452055403319 3.6034997529822963 0.0
896034 149.167057102587 3.55664950101432 5.372952182744367 0.7050689764862652 8.736880128649243 0.6255527860231321 99.64288434346341 4.457445654217339 0.0
896215 149.308307570862 3.55009157689334 2.110330093722083 0.6369702187498045 4.25387256285317 0.5876312166512543 94.81151593785188 1.4913692591239351 0.0
896232 149.015079703009 3.54980561902605 3.805455020879688 0.7362174494289832 7.184907827325057 0.6662941496747146 104.70124750668226 5.041716946980256 0.0
896234 149.256631426869 3.54988381538593 2.4000732395636106 0.624807473334294 4.087165597800089 0.575779160178052 96.38765347535106 2.7412955742481313 0.0
896387 149.159004375335 3.54878501903284 7.733291477533653 0.7333549990734597 11.28767322403304 0.6377164933974743 99.5253504944807 4.717133521470451 0.0
896462 149.018446542376 3.54822151534041 3.6054900993487697 0.7318863808745131 5.855082333043282 0.6643512888057278 104.50154653963735 4.975307000782342 0.0
896604 148.711162939604 3.54466091560063 117.15161329807286 2.0894524513326416 221.84700206876735 1.3550976217480508 116.66814143258225 0.04503826611538916 0.0
896611 149.212278813348 3.54660176621673 5.058872287048249 0.6663150302789871 6.274456622285004 0.594871447535175 97.64220260898331 4.550433509529846 0.0
896676 149.471017616766 3.54528778833922 3.4048861415336207 0.6390427291008389 5.068466393857151 0.6061803167287757 90.06633010167585 1.1263096883432533 0.0
897063 149.567230995184 3.54191001716413 2.2063560147047703 0.6141458828346454 4.315303611432333 0.5635746744859149 87.62112428150819 1.8325374607069302 0.0
897193 148.867377588213 3.53765866657167 2.709846046155212 0.7478479017425943 4.618998813419451 0.6649787366826297 109.87482100268991 4.231252016399012 0.0
897322 149.393629208776 3.53851009153102 9.395864310979926 0.7698498304075739 11.356420806720392 0.6196577632141439 91.74241745730663 0.9691686545982424 0.0
897324 148.638776526827 3.53603219809663 14.817483555429398 2.0694375513510894 20.027501443507145 1.1723228148910074 119.4484663884761 0.0017868652036561081 0.0
897360 148.862673243505 3.53618945704698 3.4430767679716943 0.8613032147796466 5.562177740921933 0.7343557759041536 109.99942989803418 4.090949484272515 0.0
897379 148.889382949745 3.49300351103031 4.469361958644334 0.7685492111181785 7.25816201286313 0.6861347262451795 107.00901366357692 2.7279030201642334 0.0
897693 148.902323301691 3.53168225905517 3.5566413571687394 0.794591323760759 5.895025641710043 0.7341803531691872 108.20965759163911 4.021905366907402 0.0
897733 149.593623353962 3.53147975686802 25.738759151851927 0.7133779109439593 29.95363157363495 0.6553558262435082 86.47109665719681 2.9727869209573368 0.0
897920 149.068540332446 3.52929119874505 3.7198100466876283 0.8017759669783334 4.750468006982332 0.7275447667517438 101.76258953656476 2.6032391508953623 0.0
897949 149.48250362427 3.52934934936807 2.266206790804309 0.7014631246793506 4.140953834224674 0.6263624294152846 88.91015505195378 1.1566425433918155 0.0
897952 148.872162041391 3.53833687416335 3.4317654523365464 0.7484612172600545 6.876164972624968 0.6791861240697332 109.71245604056915 4.333399894043651 0.0
898033 148.930323927423 3.52726766641741 3.7480627897753407 0.850232432104436 6.535109775485205 0.7794414660758072 106.90410865466268 3.752209998367163 0.0
898181 149.361420692358 3.52882457306423 2.380292729571141 0.7373341590164203 4.275014968227126 0.6753371504590052 92.13871868231018 1.0462829977813854 0.0
898332 149.32766090966 3.52355336551805 3.530436877952689 0.6953846784539717 5.204921306533826 0.6637240984489887 92.85312045512231 1.1715735445438493 0.0
898428 148.787510621345 3.52148371276482 3.1220799450801677 0.9614782617854737 6.089452205857587 0.811129334996461 112.4524051627026 1.642211901989495 0.0
898568 149.371413467255 3.52093991838725 2.6201387686494795 0.6969397288810814 5.272395709535807 0.6307564959548198 91.4367173358689 1.07683832751279 0.0
898679 149.107011181793 3.51879098545801 3.3511347304923307 0.7391857954647058 4.950250604237917 0.6270413169447254 99.8725575464467 2.867700526978208 0.0
898692 149.374460247641 3.51956667247153 5.098104209141011 0.6543650979881331 5.590851580980016 0.6097720019447521 91.27723760321557 1.0889583223776178 0.0
898718 148.777273692546 3.51798609729676 3.5272405376907945 0.9200778328993406 7.02339710411894 0.775410335577853 112.73307097215888 1.4915409239239572 0.0
899277 149.59010483729 3.51337826925791 2.915413705110227 0.6713659447050162 4.582148965709507 0.5926750580658146 85.53011342942415 2.3586197414130736 0.0
899334 149.284794160117 3.511005993826 2.817297492965293 0.6738068497689145 4.722998975006369 0.6229004571053604 93.51720012944821 1.3669241788455606 0.0
899339 148.849733403935 3.51260576217106 6.7492322284996895 0.8920992246722877 7.491483006053949 0.7604250441586741 109.48805258229068 3.4298586305568977 0.0
899404 149.127112670087 3.51048054436362 5.432133020140125 0.7177725517745971 8.158343828847121 0.6126893448621625 98.75681926729001 3.1402859822272564 0.0
899406 148.981910665815 3.51032413789538 3.5492673960642254 0.7310478099536962 5.592412668207506 0.6298137146384487 104.12338861538174 2.4811533173145888 0.0
899477 148.955407356639 3.50949861029444 7.144275265942298 0.8189656488568605 10.010045650409872 0.69860731617891 105.11486723058948 2.943322211052002 0.0
899674 149.349180304696 3.50763068202232 3.0323586327255576 0.676252537908594 5.578460483301835 0.6147293809646192 91.38455698428534 1.1234999827782362 0.0
899687 148.711162231633 3.50643636808151 7.714419369915808 1.3978007763064995 10.249252266923733 0.7764216558855793 115.07357864202206 0.6153668562526746 0.0
899728 148.885429986943 3.5075794464878 2.907217353365497 0.7420767806135604 5.714814834354897 0.651163616883661 107.81298186543934 3.3187128808859243 0.0
899908 149.389459089402 3.5068757299244 3.142790617901025 0.676326806732729 4.5613696637652374 0.6107432778671478 90.18072686977303 1.2259827167424986 0.0
899995 149.283466245159 3.50661936356101 2.4028894800650673 0.6692035409235458 4.965734004032182 0.6276420084767023 93.3346131838823 1.3332591739761024 0.0
900089 149.444859473854 3.50322957137261 2.231051554526318 0.6632485822884222 4.095413968617724 0.6037167500904084 88.4654938897364 1.1811300956631268 0.0
900339 148.663561477567 3.5006330393416 7.270582725360043 1.5494011699704098 12.380591756855635 0.8611729192283074 116.91740922581604 0.3095809885285582 0.0
900427 149.024213995444 3.49784223833598 3.041234065139851 0.7373108283541365 5.148292880232636 0.6580541482623737 101.92957157515653 1.8264755568293791 0.0
900503 149.399864769609 3.49692545597847 2.317276386869175 0.6849395649986996 4.660669696099015 0.6356431985659793 89.36052560723762 1.3084453599715293 0.0
900650 148.622561871758 3.49674642109611 10.245968369806453 1.6742301709321883 16.833791750076468 1.037183701486662 118.5827549298371 0.014216509583375139 0.0
900734 148.79498385502 3.49464038748597 2.595755085745202 0.7502022472371909 4.8364336452812315 0.6963965184564356 110.99167880401342 2.523280573445755 0.0
900847 150.044602911265 2.88126207896261 3.376427974611965 0.5791317471613723 4.252557922421573 0.5573490859198222 42.09024443644688 4.7612321136275675 0.0
900848 149.894027826033 2.88129068154137 2.169909186049763 0.5561835377409604 4.390336875015789 0.540433590747663 43.73939894893333 1.5341067139929399 0.0
900885 150.158664118062 2.89339995329232 1.8658950453408958 0.5540666258970949 3.57466635221073 0.5437229601684047 42.83191641359247 2.3809166896861877 0.0
900927 150.694438470252 2.90545828402504 2.627586895560907 0.4953968627595906 3.620845511622074 0.47073411053017405 56.16104616951263 1.0642167811973 0.0
900935 149.987670895732 2.90885864372006 2.7977809411397954 0.5567923392584408 4.6869493712026316 0.5241875063629499 44.1314999424269 1.3121932003275818 0.0
900950 150.568944932572 2.91726345438158 2.9393074559045904 0.4937237428784762 3.410305395841654 0.47446835890833083 52.31247176981556 3.4164220602543116 0.0
900991 150.129501813018 2.95094579297644 2.31654914992915 0.5509146050653249 4.57311940747772 0.53314090300656 46.173953935025594 2.301905382838949 0.0
901018 150.156568914788 2.96388750574453 3.478059723260706 0.5570542685969984 4.365912503925775 0.5335912671434448 47.03894748962647 2.593154129770252 0.0
901029 149.893592400205 2.97341656772094 2.6155504031470374 0.5504813832806704 3.1968196356779197 0.5161208160202395 49.07344818813685 1.3764060793760162 0.0
901061 150.290238887111 2.99610368218613 1.941646403898594 0.5631080994925148 3.88712058749851 0.545118461931151 50.16271430056528 4.192736707822389 0.0
901084 150.61252906778 3.00631836831006 3.1324828583406923 0.5703023425608981 3.968805468129551 0.5178914602802882 58.22584183322343 2.2354266217753342 0.0
901113 150.865342850606 3.0242533073167 2.038139208936617 0.5530281453627087 4.1839725774368475 0.5189617140772939 68.25286963857558 1.7192449945070094 0.0
901120 149.580218681402 3.02830390113059 1.7454378002237942 0.5742521535045955 3.238796581071089 0.5330699562016815 59.57652131009725 1.5292510801562769 0.0
901128 149.612019429015 3.03341453491911 4.157532080991501 0.5951098822362171 5.312089867444964 0.5586821390430656 58.86819631741409 1.874966964220787 0.0
901139 150.77810922351 3.04415111861788 2.488082557875272 0.5293537588375378 4.111016213967167 0.4851067357298013 65.78878893362378 2.1896188123600195 0.0
901221 150.864461373446 3.07168851648253 4.435046173717352 0.5465515589262783 5.728973164150969 0.5000415531970521 70.35128301879989 1.2755678952106924 0.0
901234 149.969853997303 3.07150702168025 9.451019850709416 0.5855520583754118 15.127289324601849 0.5358873812958875 53.94075564836243 4.559482426179388 0.0
901498 150.553273238696 3.07378508573904 8.643300520454009 0.5501526190793248 16.972226864045748 0.5230917451938092 60.012007714107355 2.476156530099732 0.0
901519 150.233086751426 3.07457080994041 4.390001197483452 0.5498398709325208 5.148053772761384 0.5067669368952981 54.14833985507206 7.2503846967893555 1.0
901561 149.807240315893 3.07496510291663 3.2191610549303316 0.5760784848774886 4.055508901695155 0.5157405874997201 56.381235293696164 4.09837096984854 0.0
902024 150.309104081139 3.07891636585613 2.1146800470577127 0.5622924296727273 3.6852921213087786 0.5188912436847167 55.25834376437946 3.6498203292941334 0.0
902112 150.819148424228 3.07945793102687 2.3778130679225926 0.5619338661134248 3.7303706395438954 0.4923698344041872 68.97664233618985 1.252149333878403 0.0
902381 149.69482792431 3.081918556879 3.3896012897849497 0.589051936029048 4.450606378900201 0.5236219277051843 59.20781827745983 2.510825314765062 0.0
902865 149.93642946674 3.08585545189266 4.63996601495058 0.5871640393882345 5.130510469184094 0.5316469770375539 55.11362928449103 3.991982589099486 0.0
902927 150.179417675863 3.086287907701 2.097255795051732 0.5512144763526379 3.8840008594850777 0.5144317155197728 54.46899053242717 2.6288415889307224 0.0
903674 150.853893901571 3.09226249934359 2.1294845721985456 0.5251311271669208 4.14066206388011 0.49919978416457805 70.88689058419347 1.156080096085963 0.0
903724 149.849179540654 3.09287598871966 4.036305365627659 0.5456670186909626 5.006610437009205 0.49276547550645616 56.6856376256102 2.537512037961294 0.0
903766 149.798171382254 3.09333744817807 3.046567230457427 0.5650641462218017 3.666534738923505 0.5019932341316182 57.59821441298944 4.8518431642274225 0.0
903783 150.33291134901 3.09315293415399 4.925854817885984 0.5975008474743838 6.562560137249358 0.5271910284028745 56.42656556029175 2.5476598496913714 0.0
903956 150.271664681024 3.09378356532994 6.880974547947339 0.5947343978510737 10.435268866351423 0.5195007552822727 55.66940529866457 5.655990379178225 1.0
904190 149.78577492596 3.09662408735984 2.6136947128531918 0.5965072480385348 4.312952452345071 0.49933654024708524 58.02235081502579 4.787861464600306 0.0
904312 149.651708424798 3.09516551035208 4.46926036694007 0.579840774758677 8.145483400672056 0.5291019953996863 61.02645639208308 1.837913100853488 0.0
904348 149.970410663615 3.09796757078059 3.0170780300595754 0.5804709537056594 3.9988245935186146 0.5153750762565104 55.50748418224125 2.9674866342386594 0.0
904456 149.948331389749 3.09876990584661 2.2661335263179647 0.5491381228799722 4.070599712001081 0.498765399153801 55.755562462007305 3.357131412962105 0.0
904613 150.466698420185 3.09986745675392 3.4327762189759214 0.5711918794773047 5.125304055290696 0.5358153400303167 59.29876286888989 1.5707940198654786 0.0
904732 149.802987393537 3.10047291040922 5.219193717762061 0.5545980758679165 6.7858211052765505 0.492844984856751 57.91544267363508 4.776247643130978 0.0
904739 150.276801150559 3.10090081403059 5.737305615301791 0.4708991072328334 7.403330764051878 0.43992602061803815 56.14642125994588 5.314907492467258 1.0
904960 150.544463869592 3.10231169987636 4.4737707038331544 0.5793203193397051 6.537144184772102 0.5181889604484765 61.311661741149564 3.7990690757939913 0.0
905297 149.814107476442 3.10421679136626 13.033947063465686 0.5943809095098103 18.12012427776609 0.5241138684723691 57.9286012752353 4.406928957556941 0.0
905316 150.352553729245 3.1053323328773 2.0669048549327735 0.5600784923748633 3.7097144322374906 0.5138372559757381 57.433869760162864 1.9498332829339027 0.0
905487 150.540710456429 3.10515640218881 8.479847193899069 0.599179306729092 16.490780043499086 0.5507331740428244 61.368257922265784 3.866520839176965 0.0
905560 149.94495418604 3.10653904523074 4.438123217763783 0.5635200808665186 6.579610547234859 0.515207288994374 56.248606120297694 3.0909237623122285 0.0
905753 150.884311907077 3.10847052698911 2.267183757922304 0.5793067871289616 3.321555578301578 0.5426018075112021 72.80233085754642 0.8031331103028068 0.0
905994 149.963792382794 3.11032274575998 3.816840888601995 0.5595149763802869 6.0341349434657925 0.5084794073505479 56.29774244126829 2.6102994512652224 0.0
906045 150.304906604643 3.11116877287999 3.4030733283468977 0.5911036784712203 5.4154310349350245 0.5247268823441406 57.09005911253275 3.51211931164201 0.0
906047 150.403177087042 3.11100450469779 4.722610892120881 0.5842024053822918 6.026195854363798 0.5309596557227781 58.63049923355305 1.0008856367400005 0.0
906049 150.93788533022 3.11084368650041 4.89252999629785 0.5993875867469738 5.307751167740452 0.5500892062474725 75.02144083194457 0.031873445623670726 0.0
906082 150.280189552352 3.11118081908247 3.9823837337586934 0.5387398622059087 5.516708307079536 0.4919964559200009 56.79051739622446 4.60272449022343 0.0
906101 150.61448627484 3.11154783672918 2.4396170056976336 0.5877359295163396 3.842277056412038 0.5431264018350423 63.73255013715646 2.118142259555248 0.0
906161 150.532838642515 3.10995408772381 10.806485983810576 0.6037764680380432 18.602941105579376 0.5583139109621372 61.42745404749898 3.719548684269853 0.0
906284 149.941133693902 3.11302606701851 3.587515320738545 0.5754877988133784 4.594470404183625 0.5160137520125146 56.67053470759538 3.0544117838379186 0.0
906310 149.80537090081 3.11278274663747 4.890430859318008 0.5824891640515222 5.8008693171099965 0.5220477970814436 58.575463335026555 4.72319921933109 0.0
906355 149.798451997095 3.11267659012208 10.270101099311985 0.5705297712191053 14.844881125560157 0.5182398464326652 58.695750383465686 4.704066757989982 0.0
906400 150.845378466226 3.11347886283458 6.3737715907882295 0.6058682805664942 6.9442763517498785 0.5631096832037775 71.55229597538757 1.017999742454276 0.0
906500 150.662377713969 3.11304156622517 12.382499208702223 0.6047905474500472 14.843817567287385 0.5486293501960179 65.2464827643282 2.292649999657839 0.0
906763 149.618769805276 3.11689420368427 1.7424362739651318 0.5863473549738315 3.5591865576987454 0.5265330643866691 63.077482730436635 2.0569806243907123 0.0
906983 150.54285038319 3.1187107426477 3.936279898994996 0.5895010094077225 4.661373112423972 0.5551871397722495 62.15791032465332 3.878451970774052 0.0
906986 149.748001298717 3.11889514060785 2.0932168488168337 0.5689444854157752 3.985716817227087 0.5284254255517115 60.04534207373823 2.2291253265680626 0.0
907071 149.836468711314 3.1198859954208 4.052276972146747 0.6047973434061624 5.068451328927622 0.5362339776831324 58.45099411028706 3.4007884544817784 0.0
907126 149.661067640925 3.12027937478672 3.3621601987466616 0.574082554988542 4.572659733986947 0.5227417752924303 62.143247030046055 2.6184390500805614 0.0
907168 149.737663678662 3.12058067247406 3.30336911811745 0.589603673952501 4.357805769197733 0.5273376346316124 60.36017040336808 2.1749021680914455 0.0
907308 149.889556505801 3.12171299775065 6.461985508869315 0.545900286598184 7.81754731071099 0.5165383720883712 57.77958259054064 3.0930753194155614 0.0
907426 149.935262515859 3.122996933099 1.9987013608455937 0.5471079772862855 3.140764191739178 0.5149021662293638 57.31992821085177 3.31117592582889 0.0
907474 150.933789599684 3.12299797311603 4.589240040915077 0.6091995642117475 5.978044348024815 0.5559826324314509 75.4016980623966 0.025580354431136924 0.0
907696 150.512405509505 3.12368675913609 8.929881576215307 0.6143889934877136 12.881295033863271 0.5642566265052943 61.67430043907587 2.4970612593982637 0.0
908215 149.716232700756 3.12975829251745 2.1067443829738854 0.5535259113958384 4.045837989497668 0.5119840765034808 61.34420768665205 2.8948254618466613 0.0
908354 149.707443902787 3.13106817520377 1.6697326021552947 0.5491987339854594 3.126023222574549 0.5229074380132227 61.61627762083898 3.2480647672043093 0.0
908421 149.901553122726 3.1304172080161 9.893117847885375 0.5924197258713932 13.668986119729503 0.5236601694493748 58.137995848422634 4.258781305792951 0.0
908560 150.257756553414 3.13279319720602 2.1078349808637604 0.5717443648019283 3.9765255363329994 0.5271520140981953 57.82911965226493 3.196628362864058 0.0
908585 149.901477433027 3.13304501460123 1.8999900711082343 0.5909651063354671 3.6300801846636106 0.5181080347372857 58.29326149079906 4.533988093258743 0.0
908631 150.343172460915 3.13333983959759 2.0151207691759456 0.5413062885215533 3.9031543078808895 0.5107103431497609 58.91491456523509 2.1283645418860133 0.0
908885 149.913650982857 3.13506786215583 4.077250685248257 0.6055625421965188 7.209454005452122 0.5368352872635002 58.267837546472606 4.8431156374475135 0.0
909327 150.508222349804 3.1389299375977 3.5757816720362428 0.5470319057671821 5.995675465977653 0.5233847258831387 62.41453068730649 2.094529633065291 0.0
909477 149.697798435556 3.14016468385079 3.348418407814078 0.5642423237841466 5.544214421958957 0.522162535190023 62.342270866070926 3.6318680978440243 0.0
910056 149.613279552659 3.14508310154047 2.600017173201252 0.5452096126752923 3.919159057244942 0.4998100683226228 64.733735122018 2.570853509828481 0.0
910136 149.688960242616 3.14506819357387 4.364279568572837 0.5781322565906932 7.577863380575196 0.5241087438211274 62.8195183055473 3.740947092466272 0.0
910146 150.671833698067 3.1456638305657 2.45770450088316 0.6047651748870153 3.870334908240468 0.5405473631556313 67.21700116287303 4.159794810664435 0.0
910395 150.659673380796 3.14608467889866 76.5674180647097 0.6122749442102235 93.29861893229071 0.5806463685128802 66.87017024923227 4.787522907396942 0.0
910425 150.654435476839 3.14739106929712 4.270284709114927 0.625950863720046 5.657218904801697 0.5507972193073372 66.78121759661842 4.879632335400609 0.0
910542 150.861470035413 3.14893428643952 2.164764963275705 0.6087937755845587 4.176157870573533 0.5699224692453111 73.81800183235273 0.7651887971467367 0.0
910688 150.163348640475 3.15044047625706 4.193889163869739 0.5676486914460154 6.089360399919513 0.5270352930843616 58.233665551974724 1.413109608023985 0.0
910882 150.675104264115 3.15106375239989 4.544773133066844 0.5859563324165681 8.437471736053814 0.5468112707219634 67.59562233223556 3.8920761477058186 0.0
910962 150.571217771965 3.15287163548152 3.0170575572066243 0.6303960076110418 4.419505668826963 0.5831773925579188 64.74051575961437 2.2618415528052447 0.0
911129 149.64242133616 3.15428296136683 5.373829064651051 0.56962401897335 5.7753168789464056 0.5372359242569293 64.46473444520099 3.002471610535916 0.0
911474 149.648615055627 3.1568953578406 4.7892527324362115 0.6035580249345032 5.988096003783146 0.5424421450102052 64.44990891624292 3.0646229935853873 0.0
911764 150.36283500043 3.15974534759517 2.6423148599573105 0.5824149689279701 5.441018882121015 0.5435584949163696 60.74611558246848 1.4554633743200422 0.0
911791 149.851258608636 3.16003965235176 2.1769642084325267 0.6280757511518218 3.4714417125943804 0.5421114891210436 60.549681366731235 3.1937968658942544 0.0
911792 149.706699488495 3.16001687041789 4.046348909500859 0.5944587108282325 5.100531903220687 0.5360293779137097 63.2415732118586 3.4452157987628764 0.0
911985 150.628211554876 3.16166025217618 2.985047157157949 0.6320118830381731 3.790426787973345 0.5903914207652644 66.76566991825776 4.707181677768814 0.0
912164 149.90467869508 3.16265896806749 10.805863557576851 0.5852945005607785 14.572039800570138 0.5354721042811976 59.99602558042705 7.9724437243796 1.0
912178 150.414056239029 3.16317554653029 3.6152170221816866 0.5700059945638654 4.761815246680205 0.549631142257717 61.80957984411276 1.6828120264694284 0.0
912339 149.899503684048 3.16461915872376 2.5063578625155993 0.5790450193044506 4.342629719717888 0.5299163642868279 60.17254980740646 7.875710604851205 1.0
912345 150.521311559728 3.16483018905524 3.2710335988631156 0.6108389780153091 5.695467344516342 0.5600685889720861 64.1516812891254 1.4795150248321478 0.0
912425 150.794915551848 3.16546702366932 3.7907347434601477 0.5754883549718303 4.339267922751331 0.5306273774565904 72.22867535299264 0.7604585937433301 0.0
912533 150.184410871552 3.16688251851547 1.5330289250012608 0.5682999401712416 3.1033320909409214 0.527118227452823 59.312435939432 2.2949161010470105 0.0
912603 149.902749334592 3.16573618177674 18.42809521577789 0.5926438497163904 22.138197215860544 0.5437824988300667 60.199718818029055 8.02879853886373 1.0
912630 149.702742761846 3.16769309757481 2.464158162181524 0.5915376595517481 4.765005020177945 0.5627240467598371 63.757336961593914 3.4034891071331996 0.0
912645 150.626013690438 3.16673563328155 5.521026533931097 0.6053299104044593 7.955323173063251 0.5624234305976777 66.97179648467372 4.8294816083683045 0.0
912668 150.594575063038 3.16764010705058 2.510605528842527 0.5948654762198143 5.131119118089106 0.5591715174846296 66.15422893883161 3.0178012854754512 0.0
912670 150.197328148788 3.16798839111873 3.4194719548001036 0.6474515205124098 5.533389819431687 0.5290469247128504 59.44951166686284 2.266125881971489 0.0
912836 150.651788651019 3.16949369103524 2.738670664268671 0.5566098394591165 5.143008824010123 0.5202139702494278 67.85713830931871 4.398678270511759 0.0
912849 149.822089019433 3.16946548724131 3.6314527671318584 0.6129184946498386 6.684390351114952 0.5683152859086623 61.547896058391906 2.8612757035959464 0.0
912954 150.630798793287 3.17052084289398 3.2335832141332923 0.5825935761039154 4.266960638852235 0.5584970464259824 67.30730838043982 4.917342053586835 0.0
913022 150.296186263006 3.17127465840953 4.65654091395529 0.566545935762423 5.257969945050566 0.5105289588230234 60.51315834896356 5.482799393101504 0.0
913098 150.337774364912 3.17210470092123 2.7101488898667796 0.5447162182389456 4.513848438024947 0.5078409247346657 61.09488730309404 2.67383653773102 0.0
913154 149.93727761481 3.17243154621112 3.4689498187380945 0.5950309093797946 4.9599100567881536 0.5220986959416405 60.22412667092558 4.4710711105257515 0.0
913300 150.419859250137 3.17372381782266 2.2479129447122523 0.581307630114187 4.2768871398113975 0.5489059010989544 62.51845624918999 1.491110763508175 0.0
913363 150.366650699286 3.17434367593506 3.988982044132557 0.6065864057154554 5.535193490652627 0.5290915272050645 61.651330166690855 1.3868363896953773 0.0
913447 149.934747253027 3.1748099262841 4.546648781173314 0.5807090168777805 5.605136481936151 0.5210368888059778 60.3896353801228 4.7495967944529776 1.0
913456 150.298921900426 3.17486135298195 2.2828456835694992 0.5549372175700917 4.419391716154881 0.5086806078538203 60.756229509775565 5.518726217568789 0.0
913461 149.901402576539 3.17479680924592 5.248166925009514 0.6120359731431837 6.9579649647688235 0.5087272447553213 60.74861891802908 7.6675174393402825 1.0
913471 150.619840251122 3.17498366355086 3.898649378911226 0.6605968709984007 5.617935234032201 0.5820609138916728 67.23652167078012 4.919464876931031 0.0
913622 150.186811044541 3.17614157797798 4.598602186437248 0.5766860577992975 6.2309604366908165 0.5246888337400724 59.87829987761571 2.5556226597700626 0.0
913847 150.295230989268 3.17686047700938 7.322799831270785 0.5615618772644055 10.746206307879731 0.5155560099229627 60.830910428705735 5.463747894581894 0.0
913865 150.022351565339 3.17797563129187 4.361885532378451 0.5469856650874501 8.533693372360304 0.5089304410398562 59.94279485127692 5.829829742186887 1.0
913958 150.026077116782 3.17942192416028 3.6770033198255683 0.5489995017142086 6.026575696604073 0.5291868482933613 60.012413415265435 5.905477926261588 1.0
914037 150.85709719196 3.17986418088032 2.1503954669460574 0.6221129857523321 3.983634251669728 0.5839458198479994 75.12640633290556 0.7495736031512055 0.0
914125 149.829727506757 3.17952440058263 15.604633848953542 0.6066956616546223 30.889446969599515 0.55466830102405 62.00794179389956 2.9758509655916177 0.0
914137 150.700271593658 3.17953552472246 5.284468512292645 0.6330270655707291 10.478438773899217 0.5883999272135142 69.83537583195822 2.1085387012326704 0.0
914274 150.425109930495 3.18207245128141 3.1945552608855547 0.6025576156276077 5.29592867458195 0.5366909729642119 63.091886464008596 1.2946974656298573 0.0
914485 150.310328585194 3.18412561532845 3.986670993810666 0.5636296741670922 5.283698655765662 0.5047145398250225 61.437982694284315 4.683935943826985 0.0
914540 149.603488828287 3.18436479449599 3.0987151407003983 0.5776114944204581 5.149912939577429 0.5243631608660628 67.10412828980769 2.8689799429174268 0.0
914570 149.907777636547 3.1849869945036 2.7508983654034935 0.5797891871847616 4.48875927863441 0.5061824047535433 61.27530235787015 6.566253421546034 1.0
914607 150.37932938633 3.18509358240951 3.4555838784832615 0.592405883826229 5.283583930533091 0.5272682200717033 62.47380435066222 1.3084981769752846 0.0
914726 150.186717072161 3.18596955615891 2.6716627590417796 0.5240993653842382 5.476721219985083 0.4999916200374661 60.46528372041601 2.636355755615005 0.0
914825 149.926109124631 3.1869229214552 4.453606128269739 0.5742516079512996 5.244224548835702 0.5052462417053587 61.19272513360069 5.202722756581328 1.0
914893 150.746066242456 3.18740100976826 4.319454913714304 0.6063769150356587 5.660341851817166 0.5300764388200856 71.68475945686615 0.8981577939773708 0.0
914965 149.754724296927 3.18822292882167 4.565594797077911 0.6673001250391795 7.3185350398530264 0.6309243991010295 63.824518587251184 5.257075346484898 1.0
915059 149.818123982679 3.18953549621393 2.400969796010741 0.6328908145046711 4.44556593675179 0.5541523980057076 62.77150867082873 3.5599599236021797 0.0
915114 149.740771882638 3.19005249768105 3.9734762400841204 0.6172571473080232 5.675793705391476 0.5714580362246579 64.20392370844664 4.643962235697711 0.0
915177 150.211843605979 3.19064448038348 3.1902053590539565 0.5638459462792155 3.8410368393075194 0.5227279464596827 60.89207692474048 2.229127224335252 0.0
915514 149.781709849661 3.19376683783617 3.28914248109817 0.6039956894301721 3.853463474768181 0.562331766295694 63.63586935314096 6.150226150366839 1.0
915665 150.652631376684 3.19500766070078 3.3393649002071415 0.5597491110419415 4.21421368520633 0.512180912039992 69.22186762000129 3.4078169715323106 0.0
915848 150.623328681626 3.19643114053898 3.256790931213694 0.5551271326982874 5.888478320328433 0.5141869039769135 68.47485640523114 4.6975801219020035 0.0
916236 150.700468705643 3.1999992258377 1.9435167084616845 0.568558292841566 3.377726648793461 0.5174673245719945 70.89638976992757 1.8710771715084842 0.0
916316 150.787720892773 3.20052401735474 2.3636455446567064 0.5716689212460421 3.7874900280356525 0.5180810723762302 73.71480792159211 0.7861495752003885 0.0
916448 150.010501262055 3.20227620643802 3.4889878488934616 0.5855287729208414 4.42302648449411 0.5252704043999539 61.45444298795709 8.040694349289183 1.0
916503 149.784335205458 3.20197903712328 6.045142385308721 0.6236932854539798 11.55480609957209 0.5742623149145479 64.05944586169431 7.32392189968957 1.0
916643 150.272387915832 3.20330679401352 3.441726641261651 0.5615832776937539 4.196434750679988 0.5039279702394656 62.14657000946215 2.9037958564394124 0.0
916784 150.276122195631 3.20514862866556 2.7945360583271937 0.5561774897176699 4.427990056873894 0.4997315246729388 62.29307663170504 2.874058482660118 0.0
916797 149.604845256548 3.20509808622778 2.968568699454244 0.5924559924667013 5.822813640271219 0.5451226723858144 68.1858119670561 2.5639738268867367 0.0
917047 150.838039747894 3.20703210619083 2.605632786633495 0.5739921651949422 4.775811853813976 0.5521259332158358 75.75909437185703 0.8413234063953897 0.0
917053 149.891285566413 3.20739309526598 2.7025071077928517 0.5773602961732729 5.526319345839148 0.5157188914259959 62.78561233770523 3.7424128584349985 0.0
917155 149.765136684915 3.20826685069555 3.4359424293787573 0.606471799024919 5.096850652492055 0.5607395448805097 64.76721903088071 8.263894322174757 1.0
917253 150.016488699576 3.20875429367833 6.434969274595776 0.5842807588696199 7.73452796059581 0.5230546107863192 61.81156184437747 7.767267759169216 1.0
917271 150.600295244265 3.20905916034088 2.2992242234499987 0.5725517343939485 3.3377261706505372 0.5410285267039989 68.53407052207011 3.816786587229554 0.0
917274 149.772598434146 3.20921017515135 2.116001717789756 0.6158086374030485 3.3530902098492987 0.5502030945395143 64.68397110903265 8.74106293416047 1.0
917386 149.565261499513 3.2100050644222 2.1992194871904496 0.5823442185456187 4.007633328210717 0.5501983046644844 69.51236457199559 2.462435306431232 0.0
917478 150.473203480788 3.21075036733797 1.851026989975876 0.5626053111396104 3.601065774190094 0.5142512067615892 65.65575149752135 1.1050762829829774 0.0
917533 149.707095815434 3.21137837490684 3.674232145352619 0.6337145618779958 6.655199539329851 0.5932446282861051 66.10252121701552 2.9018652957577524 0.0
917575 149.95965740308 3.21048666428851 8.59728540138643 0.574959856116168 13.833471973377586 0.508743571533649 62.2830932090519 3.9101443572826273 0.0
917582 149.76521444899 3.21109340281419 11.46315930895949 0.6305925962185814 14.189648110682334 0.5648248447447295 64.92703786444979 8.50851245099798 1.0
917597 149.820172942242 3.21194305071965 2.1657146976364743 0.589503455711418 4.423494269870015 0.5402702585843446 64.03506372274427 5.632419680867651 1.0
917684 150.571471563751 3.21209393731809 3.0732236060553317 0.59241663407363 6.278147787539908 0.5516517999679154 67.96162756441204 2.1191515255010267 0.0
917804 150.703667630816 3.21349013141716 5.111961665254761 0.6022468501437355 5.441919945170996 0.5505920658695641 71.69143735124439 1.736096085851547 0.0
918000 150.009099769231 3.21552098699948 1.8828907322917814 0.5433583676278887 3.7948493104908807 0.4990785822999099 62.25342722083168 7.7146528057613075 1.0
918178 150.084569019347 3.21702883133999 1.5697575450945196 0.5274870311735556 3.0391464779393145 0.5104380799575367 62.111948661290285 2.5142896479750805 0.0
918257 149.908033098019 3.21766584189495 2.8765289330730606 0.5723427522828437 4.313957424780782 0.5274055942026014 63.19932281999654 3.2987258062274547 0.0
918258 150.046208783928 3.21770492454909 1.9403307333863467 0.5274789715722148 3.8180180132666037 0.5047194713361419 62.229192224780604 4.667827216957423 1.0
918260 149.806330149937 3.21768181934176 3.597695994098487 0.6067116340927029 4.647484148718292 0.5580612579303176 64.58854903778966 7.192318990177632 1.0
918333 149.776372256503 3.21787699750177 4.109912096268739 0.6043822423522988 5.89842207513851 0.5473484449057613 65.11191350258605 9.48288226243087 1.0
918338 150.002980682743 3.2175936213648 3.937702440374847 0.5477305768156009 6.182210195973094 0.5141709377268138 62.41040753600076 7.584682249807526 1.0
918354 150.681928667431 3.2181544055862 1.8489576867069064 0.5774318907645071 3.1047631304861474 0.543853432758937 71.2867497338985 2.0088892359968895 0.0
918524 149.608410639846 3.21964368990045 3.81469304168334 0.5761126543494106 5.70797097850571 0.5353719804418627 68.8808524693995 2.297570310019934 0.0
918525 150.053506843544 3.21739612762427 220.67196331747834 0.7363713487550397 341.2719518608745 0.6787484041728468 62.189557081363496 4.088962255743322 0.0
918529 149.727011591352 3.21977392300757 3.0418009957784715 0.592344679259639 3.8387450386178052 0.5426996909251197 66.16064950696368 3.826738771936191 0.0
918530 149.770978324368 3.21995525291938 2.3453708065607364 0.5866595546059099 4.1389747917727995 0.5450931863271625 65.32780430359409 9.303744903323985 1.0
918622 150.293893253472 3.22014447712544 5.3719054920422655 0.6054834389652258 7.171970786901531 0.5256029530623126 63.36662978770226 1.9283078861328395 0.0
918638 149.762496724089 3.22011007126554 8.055320569998157 0.5929791101728951 13.581026245289118 0.5588668325038963 65.4918687350873 8.44572631241947 1.0
918847 149.980377413408 3.22238765742304 5.23225011878109 0.5410722359874167 6.341325852904174 0.497143537167867 62.8369158763379 5.664939693358538 1.0
919100 149.780432935389 3.22494570458024 2.6913268699206183 0.5952949066472181 5.364633766442423 0.5474870937614659 65.44525167326654 9.58766755338714 1.0
919129 150.479166220678 3.22535412496633 2.2358316437900374 0.5756540879880636 3.5884056967017655 0.5407909257257006 66.60126778086732 1.1776546656518059 0.0
919145 150.616915842736 3.22515751105588 2.6750955028132153 0.593770605284955 5.23295198998507 0.5613156303609215 69.83993780245869 4.411048527311845 0.0
919160 150.614328343827 3.22416486496396 12.468451584712735 0.6223260557408922 19.49057962946891 0.5737123806066784 69.71786709688637 4.413913619405389 0.0
919449 150.654909820935 3.22685023811791 15.423095396398576 0.5660035039157292 23.232393950011687 0.5411356808437809 70.96909297174284 2.7146688249802216 0.0
919464 150.088512197095 3.22842402727125 2.9164734520845865 0.5146509930632717 3.617790034889285 0.5020491546349917 62.79254956800423 2.5843950313639534 0.0
919569 150.647735021033 3.22918039799568 2.225746381650449 0.552317017440503 3.415379573131404 0.5099577791017148 70.89247998118775 3.039588499293883 0.0
919615 150.023399810359 3.22852907582048 31.04636044285757 0.6176799796244622 57.90804399063276 0.5453526378912825 62.96266736741944 5.671219273320798 1.0
919760 149.705032793604 3.22974388944675 5.15312769253097 0.5847697307044676 7.244351721567215 0.5265569236297616 67.1767121844033 2.58931697134108 0.0
919778 150.082190042866 3.23077104243271 6.130678544355947 0.5230466670317988 6.651014450402507 0.4967068988556647 62.93864758739196 2.712196945835688 0.0
919807 150.647726198259 3.23130669924585 3.6290454042690437 0.5619499044397764 4.561027161948583 0.5095564339278378 71.00532224482092 3.0293510363939506 0.0
919828 150.577773386701 3.23148687789608 2.3487702014710767 0.5599398389259416 4.52514945285358 0.5312422068455103 69.17693654627206 2.6545765156083725 0.0
919937 149.730816312078 3.23246870392692 4.079865235958132 0.5812659223076483 5.550925139883925 0.5075346946329551 66.80212352546954 3.731826294121529 0.0
919956 149.821112957008 3.23141999693074 8.620495178628136 0.5592487228903805 10.5527333408954 0.5211830830024552 65.14909543990478 8.22546238680864 1.0
919961 149.833301251595 3.23276330286408 2.134473767834539 0.5874848052074696 3.5209987639824636 0.5077534065073047 65.04364743207046 8.26043547802458 1.0
920020 150.606688173134 3.23319587054048 2.067744756944066 0.6037222857998662 4.0447086348232775 0.5685108467203673 70.00440278619268 4.255523209272914 0.0
920094 150.228548173145 3.23402583983275 2.6307288990684303 0.5525504248045086 3.221936864766213 0.49093369595973557 63.593279176267686 1.484921129816348 0.0
920096 149.40886596672 3.23387008299007 2.2615298383658295 0.5555948803456783 4.453156214793139 0.5113796251771257 75.4935953095227 1.8620405649617062 0.0
920171 150.586562348173 3.23463210334309 2.8919605713145833 0.5906043517271687 4.625927135882069 0.554824229482685 69.5678969598436 3.2041294791715855 0.0
920330 150.372148515987 3.23619459504871 1.9863436635325404 0.5437974020154221 3.7405595535490517 0.49907562081803664 65.32401014252348 0.9965318548472326 0.0
920361 150.63642815051 3.23621453948494 1.7978467586558948 0.5480019608240135 3.612447392829714 0.5096312435351598 70.95718826193551 3.5881491871453393 0.0
920502 149.995024132752 3.23717465169008 3.3712804040757884 0.5409974731666936 6.083528212030272 0.4963070215467161 63.625630213008385 5.001258489538705 1.0
920513 150.767320237967 3.23766041067368 1.957206158421159 0.5369024754906062 3.8710567372570726 0.5224656621737706 74.9122163186589 1.1000301197403342 0.0
920623 149.836885061814 3.23875533661211 4.131802005419542 0.5795218632512781 5.623129158197698 0.5165116028674379 65.34002645087497 9.010281517640433 1.0
920763 149.855983964233 3.23969935956068 3.3497597788385836 0.6110427885538254 4.835835425942819 0.544894380761405 65.12845639634709 7.895552166889187 1.0
920894 150.268100163495 3.24115392605036 2.0865470765977654 0.5614308484679746 3.7199836925334706 0.491369098175156 64.34614229077204 1.46172230422618 0.0
921273 150.465739557745 3.24448031588271 2.673350159909172 0.6087085950353901 4.693319389952086 0.545834947404375 67.41512831168666 1.2756028637028316 0.0
921430 149.8956640211 3.24595331665461 1.8755127796247426 0.5830403466617944 3.6128456477616364 0.5033279611359205 65.00449003486644 4.607508784653886 0.0
921453 150.070062558411 3.24618274956256 2.5606105365539715 0.5738284239936715 4.8677675398619735 0.5298191890533582 63.87950051615261 2.7847965443760683 0.0
921643 150.888372566581 3.24738250044442 2.6586809101099096 0.5777001453419605 4.672962678595132 0.5281603342960239 79.49212814554313 1.0010421451528064 0.0
921793 149.813334591615 3.24900442937905 1.9742751098583893 0.5874890325664139 3.6937906729646697 0.5230547137943844 66.28865698149971 9.826606656831743 1.0
921795 150.36476615426 3.24900514843804 1.8746547224419652 0.5457218373688658 3.844200216988563 0.5217372663930125 65.96072334213696 0.965245340829758 0.0
921828 150.771832453804 3.24894047367316 3.4089879226882656 0.5611038882415721 4.324733484757346 0.5127455636251713 75.62888028221809 1.1665029712035704 0.0
921895 149.830146168792 3.24901956092224 5.845986720889712 0.6016542430949188 9.187996868210146 0.5334279092281102 66.0355767236135 10.313218848830868 1.0
922062 150.772771869013 3.25111288595178 3.103095095135006 0.5649140227894058 3.717485103152949 0.5253014355795831 75.76917351439599 1.1757564235097724 0.0
922113 150.634879380241 3.25169629618356 2.144987801045354 0.5629784943435195 4.08222919379749 0.5121448978452108 71.74489411364125 3.387004377445007 0.0
922153 149.804523854772 3.25228259824082 2.371975214589768 0.5978010198301613 4.464603372314216 0.5480272423031451 66.61705644526951 9.261711327067639 1.0
922190 149.885098559648 3.25257610934851 2.3256392253992186 0.5733501007387496 4.246546371738873 0.526120710225828 65.51630889263403 6.27143949977033 1.0
922206 149.800608394815 3.25235169724391 6.126567106195193 0.6266789376857089 6.877418967058201 0.549914221296783 66.68381120606676 8.94710268638666 1.0
922307 150.116744395319 3.25321213891147 4.2007931506769625 0.5490949485254054 6.38201056211992 0.5235390834687799 64.28389498313393 2.38916793969718 0.0
922325 150.87528557408 3.25330725114347 2.186911311004721 0.5734847865433523 4.430820074704067 0.5343932621867593 79.31621324642013 0.9785772087779168 0.0
922359 150.660159697643 3.25380236681859 2.555073724291575 0.5589067111702424 4.95012467687826 0.5018218930912338 72.5465151366027 2.60083703688945 0.0
922594 149.871685360394 3.25583285861234 2.728899963008062 0.627927538583311 4.270841853987358 0.5320288408111078 65.87019251602867 7.895167735362634 1.0
922710 149.769642020035 3.25715057029616 3.7989844405066218 0.606272228465456 4.666450766235921 0.5144036973260495 67.48214958218935 5.520637103638583 1.0
922920 149.871677329717 3.25867416230102 6.344621866345119 0.6100647591586443 6.741969670617645 0.5309711153700271 66.0370575999986 7.860789156719459 1.0
922937 149.769012761562 3.25862471837068 5.923451361091173 0.5965064635299188 8.57058339321566 0.5159446078487764 67.57776753490703 5.307549388980413 1.0
922957 149.648837897244 3.25921947613425 2.219733028326609 0.5926299134402594 3.893117717052088 0.5314369693447103 70.06407684289832 2.3185252699726 0.0
923006 149.800141423475 3.25942619542931 3.3541087020935625 0.6069990193865246 6.894723806964647 0.5320364634079295 67.10019831999244 8.51120065070558 1.0
923013 150.564500149983 3.25936256120116 3.8572011224124876 0.5707890942400149 6.466378159047952 0.5223165064954198 70.38431380750866 3.080459297996191 0.0
923066 150.55608145531 3.26013895966301 2.185307089149946 0.5894239009195238 3.442651215902505 0.5396019551335989 70.2291924554586 3.061763557000729 0.0
923259 149.840771481277 3.26192900913929 1.7667157899635166 0.5549825275488199 3.5251986603191727 0.5301590384123352 66.63546456370612 9.95416692918571 1.0
923260 150.557075284679 3.26181396012764 3.8982000062269693 0.5908829981308192 5.042829746600292 0.538214217603764 70.34494373905173 3.1882946995542025 0.0
923298 150.868021261165 3.26158808506026 2.869673617576624 0.6242963433449319 5.942271320876031 0.5785056162747141 79.46635713103191 0.9860767997338858 0.0
923606 149.831372004695 3.26351078202113 5.355988042013437 0.5481687247879955 10.392728338081751 0.5094880623245882 66.86115710138829 10.171587984931476 1.0
923625 149.827822060228 3.26361605629208 14.540722129759658 0.5862851971862364 19.469589160991063 0.5235900209570011 66.9188294423751 10.176660909618384 1.0
923691 149.941619978898 3.26513005118164 9.908147574408662 0.5395271771362782 11.071451569658674 0.504107127016794 65.68062461943681 1.227973694806299 0.0
923730 149.863400629961 3.26542790902169 7.186448312939515 0.6091666570558367 10.02918377635599 0.5396409436862617 66.53747328812256 8.116114302144783 1.0
923938 149.905409919529 3.26708062179236 5.913729717421596 0.6115292555606315 6.900424659570809 0.5251317297922331 66.14436385708306 3.0547856875507122 0.0
924086 150.911302796131 3.26884633862262 2.491767800166429 0.618564230912976 4.910429231368289 0.5903872489386254 81.34504138897672 1.265872934162672 0.0
924179 149.7446281282 3.2698350053467 5.830837324746725 0.5957016683058557 6.56370030777059 0.5332095321299724 68.66017868644799 2.8783475065629354 0.0
924237 150.59018356723 3.27027716923623 3.536683750560245 0.5719164324682658 4.05932638058996 0.5369706141091033 71.60384134720388 3.6524458105245867 0.0
924303 149.454128406514 3.27086510581434 1.6604846024453295 0.559144906934538 3.406243144032014 0.5204538502811678 75.94070502588713 1.992195592597169 0.0
924331 150.772981265312 3.27031807291658 6.789114916920103 0.6281749184159303 8.616790751084842 0.5836772520701127 76.75364332767516 1.2287759849020228 0.0
924379 150.375442549032 3.27068852721719 3.8346543308301646 0.5886778387918488 5.977624590159291 0.5297970036913245 67.37811216174481 1.0826566085532434 0.0
924387 149.691051160896 3.27064018156371 13.577027600959717 0.5964381704657095 22.28782158090776 0.5487623593601549 69.76826575965077 1.7955634511916783 0.0
924567 149.781671468619 3.27324914159289 2.899969911917016 0.6005385553769151 4.0946002049029655 0.539750879043803 68.20093246703661 5.166987175063292 1.0
924901 150.116446985268 3.27607563853004 2.6749256682657836 0.5860934665286118 4.017828036419537 0.4982377789680467 65.65527112289718 2.1862923413430573 0.0
924964 150.060282033587 3.27619978067613 2.4975648365534346 0.5860731953911476 4.594439373003995 0.5295067398397136 65.69845568842537 2.0863812143807006 0.0
925003 149.881775792059 3.27672441529484 3.68244819738981 0.6332490350904633 4.941151386802066 0.5264180816339349 66.97611508648602 4.872597083864724 1.0
925142 149.843917014961 3.27822295286452 2.6102653940999234 0.5795695500850934 4.088051982200786 0.5234566770166524 67.54343335959516 7.28595318572383 1.0
925242 150.176939009001 3.27850717101686 4.349327046594386 0.5459798035931157 7.791893924643541 0.5110340846225486 65.95514325628876 1.943488737017219 0.0
925315 149.713793144542 3.27933651233218 3.0054829272049126 0.5871561757818959 3.746134221275394 0.5259392228910253 69.79323114220337 2.0078854921249603 0.0
925380 150.900850339501 3.27938354309933 7.115553784654081 0.6821530037564126 10.847495425951736 0.6204766258281281 81.48208634494138 1.4202158653323995 0.0
925395 150.652406340731 3.27990516730514 5.195780499591668 0.6109280644801397 7.598915267611894 0.5497843925066578 73.72846289796094 2.6729238831053754 0.0
925510 150.001594731315 3.2810976971286 4.244482090113079 0.6013843957067565 5.337910770378377 0.5008698410489985 66.21236323228604 1.9475362432804448 0.0
925516 150.583392663788 3.28099432222965 3.7282372137543645 0.6118684803061127 6.371210424008124 0.5430289047013691 72.02602624736207 3.9641558709563913 0.0
925808 150.774649766378 3.28245245669327 5.177203381320422 0.6703298772858788 8.050959723559636 0.6127714165380783 77.4260867245529 1.2497154559817314 0.0
925855 149.718192872959 3.28465655971639 1.8430062669822438 0.5738031307611108 3.5937031439727485 0.5225743356825138 70.0078052750832 2.100442712419332 0.0
925861 150.623767427725 3.28410101344861 4.181259087480387 0.583768456183917 5.9734518621997665 0.5380372111197957 73.2012098260342 2.8241008254495714 0.0
925879 150.86788526989 3.28459107338262 3.151400418267288 0.6742517292609135 4.252729430850064 0.6116597406228705 80.59048073177635 1.1198196786937484 0.0
925950 150.253016128876 3.28547579371239 2.2743802232545405 0.572585638688731 3.823827410621428 0.5211382744941109 66.84391515401192 1.3329053754088274 0.0
925951 150.214373284505 3.28536973717824 5.675148565879383 0.610110788093245 6.60007181177795 0.5152706518304551 66.55940556148562 1.5860849236617232 0.0
926061 150.495262994803 3.28589045337963 3.579338798046358 0.5880986685099577 5.672084513725169 0.5329572911304135 70.34521717033702 1.7983525990658733 0.0
926108 149.620746101833 3.2844371734286 114.08357988214063 0.6985020078833103 150.76091741016023 0.6446560179871782 72.11603456107345 3.7027615452880704 0.0
926223 150.013869924258 3.28778258420871 2.1114964025398493 0.549113911469793 4.343029906051032 0.5297128461020894 66.55077264171521 1.8828436483372033 0.0
926370 150.916631173538 3.28862411155689 2.668115933838181 0.641747045711282 4.410167472679943 0.6188823957556732 82.488256005025 1.6458485226990616 0.0
926422 149.477704012467 3.28939486326217 2.717369368954206 0.6049078456871273 3.314741208511043 0.5758774556242302 76.19774285583578 3.148495982456126 0.0
926584 150.468897476537 3.2908609221211 2.034814623633599 0.5895224530916539 3.437496821082012 0.5595089590300835 70.11191055155086 1.8075426163586554 0.0
926683 150.192158907118 3.29193996984391 3.79313247506887 0.6222301397778227 4.691132786248916 0.5455634567726393 66.82835710472169 1.8439768966352448 0.0
926693 150.448578463693 3.29071967254801 8.610016451431656 0.575968852372813 9.295677507965207 0.5214019751409188 69.72941544060212 1.9118277038108378 0.0
926698 150.677249294534 3.29169642991586 3.4310131458086626 0.5964039882731257 3.980199447736989 0.5382086937962698 75.03589644348075 2.0268492527241735 0.0
926732 150.436334299297 3.29223966819521 3.3090711295643467 0.5992805636965959 5.090600895658675 0.5286471246599507 69.60038100005288 1.9764197619660928 0.0
926761 149.626494714952 3.2924846522647 3.4176914603938235 0.615685293526942 4.40884433408297 0.5509738266350528 72.42346558171029 3.771678029793466 0.0
927040 150.862318608082 3.29416425040797 5.576914461003874 0.6486949541653726 7.38086084223818 0.6062179919286078 80.87363677235169 1.1257393127866284 0.0
927088 150.692477246152 3.29521379817853 2.0783954046012987 0.6161742046992288 4.081522687230578 0.5694900542637803 75.6472589843153 1.6679451060668629 0.0
927117 150.767875190563 3.29538354816429 1.7531391982154334 0.576860406640671 3.4394731595721764 0.5459355862840357 77.8792478254985 1.230631487210487 0.0
927136 149.677131767363 3.29575143065802 2.2046176248451252 0.6312535527532297 4.163838363500638 0.5924588441370451 71.47230611424376 2.01610294721095 0.0
927180 150.556692210219 3.29569961328571 2.827688689058406 0.6028427073533195 5.206787812674514 0.5517037289087638 72.21307323749915 5.22277348365042 0.0
927392 150.898644253077 3.29783807949856 3.0280471013982315 0.6616396608630961 4.286723766233709 0.6062807495923062 82.30227598116944 1.7708222170914014 0.0
927488 150.904392347101 3.29862651370949 4.203546685018753 0.6416806611494774 5.625983769203427 0.6045509866581177 82.54147358243549 1.8314303036291175 0.0
927530 149.645978960485 3.29935542301898 4.993221963740118 0.638531233621615 5.9230805320566 0.5752240110868837 72.35573493716836 2.846268432519239 0.0
927556 150.367331938013 3.29971032775191 2.3097489437475742 0.5907123830220774 3.823354989882591 0.5419967381364561 68.95305996309428 2.0238318428365165 0.0
927697 150.549420686478 3.30014749137663 2.2456223028632714 0.589714205379276 4.308843460625865 0.5436748554019752 72.29660531094075 5.205920648428863 0.0
927826 149.808752418558 3.30172959820666 5.363483552634838 0.690957407227172 7.315702318061144 0.5466581106050796 69.41735852281577 3.551429658001057 0.0
927920 150.259503368912 3.30303025611766 2.105773145679515 0.5856156593314615 3.5064756568756468 0.5209271465885587 67.940977209342 1.1708550384087506 0.0
928009 149.792628990922 3.30392840940557 2.7484823112351804 0.6020966432964044 5.45393454837102 0.5471736015911615 69.79383937914699 3.105784373932321 0.0
928091 150.055479839959 3.30431718315796 5.585364470109059 0.6162921821425215 6.481814690172571 0.5078510066490433 67.3951987986045 1.517877724843686 0.0
928394 149.72746501289 3.30720963758706 2.3030991293411307 0.572268888046376 4.653707896015221 0.518217261914379 71.11155307869089 2.641230895521321 0.0
928404 149.74841959902 3.30726676135216 4.073872278231193 0.6056984289625412 4.94411673147784 0.5397730772818449 70.73060196621032 2.682426636829518 0.0
928638 150.448359973842 3.30880205642579 2.9039186488388506 0.6183693056349189 4.945829626841359 0.5051730931030873 70.76135582346784 2.6566209527174873 0.0
928716 150.383498030047 3.31008530191187 2.169188902154136 0.5453447654668393 4.451529588684191 0.5128850107933807 69.78817271487183 3.0866480142264523 0.0
928768 150.52837327022 3.31039964526358 5.019546061071835 0.5585044660234834 6.832190185808034 0.5045309665769003 72.41101696271366 4.180560114148357 0.0
928953 150.971134703902 3.31171692705582 4.735204915687427 0.6783174109248848 5.62216165494569 0.6318805972178874 85.56037793270868 0.6796571839226421 0.0
929099 149.627778585798 3.31320499359776 5.634697221435257 0.6063394545032439 7.964458700842071 0.5449870365160158 73.53914410824002 4.6480522238839 0.0
929123 150.727888516221 3.31335440416927 2.3025821576141126 0.6275008686830386 4.1936431033540895 0.586464315537113 77.61629419816437 1.0763796687272258 0.0
929429 150.449274502733 3.31600894770818 3.793459345411637 0.5813737661582712 7.501073056920284 0.546123266978756 71.19071093449928 2.9330627386115227 0.0
929738 149.604699501937 3.31879748677684 5.1126671546170295 0.585418539726949 7.124667809499298 0.5339548469854329 74.38994626055066 7.955158782678732 1.0
929913 150.057234510834 3.32127937117651 2.558918886603892 0.6233253044460191 3.6981162391408735 0.5531481595024609 68.40812285827647 1.2315371193883529 0.0
930358 150.255114691155 3.32540796483402 3.6903066826808173 0.6299724245467088 4.909710750113803 0.5626243864567955 69.23472391827717 1.168798259162033 0.0
930762 149.744727065496 3.32902144547589 3.711021218304119 0.6169302001460488 5.954811522728531 0.5709458414966612 72.04270148452065 3.488632742391384 0.0
930765 150.38516937738 3.32837839648214 4.7608239228131275 0.5989330574837007 6.899123538947766 0.5508224434072931 70.87729061865146 3.8532265939285515 0.0
930949 150.063574140841 3.33092012922735 2.239543281897892 0.5998350909517198 4.371436697700189 0.528219782825629 68.97309529927814 1.103487427757599 0.0
931159 150.119589050708 3.33247857355066 4.170862612223935 0.5386444033263679 6.913024992381345 0.5241658102892256 69.04202925816735 1.9093544763799233 0.0
931208 150.147265190757 3.33330660867301 2.248965815898262 0.5591066250711266 4.377872384091182 0.5218485923594335 69.13977802895512 3.475912234314389 0.0
931337 150.175712546257 3.33455450332933 3.7987624581262023 0.6265838821863701 5.83094612701555 0.5308514843783526 69.3052950878027 3.916817092063442 0.0
931388 150.924130466578 3.33471847951479 1.9821097745343281 0.6270565449369075 3.6352052221855327 0.5906150899027497 84.99022865495536 1.4064507185021764 0.0
931399 149.808560235674 3.3352078714532 5.3659299941823715 0.6289507816829925 7.311455424294704 0.5600237418357173 71.36606041117614 2.2115597526423882 0.0
931605 150.693848243135 3.33711791320737 2.2019131480943663 0.5861736561496806 4.185650707578375 0.5653391382620538 77.91346105089785 1.4577566495047067 0.0
932028 150.266041131562 3.34061010575626 5.546383604423107 0.5676114710485273 6.308867625292218 0.5057526808577146 70.22847741185306 1.1627322891517038 0.0
932233 150.469513408823 3.34264796640535 2.6177593596003477 0.617458871876926 4.224486550784591 0.558620514468084 73.07820234469726 3.4898920679318843 0.0
932236 150.462044550355 3.34161818819789 15.227322259319235 0.6166557403378741 19.067591173500993 0.5545050976208132 72.88482900161542 3.4260295642134175 0.0
932255 149.740281554615 3.34098434715286 4.660310584231853 0.6084875706552428 9.534174913950446 0.5588807385926928 72.80712788623333 4.007233283213783 0.0
932282 150.212941597683 3.34318657929287 2.533315073167802 0.629522848992182 3.5271101037282864 0.5029178216484804 70.00251787457616 2.7458107468268516 0.0
932481 150.187066210717 3.34495400495122 2.2090489030481995 0.5892867853828784 4.065241232451491 0.5256560022158698 69.97538117719445 4.6123021580673145 1.0
932532 149.733399693269 3.34384890244531 8.104550957059605 0.600947230258771 15.141472247573478 0.5351478863961086 73.09420685033278 3.9660808368417575 0.0
932790 149.779496036799 3.3481080756407 2.9800579615219553 0.6042747770330672 4.408969231361976 0.5334522448835042 72.55828045228786 2.895439312874176 0.0
932982 151.032682974307 3.34930241401115 2.351908213416075 0.6456860176305501 4.412771130286926 0.5809364263483607 89.61049043347599 1.184702085267546 0.0
933035 150.923492467597 3.34935115181896 2.8577887530346686 0.6457444633136618 4.402129753355559 0.5816794621503796 85.68403048316979 1.3463176344680237 0.0
933059 151.063409939322 3.3498149848482 4.377371764894508 0.6887212435380896 7.210689458433628 0.5817078279963228 90.79422991188851 1.1246949267883806 0.0
933063 150.46260718566 3.35063411685772 1.6095821369661838 0.5985141193697899 3.0483596480472483 0.5432665571836999 73.41138373869012 3.3413188447319104 0.0
933069 150.47887911087 3.35031828099963 4.804514021089978 0.5982634162499881 8.335507915155016 0.5370239594108477 73.6879022399601 3.4766019933421997 0.0
933098 150.799600180774 3.34976759566856 8.134128049089053 0.62411866627768 16.829937960838695 0.6015443872522466 81.65500995364465 1.0945452590387632 0.0
933388 150.464420087429 3.3533791166616 2.3244864363900035 0.5840212483006084 4.279862785293688 0.5597381390990549 73.60087549685869 3.314641501891232 0.0
933529 150.368294984838 3.35453823532119 4.005433204698995 0.5723017376800762 5.690268913747994 0.5249739600644333 72.16949981401616 3.0439084709537054 0.0
933753 150.664157321962 3.35503040143991 9.955987404094488 0.5920609272617392 18.411330653173206 0.5237245237380831 78.08419594994973 1.6788703699339615 0.0
933779 149.712858576592 3.35581816052382 6.079011952173441 0.6166300152255685 12.273316325076895 0.5612421469824385 74.15531438957676 3.0530793048733655 0.0
933837 150.511107727214 3.35692834554833 3.7077812283746137 0.5473064882569726 6.8292294764951915 0.49907883982007284 74.68002675173184 3.12135673115641 0.0
933843 150.616114665654 3.35749532190515 2.3463312280082667 0.5287319334379212 4.055306490847117 0.4940998934865629 77.01679172571883 1.592623251357613 0.0
933847 150.20840929887 3.35762632571825 3.4795949297118254 0.6145288568210776 5.386568818877782 0.5039178496970638 70.83946198784291 3.7494114758739823 0.0
934168 150.352715895701 3.36040310070497 2.9406546726367933 0.5533508003198353 5.755798910760012 0.5082924734643 72.31129166006386 2.3841836071396614 0.0
934213 150.3654350165 3.36131413025226 1.9673288897444496 0.5591260479843105 3.7180070965231447 0.5252097970296158 72.52809735649078 2.768255785514697 0.0
934225 151.068094607463 3.36099491516658 3.4473321985315333 0.6500567172790509 4.067981890785137 0.5638913599062392 91.49051267612423 1.2494584910644295 0.0
934326 150.587928356733 3.36241101237104 2.832159882886728 0.5538996181311534 3.8975402395696226 0.4997334560741605 76.62660216016502 1.602859152409254 0.0
934439 149.805490680748 3.36322740742775 6.18513034586028 0.6292622485108224 8.156441269883627 0.5348342268376983 73.04144655327663 2.3182785893759372 0.0
934542 150.630984043684 3.36456754635727 2.1058567109723745 0.550716691250213 3.926585037422361 0.5067707739457252 77.76591117035362 1.5877770851006794 0.0
934609 150.162039633173 3.36528480338708 5.3978612067809575 0.5434085860564029 6.387058858633298 0.5113327178794537 71.09770049982451 11.524344576170433 1.0
934637 150.152100159392 3.3656689257641 3.2029817068958333 0.5451614172716952 5.6211372397376795 0.5190912467192317 71.0920658958702 11.063025410434756 1.0
934661 150.331132777668 3.36613155246557 2.292300665110394 0.5740435105206639 4.057276520093288 0.5101735037421748 72.38881084205278 1.967509480380929 0.0
934706 150.48620662733 3.36648662273632 4.190987091897988 0.5757163345089837 4.6172953175418785 0.5202173823915863 74.74615399094034 3.08468626492702 0.0
934890 150.539560532362 3.36824975008975 2.0946141532207196 0.5535313138360335 3.4648544755875212 0.4929376663633781 75.8964164191897 2.5081482604184933 0.0
934904 150.681330450087 3.36819444667686 2.4883489624837902 0.5686237847008154 5.057445818485915 0.5283098247505864 79.24384858681735 1.5300130248556751 0.0
934990 150.968912107101 3.36885521625501 2.9187462735382956 0.619856549325529 3.896963394404731 0.5494990987941908 88.22179501774053 2.3109981597539178 0.0
935074 150.974101556267 3.36966198024081 2.7851710157031913 0.6079892195516254 3.809817283679105 0.5466936741395759 88.444702227214 2.2827016726847535 0.0
935100 150.253631814119 3.37036425604374 1.7455325676437408 0.5826481516762939 3.4141089686476627 0.5062878978882744 71.89713061286653 2.0777514062188094 0.0
935107 150.73066327102 3.37014944765237 2.5159960696523975 0.5507700664915183 3.620203771376132 0.5234201606575535 80.69096601532831 1.210225962515555 0.0
935135 149.554399019468 3.3705460705484 2.6858138782732897 0.6230917757250046 4.608743459212267 0.5584427998036678 78.45433438385795 5.091821548734253 1.0
935162 150.419196845296 3.36922424728106 36.89725459673156 0.5842433673202769 73.62836619756678 0.5418046538469502 73.76041326102224 1.851238680681473 0.0
935226 150.156113308114 3.37106367891752 3.9390987146980825 0.598076104956469 7.757450602855883 0.5267376126520593 71.42635871389982 12.221217392857973 1.0
935279 150.154601166519 3.37198044431951 3.348432957703282 0.5996034136011781 6.082936816976176 0.521312873164556 71.47709777703459 12.164971140108916 1.0
935311 150.971073121791 3.37178894367508 6.149172084458322 0.6008081354910212 6.722966871517129 0.5534187488136264 88.44028509239247 2.2914609573596927 0.0
935573 150.195213560631 3.37375181917475 18.24372751795324 0.648537542861869 22.345567902236095 0.5053290344377305 71.73573551859215 6.354583165347041 1.0
935783 150.169813387591 3.37601665081381 9.206128734119739 0.7936047925532378 11.576050740450718 0.5090566902997171 71.76638873967342 11.795714038764274 1.0
936096 150.676661703676 3.38035727330053 3.54403007975128 0.6014888971572414 4.4271777095200315 0.5531329658128499 79.77827397466542 1.4838652868430964 0.0
936247 149.665186832166 3.38103134621213 11.342707858046051 0.5924590581468606 14.700631206312629 0.5338536415614139 76.51869736609406 2.8326626015764456 0.0
936254 149.693551635469 3.38214349823993 3.041702236796 0.5982742212759439 5.527960908117544 0.5493663471502167 76.0198529457002 2.9169686199658673 0.0
936273 150.154861122891 3.3819439025289 5.203621988551921 0.5945146033907706 9.094276525245887 0.5510517264843297 72.0749919902842 11.900717218303903 1.0
936366 150.491785861528 3.38306056442567 3.777908990375018 0.5930100059901364 4.948803212162347 0.5521358734941236 75.79519367470768 2.552303345480405 0.0
936489 150.158376612289 3.38474623056457 3.4533130013067828 0.7405557413241582 5.012259528062625 0.5263706979239616 72.25285111823425 11.7093526109233 1.0
936518 151.067022722824 3.38460562881569 2.5867550135720663 0.6788918310176633 4.06515946979977 0.607177228783388 92.54963283774664 1.8472111683518602 0.0
936562 151.044371025083 3.38510536592917 2.2097274686774364 0.648688621952795 3.6961740220722943 0.5822568223555978 91.7293183296229 1.8558491883975923 0.0
936668 149.678386783365 3.3854367775313 8.717281041611537 0.6213571800606125 13.82762240287735 0.5664274442224788 76.50236871364918 2.9936927175317196 0.0
936818 151.005782023377 3.38775001804622 2.846240055313361 0.6956907263454284 4.78513253858992 0.6298635447899695 90.44770620007624 1.925062174032596 0.0
936833 150.507898873632 3.38819758754621 1.7867718465302873 0.5945529451259086 3.414233737166587 0.533065642738953 76.39178565486296 2.312029916700633 0.0
936959 150.585562464535 3.3893159183979 2.4524608238221903 0.5853017226227452 3.346711692934469 0.5248171174092201 78.06807373801395 1.621647670273557 0.0
937000 150.258040899328 3.38888745459386 5.769586540281591 0.6323003752734816 9.892362283727431 0.5371627756546581 73.03329650370094 2.6610660637408725 0.0
937128 149.779585632654 3.39092395530132 2.1579227813075765 0.5942173236230025 4.416753550846068 0.5290991626778944 75.03719971529405 2.6319452260630287 0.0
937288 150.159338078601 3.39286065466789 2.6890260560252033 0.5825906000915478 5.167030562325447 0.5145439041787395 72.74194266144974 9.981652252262789 1.0
937411 150.428289242373 3.39373709738305 3.690327413053931 0.6020430168865611 5.161224641492822 0.5326679028473563 75.3222581354223 1.1112420549132809 0.0
937505 150.335487191971 3.39512277467463 3.880659573999495 0.604320042411574 4.2900528581395765 0.5331315035206142 74.14607993189053 2.0706547182851898 0.0
937650 150.256503308011 3.39649001155632 2.2423805102926253 0.6494148407640469 3.757726491408265 0.5131688881449518 73.47379857248606 2.865035490215525 0.0
938045 151.06960765517 3.39996785227357 2.5521408271563253 0.6229314325970038 4.413034702173653 0.5487397233378362 93.3661579617882 2.2771324405032436 0.0
938082 149.714716265712 3.40081786997642 3.472672195436742 0.5631113967313309 4.475866531678903 0.5053817101870514 76.6906636252248 2.535334066202445 0.0
938161 149.656241342257 3.40181125799182 2.980287025706854 0.5706885446099075 4.595172275387605 0.5253703608511829 77.87348474815536 2.969706395645877 0.0
938298 149.757913076913 3.40142295645596 12.884413603035973 0.5839963256434472 25.829573637298044 0.525712347627512 75.9863761471321 2.680838091687752 0.0
938313 150.201772438696 3.40320169306552 3.5385581625699336 0.6951672281029136 4.937133814740688 0.5102851129807751 73.52881680813131 4.406966294632673 1.0
938359 149.750683198438 3.40345104950115 3.6408218656984275 0.584378904984536 5.558283263498421 0.5223607227073895 76.22140573505123 2.648568089207073 0.0
938365 149.668072150255 3.40404728333285 3.1920856425233595 0.5900468853287597 3.735662807651539 0.5225833875162396 77.76071615303584 3.0413522208503885 0.0
938605 150.519049779809 3.40533217939345 13.357613340365813 0.6037402172891255 20.949386286259724 0.5588375524613748 77.58017221408794 1.985555265268717 0.0
938785 151.042612699322 3.40794313162184 2.1099114946972914 0.5746976909959166 3.741366621739575 0.5308364323248314 92.7469734090315 2.256638838264827 0.0
938804 150.333319874004 3.40824560721035 4.02647775241105 0.6141318557644948 5.51851223582064 0.5307784130321302 74.89483424664067 2.293022729655684 0.0
938812 151.03364775909 3.40823521640041 2.9248290285460365 0.6284492952327725 5.0820581792948465 0.5476083342541583 92.43468567448566 2.183252390340847 0.0
938865 150.071280548102 3.4075182846394 5.733020737311325 0.7813604920493047 8.277334110356271 0.5457264927877703 73.55456877779167 0.4666532572018249 0.0
939067 150.654884866787 3.41018722724038 8.475338273366882 0.5534654658912161 13.520278526462207 0.5239469439027784 80.8494828739185 1.3491693417933655 0.0
939093 150.281811087465 3.41086882773808 5.054575885030494 0.6325972285956376 6.7490678276276945 0.5304287006509143 74.53609633860127 3.8901011162804697 0.0
939154 149.649428196164 3.41190345748412 2.6265694333972958 0.630241294677002 4.33999374333046 0.5530317990168553 78.58220172645802 3.0288045242453823 0.0
939311 150.282928662911 3.41341375571123 4.129738187330042 0.6400385004340544 5.332639461403929 0.5325018667223277 74.69695284381798 3.9413278459883885 0.0
939353 149.634950539762 3.41365507028576 5.044183272576486 0.6162845853442178 7.879139051871802 0.5662505536225838 78.98284815462824 2.8903165676972318 0.0
939445 149.684471259026 3.41472183714661 2.8540297827208736 0.5730973413050549 4.96691550653956 0.5272401117459229 78.04581734590346 2.8777924588942096 0.0
939667 150.059456953597 3.41703930413057 3.1086158896432705 0.7002607802042294 5.434337263974454 0.5280553562016184 74.14550989623712 0.41410511387683996 0.0
939730 150.308551436106 3.41748709410896 3.5723780280432145 0.634653752904189 5.105964291057028 0.522002615168863 75.17868025314344 3.483432188143798 0.0
939781 150.220752656626 3.41782225397308 2.711692980763518 0.6461310040799332 5.007234923404233 0.5387730749852779 74.50492127326223 3.6419110634439353 0.0
939805 150.107028195041 3.41794252666534 5.271876806407567 0.782222192497359 6.931905855684729 0.505321167196754 74.16108093840275 1.5938993640912744 0.0
939844 151.039775591237 3.41758589296653 3.1184857361665954 0.6213370734621193 5.33558497702716 0.5538437858424902 93.1034199568441 2.247850986178394 0.0
939939 151.05969278757 3.41844637922495 4.428192467721932 0.6449326352430842 5.977636822367028 0.5396826233246268 93.87101532670044 2.396149934423249 0.0
939967 150.232143854518 3.41957225798706 2.3521365050404848 0.6412081594433499 3.8251540257405994 0.5158767512858526 74.67872537497743 3.453763457734805 0.0
939980 150.990512428538 3.41911839891405 4.648678269713653 0.6827001610001259 5.857312200133819 0.5955434979042908 91.42251207910088 1.789514865139121 0.0
939991 149.806830338122 3.4198332514132 2.978668897763282 0.6308578204913546 4.744457486380283 0.5375811944153354 76.32293768888523 1.4767898471771592 0.0
940087 149.823179922418 3.42067182277927 2.7783963683977824 0.5994240403477578 5.6813995330575295 0.547799671735192 76.1524775194456 1.1645356214586435 0.0
940204 150.580634737319 3.42110328234493 3.6204469991699892 0.5750223081000312 6.027223359813763 0.526668906272598 79.7337349047587 1.9099169042835862 0.0
940368 150.263467421758 3.42323815231614 2.6837360768389447 0.6014111279228918 3.838995734496387 0.5141878439255081 75.11910702091728 3.4705240805469173 0.0
940444 149.70067798065 3.42365215196832 4.554033429364588 0.633091079294991 6.359565233481778 0.5483932557106727 78.25133104473386 2.5058206266552308 0.0
940488 150.463080426006 3.42443629912882 2.334816213924265 0.5960337161747725 3.4626871858965687 0.5227619391211852 77.65986414343814 1.4238489302135926 0.0
940496 150.865076400782 3.42406996696041 3.592692377333372 0.6450960809609133 6.395500112052944 0.5790864916301558 87.5012084556085 1.0283908589614017 0.0
940721 150.189494368624 3.42668612923135 3.110065985680551 0.6548784232672408 6.246305419397523 0.5192298311948954 74.87681762405566 4.224474408812744 1.0
940759 150.77919397662 3.42633284029207 4.290282437364802 0.6051230251059962 7.890280404199437 0.5546632793808736 85.03684320977246 1.0859779089624229 0.0
941225 150.265642011295 3.42934134954233 2.8878544123171683 0.615936787515369 4.932033885434649 0.503694244939619 75.49920633802626 3.463426093676164 0.0
941279 149.610796793271 3.43173621785415 4.432169866637899 0.5972699171113925 6.364299741676665 0.5335407931915168 80.51445217524814 2.3532807315377946 0.0
941308 151.047156898734 3.43177224419886 2.4726373998251976 0.6458715039631979 4.506961576308557 0.5966469718023104 94.0487066127537 2.186724465811534 0.0
941467 150.18028570442 3.43201053355921 7.368358367089545 0.7651767753081805 10.332641158472672 0.5095015306291077 75.15812066957223 4.251830414753044 1.0
941500 149.611217336104 3.43372617105274 2.6188371329861093 0.5761771931373476 4.30285289783644 0.5319956464621102 80.61649504448953 2.3522200203687778 0.0
941578 150.309128535456 3.43423773778233 2.765834148571355 0.6607201936037786 3.6610194295947105 0.5316562348874101 76.1755831645692 3.446197639598347 0.0
941683 150.557120765512 3.43525625155647 3.761260054323475 0.5981566872769116 4.615577658055346 0.5405970645470708 80.03288874032275 2.4480973724525623 0.0
941694 151.057710139032 3.43515906462773 2.990820372929887 0.616701449955177 5.1534409658091365 0.5636922968203187 94.59312907583222 2.2122035944931646 0.0
941721 150.834379372599 3.43513576212771 5.3781970959021175 0.633510884219508 8.489374924885983 0.5692370278277246 87.12374167408949 1.7715073832020116 0.0
941810 149.624647937266 3.43340795341702 165.6790089428308 0.7783288639266002 340.64537955252644 0.7132625311292939 80.30970980812234 2.662566504763538 0.0
941890 150.319807448903 3.43721189549791 4.782475883333412 0.6332855438117013 5.957565443350567 0.518255465030545 76.4592517811375 3.1429602380213693 0.0
941900 149.648534619543 3.43756375143629 2.282480519978509 0.607232277900508 4.299708576647451 0.5388233944251082 80.04780018163002 3.169234326421285 0.0
941936 150.640509706284 3.43764743921136 3.048081912551563 0.5922016849557238 5.009837164650322 0.5556345166752448 82.0098594247305 1.5700197193792407 0.0
942067 150.539810666984 3.43908844369297 2.099992075542609 0.5771046297906381 3.459109200753259 0.5401165319231024 79.90079941617799 2.74143642203347 0.0
942197 149.678689078449 3.43874334229454 31.924766353866875 0.6531038138798283 41.32308753596093 0.5708861483229013 79.52235536614802 3.0738777458789475 0.0
942286 150.347690719303 3.44091361646515 2.1090030923226672 0.5988721705299525 3.8469129343845347 0.517265943804608 76.98268873311446 2.330986573203722 0.0
942475 150.358160412233 3.4428966225025 2.2478051725240795 0.6105588946068932 3.680761054042582 0.5155038234619513 77.22268149996795 2.0003363121542517 0.0
942518 150.198074284361 3.44331737754054 3.320797696462168 0.6201909637804982 6.385336435023752 0.5124188992985347 75.9102370426233 3.940645829511205 0.0
942661 150.815762622184 3.44385161473261 6.418102785510616 0.6293664692406576 9.78638848761206 0.5624548866855758 87.0200913168162 2.0164072046143087 0.0
942690 150.252117808893 3.44473315978545 3.1671615535572393 0.7159998317229821 4.935669426334366 0.5310777029654508 76.31373749367168 3.1523446399391064 0.0
942727 150.673521664273 3.44539809893625 2.541927448735694 0.6763763101186417 4.806642811516577 0.585366404074612 83.23443077087003 1.8529832518878158 0.0
942913 150.149777920394 3.44662989128755 3.7833143385942547 0.9346181097871432 7.000829839683665 0.5096725368932805 75.9397377336959 3.1345284262420026 0.0
942932 150.724188016731 3.4472867736787 3.033405194667577 0.6516320539738182 4.042283052408938 0.5818095098326432 84.63502504595374 1.6227502961250269 0.0
943091 150.225687440753 3.4488604317577 5.7046843130466796 0.7276847227339437 7.218891475621942 0.5395844823905462 76.38720371785926 3.753268289948527 0.0
943200 150.544380283157 3.44926401377111 8.275735296424918 0.6634601556719122 10.91942402645129 0.5665841452416024 80.5674705062611 3.04192175024066 0.0
943309 150.138573985942 3.4502122624473 16.721776917219746 0.9816314900353151 19.19103603878796 0.532590839938609 76.13117107111134 2.486356970443024 0.0
943618 150.70590157008 3.45384709329167 4.208118311710607 0.6488284749667121 5.690293506923551 0.5957249079830444 84.51166937413944 1.9042076537612367 0.0
943639 150.397496277234 3.45388262868337 2.979812158526469 0.5907110762896174 5.619912988883261 0.5422085999744726 78.37096142456548 1.32849007321802 0.0
943814 151.083566989422 3.45529031808869 2.525309028823454 0.6987043214660941 3.5416513660065876 0.6456446893965777 96.4943716216533 2.1795650519261964 0.0
943861 150.587855236862 3.45605852785354 5.238546486763956 0.6313501893792111 6.062275716786676 0.5604537103757006 81.84633179122973 1.9214722937263107 0.0
943974 150.450396122867 3.45732494362426 2.5127134601359318 0.6230057360974601 4.528032391077227 0.5632642854335735 79.3514611193001 1.1945432016343809 0.0
944010 150.375967448611 3.45707653931847 3.4558178355512545 0.6511784517756745 4.099031354345958 0.5419753382109193 78.27488005575276 1.7556213147265924 0.0
944020 150.186042657608 3.45737121114982 3.2498255258476187 0.7116276026965632 6.706627732221553 0.5242943643545446 76.69911859404768 3.5477599009669283 0.0
944024 149.4310771116 3.45773631678439 3.691009352197302 0.6514367589439917 4.214367939783907 0.579732094678542 86.4083579357573 1.4505926231055042 0.0
944136 150.40059653396 3.45887149827823 2.1146608103015447 0.6370856910747781 4.095462639928512 0.5435252490633394 78.70478003102868 1.3424869836972528 0.0
944226 149.839188242877 3.45970057627034 2.3361541599306035 0.6568495458146943 4.211570111974097 0.5676303209033771 78.24229892092453 1.3384513808257765 0.0
944359 150.31791432101 3.46081460757153 4.324666787035155 0.6735545154979422 6.191493540325418 0.5595792749105628 77.83548445356283 2.9758961951014604 0.0
944469 151.056084134559 3.46151576564359 4.791282828260381 0.6479624348979525 6.1623434167260545 0.5703926109307065 95.79627395234442 1.7937805738550445 0.0
944480 150.277896411781 3.46230521982542 2.8180489368006305 0.7231366145065697 4.565682225173215 0.5487827034530238 77.5578114039692 2.6601871608660725 0.0
944598 150.96863664263 3.46329198131991 5.224685979036276 0.6642818708232996 6.038764125914054 0.5854946748677518 92.84541555539626 2.159853714516937 0.0
944651 150.315454366148 3.4643006996762 2.0466725773185317 0.644451289182216 3.2282788138179113 0.5451446903597421 78.01715794789254 2.967914362874528 0.0
944857 150.365808664791 3.46574350845761 3.9675424604906158 0.6428971546667485 6.735637378572056 0.5474101853648162 78.65768483304758 2.5514579189644726 0.0
945269 150.230051094794 3.46982020513344 11.46663866388041 0.7335355192757971 14.030127245774933 0.5381426398744864 77.66455803544795 3.0166109433977364 0.0
945494 149.818769707444 3.47237160281879 2.941072756621259 0.6348638877129129 4.337252441196407 0.5397438744953722 79.238557866007 2.5768577223964884 0.0
945707 150.535516579667 3.47368724459558 5.3272963558080635 0.6446370932002664 6.768254367364437 0.5642076204182946 81.7807797436389 3.5277459143964527 0.0
945817 150.278953537748 3.47384008141311 12.201922078915356 0.7193814485677741 24.655664111923336 0.5697550682634189 78.25204033337074 2.4774331520432797 0.0
945839 150.424869914553 3.47522981076865 2.2857020972163675 0.6117902027696976 4.6275479677873514 0.5545918690397018 80.00198453912617 1.327808003357402 0.0
946122 150.57826421081 3.47787617637422 2.0615260312903154 0.5840318186611996 4.178193824981408 0.5424301703226303 82.86971756712619 2.309863069837465 0.0
946131 150.78001480257 3.47779822852669 3.426393452978404 0.6261691837208517 6.304408663671633 0.5834669096010572 87.78289570810908 1.4493407698153349 0.0
946214 150.68246719801 3.47848120421876 3.8192445818024883 0.6619061021260955 6.166552068748302 0.6043438760671067 85.26407247696558 2.9488519338540677 0.0
946248 150.377015742528 3.47934511588966 2.4175492659983426 0.6276125388896652 3.600322442239888 0.5614196170026998 79.59437678959989 2.626397418174359 0.0
946536 150.373476289806 3.48197966294227 2.2913880136530826 0.6534095356843854 4.5544806131274616 0.5602456340840787 79.70509533294197 3.0501536889581145 0.0
946546 150.030798740549 3.48219340843983 3.358283361454308 0.7612234054468013 5.7915450270517725 0.5425253240228213 78.1250755392168 0.3912205636639275 0.0
946602 149.808696305306 3.48236588546097 4.396566068864163 0.6698289803844804 4.967439045030732 0.5534488786726856 79.95420294356903 3.1160069310143936 0.0
946623 149.779552116831 3.48119272114474 15.790604609792238 0.6335066868956409 22.650685516842977 0.5444074101333641 80.2852445434808 2.1907828957565525 0.0
946745 150.948279093348 3.482978820844 4.341419117432102 0.6857290606143315 6.7957472199554685 0.6089600666231497 93.15431633565223 2.379130959879964 0.0
946760 150.934969153315 3.48363428279279 3.0266458054318206 0.6574662465690402 5.450951821084249 0.6096395206969489 92.75458456275653 2.0499170003344878 0.0
946897 151.007187921118 3.48419513491007 5.497242486726129 0.6823087312303585 7.826742068127276 0.6127327885136435 95.18656528475091 1.3461954106328553 0.0
947157 150.315718784529 3.48767092470416 4.63176988209799 0.7159877089102253 5.556485901521472 0.5789133093206067 79.40293070140702 3.7793406525407027 0.0
947255 150.433895276991 3.48876480474211 3.862238731839106 0.6965380526418823 5.227805707049709 0.5728254039096076 80.92191476401986 1.3673727996656817 0.0
947304 150.718351872826 3.48865631196558 4.881687921027527 0.751555242260626 7.700365335785711 0.6034914585758967 86.71822072951412 2.688425898521243 0.0
947466 149.676167068329 3.49037898902845 3.734383576242341 0.6793292061628059 6.150127432758644 0.6015065446643086 82.51227548692688 4.942287849278429 1.0
947508 150.438614582913 3.49125537225779 3.375762284990872 0.6704577668902797 4.2090282592062085 0.5705857510528803 81.13697573547832 1.365747051159749 0.0
947517 150.690177931595 3.49020290710937 6.125024496039391 0.6690426241144882 9.867266815092902 0.5880190291405711 86.0949253978475 3.3622685542266924 0.0
947538 149.971642460761 3.49163835495181 2.4042270397911616 0.717797133120908 4.520980201416255 0.6076156053566899 78.95718964222773 0.36614449351157236 0.0
947593 149.656095338372 3.49177073844449 7.123534720782544 0.6565329636068824 9.569224438201566 0.6013872226968296 82.96949973169026 3.985994014544615 0.0
947616 150.562512501654 3.49204565278619 3.595639824357826 0.5976247759931576 5.504611426187466 0.5715992989100157 83.34925611758048 2.9552719900437134 0.0
947667 150.347203736871 3.49178513174282 5.147137129741547 0.7403523500039304 7.6467308388983755 0.5721282968286416 79.97439479555295 5.468985210091148 1.0
947702 150.342193377096 3.49197479047508 29.998547982927523 0.7747148487371147 34.27675517109394 0.590673134947467 79.93051462166972 5.464807060864073 1.0
948116 150.457404021133 3.49699052049057 2.166737310203344 0.607816291488546 4.434028132133373 0.5460129968450029 81.75789238867608 1.3728272649599673 0.0
948710 150.795667304543 3.50270302119043 2.7464459705470623 0.6532288972003487 5.160052023431064 0.582955732077704 89.54172648333265 1.3675522549895114 0.0
948724 151.078858956513 3.50248656933615 2.3543337958304145 0.6359924446339477 3.87010854801728 0.6005742572945758 98.58271697196213 1.6040614240104856 0.0
948739 150.513730987421 3.503117797263 2.8600188003893194 0.6559769313141622 4.5892754499374755 0.5471190716966677 83.05707419286357 2.975700214510785 0.0
948792 149.839810950178 3.50337265645933 3.6482165571760543 0.6897370347555469 4.779655342245234 0.5744556353008358 80.80423767990314 2.319238074356376 0.0
948797 149.679515229049 3.50132609795349 11.44791797811835 0.6565312720158976 14.544792879734674 0.5976150673506943 83.07634300303744 5.546479560424987 1.0
948899 149.652203252943 3.50448042030513 3.086957156342702 0.6492905346751318 6.09008428909742 0.5827309684795263 83.76655434896081 4.4474004657562345 1.0
948914 151.073609962383 3.50420205620993 2.848647482556216 0.6492911567984866 4.680405526343221 0.5943446127859174 98.47875747901892 1.5428901378759705 0.0
948968 150.929003560166 3.50474684952201 2.3289040660244447 0.6532240852391126 4.3434052416884565 0.6016876714708832 93.63328821959375 1.7013793890020243 0.0
949016 149.815601558012 3.50498431610088 9.248949701846806 0.6838519671147456 10.125513828651062 0.5822382036478202 81.19120366421771 3.402287118811647 0.0
949124 150.734853858385 3.50661535648037 3.589061858076831 0.6724004726699615 4.550204233302371 0.5775706893233115 88.1159188452202 2.407067398837597 0.0
949133 149.733738538763 3.50700499186461 3.4297073511946623 0.6115322810073562 4.419511849310873 0.5443692198932063 82.4775579281898 2.520558451510892 0.0
949240 150.334844441535 3.50788287800185 2.312663170671014 0.6362722323648607 4.431764143621252 0.5391297532869003 80.79142715472825 5.655881913139794 1.0
949353 150.616224700414 3.5088274966739 2.6212605264790647 0.6365051726699698 4.736612134617585 0.5896469686023496 85.41180538550786 2.1314139053492416 0.0
949380 149.669679519373 3.50901541918013 7.586990796468885 0.6976456976199157 9.619003858250311 0.5741315204238118 83.69577241365066 5.595408649779759 1.0
949448 150.78465762493 3.50963780400277 2.4478201817266805 0.6537844866771768 4.851427499245827 0.5769049095701622 89.60612169141682 1.4674167275442165 0.0
949547 150.348054452474 3.50809688079782 9.829140311175388 0.7056289585650551 13.785166341221107 0.5460671533352605 80.9456917454097 5.819036054240742 1.0
949617 150.522889308507 3.5104787113129 3.945462810483789 0.6660624511820781 7.6811762208473375 0.5653654310706858 83.64330693934845 3.5294185368074915 0.0
949754 149.686362835452 3.51249671546108 5.2716114318797 0.681405942294284 6.663334214995565 0.5769621820543908 83.59262272387288 5.52709933331422 1.0
949839 149.745681158755 3.51353037144939 3.5204004673880016 0.6867734588758575 4.948711921264599 0.5557840457578317 82.66831633880656 2.222128110483385 0.0
950067 150.54764898018 3.51550327629638 2.24035781817314 0.6233509302503257 3.373493532355738 0.5413498732392716 84.39047907755324 3.842511410414112 0.0
950185 150.655989171148 3.51644331125581 2.4895761748200824 0.6354006309463688 4.516348701286527 0.5498023287860038 86.72508312050036 2.450872820257358 0.0
950480 149.788911591127 3.51934980775592 2.160874863694962 0.6924549668539347 4.010576268632319 0.5911565389212518 82.38123075253915 3.151608136031815 0.0
950513 150.358690386318 3.51822682007288 26.941628107145373 0.7374777889833011 35.50553065477496 0.557565248344559 81.6618031176447 4.9583878384250175 1.0
950553 150.307166038343 3.52007275564128 3.2151360147842305 0.6573233731358736 4.553994028779665 0.5685450325219921 81.24179482022083 3.6655386759155584 0.0
950569 150.224245807922 3.51838705000679 23.516205633941173 0.9649752420817563 46.75891970448101 0.5885503061126387 80.53146685771763 2.0878067282430184 0.0
950635 150.231208406155 3.51986455189225 11.389684428641814 0.9229805361782571 13.908585454491785 0.569092159860086 80.65933888236265 2.0361252543581556 0.0
950667 150.214882010505 3.52086284627691 3.153045585827965 0.7606836193226209 5.3283853570729285 0.5791040030012329 80.62953278953074 2.063535069678652 0.0
950774 150.43318517077 3.52185056167099 2.633357149850972 0.6097498897062329 5.261113107398822 0.5095853276901149 82.83653246477323 1.4641457235099318 0.0
950936 150.320536908274 3.52335353020398 2.440193078302038 0.7314343494544583 4.905852454273178 0.5471457507855441 81.56231851598122 4.543871135376148 1.0
951251 149.779035952186 3.52618075903366 6.483637031605322 0.6893203574207135 8.272683811254653 0.5753260534514323 82.91576757934497 2.908516913107543 0.0
951314 149.955511618759 3.52680427226479 5.475640794141643 0.8668836647382056 8.06751440723156 0.5745819231887211 81.15478798991033 0.4332454674747976 0.0
951340 150.787557448114 3.52709920363989 2.2904512840605395 0.6120328668647975 4.279293665733682 0.5536347438502575 90.61752790560121 1.54798193737529 0.0
951475 150.333347392301 3.52838165339543 4.2053153334975395 0.737532150775152 5.396868595313065 0.5371213406604477 81.98745972574059 5.017461513602196 1.0
951651 151.038024944118 3.52951475812199 2.1183428335906656 0.6033864707539599 3.5894155620205717 0.5641280724399753 98.47335755363862 1.020655287551931 0.0
951664 150.886999318551 3.52974680370987 2.96747192108046 0.6274504809203034 5.336636689372437 0.5659355807113429 93.61486240538102 1.01208387769402 0.0
951725 150.965105598996 3.53049245406434 1.8950382158958612 0.6429458235624772 3.6529805514295934 0.5796770626197307 96.09550949741539 1.145867678178399 0.0
951843 149.861076455218 3.53198061548766 2.1981483320728734 0.6724635001641472 4.4180846725680905 0.6014735949594657 82.25773857009025 1.5884187392420146 0.0
952014 151.068159767373 3.53307794717377 2.3244297819541666 0.658396309535411 4.38510097506374 0.5774232976580767 99.68890956014612 0.9420788277980421 0.0
952076 150.667074279582 3.53344901621933 7.113351085940727 0.6585090846151883 9.025211806477925 0.5471480684670101 87.92249324242506 2.8489605692718967 0.0
952425 150.848937569684 3.5372258162876 4.0939070893845235 0.6846400588471047 4.763016320719962 0.5919609546540974 92.87939452223661 1.0436186793633166 0.0
952521 150.283857267845 3.53856948868428 2.906426573325277 0.6430096485502436 4.313531486431348 0.539383835555624 82.13974244158634 2.272828671881885 0.0
952530 150.289217047661 3.53865763757801 4.093194325077654 0.7571619848173333 5.286851088839782 0.555649015060416 82.18867684375851 2.450948074986144 0.0
952641 150.56133148887 3.53925738359677 4.908104596857805 0.6544599506052093 8.242889500967799 0.5482482589829527 86.0029434859635 4.822534655943505 1.0
952659 150.831087714131 3.53815254735049 13.954114761772058 0.7034304487030268 18.43353532921912 0.6028644871112963 92.41624274161427 1.0771277393692722 0.0
952732 150.628518512871 3.54029900257067 2.49667240042891 0.6285950950748584 4.612053880906326 0.5668247205777821 87.43854586415775 2.365274732991144 0.0
952812 150.716990016308 3.54035523410697 10.397979431723412 0.6622289607506657 13.415751092341754 0.5718185000726749 89.49840498050058 2.67062158980639 0.0
952995 149.689570853082 3.54181645537992 7.8996164114250735 0.6780920811898175 10.632276168811453 0.5802549893693072 85.21850705443913 4.973629125588459 1.0
953014 149.736856972885 3.54256772120729 6.282060420134904 0.7004177779979514 8.24933741956653 0.5950895671131499 84.48787259319086 2.107451518318746 0.0
953029 150.361089923321 3.54324479103092 2.8844933879111005 0.6529157739050472 4.8259523171311045 0.545806697442505 83.16297270162801 3.4244526341512187 0.0
953075 150.317993884293 3.54358021050596 2.7892486543425643 0.6681723774292434 5.14724400060915 0.5484821902989295 82.73589928549085 3.6573232407150744 1.0
953266 150.313833160124 3.54355316227008 4.311063284430049 0.7330220666360974 5.529640969660293 0.5561603728478832 82.69529693407922 3.458806981416131 0.0
953369 150.423795343411 3.54635357256118 2.5421959135055157 0.6319441756412373 5.111671839187427 0.5540678927642524 84.1325156157983 1.7232010030646159 0.0
953426 150.763472400176 3.5466689770971 2.149803556851635 0.6814364039014171 4.291983615560907 0.6179901141432466 91.02513258777759 2.2193593959236138 0.0
953438 150.515793585644 3.54626070583121 7.133988107994997 0.6889886638875267 11.022647120946662 0.5790470137891836 85.56688565697782 4.754462128365875 1.0
953485 150.412888825757 3.54748980494201 2.2334453332005393 0.6659366437591003 4.206509454492899 0.5772620900361022 84.05064955604064 1.7605506101712036 0.0
953577 150.525576401752 3.54758335346851 7.225876967560722 0.7169725864292941 9.249867117427131 0.5788270400660357 85.81518497433667 5.099294832631944 1.0
953714 151.021829651564 3.54911770145758 2.044346603703201 0.6802637875816524 4.119286473998648 0.6457864027422208 98.89573235252486 0.7341221221734696 0.0
953764 150.586158731066 3.5498837368577 2.404416960911299 0.6587066813333023 4.708095124338707 0.5486570722415539 87.09317946148836 3.7816320354000803 1.0
953790 150.576635210938 3.55011472975942 2.673685708681428 0.6525541929596249 4.82081994028454 0.5487428908358397 86.91704108046333 4.37949078848579 1.0
953832 149.619764603619 3.54989780984806 2.7770262323710817 0.6583063657263203 4.739346998747565 0.5559966801563369 86.97589098647606 5.179042664168187 1.0
953930 149.796725629464 3.55048429308571 6.837199596776815 0.6754615448813494 10.530336168527722 0.5779497203750734 84.09941882166297 2.7741172331413657 0.0
953994 149.669607769659 3.55192888574364 4.1636553954248985 0.6766699612747421 5.78436124458756 0.5712042887321459 86.15010879538467 5.801415501966862 1.0
954011 149.884401404099 3.55203208977912 3.645018800553264 0.7910840219104531 5.762698133444222 0.5774961758641769 83.21427657313052 1.238770281275458 0.0
954361 149.944889158168 3.55496924660777 6.199654869327994 0.8473861264831045 7.551411810762845 0.5869649347337874 82.90417514490777 0.6279533152785253 0.0
954537 149.705822173869 3.55673116974043 2.858998763024079 0.7114152960141655 4.287632168608332 0.5993011806172713 85.80247246224552 3.422321394845123 0.0
954674 149.893252685398 3.5552535278492 3.674598982824667 0.7389339404272093 5.936602529530149 0.549116076179904 83.32471086129915 1.1665157767476315 0.0
954726 150.37420784636 3.55675001022547 8.747034148672325 0.7473449751145337 15.291785479056447 0.5663441364497811 84.1089631431618 2.2534697333820453 0.0
954731 150.745019695374 3.55840431705894 4.437219064471847 0.6902642174212549 5.52648737774544 0.5884052063768536 91.18477964162001 2.416437959200387 0.0
954831 149.832866931893 3.5594605047231 2.8142358357485944 0.6986306462785686 4.794449618083583 0.5584219149184568 84.18682359769375 1.8919251119349827 0.0
954972 149.662507576327 3.56018176113484 6.481518928265483 0.7238880049545914 8.44085645231487 0.5707151549347368 86.75029507648561 5.5716419491511076 1.0
954985 150.186490743669 3.55941285285428 13.326062485047832 1.9756552740740807 25.20347645365054 0.5790693150352905 82.81045020778899 0.6604415624990273 0.0
955210 150.800683184034 3.56250161448182 2.762480077209685 0.6371142280324774 4.846860379156824 0.5870014124648619 92.86709984616121 1.5207285277542117 0.0
955284 150.862497197175 3.56304565924312 4.19416200648233 0.6754355478949371 4.6873557380196855 0.5800131135563049 94.62808681964754 1.0409037777554162 0.0
955562 149.838992747263 3.56549758932845 4.444576673046017 0.6060597616792628 5.817335413845883 0.532045025953346 84.47372557852347 1.7158157666515286 0.0
955574 150.796148840195 3.56596901940635 2.360957471940324 0.6687412900326174 4.430291385809636 0.5834899576556366 92.93039777455007 1.6463769428448447 0.0
955600 149.616234806025 3.56584595588739 6.739052610972413 0.6425131024249668 9.474291690310382 0.5301355783254952 87.94887543763691 4.581732493496154 1.0
955729 149.678051229384 3.56721117419366 6.283300508479341 0.6761339414250991 9.132415647651381 0.5571831141748341 86.87677174996044 4.863981045302057 1.0
956079 150.683299473235 3.57053186614271 2.563171574573996 0.5968720539946855 5.2338030941234495 0.549780220680019 90.35011639565207 2.7416947494996102 0.0
956130 150.325517858104 3.57118695345821 3.160169881134548 0.7502405551906441 5.768036268900943 0.5691098128672527 84.44288523845356 2.5181328394636453 0.0
956209 150.70549422483 3.57192081208759 2.707872411626758 0.6244728074292342 4.740057110596758 0.5581709228916879 90.94931158025163 2.7365447829409035 0.0
956336 150.491350910771 3.57319434871023 3.405203020094067 0.7036799609180596 4.969531396354281 0.5707918701912642 86.70650381299198 3.653017937810935 1.0
956383 150.310704552192 3.57244546341462 4.835842378987217 0.809792937496572 8.734501929944878 0.5799407761425467 84.38004260315547 2.2744050965042732 0.0
956639 150.2716593849 3.5752026796807 6.797587587799623 1.2427122596904103 11.468600323721288 0.5785283166770736 84.22597489280619 1.453761032968185 0.0
956659 150.576780713902 3.57627283320091 4.258986913288331 0.6587412816288594 5.394272663310968 0.556878081541881 88.40357555182717 4.087782276423567 1.0
956811 150.79962204382 3.57736806415115 2.432960753287118 0.6097651256832552 4.952419567809929 0.5665180269397783 93.63496231491526 1.58635064426572 0.0
956831 150.595139046762 3.57789009417601 3.3736051673463545 0.6716038657902753 4.671477559815697 0.5468944368585715 88.85665485677504 3.200071182729026 0.0
956902 149.675317722204 3.5788688679918 2.5870406034327207 0.6339514960219866 4.445347173373408 0.5492329517058353 87.59359841550001 4.304328882147064 1.0
956942 149.724620601598 3.57922087654281 2.0307951201709997 0.6815077706131186 4.107514583552156 0.5720796898978945 86.80173749338299 2.0953179955647996 0.0
956959 150.666776138285 3.57848278474277 4.378442018691514 0.6469438138628049 5.846690394734831 0.5401763538569437 90.41359884816983 2.4750731840712756 0.0
957115 149.655748403115 3.58058601576289 3.3811967716165414 0.6741970687330302 4.111584432206602 0.560173876090687 88.03963388362065 4.410603788483308 1.0
957130 150.43394959501 3.58083924700128 4.980674551323058 0.7552586164678133 6.147568969940249 0.5972054429035799 86.28620887305175 2.0819023871882174 0.0
957222 150.758338203587 3.57778096816852 9.845754482004942 0.6784234409353592 13.884060521778158 0.5861128648947973 92.57619307780813 2.3465440868051677 0.0
957236 149.827929099748 3.58209589101136 2.6215376181743433 0.7156267952852133 3.9035064667036528 0.5642518752582888 85.57640405058791 1.703998548290462 0.0
957368 149.699759981479 3.58218484020918 7.40603369568166 0.7209332616184689 13.062573777333958 0.6062393403501121 87.37063617146282 2.9096460057171454 0.0
957381 150.494347423332 3.5823528123514 9.895203374924606 0.7122408437699985 10.993694644072322 0.5589533077745976 87.28407144858522 3.8062803893485246 1.0
957495 150.506211008833 3.58277882064662 18.77183235665416 0.7191218280441815 23.231591774704256 0.5736130293278322 87.50375865924532 4.0508678193438445 1.0
957697 150.618234310075 3.58580092551309 3.7286209187970827 0.6856519926894664 6.920408868012131 0.57725176347757 89.7734447097602 2.310204941116535 0.0
957896 149.800482186038 3.58753932477115 5.574825714962606 0.6816425069655293 7.35050616807686 0.5673433919378758 86.22432443579096 1.784157218727642 0.0
958042 150.327924551101 3.58928181204911 4.208345895154568 0.7821914509513134 5.444022597301061 0.5500201908438157 85.53765032786087 1.7383469672458798 0.0
958067 149.946218241371 3.58938855938111 4.003832459366417 0.975696018721001 6.880012967659076 0.5576044171613359 84.94793631464321 0.6548895767160358 0.0
958083 150.658712993176 3.58951997428988 2.2274109919834233 0.6089166413706658 4.355001760904014 0.5541184439722294 90.8484430400242 2.2360167950566643 0.0
958095 150.636276967466 3.58964839094075 2.8402926271512223 0.6628646454785972 4.921581142022603 0.5709196259440781 90.36884204049429 2.0952409868645114 0.0
958160 150.943400582096 3.59000280470154 2.541002050030319 0.6221941916636373 4.199609845528445 0.5762817107759481 98.44597139193489 1.2742722866366434 0.0
958265 150.01649922969 3.59079195868838 5.702144069779808 1.3156098443558004 10.5425600068601 0.5925186145668538 84.67880721722278 0.5677104765349046 0.0
958277 149.819431738726 3.59137232014663 2.3206851812654614 0.6736865450297389 4.07346230613186 0.5569082371529565 86.22068585303612 1.6673374740422018 0.0
958453 150.886347599033 3.59275186332355 2.2130649299885996 0.6769378607195913 4.008964192412575 0.6103033432968603 96.87946639397859 1.4192115076411225 0.0
958533 150.546869176619 3.59359922927136 5.755155419376962 0.7009797210358102 7.284132921291431 0.5450699193804446 88.83129773887879 3.6748558262801687 1.0
958654 150.741483421705 3.59398621026367 5.642051095967065 0.6632696225049189 8.377669888785228 0.5815298815637601 93.03478196360106 2.5885185464003473 0.0
958698 149.611187066797 3.5947648298649 6.626892536743817 0.6263584167733846 8.812958795333987 0.5438911337107853 89.68706904824276 2.4893385058501183 0.0
958858 150.402176430138 3.59666886901594 4.425979210681903 0.8126542438289264 7.887192866206367 0.5781044642409592 86.79325348912309 1.6918982078165514 0.0
959589 150.850450984105 3.60326583935055 2.843683008855861 0.6867356013167973 5.552198062049132 0.6350122741668782 96.40915201360849 1.0474147918652277 0.0
959729 150.805857494135 3.60490105990011 2.2284974695506916 0.6194599869056157 4.2219220362423675 0.5829534787762787 95.2800197338283 1.20526999118689 0.0
959750 150.937852465355 3.60501575981699 3.1896872284862052 0.670302230634747 3.9020073130753397 0.6217351268642125 99.05096177257809 1.5992596858505388 0.0
959828 150.613785892341 3.60611558617555 3.351834799055169 0.7050447409545614 4.307153484556844 0.5876478138257532 90.8272542712743 2.3852251159494386 0.0
960040 151.076342272819 3.60778562952332 3.5272797708876125 0.7162475805661724 4.2258984050776816 0.6498118291685667 103.6418414478354 1.1420350822902166 0.0
960276 150.643558192289 3.61045574830369 2.727549656033905 0.7257679549004415 5.1151987065784015 0.6250938850928472 91.69072677165724 1.833775889956266 0.0
960822 150.931713666161 3.6156683076609 3.134443874381163 0.71123022141181 6.160900788773497 0.6310906798702128 99.41741555131401 1.8516055720925373 0.0
961241 150.586417678088 3.61959728827312 2.657875387040363 0.6798076275528718 4.910148534390729 0.6003490301601048 91.05045838084051 3.5548011708774694 1.0
961318 150.465281452063 3.62040540793684 3.1259804742275077 0.6988865501790973 4.792945442812093 0.6161431280309068 89.03991156906251 3.074235392256396 0.0
961347 150.53311254428 3.62048256919881 1.9965244656525645 0.6960576414264613 3.7304666945646567 0.623009001854022 90.12966557156818 3.248021710063944 0.0
961357 150.452224802108 3.62059530469827 4.495233206769594 0.8554854296454281 6.91652160115318 0.6304708545901329 88.86188835602485 2.963967880911354 0.0
961380 150.91802356658 3.62027325355837 4.0909483114729035 0.6871374512454209 7.332006692134729 0.6152995563572925 99.24882982753874 1.9787274244284707 0.0
961482 150.87064175024 3.62149497616248 2.623077459988394 0.7317563979951968 5.379371516605016 0.6604231406209166 97.94237003845099 1.3229307563926658 0.0
961586 150.905004295859 3.6224721166253 2.5315687001831066 0.6746679725231517 4.205835524226594 0.5996355447967786 98.98102172395649 1.9517994898153659 0.0
961709 150.221221980784 3.62292073978365 7.730220292070927 1.2643226573657644 10.089102409018453 0.6390543878997802 86.76317416051151 0.05059498055924084 0.0
961804 149.897952327211 3.62509493224908 3.9074284987845957 0.9284343481324551 6.236686783793107 0.6139647649729494 87.43133783161663 0.9979541791239409 0.0
962085 150.453018585924 3.62784322751668 3.396772067480936 0.7404634034757271 6.908736766628762 0.6308610233889401 89.2956175672039 2.715892797662855 0.0
962156 150.546247636874 3.62859099614452 2.3462336278665274 0.7182339965919387 4.852378649967492 0.6066121394139319 90.82424548085571 3.517440004012302 1.0
962338 149.722064083447 3.63051800196997 3.6554290531384317 0.642944727483857 5.5728299337001435 0.5817781567528104 89.81633418942346 1.556457415219423 0.0
962504 150.584810046858 3.63211302221903 4.29587538902271 0.7452738258405303 5.759729956046655 0.6011176763423239 91.73159277455828 3.938360548628357 1.0
962736 149.781178097016 3.63414650070231 7.323796563061284 0.762070655524759 8.202273420875466 0.585726159742181 89.20188360732462 1.0153173386693322 0.0
962811 150.431205361089 3.63456049729283 7.363515829186322 0.8907572019718699 8.382121253561007 0.6269770012840417 89.38796087181073 2.307543214916435 0.0
962890 150.62949192995 3.63500377473554 6.120798075125903 0.7467958726206609 8.961322341663653 0.6136390405949074 92.77727243311182 2.073742191946531 0.0
963216 150.925881082376 3.63850292584671 2.8876856078503885 0.724777631786776 4.429668187015422 0.6801242700231721 100.43231180409829 2.4448487806101107 0.0
963256 150.628235397917 3.63925738310328 2.913864978850557 0.7389730198779247 4.620578184578507 0.6495253379873424 92.99146527776007 2.191719249023215 0.0
963266 150.736777807506 3.63923633585082 3.520702229514885 0.701346887905842 5.633320776164565 0.6494109089029584 95.40034266551248 2.545071780104317 0.0
963295 150.556658185273 3.6394463304545 6.782973576075301 0.8270823967398796 8.390420613370896 0.6490575526114374 91.63120596324491 3.7879958470636232 1.0
963341 149.651288546268 3.63945909659995 5.297662171558501 0.6937767532976022 6.944059906052963 0.5528273666355383 91.4908685694271 1.8732976696645818 0.0
963392 149.774785515488 3.6403458758673 4.3876007232849945 0.7590909231662423 9.016162547953677 0.5762927068869038 89.64772362045517 1.0019291316455816 0.0
963481 150.336942616199 3.6397171501601 20.794561301522776 1.722355950079347 27.179437676775507 0.6441302905746212 88.61118932910502 0.07768802274039623 0.0
963560 150.75047523471 3.64254973717027 3.283409374091604 0.74914685339075 5.363480591152964 0.6745980160874543 95.9131597842659 2.861138346816527 0.0
963627 149.898508775025 3.64219158991086 6.465355675241166 0.9512588394484132 9.001310845119002 0.5657451445508794 88.44279737027256 0.9480617178408675 0.0
963664 150.801226726454 3.64294144397423 8.112300511321704 0.7918105543129086 12.601347439978072 0.6374274270146207 97.20990536029876 0.9272887491672234 0.0
963736 150.458568858172 3.64391882756136 7.334049985867246 0.8143333288025287 9.957382777097154 0.652457526942144 90.3114944124873 1.8030135420094289 0.0
963976 150.510305296772 3.64650298275471 3.135141238982292 0.8573063302376414 4.940285861534564 0.6589975733791519 91.24810142675405 2.362917520373084 0.0
964044 150.617682114583 3.64732384426704 2.582014067373107 0.7846117120438116 5.22835139227489 0.6905997653416094 93.23436203328721 2.952562273377393 0.0
964371 149.743630011392 3.65080652189754 2.335008195205706 0.7059038679814886 3.9926286583992794 0.5607612280782256 90.6818099434987 1.2334606371965446 0.0
964382 150.46677459902 3.65083301446953 3.346573404606993 0.8245451969127933 6.885043624041297 0.7033774394123256 90.8321845644716 1.4839084744667401 0.0
964390 150.757238870402 3.65040204454849 4.982771203233327 0.8463994987763792 6.313609472811748 0.6895018152510839 96.50844445598077 2.5232385219255153 0.0
964397 149.905320235225 3.64969118783927 9.077513765282342 1.0549468201409247 12.425182531902223 0.5781962444270161 88.83405884850771 0.8432849022990115 0.0
964841 150.538322572522 3.6552946194325 2.5841190371846388 0.817972582106739 5.266712625820885 0.6421094010962761 92.22018865324297 2.989179815363678 0.0
964852 150.603380837689 3.65527138736085 3.6487344302236426 0.777607548418128 6.45882393382941 0.6746841565819438 93.40390173054408 3.8108790515142124 1.0
964993 151.0020176574 3.65629379939135 2.9116311201974945 0.7388388326829504 5.909403378684904 0.6509156893468306 103.66615454942425 1.1468467878130781 0.0
965203 150.606436788659 3.65802325803329 10.56912346918323 0.8947513029488298 14.704636932446512 0.6511847721650431 93.61936447439403 3.588589837810882 1.0
965493 150.475247911328 3.66184730925835 3.2444438694833693 0.748112205189041 4.343608038816739 0.6469906957840149 91.59682868068431 1.2874622606660606 0.0
965587 149.795077202562 3.66302771508969 3.1874193771716404 0.7810946863268321 5.460505175327373 0.620859017518016 90.72386241300154 0.93937513910157 0.0
965773 149.933527347602 3.66497602181984 5.6126872306324955 1.126611352920292 9.957431705928105 0.4654394058489263 89.53926389812287 0.20436069121813927 0.0
965825 150.923059249414 3.66495568568457 4.113687985657237 0.7983354686646661 6.115048937489197 0.6631630907741146 101.73404241793008 2.993830586888615 0.0
965915 149.932936486769 3.66496821942319 16.41333561863041 1.3099995578545707 21.71848312876388 0.6011703907196693 89.5427498289018 0.2126502606330838 0.0
966600 150.743278785744 3.67343087830566 3.117090620684093 0.7841788290287481 5.286728638002324 0.6659309818649872 97.43742064192531 1.5582545313447242 0.0
966656 149.611328348646 3.67335558304533 3.5150034370700256 0.7642727970869532 4.741107406581138 0.5708820022482787 94.15356814110498 2.4448404933015686 0.0
966703 150.927443026894 3.6740725423683 5.742308845786662 0.7557586671502382 9.327342959755681 0.6449084521268593 102.33971927335946 3.0161115321542407 0.0
966784 149.680400323644 3.67537426634063 4.757240787266558 0.7964995125163541 6.65693561150803 0.595990166626838 93.06630335062812 1.96917370669139 0.0
966791 151.051343392611 3.67503395323777 2.9178350384418796 0.8195533845217674 5.051789259347771 0.6703735265751879 106.1840102165506 0.773765647942417 0.0
967021 149.650017422016 3.67794259497147 2.7796544831536227 0.7459650761475674 5.376297755940661 0.6006241003221048 93.72211617631098 2.013766944705968 0.0
967092 149.613446193976 3.67851373346219 2.751356107493045 0.6614885747896491 5.283185160560842 0.5755992565922511 94.40847119887967 2.2613461375879567 0.0
967297 150.994192386591 3.68008271051289 2.877390080497793 0.7542662219298011 5.190451892380973 0.6395320105459077 104.64560489212258 1.1990179915428654 0.0
967326 150.589464309716 3.68067856771558 2.7101934408549613 0.7739818794598416 4.738853847635615 0.5989955685639518 94.58594219626634 2.3662034792430875 0.0
967401 150.528013910751 3.68142235814512 3.1426663644224266 0.7609949402275077 5.486290411718223 0.6062871103403297 93.5526841680967 1.7781122906800375 0.0
967606 149.617793290494 3.68247817135045 17.095785295724554 0.9462890070484978 20.648593722788714 0.5931377574185023 94.55480224288155 2.114296789787559 0.0
967654 150.88009379643 3.6832591480609 5.194267362618508 0.7305274274567085 6.0388783361063 0.6041256921090911 101.48453801064198 1.7453349784983618 0.0
967746 150.968586912417 3.68380471596754 4.066917559951879 0.7703569684346011 7.562951289262322 0.6314887545380212 104.06167487361316 1.84552601828131 0.0
967966 149.612564739646 3.68699809722229 2.568545505333359 0.7072803159874528 4.793456105295121 0.5959057772694563 94.90898560779173 1.763988259944297 0.0
968544 149.621105962434 3.6919287095086 10.60078492941118 0.8343052614825766 13.323195770594449 0.6226414690775334 95.03470760255733 1.575859333296131 0.0
968626 151.013233882397 3.69284432716824 5.437878294974388 0.9257827741367808 8.970317778473856 0.6622526926182282 105.88896580821478 0.6797549985710968 0.0
968879 151.041010060138 3.69617792704536 3.837407929551997 0.7556452129860376 4.936772771472305 0.6597163121538012 106.92840248020026 0.5813303227141583 0.0
968889 151.038402554914 3.69625497956327 3.909474560858863 0.8074557321662753 5.508124129969482 0.6896371936007196 106.85002778946452 0.5749225228189954 0.0
969512 151.042753805667 3.7021782027487 3.7920729856146727 0.7889382594062275 7.604372634904037 0.6599037868323914 107.28935464653743 0.5409191276691171 0.0
969661 149.702834665392 3.70384693887948 5.680273268625093 0.7459686699534235 8.499990807321224 0.579003608765727 94.36423388131482 1.5274616267078087 0.0
969969 150.584579094142 3.70707445666058 9.351827848083976 0.780656166140487 12.130787928118345 0.666105644915473 96.00384156521662 0.41234484043784136 0.0
970041 149.603986460009 3.70844572097078 3.0769646014617567 0.7567497165602237 6.213501470966876 0.5670510292969372 96.2915217318342 0.5385734236517927 0.0
970219 150.542050843034 3.70977294362831 3.223195880842624 0.8595366667534885 6.493773025217002 0.6096270953490891 95.41964175804966 0.45495141227949015 0.0
970454 149.713680619977 3.71236634249599 4.29826015449123 0.7702026959854602 6.69055280861311 0.5729484599194485 94.697990799521 1.0652055665542544 0.0
970648 150.9515347037 3.71395836991396 5.541669865229357 0.9409604710895598 7.97661236493006 0.783480463814738 105.13220294573665 0.5331116802388687 0.0
970664 150.928726347389 3.71394814451091 9.083537161892535 0.9969252601867491 10.764915791514706 0.7417792710120007 104.47523219593283 0.5911722827902509 0.0
971035 150.750412295709 3.71825255025329 3.0955840817997977 0.8117859028512533 4.92441605273587 0.6565181692507663 100.07835849647081 0.31205667702803813 0.0
971314 150.707480845605 3.72106330040461 6.898221059536888 0.8141389081559481 8.096750671325411 0.6647610033848991 99.26181922041606 0.021569950098475753 0.0
971358 149.731514714051 3.72130369894571 3.924692650505302 0.9366857833195468 7.6134200907871445 0.537306626417653 94.96391050578299 0.45471537416241326 0.0
971444 149.701471601118 3.72254561219749 5.968525630243603 1.0635375663805198 8.121795794768094 0.5631323449781125 95.47065155347639 1.1032461932419244 0.0
971618 149.696473426445 3.72448147648346 3.112870380254514 0.7575939749821291 5.038778310637492 0.5641467168997693 95.65836866755417 1.1440092178082495 0.0
971761 150.660512373993 3.72555710191023 3.886797528454154 0.9271237967163092 6.389379115301012 0.606065643000237 98.51811470640354 0.09374863731009343 0.0
971809 150.728430935177 3.72593065112567 4.328836682272888 0.9915955260487055 6.47071904767385 0.6553304090034301 99.99942840041699 0.049683293825618646 0.0
980730 151.081059733517 3.75744582826328 7.611775824547039 1.586203184564597 11.756700619683606 0.7618739169751811 111.31638869612827 0.07907931697583992 0.0
981626 150.949106715082 3.74837711977811 6.747858384182642 1.0242757984961381 9.146218728382733 0.715996184914509 106.87276916424278 0.04297725095121463 0.0
982156 151.023883629291 3.74281069999649 3.7377812972716224 1.011251319112673 7.140425081986805 0.734361235331607 108.78930869098237 0.2500727438197471 0.0
982359 150.882344247166 3.74208445878329 3.6645178410076857 0.9093675349520018 6.91530430334316 0.6295065317121354 104.68971897715517 0.04462804382068797 0.0
982394 150.886260758319 3.74124776732189 5.17232015523146 0.9117839709251773 10.30717498956365 0.6326597244707365 104.7501745336005 0.03914425499492957 0.0
982794 149.740851245524 3.73718613985432 12.652668118201765 2.1465831007535527 20.061930601685845 0.5660618943512444 95.76369809577828 0.1277795980708483 0.0
983239 150.946794546188 3.73011759243666 3.3992155475465986 0.8723754289456888 7.015459173857679 0.706343814168752 105.84432364833162 0.11355609623210623 0.0
1025469 151.682928392746 2.8906652981264 3.021241229773072 0.817508627274323 5.641396093432732 0.6957353483142021 103.97514208047521 1.230126769466116 0.0
1025479 151.52652727203 2.89610099356424 4.3386592738463206 0.7096495658225149 6.855702678001226 0.6295059780437852 95.64269856594024 5.725532838440119 1.0
1025565 151.388032845845 2.958652937023 1.9454399334182504 0.632865842438641 3.96518924124205 0.5901909670704643 90.17867457261333 2.628376585166726 0.0
1025567 151.432926849209 2.95982493245228 2.512832949491517 0.6619144867544389 4.146373088532707 0.5872578896711006 92.52828299881956 3.6839594876111788 0.0
1025592 150.932883504387 2.97670205896484 3.061687861598217 0.5664921197907214 4.120066373811985 0.5337297872390678 69.03699490340254 1.8454847591370662 0.0
1025608 151.157495726184 2.9849611206925 2.7909079855121997 0.6163010474637939 4.528002518738331 0.5829493584536722 79.61804431614075 1.162437509382017 0.0
1026002 151.729487600152 3.07487640390228 7.660297258600027 0.9217706216919973 9.096241790369046 0.758172425161745 111.39528105654408 0.535742847422535 0.0
1026215 151.592632107735 3.07807527088996 2.602169526722756 0.7589641436993178 4.968098296647752 0.6899168218696028 104.37696545363694 1.1900025421667395 0.0
1026355 151.28210665556 3.0797142485007 12.373130238895737 0.6552066571717708 16.28582103344908 0.5834255261108795 89.00234811745064 1.9231787000407483 0.0
1026432 151.246773922495 3.08174305551677 2.717482162785555 0.6032453388541631 4.0628639350676945 0.5701927109042567 87.40103211572463 1.986095037472855 0.0
1026463 151.147895514841 3.08229028256936 2.5857174648357493 0.5712743704354458 4.4781777751409155 0.5267076373050978 82.84279570549329 0.5663215970320266 0.0
1026547 151.243933863975 3.0831089825536 1.9926953983504287 0.6109537465034769 4.0004555974703315 0.5686627192364366 87.31792542161682 1.9365604270632288 0.0
1026639 151.156758019611 3.08453105847565 1.7772849324891926 0.5687972969279704 3.5762880854365826 0.5227441316019208 83.33349299467841 0.5792022314988924 0.0
1026956 151.508126161254 3.08819092958862 3.911658653740445 0.7350982684056792 5.603672222289911 0.6645649404088765 100.39685951179428 1.338586849677784 0.0
1027016 151.421989923529 3.08902246853238 4.200049303686431 0.6708400389513614 6.346402862915716 0.6156800295219667 96.12584227004854 3.5432510893850275 0.0
1027232 151.1277755236 3.09283286570122 1.8465877286477528 0.5645042076844217 2.9697469829595864 0.5200982793162459 82.35054572782411 0.5345405230859511 0.0
1027286 151.663777984587 3.0929549289874 3.133440962106756 0.8132462298576938 5.095703013886098 0.7228136449469993 108.50069894630948 1.649638122219941 0.0
1027431 151.16317209413 3.09571884299933 2.3305704789985597 0.6006951792303915 4.643038964426422 0.5609376293898111 84.06208717225933 0.6016465380277918 0.0
1027506 151.143477363246 3.09630284519301 3.305285325649577 0.6044347177477595 4.684977796835482 0.552069536300161 83.19394339750554 0.5330819780655325 0.0
1027547 151.265542193908 3.09738878700616 4.297532479766928 0.6701924646340256 5.65480336567371 0.5919345588374003 88.86517421597543 1.8926685372983862 0.0
1027708 151.426838114293 3.09882822938858 7.791095612138556 0.722353204798555 11.06907543111561 0.6574183309801775 96.69873085536312 3.2675948724939032 0.0
1027830 151.409283551699 3.10152967353104 3.012545160152238 0.708989048393538 5.387176566462221 0.6582402065800678 95.92837993735205 2.3259987054877156 0.0
1028013 151.448900108478 3.10462494102937 2.923238661276025 0.6902475476420821 3.8686030851449766 0.6308607916207936 97.98500202482089 3.3865808441355103 0.0
1028108 151.541100126887 3.1061061005421 3.4404128506465916 0.7530611111892572 6.966212176745725 0.6810037657595107 102.63998282800765 1.3974655769451723 0.0
1028364 151.238927295725 3.11028863565897 2.275765295450689 0.644549838085448 4.460875381676018 0.6114825925028127 88.10372259500309 1.7239717791390794 0.0
1028567 151.628972911726 3.1123832889036 5.8023137477036935 0.8685719519471023 8.451073951058106 0.7435995136554234 107.30503215568721 1.877722771031994 0.0
1028719 151.64832128507 3.11467501036027 5.699943044947515 0.8931642474783288 6.519261984660438 0.7589690122816385 108.36793280435533 2.1091839523032547 0.0
1028965 151.240677223992 3.11905687043582 2.4627411574851754 0.6553023153189634 4.4225091264868475 0.6036107805433757 88.51805029733255 1.6591796777954426 0.0
1029011 151.666465442201 3.11862705186127 8.347445648586415 0.9843021592587317 10.923728475974137 0.8474911304936795 109.42207992224846 2.169653017352552 0.0
1029075 151.418146070545 3.11907061624828 15.127008627624292 0.7564923751873341 20.392546575222116 0.703571609615151 96.9693532261913 1.8718547371147742 0.0
1029293 151.310698859633 3.12414463312771 1.9833704644917969 0.6471566615526331 4.080061002785967 0.5862366290850863 91.98528525343063 1.4067489002880464 0.0
1029392 151.254603848752 3.12516514513888 4.088050437079808 0.6709433562173437 6.369176658521634 0.6135155210487733 89.39572411214475 1.5866531220295061 0.0
1030626 151.225340016342 3.1427982928257 2.2104857367970903 0.5861568431083769 4.336694137483242 0.5513861550438776 88.72837567131253 1.8028323588805397 0.0
1030678 151.173044834982 3.1442841312782 3.129187218303984 0.620336971765849 3.784377896867025 0.576546737651595 86.4293675767237 1.0931559985903851 0.0
1030849 151.303211487751 3.14630589885149 3.189750063405952 0.6415234262445957 5.364738062108397 0.5855938716345002 92.45742413377901 1.3245881738161753 0.0
1031079 151.701050040546 3.14979720230568 4.209237623098645 1.0552284995902164 7.21583857409078 0.8416548737858648 112.16138254680895 1.3375890041560121 0.0
1031090 151.483318387078 3.1503741274221 1.9451099213294958 0.7395783478145878 3.8866713435743336 0.7022634071876271 101.24258743317407 3.306619647703086 0.0
1031564 151.276725962452 3.15810589540633 2.441017529103557 0.6949664516917758 4.541346569779318 0.6353891549252801 91.675142174483 1.5079482739906205 0.0
1031632 151.662471739188 3.15880887087239 3.6427974316281033 0.9141895489542636 7.233271015237943 0.8063999900808404 110.4753513734421 1.8539089009281264 0.0
1031663 151.589091932238 3.15886221102 9.161091547870768 0.8573941252459548 11.671220149371607 0.780114392013477 106.77464272771827 2.7262015456162554 0.0
1031684 151.311744545425 3.16008559981373 3.3863061905405836 0.6981524099607196 4.057126772118563 0.6416716425713653 93.37396396825737 1.229444425360255 0.0
1031811 151.558814943485 3.1615736315706 2.6668149419752183 0.8858139436793487 5.422232528717415 0.8202009462708495 105.35319822740578 2.7206415445559498 0.0
1031828 151.590800006974 3.16187049349349 3.4718484656916786 0.8297663569731645 6.102005927518638 0.7624844972814132 106.95924068233568 2.7542480731480152 0.0
1031845 151.465065126736 3.16234647030018 3.602557459733684 0.7985805356210082 6.003662196309784 0.7374253389898533 100.76597581654275 2.8521478782090446 0.0
1031901 151.585472922867 3.16296531101342 2.552600500647099 0.7859290267798906 4.906928502273848 0.7062969712511208 106.72885454305238 2.7500862143120504 0.0
1032131 151.489381475759 3.16589515207775 13.237785603286921 0.8071635941412278 18.674396512779605 0.7482801228802155 102.07569137251112 4.383487441413114 1.0
1032175 151.225686388372 3.16714321249071 5.17348221496654 0.6342311575295485 7.6864918232898045 0.5777442321610887 89.69941549430906 1.9313352431742492 0.0
1032356 151.531821200715 3.17024098532931 2.97133948764695 0.7213365113729889 4.94880707496479 0.64944712911387 104.30895394718219 3.8783256892799587 0.0
1032573 151.605882784456 3.17342113786319 5.825088058349938 0.8684251088637917 7.997823013147185 0.7018047380254889 108.0950020054367 2.7796084744337604 0.0
1032619 151.532713920174 3.17355628157021 5.983668923158728 0.7456210892586955 7.144090881505664 0.6567826939620955 104.46603629665165 3.9090769296601566 0.0
1032658 151.500255543891 3.17462194109268 5.776132187782141 0.7404411697065643 7.697528751191385 0.6893443931755042 102.90994451587547 5.137456139427239 1.0
1032848 151.211105209298 3.17761351657415 4.024690562480535 0.6271825218247059 6.417218332511141 0.5917336931103395 89.46202713985973 1.5936381288906694 0.0
1033088 151.68090102399 3.18058630809403 4.003449526884188 0.8661224468454002 5.8341234107853905 0.7370844595502247 112.10531548254052 1.3808098553987214 0.0
1033590 151.475661684599 3.18766628333553 15.637274014560585 0.8270953548697698 24.049030302187695 0.7523957328676086 102.17138917136887 4.811455210490162 1.0
1033998 151.509693576845 3.19521823508681 6.152207165594212 0.7614972367951669 9.666930291966922 0.6714086288699579 104.08806836681428 5.546815807078611 1.0
1034010 151.630399395706 3.19568621036718 3.2596745132377487 0.7541267234330742 6.324401627798493 0.6998079266823748 110.05672822789813 2.5115185388529535 0.0
1034213 151.552639638124 3.19929021270698 3.0544091829539757 0.7329658531771056 3.937737978157327 0.6820166569402307 106.32786155553221 3.903884616829525 0.0
1034441 151.226016251538 3.20329178104442 2.579540843728631 0.6064347590999333 3.7635637009406824 0.571727891603359 91.15718072571741 1.6342203629646654 0.0
1034546 151.452917470151 3.20435869964876 3.094443396238239 0.7027250703077516 6.30730486418367 0.632174659491901 101.67524517214692 4.452123650452498 1.0
1034759 151.175789951544 3.68196012722749 3.291808265444453 0.9310200603415265 5.586846241126375 0.7386139876817516 110.7040911421551 8.884416340195806 1.0
1035156 151.297714386838 3.67874907792028 152.6636308857512 1.4585830303634784 218.78837071398257 1.2809650349343313 114.9608873065311 1.6517014971836927 0.0
1035322 151.270432972587 3.66767029046678 3.912041199942431 0.9216831756980836 6.742945929555193 0.7708919383036705 113.42461095774574 1.8409474200750768 0.0
1035393 151.246028681081 3.66631709251017 2.6898560435102246 0.8660553337332482 5.217187764453164 0.7392047389354405 112.46202585570023 1.8102434612306486 0.0
1035639 151.338065445502 3.66099094354396 9.162473658585043 1.0810509892641034 11.202914582737645 0.8771454785719981 115.66651141948036 0.2501870968986911 0.0
1035675 151.166173119198 3.66045390075253 4.016822162663256 0.8114482073194431 5.85565698928679 0.7159741669405812 109.320256367557 6.776475761795318 1.0
1035862 151.134742850707 3.65576222853988 2.846211985615605 0.7907552417211333 5.808292593325706 0.7036771928819393 107.9999315866727 4.1447370501344984 1.0
1035916 151.113853477838 3.65854773611466 2.538152203147604 0.7957788336978509 4.494511248992908 0.6882596538693354 107.42398069091092 2.684153397592072 0.0
1036028 151.148162453313 3.65180757078014 3.9969118625086866 0.8730617896931052 6.464117904578194 0.8062644700951151 108.27027108413354 5.079860107540629 1.0
1036095 151.184387718237 3.65003990486231 3.6595782180030496 0.900189739064002 6.604071099907761 0.8211481054299897 109.45837191520567 4.737034890988849 1.0
1036387 151.382441996223 3.64182206175784 4.864085001532526 1.2647994716116144 8.531225814159413 1.0463777507225007 116.52312407016016 0.005843033564091266 0.0
1036454 151.152119821044 3.64046027080196 6.140956238437263 0.9004775515311232 7.32574817961581 0.794619022048606 107.8550533870504 4.515713041811285 1.0
1036959 151.232406982195 3.62688377741652 4.983026225450645 0.8451832036843037 9.208656294518587 0.7298147426076523 110.09361540592346 1.552877792524995 0.0
1037005 151.153636541356 3.62572928983468 7.264360523184093 0.8311479748403009 9.053832082342126 0.7302871762224976 107.19292450716632 3.280204160897447 0.0
1037080 151.414438750303 3.62388905297107 4.9132302781801345 1.1902510054246676 8.696893685355198 0.9533943660844164 116.99892783455203 0.06600114131784948 0.0
1038030 151.110973670099 3.60162884355141 2.568118923183518 0.6892224375808096 4.867737538762996 0.6434916405706332 104.52608906764148 1.529502767235538 0.0
1038603 151.280006138357 3.58667922597553 31.28574989868709 0.9020729614923516 60.97062827991803 0.8306569086849311 110.0161545060479 0.8417774911918139 0.0
1039264 151.159699364089 3.57822579365114 2.8174571554662906 0.7121882659187461 4.748253333581406 0.6539319328828024 105.12289950204352 1.4771189277532313 0.0
1039379 151.196247006354 3.57589942979771 3.2100107197421446 0.7512394470433414 6.537428229511779 0.6700295697696126 106.35034735575113 1.3170345014598104 0.0
1039444 151.263448404029 3.57446135834123 1.9924743172905808 0.7126703600318891 3.9658085772338207 0.6530458446302935 108.81749829538442 0.8862959066350286 0.0
1039854 151.365579784229 3.56613620683457 2.8797103371655073 0.7936574327117667 4.3300496022401385 0.693301744146788 112.46717620904063 1.2192334358897154 0.0
1040166 151.476287072887 3.5591587308374 3.839569489419324 1.1344541349965611 6.677196010324059 0.9447603588228409 116.74653933676629 0.031839714345199666 0.0
1040349 151.173348948212 3.55633222436498 2.913172893412767 0.7198196361097716 5.83282872816642 0.6605383165137729 104.58049219601622 1.3776762419211013 0.0
1040440 151.471152618548 3.55409914723677 3.8099092183772596 1.0639119514322297 7.730222996032638 0.9386559721214163 116.31446346294585 0.05663607183700131 0.0
1040628 151.215588747744 3.55110654472584 10.138538168409811 0.8864365932582032 11.971886399202713 0.7433269285629955 105.91267865185199 1.1349343084689678 0.0
1040629 151.286076029347 3.55113483040478 3.232663223351338 0.7754309515934975 6.286072713032943 0.726191150643493 108.62938192409494 0.8189009138860592 0.0
1040780 151.258709012114 3.54851490597904 3.4281624877374353 0.770983221110378 5.891626504319866 0.735629483505857 107.4436096101843 0.9378872397657357 0.0
1041069 151.123215857033 3.54402963787084 3.058483666971354 0.7089899437283335 5.592840151677917 0.6641498307822924 102.1690102173675 0.8257466706666314 0.0
1041974 151.466133056168 3.52618001136025 5.481969867185197 0.9147647930938951 9.80125821685814 0.7721892090002793 114.9211537701342 0.4911331629249707 0.0
1042045 151.122467565275 3.52731850844676 2.626174526227492 0.6537759448245661 4.272864417346762 0.6074567797962223 101.34193602134647 0.9894159390697004 0.0
1042394 151.384381597549 3.51839927068324 2.166373176693005 0.7453178027255615 4.281743326283253 0.6686960402340678 111.1473644699791 2.6471158755628537 0.0
1042506 151.40228366621 3.51619067312482 2.953190882926768 0.7842269511646265 5.918202842651142 0.6680786098915027 111.79802675001038 2.5102522371387628 0.0
1042659 151.332287947363 3.51315104950689 8.052828032341464 0.7815841955887217 11.168321126695018 0.6964201459313815 108.77766894674772 1.1020414542559562 0.0
1042841 151.411398759062 3.50973728971315 5.894176082692641 0.8206046105812682 9.76151860664023 0.7036911247227521 111.9041624390123 2.6287904259082784 0.0
1042860 151.189343136516 3.50982396018087 7.16238382627715 0.7554757684565959 9.009572091944781 0.6602185666035101 103.0001630069609 1.5096372116089696 0.0
1043179 151.482013372245 3.50373711933126 2.828144370986654 0.9013965631962867 4.2383054690059625 0.7896077054306199 114.6661587350068 1.1582668191244019 0.0
1043295 151.370132119335 3.50159058975021 2.6015642255798634 0.7370080626313211 4.381535865928575 0.6464573715266524 109.82892148903309 3.157825637623873 0.0
1043347 151.145162878396 3.50094822871058 4.55788779802273 0.697876848654158 5.157904820312817 0.6260596372077487 100.92498467052542 1.6048748237630117 0.0
1043489 151.373135936025 3.49833726575069 5.005083728723461 0.7604214173702752 6.497089498634888 0.6521736753425892 109.81334112382984 3.3159458147651826 0.0
1043908 151.073481076047 3.49151476199851 2.560774963177982 0.6537521274798713 4.340265169582155 0.6092565495866946 97.8621377626369 1.757996421465746 0.0
1043925 151.499040896443 3.49054040209965 4.836283897306505 1.0300480879903964 6.591982330900823 0.8934554408331181 114.8629558946281 1.353206584856054 0.0
1043977 151.182884053955 3.4887516555293 9.81237767997193 0.7352388129150496 19.867576271943996 0.6915377696589586 101.77850926802317 1.5166385842823438 0.0
1044118 151.460193478707 3.48592430801553 8.439464813354567 0.9283770157506704 9.684644460172295 0.8035147341757269 112.98315118553484 1.8049374719570235 0.0
1044306 151.129585318739 3.48282629730111 24.076862308833263 0.7800268637088377 30.802661387101946 0.719341114310396 99.49341223743347 1.9450272760432172 0.0
1044339 151.552089621682 3.48211843066552 6.285917428374716 1.478240977415342 10.174938385915334 1.3541858716113089 116.8657400371582 0.17807502844233164 0.0
1044630 151.332440796713 3.47698293377943 3.29768358796098 0.7399313449488406 4.644846369689724 0.6997548775288178 107.20152644556592 1.3409845365891737 0.0
1045238 151.384160355473 3.46609360632814 5.69058566354836 0.7409251220000423 10.056148197572755 0.6528247120664126 108.89685012785512 2.6229341260732446 0.0
1045504 151.099914469311 3.46199067978605 5.318130981442364 0.6866575024503383 6.684385200711693 0.6157067601148756 97.4123978473909 2.2718067633925414 0.0
1046058 151.35235288599 3.45154862330198 4.96943804529523 0.7759633023836197 5.516283141290591 0.6939181701607179 106.93525776162019 1.6025732380066842 0.0
1046178 151.191572056678 3.44954675192915 3.4069039407700106 0.7182994290368208 6.6531419532282925 0.6609990200851981 100.31707266279825 1.7548300459277908 0.0
1046255 151.422938439028 3.44759526102366 3.3877382601664614 0.7778156470359906 5.59954674928028 0.7086684100512113 109.7810777337389 1.3898188190526586 0.0
1046475 151.537990945574 3.44369825583217 3.5641118883343403 0.9264361992704505 6.511109411343402 0.7778323642139449 114.70482196202707 0.5835313971670277 0.0
1046481 151.190921986876 3.44412059369613 4.143655091973396 0.708922846605365 4.923470567457789 0.6390553407243829 100.0451113161047 1.832032926610548 0.0
1046514 151.326720270576 3.44328017385792 3.4234359626675976 0.7491295953843272 6.210854549972525 0.6843667859468414 105.50664909530134 0.9643217255803957 0.0
1047205 151.544922891056 3.43293504197776 3.1786461802620183 0.9335761424464968 6.108752955786575 0.7915495104669388 114.59351948323693 0.5936442511857605 0.0
1047372 151.139063668501 3.42726607009529 6.5817297579114 0.6581493348516265 7.961664607074623 0.6117679892233447 97.26389804910548 3.2048330746093914 0.0
1047537 151.13295540063 3.42336776384359 11.499586308561954 0.8071663629722148 14.074900988897259 0.6381753428237266 96.85003112615264 3.303931025146496 0.0
1047594 151.168726572977 3.42240376052424 3.255143961011878 0.6538049481176411 4.724620708232221 0.6189967990880407 98.19016203608288 2.477657884620485 0.0
1047601 151.112666907736 3.4224552968307 2.705229610955014 0.6801369089017668 5.201655307067867 0.6148926101198723 96.0350588137715 2.960886535292394 0.0
1048405 151.221055139223 3.40656394561184 13.637966786027745 0.7917945031923641 15.47115728572087 0.6634334483171335 99.56064250698361 2.190950068104293 0.0
1048613 151.673876404599 3.40237086747542 5.8014160324158315 1.369386388104102 9.65759196705982 1.0410588648979568 119.40686039698535 0.38736641443370307 0.0
1048684 151.385174258173 3.40602968623482 9.084458697795467 0.7404031581873034 11.244152316503214 0.6731216014895253 106.42298244151387 1.1389162539678968 0.0
1048745 151.227077425998 3.40055470557587 3.2617328075197554 0.6962176251366928 4.107850904884901 0.6221472106288826 99.53950919589012 2.291784390964962 0.0
1049058 151.375658755121 3.40748831966718 2.200604044346272 0.7340059042728035 4.465932305114853 0.6442326033353408 106.07165026246528 1.1329856349254286 0.0
1049137 151.26340875366 3.39375024081449 6.823042683341638 0.7084048352025742 8.867760888639902 0.6555804997096288 100.73462990222689 1.7052228491827428 0.0
1049549 151.334014912179 3.38899747942272 2.5006369233367307 0.7590571687074317 4.645942633023182 0.7023067993350756 103.50855356302176 1.1043378949328726 0.0
1049663 151.133669307332 3.38443882531605 2.9101723972347564 0.6382555395158622 5.0759983435816025 0.6046009841977444 95.09396763454413 2.489643092794505 0.0
1050299 151.553042917206 3.37282316143786 2.9125777643163087 0.8327538237627425 5.656552056339872 0.7458971729288435 112.64178150458513 0.7810625893898061 0.0
1050562 151.548360054546 3.36846976670595 2.8257010196810746 0.8547615072159515 5.295361357663085 0.7469581559999848 112.25927749493555 0.7848818872631129 0.0
1050675 151.279867261223 3.36733550235229 2.5676038828577212 0.6435545295034442 3.6404639126719993 0.5702862937314539 100.29025808071482 1.3982746279127232 0.0
1050860 151.162891449455 3.36414650669855 1.8105450778884142 0.6185094468413913 3.7070622320798003 0.559478983683122 95.33498397775713 1.3636445048969377 0.0
1050903 151.266751343835 3.3631681655518 6.537492995832747 0.6743380682636587 9.0520172089941 0.5874254322890823 99.55959032623598 1.4364656430820566 0.0
1051171 151.165655227209 3.35837776079561 2.3515694456417826 0.6340741460848365 4.357196734012479 0.5805284242782727 95.18889329034195 1.2575822324873285 0.0
1051306 151.096211272953 3.35639073364349 2.4581866558841545 0.6573170192008159 4.441380461544203 0.59128148770429 92.3573198826759 1.3961126014437681 0.0
1051364 151.669982487843 3.35446388265231 4.6997568789842195 1.3013470564606313 8.453528118210528 0.9951623338653931 117.48071898186124 0.41711431960790646 0.0
1051392 151.343115135505 3.35432006718498 3.127988487697708 0.6794910523748425 6.1873902140497945 0.6373434110614752 102.46027844727543 1.4697764753894451 0.0
1051557 151.642920490836 3.35105331996102 32.3191886132048 1.4459751133510577 48.82449150629054 1.2522042818212702 116.06224302141356 0.6302468038498396 0.0
1051875 151.315733880763 3.34671521733048 2.691675809741346 0.7279718793991223 5.137958853615686 0.6777198557662225 100.9572131644597 1.3891955528597766 0.0
1051889 151.091511889999 3.34661495410306 3.103571327172254 0.6531744154339333 4.854200605119998 0.6133490342634594 91.72806248936294 1.286406626626455 0.0
1051901 151.400942399759 3.34602539159153 3.25018541027527 0.7670059011479753 4.317949502346033 0.6811806177313812 104.67449039526149 2.13855469385975 0.0
1052060 151.40135311401 3.34314989160136 31.552615983337382 0.8566346211943409 37.25027482443999 0.7683947137800125 104.5778772653019 2.261822417922882 0.0
1052161 151.208560859514 3.34186723222425 3.528413464776747 0.6972036594427763 4.464645090580605 0.6147512057984248 96.21411959033844 1.4022003590349699 0.0
1052166 151.105980706998 3.34175336403401 2.744588992652402 0.6888645167536583 4.131303909920464 0.6133531159580413 92.07154967172869 1.368003930778623 0.0
1052372 151.751654159345 3.33760788978999 8.749929705383956 1.63233802559148 12.830868723165326 1.2224382214962863 120.85349357520835 0.0067135492503467 0.0
1052398 151.092939220643 3.33797619308512 5.963322821632485 0.6886666450460143 6.882485161222902 0.6230086155737776 91.3896332520546 1.272167515250754 0.0
1052493 151.359965271706 3.33640876882194 2.7996523401635773 0.6749842204441522 4.5974232591314985 0.6299619689962294 102.46776651452589 2.102203943740347 0.0
1052668 151.623650234631 3.33347696033728 4.259603802838554 1.014221311841202 5.822031551536497 0.8262405666513053 114.50547636684952 1.126696473807656 0.0
1052831 151.622407311582 3.3310766584124 8.106329133784417 1.1407334085199752 10.597208875669091 0.843717558786648 114.35927686964312 1.165730895338542 0.0
1053019 151.106666299692 3.32883202947683 2.776462649494578 0.7212468611369103 5.017574357944603 0.6532389976284754 91.51430606200388 1.341075061911385 0.0
1053224 151.234560673187 3.32534556888516 2.6487316186163303 0.6941418304505355 5.084931975552711 0.6488100242308595 96.59031218596593 1.4152624557731843 0.0
1053260 150.99254464396 3.32506900713296 3.6555288422015546 0.7116324448420113 5.051306409042336 0.6810523726902578 86.97940451801794 0.9127747173228207 0.0
1053294 151.360533329052 3.32409493507087 3.6960827311745463 0.7298082071639286 4.654193707802528 0.6407687511282272 101.99529493066065 2.4300435236516016 0.0
1053307 151.4917463859 3.32356478583669 5.199368012981004 0.8169966090833489 9.947495805482996 0.7205849624492116 107.92868968069624 0.8781653222121588 0.0
1053567 151.570290537265 3.31965323024996 7.242580755406965 0.9875510293460666 8.668464746972033 0.8397566411611082 111.46257475823114 0.9273005764443908 0.0
1053577 151.268603885563 3.31983180755108 3.0839018083699945 0.7016455876456499 5.622794381985931 0.6530235820122109 97.80610849151022 1.3419155045837148 0.0
1054289 151.407322203647 3.3084773864799 3.1723244465431075 0.7368270324769491 5.6411259547818515 0.6790117442914266 103.47507270418633 3.493592221837787 0.0
1054590 151.638731170028 3.31154607266082 3.747407400960764 1.008087192004361 7.3770671839584425 0.853965380529067 114.4440630402357 1.3218704187980315 0.0
1055222 151.791618227575 3.29363751032529 18.868669208629814 1.6350114439555388 27.669444467536916 0.9999130658305424 121.35456927415528 0.017739166388073137 0.0
1055252 150.945918134473 3.29447980753355 2.6293720253301194 0.6354722588836563 4.437855911834695 0.6143712605500845 83.8210243458069 1.0434480100925527 0.0
1055324 151.203934398316 3.29328893736712 2.1567760440221897 0.6735641491528915 4.373271400100759 0.6207119477529848 93.93285425752075 1.3760448878350362 0.0
1055327 151.425012317534 3.29291134406283 3.3838761015233936 0.7184011941132133 4.603897187266683 0.6687278826022102 103.67758931754845 3.7891518148536187 0.0
1055414 151.435089809944 3.29153110186459 7.675373003976423 0.7530335250713831 15.246928041881178 0.6742853222296549 104.08794046157814 3.658815746931516 0.0
1055607 151.539736435777 3.28880425178281 2.6981006802854974 0.8450818188698952 5.532533564890048 0.7390666952521188 108.8829529710094 1.6715692838042027 0.0
1055874 151.667274946543 3.28424567517883 3.370615744535348 1.0068542742064484 6.817006797003545 0.8641468908295395 114.87700466590405 1.935136389144751 0.0
1055879 151.593354984008 3.28431504559196 3.4090192628920906 0.8266101899111672 4.842916844142279 0.7267793524475692 111.28649366175455 1.6601733929553293 0.0
1055880 151.47585082008 3.30354499099606 1.9070987864449622 0.6696567694157403 3.8644619034054073 0.6215237543145056 106.43123733234651 1.8659792955945391 0.0
1055995 151.382583960131 3.28299904413119 8.588407844430794 0.7122472638710949 9.258389875978336 0.6305812534839673 101.354781157607 3.677391732660381 0.0
1056032 151.310257882755 3.28272179644992 2.4957216359874894 0.7110352765234059 4.697969045253298 0.6451187430918822 98.09699148832662 2.095406388303051 0.0
1056157 151.488436552086 3.28066614091189 2.524697547196652 0.7405975002224914 5.163208190547546 0.7008442521979187 106.15945746362617 3.2416411455288587 0.0
1056263 151.290783311464 3.27918922984504 2.535793962255862 0.6506073747987544 5.216427951212533 0.5945932227511794 97.09344685632485 2.0352318333243486 0.0
1056457 151.561107541139 3.27605934415272 2.9527819409080855 0.8029346293547325 5.7144557224877355 0.7116628416293855 109.44068675340498 2.102898996677754 0.0
1056521 151.238629457313 3.27546213592029 3.08411374746406 0.7004558788920653 5.523474649359691 0.6246664788784848 94.66471361626812 1.8242270926105775 0.0
1056552 151.406557637809 3.27455080183002 5.394538552879161 0.7241486205148968 7.639148930262323 0.6471154127989066 102.12277950937074 4.737031013317757 1.0
1056802 151.605661210353 3.27051804925624 3.3383211709869145 0.8021830416044412 4.860944156865736 0.6949180823252279 111.3935296611544 2.033991466836042 0.0
1056899 151.312439753471 3.26925754855908 3.790740190011593 0.6577582953250918 4.65959596577981 0.6256316258210035 97.65249153427158 2.0849943419608192 0.0
1056936 151.428278324181 3.26846591968279 3.5361081157401184 0.7124038891847098 5.0434959512617095 0.6215770352362092 102.89274876311879 4.775353841465124 1.0
1056960 151.307418252125 3.2683402821426 6.097551086220659 0.6799128356120121 7.858454388587397 0.6174659833556995 97.39194484014149 2.0845258001104483 0.0
1057097 151.209241955976 3.26619792967682 5.385940083400064 0.6889499631209688 6.312621367946706 0.6189465697802674 93.01368641803526 1.3568282069372095 0.0
1057166 151.276664848446 3.26521765464231 3.201736339388057 0.666463291201886 3.8953401160579006 0.5951263281164035 95.90345073371932 2.046075815010524 0.0
1057173 151.330940108046 3.26507340739971 3.3567824051848545 0.6601025822269257 4.989134861234757 0.6067807893686141 98.31426862441627 2.0077767454373574 0.0
1057180 151.384090832818 3.2647768781302 4.962636036472514 0.6951727981130705 7.187734111112866 0.6138451468572831 100.7150255311183 3.989925496060011 1.0
1057547 151.480084173982 3.25861729845097 12.736697462395833 0.8090921562950986 23.00958235466875 0.7417470809916384 104.94873305447224 6.102527045854332 1.0
1057622 151.296765355787 3.25793496209015 2.344397509105063 0.6563444352358733 4.08021409852281 0.5994936125589971 96.49998391099226 1.9794154470135337 0.0
1057679 151.593404968105 3.25653259401926 3.0882062578928404 0.799471834895959 6.318260286953692 0.7354832506813552 110.30722887063618 2.682617394893856 0.0
1057811 151.368529727161 3.25440457544355 4.330206432019344 0.676158213386126 5.858671777833842 0.5980244342776456 99.60130282566705 2.678357771530018 0.0
1057812 151.688830002124 3.25380890684801 18.818494495131016 1.0743105675675457 26.81639218912544 0.8354121472529311 114.90468196742026 2.597802518847083 0.0
1057828 151.435384692636 3.25416550885152 4.75110131344294 0.6766423448636143 5.9108564362040585 0.5816481734505875 102.68325924687225 4.894252915633976 1.0
1057836 151.456822289013 3.25386791457987 9.76859268551505 0.7068297400732513 13.752291317225502 0.6255432577771048 103.67668495737776 5.938758814043994 1.0
1057952 151.734751934241 3.25135304704556 14.682852271786288 1.4338759977226536 17.521785192477406 0.9405949701879596 117.11481857922361 1.0710543319383736 0.0
1057982 151.655046414398 3.25161475085607 7.335148309362007 0.9537209554738929 8.525035029443336 0.7529404137641549 113.15784011703275 2.127935022752043 0.0
1058033 151.508238234703 3.25103150228767 3.6367258787474475 0.7196905571756775 5.9737138889655155 0.6180205272744849 106.00778471034052 5.177792215261003 1.0
1058074 151.696559339154 3.25004138855374 7.654494685529519 0.9600057805467976 8.727954479803186 0.8026120616247274 115.16303858290658 2.627799410584962 0.0
1058343 151.599886014769 3.24618173876561 3.708197767238101 0.7578545594525534 6.187926757309193 0.7018661308323239 110.26213709171897 2.8919228259496634 0.0
1058509 151.496806607932 3.24385472443312 2.654198127874256 0.7327837133056798 4.6113064286335135 0.6544467543164606 105.20200453678973 7.217008265673536 1.0
1058641 151.496419368975 3.24168523936604 4.057404687878363 0.7412542987883971 5.5982389331330005 0.6620180917498277 105.10480319200879 7.474907476954421 1.0
1058676 151.620752573608 3.2411913623899 3.3814394457420485 0.7835251310847686 4.752882000989341 0.7275169416981427 111.11264590854884 2.3974339528299367 0.0
1058797 151.55883497515 3.23934022292901 3.226020361989293 0.7459442030574833 5.538684047700632 0.6997754533898334 108.02440723424854 3.912654477727565 1.0
1058804 151.477758260688 3.23906229114854 8.238324569800179 0.7267568012295879 11.918043053463268 0.642128843868575 104.12060343491426 8.35600402417295 1.0
1058865 151.272936147475 3.23901386835283 5.0976754895738186 0.6939796170134374 9.20922618663908 0.6289979808944437 94.67952590826883 1.8838258500203329 0.0
1058935 151.591703861362 3.23696604851942 3.4135832412351057 0.7523265178534356 6.097685254225529 0.6952687732830628 109.54257080701113 3.5533327907375334 0.0
1059031 151.551310974165 3.23533329678091 3.1181512174749897 0.7928328222622095 4.3944132904343896 0.7116609231041718 107.51839136807388 3.9233085420043174 0.0
1059157 151.159901959515 3.23414728509108 2.7877541360771843 0.6835564447241927 4.681787379537334 0.6259505516667451 89.5585875620946 0.4648747677267045 0.0
1059181 151.459756892498 3.23352882494513 2.0566146067435165 0.7336063293183488 3.939044635463873 0.6544389900835492 103.06368610487846 6.765882571725881 1.0
1059234 151.702360596265 3.23210919640522 3.724229556219258 1.0585483950112193 7.480302768181715 0.8386963791464229 114.8589605050425 2.54086552934494 0.0
1059260 151.287367745634 3.2324087140206 1.9090283850255598 0.672104790715149 3.815449635921936 0.598592485128975 95.06038529378087 1.5937516802222156 0.0
1059428 151.562409375703 3.22759933034891 3.666820586304322 0.7718340794701571 4.70398793526064 0.6941245725712809 107.78667231643249 4.315865480552131 1.0
1059540 151.431063146624 3.22686401435357 8.154718073713592 0.7326468707361672 11.352218850222378 0.6725566022521263 101.46197242358897 3.428139085512581 0.0
1059692 151.452037749858 3.22356223889291 6.276827352904647 0.7048265160172434 7.5854096226686885 0.654861722306955 102.33225236928882 5.398581838759894 1.0
1059764 151.27982001538 3.22275266275319 2.216101092709171 0.6963157371426606 4.518682735282957 0.6270420251251735 94.3379423554147 1.588049642210211 0.0
1059917 151.491169715981 3.21961000528245 11.1393810107885 0.779939553183743 14.96164591782154 0.7185812495657319 104.05724070530357 7.9834056069023545 1.0
1059977 151.237239470497 3.21912000574582 2.6026724636008964 0.6580188949951628 4.963934195613685 0.625407325759119 92.29357845986125 1.791617109900811 0.0
1060103 151.418023590017 3.23321310490934 3.238932165436855 0.6924505308932788 5.128797573820576 0.6342426365320321 101.08577978206654 3.2566032015081072 0.0
1060130 151.486025171209 3.23051445407754 3.501142543062103 0.7379035026479767 5.375866795948051 0.6910984917650865 104.20375031151256 8.684369972741026 1.0
1060274 151.669669039596 3.21683762336543 7.823248807117559 0.961421551465928 10.682471998963605 0.7721449799123015 112.71910302218325 2.5419527979845 0.0
1060385 151.548427674138 3.2125015011364 8.750321264791642 0.7403040683254115 11.0574174933412 0.6598077318116302 106.57877719845315 4.183077294488313 1.0
1060471 151.424659117773 3.2116680710307 3.143322783317655 0.7126228261593612 4.840730755479435 0.6395065675538134 100.59837608603117 2.498316724583674 0.0
1060743 151.489316377125 3.20756583264536 3.9013691781116777 0.7381303624937406 4.776897301300592 0.667392009633183 103.5374838869038 6.8846649700263525 1.0
1081855 151.118977162376 3.72610285618313 4.651182395777675 1.093828359369035 8.310973969235686 0.744560913679572 110.9581353294119 0.530372660216142 0.0
1081867 151.097723522965 3.72225710497818 4.479802727368804 1.0128658982060026 7.0643265862495195 0.7416046337135311 110.06876421808526 0.37236996692030816 0.0
1082368 151.329446519163 3.70912467121168 5.78479387846123 1.4478302930893345 10.63326118343454 1.0052286167689768 117.57147699929288 0.7388055006296635 0.0
1082373 151.145489940529 3.70905688833692 4.268843368763185 0.9099674149926014 7.9943202238914415 0.8058308061407942 110.99465301822829 3.1894433123818295 1.0
1082545 151.229179185551 3.70467496501683 3.324847844824152 0.8533352573503938 5.550274128912118 0.7736182527642432 113.68878353968093 1.7314434513434718 0.0
1082562 151.187700906225 3.7040618000462 6.509918251829916 1.0593887780259281 10.329927539756131 0.7840765328597907 112.19752563672226 6.1196385565429505 1.0
1082622 151.193571691587 3.70323638618979 4.718695040523849 0.9272668347269505 6.604878940658774 0.7376707557050955 112.36201011873692 5.58976147283032 1.0
1082677 151.214187289741 3.70147466775069 4.63838750648407 1.0179084582856623 6.615762515303348 0.7261443721059025 113.00156365450889 3.161976517603626 0.0
1082958 151.178523949496 3.69482397380164 3.361916713432641 0.9094996785062619 5.806884859355222 0.7192396513662141 111.42718336676987 8.21667940271217 1.0
1083051 151.103184053932 3.69877245020007 2.7802681537018095 0.7953972923248291 5.654630312124243 0.7042941725642193 109.06868233479827 1.21173097135204 0.0
1083135 151.174664185332 3.68982201531755 4.984708733434942 0.9823994091349951 6.978164717586491 0.7268777895298371 111.04865575747733 8.780385215274148 1.0
1083233 151.201666267542 3.68908180024596 3.14669861513309 0.8590133634198733 5.469011066307906 0.7233703005311204 111.95874728731955 5.55674109920674 1.0
1083432 151.171378335406 3.68469190619274 9.366385591652705 0.9531259817570367 11.708136952323905 0.7676753312049559 110.68380863914393 8.916725469734173 1.0
