Galaxy_name RA Dec Lya_flux Lya_flux_e NB_flux NB_flux_e dist Density Protocluster
25621 148.860717333121 0.718740585480965 3.4630771490955863 0.7260257963264699 4.9491365232192575 0.5489575211169911 115.03299710216379 0.0 0.0
25796 148.956036929488 0.723390335282704 2.6161057812781423 0.604565585018008 3.933542759509447 0.5312207262613916 111.20445649140673 0.0017571770617985174 0.0
25884 148.887206479285 0.725112194749585 4.781452591338633 0.7416865969211124 5.9799648794368085 0.5708524178559536 113.71864008286184 0.0 0.0
26028 148.957494194439 0.728148204373741 3.2971014408846497 0.6072176807228445 4.025596216486846 0.5362536596737056 110.92588695346662 0.0037539824942730525 0.0
26964 148.970800440195 0.745994174668643 2.812456192699433 0.6138886720415004 4.745916197932408 0.45413275440467493 109.59071356326855 0.06385344432071924 0.0
27256 148.931163474391 0.751025831625004 2.1699970461182767 0.5374255842156916 3.473210737089308 0.4471777792882438 110.84163253134084 0.0014373909470659723 0.0
27637 148.960013416265 0.756800008814942 4.14174492804732 0.58132912219309 7.313538171263379 0.48084304618533646 109.48453752929015 0.05678413340695879 0.0
29091 148.919216066436 0.783804553500342 3.850341124204562 0.6304577830995908 5.682961325020999 0.557151653654793 109.78594729419301 0.008960347393182064 0.0
29108 148.921137810486 0.783642717402609 7.489820592023242 0.6585953803966736 10.657882816899619 0.5886021233831699 109.71905404743498 0.00888242669586526 0.0
30205 148.905564943461 0.804858706743659 2.1253506176072023 0.5750598784543528 3.4127181627879914 0.455770899464518 109.35816678895456 0.08428597157601943 0.0
30210 148.946626787829 0.805004257432623 2.3350015071570183 0.5672705923272588 3.7904247415744723 0.45012172551445806 107.75415803459954 0.10007764649691546 0.0
31147 148.841186560938 0.81782468416592 16.69902457306844 0.7707935207856996 26.584988279456965 0.5672731045121446 111.35252133291952 0.0006440217822507971 0.0
31762 148.901434539323 0.833567648732359 3.405311746976363 0.5568998658248294 4.191278257566643 0.46978035027285714 108.22673093284463 0.28730936000351903 0.0
32103 148.783683894713 1.2341181089104 2.287665017738185 0.4868865408372124 3.8090336053331417 0.4688225478799498 97.29409975337002 1.606332012591019 0.0
32851 148.587943011467 1.22416211845111 3.6892056286244874 0.6207224271113589 5.565777641718012 0.571526885338516 107.35793277647453 3.0480283561506175e-14 0.0
33023 148.886709506788 1.22303878096475 2.637481322769002 0.5471831776359899 4.137818684145388 0.5311005888705843 92.7624075697147 1.6369304646457081 0.0
33034 148.87874850713 1.22292682026583 2.5818161609319668 0.5223401302628378 3.7756341951333208 0.5053837097304349 93.14154470362885 1.5764095422119242 0.0
33594 148.582391406256 1.21544256165984 4.245985064485595 0.5732592393511001 5.103701757754321 0.5116437739327848 107.91968781450086 0.0 0.0
33678 148.843061582524 1.21465548073355 2.432458107832278 0.4546069458387551 2.70468993267431 0.43780286361393445 95.13580046927909 1.509935008477555 0.0
33858 148.581543645269 1.21241662027333 2.464045069696677 0.5700873458770661 2.9348977055789454 0.5041657784845822 108.06025270325418 0.0 0.0
34017 148.9719982951 1.21073641448177 2.688343291161978 0.4288966534679539 3.8394963442215677 0.4103056378510991 89.28692174141385 1.632880987300297 0.0
34226 148.796760986565 1.20808569987757 11.192046384336871 0.4955990880322563 14.474485464621244 0.4775216331762623 97.58637538905519 3.101822248833851 0.0
34290 148.577899786794 1.20760783982646 2.109800533223863 0.5585948497587995 3.745568537671509 0.49410784039623246 108.39989902424361 0.0 0.0
34291 148.795969699471 1.20757751868011 3.3867122761456887 0.462317277599847 5.804264083512406 0.44215385203630164 97.64264834406163 3.1136506993761124 0.0
34491 148.586347819546 1.20544867778261 2.940825932369235 0.5615447542001686 3.680599036042668 0.479712008732191 108.04382030319772 7.012578103618993e-15 0.0
34601 148.536706093974 1.20412143281778 8.553232370842922 0.5688975149426477 9.9139666031926 0.4838570710213961 110.59926932441643 5.471244638613492e-19 0.0
35120 148.8340982053 1.1980277115075 2.4556905022652185 0.44503597286007296 4.03679976948424 0.42620447612564305 96.17171270882504 1.6069613075250826 0.0
35167 148.594704204955 1.19746298102071 3.317471478642392 0.5322576463032871 3.787069992879768 0.4738637323348947 107.88482356121038 2.3331658867176433e-11 0.0
35251 148.792388426948 1.19645022516713 3.643766326485597 0.4444716747594809 6.2064167703688335 0.4239849824929297 98.21541531640132 2.8336635882793955 0.0
35359 148.859229524429 1.19541037888343 3.1323638495060027 0.43411668388814906 3.4911224061631683 0.41658312501400463 95.0841140520866 1.3232347133777567 0.0
35462 148.79232887334 1.19418940556082 5.25953605053154 0.4477498224711352 7.104615509895769 0.4303091856594812 98.30002359280347 2.705544413154221 0.0
35598 148.876811870049 1.19441115822256 5.513807676171736 0.42959353608699413 6.2439420702342465 0.40937654834984727 94.2988432261577 1.2695501744749107 0.0
35956 148.700062987517 1.18834480871291 2.619861571163223 0.551400241163435 4.70669952641518 0.5194423629057128 102.97160390601 0.012250663886517072 0.0
36502 148.796872770157 1.18132919363486 2.863677302456927 0.5120282073712196 4.922849677524867 0.48944589080471135 98.551086806538 1.8558490158152303 0.0
36866 148.740556305217 1.17703893965922 2.0319268981928778 0.4816210122705216 3.607205459315206 0.4609508966612251 101.40332339037253 0.3532216851455685 0.0
37372 148.679932605467 1.17026479331662 2.3447568272063743 0.5012174788629529 2.7129623396120706 0.46455881239165425 104.58448016926651 0.009790381693454399 0.0
38095 148.744593732094 1.16072457003397 7.82665936989101 0.5094699374842602 9.390550295044747 0.4822892624164806 101.79516986785461 0.35841562861221615 0.0
38500 148.672845935389 1.15571838285006 3.0815231533323084 0.4792647016213481 3.47830409833839 0.43831603058006413 105.43839790942214 0.019075775682683857 0.0
38927 148.643840854911 1.14978583562401 2.047261221494919 0.5094715244566952 3.5988813912734723 0.4695300932030595 107.06093986981341 0.0020413309895847267 0.0
39042 148.743971941853 1.1485561333124 1.9410912067037782 0.46814308290580164 2.8935550092713083 0.44335266591105843 102.26613476255989 0.35276020542839737 0.0
39828 148.7385454694 1.13824649698781 2.420713172249758 0.472132975873113 3.419409334759056 0.44436546297650154 102.90055631516677 0.3370010392440502 0.0
40168 148.708829029186 1.1338406778153 3.4485584450411153 0.47835793631869156 4.3055340178735255 0.44774374924371046 104.47935027334272 0.24496763811636868 0.0
40943 148.680661281197 1.12382854923994 2.0225247614448887 0.49124935421018423 3.3187493772873657 0.44964870871113066 106.1914935354811 0.1269445671933063 0.0
41077 148.758050125753 1.12217702837394 2.416330929319925 0.4673071332455318 2.938346659816188 0.43680546358340094 102.5699633549994 0.30934301189813207 0.0
41171 148.627803355782 1.12061976861477 2.133968813217723 0.5617251800756506 3.1432888377270722 0.49741137000710434 108.86174725639609 0.0017836500288323644 0.0
41761 148.967855349468 1.11318271627542 4.745070281887677 0.5005715360895073 5.9324858385225205 0.4852364501237284 93.3941259970472 1.4449062539784259 0.0
41770 148.700688872678 1.11299665404782 4.421564304871238 0.6071208662816788 7.48168539550423 0.5728819809593553 105.62463786651027 0.1973885844552649 0.0
42185 148.867523537472 1.10819579315319 3.961872613086527 0.4721720513717491 4.978902251597933 0.4500918707374385 98.0525195489304 0.7865266575118735 0.0
42256 148.826845136839 1.10743849389095 1.9754400393313343 0.4808317763303039 3.2801633211712176 0.45933275301275966 99.93384003479304 0.5807278837963986 0.0
42287 148.670167756493 1.10707253813614 1.7367609504255128 0.5556283020357361 2.528934897195112 0.5051964681569805 107.29815218965273 0.07773224419957825 0.0
42749 148.664972705559 1.10079090955467 8.967322133911887 0.603575018588072 9.706723618360575 0.5638209640463864 107.7738544032913 0.05119093587916297 0.0
42868 148.726592199834 1.09935917168276 2.130022770496977 0.4907869775487599 3.593172516978126 0.4593681882940587 104.89944956293108 0.1276534408682739 0.0
43181 148.71229881911 1.1004866901234 3.4571135238590096 0.49243965809131984 3.8592249002497656 0.4614370727724984 105.53228148318611 0.13539837196041368 0.0
43255 148.891153388699 1.09499277710221 2.108606986755786 0.4268827162350366 3.38184545021884 0.40831634462428795 97.51680638742597 1.422852082008077 0.0
43261 148.950418338248 1.09410179618916 3.6176323092549376 0.41243524645882623 4.2267121575526865 0.3929721771653577 94.94078138130419 1.558188189442119 0.0
43290 148.957882946737 1.09357062878927 4.2587432391536995 0.4076326300796976 4.899089713636204 0.3866889529493729 94.63816744616715 1.5459231748237467 0.0
43846 148.915575691019 1.08669260986273 2.417739665926618 0.4078408144726089 3.46368400591409 0.3880276569899854 96.770413517772 1.5616006619301683 0.0
44196 148.895639721377 1.08174996910502 7.491703045298483 0.46523898094468663 13.069967387648036 0.44738166107825417 97.85134733384865 1.593339084342668 0.0
44601 148.887189053021 1.07712929853993 2.7510371257651935 0.4245879679711608 3.3603054404005377 0.40475342286070565 98.41265293354397 1.4642710557649625 0.0
44828 148.921887812172 1.07415378630586 1.825185145783177 0.4270551818969284 3.240788903716191 0.4081618309587694 97.00693402565285 1.4478504875727487 0.0
46163 148.750429236834 1.05556533671922 5.898856946199527 0.5953327610328997 7.206825300486642 0.5710414735537364 105.44577761043699 0.03827311485072927 0.0
46535 148.795544378907 1.05019036625351 7.131361688186623 0.5073648778834771 11.604199132269445 0.4842117921845034 103.59452926587142 0.3132078263412964 0.0
47757 148.931740897142 1.0335487261758 10.311023166174067 0.4523991663920985 11.322380903533167 0.4349646430801822 98.27043698746574 0.586448209085667 0.0
47903 148.886674196932 1.03242923522898 2.833431374447633 0.4417573608092597 3.1297132941483397 0.4221014241673335 100.26172647035492 0.8420491156469609 0.0
48153 148.852557766546 1.02987443129548 2.5097673383957955 0.49363148726299083 4.543751379907119 0.4660984053775728 101.86054111032482 0.6085843235132185 0.0
48377 148.828707471431 1.02573877651207 3.202994109696097 0.48045553185275336 3.3905541678707243 0.4583378945980366 103.08264013406695 0.37810171874919746 0.0
48465 148.932242380532 1.02437727469487 3.218255269456059 0.4660268733028533 4.643470755353893 0.4476613309049303 98.63579881837414 0.5002399721395092 0.0
48645 148.531606680473 1.0217835838755 3.5616247107312127 0.852833268258013 5.494504656616727 0.7203973902227438 117.02037220763414 1.4198280268656431e-29 0.0
48698 148.786814168535 1.02099948768493 2.5494928856002845 0.5687834922221712 4.696392537603667 0.5418365766463886 105.14294573579501 0.26447971554304234 0.0
49222 148.749628222311 1.01405070186555 4.197913394276091 0.5951507576575725 4.900257015158413 0.5629462798574824 107.09619066524239 0.048011824059076634 0.0
50420 148.537552020614 0.99576374302317 2.8493482066254145 0.8484190485868432 4.858685020902661 0.6775816986304234 117.67197918036229 0.0 0.0
50717 148.816065545697 0.991029096691024 1.9762000377111697 0.4960736232456878 3.1200938308310535 0.4658078047611612 105.0504560164358 0.11981168515375226 0.0
50986 148.814386439143 0.987186057365361 3.4634313545685296 0.4983114232105818 3.6596061182363133 0.46659466507331143 105.28121158881711 0.09712250315405346 0.0
52084 148.823737932198 0.970877340573983 2.2125196599396455 0.5086274107003622 3.494160005406745 0.4696678561469869 105.54262458176709 0.02235718164356664 0.0
52230 148.9364010035 0.968390814447688 4.969488788083832 0.4681212163330831 6.291144664385386 0.44860974036984264 100.85714875497888 0.5202953564645325 0.0
52447 148.891164531253 0.96493495542016 3.784849302109173 0.5362129131339952 5.036100302448749 0.510466379617358 102.90023578094426 0.4561950459524518 0.0
53285 148.892035280075 0.95035499543853 2.549787068421589 0.6139072821645966 3.5580678299095565 0.5920837686933361 103.4864345617794 0.5196615661583858 0.0
53637 148.82473933084 0.943999371493368 21.858621619395677 0.6894922645150179 38.14739440740019 0.6533824772266982 106.61654703083644 0.002428912390180865 0.0
53814 148.923930002162 0.941697729873807 2.4162055797749558 0.5165032036055233 4.368516362706236 0.4955282168666373 102.53280153089564 0.6510138011153346 0.0
54304 148.758224779994 0.934140501333283 3.2296385773107694 0.5824865605751428 4.935895533634701 0.4922958985422221 109.91589184679015 0.0002183531619597625 0.0
55445 148.984652665578 0.916663071496619 4.8528771525132495 0.48644340440479233 6.768994497516299 0.46189923245611386 101.1845627977473 0.7867561372465972 0.0
55710 148.91200213212 0.912536572655525 5.138612600573582 0.4903224042161324 6.600988811808079 0.4545812298814269 104.29733697008405 0.5007902619105635 0.0
55914 148.857507392438 0.909570854463413 2.9836864705883555 0.5249831369087753 3.29206563434142 0.4786389035437679 106.68424325880963 0.029999579283371568 0.0
56181 148.906924786245 0.905391769607477 5.331454845476249 0.5237161374889886 6.4422068893034705 0.4857347081188542 104.8185267459531 0.3549505174469168 0.0
56679 148.942787353518 0.896893356711927 2.54343380243077 0.5338578745889889 3.0311547740967195 0.5014804140408201 103.74058442741793 0.6708656582468208 0.0
56725 148.896845584812 0.895946388070601 2.442669141438194 0.5835203409719939 4.504987502771771 0.5328596264389756 105.64544288263005 0.1541640472480092 0.0
57081 148.864118526437 0.889199961190393 2.117549790907311 0.5733918763506728 3.143957577365308 0.5156590388493524 107.28814630775749 0.008938645094102034 0.0
57176 148.739016855243 0.887084541345798 2.2220831340390785 0.7203319857350274 3.766135919004676 0.6145982487473605 112.69031852631295 0.0 0.0
57442 148.945720845039 0.882240553361597 1.9248593983405626 0.4956776207307518 3.4337209339599886 0.4503739256311252 104.27891034776358 0.6622972218801803 0.0
57644 148.786283742702 0.878932550903528 2.1190481470975806 0.6318989416293512 3.631213414920443 0.502708861682526 110.99813146913161 8.979598081061138e-09 0.0
57736 148.730006218409 0.877356219428513 2.695952115363147 0.6332810341250998 3.662101874457116 0.5153547079823128 113.4843288564695 1.3629531655705016e-11 0.0
58041 148.912257368087 0.871999986005257 1.772173209842156 0.532089156104895 2.9531646483410894 0.44627062503648635 106.07660153895407 0.248653289345148 0.0
58739 148.775836153121 0.860260831105644 3.8513529819772057 0.6947497268349131 6.109806269913364 0.5841879997506711 112.23278696534648 8.106663180683777e-10 0.0
58973 148.862569891696 0.856209767303679 2.11267034898894 0.6495297506401252 3.5030057493023214 0.5394854162641917 108.79145247942307 0.007732980583093354 0.0
59410 148.931953280325 0.847385917772799 2.454582689286978 0.541820782817981 3.5861724834335775 0.4707280322462874 106.39413689044024 0.635662163779678 0.0
60692 148.917614499112 1.5765682478055 1.890013569317033 0.41612369636487834 3.426306598620835 0.4011325780411539 79.66678973246657 1.6293854439411437 0.0
61071 148.771028452975 1.57299628957345 1.9100555912951829 0.40596383061749963 2.5181196773090435 0.3867471798941892 87.67128778765823 0.7967506339095204 0.0
61286 148.917706312731 1.57110774495233 2.944929076415074 0.42148111228025 4.813172693352985 0.4062248158223778 79.81190123863446 1.5393274420597431 0.0
62125 148.96419470819 1.56313107673266 2.0458072514938026 0.41053152466641435 3.628789763235132 0.3990484622853574 77.5740741234445 1.926357655690362 0.0
62319 148.89747501389 1.56148306837133 2.982454440741757 0.43055290090028464 3.517346724425121 0.41463372410491367 81.15500265362236 1.048636332177211 0.0
63200 148.979632523278 1.55279196281288 2.1842791773098127 0.45082718923460696 3.8887296525702255 0.4399736245261088 77.06463611396394 1.9230663884454937 0.0
63346 148.938839141841 1.5512814136793 3.19500823310595 0.4442605834674394 5.118514957727696 0.43167665784426684 79.24967043539375 1.688718532450602 0.0
63386 148.813563223163 1.55045905599879 7.099582613318466 0.49931635846369354 7.797352237408563 0.48469735130933 85.94717674271595 0.7919387550240727 0.0
64132 148.848854655245 1.54398795882643 2.177218209447085 0.44185760999326007 2.326758107791007 0.42497676518417205 84.22860029362843 0.88309545229421 0.0
64555 148.659101639044 1.53920454033373 2.852577835993973 0.47690590067859057 3.426054094615321 0.4484576670238521 94.62310371349123 0.4706829645547772 0.0
64714 148.900858884637 1.53774154034989 4.13865158822222 0.42275871677700483 4.518087414261342 0.40608583732306275 81.63984989860656 1.0454625507262583 0.0
64798 148.730288143712 1.53665842997562 2.968283210561833 0.46830338512783204 4.092249446502565 0.44929443877691727 90.80657920153278 0.6120859985374956 0.0
65773 148.973719677384 1.52707784234668 1.4188892568056366 0.39802464006434873 2.067228192136638 0.3860986995124131 78.13869063869777 2.2034973097737387 0.0
65844 148.548685881352 1.52590669545251 6.108298797057687 0.5463550522530305 8.810525019971413 0.49583857946685034 101.01433923465554 0.12171323792024094 0.0
66428 148.775194131748 1.52068084126015 1.7638240019049065 0.4161677272768461 3.196356670798416 0.3915311454621167 88.80261039483055 0.8748867604925652 0.0
66446 148.503768664954 1.52154540582519 2.2090328945628466 0.5687358384583836 3.3574146286787663 0.4919717320213575 103.60025511033004 0.015569845790408555 0.0
67589 148.761087178017 1.50813085670866 5.5698823512518505 0.49262584571659773 8.61299321763592 0.4729551046826673 89.89660441837123 0.8244736698390982 0.0
67824 148.560191602048 1.50533980401706 3.845716672654998 0.5448955264173166 4.6170792982261455 0.48705724158931063 100.87000940007154 0.1047294992833223 0.0
69100 148.761683249482 1.49327836540343 1.5326901047174641 0.46741256405983617 2.627223600785698 0.43983297003375926 90.26938186304206 0.8082299181646148 0.0
69361 148.968330663611 1.49036178398572 14.918743332528436 0.5099872859949164 23.938093401086334 0.4995762741524112 79.54542014912474 2.607257161275059 0.0
70465 148.59285843213 1.47776498590169 2.6743884390497983 0.5165676203335586 3.5442116035413247 0.4825847252544427 99.76972728741325 0.2305943526239148 0.0
70845 148.949471074679 1.47109808015878 9.676138863495742 0.4546376183959671 13.866006063849953 0.4420705128222279 81.11453057737266 3.0413181387218793 0.0
70909 148.64465562194 1.47103527172097 2.2547294340062614 0.501936313163498 2.7862251520478374 0.4731280450628116 97.14146582910847 0.255351998009296 0.0
71556 148.948124607784 1.46483488666051 5.067665789501301 0.41555097083598497 7.466122603041839 0.40342100839834866 81.38137596638201 3.078182278718823 0.0
71580 148.688974367811 1.46330122293829 2.429740604840768 0.4522075207680366 3.5662871944304038 0.42778276429140005 94.9707532079872 0.15848722337442747 0.0
72428 148.939510662321 1.45368942309422 2.268746095268149 0.4032777989115185 3.7681348630045646 0.3900272732288382 82.17410179835908 2.9284103065225597 0.0
72462 148.838960657852 1.45321440452509 4.886807023717215 0.4416465769502194 5.356752763192808 0.4217955093947887 87.3540326595277 1.2784039590728564 0.0
72546 148.939579776059 1.45319010319698 2.4896647228233246 0.4010186397527242 3.7914736185339195 0.38840689185340926 82.18653436124305 2.912291403153322 0.0
72807 148.721752886317 1.44945178142303 1.7369489931604727 0.4637788941390692 2.7978383103758384 0.4429581905615251 93.61110685672107 0.1632541148536175 0.0
73439 148.698176545803 1.44246788735988 4.986777024583903 0.48889383734220765 6.148385695727398 0.4703165759563394 95.05677734379378 0.040263931410829845 0.0
73446 148.951215844811 1.44267083723183 2.155747882262252 0.421521129575601 2.8652242808627006 0.41055806818658963 81.93663318308084 2.260219500090816 0.0
74171 148.753904916562 1.43489813042018 2.0898093711881804 0.4485292506176192 2.651839978697439 0.4249659633169777 92.3341293839312 0.43574813730435236 0.0
74347 148.719552509033 1.43283992354407 8.148626564291787 0.463517640739695 11.88147192055635 0.44142079846755833 94.19942540663794 0.07727174748585663 0.0
74444 148.543337871864 1.4313475799241 3.3958521199837923 0.5868425891828817 3.722833600072189 0.5343229893680871 103.6481420939651 0.0004884085499163097 0.0
75082 148.550645395935 1.42446076571836 2.223652996195899 0.5315945924128049 2.824766545712244 0.4707226543345726 103.43466081303069 0.0006440479653561373 0.0
75113 148.940686013119 1.42472890463091 2.14538435170771 0.39108080723376665 2.901453172489737 0.3781968251665514 83.05252104535761 1.560822624017921 0.0
75823 148.834677622749 1.4169524421545 4.132647674691547 0.41838347005155324 4.500278606957781 0.39753830968257636 88.68338782319398 1.176672378666458 0.0
75967 148.554587551312 1.41537441876716 4.210378555634513 0.5233053280590295 4.735980321864229 0.4586855894826535 103.46374194805236 0.0003453689868311311 0.0
76026 148.901726333463 1.41436973579669 2.654029359708051 0.43306802901434743 4.002808973170849 0.4144364265732529 85.35187953776408 1.0353804274027327 0.0
77001 148.941833330809 1.40409338128718 1.866714595600363 0.3858989130188266 2.9887611749039884 0.3691241775986239 83.679426314382 1.035610412457683 0.0
78194 148.951028678653 1.39150242541137 1.4928853990727344 0.4583464101050455 2.5997534303389895 0.4457284412898542 83.64846382082136 0.9927316573327196 0.0
78714 148.867571800733 1.38552575928132 2.2042852298989937 0.4542255232731235 3.325390085292339 0.4372224174988519 88.01134516156952 1.2794623851288205 0.0
79036 148.519687285823 1.38186284771786 2.0887060428726203 0.5941605205820273 2.915426902545436 0.5292457250191377 106.23665958619424 1.6720319359751892e-09 0.0
80265 148.848322997358 1.36786701486608 4.261178217605122 0.42831478708970294 5.8269990211117255 0.41282779556657073 89.55666690621044 1.6010046746229356 0.0
80298 148.837361055973 1.36752930988243 4.468676376981013 0.4243570782963122 6.211906107994178 0.405858878398194 90.11938154624941 1.3777772678908926 0.0
81968 148.618082761077 1.34909822273609 5.606041993056806 0.5591222921546696 7.833575787958896 0.5252552500654747 101.95742870038518 0.0 0.0
82117 148.937060511029 1.34768412264227 2.8204311016648336 0.4351668407330078 3.128060046733681 0.42205008536971345 85.84638974790259 1.5305338286112662 0.0
82336 148.887053650328 1.34542221192449 3.578421844437189 0.4347879905373439 5.224350786874777 0.41821595662340344 88.3771373112017 1.628907561707406 0.0
83365 148.913708772025 1.33180393082825 3.936295587277221 0.4310304784355645 4.903180241690521 0.416173197377044 87.5399196207775 1.954985679002281 0.0
83583 148.854512450364 1.32926486509591 9.422822369710103 0.49667751552337097 12.996166599865731 0.4812585911615882 90.53475122837938 1.577871878193673 0.0
83948 148.833575300216 1.32446120255789 2.2040772594226796 0.44821967676351604 4.061710643314885 0.43111470290508047 91.73483500438394 1.0087446759226533 0.0
83991 148.933902517608 1.32420599913366 2.3933582033022827 0.4206839739524613 3.2010573708222934 0.4017748056796862 86.82811636391564 2.5212887236540564 0.0
84358 148.97957323552 1.32017722870882 2.609147712020724 0.421336273578307 2.965441297318153 0.40752231069360034 84.78496706601581 1.4993085519051883 0.0
84442 148.766465245734 1.3187422075437 1.6997181892139641 0.4454170870677923 3.143742092546598 0.4246477088154983 95.27992745322264 0.4286846903169696 0.0
84621 148.985070061395 1.31740889109015 2.982813149294886 0.4450652783121668 5.471102913217288 0.43033748415725454 84.62569751501763 1.443813885161063 0.0
84650 148.931303276073 1.31653935778814 4.330273332636966 0.4355645378201077 5.465427098344983 0.41903732213280614 87.22686102147468 2.925606850308169 0.0
84754 148.698700584034 1.31479801711299 2.0825052369954156 0.4817671840740728 3.7915401057301197 0.4526298214641959 98.84018829215968 0.0029881925819745738 0.0
84843 148.774352604302 1.31388538424023 3.495633682139145 0.436733232326535 4.353136179814572 0.42004980610064935 95.04270457365794 0.46426676391839994 0.0
84997 148.929656383092 1.31191267790994 2.355045370885756 0.42906513870276436 3.829297281994469 0.4112596646553025 87.47168963213863 3.1362880656432917 0.0
85063 148.890458403015 1.31153688461354 2.50965830676103 0.45205039967520666 3.445314017206589 0.4366869100980986 89.38213201963862 2.0346769572185393 0.0
85958 148.917674341175 1.29827811235807 2.5930035986117215 0.4194717944377353 3.2192273454160176 0.40171784954277506 88.53697574399274 3.3414831571977883 0.0
86008 148.869167571957 1.30721311477906 2.9052510463757364 0.44220572472414343 3.340753600341188 0.42390528073626577 90.57157950299931 1.6192643002200822 0.0
86212 148.984379097971 1.29798126103143 2.2592456090388002 0.43825624536893565 3.9902594688442816 0.4203773246075827 85.37788512046183 1.656011990242946 0.0
86305 148.869280458932 1.30545628997981 2.2017840036789464 0.4403126787741855 2.7531190406290382 0.4222271236449144 90.6272142999705 1.62613368245493 0.0
86350 148.923023257026 1.30060514793539 1.9274520306422562 0.42443539420176085 3.091373203823121 0.4075309208775958 88.19646395530245 3.4126419379900352 0.0
86568 148.627067290405 1.2805142034178 3.331346997348025 0.5370588151078046 3.731265410523277 0.5002308507286312 103.57748675702103 0.0 0.0
87152 148.95841522725 1.28517923073039 2.6447640650286957 0.4801493364738939 4.842450357826035 0.4630165580761371 87.0761932823645 2.477638545921378 0.0
87170 148.932060000174 1.2974938649663 5.1911011109977006 0.42736116046241046 6.9276186740831065 0.40881342389903796 87.8759812152182 3.42566207903943 0.0
87186 148.928770518302 1.28599932807616 1.5145868014949992 0.4409341998941856 2.719182299695383 0.4214080971587575 88.45091047224034 3.3403752140436525 0.0
87496 148.869186817376 1.28174572469036 1.6837922035357638 0.47690648891455467 3.11608820747881 0.45911398066925135 91.4649553931357 1.8697315792848181 0.0
87551 148.951825880415 1.28133230984418 10.437960300149564 0.5086221750297203 13.077332548246511 0.4929965188831237 87.52959494730307 2.679279441444454 0.0
88098 148.920557637806 1.27506618787433 3.3897646093939637 0.45590531707624676 4.67244803030616 0.4382336674938016 89.24115396632384 3.1256216863900868 0.0
88284 148.672692437771 1.27253168200698 3.9901390183558734 0.520983937639632 5.696060315635276 0.487256049356453 101.51079200884037 7.44273911153078e-05 0.0
89086 148.918530539188 1.26589501038151 2.8979319111244384 0.4293211255835785 3.035052470864549 0.4114651856033354 89.67387974748414 2.9094765066807984 0.0
89347 148.95619571617 1.26300664735839 18.641801626172267 0.5323929094110633 33.30026139870603 0.5134135765333586 88.00846010869381 2.3808604406891125 0.0
89452 148.888087506339 1.2624360659247 7.2502363747913074 0.4859818795782959 7.890169100004383 0.46631338371487135 91.24872425746615 2.6316135393035376 0.0
89794 148.73401434008 1.25849632673339 3.3621282209567545 0.4424267926812608 4.398048096672801 0.4194266221631893 98.89906221291444 0.27866521776483905 0.0
89926 148.88027331519 1.25737273382906 3.421960988110183 0.45533218436095485 6.0226800482820755 0.4358713645205517 91.80576178199765 2.292181163229502 0.0
90053 148.917786778231 1.25591979712349 3.3652932693409694 0.45808620028320296 6.217477035170538 0.4382862863080798 90.07719993038442 2.6453475209579898 0.0
90072 148.895477265132 1.25560510530287 7.817896688946919 0.46068023276910475 10.049727564231688 0.444260105634157 91.145562066645 2.706031437880522 0.0
90294 148.600925180461 1.25304441643733 4.241464211406564 0.5343347240748737 5.157331693104899 0.48844989971337716 105.77733682746171 0.0 0.0
90605 148.75280970501 1.24983212786188 2.070262568316687 0.46030256623821764 2.943284116878058 0.43407830061006075 98.26248216747862 0.6555050755955468 0.0
90687 148.606511949874 1.24870239762142 10.079805653509965 0.5645507112737623 12.048278350369674 0.5255636512013123 105.63066343695809 0.0 0.0
90840 148.965629966164 1.24736819823546 3.109087529321556 0.4165818309510092 4.049074484623187 0.39682045055617793 88.16218409198544 2.1097614446785236 0.0
91043 148.782877901191 1.24512351093391 1.7496343265928507 0.43159502287317286 2.346382881173612 0.4117633373971548 96.94882576097393 1.0072925067257634 0.0
91047 148.887489649285 1.24488174828116 10.488006465119913 0.47450034397625734 12.376746279730794 0.45874194705062377 91.91797498842436 2.244598306967726 0.0
91267 148.892981968256 1.24281241629632 2.9369485869453955 0.4517743198943369 3.4930383792991004 0.4342392235676231 91.73385548860308 2.2923846436064212 0.0
91568 148.801737823914 1.2397366371129 3.4010479101917848 0.44879075288196313 4.148686578098252 0.4300659180331623 96.21912061347693 1.2983160291802816 0.0
91697 148.889499289181 1.23969801905137 1.607940626474537 0.4493170943867451 2.866612408280322 0.4320146651207947 92.01349877935708 2.132456844879688 0.0
91714 148.767026624803 1.23833219822725 1.706905344618179 0.4554784604195534 2.9125828712885813 0.43260465150391925 97.9599795503451 1.1701134650969491 0.0
169501 149.189427233077 0.66665702859909 4.148700667490245 0.6736846999224296 7.645083665855819 0.46224694575823655 106.06055334736992 0.592744956970799 0.0
171031 149.181377945558 0.677358681395054 6.324732301495226 0.6513465140978805 7.589638685301492 0.48008304780550143 105.76131330342416 0.9242216142944073 0.0
171871 149.586556335115 0.683419474762774 6.56990733680986 0.6297643024564417 8.706794311745575 0.4626720217937774 95.03934918597616 0.4548397210527898 0.0
172913 149.622132385924 0.691937523879632 2.7849982698941305 0.6134125702684191 3.897493714827257 0.4578846121522518 93.88268068458189 0.48320946885360805 0.0
173409 149.393688045036 0.695419488803593 3.5703163001026343 0.5200655256572836 4.935024477694454 0.44396272737558423 98.74130787944759 2.19040465318465 0.0
174279 149.398632474641 0.701880809765076 2.2822708986182025 0.5250750353033782 3.658646382005289 0.4348177174270831 98.26391614975242 2.637024549549536 0.0
174285 149.070288425768 0.701480340570359 5.051517228264629 0.5710113992782684 6.9500604049889345 0.45622160345948065 108.18899468263913 1.2675599568910203 0.0
174367 149.107796383793 0.702558548416582 2.0885960443187956 0.535515202175313 2.934353836630526 0.4534922764292005 106.86692635037076 2.0167954454837083 0.0
174417 149.375425747944 0.702280456009158 5.092227099070483 0.5767302101609297 6.701250030277626 0.44011752049949177 98.84627369902994 2.1254917584989803 0.0
174779 149.099421203893 0.705547437571747 2.78199888697524 0.5515093296141982 4.135723324502257 0.42781324526361925 106.99894424440667 2.166539710098152 0.0
174916 149.594648879693 0.706492211839629 3.67744743243774 0.5202342040343702 5.01632137454199 0.41327057082525515 93.57235533489862 1.3220510521376867 0.0
175113 149.509423635509 0.70763683163116 4.507167859204505 0.4766178976135253 6.79156579557594 0.4055450072631123 95.2871479390537 0.8146951522810476 0.0
175412 149.451168053393 0.710148126769999 3.36045670337627 0.5099606375791069 4.119702488668811 0.42409760554134096 96.5026096140162 1.0673213329536146 0.0
175458 150.332377637373 0.71007717471969 5.260494313362093 0.6693177296859368 7.618932188829592 0.398355918020781 89.4051394274343 0.6995350198352132 0.0
175626 149.103915335555 0.711615234522499 2.6543189749878984 0.5457881884518061 4.40654777563303 0.451099105716108 106.54631009066875 2.221040476911087 0.0
175689 149.403715613568 0.71250335239936 3.0655416388739027 0.4866886386534947 4.989845933587463 0.3981860625728704 97.557365460729 2.954206661303937 0.0
175962 149.532978034554 0.713942816389551 4.638080743337721 0.4889459493750121 5.289484112218355 0.41752605527091974 94.41796034438596 1.0230696158364367 0.0
175974 149.383898753849 0.714519700069699 2.2481599833315093 0.498427642579052 2.8508923303177784 0.43322592002076854 97.96331296804539 2.825694087052586 0.0
176507 150.308322725243 0.717960010857136 5.4987428009806125 0.6417980048330538 6.515046007016638 0.387707956714295 88.72331746561213 0.9029743022158803 0.0
176692 149.896223718681 0.718858763997633 4.1689444532452296 0.7007713165330443 7.299290388720295 0.4039129123539484 88.63191425385403 0.13730632315938204 0.0
176961 150.314709950493 0.721039354988839 3.678150889074546 0.6466170902722395 5.229692231927964 0.4091512470005071 88.59527676594034 1.0599095319081215 0.0
177089 149.735276301876 0.721935850812534 3.696983801792156 0.5698220640506411 4.832305995591378 0.4197632573355297 90.290647809467 1.6667932739004665 0.0
177421 148.998039540392 0.724868631385794 1.8320292751405136 0.5782560683223571 3.329798959935664 0.47773523020062036 109.5971900094649 0.06475648463171939 0.0
177699 149.151344963876 0.726865148344668 3.5373093117004424 0.5618029110389248 4.122435094015137 0.5222927482020939 104.20972194616476 1.092397262710703 0.0
177984 149.000846491025 0.728829832353295 2.531180912036282 0.5948615103700322 3.255791804000054 0.5179500844923811 109.3060412312326 0.09937408910224484 0.0
177995 149.881187338134 0.728837218858757 5.35158932333388 0.7234297083113123 6.4153103320771665 0.45890331202832707 88.16869105641281 0.29957467521893605 0.0
178063 148.996004340956 0.729614546498277 1.9744552552923238 0.6138949607907094 3.693030944594238 0.540262018025571 109.44395583277375 0.0768955285250959 0.0
178832 150.389514065887 0.735062027871273 4.8678486509495995 0.6258159241353562 7.426019036529314 0.3990902423974296 88.53260469762444 0.3202513004241751 0.0
179053 149.497931001846 0.735272173056426 42.62540376339464 0.5598897273213932 53.551546762082374 0.515380842423146 94.01242948016542 1.673134869901012 0.0
179174 149.201258696146 0.738249252113829 2.3795877104238885 0.5542585364949978 3.112939458587292 0.5215005191869817 102.02513513097217 1.1080768130289542 0.0
179230 149.303766487969 0.738259407069398 4.856443426262901 0.49096048058506636 5.699880106353265 0.4559688784438961 98.91394566241354 2.6766817189534047 0.0
179269 149.269083318878 0.739032863003456 2.67949496881558 0.5008039127411178 3.6503159599240296 0.467053187299517 99.89470810627557 3.090187025656199 0.0
179298 149.587509343255 0.738924377302073 3.9228729458322427 0.49596806185853815 4.482822402804151 0.44827921060069903 91.87583295154307 1.968458686868807 0.0
179427 149.302130256385 0.740104101445882 2.398026580603353 0.48937482675272503 3.6209507202105544 0.4541028535838907 98.86449290174846 2.8014429621402828 0.0
179603 149.580689331804 0.740920594146393 5.1939270930988 0.49064607082719053 5.981932237414124 0.440923194293891 91.90080062357774 1.9316144749002317 0.0
179701 149.096828321252 0.741976479194543 2.040270396703307 0.5435580103679225 3.801699201969475 0.4908536697010994 105.28509364107708 1.6564086744919024 0.0
179717 150.312787985584 0.737362155163956 8.93028890375963 0.6584209282806184 12.340950936191998 0.4058905841345538 87.60955294608627 0.8718078300407421 0.0
179967 150.461821025494 0.741545887656756 2.991412466961886 0.5262392994098113 4.478563722921217 0.4173144749634547 89.10697673941041 0.5878006645506697 0.0
180016 149.363062575353 0.743973558915422 3.737223934110727 0.47299311491380996 4.922526358209272 0.4377303723108196 96.9414060384216 1.5066158274817743 0.0
180307 149.62268820433 0.746812025776633 1.5431577402239516 0.4445413720864497 2.6614045578472254 0.3973418041036681 90.74235622147809 1.0241478500658514 0.0
180441 149.223678665284 0.747517100461195 2.742315515859199 0.4679326845243223 4.371750753000062 0.43754450284155283 100.84604209484559 1.86145028909935 0.0
180703 149.288620161609 0.748601067429043 12.309555534806181 0.48519665810651075 15.738805803390642 0.4520193732320468 98.8152024274118 3.3179484771816763 0.0
180789 149.515054987942 0.750249187659096 1.8161223515808915 0.47097020975779186 3.0592667025355604 0.42813971397271794 92.79015350804957 1.617839023466511 0.0
181126 149.112066832643 0.751543771118688 16.880681682479587 0.50090688141868 20.392176520676262 0.4693898254783334 104.29249255392912 1.4182571927401977 0.0
181945 149.303096916078 0.758727323464825 2.052747428144265 0.455052423538019 2.510584154781248 0.4263519082601537 97.85981004271743 2.9712629776715493 0.0
182279 149.140256976158 0.759746389870096 18.61337420585783 0.479916254018722 21.96742303533837 0.4509173249331449 102.9327888274015 0.9683427221747904 0.0
182323 150.465155545801 0.759894175760963 2.4204943722799905 0.5865985417395869 4.264180639412482 0.3839978790787902 88.08913082362729 0.8413100905469351 0.0
182382 149.503417075226 0.76180290751497 1.4348452630184092 0.4598264176723936 2.5642267982108775 0.41408278283423916 92.41675367023129 1.60574207537222 0.0
183174 149.441627616398 0.767171941257182 2.323887831588283 0.4260250622411566 4.24899687922095 0.3971325812369548 93.62165799251534 2.105274504667236 0.0
183391 149.588051339922 0.767954503969192 4.968628285374449 0.43640920214538953 5.598207186058579 0.39849699611576556 90.2251586507363 1.3963014096760415 0.0
183448 149.805215862903 0.769023311390313 1.8327817223429408 0.5047817369975842 3.0360305325139163 0.3888979117687271 86.59939057209972 0.6725927240044239 0.0
183947 150.446533271238 0.772397920531437 3.8250643866197573 0.502998026234893 4.521141957610322 0.41742710722061893 87.0893509098519 0.888075387978404 0.0
184870 149.021361184676 0.779084467352307 2.4884691504296015 0.5470687959756809 4.51957158897209 0.5106031203897095 106.16173744391928 1.1388729962874011 0.0
185000 149.704861694559 0.780098249920436 1.7943913522266894 0.47591193323498954 2.6874765633356112 0.41412286853577096 87.38593574660526 0.8715802687820622 0.0
185001 149.675018535703 0.780133188233341 1.3389099114932193 0.45582062776940335 2.4560296606358634 0.4060382004441231 87.88626589018254 0.7535045824590204 0.0
185325 149.925673845449 0.781500138761207 7.827963421394323 0.5820260884771029 8.621064137059435 0.41129237414573233 84.67469100288291 0.572089331029927 0.0
185906 148.98900302292 0.786469541081681 1.8486944474169122 0.5762495948090275 2.673015966512168 0.5230642022705816 107.00836894081364 0.6089128230869163 0.0
186064 149.046261855471 0.787721167678826 4.38513760923113 0.5636239715340785 5.615409504893755 0.5288773012316612 104.84426481915028 1.3544389328300415 0.0
186241 149.260356945071 0.78887956918068 3.3083105191338054 0.49216575525496914 4.930374333724198 0.47131309194659105 97.58298031944103 2.7463091476478607 0.0
186610 149.255627657475 0.790536306244929 4.006725087444551 0.497773940149417 6.962603647363505 0.47407245792894953 97.64465953832453 2.5950652922420354 0.0
186688 149.761831047044 0.791577833994077 3.969247396831819 0.47155791131466357 4.62973921550042 0.4184218551303067 85.85232559863321 0.8886299044697968 0.0
187163 149.410609362952 0.795312304713862 2.455845448742125 0.43591223461638234 3.5822665908756344 0.4099344146027299 92.9063560250554 1.8257948794041678 0.0
187189 150.387146613104 0.795202397440847 4.4682830711431025 0.5578384126633251 6.0364277955407175 0.3802440230318261 84.96828369390393 0.8486442047676332 0.0
187549 149.878783996159 0.797825339105869 3.161221502757627 0.4914422630303587 4.403152140075289 0.3945082984514192 84.10037044914144 1.1070277652651168 0.0
187787 149.367945644624 0.799185472312786 3.9344770795823667 0.4645550924185175 5.027127846112768 0.4399629976252202 93.86764212691762 2.1620230337330026 0.0
187816 149.028767282952 0.799481050046711 4.717568525418396 0.5010326566668066 7.625496280010134 0.4520795063887211 104.92132204081156 1.4138112394215803 0.0
188212 149.424869958825 0.802761914872774 1.7955491687333742 0.42998383496891607 2.9083109308014192 0.4026443790107106 92.12713918615181 1.7189617646238933 0.0
188735 149.597645605756 0.80600674801725 3.1045882523506547 0.39281325390102917 3.523894147762849 0.3641227012863405 87.88271086106116 1.186825150187011 0.0
189295 149.215056386607 0.809210125957301 7.748919722215247 0.4468437357616857 12.131947237798546 0.4249621508932621 97.98486309721416 0.8648752770665116 0.0
189383 149.444466704492 0.810790168248138 2.340472151013902 0.40995668775107724 2.6346387649126166 0.38619023451660023 91.18172923606694 1.429906607660956 0.0
189601 149.844019814153 0.812067503570834 3.175301133472094 0.43855975843840206 3.863056201908924 0.376767562249563 83.61427527258878 1.05051931970637 0.0
189612 149.707739105439 0.811794428090116 3.0201593389156867 0.39917391235746175 5.46169755340577 0.3612534472551928 85.5093118580206 0.8508539712144677 0.0
189696 149.058581611283 0.812636830930013 5.353068764745619 0.48950914619026115 5.791508671470183 0.4566929995222912 103.20633816446416 1.2743009318333551 0.0
189871 150.007224991147 0.811315403847153 6.394400937659943 0.703554748470275 9.516840974564113 0.36487968840396534 82.4257823263446 0.3947383173586938 0.0
190069 150.3440160119 0.814342181927058 9.725337270670774 0.6538961889977022 13.983253747985849 0.40730358439385667 83.35112735831933 0.4986851963763418 0.0
190358 150.419983185172 0.815196363008523 5.211908656607448 0.4954903228995664 6.0176738018357705 0.39710196213344146 84.22073856824203 1.0934919344413359 0.0
190574 149.669420508553 0.817417867233127 9.983373710773929 0.3925538296123083 13.975842543622694 0.36387560281880005 85.84814835616149 0.8464891331633073 0.0
190833 149.32432370307 0.820153057173721 1.9635345951851342 0.4502614131852788 2.7655329000248527 0.4196908765374502 94.0241977509335 1.5514687191934071 0.0
191512 149.751119313167 0.824453642270057 2.852231651344837 0.4062793667292576 3.0937171997955333 0.371956928133132 84.09443724319476 1.2263118870754472 0.0
191866 149.27066744972 0.826858842631813 2.7624663852970563 0.45799842824708453 3.9337057544364202 0.4359652661742434 95.3139855069144 1.2792281292436791 0.0
192402 149.118291760599 0.830456327516847 2.005016067399522 0.4636656266561123 3.4030042176655786 0.44016328800158533 100.21186583229436 1.05358816308613 0.0
192466 149.583407832887 0.830787512538773 2.6306819479509356 0.4159520730868718 4.16360779674357 0.38322100105482293 86.78862006007786 0.9344345974148848 0.0
192493 149.616622962312 0.830939003717903 3.061079684978653 0.3937640102980881 3.3393707219127404 0.3680159778527605 86.08895542225773 1.1977907706086908 0.0
192660 149.84300101126 0.832216314564717 3.270808333238263 0.42200138514377955 4.075027328848577 0.37537305316615627 82.43759296272938 1.3825838280125742 0.0
193127 149.458329039732 0.834846316187558 3.244514488891641 0.40787229483485427 5.4021823040535875 0.38059184683898406 89.52093873956929 1.06568364124924 0.0
193131 149.35949613723 0.835228545435829 4.816179259099166 0.44248384511075334 6.016294975258615 0.41963753023169 92.20468330687122 1.3971665536357898 0.0
193427 149.993592899277 0.837144460945099 2.9730898112444772 0.524270139785929 4.129506311219884 0.38557022759890325 80.94000197103036 1.3538722182046563 0.0
193919 149.506365264383 0.840741600077555 2.636288881351277 0.41793961098818916 3.844088380960797 0.3912991585581448 87.99703197454048 1.0778770843296848 0.0
194323 149.882917734832 0.843660225535949 2.5785885851153134 0.45189072289713755 3.49961591525893 0.3772783349399293 81.34580340907763 2.9197635236164037 0.0
194707 149.885911294884 0.846471751316662 1.862701421070712 0.4823516905083044 2.5131621451657726 0.42861339380625674 81.15068661762419 3.1191829040851378 0.0
194935 149.979888927485 0.847294976968146 6.521050850631358 0.5105050507648701 8.452866264677432 0.4140512888991969 80.40235380798283 1.784884969892902 0.0
195533 149.756851168162 0.852510227715026 2.3743981177066216 0.4350653783312602 3.100347686084747 0.40322684184268615 82.37846210485539 1.748207244298916 0.0
195797 150.422290154358 0.854080313397526 3.4716565758562443 0.5213301294017838 6.074386735581902 0.4305302417737177 81.98328826926635 1.5488572901781965 0.0
196612 149.164168096168 0.860225982049348 2.6167709295027333 0.5144809951088143 4.531865274142086 0.4940655077589842 97.1567503790767 1.0908257866092785 0.0
196810 150.381499763777 0.861067726912413 8.74105658209553 0.5170264403402501 9.832305223903846 0.3945371771006276 81.03106155903609 0.9681335646489193 0.0
196912 150.448260849113 0.861532013201502 5.578881144621229 0.4623824529352303 7.501016409668168 0.3976963503004696 81.9320530079716 1.4105608784583121 0.0
197001 149.202720956536 0.862665417480535 2.882283403589715 0.4670930694296283 4.791683792113479 0.44736582202320363 95.71839296150178 1.3247187666370546 0.0
197189 149.313791530339 0.864075966738357 3.5385401167828996 0.45571017430125316 4.630837819725723 0.43614931231042886 92.06505138040714 1.092511245289823 0.0
197514 149.087610843774 0.866276063202451 2.8225122429934313 0.4651236529975617 3.905504869444214 0.4273586091311528 99.59177502505273 1.8135949908729505 0.0
197590 149.144759909113 0.866950794951305 1.2781928646303273 0.4296505196800218 2.389571472007336 0.4058039942306935 97.50703353440062 1.2985756278855538 0.0
197609 149.571819087879 0.867110777305586 1.6378641007910122 0.4286014579428311 2.6183418506661407 0.4021897060432324 85.01288443867348 0.7955510508078258 0.0
197659 149.757196578638 0.86673790229926 4.1283306297325035 0.41647590356683567 6.192533654442029 0.38410336534367584 81.54691158395731 2.1931723400073837 0.0
197899 149.903519948523 0.867987225001687 5.836322330934579 0.4401001126820919 7.797574168354328 0.38790494114835594 79.71331269310046 4.538220228345496 1.0
198476 149.974434566021 0.87159665949449 3.324355758162531 0.47083421490619576 6.115345887329741 0.3802594569017474 78.98074457094668 2.386682025500475 0.0
198550 149.832042560197 0.872506119950415 3.2721392743001503 0.4066211774121917 5.361053250814073 0.36259704114361463 80.19322177951851 1.7042048510010568 0.0
198645 149.873593612936 0.873439842579398 5.35171451633005 0.4232923641186937 6.046345622453141 0.37813137855943296 79.6759670789281 4.196791303779356 1.0
199083 149.87167839871 0.876401809555735 3.4391428266788275 0.4162906915689218 4.101163887695046 0.3761037953379126 79.52055451916347 4.174405805202408 1.0
199207 149.898115738606 0.876609627266737 5.457147048142285 0.41119690159323324 7.321888668426039 0.3694584092864479 79.25056217196898 5.266669990592746 1.0
199481 149.909505849488 0.877089376374954 4.130865983590932 0.41619775881503457 4.841945165639949 0.36332213834982097 79.12058167260426 4.964257948434565 1.0
199574 150.416091347832 0.879556356992 2.5773413516176173 0.4484293927334165 3.2122839457020276 0.38439802702013237 80.41013807892907 1.6122737065492931 0.0
199818 149.980617700073 0.880947807642492 2.9918536583150654 0.4988722185549509 4.09858755488605 0.3877097063773529 78.38750488730746 2.336887490850048 0.0
199932 149.483675296985 0.881749644201468 3.2402811330792822 0.41472326070986903 3.7113337094053045 0.39432788056389073 86.32652863870632 2.14344236158727 0.0
200668 149.906877954767 0.886729913353624 3.5666483617205667 0.42674394710091423 4.5729083176291745 0.3867494820824233 78.57133390960773 5.57171799736703 1.0
200696 149.950326318581 0.886514239303652 5.932666974692777 0.4587945141298195 7.142508607353458 0.40869983393156833 78.242498712896 3.196137605574877 0.0
200828 149.061355036979 0.887804104911778 3.7892425494987654 0.5351264667621581 4.193194783227751 0.5158132302085183 99.54870928299734 2.754410792323619 0.0
201299 149.884139851538 0.891233907217299 1.9123489391264457 0.44488841250511 3.0573706203059707 0.399914683630313 78.51737220488712 5.546685605645998 1.0
201392 149.068773214253 0.891442223812746 6.499852485546993 0.519624649651007 7.399840762032043 0.4960042449321749 99.10021922762564 2.992254140938686 0.0
201481 150.005399286035 0.892366671314482 4.069738355269621 0.4875158164516057 4.43742500049112 0.40872594995489575 77.58242014438942 1.4412039738955125 0.0
201495 149.896842355209 0.892063234012477 4.960629599408969 0.43631639212304646 6.810307909989598 0.40126137165972137 78.34619616708906 5.97140926963437 1.0
201582 149.739666620555 0.892372162970829 1.6811003929649462 0.43747987758219226 3.1324613701995982 0.4137994571326472 80.33589739710804 3.578831646573648 0.0
201597 149.066487562249 0.893141187932642 2.2112943432739374 0.5193603868509961 3.6224907920516256 0.49246504491615656 99.10626389802601 2.981595938240853 0.0
201723 149.503947944676 0.894125436837328 2.341523974774289 0.4494642124372843 3.988771794807418 0.42902036543352473 85.13839152971627 2.399515635210706 0.0
201947 149.211260473241 0.895686361468126 3.0155569515381577 0.505452009397671 3.5223514974709556 0.48707103630120924 93.79431689417302 2.6636151904977003 0.0
202278 149.924497392674 0.897685534318475 4.765395473018618 0.4327783505297353 5.255834039763607 0.38989783499756514 77.7711700529944 4.666820343544759 1.0
202293 149.271778154671 0.897726775094453 4.263368519491028 0.5251771082357923 4.997524836398478 0.5079251597833081 91.67721891646163 1.7944102108739457 0.0
202489 149.485220117228 0.898719604398814 2.4360441804007418 0.4418484570812334 3.6609248116567947 0.4208181476106447 85.36739975412465 2.730899142205927 0.0
202708 149.723380237965 0.900083130773995 6.813633098587376 0.47142542789124386 6.9652962867220864 0.4498376631126312 80.1601429410749 3.1746781920002123 0.0
202776 149.252111240962 0.90025212806226 4.156030116544832 0.4940582750568808 4.423691526799529 0.4765088913633368 92.19523793328155 2.080030150152318 0.0
202894 149.742701148376 0.901691576011867 5.131539909968365 0.46056997302313896 5.979532436398919 0.4386469379080781 79.74837730204263 3.4912207156503263 0.0
202986 149.744484439836 0.902498509720096 4.333114122412788 0.4573867552159425 4.494665964130619 0.4350832057742374 79.67305096650368 3.434960073276388 0.0
203097 150.055720884227 0.902839231526812 4.082986914449091 0.5100939239141378 5.420510024585111 0.4024790911042565 76.79224844720483 1.5102227978155784 0.0
203477 149.144121356537 0.906326936501887 1.7848660391994238 0.45137156766202774 2.7006467376100862 0.43204488824793175 95.62808052661285 1.6742538828934066 0.0
203597 149.351954806078 0.906957989473951 2.455698145530155 0.45136520103606403 3.6542504917036043 0.4328751125776592 88.68504279080506 1.5353324123755987 0.0
203790 150.45317764459 0.908704006808487 1.756719725277119 0.4152162814635394 2.962267961056295 0.37043046682890063 79.27677655006585 3.148046088297798 0.0
203867 149.851008875739 0.908235239638205 9.437364187734444 0.4378994544301797 11.268439712333342 0.41123596132524437 77.8679826058765 3.024508389577825 0.0
203905 149.435135768763 0.909338196091282 2.415792014680585 0.4378649487166402 3.6768364316804147 0.41697111740147086 86.14193321021472 1.7990116941186902 0.0
203975 149.099450600151 0.909429312302236 4.919958497452978 0.4745563486579415 5.356858663851575 0.45297776498514203 97.11151962224478 2.1559400876660706 0.0
204015 150.42294597393 0.909761471038194 2.9177436406091566 0.43354362505698735 5.302759082101246 0.388538972996775 78.75016406758138 1.7033387743033837 0.0
204323 149.94542907416 0.910618743424485 4.1383366764980565 0.443096870149789 4.542490609542607 0.3939873777153171 76.84083672508888 3.8081079401261784 1.0
204518 149.558204633127 0.913518975515602 2.779521824522897 0.39199103541608993 3.0773538904403868 0.3691293160827624 82.7525784922836 1.3226797323339972 0.0
204519 149.190357538467 0.913175257308754 4.464516810905933 0.4481975122095936 5.039203283838173 0.4269886014381713 93.65742991046174 2.197534206138409 0.0
204528 149.071198296531 0.913529788381152 4.373201094752522 0.39858880520506573 4.830011174359646 0.3739712323329181 97.97640312645042 2.4813722521026302 0.0
204655 149.308616011665 0.91332395255297 12.0243825573752 0.4486634847126369 13.320338645982053 0.43179161070717104 89.70359394980876 1.4810492444945675 0.0
204708 149.482895822117 0.914060710640211 3.2133687367979267 0.4094142704459147 4.801487430489493 0.3868437428774796 84.59900531335884 2.8208094292135195 0.0
204772 149.037626190601 0.915022282596642 2.5000193208875183 0.4470756640745135 3.876731200019369 0.4201880571084824 99.18817801920224 1.3688973127553872 0.0
204883 150.084589019758 0.915564073788247 5.270524210797752 0.5228420017429802 6.961728815834553 0.3713922013593118 75.98844392380428 1.5788527887383508 0.0
204905 149.879505548217 0.915719549845404 6.446925178045457 0.4107435689549032 7.5991443284324856 0.3772244729440047 77.11589221992304 5.337860986105206 1.0
205084 150.462525998786 0.917504577311159 1.5193202846793294 0.42756970257767923 2.6555334253251406 0.36610106372341616 78.92068497661232 3.9349474457311384 0.0
205140 149.771576166364 0.917840517455941 1.2785890251816476 0.3871803588799003 2.316689441505486 0.3589088895488512 78.36233524979872 1.8698452578777809 0.0
205167 150.071301046864 0.916939372229934 9.850033546706747 0.5962587994143823 15.07272289037675 0.3836728377263967 75.91981939523397 1.9086397986072812 0.0
205349 149.130485024705 0.919130325048466 2.2831688441170237 0.4353528703527764 2.7578995805408737 0.4147492663280058 95.5099828715118 1.7686752606231695 0.0
205420 149.89137701716 0.919794330612731 2.248825076303582 0.39149841549507786 3.1648197308799673 0.3583199990073261 76.75575637577207 5.720569139737434 1.0
205495 149.907527865686 0.919791295169684 2.6930979544780627 0.392425870142196 5.005667215744778 0.35215668196332517 76.60398718683173 5.364259641942003 1.0
205498 149.858859278184 0.920234084884595 3.22830211099712 0.39405405677676725 3.9632338969893386 0.3641704486703153 77.07179064929471 3.603895484255644 1.0
205832 149.891026315614 0.922685469583409 2.069847658744388 0.3931952407725183 3.048503143753465 0.3591265384245013 76.58805188451369 5.621203282082014 1.0
205858 150.223416210232 0.922929931459741 1.6929281152363638 0.47423936904021363 2.870429068022312 0.3603560174465361 75.90266346939224 0.05162684218463933 0.0
205864 150.050977342771 0.922314936990872 5.747199835841754 0.4594331886797454 6.857712912530278 0.3702453064336099 75.63494089799418 2.0074703034731094 0.0
206369 149.21601465029 0.925912229417177 6.671405502600074 0.4273121831435081 7.132415261610068 0.4078348281420004 92.14329976886906 2.459360029019478 0.0
206450 149.106288622704 0.92695038467197 2.5892771846485076 0.4587910781428968 3.307066969137283 0.43751047649945307 96.03198577378299 1.749531415030635 0.0
206491 149.166776349538 0.927039836524578 2.503698770210757 0.4303479899259974 3.9435075510618463 0.4073461840849401 93.81928479337593 1.5920616324135346 0.0
206542 149.641429246738 0.927500089961638 1.5115865345358264 0.4049204391436957 2.1655145014514607 0.3841665558063249 80.1343648165952 0.7104646348792863 0.0
206595 150.349369557279 0.92754811323235 5.940166767259181 0.4521670463072897 6.726551078970183 0.4011406449087261 76.73545099543993 2.3965844987282074 0.0
206706 149.535019236198 0.928538110784066 1.974367818183193 0.41288512532835864 2.8376258324875887 0.3895665869456926 82.48598757702781 2.5094112235089505 0.0
206707 149.445298968697 0.928637369586662 2.2424632093375214 0.39964749088464846 2.4335243893347753 0.3765715447345604 84.83327803677423 2.321631503210498 0.0
206899 149.948798560143 0.929941141666982 2.15436979238533 0.4174100868921689 3.4151792940977543 0.37519538869575575 75.66559960598579 3.426779847866296 1.0
207220 149.215077669738 0.932278832630144 2.499688763492116 0.4365648908864003 2.8782440762017254 0.41794634275493364 91.863553386795 2.2046443681620524 0.0
207316 149.94136375102 0.932907661211192 2.0814444807446804 0.40913288052474467 2.7480895881253344 0.3756486987677993 75.54375902700251 3.8019668409545786 1.0
207563 149.690081770721 0.934552549424433 1.5781667483495128 0.38536511190502604 2.4549710223983032 0.3680222858485219 78.77816277085002 1.0185389722791183 0.0
207592 149.827915403802 0.934722550655869 1.486559225233055 0.388302159768629 2.4804021907698504 0.36037272212436255 76.5919401185744 1.8140483222804424 0.0
207673 149.752557636604 0.935025033279673 1.849210248086382 0.4003752467733071 2.401854382936396 0.37976330771104405 77.66304485195207 1.4942245200236257 0.0
207840 149.414364812842 0.936054124689051 3.4321697195278644 0.4621327146354622 3.9995057934925877 0.44313444609272634 85.31763259635458 2.6854796205576212 0.0
207849 150.339299813158 0.935498528939406 5.227750658458869 0.4339221103689603 9.166363204809882 0.37490042313045224 76.15149293756153 2.8083595542059836 0.0
207950 149.856725814801 0.936848605173665 1.629813624799017 0.4182036182561584 2.42922113908763 0.3906996226982252 76.1172736179222 3.1177504814352535 0.0
208200 149.763970463891 0.938748401649619 1.822356585231255 0.3919891092442438 3.2225123838509933 0.3709736359120969 77.26649160256652 1.2351745621508665 0.0
208272 149.533538142855 0.938151147858833 11.258213852635198 0.42603683607967907 13.37295930201081 0.4097381944951627 81.99720274509777 2.698967797930944 0.0
208425 149.398214546187 0.94035203946953 1.5984475993350662 0.42037174695136825 2.894373943669936 0.40238122047804925 85.56407429465199 2.7904171395626585 0.0
208832 149.517882073628 0.943056562247242 1.9547635342758711 0.42758010701158866 2.7912322272819057 0.4093306150902008 82.12418313548608 2.724852268949371 0.0
208920 150.117949143291 0.943248571048404 2.2716994344223584 0.5095177861454089 3.8211513112345243 0.4007133311462218 74.3295485723016 1.5327111454962234 0.0
208949 148.988785661518 0.943976280531218 1.8075530912834754 0.4945196368281587 2.9014367809095103 0.4724827509095515 99.79491258171618 0.7276389345486612 0.0
209414 150.103244321821 0.944162811530852 12.803873288725597 0.5126691232801691 14.985131995072296 0.4149677900351848 74.26715288321739 2.1122570225143806 0.0
209540 148.99373142446 0.948250066230005 2.9455854118631044 0.5291337366806326 3.265755674677159 0.5086148953782389 99.40592488597669 0.7347875359207567 0.0
209781 150.106540691676 0.950180507065822 1.9737322760992926 0.4876534427826577 3.213751636745019 0.40314529833543505 73.90687735316111 2.122939247432948 0.0
210077 149.566094861946 0.951930664391746 2.750826061147893 0.4169182748920571 4.057974375986029 0.40123243775799544 80.4484439902557 1.7201255931389139 0.0
210252 149.436929156295 0.953223011543269 1.8260124601469767 0.4411036702185737 2.430553369374928 0.42503714697717554 83.7655313415705 2.5345249291513023 0.0
210258 149.280794684615 0.953338226482574 2.0001524277011895 0.4520942432663591 2.445159188232177 0.4342909951766311 88.58980330169804 1.4502267664939201 0.0
210363 149.870073738632 0.954017752859453 1.3636020221891083 0.39781010045293275 2.530245763175598 0.3715603255616703 74.95506901346782 3.2216415467259845 0.0
210435 150.33966202373 0.954152702730094 3.7326580502298383 0.39741332248208316 5.905750986997778 0.358493989185305 75.05674419466037 3.298501688079189 0.0
210634 149.915898831897 0.955383016442364 5.3090179031219495 0.41737619528859743 6.037240007549701 0.3800747016915859 74.41740476880727 4.816777138022313 1.0
210898 150.358728164897 0.957785653226053 1.6136244529618964 0.4159927252342903 2.459913452186759 0.3811910511837979 75.07081979718697 3.1466805429848623 0.0
210939 149.876822780685 0.958138402244477 1.942898452093791 0.3927037473442866 2.479095744990773 0.36712811593840466 74.63840864508241 3.339441744885943 0.0
211071 150.069219281134 0.958928222678714 1.9058969184691381 0.45316047596760844 2.514931975392605 0.36815484584704034 73.40419185148221 2.551865535035273 0.0
211194 150.028526421394 0.959490248545494 2.7465095502965196 0.42772965410653413 4.093873041732769 0.3764796966327734 73.47241199418995 2.7955571455572366 0.0
211209 149.926173408703 0.959816265291623 3.4089794459308553 0.41024338193263066 3.944023425401339 0.378267898321714 74.06511200166292 4.596975641784956 1.0
211225 149.923346019972 0.95999772198459 3.1475366512815404 0.4100131833977004 3.5853450769822484 0.3780221351233493 74.0783964107983 4.655968616143654 1.0
211375 149.903596084827 0.961064558548357 1.3887688993513827 0.3913736107293617 2.47674033016472 0.35627166846544017 74.19386896293048 4.312932876012359 1.0
211486 149.834204363388 0.961566089780141 2.9525188384976646 0.38574634597155 3.628597944911468 0.36343978937733545 74.93793006626564 1.5382639414971029 0.0
211544 150.070674642419 0.961774991198044 3.6009129342587554 0.46333542093039354 5.2136996669660345 0.37363590480349473 73.23129146586162 2.525754787349895 0.0
211796 150.347563631488 0.964019004234728 1.8999838861211933 0.4097499763940589 2.745365178569122 0.3730444081848886 74.56871926449573 3.2362161766340773 0.0
212220 150.026171753735 0.967061444198716 2.4351610241591364 0.4088436873373861 3.160121701394442 0.36239173199689917 73.02734543091157 2.9419324801667335 0.0
212309 150.044008163641 0.967712631035263 1.8006533042233914 0.43959295527347986 3.353751755110813 0.3905001334833656 72.93126482733402 3.028937984562528 0.0
212515 150.312220305083 0.96831749144657 2.3723801115881553 0.40003201113143855 3.870244370275962 0.34568022127572445 73.92165882476026 1.575342028388226 0.0
212631 149.064528212849 0.969744857828436 1.4344712034741356 0.4438343855128731 2.144257292435833 0.421930113736459 95.63892190169213 1.2919238105562418 0.0
212684 149.939929079631 0.969911240095403 2.7308269519584263 0.40366606363155066 3.390561350698014 0.3755162400655632 73.35295948694657 3.5550403023397035 1.0
212815 149.408414396823 0.970956267992089 2.3895685252063967 0.4109437547815365 3.7958746657372484 0.39347012206288373 83.66511493446598 3.0448711562639317 0.0
212901 149.515336948746 0.971283990860973 2.9011232228720276 0.39832132696952743 4.07873781166921 0.381577478083265 80.66058021749042 2.718324189124161 0.0
213062 149.511304861655 0.971798730941942 6.121195287194896 0.39501500362861086 11.261662070172205 0.3769178859324956 80.7382275715625 2.754487160391419 0.0
213144 149.366581557241 0.973160086057447 3.217000668956014 0.4224226197327916 3.371604396078352 0.40246606071885155 84.82384371282339 2.339823271651138 0.0
213633 150.464020171926 0.976514117554663 2.611070573303853 0.37058934150981576 3.4192013090302242 0.3534974303470896 75.54920720942651 2.924475350830633 0.0
214116 149.31362785092 0.979040310884605 7.988681115853674 0.4484771654655774 11.260866433918507 0.4322971067821048 86.21785666346388 1.2117875063974746 0.0
214346 150.160125484594 0.980678999491725 2.4313414544512186 0.44539585510664315 3.6978762220392154 0.35960484105201407 72.16607989385453 1.0132718312008893 0.0
214357 150.04760475732 0.980634477756358 2.5188670965323676 0.4317829273642199 3.264220207212556 0.3884880946368018 72.14706745704758 2.934713862934878 0.0
214678 149.451304331627 0.983431750767327 1.7958424675143958 0.3872275830756143 2.933915499990757 0.3709936373234746 81.76092295196032 2.8123687727346454 0.0
214816 150.015048599991 0.984320071952725 3.0655788974882827 0.399134763667085 3.3392626111532677 0.35679619903269333 72.03786770344955 2.6851658247555545 0.0
214931 149.958456349018 0.985062778125585 3.508677576784605 0.3795883969772799 3.7893961238714846 0.35035096522629966 72.31292746579564 2.2644680775984942 0.0
214979 149.741193431561 0.985757201848421 1.5881049726496899 0.4028106737436781 2.237103807216109 0.3891979053131338 74.92803831410613 1.3195653345404998 0.0
215296 149.111377183574 0.987897499091159 2.446283374373137 0.4619675166539043 2.7810385982190393 0.4449486164649473 92.9969040695633 1.3379077572781297 0.0
215359 150.022114410639 0.988134810366064 2.0957230205225716 0.4011313795285474 3.179553090965384 0.3583761539827318 71.78073478938359 2.771205218305192 0.0
215478 149.381891776972 0.988425327623043 8.265642003678627 0.4060967211560326 10.359229146045148 0.38936981431294915 83.56503090171847 3.1161940497130387 0.0
215498 149.167948397511 0.989336391441705 1.7820171365122657 0.44142515840670643 2.413313018390126 0.417731962986576 90.80316740703331 1.6728591848172312 0.0
215834 149.468008541305 0.99154189295508 3.28592634293383 0.3946201903742632 4.046610590687544 0.38050875626123964 80.8587834178134 3.3146037690109553 0.0
215899 148.828359008415 0.99178226900371 2.27751310432612 0.47318609397158684 3.5594193064904913 0.4420150300857865 104.48028711265302 0.11452106486392269 0.0
216025 149.555610519938 0.992759955255858 1.832999048912238 0.3794837791521641 3.096380555319778 0.3632811593992543 78.46664079814343 2.0185566397332626 0.0
216050 149.918142165024 0.992999095472447 1.7689614270367888 0.35992830840359497 2.590371737022519 0.336659336108052 72.16572788420969 2.4594644552714042 0.0
216097 149.164395236547 0.993127202894423 2.437773676289714 0.4388016692068348 2.752957150752418 0.418717870493445 90.75561571752024 1.7766968923585849 0.0
216425 149.964210875262 0.995333922306333 2.0704327276534444 0.377378722170924 2.6132332028871845 0.3475915071564119 71.66091116426908 1.9665560100073471 0.0
216533 149.12484374181 0.995767637267051 3.1285834722505816 0.43424562488741525 4.254434924092439 0.41567918461702186 92.11866334752963 1.6225272743817274 0.0
216661 149.380596651357 0.996767400967154 2.46555510258567 0.4001714724056393 3.5101149065691652 0.38224060038220986 83.17673380689916 3.0408137719254915 0.0
216678 150.294618204852 0.996888487892769 2.8121472390384197 0.38797253969359263 3.1666661779312304 0.35448440606929915 72.05506328720007 1.196113391617665 0.0
216770 150.115240731694 0.997526826678006 1.7367340608669395 0.44852994259412227 2.9815787159637717 0.37851403907894904 71.0709354801947 2.0999849227083063 0.0
217067 150.073826211276 0.998926991574442 7.69832407095719 0.41786605648677766 8.531480467619557 0.369549216799153 70.99840358819975 2.1451002944678033 0.0
217130 149.055288500219 0.999724661444215 4.124718993665887 0.4802868120465752 4.673373970413908 0.4629230892338334 94.64390477449693 1.3371240797405979 0.0
217320 149.484690562957 0.999867027787636 14.539375586799771 0.3917388649056608 19.883189407504336 0.3771951246483966 79.95115263603155 3.83722920372455 1.0
217362 149.051144027418 1.00076686439473 6.831503926841965 0.4571848058072012 7.708308200890755 0.4403728055483926 94.76186316913089 1.3564761430817491 0.0
217616 149.431464202181 1.00315715575332 2.818075742091297 0.4151165741070719 3.3999667105095313 0.39849966665411707 81.3020719697468 3.4089424291900494 0.0
217675 150.024523707638 1.00360969649755 1.5143490314941832 0.4093108646114971 2.2534303736470394 0.36459577334218546 70.844854772694 2.2561229018562923 0.0
217683 150.299157484219 1.00365491647315 1.6711020447168474 0.39234447947168577 2.468044320591888 0.366940625728621 71.69931891510049 1.365315815751418 0.0
217797 149.484416002292 1.00431929213911 1.5554406511530112 0.39414080792764994 2.6537473876931403 0.37402986446286374 79.72188039700384 3.9326263167919495 1.0
217806 149.255735875012 1.00367603343086 3.1328137891744716 0.4317865178433675 3.9492908320809175 0.4130000729165035 86.9590760907294 1.0850639566882847 0.0
217876 150.332846838455 1.00458162737946 3.75560092147046 0.3761978939345634 4.578104816911144 0.3544545512922796 72.00892515731417 2.1359868599547585 0.0
217985 149.394203654491 1.00557775701226 1.3592253321372958 0.3978222913282133 2.411313798127649 0.3801881074839968 82.30250958278958 3.2267229379716715 0.0
218180 149.596611083202 1.00700204075656 3.3397634752254746 0.38389730538252254 3.747466277476627 0.3699943955423538 76.68941174714878 1.0294993809862714 0.0
218800 149.829389135929 1.01120280955584 2.8516852315718544 0.4212952378983573 3.3500614394591093 0.40404992938888795 72.0951075844295 0.8776012162034957 0.0
218956 150.09696158664 1.01171466840372 3.066691259590473 0.5022340289143804 5.424673301787624 0.409341002563513 70.2140230403573 2.347335920451346 0.0
218974 150.193729586965 1.01195081866809 4.50472722657878 0.4479096118364653 4.881318662219682 0.39588599235196426 70.4243387457566 0.8271968188854782 0.0
218987 149.495347816352 1.01200201769807 4.632630073265956 0.42009075463252554 5.2825187956723765 0.4076426230507134 79.01052027127336 3.819251323673836 1.0
219070 149.036527792306 1.01255241092646 3.7798900203028443 0.5024780763811934 5.037562652415038 0.484366315058775 94.82150681283555 1.189071127393723 0.0
219361 149.587375077585 1.01516634210239 1.634977156745474 0.4216343152153118 2.901500873829947 0.40988320472765094 76.46038627554665 1.4140502981345404 0.0
219419 150.450757670533 1.01502318691441 7.258955498334009 0.45809201660075943 9.092232467409866 0.4462030604161925 73.10738820598125 1.8537435629050136 0.0
219481 150.124119697026 1.01585702136864 3.2661580050929473 0.47126594671657523 4.538698721346016 0.419625964038002 69.98019858504253 2.3001828606744747 0.0
219730 149.564395623937 1.0177973781998 2.1218097600156556 0.3946857920377302 2.929943396499202 0.38152931630540804 76.8814475649928 2.2440991857099384 0.0
219955 149.349880426742 1.01935958763633 3.599589360199217 0.45958989656260757 4.50509174585501 0.4470749543529568 83.0046286408297 1.780248177346649 0.0
220014 149.430882040408 1.01877797835418 14.014804408946173 0.45467136031552996 20.91933987039391 0.44215812489766404 80.50538898068852 3.844619583613542 1.0
220067 150.365230913729 1.02023154502452 3.3448007551691745 0.4376648537457496 4.407859838751397 0.4226526877443608 71.49490245051058 2.000219032458826 0.0
220092 150.343744271241 1.02063235838896 3.1227523978037706 0.4070055424649959 3.7496430424957157 0.39105448199262655 71.19572293241144 2.194161188777509 0.0
220194 149.694390430606 1.021213530461 3.6770193175137305 0.4265867845454876 4.954947890934784 0.4137204460324535 73.77026781891266 0.6089315083435165 0.0
220202 149.43437758004 1.0213282126518 2.692555835192701 0.44253876593588587 3.6648707622900107 0.4311548070241182 80.26829392371806 3.8783257151266994 1.0
220736 150.023357992813 1.02535763197774 3.9773564957450067 0.4289532978836636 4.614255249963163 0.40285955073182084 69.54727965006273 1.4328848014105484 0.0
220983 149.525936768597 1.02736692195075 2.0482414011574614 0.39431784137481385 3.439609378937593 0.38102539492722637 77.35878574210209 2.9401484496299095 0.0
221166 149.393106868679 1.02855417413523 1.9395038939601437 0.40015413771385644 2.218324489440588 0.38814233359030154 81.1575795057514 3.399038453482762 0.0
221201 148.920466533172 1.0287669761857 1.265739683859474 0.40691220416850915 2.1360050526670027 0.3832355785107211 98.95414283179308 0.5747790602417636 0.0
221230 150.081522029632 1.02917343927067 1.660351737330227 0.413196135623188 2.1607139785457536 0.3671227380266899 69.17513806455989 2.342102311839044 0.0
221419 149.803320359665 1.03048001288722 1.3548356577438432 0.37206824008489037 2.2755120423130566 0.3559033828092577 71.34242276946074 1.0370182761724842 0.0
221534 149.481490637654 1.03113019817466 2.282461271167655 0.38137674963613116 2.70324655273907 0.36782893887187085 78.38245518477225 3.750689645101636 1.0
221919 150.032848917587 1.03359757378789 1.6599962334231204 0.4072219244434685 2.4254679276533717 0.38211502982717016 69.01841760198909 1.3529103314761879 0.0
221953 149.375894932783 1.03360997617945 2.7218838715443123 0.41281801044609023 5.0886390005763715 0.39852290033777543 81.44477566609966 2.914153905795674 0.0
222397 149.185353239712 1.03616751844851 5.761941852154931 0.409850544214859 6.977568423410211 0.39240743197403166 87.95058426557785 2.0384386655093105 0.0
222408 149.499239486853 1.03613031608829 4.486404239346265 0.39087622870572813 5.945967452821303 0.3786892079773039 77.61844986333294 3.3966550667299513 0.0
222656 150.094753601676 1.03856165876695 2.868998175156054 0.4143553750272051 3.952249420224301 0.3668267502898104 68.60368873367042 3.0150739733204133 0.0
222813 149.216209348273 1.03930005946062 3.072956526738232 0.3983430319432618 3.3683246066325494 0.37939202000140426 86.65959141387835 1.9373555900497361 0.0
223311 149.102972697378 1.04162795511101 27.00036933990643 0.4621775200172142 48.270477976647356 0.43533939328092597 90.86713875388912 0.943127107578081 0.0
223388 149.467581222769 1.04341232350976 2.574034948875829 0.38931221536771954 4.2332747753327595 0.3756426578258731 78.13555017405858 3.4495457418468027 0.0
223754 149.230460867449 1.04650224119181 1.9889102347764753 0.4257767923023864 3.141716627338253 0.40709889223358803 85.7958568038802 1.8978716384816796 0.0
224192 149.546063311616 1.04933698070952 2.1054430802569346 0.3857986118383754 2.604710502044614 0.3725005300277162 75.64264489195264 2.052454213450614 0.0
224380 149.149917427467 1.05057554128516 2.136884304397363 0.42407833678035 2.8686237840966746 0.4052243400683635 88.62763671490609 2.2273803659685445 0.0
224474 149.52328370254 1.0512169332436 1.4906468064864316 0.37357288895728136 2.2487403557765684 0.36034596148832965 76.15205283205735 2.5516216313770372 0.0
224603 149.90301535747 1.05176836814489 3.406201036247424 0.3734150291354313 4.355029223155692 0.35326261635596623 68.8320240734868 1.5669529406827103 0.0
224788 149.901348448797 1.05240879578079 3.205176446010713 0.37842728375927637 4.939416684494965 0.3606517657558392 68.81140776410984 1.541378187200656 0.0
224842 149.834936394372 1.05281159899782 4.967665823352557 0.3614751867980245 7.839140269008201 0.35058797090062194 69.58813991578086 0.8671303338880287 0.0
225061 149.429144290223 1.05512193947495 2.3023545441596247 0.45236667751212783 3.0340348115775555 0.4405664287876318 78.6755995888041 4.649723537879215 1.0
225204 150.147447432818 1.05617606207131 2.6452093634856846 0.4107764616431404 2.9874482829978564 0.3689140154391111 67.60601913800639 4.4801573007154385 1.0
225392 149.342753314645 1.05768201966418 2.0840215502539112 0.4245585581911211 3.1439533413389573 0.4109628205044 81.31963422322599 2.072475429196315 0.0
225438 150.380187809843 1.05799006177894 1.434120442074791 0.3868318103325824 2.4877070340365908 0.3714053975022695 69.49941181282813 1.3376749712698475 0.0
225467 149.183343205403 1.05805548990108 1.9465903976947645 0.449854221763953 3.123293135776192 0.4327864691218941 87.00387932398719 2.1596889711805964 0.0
225529 149.256203974129 1.05843680615116 1.507852808822781 0.4315950213223014 2.4660091861929603 0.4184475751772579 84.29240058696573 1.5634772215268287 0.0
225535 150.137775172445 1.05867255822084 2.952868154122799 0.42034684613513246 3.3517925008360803 0.38309907716594593 67.4343816349212 5.232519605131913 1.0
225575 149.423176058622 1.05872186220241 3.152924784712115 0.4703398828630073 4.42074840936108 0.4606387659804483 78.67413260019728 4.748262164749417 1.0
225604 149.448084037301 1.0588807817682 2.4975237488417736 0.4197054394302273 4.509474375552466 0.4079189869350855 77.90562616280693 3.6055146059500847 0.0
225874 149.312623098246 1.06079659643486 2.0538445589690992 0.4243247566343814 3.245678106912675 0.4074120819209525 82.18946063518719 1.764450498289538 0.0
225888 150.095036874626 1.06097450371551 2.6370957799098163 0.4179879371858846 3.1161040465338603 0.38599904238813626 67.2588551228656 4.367408429111227 1.0
226039 149.4261343634 1.0619319509666 2.9137413324079704 0.4396909996970984 4.08371597141906 0.4251630766735798 78.41760367399516 4.555824973200294 1.0
226145 150.142069980727 1.06260896709265 3.7020889226187386 0.4324854741689789 4.1163180877896535 0.3901040466020683 67.20750813170697 5.154364703615344 1.0
226165 149.377829444256 1.06221747018526 4.354517769017609 0.455182374881411 6.175837264493175 0.4421516051005852 79.93486992479374 3.3463696440641204 0.0
226199 150.111429706387 1.06305418901844 2.4905388176520407 0.424772607521185 3.451753421872374 0.39446435428240706 67.13691502256816 5.392427135615433 1.0
226365 149.037381105551 1.06381503779163 3.518134717413883 0.4962303530775526 6.539326449621261 0.4757611958774247 92.53296996968432 0.848355063061517 0.0
226755 149.395313382136 1.06675839578803 5.911722863276985 0.43362519508359587 7.29190220623948 0.4220577746784153 79.14107874537385 3.9386373928791576 1.0
227255 150.297692298573 1.07051179922452 2.5477915684952985 0.3870716384385665 3.41831542699775 0.3704466742340686 67.73179045485736 1.4124314690914404 0.0
227450 150.206645499895 1.07234133232988 1.5095618612802337 0.37115995120562667 2.7552421186185083 0.34971129762108366 66.88271892267791 0.9364063213915703 0.0
227610 150.126065975939 1.07263940205957 7.456874160380357 0.41154757523465335 8.586684178846953 0.3833722916568138 66.57665923387542 5.848672986659438 1.0
227716 149.149042843381 1.07385160306079 1.6059045712003153 0.40982588112300167 1.9969346499976608 0.3924672704506119 87.59653127510737 1.9085173709763763 0.0
227759 150.151572430242 1.07413801492477 2.617878613558432 0.3892526799608371 3.5384481213410663 0.3605753515239735 66.54031301079142 4.241226414188749 1.0
227823 149.365304594345 1.07461632513082 1.759784029904211 0.426375431329004 3.2560415453796874 0.4141576407868585 79.72327690875197 2.56463788479458 0.0
227911 150.318251287197 1.07475197910525 2.6065136679570764 0.37532934816978275 4.78123747487004 0.35914785668754884 67.70884575909697 1.8050339128634336 0.0
227978 150.103714832172 1.07566492295367 2.4450385996124755 0.42032445389628614 3.201585584890721 0.3905172433463213 66.37714520110454 5.225346947918451 1.0
228255 149.158315263369 1.07705466581815 4.224710229916848 0.4277408400042644 5.233907078146921 0.4118304047447901 87.08906397185342 1.9150848970770051 0.0
228369 150.083839514078 1.07832088574584 2.077919738470772 0.3969824615155511 2.9942750078121434 0.37122935377238575 66.22450637243561 3.8531723910643687 1.0
228469 149.452685551357 1.0789533854225 2.2180691123041574 0.37540440221225935 2.5898267630237473 0.3632665174820855 76.72620874844804 2.6078673623819033 0.0
228501 150.083833559726 1.07911996384367 2.292664725969905 0.3971011474258795 4.081667392240845 0.3726662323280525 66.1765720540193 3.8415091940650936 1.0
228654 149.243708248556 1.08024776989875 2.1440011970166735 0.3867510133124193 2.9700493572874906 0.3720827289069951 83.70708386842804 1.6770512582774357 0.0
228733 150.128598495137 1.08017543893473 4.16601168644508 0.3909138520208829 4.696595130168266 0.36676461883374906 66.12838769568229 5.438579796113617 1.0
228855 149.486026793216 1.08159797834778 2.8508302356967286 0.3779696901609515 3.1031646436079696 0.36344122594279354 75.59543236294618 2.3632319817046636 0.0
228904 150.114222670987 1.08202807674017 2.4061193708150914 0.40362246844433364 2.7293728898697807 0.37767040680494635 66.0004944532393 5.342675708055405 1.0
228983 149.418687008668 1.08178067651162 3.8343132897188856 0.3970362589908176 6.5744764437542775 0.3843428665900438 77.63353088069321 3.1691365621040664 0.0
229030 150.173011973072 1.0824906140544 2.8565779985557245 0.3766124518711949 4.136773859037232 0.346882829156691 66.11240386245481 2.07630697670384 0.0
229277 150.019932077312 1.0844516400504 1.9618460782467295 0.3749321265092609 2.7474789557181265 0.3558768800183069 66.02442977152482 1.4394340498664489 0.0
229981 149.209364695086 1.08804404767987 2.923027070518845 0.397759272405419 4.783021670751453 0.38285064342922975 84.62296326283644 1.9064823618595559 0.0
230183 149.03108808444 1.08989592001337 1.3214759372691778 0.4257907580010568 2.3362818000777557 0.4024823878378077 91.66807748452223 1.1991871029359715 0.0
230192 149.729669717319 1.09006903810858 2.583188265119479 0.39924076175750467 3.595469456223034 0.3806160842767125 69.17509465973284 0.8443829076877939 0.0
230198 149.514795212452 1.09008676424682 1.7823570776269102 0.3705206438532808 2.7602940404793768 0.354792042878643 74.32080407233991 2.1674217647366096 0.0
230881 150.099369762841 1.09404251577407 1.8787829425860065 0.3897791018505033 3.4108797273517832 0.36527758940959104 65.27412666410464 3.9217245420526257 1.0
231465 150.05441281624 1.09818561692859 1.6187552938354295 0.3907625990263156 2.523130436044287 0.364221980851747 65.08298274765839 2.339876652645277 0.0
231677 149.634947623204 1.09868437352392 7.255420350169283 0.41443954358893376 9.153620132496593 0.39862290739466394 70.72731255560504 0.619900487086235 0.0
231891 149.183536268022 1.10059462874097 4.746917143332821 0.41477435361893256 5.25488922171234 0.4005643611499708 85.03312950199609 1.7656277516308396 0.0
232036 150.323782467796 1.10162593182986 4.159483610697272 0.36779080409613446 5.168703582105969 0.34876340384633586 66.19400816361451 1.8679482315426315 0.0
232724 150.466985105754 1.10581457491932 2.3332690644671077 0.37937015614276975 3.4262518986283936 0.36509954738032013 68.21603587511329 1.1453697261072882 0.0
232832 149.331134098106 1.10685463040648 1.8369649457043138 0.3978262888635003 2.8928063376575848 0.3834116314493578 79.29241657646949 2.659456938245774 0.0
233164 149.866131254725 1.10924634534954 3.4883020414013597 0.3894451216199488 4.0907608515904075 0.3705080045286245 65.87248854380637 1.00278481354628 0.0
233347 150.121292314679 1.11054478927736 2.707072789584114 0.404461314848108 3.597734164832665 0.3843599948705054 64.29666170861678 2.470153489726927 0.0
233550 149.913851927825 1.11190333872337 3.157832681677059 0.3778935967357614 3.5794286373957176 0.3597110179733699 65.16589591875757 1.7532966931947376 0.0
233678 150.335437707758 1.11312641830441 2.758680713008697 0.38237601360854284 3.465466175869857 0.36847964777185754 65.66520878576881 1.9560475064197198 0.0
233838 149.136101225864 1.11364673390843 4.363520614238279 0.48462373134064285 5.3538934454060785 0.4692517770630649 86.31590933074573 1.3070036262511935 0.0
234242 149.613921671412 1.11698155119772 2.610739380504498 0.402456883130364 3.370007229969075 0.39122394146416084 70.23372335923857 0.9700921693287826 0.0
234347 149.228541870801 1.11765320309908 3.1853060107260247 0.46141863816251993 3.636012832775798 0.45195914798784326 82.51917029892395 1.7745975707509503 0.0
234369 149.64707174048 1.11801982585154 2.00605334133027 0.425901187766644 2.8566827941641404 0.4141703304484048 69.37472899440895 0.7051310656135242 0.0
234401 149.923582906755 1.11807653106724 1.8209041807181379 0.3935309900014003 3.360423128263064 0.3773368933998514 64.70301709367044 1.910491083571958 0.0
234618 149.193259016988 1.11948063944334 1.5390687316138698 0.43052622648369215 2.7290737895744086 0.41629194424615795 83.79194269215573 1.7940581413763732 0.0
234956 149.301855941583 1.12141183096988 3.795309156219429 0.3931552669762487 4.502715703422379 0.3799458436117479 79.62648582176323 2.762661880958223 0.0
235138 149.987837405095 1.12279996493436 3.2976856073359184 0.36394272983565557 3.6219134032425178 0.3484138395848729 63.903708539627296 3.19629953204151 0.0
235178 150.286028098903 1.12261655974895 3.5280497817004246 0.385169595147966 6.219796167510022 0.3705444435639935 64.53145081022568 0.8863529675007258 0.0
235333 150.075076988992 1.12435139475562 2.4844646597539697 0.3787294432612541 2.6110875634530206 0.3644126204550348 63.47318528449125 2.1249279479014733 0.0
235436 149.029561310419 1.12456189427528 4.878415575230246 0.44416331819090166 5.387596191927622 0.4252275379441341 90.2578404207935 1.6612391732279346 0.0
235442 150.022100231704 1.12506012546256 2.458072806649846 0.3787305795744874 2.967444201081804 0.35984583411635773 63.58493064794842 2.9620786830804278 0.0
235540 149.733295637672 1.12580213757841 1.7173685138794916 0.4123412042252168 3.071597038542243 0.3973080908591682 67.07648024127181 1.0058559801262592 0.0
235826 150.056350740688 1.12789186833712 1.561643621087156 0.3821137557545056 2.7439968499703133 0.35865560279933756 63.29731126472425 2.4220243792029374 0.0
236059 150.057406887411 1.12912252205315 1.9661777835404481 0.3788363623350878 2.878826714000007 0.3588355418317134 63.22094423027214 2.3883656055481386 0.0
236064 149.29164049779 1.12917632796226 1.933617198645597 0.3749928975389562 2.515504207300068 0.35713180282470486 79.62617033826727 2.7604047855180274 0.0
236074 150.007098368808 1.12825822572233 6.664847277395152 0.389003585565531 10.619433510764575 0.3710393679905564 63.46621543137046 3.278141789238863 0.0
236152 149.448864089137 1.12898670461989 5.426273690960427 0.3745792636365617 6.853002359140759 0.36129965677742737 74.27244318158085 2.487887637225189 0.0
236309 148.991659991543 1.1307757683398 1.6918330103371761 0.419908364613986 2.908299143597661 0.4019876015425389 91.63145858960648 1.4201646056624107 0.0
236438 149.2112131308 1.13166795921622 1.9927603222916237 0.4058403133169866 2.636701986008 0.3924523154358433 82.53741574281635 1.823617920357259 0.0
236886 149.975017016647 1.13225742726731 2.53868871621774 0.3831879394137355 3.4246574951449977 0.3621982468889541 63.425706832972864 3.4965677953270076 0.0
237165 149.961596555988 1.13640386475083 3.1832440788560517 0.38039061262130736 3.6736032385244703 0.36189659576901884 63.27921059321061 3.3271940564310256 0.0
237233 149.938899963327 1.13697759378501 1.6940014874786222 0.37125468540933215 2.661776683553382 0.349290816753258 63.43808980893604 2.4007941351196167 0.0
237254 150.002475087872 1.13713582702702 1.4609776779260577 0.367522044141636 2.6912539937900926 0.34922817881578516 62.96078535259274 3.411069832043071 0.0
237305 150.179007461935 1.13739277602528 1.7379782554761658 0.37213352536375455 2.64227871469871 0.3520352461383538 62.85196773162932 1.0983666651436126 0.0
237310 150.007495441752 1.13727450842059 3.6613971654299107 0.3796215405001357 3.9728505976807442 0.36121600446575375 62.92524003097678 3.358754040289093 0.0
237652 149.369927062521 1.13939120016361 1.944091326322904 0.3829042482021776 2.934505873141505 0.3665875068885247 76.35483595796715 2.230231872272031 0.0
237659 150.094509866248 1.1395064812937 1.7487610605518988 0.3655320970480528 3.0197893312227055 0.3487126359913979 62.547144465399526 1.4153403797621176 0.0
237836 149.383265517546 1.13985405235486 6.772171839585684 0.39693969105766663 7.831552993288903 0.38387915062718214 75.8760426480814 2.3367788555949307 0.0
238102 149.318405643785 1.14219032059748 1.462312947101825 0.38935335254128933 2.296353199871021 0.3703637033701123 78.03340033245948 2.782813935861912 0.0
238422 149.125488153381 1.14280809313146 28.828263516628418 0.44540662015764093 45.22861508046122 0.4309712765780972 85.45846111819921 2.0502572364661917 0.0
238436 149.967830199844 1.14335146592215 5.805954165938809 0.38525516917489133 7.683861724470689 0.3690173468558096 62.817709008375786 3.379451382366022 0.0
238597 149.716715694651 1.14544416502317 1.325558637883498 0.3811304976794478 2.308350731546584 0.3670479997878586 66.3023577540556 1.1144959959292358 0.0
239009 149.466968412447 1.14810801291902 2.636669552780159 0.383949776287217 2.899121516246259 0.37171987641504506 72.72627560589399 3.7670131459204597 0.0
239068 149.454762286979 1.14844366175189 3.1974210552978084 0.3836206844057969 3.5606011578423398 0.3718738099291287 73.09400607261912 3.784981972294442 0.0
239156 149.180122351594 1.1488499968933 2.4770018587481113 0.401224704936516 3.9698593184644375 0.38937721815030996 82.98070148861927 1.8759585111871884 0.0
239317 149.996649351464 1.1501628276922 2.032084736218206 0.3710212334098579 3.2986439990890135 0.35431146568915495 62.2164225530122 3.2578462413424 0.0
239374 149.527138613334 1.15054865568656 2.6624293999615083 0.37833935666809126 2.9842326785600206 0.36597326465016583 70.78121181516157 2.6282642504307856 0.0
239488 149.476727919895 1.15102906546565 2.045705771036444 0.3870810803264791 3.637508518427716 0.373606363124075 72.27237382766191 3.558721029383568 0.0
239530 150.207192732313 1.15134696601443 2.441542413681422 0.3663205721673649 3.0070809759079866 0.34876564157329937 62.16913295221946 1.1152851052714614 0.0
239574 149.109932341679 1.15176717478208 2.6801514423949047 0.4233041234762053 2.907655267592353 0.41035057656542834 85.71065236105632 2.3820398783700374 0.0
239878 149.561801167678 1.15367056800501 1.8641842144685192 0.3718136270757794 2.4168708200870754 0.3585449412153017 69.6297866075821 3.982550143108839 0.0
240080 149.237589927648 1.15443916360558 3.0074586268659056 0.386157909923226 4.243050234924787 0.3729313799513481 80.47312980307778 1.782737985566779 0.0
240260 149.075049831674 1.15585163306531 2.4097269734479205 0.4216170523744865 2.8691070594507733 0.40415862950854836 86.99938172282302 1.9880417354084514 0.0
240476 149.396978517012 1.15660935811356 3.911743615383516 0.38161570492471525 6.579204585861905 0.3687402278536967 74.5816805036932 2.948994858969649 0.0
240547 149.561157677439 1.156296031591 2.7494530360850873 0.3749669972374291 5.034874617432925 0.3604755286421437 69.50817069898054 3.9992212899947166 0.0
240615 150.335867060397 1.15822340596988 3.4660216938907413 0.35240692097236886 3.903793883148645 0.3355419460267582 63.03111510774481 1.7220571323359601 0.0
240628 150.183533448455 1.15866700867049 1.4471549714185143 0.3592659379093557 2.6797677320775537 0.34094345056659564 61.60070096875532 1.169316722366021 0.0
240639 149.565038766607 1.15693621407632 13.59697363604059 0.3945896596925557 17.654913387115577 0.38129139896454506 69.36619828770604 3.8403164354939183 0.0
240830 149.292600082016 1.16006516044051 2.001759170913519 0.3752766613906159 2.32789004770194 0.359803427809086 78.12820820399446 3.2098901747161985 0.0
241095 149.093762660449 1.16132858260563 3.801304606906154 0.4174014396587498 4.526590132110041 0.4001928524302606 85.97566337853267 2.4574104312818386 0.0
241214 149.275903540989 1.16178375878668 4.140420248937429 0.387285514719287 5.807557501912553 0.3723018327656092 78.67248719501592 3.1303603668586115 0.0
241232 149.465253058266 1.16048663636691 8.439715244609065 0.38426263782059134 13.401254116282967 0.3692895575926074 72.14800671634465 3.9950953771694038 0.0
241579 149.946037660136 1.16209717442476 20.14343732962515 0.36843640575276987 23.42785481839036 0.3521855606125335 61.8835953528279 1.9343568375806506 0.0
241851 149.979958270865 1.16637754309717 2.123294763514168 0.36706762691013634 2.726940121519062 0.3495923481594051 61.357839704940346 2.628979286925029 0.0
241888 149.308332765057 1.16597888620164 2.558074430374118 0.3638604267787106 3.148380541400626 0.3511541802836649 77.26667000514338 2.732453537966442 0.0
242002 149.138567276335 1.16710595382135 2.2031217592180066 0.40690634487985194 2.8783865356096507 0.3914359085392492 83.85923562076366 2.2038963702047334 0.0
242088 149.274471472923 1.16571131304284 60.31393646573015 0.43797457741287593 84.41744853756231 0.4247396858398263 78.54336349594196 3.0714696754849187 0.0
242435 149.432451257075 1.16984936366641 3.7761958001398956 0.3960021587865124 4.036991127370257 0.38519090064795014 72.73537013656127 3.628146175617882 0.0
242682 149.737227561469 1.17180048505404 2.2574683841833596 0.4101021898374942 2.3801150036170227 0.39927320190076854 64.39536309137836 1.2924712620120846 0.0
242791 149.857782126096 1.17251644841429 2.7830493017964275 0.3768635284079102 3.3566836378706806 0.36295721388846025 62.28342755590337 1.2057746261457298 0.0
242868 149.386226205892 1.17316862014338 3.274790953125671 0.3835873252959642 3.46931138274595 0.3715087657539798 74.13465297774624 3.146657764938546 0.0
242878 149.290350802057 1.17308313098358 2.227429828081439 0.3784116391875229 2.9104158675476044 0.364519478824108 77.6010001914347 3.0311110876802094 0.0
242882 149.780007825102 1.17329201100937 1.641535814761784 0.38417992738710915 2.9985197824781427 0.36983862027768294 63.48908199061613 1.016072431210724 0.0
242896 149.177732425878 1.17287081350881 4.505140920595689 0.41305898225497983 5.1631829347206395 0.40171189147962527 82.00611168808396 2.25409202478661 0.0
242952 149.724876050302 1.17325699397931 4.245527481552188 0.37620480155458297 4.741754486217894 0.3645679536995648 64.5674746540178 1.3679565049980027 0.0
243145 149.203852443416 1.1746518467403 1.8335939343519245 0.41835858260307673 3.4097003623632283 0.40600961647500877 80.87789087972743 1.9261478257716549 0.0
243264 149.373957077823 1.17525279476984 3.3723901421313967 0.37454736676660183 3.849916692781727 0.36206456342257737 74.46047112267416 2.9840264149959617 0.0
243309 150.158045519166 1.17557849648101 4.978527363265895 0.37137162064656815 6.4361484507466615 0.35998746473651844 60.482223920259095 1.223644931738801 0.0
243440 149.476569022805 1.1763128422277 3.6322112753886233 0.378451097629591 6.259583045009067 0.3642469918247221 70.98325580147144 3.3874314457003307 0.0
243562 150.194280808255 1.17772760401197 2.6402024171741565 0.41948918700823523 3.7361192521084856 0.4089669798542512 60.517740216645926 1.3180038159956509 0.0
243578 149.771326306442 1.17649684727825 1.5794124624029742 0.37482489479239894 2.9374552525319517 0.3628304830305505 63.4655860871027 1.0278226389321594 0.0
243884 150.363635519212 1.17925511535517 4.377317444150071 0.39840973844438077 5.353047713536406 0.3854711229998025 62.20434766995501 1.859179452064667 0.0
244278 149.099143875642 1.18238838600794 2.316478468975715 0.4545585582639164 3.597808203206273 0.43950233896833346 84.85146933384078 2.4283633905588955 0.0
244619 150.035561311205 1.18371630613977 11.713432162462267 0.4129735534193514 15.56206773353549 0.4006021814982803 60.01823946282875 2.6384756930842133 0.0
244837 148.991246106736 1.18543609161313 4.988446359689941 0.4414733697294543 5.395823383888465 0.4220658323372346 89.4235891860666 1.3170593766500485 0.0
244952 150.254715649233 1.18646118530358 4.047819055335378 0.39228648436567387 5.674557325003779 0.37834406391725034 60.4454237820224 1.7347308838879685 0.0
245154 149.098626758223 1.18614351576253 3.646446165677597 0.42850104310390424 5.7774776629712195 0.41242855008301627 84.71431703304529 2.37083102518816 0.0
245164 150.23694522721 1.18789748483728 6.159197416287351 0.3741537304030327 7.150480624770436 0.3599005801525642 60.20564762179593 1.6499691750943835 0.0
245427 149.571433102416 1.18989806065838 2.3343041282971506 0.4120392408389936 2.894830053202872 0.39991106459040904 67.43770919836635 2.4242562307266287 0.0
245791 150.109883193371 1.19234272027798 2.1329381695890888 0.40098648062643233 3.8458263489024693 0.3896288473242951 59.379061851602046 1.321752040943403 0.0
245944 149.40336333821 1.19332896945163 2.9725161980240737 0.3835084604142634 3.343498637503978 0.37217558997160505 72.5536267409199 2.389086476621269 0.0
246024 150.07167879439 1.19387476148402 2.108687102906332 0.42185639177123246 3.334579499847499 0.4108754939003048 59.308507515472286 2.194207973712491 0.0
246426 149.118378703437 1.1964128208901 1.7503674354141114 0.40077844342409996 2.93233859313794 0.3887566034549192 83.44082144553958 2.3594186754961677 0.0
246679 149.178211691989 1.19781088072794 3.656891469958213 0.39807875966965517 4.388682426586438 0.38594137717724897 80.8877597015336 2.632147668329836 0.0
246789 150.255411799718 1.19827188802541 3.5647241927945212 0.3660802951549251 5.456372499932811 0.3515543834775247 59.75177417644875 1.6129490977470824 0.0
247031 150.011395565436 1.19950811382592 3.189692480473456 0.36730947056755353 5.090331569366069 0.3540451209279776 59.185213572694714 3.4895454889177664 0.0
247337 149.008071179739 1.20218593863285 2.1122809292447684 0.42225886438696025 2.428636383276173 0.40300633825362586 88.00113454236217 1.6399205930102987 0.0
247614 149.480697468882 1.20416606924864 2.2072873386087535 0.34435675766155166 2.5418572639280708 0.33081634553494116 69.43537570736456 2.4957648854221923 0.0
247674 150.318141950779 1.20414853608522 3.5893709595909518 0.37975353883763463 5.494074239504483 0.3653276389818 60.108743084332026 1.664591576336761 0.0
247699 149.866833115991 1.2046725106089 3.07406185335318 0.3764229113427697 3.8569695845681298 0.3610900287255848 60.28069650375875 1.7480073262154179 0.0
247825 150.004828829197 1.20502241154074 7.378959454311276 0.3606045137816682 8.122406482056185 0.34853616865887904 58.89256224251925 3.441681963762849 0.0
248291 150.022181214445 1.20837128241697 3.3215752304659247 0.35705081837826 3.735539284848556 0.34282612485190994 58.60052962089009 3.9462580008551904 0.0
248498 149.241581017583 1.20964550483582 2.3890060085332814 0.3793143352792158 2.6633857289539464 0.36668941094851804 77.80557306492658 2.0708228355420837 0.0
248524 150.442632058431 1.20936919752029 2.3013733515342594 0.3791264565395766 4.281986684090163 0.3650361174900947 61.86677136947069 1.3686055178138188 0.0
248829 149.240441975992 1.21158221440828 4.472499602563847 0.41082952151367563 5.000611242032617 0.3995798165385364 77.76373558158446 2.130793282161855 0.0
248989 150.146521125406 1.21311089805493 2.3220568552419536 0.3739563115784257 3.1071006487880144 0.36320380587458917 58.19692893649089 1.6339718510450567 0.0
249131 148.988904628663 1.21323173478307 5.184756031588243 0.43308045061963957 5.727008171628389 0.4129100573565509 88.42266442410002 1.828664585614085 0.0
249132 150.393989054714 1.21321349359755 5.108146086096451 0.37014046666051703 5.818967699325839 0.3589868416424572 60.73918593176087 2.029284878864681 0.0
249386 149.677338195045 1.21563126557334 2.356937493351583 0.3635287226164132 2.7769156553543874 0.34987784712669007 63.27775688624052 2.3952088319022646 0.0
249478 148.978893543859 1.21604411141665 1.57122007952823 0.4232734306723933 2.7655372281387334 0.39976596227039135 88.76570480567983 1.784141807122409 0.0
249604 149.84691181992 1.2170199888595 1.7544594368688975 0.4166046521587214 3.132753840192856 0.4044402331733412 59.852066936287585 1.8432468477019444 0.0
249934 150.375740109065 1.21826477801311 5.820975391641015 0.377246276025963 7.087174131834366 0.3643077788028548 60.139110377692376 2.433825384885742 0.0
249976 150.36921608941 1.21928469246619 1.6581584425996176 0.35777950155491567 2.0726515950909583 0.3432648850943142 59.97376107416295 2.488846905311981 0.0
250082 150.404688083194 1.21962224980317 3.7353193798284354 0.3791824735581191 4.755392649316592 0.3661771740664349 60.56181579205364 1.7258458197014193 0.0
250087 149.583014997847 1.21929546880606 5.491938545523491 0.4164442448923332 6.9786066182162525 0.40379527974393975 65.55462951645167 3.063724406214613 0.0
250321 150.329068450558 1.22132386870853 3.2540087776302635 0.3603086857949859 3.5543032917091857 0.3463339230204154 59.25183779998802 1.905833380685299 0.0
250748 149.935644025414 1.22463413074609 1.9842583411431607 0.3876668937238556 2.3195389980141035 0.3746784000971574 58.27823899327384 1.4790078712011014 0.0
250885 150.282773373344 1.2255051741727 1.6097183762288951 0.38658851395374694 2.941711630226651 0.36956804869890775 58.42385436305283 1.1881111749260185 0.0
251018 149.467051308334 1.22605688486052 2.664716946278422 0.39011297783535087 4.206292852966736 0.3771562637110053 68.77741967431858 1.672850510485653 0.0
251109 149.521128577539 1.22652260666354 4.462443018162178 0.4046808152596622 4.977658517426352 0.39158091877173756 67.0181159267354 1.8090660647642467 0.0
251180 149.603966657476 1.22727789544201 2.4563742521707406 0.3948110851312569 3.5363497228094656 0.3820415071437265 64.54432539553551 2.480939934006298 0.0
251286 149.025436403526 1.22617377797835 8.856299704892244 0.4647541845354961 12.83393415763588 0.44866165011014464 86.26523980425543 1.9229725597923963 0.0
251320 149.087939630858 1.22842926699872 1.5008082049140208 0.4152122446219941 2.726974193904926 0.4031601520539213 83.40920947349063 1.6552737390312082 0.0
251416 149.868925946718 1.22913110482675 2.161841590342807 0.40830208430081255 3.671161721858462 0.39437841820000535 58.82448306180356 2.0771299961072227 0.0
251637 149.212172865977 1.23055369810336 1.821457691230881 0.42294235098025257 2.2174608005026895 0.41229736218868535 78.06146171482162 3.8771843337653458 0.0
251828 149.225895940756 1.25610176359626 2.0741754595268613 0.3934061218357833 3.2010914432081576 0.3764033744884372 76.38022014814204 3.367016327109124 0.0
251889 149.823435871007 1.25811240382288 2.612048773084514 0.38677710098656637 4.356703098176928 0.3745804650096796 57.858258084030126 1.370388474275105 0.0
252356 149.013892151423 1.25709205204729 2.652639298452312 0.39296739574675715 3.517770787497839 0.3756295906054565 85.56880116075608 2.283124760474854 0.0
253007 149.089692475135 1.24911292580007 3.211139730523431 0.3830536852105639 3.5368407335160303 0.3692802659608947 82.4854573727726 1.826613006262288 0.0
253081 149.6817197431 1.24784030828236 2.2927855171821703 0.35193323198620485 2.789954144461873 0.3375276846749358 61.40402287695289 3.591829221441996 0.0
253289 149.745445056711 1.24957514415316 2.041963057580533 0.3657409099588399 3.799287429575451 0.3531476911193208 59.84699226846378 2.167303410659425 0.0
253338 150.060002473977 1.2473042448444 2.5223718189773923 0.3518121323842907 3.078504524119781 0.335682839946684 56.12969172462229 3.1667561713138817 0.0
253384 149.880954546259 1.24633765009528 2.0505981972964555 0.3820755800998017 3.1771619461779377 0.3675746759945459 57.6530063523155 1.904760010781076 0.0
253408 149.243104491921 1.24599245084031 3.6550274341888427 0.3869442327053779 4.877249314297119 0.37483528962093365 76.12207343564839 2.6888057914937193 0.0
253725 149.944294446757 1.24476917563488 2.128590256890202 0.3644954501029425 3.0345891785043224 0.35173780341851046 57.00061543117932 1.8503574183727376 0.0
253913 149.55236196723 1.24285506432694 1.6564880669044977 0.3830748354571224 2.686877718132162 0.3682631407815715 65.21869575134262 2.7310784370710928 0.0
253989 149.766481683214 1.24191226956108 4.29430919265685 0.4008174227642817 5.362495709874019 0.38763835695960225 59.84359163952335 1.8379917378749075 0.0
254119 149.919366520001 1.24367862563946 1.3931198509387384 0.36764787514897396 2.5835702441912782 0.3496944548119631 57.328777700652026 1.7644328148264128 0.0
254400 149.216909186595 1.24249030649518 6.357241685723748 0.4002992379709726 9.676577844748218 0.38549272673419116 77.34439195906128 4.009846289921685 0.0
254720 149.19976028478 1.23707128461956 3.3445630956733936 0.4078501580325294 3.5186746265985396 0.3956988244485334 78.28740521148025 3.946466650402405 0.0
254759 149.9692056967 1.23868256403574 2.8608466607268412 0.3789104322525331 3.7688082991067984 0.36633275594729414 57.13671495311679 2.0953321353607257 0.0
254763 150.175028137081 1.23801323050876 1.8943956464893132 0.3670436874876362 3.2622550593359443 0.352694556013583 56.81433608303771 1.7026873977834576 0.0
254965 149.891667853456 1.23466969918493 4.337785372844775 0.41418341955786264 7.4469407706754716 0.4012899003763181 58.19357172727718 1.9038531540791974 0.0
255016 150.177168061866 1.24262419079233 1.589500927507308 0.3663050123062692 2.6070863603021865 0.35326772721384586 56.548909748204636 1.6771774188146604 0.0
255364 149.734814357368 1.23367048964271 7.32931644854448 0.41472977347414064 11.778064992083754 0.40298769973768267 60.96609855230585 2.148595651455363 0.0
255377 149.426861784518 1.23322174202282 6.383880250527791 0.4157155906770522 6.660643573767248 0.4025899644896098 69.78536787277812 0.9174745313157525 0.0
255450 150.153808672831 1.23307558966013 2.276876411148103 0.39225932251515816 2.7319768489375855 0.3788053671868427 57.023516406550236 1.8823218811753089 0.0
256086 149.565116429255 1.2325125817489 4.614069601503966 0.4276380256462609 6.866872214463337 0.41592999421199567 65.37689861158088 3.3146234311458174 0.0
256095 150.095561620594 1.58235489194466 1.5931247559628112 0.3898366945787492 2.915138208140882 0.3857112596501231 35.97635769912099 2.300219948164902 0.0
256122 149.32371153498 1.58109377260362 7.371481578576861 0.3642075850906373 8.714310680067264 0.35215790672746566 58.8792366749331 1.2270962170535609 0.0
256149 150.378359842673 1.58168606732007 2.4525220466424162 0.3730919565337203 3.0638197862498684 0.36815707436525097 39.69579582273682 1.5534703009514326 0.0
256196 150.03596929165 1.23209910359777 4.205886746962243 0.3925789366709537 5.71532079075172 0.38259396785863553 57.11994866346957 4.250799984182839 0.0
256313 149.73160218098 1.57994006453409 2.267849871806127 0.3559025656837872 2.503657607085131 0.34907060784429167 42.34056618646707 2.481534003175207 0.0
256315 149.19737008034 1.23075156204645 4.518564427663444 0.4507202746366036 5.759055921072216 0.4398387715481092 78.66106418629214 3.7818423391529157 0.0
256442 150.286619176011 1.58163094740989 5.369810682768989 0.39909287799371235 6.577981663471961 0.3943576985058986 37.71729707876211 1.8879031188560993 0.0
256445 149.225767913881 1.5777902025521 27.56128737351218 0.41195621263969306 47.739869632456234 0.39955425304038517 63.73724430193957 2.3847033819478014 0.0
256846 150.063681204729 1.57764853693162 3.1587187018408276 0.361866399462546 3.8421392563142938 0.35759033425966336 36.323108370754674 2.4732659859715795 0.0
257228 150.398041487743 1.57479209865974 2.5881301423827585 0.35364626192389437 3.2653681703535984 0.34838031972418465 40.577323065511045 1.501332044600303 0.0
257318 150.050718694285 1.57400173313219 4.029743654634309 0.36723960561250696 4.612941529269267 0.3628137507264652 36.59608288646905 2.4748195179178762 0.0
257532 149.401302514995 1.57390352304232 7.38184271485564 0.3477749242398024 8.033972985858057 0.3366400253531445 55.556342068055926 5.03730011858768 1.0
257552 149.416828012855 1.57229291118563 1.8916607389547537 0.34401642883234773 2.5045973603222835 0.3323530285549319 54.92192224041426 7.423823082496073 1.0
257653 149.916734934529 1.57158961273739 2.2236958629408177 0.3560721609426664 3.7979565806010935 0.35098827539076405 38.23477407617949 1.5987344219455004 0.0
257695 149.730524645299 1.57669160309101 2.256651227074049 0.37127090391406153 3.044813841064584 0.36413206658807673 42.54059034757508 2.48959490017803 0.0
257880 149.26160822847 1.57213097848999 3.3963955100770593 0.38323570371759824 4.392673408021514 0.3725457818396454 62.180743006739945 2.238815976872126 0.0
257922 149.750484323465 1.56986955069357 1.6321448206048481 0.37819675980715617 2.242073955350903 0.37174725403752473 42.2846701701031 2.48539970868075 0.0
257972 149.988247805713 1.56956461721698 1.1988216101093074 0.3552146593451291 1.9885767858326509 0.350180695384507 37.3489328206599 1.636273018612487 0.0
258034 149.244143340001 1.56961980279134 20.49445657405204 0.38582904358605935 24.242592788304787 0.3728756669960834 63.11818270826204 2.596659418331251 0.0
258080 150.455197822975 1.56852859143466 2.417922367584875 0.3682301754035996 3.5306665409348112 0.36147541503597 42.52422253185509 2.470389037057357 0.0
258116 149.961559270368 1.56858469382581 3.138441875080307 0.36109312458134646 3.646442390088893 0.3562960900782273 37.72637173549316 1.627577221731693 0.0
258188 149.41522596394 1.56811432396169 1.931634369963347 0.3611566406910859 2.9562208492655975 0.350864629465088 55.1607378493881 7.0976111698739395 1.0
258227 149.023919304307 1.56833066795965 2.2740809652717395 0.3892573161669353 2.774189311960059 0.3772228982472526 74.29397100821208 2.699876499594274 0.0
258384 149.418796989855 1.56966694205248 1.4244018925759099 0.3445229597244117 2.617959779506813 0.33291492824160057 54.9391549824321 7.509579007105716 1.0
258567 149.465056575907 1.56465951998318 4.056364133447583 0.36528369737088073 5.339106029940926 0.35411986837556175 53.11810225708178 4.381269429075385 1.0
258695 149.421663236775 1.56935196336826 4.277802779281072 0.34889196619980534 6.863411565109865 0.3358525480545475 54.824143489141626 7.656827897699558 1.0
258766 150.228598086941 1.56863305802305 5.265972968834032 0.37651025916215886 6.6693275198737325 0.37206578480159225 37.59805374119685 2.6015822914105042 0.0
258806 149.731754398072 1.56445504140072 1.3150376929062628 0.3813807150070007 2.021936230044728 0.3733351469325943 43.131269439693156 2.416132334479448 0.0
258827 150.111903337189 1.56325474260336 7.025358075561042 0.41033561904078164 8.494305192453254 0.4057700968111349 37.12824453336205 2.4600477966980185 0.0
258902 149.644464931345 1.57182837722672 1.4755609813823771 0.36155593398959573 2.461190245781381 0.35122632165416806 45.676091166738075 2.2642669335278325 0.0
259171 149.972429166794 1.56173532332154 2.548086957663237 0.36476472277701927 2.768240457563192 0.35930788639607636 37.990763807754874 1.6351928313707103 0.0
259235 149.062325427722 1.56145096893961 2.041158912439121 0.40049480048565955 2.8338245513630027 0.3861951704081741 72.51370309483566 2.300373573576341 0.0
259252 149.082800947566 1.56178214294903 1.853819302601037 0.3890202220308791 3.4329936266530776 0.37370786199893924 71.45244449396817 1.884713958303424 0.0
259314 149.819193562065 1.56131475831043 1.9851514980904545 0.3897310479576888 2.654298163206262 0.3830511548156653 40.86826254852921 1.5710845474547295 0.0
259377 149.339296285436 1.56048773547245 2.37371427571357 0.36170782387584954 2.8120678595881086 0.34804975312002934 58.91791940753508 1.4789393529124117 0.0
259519 149.039347772598 1.56506385276553 2.2915960501916444 0.42338887926099966 3.021758715125668 0.4125461090230014 73.59022550687622 2.8023097202351064 0.0
259917 149.818131755016 1.55645084583114 2.8614776536867916 0.3934376708863337 3.158341189014203 0.3866790719574722 41.16046486506544 1.7227887645849465 0.0
260020 149.446212912172 1.56107459916568 3.1554463254411393 0.36478704102208726 3.6245218745992616 0.35374890297227474 54.081832583993204 5.457126277760685 1.0
260109 149.749573192875 1.56483258455272 2.135299293841963 0.3894194496498389 3.068327194549612 0.38218666471626184 42.57436846529457 2.483731940768615 0.0
260418 150.112083160703 1.55561820533076 3.893336331226623 0.4111884384776523 5.359869926061755 0.4066712009122133 37.58655948425703 2.4829974577159284 0.0
260778 150.238125172234 1.55861135641332 2.2122308734475618 0.38696688203793156 2.775180357951066 0.38254439714157923 38.30623826304914 3.3481270572598905 0.0
260803 150.01922608913 1.55167643764302 3.6173163937767043 0.3773775139442136 4.522190650394711 0.3719989568815334 38.12504037086395 1.6185413253168706 0.0
260874 149.245124894256 1.54887658566202 5.202334076751972 0.416223563063978 6.0704357201345704 0.40692923937824205 63.803575494429644 2.6901791879738557 0.0
261210 149.491867010165 1.54850614703765 3.793327985112707 0.38951378012214094 6.404177502302324 0.3784666692538446 52.67283212580132 3.8394273533625634 1.0
261412 149.104599096438 1.54643544317898 1.6309802817085197 0.43151658680491106 2.5704258544250242 0.4201902211654225 70.83141474340947 1.8336180394538224 0.0
261433 149.460619386317 1.5471801615762 3.218092182441557 0.3891404072025905 4.727401723891336 0.3783935977992948 54.043192136402276 3.9940387007336313 1.0
261587 149.490354247463 1.54778392452401 4.369679888639742 0.38949605581372276 7.483185961795206 0.37832758945824724 52.76692508599196 3.8946059620844724 1.0
261607 149.292033992878 1.54514413638198 2.8071307708763555 0.40339674852578916 3.6730422412955894 0.39198102987806793 61.70458485026308 2.8621577630290616 0.0
261624 150.240971742873 1.54953295398361 1.7080935500095529 0.3860993199740593 2.8058582133080847 0.38132409003746903 38.875002368019835 3.667283398479539 0.0
261636 149.922839325312 1.54491761480979 2.8158950633522104 0.3724783213762787 3.446087276190652 0.36722184262579055 39.670644972106885 2.4021137125061536 0.0
261710 149.941964957619 1.54321474747131 33.16067420082191 0.3853396400121441 45.4973725349079 0.3799014482138418 39.47817886442158 2.3015136323756717 0.0
261785 149.633130530585 1.5439963379053 6.115236174247258 0.37410334210033425 6.879930594477165 0.3648685366041594 47.42324511995415 4.946072304287864 1.0
261900 149.774031916109 1.54769988999244 1.3554378180983497 0.3629720371343593 2.377358547600592 0.35471228586946146 42.78162997501436 2.188233130975292 0.0
261962 150.215947733641 1.54230470122921 4.040188452433513 0.4072915787022989 4.8827183926660025 0.40165016520869307 39.00316338717073 3.209971669301958 0.0
262031 149.474335742085 1.54311954094185 2.688232758500484 0.3796827336407667 3.1136607802047944 0.3694536759874386 53.636625309259344 4.0060803090480075 1.0
262140 149.559768678219 1.54556494689016 5.5290720129514614 0.3762854892365731 6.116086547328409 0.36565140031753535 50.07455769350678 1.6099029420529634 0.0
262393 149.254197926385 1.54237298597961 5.907352297045876 0.388847773497107 6.686977384101613 0.3771483810184918 63.60197962793507 2.690691874463979 0.0
262694 149.622466871816 1.54020034814265 179.1458613052799 0.4707105592854958 211.75615781110696 0.45777827868209603 47.98614069561246 5.120760529043045 1.0
262698 149.112177319363 1.54187567089946 7.800872467393533 0.405051686911184 9.321647642949273 0.39427312531893133 70.59737258375131 1.956732651200623 0.0
262719 149.614230212626 1.53855799957679 3.1094021739918847 0.35996003938111154 3.596342538088927 0.3477796051438893 48.36116340667031 4.605575284912726 1.0
262722 150.243735038768 1.53946129502859 3.6123696358743684 0.3814537948086576 5.999283922221927 0.37484492197650504 39.500892368142416 3.6380417509038687 0.0
262872 149.019502418353 1.53637658767202 6.8698114642255526 0.4153401174925984 8.291481027717726 0.4018132245969366 75.49019790589045 2.7425752819553275 0.0
262903 150.367230932425 1.53814118077245 8.372150808490296 0.38175796205446966 10.713901502761878 0.37562088833393165 41.8204314983577 1.1051985530831125 0.0
262943 149.918582625804 1.53547276122776 1.6610940549044242 0.348470644775577 2.7367431152823687 0.34101688116250994 40.285115556164314 2.290798664727423 0.0
263025 149.706070245233 1.53592902468308 2.3399237697765436 0.3611088512346615 3.4065950787855694 0.3493736679034262 45.39235483315382 1.8845278825980447 0.0
263270 149.912319787168 1.53463583626824 4.01022505817306 0.36195645183435415 5.783202468409145 0.35562024128272446 40.436389219240695 2.1907934737919366 0.0
263329 149.031853982504 1.53406871243305 1.5775789076058222 0.3765906536863088 2.414484187588568 0.36066184934030443 74.92717931295296 2.750623172656342 0.0
263394 149.645842423587 1.53426851228736 5.302935613895036 0.34446388841423825 8.297754030217952 0.3323772291576485 47.454051454279345 4.852305547886866 1.0
263610 150.067182468491 1.53597442310013 1.7484575400551174 0.36085300592822644 2.122654755185093 0.3549430203830341 38.8081333065473 1.6134220340889125 0.0
263652 150.243993267377 1.53363204170912 2.8509658161662097 0.37645506278669943 3.706879067259886 0.37062574764366835 39.845648083843 3.4871572205546655 0.0
263826 149.39081855088 1.5322137048051 1.7751263648213067 0.3584426362836225 3.269818208122549 0.3460504776050353 57.69226294281804 1.570721432645604 0.0
263841 150.034465903908 1.53397922713777 2.860993001624129 0.3591791302447903 2.990778075972103 0.3535279849893323 39.076037270328065 1.1860715586755284 0.0
263895 149.20055826003 1.53560971994925 5.2874753701053425 0.41376312055456066 5.995022479713113 0.4011947371234741 66.43179464712328 1.2647910896206 0.0
263903 150.263037444456 1.53003648167464 2.389661579654818 0.3833184176369579 3.295617450348961 0.3776117102137302 40.31790309312287 2.4893250641236424 0.0
263919 149.751292367843 1.53110326837553 1.8355478475499545 0.35057292396464423 3.014686024520452 0.3418611212142064 44.29700145938383 2.0916147920441706 0.0
264027 149.628174432866 1.53411397443121 3.325566801261187 0.34454375209409766 4.115204104946946 0.33319450598074746 48.077460357100776 5.674750750951634 1.0
264107 149.308429791624 1.5293131771081 116.67666778381901 0.47549990374382933 203.45010209011693 0.4639182975811681 61.53576039275383 2.775739892919648 0.0
264331 149.623222192026 1.52948559154253 3.501143371108478 0.3463803707474575 5.018452187883926 0.33394179628153037 48.47683640641568 5.665635517412695 1.0
264499 150.189239147617 1.52697682236647 5.009953798149108 0.3794519855431756 6.493882082668255 0.3746292437739833 39.660761786549685 3.722944348239018 0.0
264673 149.429547078547 1.52935594081043 2.977852209913028 0.37104063633090467 5.013462793455496 0.36063401128017786 56.121738977768025 2.0776958181258434 0.0
264764 149.072764024681 1.52603482183252 2.4434180893145054 0.3930424338730739 3.0919063906181345 0.3772054384516853 73.09948320151896 1.8267666346087312 0.0
264833 150.119644051981 1.52554739222532 3.914682680970675 0.39039539276794444 5.137742281333569 0.38546971406060326 39.40143722354206 3.195443152799296 0.0
264904 150.19463671293 1.52503407792258 3.244585092400403 0.3861815997402122 3.6963876271270584 0.3814885491561589 39.82110408327933 3.704381480996129 0.0
265120 150.159082359157 1.52500226500307 2.465758192422928 0.36963895912849193 3.0947791531841506 0.36338727185933956 39.57544976722694 3.702046472266971 0.0
265160 149.487971254489 1.52200294121236 3.9762560866041268 0.37852632408076453 5.868293463553976 0.3690493380635104 53.99021922394202 2.830523900551623 0.0
265169 149.628189603371 1.52184846794778 2.966940482296187 0.3601714094592788 5.0743875345321126 0.3500464317666954 48.67389963827647 5.969819446105562 1.0
265240 150.124739996704 1.52307119727339 2.3834315728220523 0.3892257990598274 2.656762978017199 0.38409819002452567 39.560224428335694 3.49425924119884 0.0
265524 149.705270730544 1.52333828321013 4.257217072529562 0.39733548613180225 5.860081373947949 0.3883666588118304 46.063774606157224 2.0296941933896955 0.0
265630 149.294598276954 1.51854807374245 2.7784130262080926 0.39800310441212516 3.028763629309273 0.38807337844831435 62.58673560695641 2.6105855872263075 0.0
265901 149.308643472976 1.5202153377948 1.4795999864640144 0.36381175946410976 2.627356483090569 0.35178042152709976 61.87481341096686 2.697404045118109 0.0
265954 149.77207964497 1.51934320549875 2.75065431790563 0.3534398977482276 2.93774182892333 0.34514334177078365 44.3537115434561 2.1647616893333694 0.0
266035 150.405924778135 1.5167852515185 3.163060002655106 0.39592556802700796 3.5073290746308676 0.38907570516166873 43.92427014453731 3.292934268460676 0.0
266063 149.569298902072 1.51865371851749 5.612460217590837 0.39216165736855785 6.977894781614275 0.38181788178742077 50.95768127808269 2.310879427343848 0.0
266318 149.837961931371 1.51484715141645 2.4567899536957922 0.3643368987435996 2.984500192832821 0.3569750974759874 42.999975817897486 3.323085007730542 0.0
266405 149.642476440582 1.51375823159691 2.3231243707173443 0.39128323899640993 2.8679986018598274 0.3821341103632542 48.5807588090273 5.643397781206751 1.0
266433 149.876028129655 1.51501115303708 1.827168711165662 0.3763619452162971 2.644989587388106 0.37065600760581713 42.20993187099084 2.0603963591689127 0.0
266495 150.132270782328 1.51353938952258 2.009497783278573 0.41289351453892925 3.001303496403265 0.4078832938087043 40.1509682910406 3.819634600577499 0.0
266607 149.657482878201 1.51360906952985 2.1113070852042464 0.37017047854213625 2.8998574797809304 0.36137738786096285 48.08571436536895 4.273319943626456 1.0
266688 149.822293418775 1.51253112024562 2.285497921909679 0.3781451745160814 3.5432877814467525 0.3707142805943982 43.48051134291267 3.6790928408010264 0.0
266894 149.093180757679 1.51178922032422 1.2849379078060688 0.4183329217121819 2.3854907973186616 0.4074921059839692 72.54117925503981 2.509730577624208 0.0
267355 149.127469980907 1.51145632676211 3.6629747721479506 0.47728295159915834 4.117588895694866 0.4686459792511487 70.85021711303716 2.385450385143898 0.0
267821 149.643882915481 1.50600961048897 2.802215166185204 0.36566630558633173 3.094591570886838 0.35517149875213727 48.91795489600902 5.332095273935745 1.0
267829 148.993046704301 1.50391464368768 5.0693139721018445 0.4357646172068245 5.852034489369599 0.4250375429535518 77.8565219484516 2.441895478117353 0.0
267847 149.885968418656 1.50496364688858 1.7342798729568905 0.3755435985069774 2.601590576549787 0.36875611295251187 42.5985033054422 2.019122338511277 0.0
268315 149.728951365999 1.50276038344984 2.3679778580381914 0.3782225753071386 2.501967524658727 0.36891422724042866 46.4302376998513 2.1085961561245035 0.0
268342 149.409082840966 1.50147506088775 1.3314186278145295 0.36161406787199435 2.0034917425259717 0.34498281478959764 58.16926242886288 0.864162688403095 0.0
268497 149.357124541384 1.50062969087362 2.0925365709965322 0.367727617953162 2.7543732727789663 0.35541708698419616 60.462541276454594 1.8574494080577062 0.0
268574 150.126624464101 1.5037916903308 5.2974832954564945 0.3962735157580307 7.1887264174655865 0.3900169133817848 40.72047891463888 3.4036844285155894 0.0
268692 150.182514246858 1.4996321750931 1.7934349771904874 0.3503653057533247 2.7412735454644537 0.34381385569186035 41.23670088805103 3.2753527885053106 0.0
268738 149.344085681123 1.50081944690725 2.093532488417843 0.35778587651883764 2.398913475598651 0.3449147621053981 61.03333148812191 2.2403588153667995 0.0
268746 149.815374934271 1.4994473845534 2.435676226259665 0.3473928273085848 2.5105445571436213 0.3381809812344977 44.36468009408835 3.7816110957050126 0.0
268896 149.643917334792 1.4988857186928 4.19260358128924 0.3487753078501426 6.069432886939805 0.3347246599949063 49.27178675076714 4.9425207785967755 1.0
268944 149.349975343771 1.49707130841634 1.2265204338914244 0.36391154327473124 2.0466864111366334 0.34917905932762283 60.9229563206102 2.0729446217913554 0.0
269239 149.841842843912 1.4978748629742 1.6004235214526141 0.33194044156639985 2.3179239669241305 0.3212057042029676 43.866804445907846 3.5664799590629572 0.0
269343 149.793988077636 1.49471681931546 2.3342029609373918 0.34644964724747634 2.6483710414663246 0.3350404925943634 45.132908241406064 3.0250753517532405 0.0
269398 149.742066344723 1.50700093642555 1.5047796637928699 0.3680633353128739 2.6072696144856193 0.35680662334101726 45.83352166627763 2.017420139831469 0.0
269618 149.423941816348 1.493043069862 2.5663988667659687 0.3607773448991383 4.3669161577084905 0.3494081086394081 57.898113749300464 0.810161387034513 0.0
269638 149.81873631314 1.49426518805445 2.129306007212178 0.3454581490738203 2.6599427604061123 0.33655316839544913 44.57518193118561 3.7562137356668948 0.0
269673 149.483153802519 1.49892949870769 4.587757431739001 0.36741665331711587 6.26971497542726 0.35413084520906185 55.20690163205657 1.6209974683235315 0.0
269958 149.618873526986 1.49278968885492 1.5372861012204555 0.3632280021189876 2.546555661763714 0.35130594053205555 50.42057421288036 3.847897519766862 1.0
270221 149.860077579653 1.49241073260944 1.5437607754099867 0.3322312893539999 2.8318974356360176 0.32418908230925514 43.80245123254056 2.951818947060635 0.0
270386 150.292148002212 1.49077773657267 2.685582322856609 0.3670742048845145 3.8009588182333944 0.3598982503380713 43.041120783501114 1.4859495866547061 0.0
270743 150.373632657964 1.48848206739987 3.372171194821582 0.36714244467028084 5.455035389006456 0.3597442891977289 44.726657500335016 2.77067077099603 0.0
270895 149.116783118233 1.48674745309303 5.3418153371423225 0.4265122057668473 8.887365156660355 0.41330485501243713 72.22494498278171 3.3924343997656585 0.0
270927 149.77964429412 1.48605306096661 3.3626230993395527 0.35196922541361614 5.615928510209246 0.34205260802276444 45.96118335113629 2.414970696042425 0.0
271013 150.407059680226 1.48517209836152 3.7137786885624164 0.3599138504868519 4.443518156046499 0.3514531148214839 45.68201806230461 4.439337987843757 0.0
271235 149.707975830472 1.4843203220027 2.477161520106521 0.3485269789128517 2.7353338998205228 0.3382632798594896 48.0076194694058 2.4583284581834906 0.0
271255 150.252199575004 1.48339364388221 1.4742676580762342 0.3762757922254131 2.2996123617102455 0.36946200990884603 42.89534039281676 2.616578860876178 0.0
271382 149.630455811525 1.48238331982057 3.6765908342396028 0.3572029461478135 4.545945549469258 0.34677050999712666 50.54370228897003 3.663429625504296 1.0
271424 149.34760340572 1.4830583378313 4.417063803136197 0.36894420147423046 5.045051210302859 0.3583156432671872 61.59743022386378 1.951886285164546 0.0
271633 150.390894137935 1.48094619722955 2.9748066911419264 0.3557065334857561 3.819702313959993 0.3473608371041098 45.5340491827709 4.079659519163152 0.0
271667 149.76743859271 1.49171894274779 1.054945159282496 0.34076385400173487 1.8430857643535137 0.32942821811731937 45.96537945419859 2.110092262148849 0.0
271790 149.753337393075 1.4824116468747 2.7388568924313734 0.36064265637449877 4.3130317845142825 0.3509435761040111 46.83832112176209 1.8487701959003773 0.0
271953 149.54202534544 1.47895792631058 3.704603031884143 0.37996408775311635 6.869305166989113 0.36861648984049133 53.8399023794934 1.7247600586522218 0.0
272099 150.161775744115 1.48484428208213 2.2454402149867767 0.35542810864677576 3.038697847801923 0.34878845165432265 41.9897527022984 3.003202496065585 0.0
272113 149.108993562058 1.47998394248264 2.673791527684466 0.4180348893229936 3.3511807633785202 0.4058895067104603 72.84077571310836 3.718654850384775 0.0
272174 150.223849200742 1.47809746680691 2.5756632037350187 0.3703415704300163 3.6569390792108942 0.36465900063984624 42.87894686269499 1.862127980396297 0.0
272344 150.404182307656 1.48424101376502 3.5478109367140176 0.35855532685918395 4.363585535946481 0.3506780232955862 45.66394716715983 4.469607362227141 0.0
272577 149.628161679495 1.47590249274267 2.50312709082847 0.36070704142999876 4.280080103882226 0.34859365890346056 50.94339368463243 3.127236670681685 0.0
272694 149.655153640674 1.47440296606158 2.9395861211264056 0.34789929897386007 3.832878473923877 0.33677293528427454 50.13858292055421 2.850089150991306 0.0
272780 149.012361792149 1.47489897961972 8.02505034887546 0.42069395946483845 11.233810196916286 0.40901194619483927 77.80708753994027 1.8200070797128916 0.0
272878 149.103852083506 1.47524543763219 15.23353331697817 0.41952348458702393 18.005140678789942 0.4068080429808471 73.2568091243695 3.826166619498584 0.0
273084 150.148681519619 1.47156997391091 6.354645001570765 0.342822985672513 7.650787567424579 0.3361487383839915 42.72233168176259 2.727474256666836 0.0
273559 149.268537200878 1.46858067794579 2.739741208975849 0.3760196656431838 3.3380300195727406 0.36574328525433397 65.7132294486518 1.075538293249561 0.0
273868 149.849602789104 1.46629965242312 3.4810203581482533 0.36082211961945365 4.422170701252095 0.3524835098137883 45.48862261076844 2.904740252643663 0.0
273915 149.936637774668 1.46920876054726 2.719544378652086 0.34890743715446665 2.896294429094807 0.342198732514358 43.87193858083424 3.062697930751136 0.0
273934 149.068966710693 1.46549955418183 2.0719314706113376 0.4047216920094654 3.2731313332539806 0.39182970244106535 75.30495702359336 3.73414354545334 0.0
274109 149.693937805571 1.46476212107708 5.9316799253005446 0.3601162980143602 6.407957695382685 0.3503693366884077 49.44334585423255 2.534151469641193 0.0
274145 149.630893699701 1.46462857916521 2.736340692779052 0.36316707898432543 3.7125783644521784 0.35293577008799715 51.417483656339314 2.4911571347995496 0.0
274207 150.364699765264 1.46534264534533 1.985321160154554 0.3784451604677615 2.52476287167731 0.3702938457703373 45.832783407100166 2.937131724661797 0.0
274304 150.091183535475 1.46467715832363 2.4932609802725363 0.3600034103234865 2.9566239163816204 0.35360653565187916 43.03928480218766 2.1134528803948536 0.0
274327 149.598790308864 1.46312528741457 1.9794703789764587 0.36900711756852506 2.797418943767118 0.35983337467363485 52.56954485686305 1.5986850454366859 0.0
274353 149.065311838551 1.46673089162757 5.726335932664038 0.40563085452128267 7.6947084382918005 0.3941989672315351 75.4429568683452 3.6133680849079854 0.0
274411 149.055046092887 1.46367126418644 2.0835779646249684 0.41633471451426907 3.145289531390018 0.40164715394648287 76.05401451993467 3.034533660494249 0.0
274609 150.099541504031 1.46149423798916 4.737613954635133 0.3556007835337515 5.9129675183238595 0.3490684161610928 43.227021131987215 2.396460228059648 0.0
274678 149.155942676249 1.46593191943378 9.04849171975008 0.42667736409193424 14.32392603761348 0.4165098141318785 71.06907312791856 1.2647828255924034 0.0
274808 150.100713658414 1.46382658823689 3.366346069229168 0.3538516462419538 3.817587063410519 0.34795788660073657 43.08709262743941 2.435053139847092 0.0
274827 149.699691765607 1.46303033392061 1.5993356914682457 0.3528906147680177 2.5765068544265275 0.34321722058911575 49.3650886835635 2.53543751122876 0.0
274855 149.693292553864 1.46058264023049 1.8361954991439666 0.35894828198128503 3.063643806981255 0.3482283476744764 49.6807438933842 2.4526602414282577 0.0
275006 150.265216621847 1.46064307113302 1.9700234048104226 0.38071812920816056 3.050361378008486 0.3741275601227652 44.39774059926842 2.747941795975451 0.0
275010 150.330203134624 1.45885565568871 7.680788026915603 0.3599276379133627 9.669137172375667 0.3525554762179857 45.528761381681434 2.7213882184717706 0.0
275052 149.931070161292 1.46080343681186 12.08681117989385 0.37181345713298536 14.88940608742389 0.3649234944416834 44.43859555450079 4.053993752936763 1.0
275312 149.021811599954 1.45850780597958 1.9199899939628922 0.4268112779119794 3.4512336798566476 0.413269438148644 77.876727648766 1.6513948090749049 0.0
275437 149.597345952897 1.45787517276294 1.159562670416102 0.36950652764323844 2.0476882313685767 0.3580469318565052 52.87764299695357 1.4656766870714637 0.0
275494 149.502900270973 1.4685823515493 4.304402630487769 0.3677265293175011 4.731607361357356 0.3573562938037866 55.80474948450618 1.5443252764073376 0.0
275622 149.007454093792 1.45739259475234 1.7151012268190384 0.4207383823876812 3.151158822161515 0.40873620850566683 78.63004900375306 1.5940103022053218 0.0
275626 149.334185159571 1.45667995505623 3.3444652250471867 0.39585168510771296 3.796681168319412 0.38537108831665523 63.267488725301526 1.5307444339826097 0.0
275975 149.698595019313 1.4536536776506 1.4028546999303166 0.37005219720581073 2.41316199484197 0.3587520736950985 49.889164537418665 2.3271705810521164 0.0
276079 149.105031650578 1.45574538688862 3.830838735148481 0.4201951046005563 4.94511846805055 0.40709496930483713 73.88328226078701 2.9974658526867426 0.0
276092 150.335853136927 1.45190791091256 2.7958673609848765 0.3545788864263885 3.8465594577237305 0.34650460725609017 46.029166036739525 3.011522905022845 0.0
276396 150.057402787473 1.45230327837659 3.638103956392579 0.37774363534347705 4.243100698890879 0.3714586793467591 43.85293669576285 1.1919277182302719 0.0
276418 149.081078418743 1.4513654555153 2.1413358155667837 0.4239200716864641 3.444528971018767 0.4116494435408384 75.20107514461917 3.333130033547311 0.0
276432 149.38694863974 1.45811103383473 2.5420064457256397 0.37039497674324634 3.4628898430608617 0.359667617120781 60.94822909898008 0.7496557900924812 0.0
276526 150.269989093632 1.45422058524873 2.32776140142342 0.3738373111889049 2.58372614837849 0.36716393798732694 44.83766046896456 2.7998879299422654 0.0
276743 150.006977513038 1.44981180421974 1.6081941434428741 0.36896150693343416 2.8589770628706965 0.3606024252576063 44.28075524587001 1.4587203828837947 0.0
276828 150.399411526445 1.45293337435547 3.1783662668869503 0.3614650909256968 3.9394543184569217 0.3532687585941747 47.28262757867212 4.240611356916632 0.0
277168 149.302685765331 1.44705379193628 3.748930717829832 0.42482823482846893 4.068915295349678 0.415805427411026 65.04199704226728 1.3948220634473423 0.0
277202 149.14514235646 1.4470364814841 5.576091205579121 0.4240473640605273 6.618960614038613 0.4144563174795954 72.2723892945177 1.3748947104373352 0.0
277258 150.308047227306 1.44325212957872 4.704576420799451 0.3601245991683975 5.276923925738382 0.3525806805747724 46.04412975562027 3.291371328124807 0.0
277422 149.484521501362 1.4433498085623 1.9125789737747954 0.41523804213674215 3.423586333003444 0.4020674598480027 57.67343876058052 1.5227679372587677 0.0
277429 150.191444892016 1.44425522893702 1.9223083896021416 0.36159838092189606 2.3877115801767865 0.3548580512196906 44.59978270232621 1.6072653859853832 0.0
277601 149.930132124917 1.44239936834483 2.451807723677146 0.3703693606039365 3.9306613407156705 0.36299449092034647 45.52702413787433 5.595264775591031 1.0
277935 149.941986738894 1.45158984913115 1.9532504440809033 0.3614169236607737 2.979766433385902 0.3546950286664588 44.834117911389754 4.603227433152652 1.0
278269 150.42207648596 1.43777464027206 2.5680351148227074 0.38013055681224417 3.1412152107408704 0.3698184531087524 48.648754357995614 3.3014266402490287 0.0
278333 150.397020712901 1.43751417377752 5.129858483769721 0.3555703871427602 7.153890625982757 0.3427461007888933 48.0864909219845 4.4406658348690025 0.0
278433 149.494145804301 1.44026500445002 4.230700882843292 0.3911418270539527 4.935327998191236 0.38134124594418944 57.44904983986867 1.583866291820916 0.0
278770 149.549061665527 1.43389551990891 3.0311646090448554 0.368726098319101 3.151589975973994 0.3584366370720176 55.732339704285195 1.0146787805448725 0.0
278933 149.968536225083 1.43260304910784 2.9925778346459784 0.384042702040589 4.442394504013208 0.37561188217355995 45.646468990032396 4.102205604861729 0.0
278998 149.921645063685 1.43601399843929 2.027478075979315 0.3839544722926323 2.2078406004851683 0.37701905329225405 46.01614967694395 5.595377382935284 1.0
279028 150.349470118649 1.43294669671086 3.78776465515752 0.36851442135885937 4.5456798769470455 0.36078939977722546 47.36467667054641 3.1396570533211396 0.0
279329 149.836624762799 1.43076690494833 3.9227724783377083 0.36075810435376826 5.131295785928023 0.3503406237967522 47.758051175031184 3.1988214454541315 0.0
279419 149.926528812932 1.44704966785367 6.337242208184167 0.378188697058073 7.512426607081451 0.3707264729832859 45.30425153153079 5.3452483468827925 1.0
279462 149.921522160578 1.43138794333734 4.272533438763377 0.37665734571423803 5.523223994399248 0.36918562760696805 46.28786251547137 5.5435150526666925 1.0
279610 149.230041172009 1.42800868691389 10.43918598516539 0.40117339621860487 12.416614654693323 0.3907290446638568 69.05178105000168 0.9248274027149408 0.0
279612 150.395603658325 1.42683745248851 4.8724614994704645 0.3624548252567617 6.258046196231525 0.3533125277968811 48.65109128976312 4.156497360105779 0.0
279660 149.983954910285 1.4285204495776 23.258802557910933 0.4035773789985057 26.73749167420959 0.3952692545415597 45.737973657017 3.3821779963750616 0.0
279698 149.882673022134 1.42782396886953 2.353384296031101 0.36375183680312806 2.8032601478421593 0.35441695195404055 47.08685819630381 3.764850547977384 0.0
279997 150.303167496707 1.42691342353992 3.1966165418062795 0.3548852030934985 4.160744979630725 0.3466231699501454 46.91168787125913 3.8348091878518864 0.0
280149 149.193690067045 1.42390663037635 2.9295464439951284 0.38449982414235095 3.181524132443875 0.3740512563959348 70.87099687681399 0.9264567576129583 0.0
280224 149.792014945187 1.42531939649492 2.9506358603235037 0.34787238228763917 3.2111593727934435 0.33804133049621826 49.01088938688694 2.601269621718337 0.0
280448 150.404221286677 1.4227422427625 2.438841661411504 0.3666293520145247 3.113890630678085 0.3560987925465665 49.069791078770656 3.811850348240095 0.0
280465 149.611622073648 1.42338425932849 1.465239949222636 0.36620903937981664 1.9040830704032696 0.35580065917025294 54.12276175059087 1.2426540664653327 0.0
280548 150.400912226741 1.42873417042845 3.1262501400140694 0.3686508164549945 3.220364626403654 0.3593522449589706 48.66228266846436 4.20486592210588 0.0
280660 149.589166544787 1.42099625632809 5.523460659349712 0.3821124993290841 8.172503939780388 0.3719166950915532 54.982110232860244 1.0961377103448628 0.0
280991 149.810907976359 1.42004060661472 4.684180257809629 0.3494585972550183 5.967167843831312 0.3388596386996461 48.89127065139759 3.0948163992788316 0.0
281176 149.921081920953 1.41788655236001 9.213316241756445 0.38181333696659586 15.265090055715433 0.3728714770134974 47.08238212705934 5.016206512802713 1.0
281217 149.762635341158 1.41786873291053 1.3659775673490808 0.3355999970986695 2.4376468717617805 0.32327189051679706 50.110333068131915 2.2733889434210224 0.0
281252 149.056902019221 1.4176212397977 2.5286635428723376 0.39735287116354606 2.7257070695008876 0.38213431295581873 77.56387090475675 2.7241720286054094 0.0
281527 149.799662679924 1.4179619127816 1.2302573458329857 0.3511548150247409 2.2607230613599043 0.33923600043215374 49.25051612030288 2.9015744530005443 0.0
281562 149.949934379068 1.41630996882025 5.356550631065856 0.3586697704065128 7.601388777785656 0.3499497398608639 46.81127971277753 5.052985676849317 1.0
281594 150.305303979731 1.41889094829243 2.556552113008708 0.3540235371720433 2.8276418867290825 0.3461952392011943 47.40980147136436 3.8621920598525437 0.0
281807 150.315935118725 1.41530393446773 4.046740286763899 0.3482160046880954 4.245632737598251 0.3390550116019432 47.78648820941848 3.7717593642040215 0.0
281840 150.323392472525 1.41552049958604 1.133035200007485 0.34311802206743836 2.0990743619786887 0.3338008563178399 47.8971377751342 3.643314957680281 0.0
282279 149.640120838547 1.41107463128118 2.3862901815348057 0.35077580950908177 2.773616527527419 0.3396093232761924 53.8503947648551 1.3876973671036772 0.0
282284 150.365542554273 1.41067696426886 2.8946193569356895 0.36153336028830285 4.780978248474883 0.3517779167463011 48.939408222134595 2.617743662578468 0.0
282385 149.054706267683 1.41151325544117 5.3971055185597905 0.4015177070322 7.900038120526244 0.3864620308595159 77.88713114206102 2.7516871101854066 0.0
282417 150.173850729581 1.41118729664442 1.4403355675628118 0.3544818553223592 2.293961962996045 0.34626006882186605 46.45701503018356 1.8822867335085802 0.0
282438 149.572191509601 1.40714241540528 1.244123738664459 0.37452292090654365 2.326251073854333 0.3631209270981622 56.2409204113569 1.1497499942916942 0.0
282483 150.055438310239 1.41002942963598 3.308735871431934 0.3877176668421196 4.137687183153457 0.3798107788324308 46.39193457199808 3.610049495313742 1.0
282523 149.738233803792 1.40900447035513 1.3359904973848273 0.362864372375093 2.340816005848544 0.34966827432736514 51.200096323069715 3.3603920448093505 0.0
282588 150.266036962723 1.41634814412109 3.4666011915042714 0.36621707460268305 4.459854115405425 0.3576594551592034 47.00257629898454 3.2097848495603403 0.0
282958 149.883600454845 1.40603378068173 2.178501458377515 0.3534956223443089 2.8240502889088566 0.34343641653525914 48.329599968124626 4.129146002717692 1.0
283091 150.322514947726 1.40509299502153 2.619400930923842 0.3604084744909174 2.834523219448282 0.35167033088574595 48.48363165396183 3.314260757237296 0.0
283286 149.834603000856 1.40572702245083 1.637707404651048 0.3659648862254049 2.773032692591256 0.3528448796965156 49.21751960967055 4.145031190960601 1.0
283324 149.971823806935 1.40414011418894 3.064579140016998 0.38357669006173595 4.824798559760039 0.375487490338896 47.29706704447774 4.83284948352442 1.0
283394 149.350828371995 1.4032286008602 2.7812486774997764 0.36895966684418485 3.061183780721845 0.3585226744507017 64.81940326291625 1.6193077617465574 0.0
283515 149.470668929488 1.4024481385677 4.290478811872984 0.3876455705348996 5.192643577114536 0.37743335508685943 60.09827684332461 1.5529201435483924 0.0
283990 149.961415862917 1.40211215852994 2.4024362287819248 0.37654263321676024 3.0297598322019246 0.36776677978955064 47.52230595341567 4.731839493623356 1.0
284014 150.24950091306 1.40021272308372 4.553414768975912 0.3816466193962471 6.0565378702030666 0.37256475187069416 47.75309595572787 3.474214686316068 0.0
284227 150.052646526991 1.39673009055253 5.489303368783231 0.3853562645735863 8.52267376883643 0.3762486950653657 47.198370327222904 5.282475312389294 1.0
284324 150.311919378719 1.39758546266221 4.9828570426339684 0.38039282635082133 7.209436350294208 0.37141343674358296 48.74734424493342 2.9943674668759286 0.0
284328 149.10190995234 1.39922328809821 2.7610554201721524 0.4266441798222859 3.9926767664900673 0.41321046529483973 76.08056750344079 2.3398060560334293 0.0
284371 149.718358884191 1.39909686918729 5.569935209493705 0.40479063178976005 6.967906047304242 0.39272565884925226 52.25017595952226 3.978443053538311 0.0
284401 149.321259449869 1.40998715620348 2.0970545141096353 0.3719831630718094 3.227958716600125 0.3610608553962825 65.7746163721745 1.9487391020692468 0.0
284458 149.946924512115 1.39597129859365 6.669870099596741 0.38540076676755763 8.307259673348945 0.3773981960681485 48.043580960839265 4.176510712943008 1.0
284513 150.028423036886 1.39982569596855 5.456961952208265 0.3896890997751329 6.724128716510282 0.3794665280214121 47.12303570094703 5.750042111554781 1.0
284576 149.904037853539 1.39667310599053 2.983241356306425 0.3782896908895563 3.184182975679181 0.3696078489290986 48.55976839050365 4.375318283676824 1.0
284596 149.050022785683 1.39586107006228 5.6498674612436055 0.43164545981983443 7.32520197773253 0.4143825553685754 78.67296260695448 2.506251008359252 0.0
284622 149.122170887917 1.38141206080092 1.8844538399842437 0.4035664246827597 2.5604617074853313 0.3906528238158028 75.80120823769538 2.6518678152883335 0.0
284676 150.035078598878 1.39727492129507 2.310769594680369 0.39271781072566914 3.5114778020037414 0.3837645016531249 47.240879968302366 6.016887771088344 1.0
284798 150.247827583326 1.3952846037938 4.178926373078091 0.3807082985760744 5.497729561895029 0.3721935746660897 48.0249335057327 3.5187776575900007 0.0
284889 149.721416180856 1.40063482108444 6.976808425030376 0.423359599556997 12.032633600006148 0.4108439078777332 52.08705589544779 3.9931636206867758 0.0
285003 149.277540838811 1.39221164150808 1.9162520690585072 0.4278970250428914 2.873077965804446 0.41617461552499624 68.39600978315174 2.0323943087964 0.0
285164 149.107127303978 1.39212817109528 2.6203883118311806 0.44203380516797025 2.9478829680944596 0.43026733187738564 76.09910495868431 2.5145473224401247 0.0
285335 150.16583750456 1.39154145504751 2.3432263600946155 0.37023806851097324 2.661214949624266 0.3612819851805425 47.58825325164141 2.6728715936841616 0.0
285454 149.037978181532 1.40110031427758 2.971315468728706 0.43735320398286076 4.24075044096647 0.42427211140948434 79.06552248950828 2.2560922150673983 0.0
285533 149.747725740307 1.38898042463359 6.4166476271785795 0.37868515788433316 7.473524598652058 0.3682917339594388 52.05727509272878 4.5650380224867 0.0
285755 149.978618869506 1.38832291297831 5.5049755612305065 0.39831960301932134 7.138914062732292 0.38923544019010226 48.17047155805788 5.080968670584546 1.0
285925 149.703766237258 1.38984160626798 2.777993420171796 0.395692100576192 3.111728783838753 0.38484253352436887 53.135517262552135 3.4414473366282925 0.0
285959 149.743981257142 1.38612339878505 4.508951926163377 0.3820426682205108 5.273383160234364 0.37031428920185594 52.30525912926809 4.90264598674234 0.0
286197 150.048759713896 1.38554790140775 1.4488393444180978 0.38828424499825726 2.4366786634780553 0.3786738385686531 47.88249746889976 6.410213257010499 1.0
286323 149.994592731789 1.38573446948882 7.700819090477758 0.3896043695200768 13.401259641534729 0.37966067615956867 48.18900554485799 6.203007540468014 1.0
286548 149.574547577965 1.38463455244474 2.2574624537464687 0.38176063159212587 2.4330579659985503 0.37093332920049465 57.28449428262601 1.517855201784511 0.0
286557 149.996747207695 1.38167344354582 4.506333675111016 0.3709500619260873 4.716751801120474 0.36167128521092573 48.41387816842359 6.4399458181406075 1.0
286616 150.051299307092 1.38194254724396 2.2140854242014085 0.38119260801795773 3.4296970772769315 0.3717344999147079 48.08888499182892 6.328631716411777 1.0
286672 149.906224530312 1.38394221220775 2.4565866060134525 0.3762516861175425 4.387202395814512 0.36670661289900314 49.270176971183666 4.306987832812222 1.0
286683 149.153578319164 1.38221359379206 8.651534979650444 0.4289210528453895 16.123838497663147 0.4149899831297614 74.32260333623302 1.4475885179710954 0.0
286865 150.022503110499 1.38659762258317 1.78395663801195 0.37669267527891587 2.935831657301748 0.3662636626740129 47.946585875508525 7.195076587548425 1.0
286886 149.500163900101 1.38298148573461 4.008785361738995 0.36145011060019866 4.376122792631642 0.35065770878660873 59.933699303684165 1.0192544817981175 0.0
287018 149.716070414823 1.38037071796964 4.259953573178379 0.39142087940906944 4.731469598413428 0.3810881065347227 53.32165776328885 4.663138511712534 0.0
287038 150.281586237831 1.3809552567428 3.638422487156647 0.38591662858250936 5.008521008279745 0.37720540161667354 49.27767660214233 2.068370669308543 0.0
287058 149.401854536429 1.38011112110134 1.3414593915786526 0.37289716266499373 2.4705988286564247 0.3608631250532337 63.77706422258102 1.25326402455704 0.0
287074 148.99531764415 1.38113690910007 2.282156111512851 0.4562891467785035 2.8462608801159823 0.44238329732446313 81.83824970872071 1.3340869241297804 0.0
287112 149.298384873132 1.37989601621228 1.582215477874251 0.386629945836581 1.9750004134661543 0.37539343213640436 68.020985045918 2.303180349743679 0.0
287186 150.230778534483 1.37817178954817 3.7615760208131954 0.3679505615117858 4.196965859642707 0.3595837069640252 48.85992426721158 3.3182578870524195 0.0
287248 149.113558767137 1.37929682219516 4.778205032528107 0.41724448618581306 5.742123418698075 0.40532581131696893 76.28154777943037 2.923388220948465 0.0
287259 150.196537591828 1.38231616567517 1.7309124714356523 0.38822179847856575 3.0162213078099964 0.380278601899102 48.325734483129146 3.0921375646126226 0.0
287463 149.29830147941 1.37577181107904 6.410924617447477 0.37755719831490897 7.551814008878119 0.3663215212687118 68.1998353203732 2.3390938505928913 0.0
287505 149.851124346402 1.3768125605122 2.426287230402117 0.3601839962023635 4.138200847392246 0.3484987442869458 50.56101781255665 6.494864124366007 1.0
287518 150.075727693472 1.37583645043125 1.3912070087788047 0.339664232057298 2.1462503428338424 0.329841599036631 48.38837872363958 4.138104223980643 1.0
287576 149.738466547086 1.37532872239155 6.993181771926223 0.35180101480732534 8.380193549129825 0.3394588522532129 53.03155859193333 5.276910919615036 0.0
287642 150.105158263036 1.37656063233379 1.9076658554469357 0.3548288804630725 2.2306864114698417 0.34585061083130525 48.32401886259482 3.069134660813626 0.0
287654 149.757742442467 1.37608788475554 1.3653596416095475 0.34186289183808427 2.3495372474044216 0.32856542242845616 52.52759955835893 4.136490058302753 0.0
287726 150.014962730545 1.37429836802333 3.1424833204814724 0.35292760094187486 3.6102512543488956 0.34243127194350614 48.726370505413094 7.2988079375459325 1.0
287812 150.038804992228 1.37599866309971 3.8060874490062226 0.38402079515286774 5.435502795240744 0.3735348295312656 48.49580536631905 7.102023733153435 1.0
288074 149.041279788623 1.37630863705815 5.380541182128042 0.4287097870833209 9.591438319475412 0.41432874862516844 79.79861478536249 1.6723664474488122 0.0
288168 149.894792606465 1.37246175459341 1.6529743014640892 0.3552309609806333 2.2065347993187974 0.3457064385953342 50.10381167919948 4.587323872781738 1.0
288173 149.830054391082 1.37159525230966 1.8086983470511542 0.3565518088891256 3.088653490730906 0.34263754800927987 51.24524004364362 6.031306382329184 1.0
288217 150.355341535818 1.37068861341532 5.455458485160115 0.3851465906268918 6.588972310101466 0.37585887934481804 51.027225144344214 1.8496018073795 0.0
288444 149.90564024801 1.36970022671595 5.127508870458018 0.35527195004213047 6.48146380307103 0.34569909001049093 50.10914186766092 4.368400056449223 1.0
288471 150.359376563869 1.37343112955474 15.158799222085769 0.39383159844416193 17.911554885323937 0.3837206956154068 50.94364373357184 1.859647135993443 0.0
288534 149.7341515512 1.3695242699203 1.7294662367870022 0.36679088731886944 2.803972629056843 0.35450179219484296 53.4552812456704 5.20498843806528 0.0
288639 149.991614096782 1.36969187162029 2.9671086341248043 0.35992816937758043 4.5787908690049 0.34947720191268933 49.16670584474553 5.564020394837298 1.0
288654 150.235451646896 1.36890545391098 3.4625248080944657 0.3604283191682053 4.675700101405624 0.35217561515936224 49.45403790169525 3.0782340685098473 0.0
288767 149.810483363796 1.36835673568586 2.581773063968224 0.34261926806348675 3.893065870152883 0.32888689999346327 51.81106825947347 4.656905717806731 1.0
288794 149.139659388413 1.37180094527491 4.0962254545053645 0.401744104180243 5.087278867767676 0.39197375496324827 75.36354592253875 2.1518580564643184 0.0
288893 150.162501329441 1.36778465020022 4.090503651120896 0.3569904000152957 4.701657457919953 0.34600595328458816 48.993178961164816 4.064524094074092 1.0
288932 149.864749455573 1.36728574325713 1.1778386377561232 0.34512731057567114 2.0918335195448554 0.33446873954205286 50.87482082350512 6.526596423183104 1.0
288940 148.98750490375 1.36777858969457 3.1814116751530173 0.40562331895408016 3.3707413517531593 0.39394980600333696 82.68912638868214 1.348323984484371 0.0
289290 149.246531365562 1.3650160418183 3.1660614391259014 0.36792299965635983 3.9767273905794083 0.35457428349795767 70.86786632677348 3.4743589765503464 0.0
289372 150.127146278451 1.36380944231012 3.326840666472375 0.3630999698373162 3.603655577145781 0.3517665991889423 49.11508834751458 3.9274204212125943 0.0
289424 150.197810405946 1.36341915445444 1.9305609056335595 0.36771565391220645 2.182747577521443 0.3579800486839287 49.46057368278859 3.7589582951221177 0.0
289620 150.437147586884 1.36160910056762 1.9036959344298265 0.38064545635539926 2.816141167274434 0.3690116558464949 53.21117056783041 1.1880180372134956 0.0
289622 149.57163700196 1.36326766781297 6.591071261158243 0.36353893153181954 7.876247031052657 0.3514194292032429 58.453896978956244 1.598229131565496 0.0
289639 149.843335082189 1.36308387608443 1.7164382088228525 0.35001209568901853 2.755859933853007 0.3343650305664839 51.486340854001675 7.090429823568345 1.0
289890 150.173581484342 1.35974712059617 2.0558828611790374 0.3774614327121635 2.5638503443908407 0.3673191975618334 49.528806556234564 4.44221529957853 1.0
290425 150.141675610219 1.35789930611241 1.2404700370144306 0.38276649974390864 2.238485672681734 0.37310831693026675 49.50583818764968 4.282124021484644 1.0
290460 149.630493574487 1.35876743913066 3.488676128571892 0.3714761158211156 3.998196953437748 0.35859111390252446 56.852730094368056 1.8593165684878732 0.0
290469 150.069424233891 1.35631721333042 1.833289861329967 0.3714456078844335 2.9580006249456012 0.35825553773677177 49.5715590029187 4.581468753508123 1.0
290556 149.699278944212 1.35556696156007 4.19596449984841 0.3737585218413148 7.052400591521386 0.36029773524920206 55.099517405574915 3.1646565257525623 0.0
290586 149.984204977254 1.35518031342257 2.41334718286352 0.3924320880614257 2.7355105237018416 0.38203334818862494 50.089558594539994 3.80169655750343 0.0
290596 149.287706144399 1.35938179134332 4.8880062427771005 0.39845191665110974 5.527558922756494 0.38460844702472746 69.34581079495936 2.994056887708118 0.0
290667 149.788317253195 1.35327917119545 12.894119527939242 0.3935586808043952 16.786741628288123 0.3794715283742565 53.117391802424464 3.8983280822240083 0.0
290802 150.039410103851 1.35502041302559 2.162167119759106 0.4020437487934618 3.236415114421553 0.39011866089297825 49.748320016807526 5.784253994719072 1.0
290817 150.181072787075 1.35395261459846 1.8284341779941717 0.38064002153220927 3.320559910202177 0.37071209811995226 49.91685914463909 4.4259440736460665 1.0
290847 149.25198661077 1.35537864904605 1.5859028835600264 0.3965574113553606 2.5932152157541983 0.38231675676899324 71.034531399576 4.3762368099349125 0.0
290853 149.856789232362 1.35463784476475 17.300903876435207 0.3912473621735226 21.413861874453453 0.3793219321828059 51.73692301085437 6.9891503471977074 1.0
290896 149.810050255524 1.35332675031172 3.8896937169151298 0.358813731977008 4.816914485933602 0.34601373468081936 52.670181664974216 4.6692701041758955 1.0
290943 149.611352074684 1.35427793227005 3.6097456938126915 0.3768895872996405 4.730464555117957 0.36358037019966144 57.66175357747523 1.784162010223582 0.0
291086 149.252206846968 1.3525014802363 3.071763440707802 0.3963198224261861 4.089120035992213 0.38436666200763125 71.14575003704655 4.533839048341907 0.0
291161 150.047645473937 1.35090897835796 2.5056307665767976 0.4022475689617405 3.323512052218504 0.39298891867819596 49.96088312765819 5.254757620574369 1.0
291163 149.794299355285 1.3511588141549 1.9888250538118142 0.39524833022992156 2.6691024306892883 0.3813778783633701 53.111598626760035 4.084272613940144 1.0
291337 150.132433440081 1.35648788212288 3.1081275720804613 0.3752972554222252 3.6198114132972723 0.3655831634582771 49.5655726915585 4.314625406262589 1.0
291474 149.098965148197 1.34832847035718 2.066952021636078 0.47172992928555213 3.140449042496568 0.4586083556717765 78.13875049266963 3.508192702483398 0.0
291811 149.106232562174 1.34957641915986 4.72192270006928 0.44526711488114773 5.021934846156916 0.4322660917022152 77.75627661849748 3.8336278985650365 0.0
291897 149.6962146241 1.34564399805527 1.7961205166005554 0.3893708873343584 2.3030494366562 0.37756485607879015 55.71553950299342 2.8332196638295413 0.0
291982 149.934592291235 1.34751798993146 3.4474759285071914 0.398601680650336 3.746635003349065 0.39001097373614085 51.03883650717217 3.4050179707545976 0.0
292042 149.901123336841 1.34617009502208 2.0094445566866015 0.39899651820082604 2.8404281480936424 0.38948963860615665 51.54529099724322 4.784201504517742 1.0
292060 149.825977308953 1.35882492060554 5.527248219432423 0.3606103691505608 6.231772703228891 0.34736272489846176 52.049480358083464 5.811480002298368 1.0
292118 149.33424115683 1.35830608618123 3.6631120746542316 0.4008886419174361 4.602473479368898 0.38853889932675145 67.46191230989835 1.3230890428465587 0.0
292187 149.94921443145 1.34619768012415 2.6557741421268966 0.4013774248568436 4.220239417201272 0.3923035572409099 50.95363745800217 2.799192282986352 0.0
292289 149.876885590779 1.34486645444947 2.0728293240226296 0.387105791401051 3.527651779398517 0.3765832951033071 51.97647227687698 5.371653967781095 1.0
292362 149.454572553874 1.3434449707382 1.300587078371003 0.3699424705893089 2.4110932484948244 0.3589357146461547 63.47694740402011 0.6754428998982533 0.0
292368 150.103380021815 1.34253796374004 2.908436077753824 0.3796145341201558 3.7918436262269015 0.36934482852773126 50.364796755213845 4.71911512386013 1.0
292533 150.411875602398 1.34399685988176 2.1836922113976516 0.40441284614363 2.9891059506139244 0.39469562290364996 53.64311228270491 1.2019980859314996 0.0
292544 150.158651803314 1.34317656642128 1.732871605996597 0.37438975561242566 2.1160773113127926 0.3634913491850259 50.44884316497068 4.980396121232278 1.0
292599 149.919334241956 1.34107351454803 9.302315063297337 0.39178368528630964 13.57584102145219 0.3797311599545433 51.60253277928422 4.255423215968183 1.0
292612 149.116788868907 1.34444906675031 7.153498517282728 0.44225461853469744 9.129836686287943 0.42987586779006237 77.4713665310166 4.0026249418918525 0.0
292698 149.246028775475 1.34034466090533 2.4964830676724397 0.4058706216595302 3.7834322592073315 0.39191351130153884 71.92133443181558 4.324992641372787 0.0
292714 150.105570983042 1.34140665489936 2.1111350656993957 0.37443009697259455 3.1043043188713693 0.3643618065563322 50.433374007879216 4.7233520778433675 1.0
292774 150.156192964631 1.34059717424438 1.5989850774089478 0.37357915758267507 2.660495285582292 0.36304541532408435 50.59319538309816 5.058129571370826 1.0
292922 149.138227690525 1.33868720828949 3.7232469349477357 0.42699278508742855 4.424899715184775 0.4153561599815214 76.7249430276522 2.99465384540836 0.0
293025 150.207416402999 1.34221353953904 4.9479780620998675 0.49079583905602253 5.534484733752376 0.4815522398752218 50.79400136864443 3.1519485853945683 0.0
293119 149.776019262538 1.34035478060859 21.21599689943672 0.3787966791190769 24.484057340798785 0.36472486164084683 54.10442069084679 3.42989872614238 0.0
293189 149.825161453301 1.32861143806406 7.5029182934121055 0.43443434658969926 12.60739054752461 0.42043289022280056 53.7876215961713 3.2983421592316406 0.0
293319 149.746121757003 1.33610954649621 2.047892205246116 0.3701501650909598 2.911165367949092 0.35299136332947373 55.00878433487254 3.304440285620509 0.0
293345 149.74193936634 1.33717411994311 2.7959188379137907 0.3692017757751119 4.218320497264401 0.35231531194140625 55.047216239083106 3.3701542731950633 0.0
293426 150.006818352947 1.33826136754826 3.4998487125331605 0.3630260530730668 4.356628415190615 0.35274254282513423 50.92850064763407 3.442338310986379 0.0
293429 149.130762381981 1.33813495347202 3.901919533575985 0.42549056179229444 5.172637561360367 0.4132421434049407 77.08383802263651 3.4848389879687063 0.0
293611 150.050018700075 1.33569047790543 1.8485630385125114 0.3735846416844303 3.4315511675931316 0.36083193500703836 50.86363560321713 3.952066502056934 1.0
293630 149.730077547459 1.33538648194797 2.003554730396056 0.3694840497948869 3.309312155190689 0.35285074567213603 55.42686935418166 3.3548942553573204 0.0
293681 149.901402890513 1.33697404883627 4.956874269961535 0.39506341428308017 6.206010296014225 0.38152089950522416 52.07840610506198 4.794737517846936 1.0
294126 149.277707072799 1.33179017381589 1.367790393243373 0.3927457176397315 2.4731602432856645 0.3788286192880069 70.94933281879457 4.04804867377001 0.0
294326 149.254415409232 1.33416379988509 17.034383688514403 0.39053327338848154 21.77694182260105 0.3771911280496223 71.82627208694596 4.694308321194069 0.0
294334 150.146103584869 1.3317073285007 3.591300966866359 0.3563368733915024 3.828473374869256 0.3444445079279517 51.08909830152298 5.188988220248074 1.0
294536 149.261725729267 1.32916889532414 3.526661875292874 0.37836417738962447 3.850601363562543 0.36548173825343644 71.7309315520463 4.581155824945471 0.0
294562 149.276095784239 1.32856365395439 2.178617405785736 0.3914329782204742 3.054013385247974 0.3797099890315427 71.15573699953728 4.038608727371638 0.0
294841 150.087819933029 1.332558175746 2.265660978859421 0.3455203586144021 3.2669782287169857 0.33303148342751565 50.96841063769638 3.7654996369435927 1.0
294948 149.429651616545 1.32694138147017 10.50342366719838 0.3589988519007616 11.703627879473547 0.345421832877084 65.17578879293858 0.45442585599039664 0.0
295078 149.092804584184 1.32738132832215 1.6133910110749605 0.41590934310652955 2.87241217296715 0.396982708782916 79.23069275169559 2.8407262650142413 0.0
295470 149.904442897867 1.32344110853378 2.981682314434305 0.3602760732085062 4.293829969154043 0.34885288529861813 52.82842642385653 4.443800147451838 1.0
295527 149.76481684483 1.32319281629616 1.382126441683352 0.34657380504274093 2.5848823993971752 0.33321783175193515 55.307338539529184 3.2429997938436856 0.0
295552 149.110459122313 1.3235186538076 6.127903127008773 0.39881121296788435 8.96885571358214 0.38311736574927746 78.57827714106298 3.442122770421212 0.0
295648 150.176613833558 1.32604372737258 3.532436094899056 0.3523003928352235 4.276801143224188 0.34149072675360154 51.55917368182388 4.356853474746061 1.0
295805 149.904315306831 1.32171967885448 3.6463489212465894 0.3628194075296513 4.8106525339369 0.3505490455019601 52.930836964823875 4.3627060939731885 1.0
295939 149.256348953944 1.3219570087334 3.55867035861418 0.3857515001312346 4.566834224192374 0.3746355886047565 72.26568035797823 3.972322673636385 0.0
296151 150.156448510323 1.31871582987598 2.812914328158016 0.3548970486635111 4.857186572624863 0.34313931453927443 51.90423250308446 5.3017218006454705 1.0
296582 148.977326129156 1.31642772411424 2.7568016393457815 0.4144556317631945 3.012722718394427 0.39731155335027224 85.02906957094535 1.5635453546313902 0.0
296788 150.210187424116 1.31446316667589 3.2597955303491926 0.3720144179287782 3.9909451525879205 0.36042435560207653 52.466680979547135 2.2920538814409954 0.0
296803 149.357893699508 1.31581817464014 3.062256701735209 0.37674826921039417 3.2145791352838775 0.36613721728744414 68.42033947533598 0.6741104634079417 0.0
296907 149.880452347996 1.31342382240383 8.622048921098445 0.37838638520370377 13.10761000702586 0.36474983577881015 53.74886550094661 2.957849727699342 0.0
297183 149.921528942521 1.31531912793776 2.0715856819385783 0.3611885408869984 2.446170217217056 0.3503864189251045 53.08766264970777 3.5941776994599715 0.0
297263 150.21555496047 1.31338801377408 8.90120508353589 0.3786916078516551 11.892789477915096 0.36757893043840245 52.57214058993233 2.0896164757485676 0.0
297916 149.776216819608 1.30694162588887 2.2154664608792696 0.36186206120917425 3.435112376528668 0.3461020466214787 55.97605416482654 3.3112304750635198 0.0
297964 150.421564706581 1.30834704390775 3.4015055852127207 0.3561061495478213 3.8007519896424444 0.3439254657774486 55.85089198861153 1.7216245185914685 0.0
297999 149.68812944535 1.30927891495825 3.07288899895295 0.3513475365978913 3.3939673921465734 0.33893988377273326 57.89368200499085 2.919830925319524 0.0
298311 149.970079142442 1.30426880047648 2.76131326525437 0.3789989974836898 3.7762047694652554 0.3669292529187447 53.23383190684508 2.242615525898537 0.0
298343 149.018741585034 1.30387041187169 2.1893579887292556 0.407497652184009 3.443731953452128 0.39042883931813255 83.5494195002335 1.310117787305255 0.0
298484 149.719244048596 1.30679356230033 2.796752230054528 0.361917809360188 3.4690306999564506 0.34884382388572877 57.25921065238947 3.1004561513680047 0.0
298788 150.388250190481 1.30236067547803 1.884966076866327 0.35130865917299026 1.9955079379052356 0.3374436271781331 55.53411975125257 1.252080547836878 0.0
298959 150.156530551037 1.30181079518244 1.9273232001886764 0.3620809388800701 2.9346196012402688 0.34853748551054897 52.916732146873954 4.471148671076009 1.0
299098 150.302085736122 1.30286139176017 8.409129753043997 0.36980417538276145 9.62292765014118 0.35591145888558284 54.11943788989145 1.078012682628966 0.0
299252 149.064247767852 1.30244185367239 1.5703784915973793 0.4086606594451205 2.3849988657368035 0.395213817848883 81.50497676745829 1.690127703656789 0.0
299262 150.165715250994 1.29881266646339 3.963192181338537 0.3632359575029469 6.44940214841027 0.34757576018889075 53.13426564091778 3.9175300485702853 0.0
299327 149.791180930788 1.29869957701795 1.9723572251108406 0.37200652119036737 2.776406779667126 0.3558918718680873 56.13771546120367 3.070658221032902 0.0
299825 149.617055096297 1.29688666791129 2.7933765774906587 0.36596717207913143 3.9286579765143728 0.3505106450022156 60.48831808039951 2.135546178661909 0.0
299941 150.444556080137 1.2943279911333 94.61043022509737 0.4647051534761919 158.19278332675316 0.4497912233715733 57.12523903871239 1.9730843498883874 0.0
299948 149.126329189801 1.29503350463194 3.560084915152729 0.403699817141026 4.191581593888366 0.3882753356089609 79.00326307643203 2.5124745213198034 0.0
300117 149.030703334985 1.29303414406478 4.615389003998423 0.4260598507504253 5.1394123807661005 0.4103859750117156 83.40825991883621 1.388698655292524 0.0
300220 149.767115967917 1.29330789087731 1.668604023142822 0.37399557418979096 2.338724698056705 0.3588706271804008 56.93309515977901 3.2814679232554957 0.0
300371 149.679962444747 1.29356248112291 3.2210770155308084 0.3696921572089004 5.544645395479731 0.35483682504417235 58.95555768031057 4.0282773528111 0.0
300435 149.278664263047 1.29085317108887 2.0367238296849397 0.4071402532033227 2.3974553616587135 0.3944480179546981 72.69670493097273 1.713859902015861 0.0
300440 150.148527586137 1.29645333524685 1.4094937503597618 0.35601773538236786 2.6092045576526006 0.3424735032844722 53.209115513910106 3.9980473055318635 1.0
300783 149.992735612504 1.28805912360582 2.1151596590826878 0.3681364996627117 3.5267255630281813 0.35640206440701855 54.01752498074203 2.561151590109687 0.0
300812 149.734915530063 1.2889553485018 2.575861284010679 0.3804955582432212 2.84493647726868 0.36348174445571335 57.88029447299773 3.42677356066061 0.0
301127 149.915062994268 1.28692351095846 3.494069483365381 0.37598415268402896 6.185333330521115 0.36061563981806993 54.834621362631765 2.414792047629117 0.0
301257 149.652084125337 1.28491779693696 12.13790391963541 0.39966727191165324 14.62255944921149 0.38754202419513534 60.15273807325262 4.832316098168335 0.0
301309 150.389596121961 1.2878686777613 1.8814800297722567 0.35738856464364965 2.2330841865594024 0.3443167456897131 56.3859178646777 1.3116766073539452 0.0
301400 149.603423070675 1.28569556315254 8.050580050903427 0.3825453258970015 13.215133248060992 0.367152795396274 61.47057621820799 1.6725340910894264 0.0
301958 149.114536066893 1.28414140429172 2.522259748454158 0.43187397297659896 4.08861143656754 0.41777825538758695 79.96632237062704 2.6334301481106146 0.0
301979 150.356703933156 1.28114386356767 1.7672963463746072 0.3805270259304464 3.2425741125604275 0.36398486467238955 56.197842037855864 1.0513223976052724 0.0
302004 149.196617053548 1.28051979622917 2.2209197001931034 0.4652169188705078 4.037181196030863 0.45549788756621473 76.55363768016495 1.7410675801793416 0.0
302459 150.429725660322 1.2784228353965 2.6397663827226214 0.3778970938930437 4.365397081824114 0.3647965241561974 57.70518342580489 1.9595832208425141 0.0
302685 149.639777259403 1.27913242907734 3.0225343683854953 0.3802528888508118 3.444897781573867 0.3674078133913397 60.795041164911865 4.222919443492013 0.0
302714 149.922876534148 1.27611432575998 4.871537769463422 0.38329155140468435 5.650865321711787 0.3715881912480556 55.37813788761139 2.1574797411042534 0.0
303141 149.786375483573 1.27599900992078 2.144339020118143 0.3920532453474843 3.1961503026451132 0.37874241615176996 57.51887643797996 2.5783840625628196 0.0
303298 149.654626572797 1.27651049471721 6.18697110723084 0.4110013322479581 8.604149039228343 0.398412183501222 60.53709705000751 5.212051544501423 0.0
303364 149.985785592135 1.27622166508141 1.3822350128804712 0.39459377893375586 2.046794245633518 0.3836684819862578 54.77334686292683 2.6521045963856364 0.0
303515 150.252404878759 1.27130609563469 11.609316436276162 0.39439710177860543 14.596662594203954 0.3801776739669199 55.39751204460262 0.7499500478915461 0.0
303640 149.117398768943 1.26932234975684 2.6210718407266325 0.4220027408209533 2.778349366099044 0.41148498442214854 80.4422633020253 2.4562466111952252 0.0
303648 150.086402021938 1.27070244877128 3.882964236531851 0.3829076892929778 4.8358347897165785 0.3723353894613091 54.68060121010277 1.8275643782039208 0.0
304149 149.543129052237 1.26778345964014 1.4944306462329564 0.36656493138833546 2.4614886093765174 0.3540634003025562 64.2170446711423 1.4181733759659325 0.0
304279 149.677114748567 1.26621659268339 6.759694614760915 0.3650441281643683 7.683184604867281 0.350888342003899 60.51450633182031 4.829072001494216 0.0
304290 149.105115097373 1.26514454083619 1.2721964009807794 0.3780533477857158 2.342842115669595 0.3629807146259537 81.15322082950824 2.382173402701012 0.0
304611 149.496096619176 1.26351315247004 2.1359072557108187 0.3540486959924189 3.1892236628614667 0.3411500028949575 65.94209917552384 1.0985506099143638 0.0
304641 149.162764854728 1.26443258384422 5.096643294672391 0.4127525629371201 5.961338703222618 0.40150959359512006 78.67609915878108 1.7014087156198776 0.0
304726 149.647386526623 1.26570123406899 2.218453743496802 0.36771543127071227 3.1050686453650846 0.35362299169337635 61.31080621449734 4.607116273330498 0.0
304933 150.149230166663 1.26189566299992 1.632920252854604 0.36755528082277955 2.741428620863901 0.35630866002598544 55.28182399816801 1.9608924298119657 0.0
305185 149.013334068432 1.25943202234647 2.3203856507590697 0.39613144771183134 3.512851655854312 0.3758874817314383 85.50329980623006 2.25775869389148 0.0
305407 149.643170326542 1.25950764020003 1.902319087734552 0.35044784295163095 2.724639038335332 0.33515523365595007 61.75601305424845 3.9867371207141384 0.0
305518 150.260803290109 1.25813812916716 1.2853577901049538 0.36777981169359364 2.395208794292367 0.3521368555182532 56.26106126404967 0.7652987804397448 0.0
365087 150.709019194075 0.666678227300113 2.2881880749049683 0.5772642026511212 3.5788234381527424 0.4073915095668927 97.97993168561592 0.23691146105973487 0.0
365282 150.906177312878 0.667406646346017 3.543796933396602 0.670698894481423 6.052919290736738 0.5024778416976123 102.9364125364476 0.4535553148416098 0.0
365413 150.561100307244 0.668035930184827 4.952527278137942 0.9135326267945844 9.194489038465656 0.4109866435482463 94.95156132974085 0.013197132075302279 0.0
365519 150.927311144066 0.669748654226461 3.4829714626766375 0.6708722482164279 5.919667714872801 0.48695093574541365 103.4145953953634 0.6413423545971195 0.0
365588 150.484004667728 0.670349055760348 4.196267283644956 0.8193266084472226 6.099089675771244 0.38689766933467473 93.57461768821982 0.10103049618286902 0.0
365937 150.543898618238 0.672936039558609 9.6892020320611 0.7893502965442842 11.339742165444024 0.4112589463725735 94.37408118205579 0.013030096474867407 0.0
365979 151.151026774155 0.673783586620642 4.1074417708343285 0.7794477846260769 7.618362627460481 0.5085749293904953 110.2834710571518 0.2813800237564235 0.0
366798 150.856359426223 0.682143753407219 2.309852310800382 0.6515304316562195 3.841804702320117 0.5090171889590153 100.77663446167641 0.6960950471387581 0.0
368142 150.910298232913 0.695264881375002 4.352510721315137 0.5743414553533722 5.001878734786772 0.5025355529522643 101.58176514588446 1.400904234871353 0.0
368176 150.584565403155 0.696584171757407 2.2377855311959856 0.5480136455973879 3.6532798891441156 0.440826870738177 93.7409989792526 0.28985018930880674 0.0
368293 150.893075709064 0.69777079097087 3.112377964085752 0.5622679611487873 3.765974950003349 0.5024381519724568 100.9589490291952 1.1577702534727448 0.0
369026 150.902294924439 0.704415844752881 1.7731103846284864 0.5458613686840388 3.1854303012644065 0.4833552584476368 100.87004516811902 1.398693589160777 0.0
369149 150.70875592726 0.705095225885455 4.1192400250963495 0.519163970462774 5.783053562874166 0.43072139706717 95.83883352778166 1.4449503146320888 0.0
369412 150.913172404509 0.707074304595046 9.34445956572314 0.5322329225320405 12.672425523386828 0.4784485402030682 101.04318005214583 1.5706562761599765 0.0
369559 150.756669356054 0.709664665077687 2.093640405793504 0.4995605288145169 2.995471961518807 0.4345840729475826 96.71962984421887 1.338951218698091 0.0
370064 151.029754155512 0.713102246966389 4.874380143144748 0.5880692319279617 6.104747165225206 0.5296292695789357 104.29203282182527 1.4792372033138206 0.0
370174 151.026934057202 0.715728763696516 2.6381542063460586 0.5361072475083184 3.458313092851507 0.4849487686819976 104.06842036560096 1.4960355247720036 0.0
370402 151.045032030801 0.717640280347047 1.9284357096309142 0.5414945443641197 3.5866467342097983 0.48922614233339184 104.55594972749715 1.5705765485889271 0.0
370493 150.689782389046 0.718414062835407 3.4574519271119133 0.46930465820687733 4.558099722032268 0.4220022458982092 94.66932864443095 1.263101588827918 0.0
370764 150.806575601201 0.721039626689875 2.659245841983892 0.4784659110687971 3.6509452860996983 0.42215225648354204 97.36180128815333 1.6639923011156497 0.0
371420 150.805638821856 0.72441407862428 8.775274834606448 0.47895308106038353 10.24097402433802 0.427131245021155 97.15505982014784 1.7818009891447308 0.0
371856 150.679310401696 0.731523788145095 1.4570181904260253 0.459100585881602 2.4046819305254954 0.39408966854293387 93.70543642609279 1.1584586073017067 0.0
371883 150.696251225968 0.730906558290459 3.364562646883002 0.44494651240800515 5.957950250492168 0.3989800872948052 94.12119845319826 1.4155386766873979 0.0
371940 150.956727640739 0.732260500033328 2.7592924965100223 0.5014827857430242 3.977015808721374 0.462622184022886 101.02567546929923 0.9725530980393566 0.0
372008 151.12344635883 0.732925123429257 2.0939008845790608 0.5128960099630866 3.552075233936242 0.46738419592381325 106.42799135817856 0.6858265548548016 0.0
372433 151.145545927097 0.737105164021943 2.9983729028688084 0.5346083169312511 3.888893476284963 0.49696138429487074 106.99464742220603 0.5225500764913897 0.0
372628 151.230606302734 0.738975845292633 3.7203638125346665 0.5537351877942184 5.0110658471536995 0.48635542411052735 109.97413990298666 0.005208105038464728 0.0
372927 150.763207929364 0.742077783093679 2.084736379700593 0.46898396578774587 2.9056472069270574 0.4359548694921783 95.10996008214804 1.8046811809957712 0.0
372939 150.741980948676 0.741646435500983 4.664555668602083 0.44301662984683493 5.428283593376311 0.40961371057296936 94.60818467825234 1.7630928064083138 0.0
373223 151.052833934687 0.744791585628698 1.9843168167243064 0.5218797745740992 3.5276592384883956 0.48676578455887587 103.44844037896824 1.951565049084007 0.0
373289 150.608921201485 0.744896792841995 3.240412578818695 0.4497943735727519 4.0243231063934 0.40644244628052195 91.46653588688574 0.9232892805827034 0.0
373813 151.235573763942 0.750027619593666 2.1974481544464064 0.5581642636684989 3.1057265186748557 0.4778718696766896 109.63762282965847 0.010788647336079031 0.0
374075 150.847222170556 0.752246075689832 2.7032241754694346 0.49486115072819364 5.04917857336892 0.456000989365385 96.78398728949986 1.5991253074734355 0.0
374517 150.560490974253 0.755249416299908 11.227131548849217 0.45045437789864123 16.838538100929078 0.4013675669985831 89.94719216526357 1.8555069042854813 0.0
374529 150.946922060443 0.756693865403984 1.6206417989619653 0.4588628382723118 2.9191912565707474 0.424873074626109 99.46450192888669 1.2846835916393813 0.0
374924 151.289422834651 0.759963505287699 2.5857107267237978 0.5524778797377649 4.26073896009006 0.4509403376067328 111.21468125031626 0.8549396332066966 0.0
374936 151.000371509176 0.759943060389644 4.519172417158559 0.4812248694584616 4.741594806441978 0.45234864140203807 100.97450829118168 0.9780713008479978 0.0
374951 151.133767683616 0.760160952865841 3.2264654160152175 0.5186759813420019 3.5133352074709987 0.4831343680909532 105.4598732217014 0.8910608207521584 0.0
374960 150.843276042059 0.760121118711941 3.0103032106479373 0.46159632051200317 3.7700899733404762 0.4306202573336703 96.2555666541487 1.5629018145374791 0.0
375059 150.556591087939 0.76098791540358 3.06146363472358 0.44610531161809575 4.8624679766089045 0.3918316639054408 89.54775789258537 2.057848669636313 0.0
375075 150.631543634607 0.761360478653909 1.9989888465151673 0.4371957803879527 3.66867600317836 0.4014451967858363 91.00235004334353 1.1590688663257234 0.0
375084 150.85943830309 0.760914843553205 2.4786088782230298 0.4559250341640734 3.8615478081779537 0.42878599346254226 96.6663453494329 1.5692757418433567 0.0
375522 150.842612317964 0.765221776737514 1.6123526320938604 0.458805119389097 2.682095888994916 0.43152269670392446 95.96593147806242 1.5186499533582238 0.0
375717 150.78967141849 0.766340869813576 5.821130559127993 0.4338741046214938 6.86492364234201 0.4038372071960588 94.47363675938955 1.499356658848132 0.0
375837 150.940727077334 0.767825025169113 2.8195101895361887 0.4596953635383631 4.187131832382003 0.43606331176675645 98.70048430291402 1.594334367634042 0.0
376283 151.075361766988 0.771566527437055 5.581762425283711 0.48648277411882546 6.574221729648059 0.45783234327058525 102.87535836204962 2.21625396361052 0.0
376744 151.301870291635 0.775522602662591 2.2039200660100566 0.512433986912542 3.9895568409952396 0.45730050095350067 110.98345789587893 2.047333434002562 0.0
377025 150.569055243631 0.777004469547115 12.241130080287867 0.4600646584611858 14.966616876418517 0.41417775270327145 88.86709867383128 2.7978107998885275 0.0
377236 151.308644038016 0.779249103985924 4.109910637496557 0.511012608456737 6.787305826467596 0.44079973254327365 111.07823600271404 2.299149040403116 0.0
377775 150.574939620151 0.783677561080332 4.382767736662966 0.42788516783086045 4.989372327423948 0.3823257813468709 88.60022793281311 2.8549990312265767 0.0
377843 150.607943080439 0.78490361411268 3.1980803191292733 0.4268570871059903 3.5985393781894173 0.3941469930299625 89.18720064570503 1.85011692879119 0.0
377910 150.719419307471 0.784899083409698 6.861616779162575 0.4039241581909142 7.853279756616753 0.3786655322735046 91.68698631056613 1.8158139814198717 0.0
378175 150.768920663957 0.787183553963892 4.104397357113578 0.4218658287464262 6.491605402679807 0.39560739994938154 92.80606228432555 1.3016602589212376 0.0
378360 150.556953040241 0.789120685469006 3.8920549332555328 0.4269450585621616 6.546600075215547 0.38170824237496087 87.9488970990293 2.6544028505273376 0.0
378455 150.940796751689 0.790346352380479 2.364082656842408 0.4503340735109177 2.715733713808258 0.42874980306350247 97.54335848675649 2.2847836323477897 0.0
378471 151.09663181509 0.790529126917265 2.3939089788154044 0.480725533816291 3.6247258484768015 0.4595775861270778 102.67882003448004 1.7475412044838077 0.0
378693 151.32139338774 0.791748197547537 8.27412390974569 0.5321431424248964 10.391408212305848 0.4808937864140156 111.01410237053655 2.3708933706955526 0.0
378823 151.434620267452 0.793455973148878 6.190058157477685 0.7667235241503298 7.318217599067974 0.5696263460725053 115.53425779445274 0.22017357603436657 0.0
379041 151.050840676411 0.794604586878542 17.682511098790457 0.5123311360092189 24.380704743968515 0.48838753803849233 100.9027289627007 1.1598359961015272 0.0
379268 150.749584593322 0.797524890166679 1.9026812219437728 0.43662715968208643 2.932887987338122 0.4119764003138427 91.74845391498776 1.5670424144737412 0.0
379469 151.515177510471 0.798641318299241 10.098720524128707 1.0025084477606685 14.617349136800117 0.8306571411154484 118.71516376024708 0.0007077457576634978 0.0
379518 150.977047604228 0.800042856195763 2.2455932368343197 0.4793126366437205 2.615423688948148 0.4562717911629836 98.19319187675073 1.559381003786385 0.0
379642 151.097898641067 0.801161774783933 2.4227541357892948 0.49363496286426345 2.8463871321187395 0.4732055643450296 102.2051966649076 1.456770749522321 0.0
379926 150.958861065838 0.802566385865834 3.3481701457810464 0.4751743634469007 5.719416015270035 0.450777757073642 97.48458748361355 2.0700710697561524 0.0
380168 151.335291355494 0.805355094303643 3.7624161721785883 0.5103978876999414 4.483782139035175 0.4600461827289957 110.95673695148812 1.942589150656448 0.0
380513 150.915442146271 0.808818164058505 2.2900175778508283 0.46646604087590254 3.8789482993763187 0.440365235953479 95.81113215482286 2.194974088357551 0.0
380862 150.709436670296 0.811003757328454 9.49953726735911 0.4119070847391089 12.050724195149561 0.38791416831879816 90.01240646911147 2.668213309039941 0.0
380995 151.12750338655 0.813119341694668 1.89699067306677 0.47164976049709884 2.8480801613460827 0.4495998654855564 102.6802142956729 0.7813617920039698 0.0
381004 150.878560173098 0.812724601084514 6.134535049863445 0.445302036653036 7.188436341748091 0.4204924524367927 94.4971646416248 1.0174306118332948 0.0
381171 151.375106669738 0.813816825305738 10.721513642114104 0.5488548744306252 13.666843759719555 0.48435632356183905 112.19329107067546 0.7051780808103014 0.0
382054 151.291059289447 0.821195433712155 20.613414968220916 0.5068286237330645 34.581757903452264 0.46897088247224816 108.48589317529698 1.3246840636648005 0.0
382185 150.533307215264 0.823633510736357 3.514372297226687 0.4136817813695456 4.160858063116783 0.3697647200353689 85.54211161625255 1.6455738987672588 0.0
382218 150.928129874908 0.823355681982212 5.496978219742953 0.44795226871582755 5.638761613114867 0.4274866476319795 95.45580888892624 2.3902278918531366 0.0
382338 150.568373361844 0.824742397695728 2.5795194058621176 0.40990613400010695 3.9443928805691444 0.37264289734811185 86.14148275441627 2.184719906521184 0.0
382352 150.693436322845 0.824973210541453 3.154299099000332 0.403553813679416 4.100839739591688 0.38010889379123847 88.85833251563419 3.2441412635480114 0.0
382405 150.926796936029 0.825270141409839 2.8878419910371407 0.44999181940685945 5.10507294106654 0.4295510658652452 95.31610784579264 2.3337715513097317 0.0
383584 151.351003716833 0.835331907411226 2.0785482358586758 0.4834205980788245 3.0491718833917005 0.44456986045667624 110.26326303331822 1.7551865030941336 0.0
383588 150.724010807161 0.835499086211395 2.034046108506115 0.41640338769831187 2.7455756906612465 0.38210200865051813 89.03516244945077 2.6708656472463272 0.0
384148 150.682546434619 0.840577181479712 2.1711382868696747 0.4159863950775877 3.2000717579955182 0.3927973305733557 87.73910013121946 3.519595407275158 0.0
384286 150.565706601556 0.841475476639228 3.1938203039771635 0.3963371801646837 3.7672467708713855 0.36374021573313015 85.14037718951656 2.0664144793060406 0.0
384476 150.52382189615 0.843366940086099 2.3286748176271743 0.41619841531626756 3.190172624851556 0.376293633779695 84.24139705121388 1.3433144450046575 0.0
384562 150.943174359216 0.844225581748691 2.493176112405475 0.4598087120352916 2.986730276531411 0.43850872373525673 94.8665597407481 1.4355113942012934 0.0
384801 151.525950967049 0.845847206150488 3.2698625022241727 0.7796419364345465 4.06402664467837 0.6618451370001234 117.22256382147008 0.12548928772540774 0.0
384928 151.535862181419 0.847046097002564 3.125458850291757 0.9193218432380746 4.349181665041125 0.8189736739587783 117.60796137334226 0.14979299311492794 0.0
385322 150.682932294308 0.848868331015678 6.643840454371863 0.45576897097123653 7.751982829704458 0.43182842730141047 87.29224657428232 3.598770036520434 0.0
385637 150.712316844614 0.853427156965672 2.1966268533982745 0.44285428251705944 2.727898936874792 0.4239912812799382 87.7644402221801 3.166459560240701 0.0
385844 151.452445189079 0.855129201043874 1.882368002191648 0.5846228500365122 3.355648942390755 0.5143284661375827 113.65495525778788 0.36599465715948426 0.0
386209 150.937468655381 0.858158362383999 3.067787414287496 0.4665244679668493 3.456784808214194 0.4482104304250176 93.97690586082152 1.1310326607871128 0.0
386487 151.163105775057 0.860436449325791 1.7285958254594609 0.4897105825499358 2.9957893872325223 0.46461136674466186 101.7478753937576 0.3045913249529804 0.0
386839 151.292543249638 0.86315468418261 2.2157383032659497 0.462111167522077 3.3217976586843485 0.4338042389139227 106.66337718090824 1.4997628310371227 0.0
386936 150.716886674462 0.864226025047157 2.1114156564013657 0.4216452119568383 3.588083391755395 0.3999727448175765 87.29217182969148 2.7624880226321293 0.0
387289 150.650013016991 0.865960598558917 6.147424025658258 0.4170979988999601 8.652159977712232 0.39150586743530646 85.57313751124116 2.610741047880014 0.0
388304 151.391835071898 0.875160425373738 1.4859409495609095 0.5255393160399969 2.6580429946753483 0.4939256452193873 110.23132246064826 1.0447480476245872 0.0
388401 150.690263185464 0.875416470780368 2.1808561917558515 0.4165949426307818 2.98787879219763 0.3917377346254902 86.015036038719 2.838776865670025 0.0
388600 150.675410546507 0.877921946295367 1.9216687496231841 0.4514746807796979 3.501115192324493 0.4219530343225176 85.5146647679425 2.7437863875173183 0.0
388693 150.639698451347 0.878825537212067 1.762093216790524 0.41740229785963406 2.6034651102975057 0.39144205077745775 84.6228261256962 2.0919440430815452 0.0
388987 150.56014333668 0.881148029175492 1.8531655732300876 0.39837283260994943 2.740723322476508 0.36326626884575625 82.78353847323665 1.5987369441801826 0.0
389000 150.84091351778 0.881133636835722 2.376170065946629 0.42961921200282505 3.2854183881218617 0.4090914821939503 89.81272190509995 0.9126516433886657 0.0
389029 151.344740097239 0.881163445899872 3.693372368318105 0.49916232741287175 3.9905894184619894 0.4699316869186127 108.00392687976874 1.9279819514447958 0.0
389567 151.591166991421 0.885983120547741 4.351434678534527 0.8210608027039497 7.6703917132006065 0.6911930642580781 118.5118670797723 0.23570140312053814 0.0
389626 150.991422462333 0.886665425503243 2.3151683396954645 0.4888744970629797 3.7126455883486136 0.4694682103833274 94.3313379869331 1.1121349387057937 0.0
389767 150.478416943622 0.886639136198322 12.247094589564727 0.4306054998208844 14.869836566558902 0.3929003396837014 80.96458014510065 3.1019566442615796 0.0
389784 150.65432518759 0.88670844768409 5.256064258587015 0.42614773964557573 7.3685300811732395 0.40286753472061654 84.52718768511022 2.208967280562488 0.0
390175 150.475428791921 0.891205051876803 1.4680635370479727 0.44873294476312875 2.557938325005719 0.3887163980395991 80.65141972705086 3.480200299745509 0.0
390300 150.705610274013 0.891955666610321 2.296705158408247 0.403411751013706 3.9360547231354186 0.3827520545202934 85.49853648201815 1.9618411135066482 0.0
391027 150.878748400342 0.898308356929914 2.318784276249701 0.4290691326866214 2.8717022702032886 0.4088140224679788 90.07411313945322 0.914169646179393 0.0
391165 150.543710234889 0.899415718664205 2.0998621707923917 0.40933575838306757 3.4210329299892597 0.3749216953497352 81.42351832617635 1.5959146479863129 0.0
391345 150.484387592959 0.900810295655938 3.19412139336317 0.42065196528800664 3.456222705934961 0.3884800830217472 80.25087938847564 4.512738073709751 0.0
391383 151.310333276905 0.900924313556995 2.6526450078791326 0.5041428985308757 4.069268727287374 0.47353575339031456 105.72262292333131 1.5990644629021946 0.0
391497 150.76351328459 0.90219372097031 4.431823316079952 0.32357877921605105 5.695748691435912 0.3060528117512778 86.4848464959697 1.2942561097968095 0.0
391663 151.379816669137 0.903436630031996 4.134264694872154 0.47971753509699944 4.370267407077079 0.44739436915730624 108.51971092106164 1.540781790461318 0.0
392117 151.351452637071 0.907355136180503 1.7197990721295056 0.48159360976056964 3.1703443380290577 0.4547170129434731 107.15517722966531 2.194165049242093 0.0
392268 150.900722006262 0.908703372206867 1.50559822984138 0.4535465536261892 2.5628447485701935 0.4339674916859779 90.2358079293606 0.9069967038830473 0.0
392380 150.486250318149 0.909382097662428 3.3216017885093927 0.43360872488832486 4.319968185576041 0.39904965942323917 79.79074109340696 4.874529101058064 0.0
392829 150.473036235693 0.91354371787648 1.338530041225843 0.4098267868651396 2.1566007969592143 0.3488541100627586 79.32465701069049 4.682882640702857 0.0
393134 150.991441429103 0.915761643165953 2.5040906026481973 0.49998211036177725 3.2730215649189796 0.4819301855132345 92.89879145149165 2.0952829491135305 0.0
393528 150.48473236175 0.91874070827028 2.873003282818132 0.38957195626713953 3.520728454765928 0.35609993443193066 79.22700258315919 4.749273782046564 0.0
393615 150.831188973845 0.919622969715201 1.734859435031691 0.38838045803659543 2.6071991675256565 0.3677087001847812 87.5194064965938 2.8578304024998955 0.0
393651 150.85788014117 0.919918670818599 1.5243062350341625 0.3940421393382762 2.5089230799265936 0.37316286958266154 88.31721472793231 2.0754037097704203 0.0
393756 151.358233676823 0.92044797923211 2.364048768631602 0.459411600671409 4.098343983370884 0.42991590744782954 106.88257083959414 2.2180950856183608 0.0
393954 150.512013686008 0.921899297765321 7.563550380320408 0.3815536692972603 8.151913168214762 0.3549107437039923 79.5387683124191 2.673254478400551 0.0
394119 150.833666569993 0.923672242675499 1.4069509834552185 0.38748106628412465 2.3768126527265268 0.3662414972056951 87.38395221650251 2.991140689565026 0.0
394526 151.026129676564 0.927009109338675 2.0745685811897134 0.4420940085635476 3.2934754944159716 0.4218624017761182 93.56755839486793 1.7985862309398668 0.0
394744 151.624523698737 0.927546532705496 3.5636498996769688 0.8594684125015868 6.386721758586341 0.7531781011477846 118.42794183487794 0.20793974845822405 0.0
395331 150.806651753099 0.933340765391624 3.586050835807289 0.42234708389514886 4.955047253378968 0.4029224465143759 86.07394892106709 2.4939071799652193 0.0
395666 151.534953975151 0.93577755539485 3.6226050726755656 0.5925482225152148 4.782494930083495 0.5256869748206355 114.0066253469889 1.4933771780625096 0.0
395768 150.820047404659 0.93669493978719 4.245961674253137 0.40027730172573783 7.542923602530801 0.37868141737231975 86.29806967761883 3.0039529623961427 0.0
395968 151.462345063502 0.938443872012294 2.307755017319134 0.48547689629622326 4.180799893862986 0.4456845339558539 110.64801779654623 0.6080925494468183 0.0
396074 150.558740388355 0.939271499138804 1.7453364634661728 0.3973232128772238 2.7119562833537767 0.375612158436148 79.47485132625849 1.6791788085611474 0.0
396166 150.598721592412 0.940061098594323 1.468109626856419 0.39182318121351406 2.4983671785232118 0.37199487740398257 80.29253588119252 1.0145392010044614 0.0
396192 150.564304826012 0.940194269472685 1.6460809789485666 0.3907023984211512 2.8113114526219185 0.3719026701608312 79.53913810033697 1.6506667293392017 0.0
396393 150.946275585995 0.941550223393843 2.8125898669570573 0.40974150560699674 3.450765598944894 0.38967461482638865 90.08396466490323 1.629332963374851 0.0
396634 150.625317711457 0.943479973959009 1.6314842767567255 0.3712557803167742 2.6812851503864015 0.3526038497971602 80.71141807830588 0.8759298420268358 0.0
397191 150.764023664105 0.947599727598159 1.4066002680996383 0.3883487700745242 2.495390080786427 0.3703205695713585 84.0897042944138 1.399438909411685 0.0
397316 151.309584892628 0.948374812449328 2.966834029112243 0.448021192502775 4.3033651723819615 0.4271811564620699 103.63932318271347 2.702485351216652 0.0
397408 151.298707197496 0.948920474843505 4.375053380153147 0.4653605168922383 6.2703209113704705 0.4440961622056316 103.16020944442957 2.392401234611433 0.0
397430 151.312595940975 0.948665685543009 5.5747722911485695 0.45241829629925323 8.357967763480355 0.4300436604773151 103.7533653277456 2.7372087114546395 0.0
397581 151.586125176412 0.950148797484173 3.1726467104381983 0.6664287612299764 5.8709593975290435 0.5454983451639895 115.78839910071903 2.0334896259836572 0.0
397595 151.330642687649 0.950547718328239 2.234160966040247 0.43834651329206015 3.5314972625371976 0.41238892481913125 104.43498478775966 2.4844923161911394 0.0
397608 151.211449912944 0.950695002085134 1.6167001764426296 0.4263644595982608 2.8616190540881288 0.40604794330472976 99.50463187312528 1.3683232037734385 0.0
397616 150.845967000581 0.950907098240323 2.360649541660216 0.3794977580678971 2.916406990120449 0.35702051504546933 86.35587307783283 2.7521300403212923 0.0
397691 150.944498260258 0.950540621997929 8.589932474357713 0.41788390667220776 12.319454944212731 0.3950836797523868 89.57846050785581 1.5540820599845642 0.0
397813 151.475283623626 0.952129162664702 2.0800485258870625 0.4611112743724071 2.416116346959002 0.4272348066566769 110.67297917789656 0.6731796792434925 0.0
398121 150.671999226183 0.953534517211146 8.893885782527038 0.443127822708621 16.554813660334982 0.4251742929346562 81.29760023924459 0.783721124305037 0.0
398316 151.034678591365 0.956195964705118 3.1985632721770187 0.44555866605465216 3.761945936418648 0.42854248640864695 92.4738989958558 1.9196400252273247 0.0
398323 151.580240852234 0.955751873475791 6.214881317936611 0.5900931790434231 6.722917857586684 0.5279908206302457 115.3020638179617 2.381913453332044 0.0
398425 150.792829606874 0.956965550048908 3.7786123426679405 0.4131428506167853 4.609160415313611 0.3952353939570128 84.43191304519353 1.9951937431376094 0.0
398764 151.053071048991 0.959881600407887 1.9557481341398233 0.46779074930119 3.4295002862266823 0.4475320400137043 92.9722189715428 1.5241145367485394 0.0
398963 151.557326205129 0.961281647806206 2.3875554918145157 0.5799707522191225 4.311991747957654 0.5144980361141521 114.03377273756651 3.1114574859295003 0.0
399002 150.967280351277 0.961691627728737 1.7741699069063281 0.43366927520754633 2.326534519269713 0.4149570894642728 89.8117575553288 1.648433195686332 0.0
399614 150.593196922246 0.966960146830849 1.61444974140005 0.3855093718697384 2.4784890723473283 0.3702993341870873 78.67181346002869 0.840973222747253 0.0
399974 151.59701301648 0.969201492922302 3.2887611654377475 0.6048892245507217 4.776583831573666 0.5222900776637424 115.56840017408348 1.5777743463834095 0.0
400065 150.843680470863 0.970329178901918 2.4493257161244766 0.3936590536400201 2.9483432215662173 0.37125775356644136 85.28938551394263 2.7017913345818063 0.0
400312 150.487333475442 0.97120487888753 2.2969754353069285 0.37211173595897296 3.1096918076892375 0.3561326255048546 76.26843447197562 2.3435454667006894 0.0
400540 151.35137658607 0.973501616327114 1.4581750860574159 0.43786542464668016 2.174878145612176 0.414073113643656 104.35571743617888 1.5301634930406456 0.0
400545 150.795004377878 0.972137644857909 27.177254749808554 0.4491129330445197 48.33266100172519 0.43272314052795097 83.7054782427544 2.048320713586881 0.0
400675 151.540543335364 0.974544611274413 2.645707501767022 0.5352778233788366 3.2802209679645995 0.49395099691622096 112.75097306667504 3.5418656833433695 0.0
401016 151.159647755247 0.976851706825567 3.624856428593439 0.44194108759420475 5.317963654074414 0.42385563634918605 96.26601990933693 1.58464378200321 0.0
401587 151.65512850502 0.981421302902278 2.780537549971774 0.7955832989556106 4.420319281474247 0.6863585242190243 117.84692263668236 0.8180139893324826 0.0
401713 151.217772819807 0.982396421108556 1.7433541412653348 0.42631800695532124 3.135533962704333 0.4069157301376845 98.35852751254791 3.7787928334024894 1.0
401732 151.547820532747 0.98237301671466 2.5155972157047257 0.5759238780515461 3.788587319101087 0.519730274566267 112.78533644021901 3.6460837486362268 0.0
401870 151.29312822857 0.983163325852189 3.852108468068102 0.43223991694592184 4.543916400759739 0.41257270390148154 101.460218667146 2.0577598346190245 0.0
401924 151.148288759496 0.98397371742539 1.5835327347292745 0.4393655638479028 2.9056599150061095 0.420460148131492 95.49550851836139 1.6665106028302432 0.0
401973 150.515160045636 0.983896988255722 6.223589805369671 0.3635145928682499 7.4946894438757345 0.3498564091498543 76.0732274611321 1.3626426775360947 0.0
401978 151.024773932272 0.984485277535159 1.8288764743977033 0.42388128554667986 2.669229143129692 0.40510823611134233 90.7653709694373 1.8872445129189472 0.0
402140 151.251731275024 0.985532066665905 1.3178770276991203 0.41769169998570915 2.3498607508950746 0.3899636315372952 99.62215340430211 3.8175652009789056 1.0
402147 150.817734215643 0.985583341930652 3.7544371745268847 0.39016959346241387 3.8601221090483517 0.3748014934976573 83.69967816300083 2.80940500459311 0.0
402430 150.832603968581 0.987206815407417 5.819387434284675 0.3774073537791895 7.8707680993181315 0.36001162850422336 84.07874936982286 2.950218828511486 0.0
402459 151.1567940157 0.988061757574088 2.042807039787147 0.43523687269170175 2.9166634538897256 0.4176277199033368 95.64825283645008 1.78868787919932 0.0
402669 151.012520965615 0.989714147279826 2.4473301517369155 0.4372777132519499 3.6320015920842637 0.41732360083761455 90.06876874009326 1.7837695427813267 0.0
402703 150.980722650693 0.989715191792219 3.9108103082734194 0.4290976849216473 5.254347286602036 0.4103898887317135 88.92277057677704 1.2584001978732113 0.0
402740 151.132320816004 0.990259725121338 1.8822452495150068 0.45833055518967863 3.2014006731317597 0.4389099214744337 94.58222666107676 1.6645567961203676 0.0
403150 151.093865942787 0.992784226758296 4.302412066453051 0.4384795593264995 5.20755659996974 0.4212508761198756 92.97247398988432 1.236993669525618 0.0
404026 151.196753831194 0.998494412342948 7.387637506815882 0.4641730969505633 11.62757278897243 0.4448058807944343 96.79273444202269 3.100470593355183 0.0
404253 151.148522813239 1.00112228498018 1.7131458402205393 0.424751553489752 2.92244636655868 0.4054217296875537 94.73264691048824 1.8758525689368524 0.0
404646 150.656225927221 1.00434524095397 3.28452169501344 0.3864456132392082 4.087863962091698 0.3741609326434065 78.13550800734745 1.8614890947515081 0.0
404692 151.375239593319 1.00459487090695 1.551637390146544 0.47632525279059573 2.706572017599436 0.45314675481027655 104.11466997233407 0.7303621726618308 0.0
404849 151.018326397046 1.00595539400193 1.8747322884319049 0.4574046041715449 3.2546256075281974 0.435831987892996 89.51049770023458 1.6472242013735205 0.0
404874 151.228174385349 1.00607754118387 1.9856083903673905 0.4296923639513368 2.6067101827447376 0.40989380400228065 97.75417533032352 4.943916617791833 1.0
404879 151.270268794339 1.00523179729691 5.142064317436705 0.43526309477717895 5.892425461061267 0.41100381787247253 99.55434406786941 4.027524897734096 1.0
404934 150.538231983182 1.00668680549182 1.7089267119314668 0.37075071569642365 2.257415829830352 0.35477129555827747 75.25450535749236 1.0974149824692223 0.0
405047 151.232007154973 1.00618347740986 9.700414701723899 0.43846360937044565 14.628371093189607 0.41841430395289897 97.90884758002255 5.107349218546616 1.0
405287 151.13911920682 1.00910802505672 1.324790535801079 0.4409790465061197 2.2195371901147727 0.4223258414763918 93.99989766352915 1.7517994156858272 0.0
405430 151.246668851433 1.00989439378763 3.7829644545581655 0.4304711249526166 6.174878172874856 0.40934062500464263 98.36130264400268 5.284844187820289 1.0
405465 151.264959242324 1.00960826766284 4.8913925774943765 0.42196961568208713 7.42497835535998 0.4027837258601431 99.14357269138104 4.451383544530954 1.0
405721 150.792166784806 1.01225276843459 11.880791946239531 0.43931293675072225 12.842393318083191 0.42644019257455423 81.54008050982574 1.81984165761019 0.0
405805 151.140304847522 1.01342133859605 3.170455819192105 0.4465559425594166 3.8816928761014617 0.4277560773253906 93.853532459423 1.7222327801399975 0.0
405820 151.230322316876 1.01324912904487 2.4953653092410284 0.4233967397802807 3.558779298161417 0.4027449938452929 97.5334983938726 4.85859210367325 1.0
406051 151.034428781624 1.01555135659367 2.1894601137993197 0.4523574718827984 2.6395444517768563 0.4366960728072703 89.65775129456188 1.6765622133292788 0.0
406561 151.217511916653 1.01861097336585 7.8085573558939565 0.4372055802318556 8.469465410195278 0.42132095472972103 96.7686855851669 3.7483566655246903 1.0
406668 151.271201629958 1.02008995701489 3.0804901154279114 0.410529098518739 3.940093497998232 0.39040415986026317 98.96365187328655 3.682986965752969 1.0
406954 151.247146505983 1.02244125119373 1.7867182509300252 0.4210720758689175 2.7752450954842085 0.4005554562858814 97.84451129196273 4.7277979952528 1.0
407722 151.647990239558 1.02682127083135 14.604275286081355 0.7371485038160925 18.04531754697584 0.6464816219512739 115.85786372222863 1.381939756918611 0.0
407979 150.818690887082 1.02993067345438 3.525343421299968 0.40808263962306257 4.258580612576844 0.3975819775890004 81.4593465775047 2.298897500155333 0.0
408446 151.268751283252 1.03379410958743 1.7205101720312486 0.4270491517666684 2.623358226740675 0.40550677252092066 98.28116286325385 2.9899533509288587 0.0
408821 150.816382948344 1.03610315827179 5.36480664642339 0.4116379135315722 6.291568267020457 0.4006162064290023 81.07185738734873 2.1981688427041326 0.0
408841 150.795530894685 1.03663580449439 3.6197554056619134 0.42589428101943483 4.130667166615036 0.41463945194924007 80.38874755251025 1.9147685951204998 0.0
409190 151.246978281138 1.03946124547185 2.070867159781969 0.4399319065602573 2.637873063118913 0.4205341312525825 97.11373850574914 3.3171620489630347 1.0
409245 150.777371341302 1.03985243341834 2.3544013107053887 0.42037369331446306 3.4577631461261498 0.4092124852075336 79.66292601880518 1.4556471013241288 0.0
409304 150.864322652963 1.04030519314722 2.536890615119393 0.40676947775753464 3.2984936201535637 0.3951351566813009 82.42192234947773 1.2424913400785897 0.0
409406 150.61323402643 1.04143227209552 1.9754157282235822 0.38769624998854335 2.8558471919226975 0.37460645211046595 75.03503419805628 1.832793048726047 0.0
409618 150.648464824623 1.04234392751937 6.6264680498699535 0.39338891240073004 8.675903642108198 0.38056092384662393 75.87699197125711 2.0636109237084064 0.0
409844 151.655959273556 1.04399719478401 5.778384909310507 0.7160554124724309 8.42407049424554 0.6248998043946407 115.62943702258409 1.8087483755891725 0.0
410309 151.23053544433 1.04732167642183 7.918428368490207 0.4454085723981817 8.909211910038966 0.4248147832200221 96.082888084699 2.5020920702066336 0.0
410319 151.198124388439 1.04774167312153 2.446034111848657 0.4471238788308837 3.4435747600395046 0.42379560448879416 94.70303874902598 1.6177577874225224 0.0
410330 150.498900111289 1.04820201347536 2.418122022557287 0.3859819087662907 2.585921422990981 0.3736675276610781 72.108957463713 2.155680901621973 0.0
410524 151.557413713064 1.04818602989504 17.54662397783614 0.5976416952738556 23.180769243104027 0.5573844693465293 110.75983895087083 1.6741956459322638 0.0
410567 151.562901146336 1.04970116310116 2.0810170656858933 0.5778411377941093 3.2312132740628816 0.5405772520560873 110.96404551180835 1.6648413843786742 0.0
410669 150.524111521387 1.05083403086871 1.8963194470652414 0.3756155691984024 2.85616222336065 0.3629133065544598 72.47673125271555 2.0830502368422796 0.0
410957 150.973866317394 1.05248168576177 3.78693232202337 0.4087023806287202 5.6181459779163125 0.3964318964347826 85.66973591861714 1.261402971523056 0.0
411180 150.715647145176 1.05435683148215 2.3261204937376956 0.3836925693381774 3.752904138173057 0.3725687024257039 77.07514955849211 1.7098044698318364 0.0
411200 150.721692100064 1.05449461836726 2.567570901587187 0.36898966347742695 3.6237814908631814 0.35754926322156727 77.24224528619716 1.611801715480815 0.0
411282 150.496591267847 1.05515330915288 2.479633351987196 0.3777029832760798 3.6669550714296193 0.36608982904483384 71.66955012751805 2.222820011605727 0.0
411637 151.107638462101 1.05793214918253 1.7319130945297136 0.42496710973060964 3.042708259705693 0.4093985941043768 90.5561785615424 1.5186563654641216 0.0
412348 150.891013668164 1.06270075345214 3.6539199895607197 0.3790525453336704 5.7407911884107765 0.3658178301093536 82.22162374286259 1.6531134723384286 0.0
412411 151.691149775487 1.06355435515004 4.173972800698581 0.8103274428008633 7.588315387504541 0.7414694112168221 116.66016857433218 1.746375175825458 0.0
412577 151.183743404955 1.06477821643801 2.617083981058803 0.4426794601953164 3.4995810140853014 0.42303646252298216 93.36856507824078 1.2329285179156115 0.0
412675 151.449908175907 1.06557612259421 3.9597633482264603 0.45395601808962194 4.829411408280902 0.42810787931381705 105.07727464295282 0.5150297191125377 0.0
413095 151.647435791266 1.06896363114398 4.29377181587925 0.6189331089481351 5.327188061890732 0.5469944636272956 114.33553130050421 1.6588835862521014 0.0
413457 151.393840740683 1.07165740145928 2.158640167384493 0.4408722389498967 3.231483090523916 0.41708281036583555 102.27069041257526 0.7653191841107995 0.0
413686 150.837399905413 1.07367012322506 3.526244589862317 0.3970404921850439 4.154741885679063 0.3858519417687314 79.86031151048242 1.6831480340680918 0.0
413889 151.323572408059 1.07513606746925 1.5230746011639404 0.4557359485363458 2.8477546319297837 0.43792861834403285 98.9708748846755 0.9010911892795542 0.0
414055 150.996100952036 1.07636489085843 3.5136384517051917 0.43291377701251893 4.5935571043382994 0.4206272317447688 85.37367613978253 1.6980166754989956 0.0
414076 151.055163863015 1.07671147863686 2.575340326439565 0.4318630632985182 2.9384509949869564 0.41911636085925863 87.63106253984503 2.0096836837550547 0.0
414341 151.012401629915 1.0789277719224 1.517452233893678 0.40418075289357674 2.019400784098769 0.3918534333973822 85.87387338315885 1.6298661696279049 0.0
414579 151.051572062205 1.07951542126302 13.80264708102215 0.44156945487015115 24.23117577641433 0.4269540870321659 87.36292242227954 1.9421629121003467 0.0
414964 151.542640613484 1.0832476168691 3.1546584245399076 0.4700551056069875 3.6360111752002697 0.4426597348788587 108.77378428278338 1.5627874679721394 0.0
415227 151.401697195377 1.08507867726586 1.4156621414266304 0.4295558739463729 2.4826070424853945 0.40540104682845873 102.10761340658684 0.9042206943871267 0.0
415596 150.904170587674 1.08719012049544 2.9412761483002914 0.4108303128321109 4.695759527926824 0.39832729721665494 81.49032621748611 3.108928070912906 0.0
415688 150.864058033502 1.0883602011523 2.2896904369027653 0.38180741588550327 3.223923809413544 0.36859387314327974 80.03240013102908 2.4248267992803876 0.0
415780 151.336730565697 1.08886028534163 3.0287012860518936 0.4118142877039008 3.781810505727715 0.39179913859006965 99.009875698146 0.9883607240598061 0.0
416077 151.711770006207 1.09092625738456 4.334382462372215 0.6989604700233454 5.999359802346123 0.5943774296221986 116.74473560550715 0.723974834704156 0.0
416272 151.384614198471 1.09265665527755 1.4716762229124232 0.44082855297784695 2.7031548335598243 0.4187147210999408 101.03159933073518 1.0587419570589536 0.0
416802 151.557913118435 1.09611766403658 3.6454329265920133 0.49490125689783426 4.756471915160731 0.4623520912992636 109.04045070226367 2.1299419777074586 0.0
416825 151.596955974393 1.09533356857039 4.415118914516044 0.5355181336446375 7.37896322989998 0.4934616622026905 110.95459507583999 1.92974498124872 0.0
416920 151.660990337591 1.09622094266416 15.244669001466423 0.6418020477026033 18.18918681497536 0.5728082280570882 114.05398084753942 1.4825970825522283 0.0
417206 150.586151387964 1.09971216480301 2.3257706532136453 0.3871411067891695 4.29980488432172 0.3724410506925005 71.17955198155278 1.3741756243751975 0.0
417592 150.924055721049 1.10230810220429 5.49912063611359 0.40212441475902305 8.187143094323266 0.3869407478809109 81.47868946123289 3.856234717397444 0.0
417692 150.750593061596 1.10380785800827 1.7900797220143723 0.3794822882844451 3.312921617991612 0.3670925701520704 75.54496590308399 2.199619381823821 0.0
417694 150.896826008171 1.10360449212184 3.1719280593590473 0.38460081840769555 3.9395918051382615 0.37100352752412824 80.4359951080416 3.8120568244815716 0.0
417788 151.573150039847 1.10432467096941 2.9493430619162786 0.5000540095520962 3.6522897640284016 0.4614066378440439 109.48293410055248 2.2668109096812676 0.0
417790 150.942918322438 1.10371793686437 4.941957747780215 0.39520943536771896 5.998641519617089 0.3823508291548577 82.10312642715519 3.5975438243090307 0.0
417819 150.973945059491 1.10477473098309 1.8366486802934687 0.4047390774643369 2.16583708406682 0.3931089823989798 83.21253437297688 2.1304654626433766 0.0
418081 150.517315210431 1.10518598710886 14.004934835899137 0.41139515993294984 20.361338248843094 0.39838273390933165 69.2840854815599 2.26948007800597 0.0
418112 150.870335733655 1.10620184354052 2.4595738333784674 0.3875725475531564 4.344283161004176 0.3758741474571865 79.37556331400793 3.1125045513572105 0.0
418151 151.617378784111 1.10669007688664 3.207452205123866 0.5236593600538755 3.622929128691395 0.47404763113103315 111.55235631118175 1.7646528434813435 0.0
418209 150.513133967332 1.10710631473764 2.4202564181041164 0.3986727863628972 4.26937584946904 0.38636372742192066 69.08632236435102 2.192902032125024 0.0
418245 151.006676005867 1.10753824168481 2.1641684211997463 0.40865878330038086 3.167951351491024 0.39789641966676426 84.33594316977961 1.3523594226610565 0.0
418288 150.931782056717 1.10782748086608 2.9998532743645936 0.38657776104181707 3.408718433037628 0.37473261202569363 81.49842798635424 3.897699825743503 0.0
418418 150.775321539072 1.10896861274189 2.3672483958830934 0.3615400938760747 2.8394025692791236 0.35052247824973876 76.05924620408713 2.400806641728944 0.0
418422 150.943907062919 1.1084740164371 2.931936446897211 0.3929068027897848 3.547796939409554 0.3800298182297743 81.91505299068888 3.5727837425693587 0.0
418460 151.245499536889 1.10915433197223 1.8336247836742616 0.41621010959846433 3.340743102362841 0.39638795226577045 94.14318026673203 1.231804001273935 0.0
418461 150.771491767091 1.10928044028843 2.5892730407096862 0.3637687566013869 3.189242356629928 0.35176151595732147 75.92132213507679 2.438222009756792 0.0
418761 151.328635292185 1.11144319834118 1.9224286559154895 0.4228174866979303 2.9106151449611466 0.40142657668739906 97.75079173213543 1.4221125067236604 0.0
418866 151.099860109096 1.11202011465809 3.2021317099836097 0.4022975123872202 3.8924557902708514 0.38646223345208053 87.84629808695733 1.5641517502403341 0.0
418885 151.616976747402 1.11210105567755 1.4421321031731598 0.52710416907817 2.5033737012321042 0.478797837410696 111.34511540520344 1.7290230858324058 0.0
419123 151.380865772469 1.11374078620214 5.854283414176696 0.43057630499798843 6.176399919297584 0.41023686688417055 100.04488335591466 1.6663309054584956 0.0
419373 151.583406759458 1.11575449212118 2.4378626328430784 0.5060496175427818 4.477446424927453 0.4760842573479369 109.57798952204581 1.997861673586391 0.0
419411 150.845556506116 1.11630724201257 2.565824332670272 0.3730509757104414 3.368761654046908 0.3633302144261461 78.0221675006444 2.127260179518927 0.0
419562 150.948704121403 1.11745627371774 2.299452774021859 0.392913661891815 3.8137313585560793 0.382296985576439 81.67091058785778 3.1125037793926227 0.0
419616 151.310687959165 1.11757449421014 2.6564219042259434 0.4239750573213869 3.182087339773461 0.4049022086818979 96.6985501835231 1.5025286913103642 0.0
420050 151.144963454076 1.11907785380799 2.979635374414112 0.44629449789447057 3.4314474770350682 0.429938257091206 89.41201394006586 1.7687285852175716 0.0
420292 151.052951965508 1.12255965483411 2.6916457341400033 0.426750380603102 4.357369167276813 0.413825223223363 85.47910650044889 1.6486561296888533 0.0
420552 151.690165109904 1.12451074381951 4.13980409127846 0.7000169539985727 6.210159207562158 0.6229830024709444 114.54523941398439 0.8944180194255374 0.0
420787 151.036604293126 1.12664227180143 1.7036695730114122 0.41091715690378455 2.4764966665620247 0.4004089726529232 84.6432725376078 1.5537650436437662 0.0
420910 150.632087295518 1.1267916176314 4.832728704977415 0.39410025380872504 5.349276176683805 0.38142792793557906 70.89706196212543 1.0999881534132938 0.0
420960 150.746798010606 1.12786640269888 3.4025747858898985 0.40233197359465267 3.9562395728716107 0.3899462085767397 74.1932801155265 2.5476890550717575 0.0
421064 151.531443553457 1.12848538821504 1.8213204163508596 0.4775606787622399 2.4076975208495544 0.4495273373474299 106.60835276073604 1.5037353439504861 0.0
421086 151.505751983547 1.12831871994262 4.231967740193495 0.4531662802943195 4.9936041177483075 0.4270983421469135 105.37751570357355 1.1543581273912575 0.0
421287 150.83960494709 1.13004655890693 4.771590993071638 0.3995487879874746 5.2116891199374455 0.3849756000042988 77.14218493499818 1.9145438729434339 0.0
421344 151.428061614587 1.13065815606289 3.7308783666373637 0.44464694920925935 4.455856779930824 0.421367376053273 101.60087885822777 2.1055001960310316 0.0
421350 150.891551931886 1.13057011545138 5.188087638686817 0.40131268328445174 9.148952215633168 0.3902422976099014 78.9496361916156 3.1736827178367 0.0
421393 151.630785373769 1.12998300327057 5.058517445984237 0.6643619133637652 7.405894227862267 0.6316893258470647 111.41119191096296 1.4135588314693643 0.0
421445 150.902291347741 1.13195884224665 1.8344132371006694 0.3926766233249861 3.084111181257534 0.37920378388263287 79.27235220296869 3.253897215810259 0.0
421720 151.528751748069 1.13377310778655 3.4046182357927286 0.47634481015565594 3.8780689555584287 0.45033292826305266 106.29028341530297 1.43715291197507 0.0
422463 151.399706268179 1.13915955905022 2.368026397374919 0.43150937908248477 3.9829110681761515 0.41141849722594825 99.95307481944175 3.1729338722952503 0.0
422611 150.542816886329 1.14084838406914 1.920061776192031 0.3666321251264247 2.59943526792504 0.35432910045102806 67.87688304163264 1.4049292179911792 0.0
422637 151.095035573623 1.14068490561059 2.1850534492566993 0.39896816741025426 3.6709381333371685 0.38143194295185934 86.39703597104652 1.902857790936229 0.0
422657 151.399404955408 1.13971034061967 3.7128025975861774 0.43626360126775404 6.225678995148336 0.4140351367465466 99.91828945982817 3.193061777966148 0.0
422975 150.905636108147 1.14349071006476 1.6219647652438094 0.4010714660500768 2.4931632201513643 0.3869200005605453 78.84628842882358 2.5188504530510665 0.0
423030 151.283085609247 1.14376830520228 1.7354941022840624 0.4271632599918566 3.1522049364950817 0.40575963566779927 94.41728247130324 1.486524158688467 0.0
423159 151.036499025303 1.1447330362377 3.7249743588672963 0.4114791461472472 4.4318072007623135 0.4006468439500215 83.83000618250558 1.5869945404528711 0.0
423267 150.682101581468 1.14460968300331 6.064950526448047 0.3637203193450052 8.477797121501949 0.35183188003850796 71.36245017519906 2.035788519990337 0.0
424147 150.727918380296 1.15083976791232 11.8677831093165 0.37330468695270685 21.608318505833385 0.3600962569437082 72.42659280774365 2.4983960554366034 0.0
424238 150.489830465202 1.14807135919898 23.31444534247833 0.3824021483315938 29.627537227736862 0.3697825573898066 66.29196114255913 1.3661457295677375 0.0
424290 151.076931703751 1.15307666619292 1.7074493056541278 0.3861046245356323 2.8632711043649057 0.37389133719244255 85.10975337823619 1.816996188226209 0.0
424453 151.299736704549 1.15404514881062 3.4326771218146566 0.4241448703348443 4.268408654148138 0.40722437070109835 94.76746671222885 1.5267995837021733 0.0
424581 151.04482157674 1.15473837593655 4.285571725278298 0.4116567084731166 4.555235431518954 0.40226674647029775 83.72224412992074 1.5972703815156684 0.0
424673 150.532323337852 1.15574751475784 3.1847885064372616 0.3682519269528808 4.102658192034024 0.35586013850546866 66.80832504889334 1.4390890968339114 0.0
424770 151.467067359576 1.15610536923985 2.2437085550408655 0.43296085371142307 3.277991897228832 0.40230693346811186 102.52073243954449 1.7428434298746867 0.0
425197 150.748271633789 1.15897902759898 2.98773274137606 0.36600006672947655 5.359090865563342 0.35247542452871017 72.65566572171723 3.1952246308595273 0.0
425233 150.692390154679 1.15869909974858 4.808406519095731 0.3548869344794001 8.489785076074458 0.3402159775021318 70.93333951391466 2.1659786400738095 0.0
425320 151.158649986761 1.16021691711564 1.984295176154906 0.4130555421267909 3.614220042689394 0.3928983505930672 88.2567995292438 2.551956582393736 0.0
425357 150.820530783951 1.16048058250656 3.0141611256030814 0.37926080249125 4.917743884459321 0.3656725804492889 74.99034373205382 1.924952769368131 0.0
425397 150.886356351316 1.16069695834636 3.071005247243543 0.37956850370963674 3.7987284582722163 0.367235950435289 77.32229417576195 1.4233843482529185 0.0
425512 151.37099728163 1.16154693070767 2.088337508580109 0.4350176208844557 3.4865441825533443 0.41040155622168384 97.76921258596015 2.136857130865689 0.0
425548 151.544495270171 1.16141807509103 2.6741119001991214 0.4442949727822848 4.193568013984261 0.4173947384540477 106.08654276827855 1.3576231358905142 0.0
425580 150.778979728426 1.16206958816789 3.018354883777814 0.37342324270445665 3.3856880786441104 0.3612717634647832 73.50314718412649 3.7079835996167043 0.0
425600 150.77144658832 1.16201995832164 2.750392513059651 0.36874966798221237 3.702053496546192 0.35643841135485826 73.2563079481821 3.8168526338363598 0.0
425671 151.422232644978 1.16268116293281 1.7468002407891667 0.43606439404126723 3.1834534582715652 0.40840704163195785 100.14180817435447 3.1036326190270476 0.0
426061 151.287676688775 1.16420745407734 4.034447669809244 0.41496657093775946 6.9980941811801065 0.39335961702764777 93.82137043872021 1.5194442925550968 0.0
426249 151.397907770367 1.1665274487108 4.709871149848992 0.4291186191570106 5.6479561845716715 0.4065540471573573 98.84813897548248 3.50342464421529 0.0
426338 150.965608904522 1.16696891627931 5.208478948663842 0.4214994479208383 8.866366529427179 0.41059630292878124 80.02287726690804 0.9168817626624506 0.0
426401 151.395292873557 1.16799948220826 2.006381357109862 0.4267770314752506 3.385353800912522 0.4041776916271266 98.67018960740009 3.4051323016158563 0.0
426980 151.200233226317 1.1713269065239 7.03163209102409 0.45732656805939914 8.762655159582508 0.44192105476207133 89.61504087000428 2.102033184485528 0.0
427500 151.191089060901 1.17575754355548 1.6640430199009888 0.421255570156226 2.712135761948506 0.4046327421534751 89.03148714972487 2.193314529511716 0.0
427626 151.22681581157 1.175946769499 5.555029185290732 0.4541521192075906 7.779431083319179 0.4384153469804824 90.6103807377189 1.8038014048523927 0.0
427636 151.715503937916 1.17652508116991 3.949914725092354 0.6537749209375562 4.599175824942399 0.5774850405758486 114.13275469540972 0.6619725353843975 0.0
427733 150.475668695316 1.17765766374793 1.0867459299725706 0.3810242423998294 1.9868512497074418 0.3697350218071493 64.3314733012419 1.3923373589564978 0.0
427878 150.774761454534 1.17865008495839 1.649397787581173 0.38976835915314734 3.0027582951921463 0.3782133917130838 72.53549513492037 3.597036184374954 0.0
428523 151.566856834529 1.18347777673877 2.1114176639095055 0.46790977854926835 2.607998947718176 0.4405977109213565 106.4335511097563 1.1434933279858077 0.0
428653 150.78032373953 1.1847588312008 2.254115320690443 0.3932582643775681 3.4853647254772593 0.38325746771645075 72.41899156008022 3.2300047874146594 0.0
429066 150.837560679876 1.18753668449551 2.922277109679711 0.43210927932370596 4.910287557206777 0.4221205415384293 74.27308501552278 1.3446985628849895 0.0
429077 150.592819356642 1.18805668724784 1.8942187463454065 0.40234089089137665 2.551214093611614 0.39239742205958983 66.5558690835869 1.04032298974066 0.0
429433 150.699627276718 1.19063541555183 2.3517114339726883 0.38490452335270203 3.8476429595942188 0.37426787389125604 69.50492088215245 1.8430285370468562 0.0
429632 151.372237567464 1.19217674200921 1.8522289509689334 0.4408794584974613 2.815290923115823 0.41873934530529244 96.68726343623253 1.5779266445770628 0.0
429898 150.745783518857 1.19397991928488 3.1745497913200196 0.3736537308040666 3.46985810640778 0.3626616865892276 70.80859400570752 2.6929702667862974 0.0
429905 151.529724242475 1.19397433546366 2.380476815519891 0.4907689836311046 3.58278504366595 0.46479960286343336 104.2407735556027 2.603660813052395 0.0
429920 150.679435404902 1.1939456871033 2.194089077637823 0.37177098072675774 3.7776081834127515 0.36136603346859236 68.71473081171152 1.6989510969911787 0.0
430076 150.624546561926 1.19558422066266 1.4779663997368744 0.3716526938684788 2.42280263829101 0.3614111103142157 67.02324465748441 0.9915876120618572 0.0
430392 151.51168419369 1.19753558106107 3.7294024798042584 0.484245707164586 4.296937462832406 0.4616422437879198 103.23018910824739 2.709521877181583 0.0
430655 150.751289791999 1.19990247314612 1.7372728650012434 0.36765007085836127 2.059028350172016 0.35450273148764244 70.6932690704653 2.59768970573212 0.0
430795 150.748100356759 1.20092286073397 2.899065895378524 0.3679186599314891 4.173391820475829 0.3561105337065604 70.5366590376853 2.5211471027356978 0.0
430873 151.521549279385 1.2012676777849 2.548487317405897 0.46769931304282447 2.927953845427309 0.4424157489698108 103.58854990423592 2.963460350024122 0.0
430885 150.761460485471 1.20130799073186 2.1968672663111835 0.3923572738713685 4.058689251476476 0.381114093635509 70.96216623695109 2.6225629063031612 0.0
431645 150.985250222844 1.20674062354236 4.19824246906227 0.4540110642865381 5.309090099744971 0.4448700934286593 79.00854973674063 1.3662706256049864 0.0
431792 151.584869104062 1.20777766874199 4.426542004183441 0.5699629533258355 5.96623407628357 0.5483274306148289 106.52078858532673 0.930307080777575 0.0
431813 151.24196132091 1.20823110459323 2.1963719274907385 0.466823459728483 3.5165635199878866 0.4484885808074594 90.02041308107972 2.4930102539673333 0.0
432550 150.644221056908 1.50397059301665 2.307856313601433 0.37552165664542236 4.179338741034579 0.3640589675072682 52.15223017728625 2.547097062148596 0.0
432630 151.662641247334 1.32967181985563 5.362974749201767 0.49969744734588967 6.454505178849935 0.46414776128683544 106.75749666235124 1.588198347033913 0.0
432665 150.501230449542 1.32794327288132 2.8285413056283737 0.3620204031228183 4.786629199714259 0.3467992597237939 56.60865350562277 3.1729952729363764 0.0
432835 150.90532821888 1.40284599532392 1.5712954992147787 0.38512925750285193 2.898857225036987 0.3760712884400474 67.21348305472165 1.7658783776910667 0.0
432928 151.567230163946 1.40306479514764 2.068670743284114 0.4709037712649086 2.998191029998316 0.44561999901527605 99.63032397010997 1.6391847753025885 0.0
432945 151.667104844392 1.40087735150441 2.2162121856920534 0.5068394700611341 3.9392105627666973 0.46180784479197373 105.01620225350248 1.1222422015288813 0.0
433009 151.388291908344 1.39999941889746 2.394811804953282 0.4562290751936243 4.179256967308504 0.43709524462080124 90.38890073468518 3.8126797906044994 0.0
433094 151.322151203726 1.40072771540826 2.9207490092174564 0.436529717430379 4.008397489065317 0.4207776659327366 86.99938670200491 3.7221679978176097 0.0
433120 151.773703851558 1.39920033722329 2.6044303717802912 0.6596274222555512 3.8184176929253755 0.5107820188330034 110.81650926545795 0.10643545204219096 0.0
433137 150.666446350147 1.39996370793631 1.4496857209004752 0.36527531839686356 2.7118272687251386 0.3494353757568525 57.925236357104524 4.713418615556536 0.0
433514 150.985147395982 1.39693824895182 3.5921323883339675 0.40135389601068894 4.077283104967859 0.3913999944027975 70.96618720522497 2.3804777384733526 0.0
433602 150.546194856117 1.39737553147274 4.66815279167407 0.3828050871927175 6.01027650268955 0.37226427026238185 54.147828695934244 3.572800984011436 0.0
433606 150.963163215793 1.39929987794341 2.861609329645028 0.4061338909731118 3.175429411400497 0.39623339255648715 69.89019270367126 2.3822548802165926 0.0
433778 151.253098013537 1.39682436851693 1.8645318448918655 0.4192359847472486 3.3312716237052413 0.4066379573141131 83.67217236112123 1.828245190563399 0.0
433799 150.713585273941 1.39680071502295 1.6789205890573886 0.3643236834962578 3.0010432570452847 0.352573221484894 59.77652103590758 2.2223743965965648 0.0
433951 151.518715064739 1.39417782228007 4.982949590600978 0.47121001502793664 6.200155370897308 0.4521139194984441 97.3283820703965 3.4715993948086985 0.0
434196 151.37488091534 1.39414535000282 2.683302401387127 0.4473960724313554 3.2238258282823016 0.4311241602943461 89.88674200699563 3.443775144323075 0.0
434320 151.484852770952 1.39253408073302 2.407639045268408 0.4723264104138867 3.8640903448636736 0.4532978704459617 95.60713304431513 2.7697358122352 0.0
434437 151.514614468965 1.38892540756953 7.9717000833515606 0.4948726086588347 13.082318167086239 0.47493791494741133 97.26735821405033 3.510470562734414 0.0
434453 151.415848861247 1.39011098745521 1.679970239552083 0.48330048624025923 2.5499573750983933 0.4673994272011699 92.11023762526096 2.628106283513996 0.0
434705 151.116132692828 1.39316862465974 2.5006779308975244 0.4209076954725945 3.850970266205172 0.4116232998912521 77.157104522129 1.6903478578373725 0.0
434897 150.975245967545 1.38811301190162 3.196206881223154 0.39352229961993596 3.9405012615782526 0.38482930054639936 70.8779635078815 2.21355452788832 0.0
434952 150.692581959168 1.38694771234626 1.496864832731627 0.36638471358170527 2.4020744721315745 0.3560386962249041 59.48257998770772 4.162366100155618 0.0
435234 150.970300666702 1.38516223901211 1.9776451212657025 0.3903034811439844 2.969694820299442 0.3804630624291696 70.77811130067512 2.1701197453699947 0.0
435240 151.095863174967 1.38996803733914 1.915729472329371 0.43405386206888774 3.309945349042591 0.425263709925668 76.32016418671942 1.9000990444079089 0.0
435591 151.070226146715 1.38403147462253 2.4761455368125627 0.40800394276560176 3.3442717123129824 0.3989345039677704 75.34904363385951 1.5871095667513102 0.0
435682 150.741467694655 1.38468223060966 2.207387069403054 0.36765890663398476 3.046447565923018 0.35638373898867526 61.385093416155264 1.538907958682267 0.0
435789 150.537996171899 1.38101902684212 3.565648383239211 0.3862541158085892 4.3972483164802805 0.37562586106051726 54.76569265628134 2.86212263287115 0.0
435872 151.242124535314 1.38079829210881 1.5962856604082052 0.4453478224214821 2.9714359192171136 0.43585555309176005 83.67799178939839 1.9292355578138503 0.0
435906 151.115592148364 1.38187380941251 1.9941755602778901 0.4083604576175266 2.0874309068535273 0.39890959429107764 77.54930523824265 1.8602317748846078 0.0
436091 151.453996902226 1.37888062626957 1.929510463186113 0.45769270826096004 3.142937247539963 0.4382743885992861 94.41985719058553 1.8351588469289837 0.0
436125 150.646577093049 1.38324166144853 6.069424138624515 0.37748101014087193 7.608515707945666 0.3672466786324598 58.05999828002533 3.1865647145376674 0.0
436215 151.298733336852 1.38136930468219 1.3820853706452558 0.4522092945758176 2.378597861570763 0.43956904717460415 86.45976420115106 1.8978709759069008 0.0
436570 151.28875821526 1.37645655286839 3.58977306899667 0.4378856175025424 4.3118597865280766 0.4239973498481232 86.12813967987678 1.607129647928331 0.0
436745 150.676378887221 1.37778596564815 7.409932081849788 0.3855952275986426 8.662702894773973 0.3759388113203054 59.35324009969496 4.643311479461406 0.0
437149 150.514258109295 1.38356413424035 2.124942577764594 0.3770021883674543 2.9539607450324348 0.3656081928487581 53.961720748294475 2.99649843374504 0.0
437163 150.496182340297 1.37352363091456 1.8407349907389403 0.3789249345284727 2.93747431465053 0.36821797184841887 54.01169848242509 3.216140380573811 0.0
437276 150.917750573403 1.37031336407425 3.8529036899279183 0.390188638340027 4.178364823324033 0.3813878974865649 69.11227547987959 2.7743690807961974 0.0
437358 151.116977650754 1.37127644309239 3.418014392864261 0.42393081882150574 4.629024155834914 0.41531698594653027 78.00957066230487 1.8201703226004404 0.0
437365 150.495767319512 1.37069711828918 2.204137024229236 0.3787889299394254 3.560796751754707 0.3683507620657607 54.15314525196807 3.2535844301900214 0.0
437442 151.379024695147 1.37165948081918 13.99585592637921 0.4929539981984965 17.017201721023213 0.475925019592162 90.81363798346636 3.193823080552251 0.0
437590 150.917203331294 1.36975382598166 3.8048729986689795 0.39067658763764695 5.180982533271266 0.3815536918744305 69.11266447026087 2.7616366427738392 0.0
437713 150.899736737845 1.36773720811777 13.834438458784227 0.40404744964306183 21.561555537547427 0.3941795828066042 68.4601829907488 2.031771505591872 0.0
438177 150.674473489408 1.36436653403828 4.412114190520451 0.4158617844672924 5.757793493132175 0.4070996013075641 59.943929109146 3.9407892267152165 0.0
438261 151.242382028373 1.36443003598631 4.288430601044888 0.4566111342726311 6.9649085982234675 0.443978382255576 84.25877458642083 1.892880626996201 0.0
438438 150.745019855022 1.36328759585759 1.9866240973987614 0.3986063910798263 2.555274969481475 0.3865460607300599 62.52231627886849 2.339806898192973 0.0
438449 151.393425165342 1.36308330036477 2.0132387470714264 0.4578157445149966 3.7611293962957837 0.4377517458263849 91.81868536246299 3.2778743417647385 0.0
438496 151.358334881227 1.3629594244338 3.7712749556683227 0.48893282491353957 4.830832595121566 0.4705173359791043 90.05201008565156 2.4807271155080217 0.0
439011 151.117460516755 1.37246527881897 2.162808233138533 0.42388935052986515 3.3987210424998344 0.4139460420618876 77.98775559102997 1.8305234269618773 0.0
439038 150.488882042939 1.35877872427245 1.6553728869239084 0.3866662076299681 2.919657956169561 0.3750199803698246 54.6192527441265 3.203041261175609 0.0
439135 150.737068758205 1.35864022505876 3.0647231649129223 0.39340575892650315 5.0772606654482475 0.3820157870967753 62.44879182954489 2.754134015201812 0.0
439259 151.499869861142 1.35922858687995 4.333088816759719 0.43751862412168113 5.327116786143005 0.41522736636295393 97.3885650140968 3.5508964847568025 0.0
439458 151.491532806617 1.35561977321687 2.402141686819257 0.4388285644170196 2.68365143154092 0.4186450384664716 97.06838279935569 3.4226344853113084 0.0
439476 150.658130188566 1.35611306562272 2.5808699615677586 0.3962684690550114 2.9720907536384154 0.3834744443531365 59.79578759803798 2.719637252106453 0.0
439611 151.067080561056 1.35448161544051 2.349114841907232 0.4112300092587149 2.80944999530337 0.4011358011046816 76.34473145823263 1.113085599109874 0.0
440003 150.515177671883 1.35216322031938 2.1943649442495365 0.3851089399810061 2.3914007907781376 0.37389565609756975 55.66572417543975 2.9471127420359804 0.0
440154 150.581835288612 1.35095196932868 2.2690300932087055 0.4317598589619035 2.9470942384054633 0.42129738953095697 57.62777626737779 1.6457310865543553 0.0
440230 151.759273907883 1.35240939764718 9.617817989399402 0.5941969562087388 10.181744246326861 0.5063805756532981 111.26161059551924 0.0281945785732498 0.0
440435 151.034435702986 1.35398384795894 1.6138542113476575 0.42076712060309324 2.5234699627650494 0.41178734461605987 74.88813591107983 1.0278259833269774 0.0
441395 150.943957215238 1.3422005502712 1.6984172686866492 0.4041394920506948 3.042282354882388 0.3942563653885872 71.41631791634474 1.1716694125372726 0.0
441494 151.402757340988 1.3407338377019 2.0621059154033365 0.4613757433811876 3.073423594687163 0.4435941746655666 93.01312167539766 3.120019342326935 0.0
441551 151.38039639966 1.34171715161089 2.1152541408878145 0.4468990106623611 3.6227933916731136 0.4284222569303103 91.85719175092639 3.143157202384222 0.0
441917 150.706258892786 1.3396860372615 1.7030572830286759 0.39501722911648746 2.914918395208292 0.3840633809384263 62.255469420837116 3.7179874982779375 0.0
442132 151.226663796101 1.33553782965591 3.750271816146208 0.49944153667810504 4.741321674829886 0.4870972812470778 84.52457556149324 1.7796813720935591 0.0
442239 151.506842509122 1.33533391344725 2.3411255120347336 0.4593400253856282 3.6087353094405175 0.4369005992099861 98.48146002981683 3.962772407005162 1.0
442318 151.489828644365 1.33875499298538 2.400531029886929 0.44693205339002023 2.6738546076420797 0.4257114118671734 97.50201776654755 3.5410230791983808 0.0
442333 150.609572409572 1.33508466310834 4.427690611937188 0.3824463451857223 5.630843927340214 0.36810894021365276 59.29342766070534 1.979310590480737 0.0
442347 151.349155877468 1.3353971491489 2.927897764121927 0.4526422081439189 4.49470629846848 0.435783236754951 90.50925040645308 1.805629247971588 0.0
442454 151.621299977854 1.33570794222351 2.300403669850064 0.4981028663864504 4.080906472985715 0.46509548930403044 104.41116101297472 1.4890547159874723 0.0
442652 150.71111607367 1.33460570357869 2.6385533136983192 0.37200496074914496 3.249480677262672 0.35824120891720285 62.67307695742656 3.7136680316630994 0.0
443056 151.403903768883 1.33017858482312 6.448801737718822 0.45213111831771885 10.343202232434766 0.43239515237461784 93.41601347332207 2.8653478374695283 0.0
443104 151.270291308695 1.32896379692606 5.267524827878862 0.3709094849087677 9.044672297382208 0.35727379258623004 86.86224473326445 2.0775344843761805 0.0
443552 151.669252843048 1.32533948856053 4.006261518821735 0.5104504491845375 6.584495014423824 0.46542763060493786 107.23016107220141 1.4988362226836882 0.0
443619 150.610599890428 1.32430153342464 2.975828954805388 0.3753388315985856 3.7308032232134027 0.3634641373200991 59.88032234748894 2.0712003368090834 0.0
443645 150.580572969118 1.32459224840986 1.9256930667438883 0.3715550860906695 2.5869692869876055 0.3588646967435098 58.96454502932633 1.7447511080526872 0.0
443781 150.701957332698 1.3234939254733 2.9034720994834973 0.37420438423791613 4.941197196875204 0.35966143804756073 62.898322193481306 3.4122505523473414 0.0
443821 151.44854850243 1.3234211542476 3.2065808729210317 0.4353701341220015 5.0217291226163185 0.41092474231100834 95.88574301114485 1.7637252337215108 0.0
443871 151.276070753533 1.32294194460976 3.161663062460924 0.43358535380587404 4.550498541096037 0.41476027999651754 87.3553059320608 2.088701094404106 0.0
443933 150.512907329078 1.32264347465167 2.5840195392470418 0.36937764991043825 3.6778090601655498 0.3581498120443098 57.19633549318881 2.707878712316808 0.0
444045 150.723683348485 1.32197973944978 3.03234707738315 0.3657795640414774 3.1566297422809866 0.3562023910171002 63.72862415662331 3.2526803882678714 0.0
444079 150.498276397252 1.32157213598935 1.8201047688757352 0.3593147925859795 2.7420208357652367 0.34804697207664254 56.880296854553805 3.000024485680195 0.0
444187 150.496904199114 1.32155332114167 2.3031888940106673 0.3590940648764626 2.744706844821704 0.34799737373332756 56.846814776601505 2.999767568970059 0.0
445100 150.472458260346 1.31532673886878 1.748470340221699 0.3629185086382776 2.799223306817462 0.3513901729951642 56.59178815441055 2.179088102063263 0.0
445308 151.522498640299 1.3161139664571 3.7255544182147555 0.46933242424113863 5.314714161425772 0.44850415280867467 99.88227039995088 4.747807301794355 1.0
445319 151.329692991655 1.40530165867296 2.214285714577774 0.41534579786209774 3.647440066382015 0.3940951937946957 87.23377338681343 3.9674532409193777 1.0
445406 151.498314488081 1.3120364528223 4.148232218228373 0.4368583417143788 5.118629146264105 0.4161980610099721 98.77553400960576 4.229194472549355 1.0
445451 151.602994174706 1.31353892178621 3.40023164633151 0.5041628321532033 5.789117526682737 0.4757844019348243 104.11296558413969 2.4387339281276024 0.0
445507 151.538662661919 1.31246077457337 2.408657164993049 0.4931804186368978 3.9946290221125684 0.4706365248683591 100.82478489153516 4.946744205016063 1.0
445950 151.436649688241 1.30850404762052 1.4700369728022273 0.41810417130370725 2.3034665931642153 0.3954639736223983 95.77170305243101 1.792319358850412 0.0
446013 151.404857943654 1.30788032374358 6.8862142791307965 0.4471699135540209 8.084436031073832 0.4294884095102664 94.20249377707361 2.0786368687325116 0.0
446317 150.746489521202 1.30707739126376 2.1126849909061085 0.3839960223949678 2.839769261821048 0.3722855701079236 65.25798112290926 1.9936374636966565 0.0
446572 150.656138004371 1.30486216845005 2.5129257104341325 0.38686816123946427 3.6611742767738398 0.3753267423476395 62.303881888534754 1.6179713944226093 0.0
446792 151.386159920957 1.30286853632218 3.269650148381461 0.42647784563059843 4.682769200597195 0.4078496818604867 93.44255719454225 1.826760023595066 0.0
446927 151.225769551862 1.30203809701818 2.3252454780336866 0.4817387029506845 2.475554979486756 0.4660603271841811 85.70546099875015 2.0831969735731017 0.0
447017 151.541498582948 1.30304353023807 7.311670451992834 0.5016424930672235 11.65163802302093 0.47932127213634973 101.26362616694588 5.710637814172026 1.0
447137 151.216074204208 1.30185651910326 1.8935171775029525 0.47368355211074503 2.596204745307447 0.4559687034775903 85.2549302428285 2.140687867669399 0.0
447171 151.595859685016 1.30313754419099 3.872427213071988 0.5067106633159398 6.807158976923021 0.4770016148979479 104.05779536619212 2.796974134249465 0.0
447178 150.501572855041 1.30109661316992 2.2779189340680244 0.36222689398163066 2.940640744347686 0.3507842646782127 58.07930387919537 2.078297265282817 0.0
447230 151.501138046584 1.30026477902953 5.87325906256482 0.4355669453878766 6.066181276277988 0.4132767498984754 99.29402964471302 4.401428629123053 1.0
447405 151.012940031953 1.29919883768043 3.050641047835162 0.41968006868952373 5.420250429839836 0.40509341001911486 76.17670132477136 0.9488684170379766 0.0
447408 151.49418392249 1.2986826956594 2.7387243784766193 0.43609176524124926 3.5651123417307873 0.4129900077495441 98.99215853999777 3.9714088155568867 1.0
447434 150.759373291652 1.29943780966084 1.5666391853800545 0.3878603185938638 2.8563993487487602 0.37463908793087225 66.08670613934078 1.5005585219512654 0.0
447509 151.246500376781 1.30056330564447 2.0545826405169456 0.44166217837027094 3.479773170694322 0.4222615091283786 86.74215928336241 1.798382207841199 0.0
447699 151.333386584636 1.2962292139532 3.2180206304312415 0.421082302490595 4.333551924944887 0.4034143780962345 91.07957419183839 2.0306202892921275 0.0
447752 151.696778545421 1.29631384482582 2.2723534400558965 0.5123590202227204 4.233064355328165 0.4505607067669327 109.51674706732788 1.1893661702367386 0.0
447814 151.032704839395 1.29596309591201 2.369604961803264 0.4178579641581859 4.227708360445339 0.40349216443228764 77.1666898650585 0.9863038343213398 0.0
448009 151.199506390633 1.2956238165441 3.3599771483583583 0.47723146314207204 4.442309783486194 0.46063621515588493 84.71144444216377 1.9237716637346332 0.0
448052 151.542710505917 1.29479826105832 4.363121506886019 0.4822883565949373 7.629379611123384 0.46044056599099975 101.58417773736141 6.08066843098901 1.0
448309 150.591900685482 1.2931092933333 5.947648879019947 0.40508016686584253 7.478685644235223 0.39374518751309173 60.945556174220634 2.758035977465657 0.0
448561 151.541067533673 1.29041396265235 2.208264571470357 0.49941281492690753 3.9084236757749125 0.47835697757262235 101.63854620837735 6.126428865203535 1.0
448682 151.758757961422 1.2890410648874 2.5850878466751843 0.6224569218373274 3.991226203727537 0.520775762704634 112.9877391680225 0.4956289784500977 0.0
448759 151.547233908409 1.28857383120109 1.804688856022678 0.46092833598218136 3.331846526151056 0.4379146026220638 102.0111852015257 5.8787863908571145 1.0
448780 151.616908511057 1.29211077249637 2.880338625474599 0.5213958526440328 3.1067254841933885 0.4946926054164421 105.48154772975649 2.3209111078611437 0.0
449030 150.555959375575 1.40278754128311 10.838385056605022 0.3792021959784414 13.273938502561787 0.3685840197776379 54.15902702929235 3.8097830589781303 1.0
449205 150.662560373542 1.25891526079908 3.7637493785936975 0.3727575375642642 4.780353895025799 0.3616452244401159 64.8490073427804 1.759651278177018 0.0
449304 151.329633002149 1.28488424302482 3.7016479430668765 0.4095444164538631 4.126199079690331 0.3917388304670896 91.29665599542346 2.0815659988413016 0.0
449468 150.971691597983 1.28365659656455 3.1117958235601293 0.4102325412794927 3.8073064116324042 0.40020084562780933 75.08531747468847 0.8632486010430488 0.0
449473 151.545567658974 1.28311593589495 2.0618372960801836 0.44098325440291103 2.966700410107137 0.4166084030408148 102.09887069637168 5.696386359644508 1.0
449683 150.614644697121 1.28210677059319 1.7873563254209832 0.3697191929854641 2.698718793095337 0.3582357757529704 62.18963347461161 2.5310136476278466 0.0
449728 150.596303227275 1.28252753474919 4.747395584091628 0.3984155730210281 5.562902116526115 0.3883037722380282 61.62901176310733 3.164725285228113 0.0
450529 151.453792167603 1.27744582703348 3.4168872967573725 0.43327182773107537 4.56239781537777 0.41046574122965007 97.65749679418252 1.9191185858490352 0.0
450651 151.32354863854 1.27525243688316 4.970765029153277 0.4027710054335118 5.8704119371669785 0.3853647066508703 91.34530680731646 1.9230777902732854 0.0
450899 150.551984729071 1.27469492922895 5.372618523626804 0.3725632616178983 9.009636675960662 0.3613410961656408 60.81057778826336 1.7048236456851609 0.0
450979 151.358015465457 1.27241516778044 3.578088119230776 0.1931021548875472 5.222462071647536 0.18343391066395323 93.11364716154517 1.3027710317279024 0.0
451005 151.506892851639 1.27428137367883 1.8007720050487406 0.42682780915087665 3.0183348086964124 0.4033802596666054 100.4235491078566 3.8885234105978217 1.0
451077 151.539223007349 1.27242159522297 4.498316682144696 0.44962063314839457 6.187190735988372 0.4267162525700794 102.11762532159824 4.836344337870668 1.0
451427 151.450240374284 1.26940734344143 1.950181350902285 0.41715757558226274 3.0786684399220476 0.3903121460009234 97.74994417821254 1.747258390658333 0.0
451488 151.642806792748 1.26944772084229 4.795207503007059 0.48496689708459995 5.110310879736723 0.44666291791157386 107.5104558721377 2.275373817296233 0.0
451617 150.720178646344 1.26857408221407 2.17912939403149 0.38812106845676864 2.6739358288429784 0.37859609827636465 66.23168909059058 2.094842903543437 0.0
451703 150.710025229795 1.26794113234904 1.6430420904795795 0.37654162269234986 2.7839235163389318 0.3668637971028733 65.92325741538313 2.265355977622277 0.0
451901 151.472699373689 1.26834823503317 3.3579910045250507 0.44687220374952086 5.408658451643588 0.4219634310045826 98.90383999514579 2.1950387912105427 0.0
452023 150.58152486305 1.265209233709 1.1873638955308712 0.3824439392798891 2.10399432240998 0.3712012394496712 62.124051102599196 3.5489606204660684 0.0
452044 151.509853298761 1.2664200243238 3.9310431816561753 0.435654399777582 4.517023158684491 0.4114857395398893 100.8290919771224 3.588666668175402 0.0
452062 151.425888049878 1.26417120755019 1.5738629916209559 0.4113882238897521 2.687551798847101 0.3885715627734166 96.72215305984763 1.4748728534297026 0.0
452094 151.668804618388 1.26492508971168 2.1891027220978603 0.5080080399850322 3.429114899916297 0.4683773046754784 108.99200282337372 1.9421037799438696 0.0
452145 150.915907731513 1.26603571260546 2.6979857763616053 0.41224776577143296 3.150041524167751 0.39574908582205987 73.58205608863514 0.6283998534755986 0.0
452456 151.21798144571 1.261614389463 1.7216166957840777 0.4703559006587899 3.2169176060045284 0.4523906701504395 86.85991349085268 2.178925417628761 0.0
452589 151.558697812733 1.26022411871163 3.6032259888213014 0.45108788303028297 4.409354419352963 0.4216979426574283 103.49612550642911 2.8653103910562794 0.0
452732 150.48072806232 1.26068000608339 2.528092894870379 0.355153056650705 3.3927016490554753 0.34004629702052697 59.806129909915164 1.6826474531669267 0.0
452785 151.703213672777 1.25898633225216 5.5895365005563225 0.5455346976639938 6.698409129996769 0.49593646851056344 110.95577069794876 1.2614433937990548 0.0
453205 150.589387013281 1.25612613133065 6.016449958570534 0.3765990293650744 7.369387416071612 0.3666347385823351 62.82600115265788 3.6723244721635 0.0
453345 150.688845284803 1.25584809970994 2.097192921666268 0.3678394988574604 2.453475889271561 0.35735063042073073 65.83817426993726 2.05892659785246 0.0
453487 150.593479254751 1.25416299765272 5.02238561461315 0.3942593063666761 5.991332808674115 0.3844336925202548 63.04501137229923 3.58564064269292 0.0
453589 151.216635729957 1.25277715887205 2.686000087142318 0.4615224913886863 3.3174633749398077 0.4462462494674639 87.1360296914091 2.2320169034039834 0.0
453612 151.226244286221 1.25538566955424 5.895760410937158 0.46677023740482837 6.441731717651957 0.45089277439781666 87.48009591079949 2.2822045588362405 0.0
454021 151.640584413989 1.2518269226574 2.054815253616117 0.4825020478676323 3.5892336570846712 0.4506739283842848 107.93891791470861 2.188985113154473 0.0
454060 151.014846974965 1.2515777369052 4.137902244369532 0.4145470669886898 4.464422485649607 0.40322513822339295 78.27085856879478 2.458950752481175 0.0
454464 150.916920816856 1.2473545544026 3.595670667474693 0.4127271202435163 6.436413662831228 0.40195216626123986 74.46301088512192 0.6562422420915095 0.0
455225 151.011563252093 1.24123901346798 2.593587028362755 0.4137588407690927 2.8402349484570384 0.4026332640459165 78.57742223323669 2.6957627386487912 0.0
455430 151.729966411021 1.24224155289709 5.0664125703141965 0.6404308394355985 6.312413200167126 0.5177226282948538 112.84787216680027 1.1707639463408295 0.0
455474 151.063848195625 1.23930735304106 8.294830803685842 0.42286796707393826 9.282022379064259 0.412503509331918 80.87143499072816 0.962364081153115 0.0
455585 150.555301467002 1.23919832737728 2.5889928183578337 0.37125844290858084 3.1090963697243748 0.3587550941660616 62.81057992742717 1.9714556017826153 0.0
455683 151.308873459172 1.23863487897619 3.4821071291260344 0.42919443591228923 3.7500718941199604 0.4121035455656345 91.97577508370013 1.036444951163686 0.0
455702 151.530781561905 1.23820077034787 4.309186945988308 0.4781835369395145 6.727142280908694 0.4521490324733903 102.80713260659032 2.7084874151169096 0.0
456035 151.516565666902 1.2293946292084 3.5400832275124405 0.48466116514055624 4.935924080768804 0.46090393202124985 102.39075539040674 2.920809480141866 0.0
456082 151.546578439953 1.23447783370048 2.496482855871122 0.46101489770923537 2.7586474233668326 0.4387841299093235 103.7214987249048 2.193646629941669 0.0
456090 151.011939883762 1.23555763918974 4.162948450033329 0.4207937812488064 7.131430477571057 0.41049688523208067 78.83835425838603 2.6700503494039483 0.0
456098 151.632686772271 1.235233546649 3.612438056908685 0.4963957477226238 5.579583404120153 0.46404197113310297 108.05412355117492 1.7635935479522944 0.0
456154 150.481136831033 1.23631228028305 1.6269236418650097 0.36165480157633473 2.203086029256614 0.35080247038276774 61.16919659644766 1.8241495388288163 0.0
456413 150.849698138229 1.23264479788689 2.6959904237753625 0.42478738086483836 5.023554297448299 0.4139576082555756 72.56541309489413 0.7280842663075392 0.0
456497 151.164329117829 1.23195353368024 2.273630786175694 0.4919236542663993 3.5034880116935962 0.477427372381206 85.57624078191284 0.8815163055189204 0.0
456684 151.011862840882 1.23015960878205 2.9197233383154084 0.43402202432718795 4.369275163948189 0.4234930509110711 79.06880131328597 2.5566348295481247 0.0
457052 150.653754262383 1.23073392685822 2.393233608875054 0.37897095270903614 2.9757670719856555 0.36664456432171816 66.0318001234557 1.4597656469479914 0.0
457432 150.504521886094 1.22500937497039 7.863018657459625 0.38650681514358154 9.857199245716618 0.3742849745454587 62.331142797070115 1.4225526696346522 0.0
457856 151.197733293071 1.22154797043646 2.1533685246785637 0.4646015097781312 3.475642124127086 0.4450876870517917 87.49079715660824 1.681729401322036 0.0
457905 150.4773088485 1.22224968143363 4.192621105546078 0.3595680555206295 4.500952411410132 0.3480262523825359 61.86832351143242 1.6869087358804766 0.0
457948 151.786315471047 1.22331941775701 7.3983940669457455 0.7992562582153762 11.807137025103737 0.6361152919358396 116.34500901050004 0.15090993588879026 0.0
457968 150.890448552275 1.22261278895 1.6212264626858923 0.4039197230834365 2.9270825132244735 0.3898388345175021 74.56820053106223 0.6683521527553509 0.0
458419 151.51770530284 1.21786203329773 4.368544173140104 0.47747983564083696 6.1916210670260385 0.4553127179621711 102.83529077008905 3.0922580502327945 0.0
458536 150.82300215242 1.2169633014673 2.282781523968522 0.4029498539610423 3.7800908632043853 0.3923011629651464 72.33543315912364 1.2263230195335155 0.0
459153 151.092852014178 1.58174138166978 3.6208194033936825 0.4041437868205372 4.5865022787137795 0.3940844840150307 69.58258684231828 2.8733309169753047 0.0
459295 150.559161151654 1.21428111360596 4.249156098559219 0.36428708127932563 4.903656334217328 0.35226539129173845 64.259163240562 1.5407486873592713 0.0
459384 151.115538072033 1.58012300667074 3.4962264864006687 0.3895126105327427 4.3494838963124955 0.37963551784654664 70.79964171436441 3.2655022491572168 0.0
459404 150.866629523805 1.58138024136354 1.3531294599998007 0.3497085252293174 2.4830963956164314 0.3376636611207936 58.41175286820747 1.6737724042538142 0.0
459441 151.523691026229 1.58018678550537 1.9733271830576236 0.43683319257873227 3.3110798674043465 0.41479796221353304 92.6957417916247 2.1975784081910295 0.0
459534 151.470503721201 1.57873765984757 1.9943453328470242 0.4040412717797431 3.5849992883094894 0.37770648669895085 89.80176474485971 5.872176918104094 1.0
459544 151.76328407663 1.58131846062551 3.118341589322329 0.598058640946626 5.17297552259313 0.5111301741552672 106.05341162512997 0.07333445881143463 0.0
459545 151.166836452519 1.57937940606655 2.927411320956818 0.3868137165105743 3.2105895351617435 0.376506088918689 73.48440579668726 3.2780446585256118 0.0
459645 150.689416513624 1.57851543836948 2.7997155146619086 0.35470805253139837 4.301318434954334 0.34688454198473717 50.59822361524931 1.3982297493485607 0.0
459766 151.221976679728 1.58022478324827 2.0530781144622083 0.38478278577142383 2.4077744139365724 0.37296955944102217 76.35645820676915 2.2680795315430022 0.0
460405 151.18007968549 1.57508714344791 5.424764560529223 0.3875636005450637 6.429553141893665 0.3777693456464942 74.30276059912475 3.043157205288812 0.0
460435 150.527390372274 1.57295308554045 3.306502933019934 0.37077997703760995 4.580226881937791 0.36491333718719465 44.631903422383836 3.67603807982503 0.0
460612 151.380603208629 1.57317032322446 3.176385279955287 0.4192362530368932 5.51619495328295 0.3972489062040464 85.03874654961021 2.32673052134263 0.0
460729 151.169992378516 1.57509270396565 1.4156607601136897 0.3962448433354184 2.500799578523813 0.3853667233677634 73.77589164094331 3.2001222582141495 0.0
461116 151.147536675052 1.56963137781682 1.9918841094497324 0.4047686479188939 3.457876782137384 0.39435316779945395 72.77270747855505 3.1200790225487505 0.0
461142 150.854160885885 1.56947227842036 1.2047901712374576 0.3550910227161998 1.9966611500354516 0.34413572923324376 58.27312998241546 1.9513115422337761 0.0
461169 150.56032445247 1.56839986810314 4.424659919258313 0.34577989223145256 5.116176855357162 0.3388575851477413 46.01286637231305 3.8985217744804195 1.0
461666 151.465742272502 1.56527188072057 2.1081599938882567 0.4067725450829015 3.270532346912761 0.3829816839835136 89.87040680146733 5.5708181463508835 1.0
461803 151.502399697007 1.56465459864407 2.0173258310521445 0.4359911443031662 3.0026227423489233 0.41328069124473216 91.8931068200542 3.5447415472278614 0.0
462011 151.467986999096 1.56447883445839 17.025979320147062 0.4248783702406627 21.35687626953288 0.4036650403511613 90.01268688311596 5.533379702201312 1.0
462028 150.859223032592 1.56425908259087 1.741786682593031 0.3611514668051985 2.569941750283162 0.35127905097348144 58.70604896768076 2.133804492626997 0.0
462087 150.634899331326 1.56310294895023 3.341063106527378 0.3526402139320399 3.879111662653409 0.344937922119033 49.06715517390093 0.9701833175702097 0.0
462267 150.566163376792 1.56102392115821 3.9845761027945685 0.3526446088394046 5.489599153927546 0.3456067998885631 46.57703394370678 4.184467667609366 1.0
462272 151.108204395133 1.56283243643887 5.728255313038556 0.4021528682056991 7.075943136753223 0.3920731358249371 70.95949896992252 3.0207012093118606 0.0
462293 150.56217192682 1.56286088255024 3.3720147196916885 0.3509018418391915 3.636458260155328 0.3430528167229435 46.34537745808527 4.297809417645333 1.0
462646 150.696409199787 1.55858274378307 1.2597369582579299 0.3611970247196504 2.094139207105053 0.35183640153619966 51.749829560785365 1.5893305865061123 0.0
462761 151.532574345793 1.55837023886143 3.250157704778551 0.46606975462813394 4.756966425193411 0.4427244263682364 93.70201995152146 2.291869081886874 0.0
462861 150.484075345659 1.55825688645661 6.7994276763078 0.3512583002764788 7.8726476057924355 0.3449647656338424 43.94120330333562 2.5834363216992164 0.0
462878 150.690204234877 1.55814014782245 2.745628769913172 0.34506885564939366 2.977734337875443 0.3361999206328116 51.51266250874875 1.628723835158258 0.0
462913 151.217536247551 1.55657675744087 1.7467461854094304 0.41440322327162654 3.1097603208110836 0.40265391927875266 76.80540752925025 2.4543085758268974 0.0
463035 150.895858860098 1.5563690489569 3.2073661032839116 0.3892379360226163 4.164639177072439 0.3783348275380552 60.71738332185397 1.7024649174189783 0.0
463048 150.920524514146 1.55975233272603 4.082672592085115 0.38114397101224906 4.634033809519805 0.3721180628920118 61.76385240618784 1.3318468168362732 0.0
463157 151.103624472027 1.55468580429996 8.95455231017132 0.4282378631083345 16.249793057700337 0.41728319282973003 70.98369558987876 2.889512644203176 0.0
463502 151.42695925971 1.55256366883231 2.804606375433921 0.45391290324403727 4.717763843068176 0.4304078758646998 88.08060738122332 3.3016666247105815 0.0
463519 150.857829748012 1.5535951126406 2.579535576432274 0.3628757172413546 3.062085317634311 0.35353618077944565 59.047833226838335 2.2025403041606832 0.0
463596 150.545212733284 1.55181748870441 3.1659423699504354 0.3380052538130944 5.816526458922418 0.33090003468162654 46.28415680636821 5.613056717807974 1.0
463703 151.472381860938 1.55203616323085 2.3077203739905867 0.4117808663251368 2.812377457861828 0.391197015070575 90.56220812987232 4.819739294802321 1.0
463863 151.387375287185 1.55005563118185 3.670601000892169 0.4333158905236558 4.6501835678943575 0.4163454194744592 86.00837157834638 2.5438048404027893 0.0
463895 150.772954747012 1.55255955958675 1.5352202556304848 0.3591428084406689 2.1123956518888494 0.3496584025442174 55.26869769151679 1.399304896753823 0.0
464408 150.754792069552 1.5483031840326 1.7352898521439348 0.36804402172062206 2.0694371877910043 0.35754463121884034 54.65586181600733 1.1624111783647857 0.0
464748 150.843195742525 1.54409204039681 2.5720615315390805 0.35184184531575 3.059383101172675 0.34029850634594705 58.74505919571586 1.8211831135350254 0.0
464839 151.585276739491 1.5427341870778 1.953139846958138 0.4941881255575312 2.5292680698763483 0.4696847081648604 96.97536640636525 1.517492782962786 0.0
464896 150.691829458814 1.54518308817605 3.3217549300707234 0.3565592650360208 4.44274563376267 0.34684580996988695 52.146631567903626 1.7006130095122882 0.0
465127 151.444705615252 1.54582950191493 3.6400674098586507 0.4237171367090805 4.45394688457183 0.40502876457350184 89.21545647423734 3.98743137769023 1.0
465209 150.78678909518 1.54021933735227 3.684535593747889 0.3646483779731658 5.96183744928165 0.3532031001857387 56.380462864021496 1.540624503191982 0.0
465284 150.554897283971 1.54091781659858 6.828974236366591 0.3594813243277616 8.130641225194436 0.3514563839287763 47.15351778968833 6.233616923661037 1.0
465439 150.491833050449 1.53866017717281 2.052885006913134 0.3812589539403804 3.608025498764186 0.37417322632857647 45.18698646358679 2.3222159403453015 0.0
465680 151.1896715798 1.53740650012694 2.0539005481869514 0.4205523222025061 3.293089647667939 0.4084882167890916 75.93142290614571 2.8328682354811963 0.0
465771 150.509678875971 1.53628326294399 2.2584564557471687 0.35936221317541656 2.9871594965057735 0.3520231826720072 45.87300057185998 3.324695365527176 0.0
465788 151.20494494073 1.53574795934483 2.8184574172742494 0.4308200630043628 3.105363417546576 0.41887636234023207 76.77129783236548 2.7137978227474666 0.0
465792 150.973888395687 1.53634342118255 3.194992117788311 0.42690723566148264 3.7411639911420638 0.41538727635769324 65.1675606379455 1.6673456482404003 0.0
465891 151.436941932283 1.53680453517156 1.7568610796346915 0.4296708482704811 3.2272954101261213 0.4067405980743414 89.02913296098097 3.5163033115099354 0.0
466188 150.573924657848 1.53447927369913 2.216017973092626 0.3663982703136148 3.2273925624696 0.3553719733035611 48.1339569271593 4.709174194215063 1.0
466303 151.767009225462 1.53141063435923 8.002980651588263 0.6852796131402319 10.902486633269614 0.557026119934765 107.31728834386034 0.6029630164793615 0.0
466366 151.038091839162 1.5312523013394 3.3629763286846837 0.40969616932905417 3.9224712600291607 0.4009386969568325 68.47583607183618 1.681302832364345 0.0
466375 151.085253826791 1.53175345557172 2.0499695157334927 0.4123621478740317 3.809610717879661 0.4032260590986866 70.80111299465872 2.4467339696873363 0.0
466638 151.249849255268 1.53453855702036 2.457557669010588 0.4085527248949897 4.59055910273235 0.39671854649618454 79.14278190384447 1.520265811751314 0.0
466828 150.664702254951 1.52676067476881 1.8731576561410634 0.3671137730183269 2.2804628520666843 0.35886639115405006 51.88584833599042 2.6112250389877225 0.0
467038 150.811458100229 1.52884702497161 1.7435390530242962 0.3641181678156437 3.0084128378451678 0.35359726243767226 57.92945653864599 1.4071531659286463 0.0
467137 151.690317878575 1.5276607007011 3.752150954270395 0.5870542285660334 4.26072735706136 0.5554865637838583 103.13231989411787 0.8387495314326742 0.0
467217 151.583749775934 1.52619318720318 2.8570981089215683 0.4673943173819302 3.6297487627659204 0.4365596727587774 97.28874469981199 1.868594297582618 0.0
467378 151.473829135682 1.53632983877212 1.4189757269957088 0.4278990244726352 2.3939040981763484 0.40421084313769734 91.03837183217034 4.044425414183311 1.0
467462 151.383417805505 1.52519627728096 6.260266058214356 0.43300002468513304 6.910331726808447 0.41157918075593425 86.46535002484522 3.093843916791781 0.0
467514 150.549611882156 1.52978620209833 1.6522039708634597 0.3557828079451269 2.6790879419357942 0.3467715782124673 47.51935651646763 6.6794496177502545 1.0
467651 151.082070460593 1.53305643814054 4.317344427689423 0.41745960945490423 7.2261559463004605 0.40602999544525686 70.59872308063323 2.4466774990820483 0.0
467827 151.47692637971 1.52242139268768 2.4342877028656673 0.42344319984820156 2.6529698926827265 0.40314796887378657 91.56431031385921 3.6490224745548017 0.0
467961 151.29725662722 1.52201051211598 1.8823124181589241 0.3915341636887655 2.93897405215374 0.37349280999161716 81.99221614212725 1.49518812708489 0.0
467999 150.567937208952 1.526152343689 1.8921491712104965 0.3615195766137801 3.01030569701123 0.3528475870698789 48.328758312525636 5.5324493598940565 1.0
468180 151.222267947392 1.5182331911838 2.6468881007284706 0.3972008205196192 2.8019414544216774 0.38746371296016485 78.19984555378849 2.023657074910995 0.0
468185 150.524110516829 1.51929810145465 3.889273705693704 0.3706404411255431 5.188213246076869 0.3637130959557327 47.197554205321154 4.496026646681064 1.0
468204 151.719546019598 1.52396562055868 2.372747771049138 0.5333207620189709 3.136607611209179 0.4860339833805319 104.8386310309912 0.8817229494159876 0.0
468449 151.469036877022 1.5144513308424 3.9455499603755935 0.42824701755857114 4.998292846393367 0.40403360226993185 91.34668774082323 3.6225500703003317 0.0
468581 150.575227054819 1.51831765840499 3.201896693399922 0.3790189928322412 3.5645467401254383 0.3711743498910971 48.96541627666812 4.716090779044354 1.0
468723 151.560949732443 1.51563516960264 6.691682320151841 0.4728812296202764 9.08083691191375 0.4478564643796511 96.30133510183558 2.8011710055726935 0.0
468751 151.427288570692 1.51683227062063 1.483222249431518 0.43004260843585307 2.4841244607942423 0.4087832007719009 89.0391597981068 3.136124981148622 0.0
469080 150.885819078026 1.51174735322477 98.6561604590042 0.5347301488637579 177.65276607556277 0.5257690063917924 61.9491595812527 1.1967518813862033 0.0
469185 151.174246162271 1.51901128673736 8.432131836566 0.4115473989976113 13.174289666162505 0.4015582342281297 75.71108357715461 2.2917746961796066 0.0
469203 151.159607507985 1.51080564477028 8.345268248568456 0.4069145177492255 9.173017449681671 0.39662771135722064 75.22805892444262 1.7152048346698543 0.0
469248 151.362117013583 1.51549725409037 4.742592335395051 0.42644614695760935 5.66426709612261 0.40486924134638586 85.60078893889836 2.7298879611009332 0.0
469253 151.376262168676 1.5110544805594 2.4580621797489575 0.41391250686737885 2.732114888144101 0.3967538712724483 86.47556271048842 3.1759430970532865 0.0
469294 151.050629943887 1.51140267077256 1.5461998978002314 0.4379522852599781 2.556613737983358 0.42962197326285495 69.77498934613699 1.6871314082826112 0.0
469346 151.442845879866 1.51113236329577 2.469197256459516 0.4075467102268346 4.069478963116911 0.38781993515000074 90.02661381142535 3.2342202879238666 0.0
469381 150.541035976393 1.5115731685837 2.0881327059148047 0.3808162139590325 2.792800662082021 0.37101470695019295 48.138779831078516 5.873201357005681 1.0
469455 150.544558368289 1.50897645395093 3.0129798267764096 0.38260579326304955 4.2602475810333775 0.3750765865741242 48.3851108525314 5.891563335483185 1.0
469506 150.936868407732 1.51127538558345 3.2288341927417816 0.4067764158777392 3.9569538037493523 0.39815111535547715 64.32633737912192 1.901421627622609 0.0
469523 151.09468688741 1.51067765804176 2.4257571469568426 0.3993157574320149 2.9111022879914783 0.3882715968552687 71.97406275418413 1.5818988362427013 0.0
469594 150.662868709514 1.50915640942132 5.150928570925682 0.39684412361337085 7.093543826240422 0.38862825185649263 52.62012558844311 2.8828167002219627 0.0
469758 150.664176406036 1.50763255217949 2.9247763099741118 0.39385663635575446 3.7359394972511684 0.3846682118312842 52.74058028766328 2.8455401261453965 0.0
469774 151.496870956419 1.5093353860253 2.0323362272608976 0.46561870291552115 3.652756831977332 0.446240880764502 92.98267302840122 3.1238207209165445 0.0
470231 150.937602184126 1.50469065634835 2.120702729781416 0.4223321585102023 2.7860608678954533 0.4123082837696678 64.60849499483295 1.9893071497454056 0.0
470491 151.508530246937 1.50231769387236 4.06075934230155 0.4584321165529075 4.929193679510231 0.4357000448809243 93.7954967396157 3.1870473291170196 0.0
470530 150.546023483549 1.50692296448706 1.619790910190649 0.3722007308295398 2.686409821395467 0.36271313589188287 48.53634922551693 5.795215150926206 1.0
470637 151.3263832555 1.5012423163858 5.372020691386178 0.4034872258355863 8.300114786120707 0.3871471160342139 84.12419875524046 2.5781530412207667 0.0
471017 151.191091349614 1.49899357150104 4.737058169560414 0.3981356512407106 5.399932329448655 0.3866538031394149 77.20347388208464 2.058780159390734 0.0
471245 151.394050592505 1.49815790536097 70.1073365502286 0.51013457523955 122.21774939191236 0.48919105698470444 87.78031727393622 3.203126019835922 0.0
471357 151.784990696641 1.49886375408153 5.316126692038676 0.6928310049463928 6.545593558519607 0.5041653917169588 109.04214841818313 0.28305169994674606 0.0
471394 151.272806002932 1.49674778611385 2.7462656104312364 0.3917431041281224 4.381059605080806 0.3794834445005561 81.46610019844289 1.6824681028693325 0.0
471432 150.993539071221 1.49918884303615 4.423570063348299 0.4221400550407527 5.836440939672399 0.41106869353690895 67.44955882305321 2.7025063736466084 0.0
471627 151.499159718889 1.49529359579177 3.6725720423706605 0.4463202908932064 5.595089102314339 0.4238841466482769 93.47488757526932 3.11365026663663 0.0
471669 151.531214743111 1.49658997926284 2.990288078228361 0.48476229667855114 3.6120803889446385 0.4627539244423931 95.17051060153331 3.923111114198122 0.0
471767 150.596753303094 1.49463621220307 1.3695602142614525 0.3568998769241882 2.4389050636754703 0.3457690028627835 50.87276667782336 3.797316944625417 0.0
471800 151.189381600488 1.49352506128709 2.4419429483903885 0.39431726299922615 2.6863041969992874 0.3843488891144642 77.29152149036648 1.952361140654849 0.0
472054 151.328642014037 1.4912106132737 2.9776509065738406 0.3935251898101008 5.27833139153717 0.37568612313973254 84.5362639008557 2.7943619169466816 0.0
472284 151.314676658667 1.49029446193284 3.0079436887180737 0.3989906198633699 3.7220697340161206 0.38578195524641523 83.83454483744286 2.5366824046851617 0.0
472668 150.550425963751 1.48873579641241 2.886485357554561 0.3417820075744769 3.7464890446150236 0.33284273161857986 49.593954135955855 4.546806639435257 1.0
472817 151.757065676565 1.48643741721214 4.3530626018786105 0.5611814127461718 5.244188006187623 0.4962675600136362 107.7789348312305 0.8213944636304588 0.0
472912 151.539406151151 1.48672531659723 5.840879245490109 0.4596856146999775 6.987017893148293 0.43958021739191594 95.86999726582115 4.346597223051303 0.0
472969 151.537070848826 1.48589247536434 3.9816556388883417 0.45797915266104083 4.908806421384498 0.4362370625171591 95.76572061197514 4.346852122713763 0.0
473377 151.020837754261 1.48497151588367 1.3462953681831644 0.375386249030719 2.5030799420134353 0.365742566971605 69.26908262742798 2.373475531213055 0.0
473402 150.582735356214 1.48267408794406 4.337790806009007 0.35605887747983384 5.863240620817814 0.3470567180383876 50.97427509323016 5.104583169842751 1.0
473527 151.122527512252 1.48274796196007 1.7900721340019528 0.3889577147917472 2.728645122125222 0.37950796740962556 74.2972569299013 1.0541158175234298 0.0
473639 151.560653775555 1.48054215134056 3.5730365657200256 0.4766674451815936 4.176397557434246 0.4497915640954319 97.17905573642396 3.9140022111060304 0.0
473683 151.560503571005 1.47988578924108 3.2937741158561904 0.4746030226835185 3.570381313898365 0.45194284849514593 97.18801265235176 3.9217360153775935 0.0
473834 150.580925974337 1.47940148306955 2.532260546230537 0.353270571892109 3.0092861959736488 0.3441712013495545 51.074679226131806 5.20282834925062 1.0
474127 151.437460008419 1.47715605221181 2.470345560324417 0.4260554639216973 2.6700343564864446 0.4075675901317882 90.6710973449659 2.9319970392433596 0.0
474226 151.66160815168 1.47608718283788 3.6768748321801588 0.4985219636201311 5.704868487818873 0.46414831381201166 102.77947872478364 4.47308180235477 0.0
474322 151.238078775509 1.47620110177804 1.5908846347235204 0.39713758970419094 2.780874866591832 0.3855663415051641 80.3184884987658 1.6402653825489968 0.0
474405 151.17958880842 1.47537091840135 1.7441679187623178 0.3865677954569302 2.3856403474663477 0.3764667767524038 77.3873588736083 1.663471353954929 0.0
474785 151.268037889408 1.4726801860192 2.7822336180875866 0.37963554707152875 3.6989654333365247 0.3685956228063376 81.96016621991173 1.6711873078163362 0.0
474851 151.685346755222 1.47186006807223 2.1420742654647476 0.5070552493771108 3.486775322252046 0.4758254729729203 104.18179560109374 2.7540389706171746 0.0
474901 151.410180783093 1.47243025499784 2.4136933398863967 0.4172562621245971 2.9837613745847396 0.397569453685007 89.36207616597544 3.019252873258519 0.0
474960 151.659762103465 1.47179119319949 2.0592219181587375 0.4720335440512279 3.5294831240949645 0.4402521156324091 102.78529907832025 4.739487930084032 0.0
475132 151.365149620627 1.47069837233861 3.853287879100422 0.43791283912359014 4.935631887038134 0.4221868813945826 87.04815540322937 3.259631455346798 0.0
475245 150.983556317044 1.47268199360536 10.391371193119044 0.40173936933984894 14.48537021059198 0.39278672208997306 67.95966689179163 3.6508672476074366 0.0
475251 151.61544486074 1.46924697888506 3.681793503386039 0.5007330484466436 5.652290192053624 0.47462978086540886 100.4377461565376 2.7574510016678633 0.0
475341 150.569375508952 1.46846721876042 3.1209510736418964 0.34470574881196225 4.780365866404617 0.334302254497717 51.2337034308294 4.97360553324961 1.0
475427 151.182427168228 1.47027310379499 2.4791290806764033 0.38722440516826406 3.841542344948961 0.3767053294972193 77.69756254248144 1.641285355876286 0.0
475615 151.327216646874 1.46639933231684 5.045343311946 0.40224466921772817 7.085263868125255 0.3881297820600493 85.20252961256652 2.976885993124591 0.0
475765 150.932255160022 1.46739590170118 4.778632226576824 0.394661288704219 6.690116647977607 0.3850119469521384 65.79560213447962 2.9026070912407707 0.0
475774 151.649700589359 1.46627039650213 5.588958651309568 0.46381315001284 8.844659104480494 0.4320271245635176 102.37513030721095 4.7679238199156515 0.0
476263 151.003753796652 1.46262350288979 2.6693947165074876 0.3880786544697263 3.3044256225325572 0.37906371875047135 69.2826432787962 3.669840193478598 0.0
476414 151.510647336472 1.46131936811442 1.895784786869758 0.441261014417532 3.318458841132225 0.41966572743318103 95.00463797808564 3.782777161766119 0.0
476420 151.598398870309 1.46123459978173 3.735830557703932 0.46665654985098276 4.584507662827772 0.4383978779761622 99.72143370830499 2.656053249570022 0.0
476723 151.427759029338 1.46426652124603 2.8223824916645586 0.44009822204330135 3.7404326319838606 0.4193508065002645 90.52244670456594 3.0869094055962036 0.0
477069 151.666825302688 1.46501510476029 1.7177728702209256 0.49034694633130943 2.8295762773708875 0.4558609518594824 103.33963650300704 4.524826604406176 0.0
477097 151.513034347227 1.34373729503041 2.0905114188857867 0.4651093229419509 2.6863151554152815 0.44166069569030253 98.54133764167614 3.6918834264008913 0.0
477186 151.515341586994 1.4556073062088 2.5813809552681954 0.46041730293383604 4.010231596387644 0.4367067365431705 95.41155794551176 3.9715202001536367 0.0
477326 151.458845397585 1.45663923306833 2.0130658987788115 0.4357081129819647 2.9411405033695397 0.41663934445068085 92.38134821163592 2.6348731816143034 0.0
477586 151.209688950975 1.44988885665338 2.266335860735866 0.405107216069028 2.733430450588585 0.3947480207078577 79.73595023707854 1.551404216695627 0.0
477648 150.859130375949 1.46176886354714 2.920687034310195 0.3640557965247663 3.7461114857446347 0.35302107076644634 62.766473451858374 1.1035361701419248 0.0
477745 150.8785065022 1.45394197393223 2.6630549505484735 0.3812696865558544 3.1491534320345713 0.36940104796440754 63.93426803744121 1.3296673135228323 0.0
477794 150.566681315215 1.45389953529405 2.8368834136171097 0.3571915168338258 3.0221344322454704 0.3474802838384469 51.878968772667264 4.389078911681665 1.0
477906 150.599275608844 1.45258286779131 2.728963523966749 0.37313870415934264 3.1591724631417653 0.36435070080029097 53.0241962333983 3.612797048662006 0.0
478179 151.359498374638 1.44942878595926 2.183726652133634 0.47228919822160964 3.683792447385928 0.45626221405992984 87.3881226407398 4.172480906728018 1.0
478204 150.931194368175 1.45063221253392 2.133455609416581 0.38890919495207826 2.8214874929666767 0.37929936152935895 66.4077822997677 3.2764891137838896 0.0
478260 150.620149737934 1.44923762483967 4.686545433913795 0.37234759805771483 6.653168921096361 0.36324198536426316 53.90457415700147 3.126086585016827 0.0
478272 151.244082607743 1.45109543622664 4.096939740635625 0.4196314978916711 5.555398456283479 0.4107031336715956 81.42626109240256 1.5288003918399817 0.0
478367 150.813217197672 1.44985434395635 1.5959680505194311 0.3618529951539312 2.6037564752404108 0.35180131618751226 61.30922494515856 0.7281779735960991 0.0
478519 151.545844304847 1.44682768971811 5.610448841774485 0.4662868445599018 6.374139102749203 0.4477914505839206 97.28029893775506 3.6532094051827477 0.0
478834 150.563654634643 1.44729727051389 3.435129688984188 0.34846260745118784 4.4626218061004375 0.33842348453432286 52.1159176912954 4.126008237486006 1.0
479243 151.273892419623 1.44255702782474 1.3246736767263172 0.3873426190205983 2.434249854891099 0.3764114413560094 83.21028314054345 1.6258578485193746 0.0
479269 150.649913932385 1.44283942887478 6.2917152387173205 0.35560825709789223 7.912967209648847 0.3462838550307006 55.26436035076475 3.3311923578841656 0.0
479302 151.433259736675 1.44134266955691 3.9087786732006076 0.4348428192975303 5.239983565859485 0.416571494359046 91.47336111139197 2.873591972798347 0.0
479403 151.65565266247 1.4412327920252 3.69163940993803 0.4725277743893777 6.609038182749722 0.43404292979003234 103.33694094927709 3.52418092153575 0.0
479413 151.52695111695 1.44257198609315 4.4924674664546 0.4476667551274364 6.8603288429769 0.4254955310720871 96.38914153872123 3.9539609269398563 0.0
479569 151.6345496506 1.44082718740352 4.884178532531587 0.4718206457769412 7.6153163719891435 0.4382858442879388 102.20646512381856 3.1276624687676042 0.0
479690 151.383755914265 1.43813571119221 2.9682410344733845 0.4478241210736744 4.844285662286246 0.4304561113125803 88.98655870126933 4.06638219954058 1.0
479874 151.580306822577 1.43890413358739 1.541154606241477 0.46563938782910036 2.689288293388304 0.43789751117661396 99.3394030940963 2.4116906681913846 0.0
479923 151.478378748932 1.44268922109857 2.5272351455781252 0.43446814938438993 4.0597464163135655 0.41427379999639735 93.80937139050874 2.929696467939072 0.0
480094 151.492111350952 1.4386162210155 3.1629590655141713 0.44044645972559693 3.7587109015121163 0.41837043345391034 94.65082362284372 3.3123944939257033 0.0
480274 151.011695683793 1.4359382993156 52.68466330779071 0.4531875395032644 92.1437119649283 0.4432569685505442 70.65937286361496 3.490672532666623 0.0
480309 150.921693316003 1.43887393650808 2.8925741481610485 0.3643393594674549 3.4597254392893513 0.3538215876592012 66.45254786096902 2.70197165379531 0.0
480323 151.289247585987 1.43569279423302 3.0193213423984813 0.3822903638072984 3.269119816299858 0.3687988231486306 84.20914288822514 2.073554464481405 0.0
480368 151.199069023419 1.43558387585394 2.524473440572521 0.38418698510571275 3.337848422964836 0.3738250617975598 79.68456819764938 1.2574299927430803 0.0
480415 150.52086551351 1.43501363837427 4.200711077879417 0.3689369936181565 4.521541893750347 0.3586759173083151 51.43419237500492 2.57194958317522 0.0
480465 150.658101789184 1.43868281692858 2.4105792159059187 0.36360919559912 4.2352420412225475 0.3512536071891184 55.75805614716299 3.370517360882104 0.0
480621 151.542452382666 1.43658080992655 1.8829083718139517 0.4436785567493065 3.411862117115031 0.4197508899803362 97.38006052975386 3.4427733814383914 0.0
481481 150.510543306345 1.42932655659451 5.2149919312655895 0.3781552520526096 6.121866605283953 0.368503148509351 51.43262598516046 2.4264522529607957 0.0
481529 151.547712936014 1.42765793476633 1.6974857112396105 0.44723488919666315 2.147308244371167 0.4251726814028924 97.90690238627951 2.9639056799269508 0.0
481619 151.008388164841 1.42821847148324 2.1841924308571525 0.3877774897340691 3.0455221783404465 0.37754080281612046 70.80104787249101 3.4522974340781114 0.0
481966 151.392681714942 1.42435899746521 2.678594684293513 0.44005887963416546 3.7821600699891778 0.4243140112353446 89.86555539441098 4.268218787149605 1.0
482006 150.517838111778 1.42366212832699 9.399498256097916 0.37268314503503414 10.69988301816691 0.3625615414010451 51.94092301912085 2.7613726763028557 0.0
482124 150.614562237283 1.42434786889043 10.396479472547883 0.3822679348386153 15.238612128397614 0.3711991214364958 54.94050475433934 3.5721024855407073 0.0
482169 150.623902770513 1.42264927421027 1.8708440766795995 0.38413463347459226 2.884212361067288 0.374321385954569 55.34094216555455 3.8441973352861867 0.0
482229 151.334587030564 1.42174101310106 3.849469653870433 0.4040779154572692 4.327168141146838 0.3884561586816186 86.96037059807058 4.213128906444783 1.0
482256 151.025898625817 1.4247431165776 2.8652877291704315 0.38253084701346823 3.2144892578552193 0.37301959980447813 71.74406060162342 2.6146961745565744 0.0
482359 150.638785106478 1.4223619364774 2.7358189248376794 0.36517922509236955 3.3946351188219865 0.3539631630268443 55.86652872395747 4.184064075804112 0.0
482399 150.559045767333 1.42323628242036 1.2990991280715516 0.360331737130018 2.402391161145055 0.35007970299105434 53.19904321544961 3.9385612881738874 1.0
482453 151.509959945837 1.42212880337346 2.0757914114921285 0.44848478107770096 3.803785168684612 0.42458369877383784 96.062074441069 3.5006650717924113 0.0
482518 150.687855248873 1.42075910690127 3.692229359486143 0.35664503741360515 4.6579308917396895 0.3464285521655891 57.69462066826635 3.043756494739064 0.0
482652 151.319533450843 1.42977543788075 8.278539506778658 0.394239171151745 9.955260493109677 0.38053219253746257 85.93880328995007 3.7702780376841347 1.0
483145 151.396681306932 1.41699774393523 2.6315938447104554 0.429432064293566 3.40815117385675 0.40855788100505486 90.29636870476357 4.215025044791542 1.0
483176 151.315665526058 1.41665662958593 3.1022901435941246 0.3991844029286937 3.861351293390293 0.3842177748901568 86.15860197460125 3.9349329796136705 1.0
483204 150.571382965537 1.4162965623173 2.1434345824485015 0.3710049872861345 2.8586937095428455 0.357624222470469 53.93984139099079 3.792884918532394 0.0
483443 150.643278380952 1.41441514056193 2.4063625279363747 0.3577244629353524 3.4126012116257005 0.3471917183564342 56.411411241791164 4.232278715359686 0.0
483883 151.3798338422 1.41235326677144 1.9429895911216022 0.4566646437939937 3.606817678729057 0.43783205536074254 89.57116899254476 4.104692599174979 1.0
484090 151.320976347792 1.4103608406142 3.854621352569367 0.4045435485103012 5.422371573991189 0.3897811324716031 86.62963834610056 4.056360042630103 1.0
484128 151.094136224024 1.41036137830623 1.981558426869759 0.39149541513167657 2.921058423316117 0.38096224129958906 75.48232111500371 1.5022235525512293 0.0
484359 151.401063512047 1.40751059683388 5.482573796312423 0.44425381760120897 6.131907829485724 0.4256958030309463 90.81288451358579 3.895383712227046 1.0
484686 151.23354018526 1.4061625260935 4.431631866106406 0.4212079348002123 5.10803908038733 0.4107001592443972 82.38749080256805 1.6167482949869376 0.0
484717 150.681020258935 1.40653048851504 4.710779740666208 0.39825611723337523 6.057676992941291 0.3895454436489508 58.1261975667855 4.300184625515673 0.0
484806 150.827250363711 1.40479538088874 1.8579374569141622 0.36625121698146895 3.0908967429461955 0.35602370437512376 63.84653081042935 0.6348622614291647 0.0
484981 149.179941483565 1.41048615424394 1.5620922254864495 0.38140917681438385 2.0926934328940496 0.3691543178469845 72.02027334312821 0.9951219619031274 0.0
485064 148.769825097594 1.44975292264109 1.9911461199894154 0.4493803528636748 3.716576712889602 0.4280568720313027 91.06705248946764 0.6555624159246417 0.0
485065 149.155602157123 1.45028654230227 2.145629240074546 0.4149542221850212 2.376559319933248 0.4047119190112216 71.65674720939133 1.1809354707275663 0.0
485069 148.850274766129 1.45143246859569 1.698069454088244 0.44147209322581044 2.730388615318657 0.41538154851336684 86.82126484460304 1.2519529786035049 0.0
485198 149.560832945137 1.5168083297783 1.3075575057748614 0.3945132447072962 2.351801863926523 0.3840289586199503 51.36228248864869 2.398929647034504 0.0
485201 148.982299634768 1.51663038070866 2.1633758606695284 0.4151594226364413 3.1944734808229374 0.40208770068695676 78.01342599964764 2.4157161447989512 0.0
485373 149.48961704891 1.57635931035606 3.1297776633313648 0.35353485205549307 3.669903714119831 0.34225164600873015 51.57545718514463 3.412708363111458 0.0
485382 149.223541546999 1.58269994129629 1.5413727892247973 0.3736542508485615 1.9837467949175476 0.36257536373920246 63.68025771949279 2.346532998635401 0.0
485570 149.42786097815 1.58538446749808 2.314743585966276 0.3495257289042559 2.952033076780274 0.3380195425867709 53.90533230071119 7.148654839337987 1.0
485656 149.428513271255 1.58592912297644 3.6904815934313455 0.35084182249172113 4.125092463849973 0.33947846689696726 53.85438030668673 7.074803811379534 1.0
485713 148.761343990636 1.58652416681958 2.2272018930287594 0.42692554938023647 2.485707997949173 0.40113349891644756 87.86613602170634 0.8354679209563514 0.0
485750 149.419001119205 1.58684169313947 2.891423735491725 0.34229994524590646 4.496113764267268 0.33118041358227884 54.246142977692585 6.649715191184013 1.0
486009 148.63487778522 1.58829124606494 4.716693417626858 0.46807080649752536 5.62780448634605 0.4227055551949683 94.80503139340775 1.1887937115957792 0.0
486559 148.950044453994 1.5922559642712 4.44035642281334 0.40554916646089334 6.138694680399796 0.3909962274215513 77.50654325401929 2.953045114987426 0.0
486601 149.198980903102 1.5920420065146 7.1952012758301755 0.4016972736931633 9.050652829889176 0.3906648596558906 64.59224594693539 2.40243402819158 0.0
486668 149.440999631958 1.59205406414788 8.724699166342264 0.3851930259119367 11.577449546740004 0.37500526478263235 53.05090658767415 5.644026504529819 1.0
486776 149.144841163885 1.59424032279556 2.415260853811218 0.3989179888603465 4.322790484175966 0.38650099309318947 67.26227826339353 2.6176983839339982 0.0
486798 149.066182196906 1.59404627189998 2.679721688312872 0.401439180178507 4.499499454371838 0.38943859448863055 71.32771140119061 2.6211152667699684 0.0
487276 149.119476207317 1.59779289446001 2.399329398133773 0.417333334850004 3.1483498762533477 0.4071740817013131 68.4527676141865 1.9459056146153464 0.0
487324 149.487554787454 1.59739876502109 2.571877245975319 0.3674985145457911 4.52563573695572 0.355915197639275 50.783245442070026 3.6559757742811287 0.0
487645 149.15668448928 1.60036876421992 3.2070907431536093 0.4402680588127653 3.3796193262840126 0.4310910364100341 66.464663893912 2.790638588357104 0.0
487692 148.949823851554 1.60022164723622 5.640997498327807 0.4508712204955836 6.403611440259327 0.4394860118493773 77.30120523361886 3.184269442533554 0.0
487738 149.047300234451 1.60103463555042 1.9040182407825978 0.4241744421068097 3.280751760483849 0.4131272457945541 72.1103194452147 3.4549262390382465 0.0
487739 149.450129289021 1.60130175612686 1.9778402086966584 0.40056168703528555 2.7122970992999504 0.390833287747096 52.27284824736284 4.084553181983655 0.0
488173 148.962193583151 1.60312887556918 7.094432378811249 0.41140238856141087 8.184489131727018 0.3984135095616448 76.56074917962425 3.4766533060556095 0.0
488275 148.993810412283 1.60396671689787 3.6719739338674464 0.4171805542094211 5.7693196287449275 0.40542996231267875 74.85268844158927 3.5135772021867764 0.0
488478 148.569814874079 1.60499977819886 19.650747038612174 0.5236996423967063 22.736445072175695 0.47135338944944044 98.07303194355059 1.4188372808972205 0.0
488828 148.684666410868 1.60700748013645 44.42796466078879 0.5442336263031546 69.93342925102608 0.5159937493923291 91.61580521223912 0.7370060332243399 0.0
488864 149.07458022037 1.60926993876395 5.2005641176026 0.4143715750168919 5.841895652386704 0.40393102597097413 70.44016570348944 2.406350179395805 0.0
489004 149.510923537304 1.61007390318195 4.045908699538736 0.3920627258176679 5.210545761172871 0.38358141322724487 49.24623122437863 3.578827016631346 0.0
489102 148.612013983758 1.60939664609713 34.19282069793476 0.5590611058214312 63.36009708691168 0.5101519743746059 95.61432440262409 1.8655843505610223 0.0
489476 149.201233275372 1.61277210902882 9.119876314936954 0.41489500205608426 11.211926516438401 0.40537273912193245 63.8047627455355 3.116314483924465 0.0
489652 149.019045591051 1.61437356744906 3.915642325114169 0.4076583877182959 4.69920360152501 0.3952763913250853 73.22231356996478 4.360770837096365 1.0
490035 149.497083263024 1.61707368902485 3.082207639938066 0.3720752305039129 3.8765935291629705 0.36184376515342315 49.556702845895515 4.2188905501375125 1.0
490164 149.22812927334 1.61815454940596 1.3161662255786095 0.3800213824202913 2.3962176131765416 0.3675922739214072 62.272247687945544 2.593199375878134 0.0
490329 149.495210968301 1.61830911575688 4.3080367727465605 0.3723446051179853 5.175929690535104 0.3627837025656339 49.58808398551834 4.233967990798369 1.0
490440 149.553076233658 1.61914864711648 1.8663695436278387 0.3616303326439408 3.241862736396096 0.3515633896378964 47.07355799609174 2.1412154416251235 0.0
490525 148.78431209487 1.61919433692222 4.438987541689356 0.42261964095093835 8.234506473300673 0.39956818588357784 85.81896943021346 1.5155220447401512 0.0
490683 148.994023084165 1.62148795143573 2.0649793686258224 0.3842475394759883 3.0722315216195555 0.3723721968467956 74.35981739782295 4.209933188795482 1.0
491084 148.818112499889 1.62378611284455 3.745349001001507 0.48347120609958216 4.703054333652864 0.46605078691613905 83.84882217733855 1.471438712159974 0.0
491097 148.797859316368 1.624038125996 2.0879230686542094 0.42688789841659314 2.976192240108726 0.40122923311197356 84.95768130347454 1.658934631324805 0.0
491278 148.973353741434 1.6253393019055 3.0753637223820474 0.3767171194392239 3.535667998829589 0.3638591375685499 75.36464177247584 4.178636820815647 1.0
491292 149.022720048803 1.62556667022262 2.3416868315699677 0.3856284894655933 2.8680614976423824 0.373034665324282 72.71639505536626 4.452974553496599 1.0
491364 149.224168096763 1.62565510833903 2.016812756173544 0.3705117187218346 3.4324238811089076 0.3586458691474838 62.22919000221824 2.860700589112351 0.0
491452 149.006058776243 1.62635120845699 4.282162833720705 0.3789093330174559 4.370481694757907 0.3669021331413472 73.58408804808863 4.3333838050906985 1.0
491544 148.793257630902 1.62710516322468 1.5825216136568658 0.40261390685951515 2.311046686056223 0.38082251689128616 85.13919163431278 1.6564438137298858 0.0
491750 148.788036839084 1.62671423871892 32.79466771099114 0.4445223849461425 56.70262915159452 0.4204359475287754 85.43657850852816 1.6097541740785721 0.0
491753 148.96483586131 1.62829397493132 4.5205747905169735 0.3819319752746664 5.150391976892083 0.36895402747061945 75.74491388898036 4.026005235072552 1.0
492063 148.605789244243 1.62982499520743 2.907171715975666 0.4785544166572516 4.361028265256063 0.4271521673078263 95.53037694181167 2.443942177657745 0.0
492447 149.184915840714 1.63158240562191 2.013404688799339 0.3839372559404308 3.4370737488165757 0.372516617719096 64.0440307739565 3.7150983915459688 1.0
492685 148.569645612551 1.63394450052974 5.525920593521591 0.5042564367828781 9.529697314538518 0.4404859074519566 97.48244911295195 2.367732045136736 0.0
492872 148.506545255788 1.63588327026929 2.1280579909704826 0.6350216459187191 3.4567455789266854 0.5248896533651496 101.0148424639133 0.7777268113129665 0.0
492906 149.024221850616 1.63627893715935 3.7714287418423593 0.3891664301847952 5.06593758283774 0.3772706824662392 72.34308913629599 4.085223698307002 1.0
492959 148.564155841693 1.63616088306196 1.7898464643024954 0.5242704843103154 3.253057817340788 0.42766071147998197 97.74773847678692 2.2534974682112234 0.0
493069 149.015099215811 1.63761091401819 2.0058508408532 0.3882886995951105 2.309969998662908 0.37721260286146974 72.7954212775936 4.0122573720125905 1.0
493138 149.490914610604 1.6380285759537 3.2437557429022053 0.35849106858739177 3.687262950105041 0.3488166488558137 48.98053171073869 3.740893088218642 1.0
493654 149.055184925172 1.64133713389871 3.3082930225032263 0.39263499050448 4.768861739711381 0.3816594912369159 70.55224216714669 3.2414454179750503 0.0
493666 149.195313188668 1.64128203529415 5.178391466457571 0.3890258736645496 6.255634792187617 0.37874343832334584 63.20985706085831 4.112058009266439 1.0
493752 149.536301307142 1.64263584410668 1.3679900850507973 0.3491560849434898 2.428290594603414 0.3396233850419262 46.79437651616338 3.9196039266047005 1.0
493952 149.335503748876 1.6434711264148 2.846573425190641 0.3605348379256007 4.388243905771611 0.3495150867222694 56.0848413943077 1.1475219838762778 0.0
494469 149.189846882643 1.64666312980171 8.392145129128236 0.38592265594419456 11.299976007639085 0.37444211270556427 63.326990242750874 4.2193084489210815 1.0
494479 149.060253958482 1.64770266885977 1.964330922095303 0.39708451387878635 2.4453721866875937 0.3858737941394493 70.10689283038033 2.91128785459063 0.0
494494 149.526697185721 1.64803296288085 2.0652372781693105 0.35642968258505575 2.207668673067847 0.3483299938893877 46.99069521892978 4.0757620895531 1.0
494590 149.139989653901 1.64855153453031 1.8634817707945364 0.41211922683912544 2.638412051428276 0.40232845432372405 65.86600235503164 3.357885960248186 0.0
494672 149.052430328098 1.64782374779389 6.778746474788339 0.40258713038816546 10.427584798216206 0.39016887622274005 70.52115851628025 3.1209493382185833 0.0
494826 149.244462128379 1.64962470283401 6.681592381647038 0.37022637689462057 7.548249576879055 0.35924339749926326 60.433018765883176 2.0384384401594615 0.0
494839 148.544770709034 1.64826686233838 5.209066098751063 0.5870947144119826 7.269414431568972 0.4551286718259857 98.6052302060048 1.4637528237919102 0.0
494984 149.543847598321 1.65025187456029 3.5476642412797417 0.3629144039026484 4.880785935862315 0.35486693766627414 46.151447056956556 3.7449285453202474 1.0
495237 149.131675688007 1.65275556957815 5.354364381031243 0.42824999549695414 6.44392524260139 0.415508647721394 66.18074798152382 3.484242795809802 0.0
495283 148.637991869531 1.65278089598653 2.736895335968407 0.5060171281900655 4.49706521262065 0.4506313379019543 93.24304451828534 1.7078075853439683 0.0
495823 148.613460215776 1.6575776116254 3.0132426722114714 0.500998144952012 3.401370492807145 0.4504170778473849 94.53124391153531 2.531204873791722 0.0
496060 149.552814165334 1.65958974105964 3.170963902926614 0.3457475285005498 4.361794893938012 0.337314778307048 45.37556588028167 3.3194149713865473 0.0
496143 149.492256950492 1.66005972021861 2.3282415458015198 0.3515745814610923 3.3128670100866993 0.3422317551023877 48.04863830109184 2.7515853742406517 0.0
496354 148.935435258305 1.66161764889031 1.7656605955905276 0.3808251162657258 2.9386895016880077 0.3629825195415292 76.49509200573365 1.9995211980563232 0.0
496377 149.138153625316 1.66188740095111 2.8414009607538357 0.40412050654311354 3.6179693864474185 0.3933497636620059 65.5775795022076 3.9176971945005716 0.0
496551 149.504979989411 1.66274001155008 3.2303845323423768 0.35898608677241145 4.345083217459284 0.3502809787039836 47.366617121057175 3.027154255318489 0.0
496912 149.583621508683 1.66578294045345 1.8434975797848263 0.3591570757098882 2.4275875063167254 0.3502299898389752 43.794538547994684 2.1201220615033347 0.0
496950 149.101492287862 1.66581625267509 2.8480180575162803 0.38887406635188987 3.215820106829577 0.3781656074940973 67.41062017356978 3.2286318804825767 0.0
497024 148.968955374915 1.66459996378996 6.377982375787179 0.3807991865875361 7.951593323840268 0.3680781829788454 74.58986101810036 2.488413352318862 0.0
497410 148.761595033182 1.6677001877943 38.24424470378212 0.4658607368704173 57.54969168606603 0.43606981314632953 85.98529543584841 2.306579219699218 0.0
497433 148.657189863119 1.66904047193557 2.4775326512673614 0.511476181372902 3.4782360456541905 0.4728187230516804 91.82955174426422 1.244199907746943 0.0
497449 149.276952888573 1.6687553943473 2.6612548787769983 0.4081641778048828 3.3259378219169915 0.39525766072161284 58.172169162272795 2.665553176614494 0.0
497477 148.880108987462 1.669668635686 2.245490771040397 0.4146389832380693 3.2977233079704398 0.3909665844458493 79.34690942583099 0.9776381180309903 0.0
497547 148.624638068253 1.67006223800709 3.641753256258704 0.4906945635669711 3.9602923450388876 0.43870666587962315 93.65081109723954 2.2132218260336844 0.0
497590 149.317559050149 1.67071883560871 2.998646043689653 0.42624708524110794 3.270069146640064 0.4174505987493595 56.05649500636749 1.6611762193132862 0.0
497849 149.173838068828 1.67256956944109 2.20091000093776 0.3956905177258003 3.4379023524057866 0.38336237382990135 63.39200444317146 3.8105211918480495 1.0
497874 149.206456018708 1.67278003208146 3.0972281289400376 0.40179927245666347 3.4134042148817483 0.3917891563018867 61.67932389866502 4.82389428225823 1.0
497876 149.481822387124 1.67181267566889 2.9474570632711545 0.4107054291342095 4.445574010139534 0.40141515783375803 48.07282248303418 2.0338171195840027 0.0
498045 149.203947241451 1.67314744363268 5.682028938786196 0.40488740689976477 6.383146828608929 0.3938149898603491 61.799162541517894 4.887457056531433 1.0
498393 149.003786645841 1.67614665837542 2.4752917657015767 0.3928239034813356 2.9848437714048752 0.3809422583057172 72.40251497539303 1.94152687254508 0.0
498426 149.129983376736 1.67629498299731 3.23312390612211 0.44884127222012876 3.98604526723803 0.43777582671531334 65.60448428295881 4.453000706507597 0.0
498610 149.136550724147 1.67787287063004 3.4704142229976047 0.42464630589192953 4.110805728281968 0.4150298846562344 65.21157880646743 4.275992181089851 0.0
499167 149.28663797674 1.68198523217415 2.819937991362599 0.4142442450709233 3.252167515106904 0.4034275005691687 57.2602756986811 3.7790846932282345 1.0
499241 149.199823915473 1.68244393069 1.690398931242402 0.4063392859439925 2.7626295643990884 0.3952033014530297 61.74146934697294 4.759637080653538 1.0
499500 149.203981448156 1.68368716635711 2.9760916805266615 0.38596718299149557 4.303380550999366 0.3745330583495634 61.48730177109506 4.745088085768036 1.0
499730 148.962945152192 1.68561348378478 2.662677852115731 0.3759998554922378 3.723228103047981 0.3615808920921027 74.4038176293672 1.7325690103744122 0.0
500234 148.765716811564 1.68867305736083 6.094571493230564 0.40848272402086805 7.21847649096427 0.3743772462498808 85.30950893639266 3.506026087427829 0.0
500268 149.552806914573 1.68999647861943 1.6108810733746357 0.36128826928232155 2.3268870303321156 0.3526700607307724 44.13527199041881 2.916462658924817 0.0
500329 149.111788062994 1.69022077768698 2.426359611200196 0.3855400764788028 3.0100822926649946 0.3733453318133419 66.19700546186745 4.661047789310102 0.0
500667 149.199000517134 1.69249877529736 2.6077773851225285 0.38344463694946995 3.3838124398460394 0.3708853792239552 61.494131041634404 4.209225727692146 1.0
500678 149.264865232935 1.69254047959624 2.5577543341220514 0.37328766755158366 3.0820023768351152 0.36113251791163303 58.05337303679734 4.560537518749874 1.0
500813 149.387467338158 1.69282433009323 8.768537250520586 0.374157827710905 10.157667961774838 0.3647922052510702 51.83520506718641 1.569501728277017 0.0
500981 149.102532154745 1.69436142911257 3.2587549228498816 0.3788365395539678 3.6878882244294173 0.3644629186635731 66.58473333169657 4.256449508257617 0.0
501062 149.555713267906 1.6950333124776 3.2400257743603573 0.3556443768492111 4.083791114843019 0.3477282847637751 43.8036873756671 2.806652148327351 0.0
501086 149.103711530849 1.69500871120578 2.9588768377874923 0.3784828144791041 5.310161998586758 0.3641174522971668 66.50412996418744 4.297833503382831 0.0
501334 148.732991863361 1.69669085262403 2.178405374249377 0.4135311204986117 3.2194973460521106 0.38592852175814985 86.99029439612409 2.9578460706879124 0.0
501622 149.046817571544 1.69878204511645 3.572848476941301 0.3900745506309929 4.073776411849706 0.3761039242604537 69.49028095491398 1.465681298638896 0.0
501635 149.274347868906 1.69893248808009 2.537675329792109 0.3767107766915795 3.0935138705306993 0.3645922095547991 57.36879644816254 5.1406142346941195 1.0
501643 148.743346858324 1.69877549012624 2.4056773046303825 0.40771088696416613 3.484911286482675 0.3767182677950948 86.36330289859154 3.893271050272223 1.0
501758 149.041751317889 1.69945038061718 1.7388116476169035 0.38795870690942647 3.005453052563903 0.3731660926461893 69.74983318010239 1.4821168366617945 0.0
501889 149.456216817391 1.69949126877989 22.56577299205476 0.38043890314733164 25.633639380607438 0.3728280761609084 48.25209050761094 1.2072068004185459 0.0
501970 149.268639557495 1.70135610303612 2.7062343326292613 0.37798051082894224 3.425772122600411 0.3653520237595753 57.59149414317592 5.029807630454819 1.0
502351 149.124573115463 1.70356087746914 2.475268218920319 0.4173536442788409 3.7049568321719573 0.40464954812758397 65.15484490547158 3.864974702461745 0.0
502520 149.244164256539 1.70482436295665 3.0952935541231743 0.3876700792750388 4.499666869500221 0.3737471833739773 58.76484038026146 4.013079196340254 1.0
502706 149.167167911193 1.70634683980969 1.8459089838287326 0.3909081087016163 2.8579891478556876 0.3772820552761156 62.795733238293245 2.140915743883123 0.0
502736 149.578763902951 1.70652799369502 3.613702971212019 0.37563910110424975 5.001584975568104 0.3678553956190569 42.315681620431434 1.9075925388312545 0.0
502748 149.384845432438 1.70689867750101 1.4377879200192123 0.4020569057030047 2.3613914908842957 0.3912770851773564 51.49254360293094 1.4845026016723097 0.0
502766 149.289915851368 1.70662472076788 3.0805660876396366 0.3819486934338514 4.992900200673855 0.36949366039268816 56.329935152120285 4.88644927295763 1.0
502810 148.639446035024 1.70666304524129 3.978493758315137 0.4750053501100961 4.299327318394442 0.4269568036142822 92.10815601067581 1.7941409182864239 0.0
503043 148.897185076175 1.70867429333514 2.351294231420908 0.40585893186362293 3.4843082973404043 0.3846010800223784 77.51556410383985 1.4702976722717398 0.0
503345 149.428657648006 1.71113480953121 2.2463422123368906 0.4267891571487643 3.286123686509255 0.4188367370763471 49.17949765815236 1.1451652795496567 0.0
503410 149.294695487676 1.71127887255 2.423861423868617 0.4090192280917626 3.5570824933453693 0.3990102459606717 55.94141713517236 4.403909388902793 1.0
503514 149.295869475348 1.71195365821662 2.4508962413115083 0.40890969586083664 4.229104683653074 0.3987068635951844 55.86020077822743 4.281682810920442 1.0
503702 148.59328768081 1.71335414213751 1.9165204121190724 0.4932592036105865 3.3311147065552063 0.4358728379210215 94.62370621047523 1.8436229460300042 0.0
503851 149.538850997525 1.71406407725574 4.491170045253401 0.3982955483787628 8.26961162080689 0.39050407482962235 43.82196571828216 2.1386721357761562 0.0
503929 149.227870389458 1.71466441585359 4.243870504592591 0.4080899438487792 4.887286302472538 0.39626246458950715 59.33867409949195 3.35688241868022 0.0
504142 148.60196195256 1.71637693819087 3.326849331908888 0.49960075001598764 3.83152580020506 0.4406512598196813 94.07308195217536 2.1059275781492968 0.0
504436 149.220912057709 1.71836644365887 3.470355286978812 0.400177072453951 4.144235895716596 0.3904884383671364 59.60271463542558 3.0083139328438953 0.0
504485 149.247814395433 1.71848288819392 4.409319573431852 0.39723033411029 4.993270945067072 0.3868061803742523 58.1774767212677 3.655608414296843 1.0
504710 149.385214867271 1.72088498034832 1.3285653325522202 0.40722396501191704 2.436057717267558 0.39765333621550397 51.01405974694035 1.3177467866089627 0.0
504888 148.744546101851 1.72154859552986 3.881221111688533 0.4420232584132548 4.8446841250257995 0.4143152393846108 85.84569070329209 4.683075919821864 1.0
505008 148.862220056974 1.72248277564148 2.4580081612042326 0.4065206989843571 3.0394271810344797 0.38047383667010504 79.17767704577876 2.3958304361445957 0.0
505028 148.689777988127 1.72241531725698 3.5370657954377944 0.4722579362087161 4.920534412861616 0.4372444816708873 88.94531063094563 2.0357921609543848 0.0
505226 148.532177703748 1.72365898224408 4.496705058293309 0.5595572062761978 5.029023375817182 0.4467540293131259 97.95309595436282 0.5226622324542395 0.0
505228 148.751602942975 1.72394009736766 2.112729192920203 0.4393715718753662 3.3204820041523355 0.4089627438279005 85.39880866289494 4.94932993471071 1.0
505440 148.912544412386 1.72554804514908 1.4919984211986608 0.38345245042290826 2.356388651676578 0.36574314712303996 76.2897580454538 1.2974301835300979 0.0
505702 148.754666609003 1.72709954945507 2.1885810922877824 0.4243879112865873 3.105213038611126 0.3808367259970669 85.16388297610808 4.89114158549188 1.0
506075 148.6881588097 1.72744887712123 10.257144594494207 0.46775093111225685 17.60181571768472 0.4306344664394511 88.94445187117184 2.1794533458963956 0.0
506160 148.61664052412 1.72985441799621 1.5778847302908374 0.4986894123627754 2.9196596137450888 0.42317584620742643 92.99353532634605 2.1735976730562063 0.0
506198 148.824183652945 1.72734641253545 16.765574112526096 0.4588990475652299 22.821155469561667 0.43660916980581016 81.22113015805272 1.860916568226629 0.0
507020 149.548414615752 1.73595463175225 1.9210345059734477 0.37160130805139474 2.024426184751181 0.36469299935568716 42.544878082142915 1.8170977550296836 0.0
507211 149.409516049977 1.73720314240092 2.1853310010702005 0.373837465649907 2.798538912299234 0.3648207523851728 49.25861296793927 1.2153238137232305 0.0
507718 148.609854666521 1.73882884209114 31.329028378153655 0.5244325064485728 40.824280352333844 0.451598625310386 93.22762064929066 1.8947144098124085 0.0
507909 148.662631463533 1.74082120592486 4.322046140676123 0.46631338620439594 6.321611455125104 0.4135062136041428 90.16360117941561 1.9664647332187557 0.0
508575 148.955364091988 1.74565807515284 1.3648584644397406 0.38532504722657734 2.5382211878311622 0.36607518712766507 73.46000220540942 0.8596485567064023 0.0
508580 149.463190262111 1.74505204286 2.440902165924771 0.4945881285170827 4.1235985278611125 0.4878075707785625 46.317651804310586 1.0064605217453018 0.0
509415 149.337434761131 1.74899916038525 3.6198060998468278 0.3762450296845404 3.905011280286827 0.3656046198526188 52.59028421868558 0.9306960165379792 0.0
509624 149.004611115505 1.75224039668941 5.646855278158133 0.39957937269983274 6.562843394519934 0.38447418340691586 70.56323855273085 1.0357836320819356 0.0
510173 149.051074091868 1.7563840222355 3.0554211273093506 0.3940702235676163 3.9028735603801885 0.378986530983359 67.8833923446709 1.2964423084582952 0.0
510293 149.031561093974 1.75759285962188 1.2849121232978473 0.3819215707718546 2.1626949654774164 0.36795857969570844 68.94211484207463 1.2266636409547451 0.0
510516 148.706486034463 1.75880303154147 2.5527166858282335 0.46918293980719017 3.744862134233763 0.43092331739280476 87.33298818887647 3.608282931698857 1.0
511168 149.579577272562 1.76372188360118 2.5626853450568663 0.3847969081473287 4.033977378796785 0.3779878141011556 40.044223819373386 1.9806562567799364 0.0
511414 148.904219176368 1.76450371322381 5.719489040680821 0.4048304580236723 8.200659701883206 0.38330741599237744 75.95267429436109 1.2263944338128967 0.0
511423 149.235418375741 1.76452688630984 3.0446461496736137 0.3860862777301954 4.581260472367364 0.37347075502833466 57.576533618573585 1.50457732071525 0.0
511691 148.938566141812 1.76712849259365 2.3752664110209882 0.410563191470737 2.9613926690896974 0.3917897364533217 73.95820875101903 0.8237943318720187 0.0
511735 148.832895670311 1.76718774393587 3.4558043522890642 0.4185419808658058 4.736299220978414 0.39118208768206525 79.95240952447325 1.9398999013540477 0.0
511799 149.166576460516 1.76772702230406 2.5231763877214393 0.4084278910398433 3.7749747563355505 0.39610513304559 61.241664622524794 1.0273418168066903 0.0
512145 149.389508327972 1.76979326771479 4.718432030181236 0.4294455904200176 7.388720271986135 0.4220940571649844 49.26086704586227 1.442071581862225 0.0
512318 148.921028124307 1.77096234525914 2.9601757323891613 0.42966093035732744 5.008481134379531 0.4119875889486603 74.87321113490039 1.0461128254677274 0.0
512537 148.768084851574 1.76939553492459 8.331221769364559 0.45840760760891763 11.189228782200944 0.42604527520487984 83.61508234095426 2.5863363056861646 0.0
512786 148.711885776522 1.77425879035804 2.092851344589402 0.4628980334155671 2.3878882961456345 0.4272743306242796 86.75685992666442 4.117176110966341 1.0
512826 149.19050934076 1.77480406914704 1.1418555277449571 0.3981687521973346 2.054401780609276 0.3878312342898536 59.75792826508917 1.143850402060818 0.0
512926 149.221440003798 1.7745838665128 9.693020717728736 0.4013432408325141 10.57638535341313 0.3909744579296099 58.07576110098727 1.350857974947608 0.0
512989 148.709515501228 1.7756535977375 2.9088010390501964 0.47495258024042414 3.4479123589351026 0.43865180933838144 86.86967986005335 4.075917241040594 1.0
513056 148.726564686733 1.7755540281254 2.114767550382659 0.45099552938647 3.6521757596670503 0.4123873132873674 85.89059715722864 3.877900010950463 1.0
513087 148.692371591519 1.77337163656347 7.160649206025316 0.48763546493855636 9.860607405178353 0.4477849123693358 87.8950077663474 3.2635398784036735 0.0
513126 149.39636407299 1.77700183710114 2.8153400057689733 0.3931235866594037 3.360459410749633 0.38570977704090037 48.68841017370009 1.4842882367028083 0.0
513359 149.083426736619 1.77801409543526 2.4967667893504077 0.40066101691239736 3.4899568543040176 0.3874633446100474 65.59904535312614 1.2553571319566585 0.0
513475 149.564046893261 1.77944038891139 2.3038618328402425 0.38378201807941614 2.6943577118797513 0.3781012475198253 40.20048905282975 2.4297572098285785 0.0
513949 149.104091656801 1.78199458962038 3.8456383061675097 0.3959497927848 4.331401681134254 0.38476821888817275 64.3596956012567 1.1631857765198397 0.0
514286 149.554273398403 1.7832785685998 2.5005554544834716 0.38056308360165003 4.350383223124258 0.3736775099492611 40.53417848259142 2.401398312759607 0.0
514343 148.754732499401 1.78502144627776 1.9355604296902205 0.4498653802267303 3.4964732441443496 0.4099738372740503 84.10958235683164 2.300695894174631 0.0
514919 148.836883956633 1.78920667245326 2.9563296046377756 0.40512053934126135 3.6208773264496523 0.37690014987434023 79.32225659666318 2.6732421014143903 0.0
514947 149.430112947459 1.78824402416262 8.700990771470044 0.3942914921643297 11.307669920717386 0.3863006474643068 46.59989747360162 1.57907463712701 0.0
514963 148.933125797542 1.78955788691709 1.4874943740937387 0.37923892736448794 2.7148219551800326 0.35612240378909527 73.82493167785735 0.9308363713134703 0.0
515120 148.670491143663 1.79033518689388 3.807400617174942 0.4795461606576848 4.664186765959452 0.4238421178998755 88.88085609559657 1.6479615070183427 0.0
515718 149.465380769971 1.79366110818129 8.795778675544357 0.38555976118458724 14.341662095768847 0.37772890080359783 44.619164479975915 3.1263216681261645 0.0
515975 149.46681436823 1.79661411323454 1.4199878978659521 0.3758528485675481 2.467230266832317 0.36846117501346726 44.45343645059996 3.286628202327769 0.0
516568 149.468797985964 1.79999752052885 5.334910116918007 0.3964640873702466 5.978951364088636 0.3898253160681916 44.24637180334001 3.425152348092 0.0
516611 149.540540225872 1.8000665923195 3.7007918053063857 0.3815101978243609 5.513279462103309 0.3753563484883298 40.625227187964214 2.38359160594087 0.0
516689 148.893918136102 1.80087965890292 3.434693792663947 0.34534184418081687 4.507700585561872 0.3287560251967322 75.84915758781804 1.306463531801253 0.0
516772 148.710794932112 1.80166374957688 2.3626349027495235 0.4525676547009466 2.690666843702872 0.4048733576589484 86.37011089262468 2.7047089060968235 0.0
517111 148.844606729043 1.80405139113896 1.4378134835173633 0.4090167774798681 2.3318766089356053 0.3829464512947793 78.61839837874805 3.154333165423004 0.0
517419 148.719952011985 1.80602923608862 1.295695941336403 0.4387348420967341 2.3938579623241374 0.393653891936481 85.7712955315191 2.285626341385021 0.0
517664 149.581486676832 1.80774020845216 3.237666860208188 0.3812455799440307 3.742935018506778 0.37658612219045856 38.351131832889685 2.993637581308559 0.0
517772 149.248017515297 1.80800990273934 4.453818330380838 0.37342864656772917 7.517430090901875 0.36211938312880737 55.79738489406427 1.143995604686809 0.0
517811 148.827645052181 1.80769088404832 8.107712995870983 0.4304868216832209 10.640030728457255 0.4066851429641589 79.53079616351167 3.1405146630874774 0.0
517821 149.168322871359 1.80898917330139 1.674107450160159 0.3899521218619534 2.6528299196380947 0.3773745571993609 60.18159619196724 1.4735406678645884 0.0
517920 149.134128217845 1.80983310377016 3.102240858348409 0.4080878191732909 3.5847890524799535 0.39699741516135534 62.07144971003038 1.3038543323565333 0.0
518488 148.719947141898 1.81274119612639 6.04366154723479 0.448564432990859 7.365607775516426 0.4132659940750458 85.66639976028094 1.8593851051828965 0.0
518599 149.004969756337 1.81438097278481 1.380116723442528 0.40909483620667664 2.152752551194653 0.39813024832132343 69.26641241951481 0.7602936062191614 0.0
518628 149.499122916861 1.81466324793002 2.1849946974129653 0.38604413230040974 3.3949135915107806 0.37930409482836824 42.23541854857736 2.3649822114203225 0.0
518642 149.535181852667 1.81454163961123 4.352801478480348 0.38901680997981886 4.788429971350957 0.3830130766222736 40.41058511554239 2.4588965616270473 0.0
518925 149.455253081481 1.81693430596241 1.5993538787552946 0.3696385207202176 2.6024069324975923 0.36151619139397206 44.43337456639191 3.161710281093987 0.0
519413 148.836273896605 1.81858841314982 6.350408514782408 0.4418292171193395 11.656011259790391 0.41721525985931873 78.85105395737406 3.416902249549827 0.0
519561 148.866682515302 1.82116079267806 2.114668427366052 0.43728447318193353 2.8763021343825126 0.41664398566216077 77.05682638160036 2.2285623138997877 0.0
519662 149.464620435416 1.82164032214951 3.605098588730903 0.37786573839892945 4.864818879146019 0.37077069341488617 43.80543773283081 3.268376766760269 0.0
519758 149.582435294043 1.82295616964545 2.3218535812296373 0.37057379444923677 2.7295892034762543 0.36555719477499676 37.777034125626365 3.313515507245913 0.0
519891 148.848097839045 1.82308151488132 5.846116023857422 0.43682871861894396 8.61653066798888 0.4081251156608122 78.09508198255946 3.2013006087817337 0.0
520099 148.810429219331 1.82440305736176 2.593131139839889 0.4437335646470912 4.3757026893226865 0.40958381896093804 80.24742011708368 2.3364336710168168 0.0
520194 148.664187130432 1.82605815404134 1.589389685771837 0.5076364566227152 2.8909170699051683 0.4475313585659871 88.70439229686757 1.000779708857986 0.0
520220 149.214282287069 1.82666676562571 3.3183374697685237 0.39749615006042066 3.514523597037431 0.3869839093059234 57.228676370714865 1.2917570485449181 0.0
520955 148.825759073187 1.8317443137659 1.483850470556834 0.4218470690522826 2.62644085678611 0.3956341790029204 79.2439367928643 2.888965392932348 0.0
521128 149.570795328538 1.83318419287504 2.849710129033318 0.3978060433112801 3.058096270037353 0.39259906612263656 38.01115977496786 3.5669561921615407 0.0
521526 149.569373379763 1.83562092225894 4.372046538144377 0.40413432374656544 6.295698392712398 0.39832400048310374 38.00221030023902 3.528279334712017 0.0
521543 149.456598323524 1.83387785619595 2.17862481883185 0.4014404473529053 3.887293639637335 0.3944886377639002 43.87007780347347 2.6879206924280554 0.0
521645 148.816984889723 1.83644698944924 2.959013771943656 0.4454794363078225 3.9705016289817463 0.41743492545186184 79.6773741862278 2.4227392494884463 0.0
521668 149.570944609824 1.83695194643521 1.7274509012068873 0.4016790624689847 3.0496083782808827 0.39700105261876517 37.87965138552957 3.480893467805589 0.0
521707 149.002479421711 1.83698774638454 1.3880899379973874 0.4176619812301557 2.2388627711144764 0.405872774406375 68.98856832783821 0.6964473198834943 0.0
521777 149.238222873909 1.83705703621495 3.6301144883887875 0.3966592575628204 4.17196998902246 0.3859982872703954 55.66408358450405 1.2859966343686469 0.0
522006 149.220184103258 1.83908333133535 1.5322919182404975 0.40246591444646623 2.6485466523848205 0.3923284669176026 56.62533754363909 1.2847703481778514 0.0
522201 148.605189327351 1.83873758117156 13.3710659824071 0.5368386794519889 17.076751042761263 0.43831573589997014 91.96834222126836 0.5804563038658411 0.0
523191 149.055029707232 1.84714609061549 2.9917158032836086 0.38911096933744976 3.2828252032949923 0.37682226224200477 65.80061631702357 1.7805056245424586 0.0
523266 149.488592993341 1.84735925884582 4.7387516039728865 0.39994860201540805 6.452021946533125 0.39430139619044585 41.79820281212338 2.3202976613957085 0.0
523374 149.397043374758 1.84746103538163 2.0469266675007423 0.3950611334168678 2.6316295286280837 0.3883898096167123 46.68505174474743 1.2251436793511965 0.0
523556 149.046314402053 1.84926474894921 1.3496363958359932 0.3955461300151706 2.4790217987046947 0.382690503215667 66.26001104668534 1.6828306759998906 0.0
523589 148.865378435628 1.84985630892427 1.8025498468906282 0.42016419600157295 3.017674725285937 0.38424086123376816 76.66587695989239 1.9603937476495987 0.0
523602 149.271949863325 1.84921879786243 4.120066694847443 0.40301970850142577 7.670964865983364 0.3913174287239704 53.515266221306355 0.6872060215342756 0.0
523733 148.83009728152 1.85035508283169 3.81842727002843 0.3994101211045151 5.982122858599907 0.3681654082866583 78.70307330364369 2.312262872105478 0.0
523782 148.843258518356 1.85126048105569 1.204993040064645 0.39412798501000246 2.187120630115846 0.36069989069868436 77.92590718948502 2.3263802591532663 0.0
523934 149.024815874403 1.8513467951161 4.240208874206284 0.36977449506316057 5.13525739144123 0.3557827481457918 67.45347524982472 1.0932393365041642 0.0
524799 149.066422687873 1.8573544401367 2.977902305529002 0.3521354450414794 5.093428104628438 0.3386066466302264 64.96398718259685 1.7315254820130261 0.0
525929 149.092371865254 1.8654574922865 2.2833734626072686 0.35435029284703246 2.428443183639569 0.33985943300594307 63.333680045358875 1.0955462260695046 0.0
526018 149.291144910846 1.86607282928101 2.1979523060434114 0.3983784240031757 2.4563593339909833 0.38961416857211456 52.07238413245796 0.527544550389207 0.0
526647 148.864847228654 1.86931467328234 3.019406983800789 0.4246722875741131 4.214639390365633 0.3857401106730726 76.40122611854686 1.8367210275566066 0.0
526752 149.082426587321 1.87051291166969 1.3137890228431086 0.36929744715627194 2.4600001986394187 0.35361574440481547 63.813271271812255 1.2861614199240494 0.0
527917 149.498380478917 1.87774237670358 9.266720838922673 0.42711920351690974 11.415888422599213 0.42178722151714604 40.42904894528979 2.326065644428646 0.0
528086 148.946874631414 1.87956063607504 1.9447340051903304 0.38811869114838143 3.061510323100967 0.36872417699732873 71.484686595399 0.5345745294566469 0.0
528424 149.499626334352 1.88217582408668 2.638503310169875 0.4198136316373143 3.4236918653120947 0.41522552461236667 40.24277142449215 2.2664607594298523 0.0
528481 149.591041205238 1.88262940332796 2.1429614827663976 0.46392071770510596 3.272390581167782 0.45978644064367363 35.41027926724776 1.797353065620438 0.0
528903 148.578139602617 1.88479796145969 2.567698461232861 0.5714784414711459 3.3806381827088874 0.43908083592893193 92.97936432638548 0.06197279797238751 0.0
529518 149.492618642182 1.88638047494503 6.55238897357391 0.4237276799038006 11.477099924242268 0.41856991346001704 40.50797917153893 2.120916527562653 0.0
529650 149.557490836062 1.89021387977124 2.156022671449872 0.41324180142402894 3.0807204263388495 0.4083622042139109 36.940259058592616 1.4417070766487152 0.0
530258 149.415149751297 1.89408443348921 2.467770222060739 0.3901437751243987 2.9176331355739213 0.38355811508231596 44.54930647860964 1.5862876100728045 0.0
530365 149.171236522394 1.89420206581206 2.6391417530109504 0.38499466112694 4.498401218496651 0.3726834526960434 58.30519691141867 0.8066501010613187 0.0
530395 149.444484963279 1.89487820477549 2.3330007214065422 0.3739274471739365 2.859953190681947 0.36687128381901046 42.91415560473401 1.7462652280134068 0.0
530495 148.888910849371 1.89517029034242 2.2091775824889814 0.404347614877549 3.204939320622602 0.3781356514207954 74.6299006833849 1.3632515695795022 0.0
531255 148.838522630287 1.89974863585139 2.6839349230000646 0.42847815329621797 3.644112759771061 0.3967711376842039 77.51243426751736 2.200439514931213 0.0
531621 149.45319455206 1.90229571868108 3.375695430614079 0.3787618379770976 4.154059885436599 0.37296020334803887 42.257580063490465 1.649045606327873 0.0
532429 148.800993782249 1.90710205128454 3.2458683044958216 0.43077783070677284 3.451525321062141 0.4015195390482913 79.61718403045826 1.4501637363491213 0.0
533101 149.05003614702 1.91126591162289 4.566611832808961 0.3751084047918117 5.169628693425952 0.3586418817574625 65.01859963900121 1.4528612240774723 0.0
533908 148.717920780541 1.91653466427149 2.254347933789615 0.5036118243857868 3.3137064800043747 0.40798848539349597 84.38780525949701 1.2333439577597485 0.0
533915 148.870661650448 1.91669280857215 1.532726295116504 0.43153368004312204 2.665873841909812 0.4050346950103928 75.41157172659635 2.005276746055113 0.0
534032 149.031694974244 1.91741549270813 2.6856881314278467 0.37331163410297796 3.343646806338723 0.35914119875917594 65.9942503685056 1.5670580586292788 0.0
534233 149.373624643355 1.91829305205825 3.6219546584556723 0.3710186150202371 5.3730016077489555 0.3628606140701581 46.33837898174121 1.0559295408948757 0.0
534316 149.12943944117 1.9192074515656 2.136235271490411 0.3772909780358582 2.8229618143117827 0.3640969628218834 60.293605312804615 1.1627785129371515 0.0
534463 148.986547918431 1.92029657143488 2.470479206955782 0.38094476620749324 3.541743841929448 0.36510421621805883 68.58513828740985 1.2744422149636137 0.0
534653 148.879760377057 1.92137240142779 1.6648073463947037 0.41742792890951025 2.596829375019118 0.388814913278512 74.81909738978885 1.6469425950492749 0.0
535274 148.826045271163 1.92517445679047 3.0661768586514504 0.4346911286773436 4.134314569478057 0.40335837046087575 77.92622740681581 2.250013685708205 0.0
535584 148.845695791243 1.92628461112693 3.8049080840176677 0.43454602585714885 6.963572960697582 0.40647214450874164 76.75820034854247 2.56307573254182 0.0
535672 149.38269048564 1.92814910275734 3.1989551046144595 0.40059719368446645 4.289241615915989 0.3931485524103472 45.62693353229779 1.3873685766323691 0.0
535727 149.108556532349 1.92849053274956 2.630253243666738 0.41992956773308693 3.488809443688151 0.4076182658991968 61.3625249097576 1.328529921230349 0.0
535946 148.914013528012 1.92994660056413 2.2817797037365786 0.42771785162905573 4.156160678243963 0.40812532746212976 72.70292337528008 0.8662073923682231 0.0
536267 149.095067912237 1.93234723239926 1.3846246290149304 0.40393626371307556 2.4276533489002206 0.3909101532078555 62.090125357477405 1.336787306699067 0.0
536276 148.997616206665 1.93163709476462 7.70566086859662 0.4175074651687636 9.5661455586605 0.3978669332398621 67.78503689135201 1.4059112293698413 0.0
537041 148.764873666423 1.93653123186471 7.745674189330369 0.481691544465893 9.469862521459445 0.44305474433606246 81.3986978394139 1.877439321795915 0.0
537983 148.677447763821 1.9437430422426 1.864040742097771 0.5262727611962247 3.243265137380769 0.41729160042116087 86.48682501358759 0.7653472664147726 0.0
538184 149.405489864114 1.94418345104098 7.342371697582311 0.39217340902102404 11.037661917621946 0.38468649120586285 44.01926557226415 1.6560591881786417 0.0
538374 148.789897519818 1.9451870942872 3.262065451112986 0.45633322377627134 5.358162254917243 0.40977246947359164 79.82919560107673 1.771707360708388 0.0
538591 149.174358334035 1.94776270988096 3.6542425721760794 0.401179212312133 4.387490261431302 0.38749495825887775 57.25333288893951 0.9683005304222253 0.0
538662 149.411123001987 1.94831101476373 1.7886095446080876 0.38870654087691225 2.3633827916192467 0.3823551572687378 43.61959558525838 1.5709472038004517 0.0
538748 148.738806139963 1.94857810917847 2.3214723756930855 0.4937012873554889 3.237629472671267 0.42302970329832695 82.8108591137929 2.1094011650889257 0.0
539050 149.533084137289 1.95013814826842 4.667338277476852 0.39287096247618336 7.879408672198287 0.38773445029649284 36.728116496651154 1.6326667508515185 0.0
539180 149.545394000452 1.95118839920225 3.013855855443242 0.4052963303982458 4.862173204427412 0.40000649489708817 36.021781954383485 1.8071401558265379 0.0
539265 148.933992626806 1.95153427052378 2.7018336537760494 0.388889805079986 4.0959148985213405 0.3714064657176101 71.26858262133229 0.7205774703021798 0.0
539312 149.264372293141 1.95233930896614 2.209798749709549 0.3781209824305343 2.8920521407921003 0.3676956974256351 51.96438943948736 1.7815540085026353 0.0
539721 149.070971810744 1.95498172125506 1.1367524052177627 0.3719564225676362 2.1111637049210277 0.357201199986833 63.18630123483938 1.241500040988784 0.0
539916 148.725578294401 1.95449256546169 28.59680335332444 0.4912625542012796 35.07154292500136 0.4254605746459408 83.53384401023506 1.800649758300455 0.0
540253 149.567758746297 1.95820434631204 2.5774260721446316 0.3974483348160675 3.858861614946427 0.3926237732067648 34.62215248262155 1.8281713903902448 0.0
540366 148.73184828967 1.95913665979284 1.5837712414303255 0.4694981803774335 2.523943292665977 0.3985173474597548 83.11757555140726 1.9002051588460473 0.0
540395 148.682049513247 1.95872803204784 4.992637567040111 0.5484736832111445 6.144667017116651 0.4178012128086572 86.06983648556704 0.8051698312104244 0.0
540435 149.089499837559 1.95975361435665 1.23929435552705 0.3623310456346761 2.044923303299445 0.34631119581816855 62.039672234379914 1.1636969599683056 0.0
540637 148.754040417606 1.96084963274941 1.9811688966205525 0.4845881194841708 3.148862527529313 0.4045819558810313 81.78774679769681 2.0114377258626637 0.0
542633 149.013867382376 1.97418351283838 1.5425599079833252 0.40660146796492463 2.570779654712838 0.39244933179989194 66.30736239611339 1.3463008078381724 0.0
542867 149.047875077712 1.97544072939047 3.166395348507373 0.40745447172288884 4.152048970057893 0.39467659762008356 64.29114087433149 1.4896137268063467 0.0
542996 149.523968385731 1.97682719550755 3.311946917537066 0.4025321548767065 3.5782732151647965 0.3983076089028771 36.66625002282146 1.5718470350626959 0.0
543055 149.071548465791 1.97672711821959 3.160365392623396 0.4013759219390856 3.6020412827560433 0.3867752297556333 62.883695036419184 1.2425371652931774 0.0
543089 149.247004617948 1.97641524133804 8.380472205993678 0.41551324093818626 13.691698183894701 0.40551623911893925 52.61164752050066 1.9048422690606153 0.0
543364 149.174950752645 1.97893811358303 4.2787572665229225 0.40084517136248704 4.893793759822523 0.3895540630416992 56.78799616214349 0.7655785135096398 0.0
543584 148.638925105556 1.97986582586779 4.395863964651363 0.6041844092535836 6.069562730356207 0.46540843956381855 88.44168246977469 0.734589452530271 0.0
543818 148.809964567277 1.98248515349612 1.861787360254252 0.47816116154621874 2.4804961200498004 0.41928477053295815 78.27129842342882 1.6938257484538137 0.0
544077 148.594142757362 1.98342458491882 4.892869016852657 0.9319597203157598 8.730540094154716 0.4602914486547018 91.07396922154442 0.34264515755640623 0.0
544772 149.249406521943 1.9888782723653 3.940740965417186 0.39837951935442795 4.634027731742867 0.3887373755787881 52.30076662230117 1.620506970887842 0.0
544945 149.486756539629 1.99003512193348 4.168358500295891 0.41645372610281217 5.913481735087824 0.411563885017307 38.53093844231712 1.24001651746597 0.0
545369 148.966341164148 1.99301092799522 3.786916943405967 0.41440082807859324 4.799621368794475 0.40080238899586895 68.91312331180802 1.3518138153246635 0.0
545996 148.803181463201 1.99671603582904 5.314887101805916 0.45999111754384714 9.124688532958888 0.4134489719958906 78.54756316401838 1.5354337820648873 0.0
546197 148.869881506836 1.99876781061993 3.542136042717006 0.44013638929624754 4.103118998030958 0.38854076870359755 74.57231430590348 1.2303068886106197 0.0
546262 149.056052096049 1.99762976382517 6.8114540313800545 0.40568371129094377 8.69075782103214 0.39173838844694875 63.56458334906122 1.75218826358646 0.0
546706 149.228202038797 2.00241932035886 2.7624664037145625 0.3852912914607521 3.007803034225724 0.37461520042575547 53.371251331261256 0.9794514261426747 0.0
547545 148.857141667293 2.00774259142362 3.0296719806989123 0.4524516966113386 3.7265694069633977 0.40613096021245076 75.25104838932106 1.3624447322279671 0.0
547738 149.481897129407 2.00964152987704 2.0541717459609266 0.4552631200216967 3.6122546185501934 0.45040902018856555 38.476246566019974 1.398427442159412 0.0
548286 149.45834144704 2.01302366102413 2.4118274623664377 0.4307683966352618 3.664571846169698 0.42457512542485415 39.78629356655843 1.104372868092858 0.0
548323 149.524256190687 2.01318111857227 2.0585860998122487 0.4688498050373217 2.9665447821825133 0.4647783306441504 35.97587603613286 1.4738966053329268 0.0
549611 149.568413059327 2.02174675289336 3.242641244369333 0.42835686393271144 4.468055799120634 0.42436364641367147 33.29149501247707 1.6018825639048697 0.0
549832 148.989201198932 2.02174249413589 2.562232550674987 0.3727324560742363 3.5954099676790654 0.3542325927202553 67.29309826856363 1.6147239286433992 0.0
550620 148.871642038749 2.02725925956097 3.7859086770469688 0.44216557396220224 5.337989652822455 0.36622372431252803 74.23420709470686 1.0863538625677294 0.0
550736 148.946322606846 2.02804902776614 6.190150429182108 0.38792256061498115 7.019326802825394 0.36298377193192854 69.78747446285455 1.3725546531253197 0.0
551189 149.315778603282 2.03182986993241 1.1220057845281177 0.37771980344227285 2.100205749364446 0.3661300712951656 47.876315393994545 1.4519063088730493 0.0
551415 149.386386134901 2.03313747550902 4.940456721051594 0.4173021655552382 5.308475875924117 0.41142719028872016 43.709464849690804 1.161298580744825 0.0
551626 149.328427033885 2.03437950910231 2.7276493796702175 0.4117427995704529 3.837710951202273 0.40420301569770145 47.10264862964996 1.7611097892402217 0.0
551960 149.09219214473 2.03703142911967 1.7053848874208617 0.3674548048898796 2.9141502010383435 0.34910560110544975 61.04980745611701 0.877817554939362 0.0
552561 149.039032385096 2.04013495353334 3.7219321552472513 0.37403828802025546 5.1172459915730695 0.35338377591834946 64.18132952172768 1.5504906253334982 0.0
552900 149.336310844977 2.04348823649728 2.1837858644150137 0.4471313435294523 4.088402305788356 0.4401236903639591 46.53766146637241 1.954990421540969 0.0
553777 149.149112026806 2.04911859055276 3.386906396657587 0.385564091340465 4.661044371107462 0.37003185674929884 57.568681637730236 1.634387344318526 0.0
553813 149.172001757015 2.04955138503141 3.087349439227593 0.36480705202929337 3.425634912181659 0.35254298914900406 56.20608656596963 1.7523974565238853 0.0
553821 148.989384725625 2.04970655778886 1.2884643076555056 0.3729042318204322 2.2284182956216245 0.35193760573096994 67.06248201417317 1.3891332525755091 0.0
554561 149.162812872524 2.05494634631625 2.4652986664426515 0.3688445338002097 2.6981918682523203 0.3564810018371888 56.70706838846932 1.9167998298301248 0.0
555682 149.141809408605 2.06259392264227 1.2493060196318944 0.3425019808543043 2.1823405506416576 0.3285985094777563 57.896558212947774 1.3754862994487496 0.0
556202 149.507286598045 2.06628073182359 3.384211270935712 0.4216726343382707 4.139627467397141 0.4173083050989873 36.2096163803203 1.984889105868827 0.0
556303 149.313508548424 2.06695226436964 2.6406978204558724 0.38195746152468885 3.111918207886653 0.3734510667145568 47.65910510337653 1.3840025428312581 0.0
556507 148.82368187189 2.06783835584845 2.081604897220831 0.48411668038437555 3.660979143299119 0.38910243817144285 76.83205703647697 0.8668231626020563 0.0
557081 149.185834630083 2.07212665503331 1.9897439169929303 0.3649896240241265 2.0906535099435946 0.3528456716492681 55.206742424602325 1.2174265007905503 0.0
557285 148.795917582664 2.0725084765768 4.001874192660282 0.4951666339706318 6.405033640062815 0.39528908098663157 78.46622476867172 0.8237326048719629 0.0
557684 149.456337834742 2.07595688728955 3.5723341220460423 0.423885699364544 4.440666205262119 0.4193159145353888 39.11348762939589 1.7548482206581058 0.0
558103 148.662891359498 2.07742357953319 10.091228006477126 0.8610955559719179 13.501003328089254 0.42911909247375507 86.39485475010216 1.2132864504558274 0.0
558110 149.479697331039 2.079164411619 2.236622889302762 0.43628235760612744 3.005614666177936 0.4318615972294871 37.70021252934098 1.9779347353968793 0.0
558173 149.4436259033 2.07946297246887 3.120141071733617 0.4237312799601002 4.439029994040393 0.4186501216980924 39.832668997652135 1.4433364667815705 0.0
558870 148.87370031458 2.08358721435792 2.946375218976195 0.4835844616361317 4.7063873496906385 0.4001084910446109 73.76345143433323 0.885723533376739 0.0
559493 149.47501671272 2.0885125419291 2.218270341973322 0.4601250229779095 3.838841786062854 0.4553497003139634 37.8899554891962 1.818125804326588 0.0
560241 149.55882669832 2.09345938669925 2.2336315548339374 0.46228261246074187 3.2341504058119224 0.45826281563534677 32.879266055474254 2.7750101486917336 0.0
560343 149.545988053996 2.09357270186031 5.213675355858283 0.4962921418063778 6.559801467162478 0.49257027333595993 33.63810289462113 3.300376446894424 0.0
560718 148.990043492019 2.09606069711462 2.6989239641107585 0.39238091304111966 3.5576957962909286 0.3705774385257644 66.75017946782803 2.397987692062176 0.0
561245 149.508882875162 2.09747121905957 4.129513586134703 0.4890590730025298 7.325564802598222 0.4851437179816596 35.80286141195491 2.4284542393250796 0.0
561369 149.123310453896 2.10132004414289 2.802861915321428 0.41123781214718547 3.5662532141320686 0.39795467423783937 58.75989703522679 0.9507829126299475 0.0
561776 148.753269624151 2.10317904786311 5.775419138339834 0.6565723948138165 9.094662012697057 0.41189081416405243 80.88550299520686 0.6781683671841099 0.0
562211 149.075080102595 2.10732566146867 1.459151342791208 0.40875762321225156 2.5070212882701832 0.3885517271195918 61.61498956726746 1.3775697477165334 0.0
562277 149.530111318642 2.10745407101263 4.0810259105113 0.45825575372289584 5.085050349557085 0.4544855509384185 34.46043098846367 3.39898493732548 0.0
562463 149.002710596068 2.1086648070793 2.8141573256293615 0.4132931019475986 4.802604452220669 0.3887507282705458 65.93796640323202 3.2882389827027407 0.0
562735 149.033770545018 2.11034492320726 5.337237113532498 0.4474324548861122 6.011939879732438 0.4262231698941038 64.07306828956351 2.4698854311451153 0.0
562978 148.906776203542 2.11197865369105 5.587451362628951 0.4798639149425945 7.726422738791802 0.39658973446011125 71.66622053960114 1.8398235182530336 0.0
563022 149.004797924699 2.11303143087015 2.449911181009909 0.41483930580723033 2.8915726410267055 0.3868324253201208 65.79601650159151 3.395486187826602 0.0
563591 149.226184474566 2.11692339686686 1.4905107011180325 0.38581231810879074 2.446832418640707 0.3737521284743041 52.53708819217087 0.40479690356847764 0.0
563612 148.767795213239 2.11479405078353 80.88165852275631 0.7491474626109699 132.97706293890442 0.49942323388736237 79.97764519248537 0.6498294587444475 0.0
563625 149.024245026992 2.11689543317613 4.414742276520949 0.4198934733419867 5.1189928920050916 0.3951225406897781 64.61785766274065 2.96242606449445 0.0
564077 149.539430711273 2.12049787345371 2.4271014683367467 0.4356566288764066 3.336276120488488 0.43147398240089124 33.81205248125136 3.138664883646349 0.0
564782 148.906601487775 2.12414447305212 3.477386814458402 0.46671926289389115 5.9869454825126605 0.3780698640898183 71.637349384239 2.095068097766783 0.0
565508 149.545546022668 2.13049221446813 1.8284978104769611 0.4259523226456903 2.94473873149188 0.4208203024588318 33.38671647454147 2.503777940519336 0.0
566312 148.989058125839 2.13534473717807 4.949846610158177 0.42439761997870357 5.69777958980849 0.390126654090527 66.66786339735773 2.6066032646569286 0.0
566515 149.087817381352 2.13732935588779 2.25128399751264 0.4097836085346388 2.549085029932735 0.39336412931658654 60.74682765679761 1.5585920089306105 0.0
566704 148.857569046154 2.13668081507304 47.74827722388709 0.8772631453408789 80.27526858802628 0.47381096618056956 74.54240942425061 0.8203561991668601 0.0
566744 149.119923349926 2.13878338519696 2.1421862439004533 0.41499259910499575 3.843340261872249 0.39916776167964757 58.81983550574019 1.7580413737756728 0.0
566768 148.942041231438 2.13864325411662 2.820996942697759 0.5022344556847859 3.914951760731474 0.3964774245092998 69.4767378865745 2.20190405702565 0.0
566912 149.061042932963 2.13957767707111 4.491106044420494 0.4017387083830259 5.227077866969341 0.38268817340117417 62.34494220719053 1.7702667408896169 0.0
567916 148.955465270513 2.14728495906588 1.9538454216081196 0.45198255681929234 3.1554357353752627 0.38388417860628543 68.65458164327973 2.0362674070196527 0.0
568548 149.510479048435 2.15225723163914 1.7076684739740122 0.3969216429796834 3.0381017652243547 0.39142157051092735 35.39081221299589 1.3903044432839666 0.0
569074 149.445299748466 2.15564906867444 1.661199264906722 0.3965949253411287 2.180942017333218 0.390820994061926 39.285569455222706 1.1964003782086137 0.0
569557 149.008160859077 2.15818626351685 4.41342883208964 0.41245440921978266 5.216958368367612 0.37972126975388965 65.47888338029851 2.0076669251388717 0.0
569574 149.142189310808 2.15816553989339 5.101936439816428 0.40851673896713314 9.331025836939627 0.3938061494575303 57.44514618455306 1.8512595867983295 0.0
569587 148.981363748182 2.15834555960752 4.295039170502112 0.4843600394664519 5.737222520385362 0.39170185732405033 67.0849792393665 1.8315452689646103 0.0
570448 149.399578027103 2.16416146203708 5.971478276905748 0.38405610776558347 7.391545517387 0.37797298800892815 42.00864805291628 1.1668506054755214 0.0
570588 149.387960964233 2.16590153936946 1.1714862558055865 0.3777000288638395 2.136382335274804 0.37065168870069004 42.702443953041495 1.1979983512608183 0.0
570792 149.111294753025 2.16330716230863 80.35171965490365 0.48648760913610695 122.3728247913601 0.46987067893040957 59.29021536521323 1.794705420128702 0.0
571387 149.489560221739 2.17095143716419 2.4386927098327584 0.41476239398743414 3.470919415183691 0.40967345696202023 36.605907322883496 1.3712460769697667 0.0
571528 149.269064653494 2.17172303092872 1.5431444335759583 0.3666346169370272 2.4030213161084877 0.3549573676201089 49.82391634064317 0.6235083488278349 0.0
571642 149.261286079464 2.17232525068606 1.8377348342848023 0.3788906575516358 3.438016540942197 0.36701192910260705 50.28982125785531 0.6038584517241959 0.0
571793 149.044678998468 2.17265139949916 4.61401112592282 0.4320590757251051 7.712044191957022 0.4020363803068426 63.27600201176513 2.229634304828038 0.0
572447 149.421956886735 2.17778288268442 2.0815200846062876 0.3790369928220041 3.2839591691315717 0.3722333288525158 40.65391313218671 1.3727738690626752 0.0
573719 149.13643684266 2.18575140066318 2.5000805590945445 0.37753169667284364 2.712588556330385 0.3618482774423619 57.772249753789104 1.7774166794470503 0.0
574680 148.91803321539 2.19151434217128 2.8289603038869764 0.5192381460703085 3.9895106130554994 0.37467238678149006 70.86868747338559 1.5907834446181375 0.0
575131 149.064247406871 2.19460118382708 2.693567692965344 0.3837547533444009 3.0971833744007666 0.3663317245669653 62.10447815178593 2.0795870662553315 0.0
575238 149.594215155578 2.19463263635331 6.975153520040189 0.40171450898354233 8.493568952655995 0.39730036471545466 30.334514003379994 1.8507463226814984 0.0
575831 149.552305398527 2.19786555934581 9.599310145660445 0.3884095689318394 12.26479454940858 0.3835939647574971 32.851567444181164 1.711919675105443 0.0
576227 149.312948350517 2.2012689926834 2.8350131251044943 0.3856707329314414 4.832033416504463 0.3760261195068947 47.202798471010695 1.3271774024214011 0.0
576571 148.893358540394 2.20327386858604 4.352303616461598 0.5304715273858976 5.099986025944513 0.38808604048360174 72.35679777424426 2.2907927609751577 0.0
577082 149.465930031389 2.20722392623952 2.737908114616344 0.38625218834475417 3.180058375239 0.38061935338400493 38.04653953206712 3.5272256174057297 0.0
577204 149.488725707457 2.20734638840917 4.098696862783405 0.42611304488216933 7.275413934106989 0.4215362277471135 36.6812322382309 2.26447890116653 0.0
577229 148.890965534389 2.20727422715712 3.3929055308454856 0.5417364273632166 4.6759674315033655 0.3997549117668677 72.50478750894723 2.3263689768130087 0.0
577274 149.456248692094 2.20853606690031 1.637243522930633 0.3945152926498 2.800418602948597 0.3890560168478909 38.62969392219363 3.5932113472420992 0.0
577372 149.458350224109 2.2090296774839 3.60745216180637 0.39283800124186063 4.017245719324186 0.3879189752878309 38.50503465832 3.613764644847117 0.0
577560 149.342857358952 2.20768198480765 5.844779281281184 0.38151093063385205 7.0475945433639176 0.3735568937033011 45.421489185325136 1.8150014506029484 0.0
577763 149.011593064158 2.21139686176453 3.7505448556707703 0.42533622038912283 5.556241057177153 0.3905776527655836 65.280347507544 1.4340774061001638 0.0
577941 149.134609341863 2.21259611261013 2.3943148085573083 0.41435566173833577 3.5883823078757073 0.40086406922303647 57.910059558946095 1.5477405436696925 0.0
578027 149.462139518341 2.21372707118047 2.2538137340317785 0.3973613295299025 2.6124959501271023 0.39238468635427887 38.29098857148474 3.506470107195495 0.0
578274 149.4176355425 2.2152354656751 1.9740824481384494 0.37819036602283895 2.485854969646037 0.37246394365230023 40.96046028872286 1.965303674977909 0.0
578763 149.319986661364 2.21807031293643 2.894813201184999 0.3676812638618179 3.7557223849216905 0.3597415910331185 46.816507217009416 2.0133825139286947 0.0
579385 148.899734812252 2.22136941162018 5.0393367186682205 0.5310593288798283 5.657499583589704 0.38208734831584346 72.00161399389663 2.1223302640987525 0.0
579635 149.332936850559 2.22398932349402 2.436464191622168 0.36310578914422487 2.901367254824841 0.35362080921893047 46.05890959262568 2.3593582648133355 0.0
579894 149.017605543153 2.22547313910856 1.228991694829417 0.41006237715602567 2.1867362567682838 0.36777981938370846 64.94816703664652 1.7255597794934694 0.0
580184 148.92451042819 2.22649707876339 3.5468697100763946 0.4884523468042034 5.024360063330226 0.37060695257892534 70.5278624463103 1.4403703388524238 0.0
580296 149.025820368493 2.22784110512087 2.0780589748151694 0.3985822864380566 3.8550432976289093 0.35023359046137326 64.46190538606159 1.9602873634892608 0.0
580308 149.061861184268 2.22753054111063 3.492173953660967 0.3718658361276035 4.734294475464175 0.34687140109429704 62.30228435103488 2.2353784287445535 0.0
580392 148.896516895286 2.2284900625703 1.866902546247793 0.5160984334071786 3.367950547088276 0.3709676318051824 72.20953097047253 2.0803789290535355 0.0
580554 149.067113300234 2.22721745193837 1.9048802721449674 0.37059361033373334 3.1219749027933563 0.34658872921416356 61.98687631882679 2.1394948861294116 0.0
581040 149.363272683939 2.23220757756119 3.249342822231215 0.3713217135479807 3.8070800604852293 0.36297432375141586 44.27367797647723 2.5699205393235274 0.0
581255 149.034282254693 2.23288846860687 6.476582887752189 0.38208141960174075 8.512898125069343 0.3577438441711119 63.968681689047735 2.1321229295683195 0.0
581528 149.389201246767 2.23546531095948 2.343984001033699 0.3878270293589086 3.7886955219480885 0.38057582360887493 42.73705604314466 2.36855951823249 0.0
582416 149.440189838523 2.24131778776094 1.4832617549816152 0.3928236627907607 2.65170829353045 0.38701080807325045 39.71919594940734 1.9957558934697373 0.0
584176 149.500768113668 2.2525812429141 3.814058729722966 0.4190414456886122 4.640153394196111 0.41472346340227817 36.17611325511093 1.448058657781844 0.0
584464 149.067448967897 2.2544891954478 2.694914104732164 0.23492796291932577 3.757571778773893 0.22176837444112782 62.05946369478427 1.3025259154299411 0.0
584724 149.365987774959 2.25559321949816 6.78837680443409 0.3894170201850188 9.441914877172987 0.3824717769159234 44.22901353860216 3.086870067292414 0.0
584925 148.854452414073 2.25723530332742 3.5099368092873764 0.65133863762767 4.652582816384387 0.4138221290823764 74.8132911554168 1.0131101108399918 0.0
585200 149.329845399923 2.2597508947461 2.491935140859776 0.3860174248254903 2.980208453526846 0.3785474300170962 46.409957285166065 2.358092176999369 0.0
585601 149.37543714375 2.26241636904437 2.4038441181833488 0.3964422321504448 4.013938856144751 0.3892616298834532 43.70857537916268 3.089571474533745 0.0
586290 148.93373736221 2.26621065939177 2.865465181839514 0.4978622563310213 4.888367041717145 0.42524722625791195 70.10559166637883 1.6653044506384356 0.0
586641 149.277977821557 2.26903657406371 3.8650836009553857 0.41922419337497513 4.518892075092919 0.4106305779072103 49.56037765850426 1.8773992332404532 0.0
586752 149.562333378822 2.26671146902407 4.825545021273057 0.4698562558735243 6.37752239857801 0.4659365155009522 32.63444709042095 1.830923684203367 0.0
586779 149.37542199725 2.27011834557052 1.7554286581154461 0.40449922196110866 3.004920142031478 0.39786661093350933 43.76282221056551 2.91902934505265 0.0
586900 148.891799400838 2.27071106747035 2.5750908244875084 0.5344790428703907 3.8841679126281576 0.4100072466297033 72.63284229032381 1.94030978914883 0.0
586993 149.334456388262 2.27118546124117 4.645462608614021 0.40484504080604555 5.8627838666721726 0.39775528631926205 46.20920359054453 2.1892570042803756 0.0
587066 149.54275093188 2.27222759707823 1.4713316313775453 0.41395524401960127 2.5641935546127774 0.4096041334699156 33.84598738039791 2.063428909489426 0.0
587243 148.855199041075 2.272970014862 3.0710159662319607 0.6575740759405899 4.7514816919445355 0.4383031199084474 74.83118398718932 1.0073645501654187 0.0
587557 149.247818312128 2.27530236774938 2.427499746901242 0.40679112240291304 3.4662478148190927 0.39683244035250104 51.398360782786554 1.8005039188171115 0.0
587691 149.22613699859 2.27579141898656 4.208361737445175 0.39468866425892873 4.4898177398847015 0.3848928133154012 52.693822180235294 2.062542532466185 0.0
587739 148.908856433124 2.27590235387149 3.873506386828597 0.594464235667589 5.073828563228878 0.42727186267849265 71.63669763320763 2.243755173824021 0.0
587902 149.410029868485 2.27768753006257 2.356884635109728 0.39639665794680057 3.5313672349457366 0.38939372023557184 41.763824605536726 2.0581685626001516 0.0
587962 149.286335449719 2.27793605467758 1.6480824093117479 0.4044383096661629 2.303611262672845 0.39615635212942185 49.12171392220124 1.8602946362423651 0.0
588517 149.215718388813 2.28093322010609 4.677676944398465 0.39624691949108787 5.814133748646972 0.3852325242112223 53.34830313205961 2.137467773294747 0.0
588527 149.152993404935 2.28165176519954 2.4496716613460356 0.3838413867177424 2.9543730209013943 0.3704232840016103 57.09159205724087 1.138304977439001 0.0
588940 149.412775556026 2.28421936666947 5.096249942790716 0.373228693345973 5.778466130511405 0.3671652272127381 41.65661448689922 1.9119565059854131 0.0
588972 149.558201023625 2.28492610317098 4.337642416164191 0.415335750686752 4.891505384717846 0.41078764239729226 33.06568655206202 1.7580612113676033 0.0
589142 149.210936532229 2.28607496260001 1.7800031362013267 0.3635132933470647 2.946735004953417 0.35134179020723666 53.66817034839534 2.10647418178639 0.0
589342 149.002174161368 2.28645789512338 5.346878217419185 0.4164924684130325 7.659285036284103 0.3784033774949132 66.11751112855961 1.3825973492604666 0.0
589457 149.28119189362 2.28823009505664 2.680385639399581 0.3885002808543201 2.972797249163691 0.3795768765078481 49.50357836625796 1.6703643910850414 0.0
589698 148.922537447731 2.28918449211597 2.9032201480031596 0.46239255812342833 4.78625154875634 0.39237013652463953 70.88660117114749 2.2442645160716292 0.0
590470 148.838426464518 2.2940075842198 3.0267482937291583 0.6382042136628377 4.307331566446697 0.41028748739906157 75.93493248609072 0.9607410956853923 0.0
590581 149.519777158276 2.29520744090506 1.8931824853774815 0.3902632238773455 2.1657773192602634 0.38587660280909486 35.444376678306824 1.9027255593247865 0.0
590689 149.020405153623 2.29556557225747 2.972506344658432 0.38999247914792706 4.029008335712343 0.3644307801158253 65.0842597827393 1.699896802926857 0.0
590909 149.450593064998 2.29639090820756 9.581062817542055 0.38798428307734384 15.821544606772946 0.3817549675873598 39.53555792927611 1.3213081177187003 0.0
591556 149.498964768947 2.30140456036125 4.805584957196039 0.42715424160290594 8.693047485362227 0.4220838722842369 36.74044756231279 1.5842218360210774 0.0
591656 149.351818646166 2.30209450455882 3.519008167629893 0.3860570936647067 4.351618301068077 0.3783695169103663 45.432103943528865 1.5853699151521927 0.0
591659 148.948706195342 2.3022024973281 1.9768935120597921 0.46363087105920225 2.9819396990788753 0.4098974046246788 69.40084162531872 1.8400031411015463 0.0
593277 148.888689598334 2.3140143949587 2.0210803685468255 0.5502939709293543 3.476747450742033 0.4119687938839172 73.05371761556452 2.0221343305851165 0.0
594328 149.556926000766 2.32164948859931 2.6202366436703186 0.41659985672158534 4.844036473431788 0.4117161333296033 33.620961725480804 1.7855777003028481 0.0
594500 149.538607644108 2.32309302560062 1.447373403038164 0.3947713487877458 2.6347807638828944 0.3898035281587442 34.70663056152363 1.943751054212711 0.0
594606 149.195504109243 2.3236864779906 2.128130371768562 0.36377857109642303 2.7915195403735193 0.3534868218637069 54.890623304478716 1.66553656434675 0.0
594935 149.040737194514 2.32570800218555 3.597177403630134 0.4076189941583886 4.084083953186395 0.37431950736897 64.08970976926967 3.0063845971016647 0.0
595010 149.467443512946 2.32567936060436 3.85026616495566 0.4221025082670778 6.533646122460017 0.41709976367999135 38.89223873015175 1.3013405939784009 0.0
595288 148.904496290796 2.32791567776789 3.255266260469978 0.5197353184194385 3.909001617109196 0.40860704653698193 72.20778234633113 2.3631594919689736 0.0
595680 148.984633909371 2.33066141289715 2.3546092443466917 0.42031693563660755 3.451982627732959 0.38888099528958303 67.46276990961474 3.105845990762112 0.0
595688 149.034954993878 2.3308181901827 2.766514525461607 0.396939541929914 2.9152392281605937 0.37309902529855393 64.47488647916924 3.701733166697174 0.0
595809 148.854235070695 2.33113673108687 4.374599296545855 0.6360738542133174 5.795459042304807 0.41376738304617 75.22243004688323 1.7001476959941468 0.0
596002 149.431838967008 2.32874862273096 2.017224203254739 0.4051889829474015 3.3746466917859257 0.3993816810103584 41.015562726531314 1.6554455632670682 0.0
596094 149.003157527694 2.33374998588457 2.395079963838788 0.44091582887714115 3.9021003934836545 0.4073507884614083 66.38723573357481 3.770505314739555 1.0
596366 149.032930434068 2.33580517605254 2.4975278006930655 0.39769020900919727 2.79765579289264 0.37226454652496993 64.6370440258446 4.088384534761389 1.0
596999 149.030034667863 2.33992223031291 2.7977395925443607 0.3994391663988991 3.507833161766602 0.3736515965184982 64.84443681832452 4.402146965988076 1.0
597164 148.93598982091 2.33985532915301 8.402710331372084 0.48456165877070007 11.247238400448039 0.43449518085548827 70.42645415213588 2.4645502794651395 0.0
597420 149.28461741977 2.34291701012066 1.2910923015684745 0.387696938671963 2.304866507785596 0.37836988526048376 49.8297872745088 1.8787523593951703 0.0
597448 148.964304063409 2.341786082335 7.177170905930967 0.4241080532172126 10.614068491303872 0.3898138603795388 68.76075060815327 3.254858596319862 0.0
597456 149.035838817868 2.34297642954298 1.976714254475134 0.3790047655669697 3.032947165768246 0.350829341523836 64.52733415513558 4.121841789003487 1.0
597865 149.42835519919 2.34514401723141 5.270986582282686 0.3704210919812651 6.131764172939917 0.3641273517065733 41.44071160987256 1.765080648435243 0.0
597994 149.33249784319 2.34640560780717 2.2610631406058426 0.38029801557673404 2.802721159532796 0.37204242219539285 47.06032246286753 1.973145055245668 0.0
598088 148.778810983483 2.3456065325982 8.83487701458635 0.6526850504724006 14.569880778039234 0.3975530989397921 79.81580816606167 0.7437828772790174 0.0
598258 148.84923136031 2.34652623807032 12.512151782906535 0.6713576953554893 15.175525724656723 0.40345913263550504 75.63490367909425 2.350381595362051 0.0
598324 149.365089063389 2.34803569409317 4.309838161369706 0.3751647157018685 4.705694483119709 0.36790033433338615 45.17312333218734 1.6413528768615586 0.0
598604 148.971500871575 2.350363217452 2.3666437491652945 0.417159870616569 3.01427991851596 0.3835520188878721 68.40744713566679 3.5274512858238243 0.0
598641 149.319722509513 2.3500568070402 2.6479630016237166 0.3779431567027945 4.8775992469087 0.3698350288640378 47.855124140349815 1.845413894911558 0.0
598764 149.153180126012 2.35040719205068 7.377888936782429 0.3672399577424466 11.394452287514033 0.3497182962733153 57.65763389035565 1.2567401733256514 0.0
598928 149.255410178508 2.35216829421757 3.2431163699770824 0.3585647122013571 3.893793361634853 0.3461842347414354 51.65548318050951 3.124899522433807 0.0
599051 148.974236384829 2.35299801013324 2.7365075553822584 0.42149704460595666 3.3703971285683996 0.3854720438750961 68.26877397880864 3.568826300670809 0.0
599072 149.011091447073 2.35272529732752 1.8060068127429247 0.40876667462275706 3.201769207424271 0.38230460121511733 66.08261609882945 4.590014582530424 1.0
599471 149.536248792749 2.35610183587841 2.5538963270793777 0.4318896217517327 2.9780478038253957 0.4279879813505861 35.37699919657623 1.3899483219439657 0.0
600264 148.883025932871 2.3609377603578 3.4098285482041018 0.6061127514213996 5.669297837851725 0.3931466830335011 73.74721884425166 2.6022178738793316 0.0
600269 148.8025902548 2.36012952025413 7.223759276261252 0.5729020317185053 8.822534799288382 0.39688949778569454 78.51470091971399 2.00376853775047 0.0
600516 148.899539309341 2.36223154051126 3.0639999094573027 0.48703602704430915 4.58905052482632 0.38166468497357203 72.77935708648826 2.6126591395623486 0.0
600755 148.999297644954 2.36424623086786 3.5318290078617287 0.3953415651227691 3.882012143565764 0.36633069318663636 66.8905183526158 4.16281069554444 1.0
601216 149.414655366644 2.36801993507407 2.6776483375892584 0.39193025463879105 3.3638262229106837 0.3865272104127992 42.57805693268844 1.7858728626765277 0.0
601481 149.116621135451 2.36918255227597 2.8429811275051917 0.3900714251888232 3.9628221736455553 0.3682416383434652 60.016996620642665 2.1997248896269603 0.0
601833 149.244758629046 2.37165710562361 3.1994312892287975 0.3842745702560434 5.464619490712468 0.3737038101476472 52.52223341383854 3.601340190387563 0.0
602079 148.839492941174 2.37343712813341 3.5880175491718997 0.5991721866449554 5.076621301731878 0.4140896433551767 76.43906513452848 3.8081234419643475 1.0
602283 148.806272601824 2.37452011812368 3.499561675704135 0.5965617045398997 5.516031037480683 0.4120065589797091 78.41817264991329 2.5487099061714256 0.0
602355 149.015481007745 2.37567417582597 2.7699403933552373 0.4243377752981286 2.9180309537007703 0.40282485215075675 66.05048675078977 4.673891371626933 1.0
602949 148.837849303399 2.37937115631806 3.682539044023765 0.5371743796823634 4.914786033016172 0.40726501813655935 76.59058849071624 3.907874666854906 1.0
602957 149.251013389186 2.3797304773619 2.4817788072463016 0.38345703439090334 3.290392403932889 0.37313658780178127 52.26393452832324 3.488905160193213 0.0
603002 148.830660447813 2.37956831886247 3.66666849503824 0.5174562887871808 4.275318073563793 0.4025065792317714 77.01823604061488 3.765812395839609 1.0
603358 149.016667640456 2.38133553059775 3.023343357330951 0.42575684108560896 4.579271013383001 0.403086297855372 66.04101729908881 4.550702514726912 1.0
603498 149.391963524679 2.38342771866932 1.5906663872789293 0.3593539548195963 2.8176748850759794 0.35103301151252875 44.13632529267572 1.3873081739934539 0.0
603700 149.117196583978 2.38443020936075 2.5727013280668376 0.3720446930819793 2.8278919964588334 0.35297983397079746 60.16085428387696 2.9038833705495386 0.0
603768 149.017728802398 2.38269851727814 2.3872440517902094 0.39478746296319567 4.118178992583026 0.3721710132213957 65.99329851622059 4.501306479321342 1.0
604289 148.88767228216 2.38772273089073 4.565074836691371 0.47274405215367976 5.687245697324625 0.3879468593917221 73.72302136339864 3.1619162988439755 0.0
604428 148.921949229673 2.38893813263291 3.2548839130480616 0.4284207238745283 3.902885163408888 0.3925743314122496 71.71045435815982 3.1638613085942477 0.0
604770 148.93909430627 2.39107720682004 2.9817310287373386 0.4112701895966386 4.364954140807877 0.3797322281698839 70.72093339887475 3.000367836625123 0.0
604806 149.021245190201 2.39139502177497 2.9815689270594 0.38619485382044005 3.4637445995084115 0.36387011440204997 65.88337563028458 4.053345071997513 1.0
604933 149.465141431105 2.39214272751018 4.630716301021975 0.37509286571930645 5.444517151402584 0.37001920392276433 40.09627306388419 1.796924746163823 0.0
604981 148.839541404232 2.39274661810252 2.9734763394402273 0.47038474359662097 3.490632316331897 0.38306501398883447 76.61839789882372 3.7703831671890384 1.0
605340 149.531530479739 2.3951621521107 3.8863844594599315 0.41203228571531686 4.689891710555797 0.40777208890824523 36.40293049362509 1.191621459184592 0.0
605481 149.461817572559 2.39617810088443 3.4011867413510535 0.3754450411107955 4.429910566007548 0.37007820440282735 40.36188291717756 1.838161810307229 0.0
605759 149.436654342754 2.39803295936426 1.4911960441378127 0.3751512420183213 1.9764269413835205 0.36950835756237455 41.8290221836331 1.7785130481628129 0.0
605919 149.501503676182 2.39922151421164 2.0661371390887417 0.39544854421972303 3.493041141924981 0.39080317512499424 38.175966061594984 1.2470552609655732 0.0
606157 149.124844580251 2.4006066719315 1.7347023337065972 0.3774942955961458 2.4948082717759097 0.36028871067132445 59.9165458943878 3.0412409085070267 0.0
606559 148.718581988648 2.40049865879941 9.472760516008506 0.6007122273295372 14.438030774372207 0.41222148206449 83.85049144497404 0.8817701295526786 0.0
607255 148.957480485734 2.40761216519504 2.0680982351140624 0.40489725166950646 3.7441244210360343 0.377254217215989 69.82160019619394 2.315027682600681 0.0
607357 149.046513485741 2.40796760434685 3.4158913148747914 0.3837542142903119 4.311196111703955 0.3585166703437872 64.59799577647368 2.404575928765877 0.0
607902 149.102388718137 2.41206136409725 1.7247638791875965 0.3735401924653251 2.3468375173060787 0.3547507416217236 61.38155366865037 2.6521463826078375 0.0
608159 148.884370705198 2.41288958914193 4.739049267702801 0.4515472466911343 5.767903322543321 0.3766314016286465 74.18469182037899 4.541665379230183 1.0
608416 149.141353367562 2.41540006912908 2.751760381220813 0.37560806458179735 3.170136220212697 0.3586509984228694 59.154802448005356 2.411910046087831 0.0
608669 149.028685609356 2.41669896233443 3.0905408246452066 0.4052884546585934 3.7906790873305733 0.38384016076724975 65.75340756080892 2.70102453190504 0.0
608857 149.078067796255 2.41784088045731 2.6057140719396155 0.3834269652187795 3.7116277448865613 0.3640034203095563 62.88014908922341 2.0453551768953195 0.0
609421 149.371687975201 2.42201462098372 1.7890372911819803 0.3728041181112523 2.5975569585886173 0.3650300857569214 45.977993791287844 0.5884997423167149 0.0
609505 149.131488322678 2.42196842837593 5.707646031879529 0.4109107348052156 6.293239011065695 0.3904606095157629 59.82308928734599 2.505767745229518 0.0
609659 148.917941314242 2.42230595931538 7.766479616926941 0.42497255879392976 9.313796260195762 0.38967310459090704 72.31878736363007 4.2498129075581765 1.0
609740 149.426316890893 2.42063817377286 13.05088547025103 0.3801805859165032 14.58997980219806 0.37412059830554534 42.852401110167754 1.1277375225447779 0.0
609798 149.008703608259 2.42392832202677 3.4809028084170217 0.4126706660313226 4.739309286050711 0.38795245831350744 67.01651426888809 2.4743475826667325 0.0
609826 148.84972452122 2.42316513442637 11.172602194599348 0.4598970571162577 14.962650666528841 0.3962234194770571 76.34043533261433 4.3209203688512385 1.0
609881 148.590068169423 2.42425216408136 4.47824362666915 0.718740132532988 5.682294150870763 0.4390487894687135 91.68270428073113 1.1594063933900105 0.0
610005 149.11586050787 2.42583489347115 2.12390606816034 0.3887084081520356 2.6109160043858166 0.3675630085045756 60.78821555314565 2.462530137325913 0.0
610509 148.858294302607 2.42844384810391 9.996597756253081 0.43760830424652447 11.208599394002507 0.39467852224944727 75.8969898222328 4.938562319633214 1.0
610528 149.118186033782 2.42951072905649 1.3575352957546565 0.3988769426446472 2.3527567195184904 0.3762809717444075 60.706419480791624 2.3970181936791355 0.0
610661 148.887349147698 2.43018775353465 2.3785753461698333 0.44761815220391543 2.8219288684949153 0.3890530516294454 74.21016666756368 5.228199450280478 1.0
610864 148.91354716319 2.43131505399865 3.3197039566167454 0.4208060541263367 4.070863683295946 0.3844887516540611 72.68606890992903 4.43607466546314 1.0
611126 149.572210238797 2.43367428568194 3.0115998030613715 0.4417366052537556 3.890015194480137 0.43754450284155283 35.061661167090236 1.7000652495783561 0.0
611186 148.587772504866 2.43193916970966 4.189805777972125 0.6933811204478307 7.345470442945384 0.4397630755989726 91.892505730917 1.3720196384947632 0.0
611678 149.223025766305 2.43634734480792 3.789089564486234 0.4205325252202678 5.974172021314683 0.40728107820168025 54.74666550494899 2.012331997268973 0.0
611862 148.912232698753 2.43898364188559 1.2867649243886359 0.42545762642114265 2.002954964317313 0.3997514124407519 72.85900031313604 4.2978202306271776 1.0
611946 148.88602087669 2.4393205714352 4.070178183727366 0.46188851508106016 5.744085803948806 0.4146707432917177 74.39974999718049 5.215894319774561 1.0
612354 148.920464953926 2.44184456854106 3.348805273471065 0.42883490015974124 5.7135490266867714 0.40321707135582074 72.41342615839204 3.7305097928848445 0.0
612362 148.87917508102 2.4422069710405 2.7470026790162594 0.443808166910931 4.1915440221763856 0.39694506340091235 74.83714502511812 5.288807409954131 1.0
612493 149.12688355623 2.44368941567233 2.524982408347311 0.4407685406147881 3.3215861336294012 0.4258650691186689 60.41622197829391 2.4160483799313086 0.0
613176 149.570936383866 2.44794731890664 13.737908166566832 0.44105182945677185 15.216733052296195 0.43693476368337986 35.50705747692329 1.8483657097116382 0.0
613198 148.656811731485 2.4474564728169 4.865921995660261 0.615483340205673 6.631117457139975 0.4484569671586289 87.97497088150298 2.3302478378297953 0.0
613722 148.815009569639 2.45185468231327 4.178120699283691 0.450473435976234 4.560136145656608 0.3970922376903407 78.72014188925297 3.810061267750972 1.0
613800 148.646340680703 2.45173760556563 5.010368007856184 0.5735734588854131 8.15732975669191 0.39630107689056915 88.63883386779086 2.506342957133306 0.0
613877 148.857159287736 2.45315213070316 2.758737908573185 0.41379050617974944 3.123004349284108 0.37626964497829585 76.2655893182492 5.311711216381475 1.0
614061 148.863820313565 2.45413982660533 2.4437096384324692 0.43129710089044393 4.575771042654491 0.39014017253983757 75.88820439240389 5.214939919700471 1.0
614269 148.663072876494 2.45524404730917 3.805630648816816 0.5243809860349932 4.835347002073541 0.40832761613788204 87.69177554560298 2.495010578666823 0.0
614332 149.015833180995 2.45563797836614 5.922188058463944 0.3942831551257224 8.33535649943297 0.3773060532862676 67.0390774424402 2.6376048920663724 0.0
614346 149.232157828995 2.45603731572714 4.406152535957003 0.41689781790881686 6.582339797886607 0.405637030331205 54.56512208664729 2.2639536241698734 0.0
614414 148.997606931408 2.4562470037002 8.040043819396317 0.4045769196821103 8.99424608717818 0.38634853297957567 68.10779947928948 2.195365486427399 0.0
614417 149.081827802188 2.45608977663135 7.7830919309614846 0.39181257411004716 9.64116926883275 0.3702906779593272 63.21765038328637 2.1671430791853092 0.0
614761 148.971312590947 2.45902229707697 3.5566747021390896 0.41271135469972137 3.7980558509577467 0.3960816691431083 69.67796687292932 1.613508379647721 0.0
614965 148.832161390526 2.45986497864761 4.54658583406092 0.4338629582713245 6.4610949624511695 0.3853323470930521 77.8155173687818 4.793004609788875 1.0
615286 148.650235146069 2.46211896166759 5.314361374100781 0.584164174895485 7.543543351603415 0.40519177791798067 88.52514097251837 2.763298301934554 0.0
615716 149.270148270543 2.46627240377863 1.736162381484652 0.37787104034561586 2.329493844113331 0.3660395768800603 52.59376875165602 1.2144801127478666 0.0
615838 148.827258789269 2.46669598623585 2.24584111804586 0.44678149361156494 3.170865921795371 0.39442350425438155 78.1909779357065 4.602613121605054 1.0
616192 149.521576847732 2.46923738638823 4.731970186223046 0.35405292435802693 8.062995291612182 0.3492181044400728 38.72482774654267 2.763506957248224 0.0
616227 149.16870758368 2.46850653111374 3.811562513064515 0.42235469715241625 6.3290874891089315 0.40591786966950416 58.41898727000317 4.381292692945206 0.0
616238 149.030691609116 2.46955781108231 2.082450352827915 0.41164368862830997 3.472694402312168 0.3947111396523477 66.3876730905986 2.762989940634336 0.0
616264 148.811821197285 2.46990374710878 2.2434361140852443 0.4657155843643507 3.934079353543047 0.39898763847221297 79.13607518268786 4.02473999403928 1.0
616313 149.044902618377 2.46996476642125 2.290327176124548 0.3932012265895418 3.604952814171922 0.3733045462465869 65.57179794867099 2.720140949197609 0.0
616536 149.482804048757 2.47177320997936 2.822429824654651 0.40511018666187876 4.511470096488828 0.400015335299907 40.88386165141216 1.7122271556070483 0.0
616578 149.149932701731 2.47237482282213 2.015398798203936 0.3932572814434104 2.2434082115638474 0.3772478723852159 59.56303229736093 4.274312137559499 0.0
616698 148.696000731758 2.47279636538896 3.438817886622716 0.5232897189674716 4.463297820653493 0.4110109178209865 85.96041607390478 2.1791182935829156 0.0
616776 149.171833896243 2.47353637368943 3.8017454299092153 0.41624101027980126 4.857156736265348 0.40341004998235436 58.3296021316881 4.519351333193869 0.0
617047 149.152233425345 2.47589881751048 2.171940802061817 0.3968457819128188 2.702570998623661 0.38203668175718786 59.49342186995887 4.469021515009546 0.0
617143 149.239983305422 2.47572331380635 3.744303807543234 0.4151280143719218 6.570774893423992 0.4018470207202129 54.48818777887968 2.03096047577281 0.0
617184 148.812973420444 2.47610389303713 5.254339182899453 0.44858077917574557 6.082952625475743 0.4012310288187962 79.1506191710288 3.937337590492738 1.0
617375 149.512776835414 2.47793099226797 4.182248614874929 0.3752735671105284 5.3334036938601646 0.36997210115149504 39.43001661920868 2.8477575229458694 0.0
617397 149.521961869971 2.47806103053822 4.048253432211384 0.3812685959945487 5.943454384144979 0.3754101368142309 38.94273201017393 3.0440342405016207 0.0
617490 149.080000062084 2.47838665439854 5.627586551999058 0.39806522283587176 6.687896417644659 0.3808086853443758 63.683595221337995 2.625727924352565 0.0
617517 148.937100291244 2.47848548756384 2.218458624135858 0.42254126845988604 3.3087662603166237 0.4006534374171239 71.95082394350943 1.3702723792967948 0.0
617682 148.769723323973 2.47955272741686 5.5389437040116745 0.4719915608066646 7.246139308522406 0.41579485576265507 81.72510605936455 2.404665949788776 0.0
617795 148.66341706236 2.480748228865 2.922736073926057 0.5442591244111703 3.7958907810548874 0.4384451925487491 87.96978878609998 2.6632983203364997 0.0
617800 148.606327656888 2.48060236688367 3.5984349509311193 0.6763678513662063 4.996965496745125 0.446856117548178 91.32143429532334 3.258238752982814 0.0
617807 149.184728667215 2.48077936314343 3.0526082216374197 0.4388075711575542 5.574607914908655 0.42305759661097103 57.72597973584833 4.226973810024376 0.0
617855 149.199199382244 2.48136052442796 1.767428676154302 0.45383414682647005 3.180406097749876 0.43823448707281293 56.912990035000696 3.7420607484460304 0.0
617908 149.11595090135 2.48198213806675 1.7465163349361397 0.39901668207780533 2.595063688731107 0.38196048853539266 61.67958476123766 3.1911813865755687 0.0
618036 149.21152134602 2.4829619446306 1.0634633478361275 0.38891065007822984 1.939319166376241 0.37282004612834796 56.24328846989603 3.2320796378977237 0.0
618164 149.210742619169 2.48396502702804 2.2235712316785774 0.3881141034047605 3.0218981356451238 0.3722719871973425 56.30682484660617 3.234037886506041 0.0
618529 148.867651986774 2.48617226856526 2.448063536820765 0.42136099306977665 3.3096263578408767 0.38235561770638454 76.10104568984843 3.0123499250704344 0.0
618546 149.288140378756 2.48663882954502 3.2417919210860155 0.38595697306409615 3.915648863328754 0.3749376909535856 51.99129717944856 1.0940518029781383 0.0
618782 149.067032685402 2.48783667292108 3.409121776416239 0.3965074863304077 4.703298733955795 0.3770434749050412 64.58904355087674 2.7998800625565394 0.0
618811 149.580246224712 2.48864729628145 2.8327715857172513 0.39754092783139705 3.709723651041917 0.3926329267071834 36.18758348626446 2.2948563238242543 0.0
619071 149.121117181079 2.48955758164351 4.590575310137518 0.40362206900152064 5.930065778250854 0.38562079286127665 61.51809938818998 3.5305108989126635 0.0
619250 148.596178156444 2.48988384430892 5.974183532255853 0.6875659881306199 9.730717945011468 0.4293072272962442 92.02803661130173 2.976976283600332 0.0
619253 149.539692023426 2.49086670124573 4.946719686011119 0.4704985644125492 6.611363392866144 0.46619781386552045 38.36508429120376 3.1349332620510992 0.0
619272 148.686412299087 2.49109418419311 2.105979177017876 0.5646748204627031 3.8018714056493845 0.42339681944288654 86.75090186478359 2.4611964136726603 0.0
619426 148.615640572927 2.49137909249611 5.612712997858939 0.6329378595203942 7.733932476811376 0.42654658129722756 90.90355597715532 3.0888121902234733 0.0
619490 148.839347946156 2.49271306425651 3.0993627639144425 0.4391937071149073 3.52046499234442 0.39862880099654313 77.84230449670684 3.2965725458566495 0.0
619820 148.591308759055 2.49426475134486 5.928934298777567 0.6568473104472229 7.066984401459117 0.4236158956752417 92.36685924269004 2.669964770433242 0.0
619860 149.587145676652 2.4949587139462 2.674043387077274 0.4254813517645568 4.1613984327390865 0.42111093070150224 36.02793652641034 2.1589030899603285 0.0
619877 149.139509082232 2.49533709962694 2.9170735196579805 0.40739900061359996 3.426393345073495 0.3942855847616542 60.57383461509731 4.073775495318672 0.0
620092 149.041339687084 2.49576524543991 3.658593892113552 0.3983641659459325 4.72995070670411 0.38181595715805705 66.2008516442771 2.7486712781446316 0.0
620454 148.897140570784 2.49897504923625 5.8892322338930665 0.4095031537978025 6.7716813353605305 0.381364875604224 74.57791192830165 1.3952588926833724 0.0
620557 148.977652167379 2.50031095200502 2.3090610947480923 0.4121524538496252 2.962455082915961 0.3967609620122093 69.9435480286338 1.2515124470111572 0.0
620566 148.853712759437 2.50031031228659 2.028462289075644 0.44169344512198017 3.0196532258543067 0.40890810829672924 77.11792349876157 2.7182688442872553 0.0
620578 149.46236070726 2.5005508808688 2.8861028720013513 0.37030841501298806 3.837690323595696 0.3636200967598287 42.73981387227706 0.7668110483832837 0.0
620671 148.711448441216 2.50075193005427 2.545891572545711 0.5099947681324655 3.4779351036082313 0.42792568413697185 85.41291611503063 2.252278567434258 0.0
621297 149.131631912686 2.50453690872451 3.8126152577001964 0.4048659184730268 4.417438783555764 0.38885896795255936 61.19507499033692 3.505963887426254 0.0
621480 149.15290787072 2.50551090855722 2.6859918360996877 0.39942043340042077 4.692390597752599 0.3827187740871816 60.00528765868162 3.4565876312455974 0.0
621898 149.007222605322 2.50882636073521 4.259369682989698 0.3838487859238939 4.499544485173697 0.36713548294075365 68.38449905499041 1.888296375670954 0.0
622444 149.522779909783 2.51183731219777 5.355384342506469 0.3789043523092868 6.830791767933633 0.37369128624365383 39.8651444503388 2.5261352139701923 0.0
623124 149.098696418547 2.5169345800113 1.3231441949511227 0.39991232064123655 2.40093258676747 0.3842666641594957 63.30325456992974 2.553187777906853 0.0
623499 148.720399793698 2.51894302651053 1.5823500545896623 0.4863907224748971 2.584909841480925 0.4111987211283699 85.14204818563157 1.9733924971529724 0.0
623685 148.799300895578 2.52025425898277 2.9738144480130373 0.41199028246611175 3.550135225955146 0.37152621634079414 80.57487350785954 2.467904967964584 0.0
623943 149.359462540183 2.52165400022125 4.396756937423597 0.373430267662269 5.340619304310952 0.36421872095320756 48.85021713661426 2.2712084634012886 0.0
624126 149.186689577559 2.52320790528064 2.091704412828688 0.3687425725285575 3.270697644027968 0.35316896333860376 58.45578822887441 1.4666490673046293 0.0
624165 148.632207178257 2.5231562643611 2.21739422121896 0.5378751874496535 3.815346850083699 0.4186150271406521 90.34343655462735 2.2955216995527326 0.0
624186 148.66952174408 2.5226992025014 3.5762378045032808 0.5306345783268944 5.399177027532817 0.39334689053108973 88.15975435729692 2.562413888004969 0.0
624765 149.068669480367 2.52699920123009 2.0022323534743998 0.39386457381752227 2.4789748340647195 0.37895963221603196 65.20172790766988 3.7778262823495754 0.0
624787 148.610056690678 2.52672336931034 2.65692486789382 0.5347216435222282 3.9485465806686038 0.40745881634210435 91.685231856584 2.029147632564178 0.0
625059 149.132024371109 2.52797032452831 2.547569913812121 0.3866714203690297 4.370829417268783 0.3689278101510097 61.63159105374795 1.9558732493118267 0.0
625099 149.293220662847 2.52911899155051 1.84345070723238 0.3679898449757045 3.374057147422942 0.35677876686338483 52.66077814255292 1.6944972732984203 0.0
625372 149.01661117046 2.53079336702618 2.4885572781952017 0.3830752342854599 3.567753319985396 0.36767546579543403 68.23767903658887 2.9453503818480464 0.0
625716 149.048838528386 2.53128097743546 18.806345741651725 0.40136800642725995 22.420447636040947 0.38740450067878424 66.41067030133476 4.612778617000689 0.0
626096 148.791820918536 2.53520688802068 1.9668153975937595 0.4398319197104518 2.8210596543052553 0.4021225926518325 81.2379393492255 2.6224635042461792 0.0
626310 149.34839820648 2.53694695962533 2.6348871249793095 0.39325851353660846 4.0121937974633175 0.38387285184017367 49.838760444423684 3.0835755869655563 0.0
626431 149.085254661137 2.53539662651863 87.30776943280237 0.485957837811452 114.28549537011368 0.47167634041491735 64.42360626866063 2.97288380877059 0.0
626484 149.543602026639 2.53780274664127 2.3616873681161397 0.38316245043074 3.9659292068862717 0.37719850426072427 39.60399780470551 3.152237272815974 0.0
626904 148.681914811664 2.53998365638698 4.877232701706822 0.4934547944362117 5.732408184350251 0.4229344479579536 87.68499200549316 2.7205741194077318 0.0
627006 148.820350747498 2.53972684651765 9.800569651184562 0.4803442897484922 11.263192564910224 0.4526211652364357 79.66062473432908 2.994279958375359 0.0
627372 148.94721244506 2.54350278300985 2.1307052311770884 0.4212953735446551 3.7455786672997387 0.401382623309634 72.43320951218541 0.925768154026089 0.0
627402 149.067617731769 2.54365526698972 4.325544545916634 0.4320636808385295 4.904749413190871 0.41905354795547994 65.58504311906144 4.706255172645579 0.0
627572 148.603966559658 2.54455861111319 2.450859498387292 0.5467236203560313 4.440928010108099 0.42284678062999975 92.28678551758331 1.7699896904649175 0.0
627576 149.581099749847 2.54181052376377 10.003351363569054 0.38510986971468286 11.041796647690356 0.37990498437496945 37.86674506686443 3.489415989477688 0.0
627717 148.679296244906 2.54570678296277 2.9409903638616663 0.508835114561463 3.524680943613729 0.41162862255044935 87.92163516898074 2.739675458460058 0.0
627898 149.341246348254 2.54732608313499 1.906482226805771 0.4018830365669897 3.4245136544241324 0.39303086454782094 50.493800102545435 3.291558834381969 0.0
627909 149.585911053194 2.54759471267336 3.505537603834635 0.3868563433504304 3.7225438927048122 0.3822558869120842 37.83030750947192 3.6474767605570912 0.0
628015 149.038171188915 2.54752808011004 3.7512249220751173 0.43135620763006666 4.939301943433378 0.4152816980052783 67.32867457928033 5.281979678657088 0.0
628134 148.807962213451 2.54864432214667 1.9815825538024523 0.41716096158430777 3.116299640446228 0.37977455159837925 80.52038592634823 3.3409243555799377 0.0
628179 148.625558492033 2.54873654955288 2.1143653580981647 0.5474298498560333 3.190700931007513 0.41734771856155484 91.08947742839564 2.2721060675536076 0.0
628449 149.060338667964 2.5500757889571 4.36909283064005 0.399273429917004 7.6726178371354345 0.38055325295542797 66.12453091108952 5.377965443369931 0.0
628696 149.023097570882 2.55218508359072 3.9408215420053785 0.40977502986888975 4.54584977843872 0.3941551243588053 68.27395274884375 4.051818038272292 0.0
628983 149.037397713517 2.55392346791762 2.0060898079918976 0.3920293731276259 3.3752234359823277 0.37301959980447813 67.49828014431732 5.290970421172451 0.0
629328 149.001923825757 2.55609543845681 3.0944880645038335 0.38589820905611216 3.7848579583369335 0.3694008085368312 69.55073309605662 2.1405978071746046 0.0
629360 148.810641131516 2.55555670632585 3.420086362274935 0.4182750707109256 4.729802077431718 0.3856907793835927 80.48025573696853 3.4452480252606446 0.0
629535 149.258310021476 2.55761487242885 2.3781248723936943 0.3717911141588943 2.8895271007369594 0.3589381457569299 55.26376176171888 1.243895061522356 0.0
629689 149.312060391002 2.55789320660858 3.256983416630015 0.3765004255950077 4.531990144831902 0.3649188256039447 52.34539922353265 2.646265561620811 0.0
629934 149.549894835788 2.56020176777578 3.1414841339528694 0.3575495755999556 3.38242836427971 0.3516510845921091 40.03287216436794 3.4770245088449125 0.0
630128 149.358275749162 2.56158239049747 1.582317962085679 0.36029042080752716 2.5093937392891688 0.3495372982343518 49.96006639205631 3.2222016580531325 0.0
630156 149.572603405421 2.56090238234488 8.708962328449376 0.3667800868195143 9.541332573873568 0.3613714482153189 38.94360790776867 3.8912566066164334 0.0
630316 148.621718157278 2.56180779128529 2.14517024820194 0.5403639781139491 3.815819719546979 0.4151874924627396 91.50466721291079 2.0374755233526503 0.0
630419 148.633157879394 2.56279838792294 3.047454911406723 0.5557797683728258 5.125750274909768 0.41634263843107244 90.85554705554763 2.2518063415376206 0.0
630590 149.04991786577 2.56421707129611 2.861677898019391 0.3905662505089796 4.056005544608242 0.3767125307420155 66.9990796451291 5.234086065263094 0.0
630796 149.550847048861 2.56599100625129 2.5304226633195057 0.35968113153165215 2.7740619549069496 0.35334810120947413 40.18397453804971 3.4862616927412056 0.0
630824 148.687244925266 2.56419684208908 2.851326670358773 0.5095314160905473 3.7885631921683935 0.39706439042146124 87.74298620549763 2.4314655620828627 0.0
630997 149.244597197605 2.56647446021285 3.5998135933332165 0.379301873455596 5.60973654473486 0.3656982084087107 56.23119875195595 1.1023546306479157 0.0
631307 149.376894851584 2.56860802538006 2.951112938186876 0.4013231662948983 5.457204602848137 0.3921961187204017 49.16668329370485 2.633997259874833 0.0
631661 148.795262424141 2.57013128318152 4.557565153924315 0.434754271464714 6.049185233508586 0.3989899406604471 81.61095384416778 3.166417556596138 0.0
631917 148.638827675976 2.57200688439627 2.9840286125949516 0.4920647005870043 4.089584893840438 0.3853172447382365 90.66737218061466 2.0924039278803708 0.0
632192 148.877889956194 2.5737664346913 3.0776842084082134 0.40862461435269587 3.796525908744906 0.3788948302216191 76.94284817685138 0.9945751664959164 0.0
632273 149.059282983491 2.57447216246133 2.031058181275877 0.3961693690778596 2.4336065314109674 0.38246645425672615 66.68644800383157 4.08198577118334 0.0
632910 148.669175576052 2.57834814670208 1.7469579867269662 0.47598225919100895 2.5244444330007716 0.39652770430033213 89.01167650382493 2.155415526495679 0.0
633444 149.32582258392 2.58116133623812 2.874109714483432 0.3773869151721326 4.850371727101863 0.3657161838944424 52.22714573764918 3.0896122748144013 0.0
633662 149.569427995222 2.58317654818572 4.8287599810981865 0.37336896767696093 6.036018558560227 0.3674923773695539 39.8901279941966 3.7787441987869643 0.0
633740 148.956169812254 2.5837519349963 2.1035197032836415 0.38025990602793014 3.177535453197035 0.3644606441015978 72.68498363205951 1.8305465199232147 0.0
633871 149.058253824894 2.58476899728596 1.7656894189872185 0.40552496024106144 2.9426691563569705 0.3906735527186625 66.96444682979579 3.1169620556471536 0.0
634553 149.134230419993 2.58902213638452 1.307408277933528 0.40970731727029625 2.2089695015076325 0.3879479552333215 62.83702617901031 1.1630691124934782 0.0
634642 148.728893640762 2.5892427246318 3.7741195210328478 0.4471584111944976 4.033216459541657 0.4041283511288937 85.75087990495967 2.3294792667865383 0.0
635282 148.951255353376 2.59278202846325 4.837601673142471 0.4123395140383696 5.449267118254671 0.3967584111876459 73.14357547121365 1.9708410875808857 0.0
635301 148.820072551852 2.59190764686457 4.0140683312110355 0.447193550631498 7.346972390549299 0.417519075036194 80.57522932651582 3.6070675571849713 0.0
635438 149.571367788262 2.5948318257827 2.3274550262132285 0.38099849968416927 2.6717340160159027 0.3741954654669177 40.22423792684702 3.665659938847982 0.0
635514 149.599216231623 2.59542819271182 2.5131252917365208 0.3885687740022386 2.978700980671169 0.38401225394212385 38.94533694041207 3.004067120153148 0.0
635608 149.167890851565 2.59586854987676 1.7626428872532933 0.4007860540028455 3.093452632323673 0.3870845609755174 61.148428221040874 1.22086980267931 0.0
635613 148.910652247616 2.59552000489973 2.866644823090658 0.40369412376540287 3.70435771070592 0.38491705075312965 75.4934793068264 1.2662925321969254 0.0
636062 148.78925385989 2.59845141892842 2.73605310342485 0.4459680603602385 4.099450415036184 0.420571942392139 82.45444403679673 3.6240375312292636 0.0
636329 148.518028288109 2.5996749758714 3.6964518121350243 0.6644697752622392 5.113956625024214 0.45657879256837486 98.09159365685068 2.197123162431801 0.0
636430 148.579942694056 2.60072813112431 3.3254112654240924 0.5541840077331588 3.906576399935885 0.44341345288919115 94.5246798232743 0.9239312838409556 0.0
636608 148.502807643637 2.60154855283208 3.2392853906242767 0.7165439969805985 4.775307498416692 0.4991000803293208 99.00248360684171 2.046171716133546 0.0
636667 148.80741439906 2.60262844110645 2.4855456844699177 0.4521183679001824 3.2808782887491943 0.42136624337666184 81.49479698560992 3.8854424688875584 0.0
636809 149.387111920518 2.60243485890689 41.287919882546134 0.4683861267162246 60.02448786431084 0.4597700122284353 49.62743265008489 2.5864778770260286 0.0
637153 148.81158297426 2.60565922697405 5.214693788680522 0.47355509225308046 5.627585870551341 0.4491407538991629 81.3138139621382 3.9217232701476115 0.0
637307 148.75872366291 2.60715597694856 1.517329168119437 0.4697517031771641 2.255786064735681 0.4193756056719221 84.35663338681708 3.8604205799719438 0.0
637318 149.18955186923 2.60761368545292 2.8917022081805195 0.4050297125423791 4.043306213871401 0.3921916985189923 60.259209981327196 1.3538914689391603 0.0
637327 149.1200842208 2.60736177262585 3.4432566897130843 0.4217645497682404 4.478277975317603 0.4092885495067877 64.04937527392309 1.2408950816059625 0.0
637416 149.388082345724 2.6081959969885 2.8342040624890146 0.4042201604979631 3.212485893653921 0.39629079992229227 49.75406306521476 2.5318951504857323 0.0
637484 149.271775792271 2.60791449094253 6.3980666659413075 0.38696068999032035 8.05763579740324 0.37546529724431943 55.84207545035868 1.4318705622668753 0.0
637518 148.679503686009 2.60808500727754 4.059614040490106 0.49292384873708994 4.782782611525226 0.42818081263707275 88.91085676594739 2.2537582771420555 0.0
637806 148.971123343835 2.61045832890995 2.9363575691819412 0.45466371901492814 3.6482634209820515 0.43851681822908783 72.39275380567837 1.773847156346376 0.0
637929 148.760915873137 2.61098140087611 3.462618369024298 0.45374926233854107 3.843725832357693 0.41655269008555 84.30107414472752 4.000218962041712 0.0
638025 149.059727642611 2.61177492332096 3.2891267529293207 0.4201530933017368 4.357151840707516 0.4067424214074228 67.48394416404794 1.4760780458823444 0.0
638147 149.350444183463 2.61252886048208 4.542475875537909 0.4073976038046883 5.361655503256108 0.3984727126342725 51.83150085715709 2.4119310802190794 0.0
638318 148.697821626298 2.61264115349133 8.366182891974852 0.46622530221004405 10.57604094605331 0.4201264505513384 87.93950208374861 2.8205628636695685 0.0
638372 148.81832463703 2.61402290435355 2.4301599714494886 0.4487034466027335 4.269682685116879 0.42124123455555124 81.08883704633874 3.818748573049913 0.0
638377 148.511169750522 2.61226333402828 24.256859909229032 0.715686400232896 32.61709624899525 0.4972496182617777 98.68363465775869 2.7944187508378127 0.0
638595 149.560475549145 2.61462898139013 10.612350874706188 0.4138330933096612 14.470402303569276 0.4079150363800758 41.473475529231955 3.0941693558710437 0.0
638886 149.565617841348 2.61683565564092 5.43466452246095 0.3700685691606233 6.676736882486302 0.3643447979896588 41.31699395672168 3.172671003374754 0.0
638887 148.753484256551 2.61719703822729 1.5109236516644577 0.433342705655269 2.3474971402789078 0.3899499841654436 84.8392850416121 3.946750482911429 0.0
639115 148.812128527057 2.61864102430572 1.9263804080630558 0.41774787873597474 2.8388111831655527 0.38842919545302107 81.52936906882293 3.713463734543309 0.0
639126 148.716363670641 2.61783786041406 4.733110137749035 0.48892584581774895 6.939376409832209 0.4467628881334506 86.97074643350994 3.067122056085625 0.0
639134 149.160729313603 2.61907317989303 1.606584637604663 0.3856332417955982 2.9685863627084967 0.37137209865165177 62.115473947472935 1.3428672579494088 0.0
639215 149.509943862733 2.619771566411 2.2736550512396816 0.3737078053052945 2.800158731940734 0.36753247227983876 44.06002914875678 0.7500199725681547 0.0
639327 148.516539497045 2.6193139268449 3.8684992195069987 0.6860231717295273 5.490409524185942 0.4473793128462553 98.4846151440222 2.877715638873238 0.0
639402 148.520830860066 2.61920218123735 3.8928234957755987 0.689694451778854 6.168373570238282 0.43361715388926836 98.23489770719897 2.8010634541584336 0.0
639701 148.76294976951 2.62137495443251 9.546432381249707 0.44317918847539994 14.854533460929312 0.40500555851610226 84.37745959372879 3.9915800326466573 0.0
639879 149.292157139082 2.62316682393168 6.950505464018347 0.37146982518702815 11.853446001869935 0.3604746077668501 55.19142930912807 1.7059797018363976 0.0
639929 148.774011953903 2.62188029215827 67.06974191102846 0.48336343158557604 118.4568026051873 0.45442891710786004 83.7573120856953 3.8072393203356563 0.0
640027 148.827634573713 2.62213219636312 4.586968149524829 0.4093552737967978 6.146020243360644 0.38294147856819366 80.71789154943843 3.4394946967281466 0.0
640888 148.939174625277 2.63048954194629 2.227537349480724 0.41242389513034994 2.648142111868328 0.39560194836764323 74.61081551999568 2.091428460881467 0.0
641153 149.268870871726 2.63239470567311 3.313487882627172 0.38035759763513155 3.87391516337144 0.36820770408889486 56.68202592469829 1.281394970166871 0.0
641950 149.399254206064 2.63756355924902 3.7427368737698474 0.38572120017040284 4.11371247114632 0.3757047800731816 50.119316538425025 1.9381456663800782 0.0
642043 148.510052280973 2.63696060919976 3.784059743632413 0.7006322118138147 5.659534349638515 0.45428960709343935 99.14520194855703 2.056059332319935 0.0
642095 148.9329698834 2.63872143115428 2.858821987471249 0.41355625452800887 3.9878304760822667 0.3943444010666585 75.13639512273839 2.0652467109026587 0.0
642345 148.625627582734 2.63909209349026 3.7813411355905506 0.5143086125514583 6.5609795429256215 0.432127288169206 92.5421156857219 2.728115048203616 0.0
642464 149.589543583721 2.64090545005698 2.231429005306627 0.3520115387571039 3.2558570940583724 0.3450889364584358 41.1666588452271 2.266009967801116 0.0
642748 149.441171704082 2.6434046476854 2.204068326932332 0.40406098960325487 3.6977047550595414 0.3958139891127551 48.23300987781429 1.105282040920017 0.0
642828 148.710614919547 2.64359934006695 2.5391986969553537 0.49813968447644075 3.2356532742911313 0.45728009435699374 87.77416215580135 3.5853141387866847 0.0
643004 149.016884070523 2.64386774697367 4.413055232983014 0.4155484805402372 5.520339444629473 0.39995741224393755 70.59701733546002 2.2151515043606897 0.0
643073 148.853523830813 2.6447937801519 1.854600020674979 0.4051251845658559 3.046109052165079 0.3793545587944593 79.71579344851766 2.4829792100473527 0.0
643088 148.842369030371 2.64494985005601 4.160231499566996 0.415071121530217 5.659701764766897 0.38545986990371434 80.34616675701076 2.5662973459518477 0.0
643606 148.790754453046 2.64909929065015 1.419268565339084 0.4250344349612718 2.513113799212857 0.39712852938566273 83.33961276056212 2.018594287088895 0.0
643782 148.582509229294 2.64922732109034 6.544183238007408 0.5332209885717245 9.101958107648509 0.4331664314767999 95.19086146588917 1.5292595687776949 0.0
643819 149.431324084407 2.65101364275855 3.31339476371748 0.3816358461494234 3.7016092663045437 0.373376549485796 48.978379283239285 1.3213160880292016 0.0
644210 148.605546142949 2.6531855919043 4.228182611221559 0.5184790230118241 5.116941826463583 0.4244015404320044 93.94309766143378 2.6459215242681884 0.0
644454 148.72772590626 2.65485835279408 2.1600213882374124 0.45209041888234003 4.017485331075589 0.41040271652455385 87.01902930454857 3.4450688403768934 0.0
644489 148.99935489127 2.65522566088211 3.7477569978068273 0.40342204002838317 4.966417668979568 0.3844980340770209 71.83106352016411 3.1131136924860887 0.0
644499 148.995432053832 2.65472809023949 13.153066253270152 0.40989428695921354 16.47904496205018 0.39309422076802286 72.03537711912075 3.154078372981738 0.0
644531 148.762095940678 2.65509518471195 5.0655532094901785 0.43302739547814145 6.328038335886896 0.40005583539532097 85.07866865552089 2.2132573923013523 0.0
644548 148.867834702477 2.656057139689 1.5063833681167313 0.40123017371202135 2.8023529015028723 0.37326931355785253 79.15227534038037 1.927417088982985 0.0
644980 148.863241752988 2.65884022032359 1.8412357258886056 0.40729213030052963 2.200985604799367 0.37562171712169595 79.46917026785175 1.9598522181834346 0.0
645720 149.570988119068 3.01698322548889 4.990127997689903 0.39304430967014414 6.947579566947888 0.3794023061784342 59.29271257691318 1.5578720466061249 0.0
645844 148.581128081132 3.02019581349999 2.3004383868486338 0.5169656250235044 4.194680615514028 0.4445051229235339 104.00692332326199 2.193868041831535 0.0
645971 148.569564049627 3.01585833265768 7.684652387997802 0.5185953829960865 9.410840861264647 0.4443207636897486 104.48942697308343 2.110695177600068 0.0
646807 149.274241291481 3.00917324377711 1.4540039261623896 0.3876310144021517 2.5207032850328597 0.37455428452508166 70.09414151281742 0.836583913110265 0.0
646838 149.356491374506 3.00940335163539 8.074171034175707 0.40445874370678797 10.771227831541097 0.3922546127190533 66.71476255374318 1.7531134857463802 0.0
646905 148.570662031427 3.01196490751586 1.8265673795989195 0.5039541343038556 3.1752498407182386 0.42975494765525546 104.32006521418093 2.0424178879361103 0.0
647419 148.7538597849 3.00542994035557 3.4332109900573866 0.43112735099911675 3.9204576741121038 0.40379030701735413 94.61144846590273 3.4560330463054454 0.0
647886 148.735428407669 3.00161990142035 3.088836008214104 0.42710658710916316 3.7771867908783854 0.40138077235029374 95.43742370719964 4.331360815076242 1.0
648330 149.377123698625 2.99831285197504 3.3443446456362382 0.38938458251822694 6.176726185414119 0.37421401189533143 65.3953614839035 1.9119936946215903 0.0
648377 149.400447844372 3.00130197571101 1.3883943793694624 0.3707362054589366 2.499000096112525 0.3543774924477084 64.61392833911607 1.7236557258769463 0.0
648518 149.308069564876 2.99834260771429 2.3527484776846124 0.39136782761758276 2.857200970691867 0.37754514934750644 68.20942668853456 0.9813552328034836 0.0
648551 149.417242108853 3.00584771522596 1.3550944697451188 0.3747592387893056 2.3616178420314706 0.3626263249779521 64.17510064916112 1.6363767957054642 0.0
648611 149.55592519012 2.99964804463629 7.4479056638081405 0.38229875541943514 9.400038073195045 0.36997758035949213 58.91152742423892 1.6877860433123977 0.0
649146 149.136398837814 3.00459077308707 7.108760922117585 0.4186921099688732 10.56911043859343 0.40460917695471105 75.97424681822854 2.193279947309683 0.0
649216 148.726199498556 2.99291525407314 2.5895176896489454 0.43623093847599553 3.0875046988020993 0.408866051922069 95.64540780562132 4.5782768317632545 1.0
649468 149.183531071448 2.99157072227802 2.2659173505411685 0.44218517446171446 3.929041152724053 0.42994475847077906 73.32984651961631 2.3020454153185117 0.0
649871 149.474106480579 2.98781688810452 2.3364494914687257 0.3836106362467235 3.1358695296613326 0.370324409621333 61.19911217708499 3.6927261146530355 0.0
649899 149.474230437263 2.98967038714898 1.7034888051912724 0.3837258024640371 2.8708747716644303 0.37066046464223834 61.282449835861115 3.646754585130269 0.0
649934 148.706741096564 2.98865871330136 2.587631534455021 0.43871967154714825 2.8015471356209436 0.4088155511209662 96.52313129761879 4.047385074847211 1.0
649969 148.952048718617 2.98998640568884 2.540670716112225 0.42643806339640516 3.97383749973293 0.408363198759228 84.1716679752184 2.1084336151652687 0.0
650305 148.616744186921 2.98646333348475 3.931637008089274 0.49346544157136696 6.183217159096347 0.433852805876909 101.16344213827709 0.9815821896414437 0.0
650622 149.213520673338 2.9838027919249 6.010585419515551 0.4204856299883551 6.777969992740748 0.4083810729486774 71.67962726986298 1.9550878005596022 0.0
650722 148.90875727978 2.98166440145908 5.769309775379287 0.4418676150983055 6.966027461705231 0.4215755122871399 86.02645401745201 2.829863294941438 0.0
650834 149.468180863766 2.9852927395577 3.6320243377040162 0.38361641621864 3.987836001334028 0.37132500508913535 61.29833795407081 3.739544394115735 0.0
651069 148.52076169628 2.97941043619022 4.4647609073200165 0.6129516296806191 6.165639491491486 0.4702809380824758 106.06344929243791 1.178846415272132 0.0
651332 149.127715377628 2.97897762051274 6.5705671439577475 0.3976042207545041 8.018632584779077 0.3845462142723838 75.38702646505045 2.1331951141862238 0.0
651534 149.330446356453 2.97566430928091 15.11182620214533 0.402244647103462 16.54804522692678 0.39001206957774026 66.29920251207282 1.5533140736081825 0.0
651820 148.772700652142 2.97385730694805 3.734587744407645 0.43623030753584274 4.302616224505651 0.409706765021391 92.66566878879495 2.1613224951234664 0.0
651911 149.439665296563 2.97519097814525 3.7337145704542225 0.3525803532430652 5.338280557327714 0.33988763941618705 61.901637265296316 2.738829438040145 0.0
652008 149.562819354446 2.97204800903696 2.999833153239428 0.375901298722367 3.1295223046124403 0.3647914501333294 57.306714011857586 2.2876474103532636 0.0
652211 149.434488567913 2.97170250338213 0.9992195511911871 0.36285502077514514 1.8357779742858331 0.34506799575425867 61.94025718610581 2.5918252345528345 0.0
652216 148.896834506648 2.96973678291256 2.80542494148243 0.45050418224467975 4.367591527648841 0.42675663295170524 86.22643287151114 3.267014940201443 0.0
652455 149.467832676816 2.98153977988411 2.434403456890077 0.37143697013944765 3.272219390450696 0.3576334864759229 61.134401183607544 3.7268272164665754 0.0
652535 148.709556438959 2.97246810309458 12.030498366462803 0.4632892908846582 15.758651586843719 0.4277803976418954 95.89345877806717 4.302188122934252 1.0
652736 148.712882464443 2.96735391646566 3.9965313662941546 0.4410451307218389 4.606551575606749 0.41509303828387173 95.56871937205706 4.324021587797586 1.0
653041 148.652384806614 2.97342728746685 3.2393384330411905 0.4673993431222272 4.7735117915941085 0.42090677264890386 98.91382613701663 1.5722390169339935 0.0
653170 149.547456600104 2.96397350966069 7.531257401785886 0.38210219470415974 10.145200231174345 0.3709697958621225 57.4326832483489 1.8330174646013793 0.0
653223 149.349326366198 2.96384238429981 2.9021775329957085 0.3893394518323519 4.848153614782091 0.37494351088544137 65.00331824245927 1.6527330442049257 0.0
653284 148.89160860042 2.96773958625154 12.499372336019146 0.45963994536921154 16.77793898135629 0.43644484881841433 86.4231989486859 3.139561403573245 0.0
653511 148.962001810667 2.97219254556049 2.8202058187329992 0.4302598749738159 4.671587472344261 0.40874375968307464 83.07114467203286 1.9691315260990698 0.0
654533 148.749154595939 2.95299815264259 2.4675829896960373 0.4393901539607107 2.98320452129468 0.4062377172852416 93.25354294243206 3.4687612983152776 0.0
654607 149.179123978021 2.95355761122837 2.163051804653699 0.4358624865339958 4.007813746216683 0.4224156728612857 72.04210201559412 2.0202783651205696 0.0
654652 148.897250725789 2.95487251845008 3.4890724456720124 0.4340571188938542 5.354515404579398 0.40677557291799354 85.7201695206361 3.1886426418447087 0.0
654684 149.46876476447 2.95549980207991 10.04029043422254 0.41490529000569343 17.427573219875313 0.40309759699522485 59.88106345678442 2.308361632404702 0.0
654737 148.734365228217 2.95384729685977 1.9042780197029316 0.43512142376055263 3.2008533969447535 0.4029739418607958 94.04931116874805 3.9934292906497393 1.0
654840 149.185757881811 2.96130772298266 1.4892440371516407 0.4094595034226088 2.290282237410218 0.3960920013639028 72.03874249267984 2.090291459119897 0.0
655130 149.434420500318 2.95074392942732 11.394097750525981 0.3952684020936595 19.24681116883715 0.3826402786771523 60.98650613594437 2.584055224139792 0.0
655157 148.886448590419 2.95673207414904 2.6062530602489784 0.44630719970441235 3.004624541062222 0.4188383486081109 86.32539953939839 2.7790937220912992 0.0
655298 149.215375028522 2.94965404121553 1.9276070139541746 0.3950925814927998 2.7573682354964477 0.3825865916475335 70.23740753514305 1.6867566806470002 0.0
655413 149.412063775252 2.9480873242195 2.149356142101665 0.40586610616345475 3.161503935210184 0.3944837663335969 61.75268724228587 2.4875173042529295 0.0
655713 149.574609926669 2.9480175373483 4.284641659649235 0.3929135550233093 6.33842755886213 0.38123383504994013 55.71754371713706 3.151049335896766 0.0
655787 148.919203348557 2.94700011537683 3.188932666268679 0.452034007261327 4.251485728877051 0.4337153191955696 84.3587770589206 3.0096662170359263 0.0
655844 149.256536320689 2.9454089144309 2.6479611046206113 0.39965827959804234 3.3960175368127876 0.38824636487222325 68.22279651459236 1.841371477958282 0.0
656036 149.252961571608 2.94501958942602 2.2557951814010884 0.4012789001186057 3.829046711827072 0.3888396848239107 68.36609261309584 1.8779952084651161 0.0
656071 148.73844033509 2.94401629492677 2.8799394076173033 0.45075695537105887 3.6098456087820505 0.42252901419242594 93.54736132024837 3.53374649436659 0.0
656308 148.642393543388 2.941264632785 6.82742099600882 0.47940398569022885 8.263756235252327 0.4378877130634897 98.5335983314476 1.324231356350502 0.0
656311 148.76228119452 2.9428286276375 3.3507925223547246 0.4530377904712734 3.9685300349780785 0.42604111284855267 92.2680823799882 2.5277920753424072 0.0
656331 149.575929957926 2.9423512511688 2.108895773247869 0.3991962895681388 3.133986339685854 0.3876867950000473 55.39254531475725 3.1139785401996076 0.0
656368 148.962598608279 2.94142569277557 5.105014281310336 0.4410473108921019 7.047124344438989 0.4263462725033566 82.0024695501404 1.640312337898082 0.0
657406 148.615703560363 2.93374900549373 1.7298040138447066 0.5397641396107216 3.0286225512142884 0.49200392582162294 99.75035890578937 1.070839059105597 0.0
658068 148.679707044148 2.91742551700309 4.258066764162997 0.4523341237151737 4.855848172473097 0.41504355965434486 95.89014494353638 1.8550395479326616 0.0
658338 149.571079922056 2.92927681534604 4.475020471053907 0.3989972719074398 5.263364405389758 0.3879394371368554 54.91563478351917 2.5763005542097765 0.0
658673 148.69460290967 2.92696626009092 4.373948698150905 0.4724825998232349 6.915143208130149 0.44610518058123233 95.36503053983029 2.1060845657338754 0.0
659030 149.405780772985 2.92388518912306 2.9983632336782255 0.4317060720254952 4.756826912586425 0.41986176336568953 60.936298491953174 2.0409436041753617 0.0
659381 148.520708457746 2.920584095604 2.1281235204563775 0.5644941471721808 3.2465307453470493 0.4393909867278274 104.52360461356606 0.7201286519170796 0.0
659795 149.361051675004 2.9176065124731 3.0563543423319173 0.4057637893203339 3.693109955694432 0.394685217012832 62.53125824863804 1.4921398241100978 0.0
659947 149.317473109039 2.93229538227048 2.31439959300034 0.43733960731113053 3.7507900847614644 0.42529128093195934 65.01484279290631 1.8374550055305803 0.0
660025 148.81257456967 2.92144012120392 2.573227064980726 0.42155103243861647 3.1919123424562863 0.3952630110070688 89.01479981306534 0.8255401666403436 0.0
660362 149.098760143662 2.91419759481693 1.7129164501848952 0.4049254260701119 2.9525018943922623 0.39029976022822405 74.3777578949229 1.2684640083907535 0.0
660674 149.278584055899 2.91122368497608 3.3723854917111633 0.3862815542698804 3.6295185439425124 0.37374622566367194 65.86981273367799 2.216583139105759 0.0
660779 148.73881697838 2.91018459219266 2.4636551526798467 0.43772630033817167 3.4500137042676426 0.4080645220664912 92.55321245713343 1.9775702052411066 0.0
661271 148.738148086461 2.90794080554985 2.0247430395222143 0.43419477722639277 2.454290127206191 0.4087423415351224 92.52516724953011 1.8925332953570688 0.0
661610 148.861697325651 2.90431242367967 3.9525606760735488 0.4387896983159875 6.9750851910934015 0.4096184622894845 85.95237222306078 1.0622551835606349 0.0
662562 149.471576474766 2.90059075296433 1.6571305615968652 0.38897152432330123 2.902699116762022 0.3747016245720629 57.25481116716313 1.6845884406703961 0.0
663191 149.470534796254 2.88913481902869 7.8349717428165135 0.3684078348228781 8.928046848682222 0.3574574979985568 56.78055096965599 1.8177632562105477 0.0
663262 149.263054114306 2.89192107662326 4.06098674324656 0.3928123370305152 7.168503996017414 0.3782553467914618 65.81329415733575 1.8254732174592705 0.0
663557 149.295708834271 2.88983745431077 7.146975312965221 0.3861619334244352 9.575265907568635 0.37339458022404537 64.2510678931286 2.86531323554629 0.0
663698 149.504697510742 2.88950317473604 1.368123611968374 0.3683673326322982 2.2286382927292734 0.35587958739167025 55.45786130495577 1.371690563590024 0.0
663752 148.650178725982 2.88698631188685 2.340908461728025 0.46420995954043126 4.137599331650445 0.41788786717378795 96.65269280954593 2.2177456317970443 0.0
664121 149.384151373224 2.88665464492695 3.3724340126303853 0.37597783828580317 4.535560102082728 0.3610790334745788 60.24093561924272 1.48854037502333 0.0
664314 149.596767650797 2.88482840082184 1.7718299996202194 0.3760339935419406 2.989619614852713 0.36557206691098887 51.85023101701664 1.1349795314405897 0.0
664366 149.238838882555 2.88315639944889 1.8843821406338814 0.36740278245344854 3.319788953406348 0.350940417501754 66.5929562521117 0.9796288377926798 0.0
664683 148.727984006782 2.88257180818485 7.494189040241176 0.434736142162605 14.009170862249846 0.40428348178085904 92.36119244328752 1.2964418384187997 0.0
664840 148.931698021997 2.85684570760266 1.9210523157016266 0.41861311339383805 2.827213311367426 0.3955142257871718 80.89477348949379 1.819949788455049 0.0
664875 149.301356220143 2.88089255476379 2.564468435887927 0.38498119343525294 3.7905762255602746 0.3699551110023275 63.642668925922436 2.6687929363462906 0.0
665383 149.008664442929 2.8855389452345 1.7753011469520383 0.40307038386271876 3.197215663272317 0.3862271063633573 77.85484492182167 1.0678687664191884 0.0
665651 148.607848374348 2.87528312273385 4.744986169138357 0.4795247354352243 5.013614369528827 0.43042674459946634 98.64251325036483 1.9486169206261665 0.0
665750 148.933034967429 2.8755150986319 1.8707642367916417 0.4242802664698614 2.564868648290539 0.39135584764122083 81.39193962802852 1.4943554513261277 0.0
666078 149.248504758877 2.87839703868053 1.6295342312349288 0.3809239359970201 2.621718147842716 0.36528875962690277 65.963673418276 1.1732417018584553 0.0
667130 148.524914074919 2.86484522503401 3.712575049301121 0.5695893070855725 5.549097827524444 0.45984575422133656 102.92073347011352 1.1213406800886367 0.0
667278 149.305449985697 2.86425481149332 4.7040546804843375 0.3988506735602261 6.551816833753977 0.3850736732230707 62.80329880216779 1.882599873992692 0.0
667373 148.688061926203 2.86382824719597 2.0856736005306877 0.45929135219235934 3.226258504545491 0.4231419856228796 94.00389858380653 1.4236145163597411 0.0
667417 148.822422554762 2.8747201943881 3.5488300694014807 0.4324531354431506 4.544270016872494 0.4076892377580771 87.13326380804232 1.3849606960962466 0.0
667887 149.383201680951 2.86033348953772 2.051792572552297 0.4019114390188572 2.9584139137773833 0.38684151435926895 59.18480154936072 1.4180887573521137 0.0
668162 149.24151031274 2.79987121003958 1.686484934981875 0.3716631629258782 2.83331438645033 0.3569083708522107 63.425385196197325 0.8507013081564777 0.0
668170 148.532236998326 2.86097844566926 3.2518034931033313 0.5537255496496976 4.915859773608549 0.4647325355157981 102.42584788979694 1.1113249645006407 0.0
668354 149.10800947588 2.86037236311334 3.3443935441143307 0.44099274545668393 5.566834346117456 0.4254312171415798 72.05982393404028 2.2868645117650903 0.0
668430 149.484799148184 2.85579292548463 2.5496668389432524 0.4030799780899643 3.8112208683305777 0.39063820952489287 54.72212078078551 1.7634351537291058 0.0
668596 148.837326920083 2.85772425018599 3.071346882768727 0.4487886406672963 3.716733998389754 0.42200150919797436 85.8633584561334 1.9121644734772767 0.0
668807 148.871086718076 2.85846012114131 3.4069043087091715 0.4755191372468904 3.7540490624256306 0.4531368001483524 84.10629465650543 2.271425839665577 0.0
668898 148.521537380647 2.85239515554287 26.731732520123206 0.5664257718404501 32.27787894233156 0.44643769944101014 102.81230170875288 1.035036295301583 0.0
669305 149.116925725272 2.85055277304121 3.017197306698706 0.3986409550066542 3.75326088526181 0.3843863503214091 71.28642189991056 2.587506048416064 0.0
669359 149.38589424954 3.0256946387214 3.03738081195697 0.3875997801271583 5.156719311034633 0.37349219300517045 66.29388279090581 1.3710132436757305 0.0
670205 148.601985733428 2.84580176433401 2.273996861731172 0.47748186706257895 2.8338393774552304 0.42486946479495796 98.23175943826163 1.5397422564742913 0.0
670400 149.134102902996 2.84496208475756 3.1365592652562633 0.4138604731947947 4.269750461538489 0.39437921015275784 70.24728828705598 2.1661010110836463 0.0
670623 149.447063788044 2.84388890919471 4.009084646209425 0.3770248883242098 6.065329006193731 0.364091529657651 55.76036834822963 2.180234556656399 0.0
670910 148.892499095559 2.8420239196642 5.027440483274957 0.4198979045384739 6.353191399919766 0.3953536803884799 82.50700848334556 2.8915888640748646 0.0
670915 148.897563512854 2.8410115888516 3.4611410087907237 0.4220036745273542 4.330917300729804 0.3964009918599283 82.21161912312839 2.8669495044013984 0.0
671429 149.51760295906 2.84114179823947 6.087027682825124 0.4061583438417782 10.284379481303393 0.39299220620299424 52.75472082897453 0.855992169613345 0.0
671809 148.867641559613 2.83615512772208 5.624049525248734 0.4632615333929554 10.005044853234045 0.43580810038787915 83.6515290607495 2.4087382959632206 0.0
671836 148.640657211633 2.83562256170028 2.45151203062036 0.4906447731039817 3.9689596233025584 0.4459939296370085 95.8662662391518 2.3008253589905734 0.0
672314 148.766016123858 2.83017730613351 6.065578563398305 0.4230557159001983 6.9310735219222295 0.39566705425090304 88.919461509092 3.4117333645268255 0.0
672341 148.691309301732 2.83341962976555 8.37500386432503 0.43832351995577357 14.984014973341118 0.4062054313974468 93.04854638634772 2.0907652598641855 0.0
672446 148.900475077079 2.82992924632542 3.081616382747036 0.4097002302092814 4.059570529132482 0.3880507709598556 81.74057430017548 2.5533036075185382 0.0
672511 148.516461382773 2.82931433774213 1.9546661056698054 0.5748578099783999 3.535125695369169 0.4558548832912973 102.56074113695925 0.8866383434031203 0.0
672676 148.815658203344 2.8284434522109 1.8133193913621326 0.41404297338468166 3.307089714757036 0.3905231922007182 86.20656647543791 4.221803746100353 1.0
672818 149.185889470634 3.02043364279439 2.183474792740825 0.4170812288615471 3.590549587879272 0.4010892600673414 74.38369462513093 1.7135138602979723 0.0
672896 149.270604504752 2.82715938448159 2.2245153498646215 0.38194139493080703 2.83726558607272 0.3684388898313613 63.010807388998316 0.9835292349441137 0.0
672936 149.457592147004 2.82661933966352 1.2710949788770773 0.3789814548597779 2.31204067884817 0.36698431205255094 54.5802590724828 2.2344281745881047 0.0
673444 149.415143882916 2.82002223340534 3.751675138006175 0.37173366949665976 4.534142875005828 0.3606510106380984 56.13362172689178 2.065109381941909 0.0
673496 149.369259097492 2.82273637245147 3.137894212125678 0.39812951935205965 4.2125044330848755 0.3863106389612427 58.28261384678579 1.110427955521224 0.0
673905 148.649108566302 2.82382494301117 2.638235335459428 0.4691286953910732 4.272262793514578 0.4249221849055185 95.1157979066214 2.311040845298827 0.0
674328 148.859932795169 2.81681520601009 1.980204307376731 0.4454959518397724 2.3417273961266525 0.42245190930409005 83.52481162657656 2.5319698581526695 0.0
674501 148.814074741404 2.81600529930039 2.663768472352239 0.41981148227369447 3.1507112767688095 0.39737127211306433 85.95879460085634 5.9813596661288395 1.0
674694 148.648473121951 2.82303687633612 2.440182004610139 0.4714978697401067 2.860339774130214 0.42659480753635515 95.13152343439377 2.3061848570248147 0.0
674909 148.78448501727 2.81639524314866 3.116205048136066 0.4289952847939841 3.506382506916543 0.4054143350589458 87.56298711445834 6.079443861447286 1.0
675633 148.754216598731 2.80658587044388 3.635523995334926 0.44550417453204577 4.43099498875333 0.41711283090040796 88.95111880178113 5.12764803257622 1.0
675787 148.635100408836 2.80342748498448 6.564318636740334 0.52834392099368 10.801930734706104 0.48597582089698604 95.39984007905673 2.189142809085017 0.0
675834 148.726736068237 2.80382424855666 3.080863005460562 0.4537680216882758 3.2912969797338243 0.4284262351115788 90.379237483773 4.766930242767803 1.0
676230 149.561173401668 2.89798737032635 5.956231252581543 0.3973756993315477 10.473938897871792 0.3825137964555718 53.748667816167824 1.0738654942490327 0.0
676237 148.843580686854 2.80446497260599 2.00093787907414 0.4445311554805989 3.183895662587567 0.4159411736380604 84.06679589765359 4.144170944086525 1.0
676321 148.800538511245 2.80151355357376 2.2383642092305043 0.4313309913248149 2.8687058340853375 0.4028326427557408 86.30948971298953 8.231394848999745 1.0
676460 149.198461713269 2.80016543506111 2.590237611536002 0.4139460508674389 3.643874068894952 0.40042238980595146 65.54639985062435 0.8808163692007867 0.0
676731 148.756747948602 2.8010778624345 2.1650900700286253 0.4555767343833001 3.411759807869908 0.4245762581014653 88.67473746123369 5.521694389665105 1.0
676739 148.826486228732 2.79821332129861 1.7259611091568485 0.4382592038468651 3.099382792952079 0.4134642585257649 84.8219953445513 6.596301606815081 1.0
676749 148.796810944426 2.79785738924304 1.6543042111456476 0.43148535343913375 2.698992477232605 0.4007823323319737 86.41726240084441 8.388410218430497 1.0
676786 149.428603884925 2.79768468316684 1.789125971472757 0.37451021333240403 2.9518372066053185 0.36125799637914335 54.63143250728177 2.1242157988195807 0.0
676808 149.421764986497 2.80296536071056 4.511423960636617 0.3632515226612686 5.821972883759079 0.34721943670277255 55.147645660755636 2.0799018264430567 0.0
676887 148.692973958722 2.8049556799953 4.725897593812975 0.46643073480799935 5.24641864241139 0.4369970608969941 92.2537509676663 3.3181958046366566 0.0
677038 148.530061354129 2.79486544816293 2.2312642607165962 0.5468754928063094 3.8527725112423403 0.45366795180896674 101.03739044702557 1.26818957711681 0.0
677066 148.805216440218 2.79523370500362 4.6465796303451965 0.4373051268092041 7.933132536828814 0.4115356141457925 85.89459028970158 8.518518600970872 1.0
677330 149.338870562431 2.79416617490808 3.2825529004706655 0.37427076031614676 3.9182479417575022 0.36160396922696114 58.57414317387307 0.9324231423482933 0.0
677582 148.724645769556 2.79375865620173 1.8543736695278037 0.44643122855152084 2.737391871926733 0.4153645767817052 90.24633278049653 5.067375960528097 1.0
677688 148.800228393855 2.79152774569978 3.197917093983477 0.4227655468377214 3.7902869786305446 0.4006067214134779 86.07023616967645 8.636968640289922 1.0
677876 148.6437203174 2.79008077094966 3.0711482039241265 0.46882060597332387 4.364754587131747 0.42665765727514554 94.61317138740901 2.6757366136874676 0.0
678090 149.501343627341 2.78874174562244 1.5518878682264117 0.3829774362538296 2.8633350131102833 0.3729948743028441 51.12039175130298 1.4605917856990591 0.0
678116 148.694477362022 2.79070011915281 11.180445749912863 0.46980129274009313 11.964556052173767 0.440706392623511 91.82824725728928 4.075147078182532 1.0
678257 148.736794437289 2.78902354318578 2.199238520192287 0.43926770773371904 2.5643091244621283 0.41402789866673867 89.46565345500332 5.432075671603221 1.0
678292 149.062722285631 2.79028633158124 3.326739425442593 0.41402425087788375 3.8964821333172015 0.4006298998446186 72.09968651596692 1.2230053202623596 0.0
678637 149.480576361138 2.785907488312 2.8944776342279988 0.3853159459632942 3.683133192763216 0.37460945416392316 51.88292532443442 2.3028886760475062 0.0
678657 149.45974203657 2.78639927522849 3.5494804191601026 0.3801875514133224 3.797514744635208 0.36920876920309703 52.80415764704143 2.5684509631333623 0.0
678664 149.136820004539 2.78631008004209 1.693980399434398 0.40732716354042026 2.5992886645782938 0.39229692693879575 68.17917141108529 1.8540933501345729 0.0
678727 148.922928631534 2.78556471255786 2.839395294364304 0.42479209133506096 4.512127141010835 0.4010574438259464 79.30991214802165 1.371677001271377 0.0
679105 148.831902579834 2.78263868339815 2.237615537616781 0.42667201384902287 2.892260995308696 0.40255962164868464 84.12576215799689 6.656343187541979 1.0
679497 149.293106356984 2.78897360449158 2.5559070214480126 0.3831073082954034 3.6958889731555566 0.3714028006339415 60.54743875649519 1.2371594384964333 0.0
679577 148.819315447704 2.78023005249961 4.867011943657805 0.4903139703391974 6.597971103470845 0.46654197258900976 84.7468910694309 7.8050480889655525 1.0
679668 149.470123780215 2.78219482248156 3.0784369318732288 0.3769298732494253 4.6095057435487234 0.36069059906697165 52.17919708856566 2.5905663628091458 0.0
679919 148.795927944773 2.81332319889745 4.128278047753236 0.4301296217776964 4.745892623524891 0.40558211853744575 86.86533243946491 6.970404142603738 1.0
680093 148.825798427321 2.77718746273568 6.67208305501487 0.4705918190929132 8.155359728176242 0.44552449503857344 84.31761920671228 7.197653337369378 1.0
680282 148.786293700939 2.77608026330703 2.4804544043989996 0.4545947109830092 3.9740225956669506 0.42837168245918406 86.44118129866129 7.688207862439716 1.0
680442 149.594875400802 2.77598313955764 4.3489909517678145 0.4012489236400508 4.795560308749555 0.3938881073586636 46.76741951030894 1.171352346835796 0.0
680595 148.773369279051 2.77561261393549 11.303382785787878 0.45712566590535914 15.947842653294662 0.4302858506795405 87.13609391720959 6.843354833518005 1.0
680720 148.75313979965 2.77165026417593 2.4761802538111324 0.4870048055137532 3.532090398313826 0.4566178560983308 88.14858466460248 5.962916469212679 1.0
680784 149.503504432205 2.77220782650386 3.9594405353922784 0.4337387766187177 5.414832920487395 0.4256993760270856 50.32673360421414 1.3720779742718994 0.0
680811 149.069062368245 2.77247262763461 2.4912119498654275 0.43991270767430135 3.066394277308277 0.4269991915040481 71.23495848681313 1.2429905668411114 0.0
681007 148.844158286332 2.7754274617366 6.929384268283589 0.45474048662063227 12.224530198069786 0.4309326458595293 83.27680978262424 5.312550045648111 1.0
681372 149.275295787605 2.76814308144911 1.4978393950548783 0.4171864122241411 2.797089362499527 0.4048979081942766 60.67099398251654 1.3666515261954555 0.0
681616 148.799844771904 2.76581184218945 3.657206105419789 0.48396742801528997 4.091125057769039 0.46028067441376636 85.44767890143912 7.597699137712288 1.0
681960 148.531845225855 2.76377708431335 4.552449783755715 0.5596195248644368 6.2308595632877255 0.45454579460012795 100.27433044407229 2.126899641280374 0.0
681978 148.780004329161 2.76560202645202 2.2942839470424636 0.502581014120989 2.9625895307088315 0.4754261446105894 86.52872637127433 7.138835897569473 1.0
681992 148.634864093589 2.76346870254453 2.6779379528691054 0.5034128969438643 4.113299458577125 0.45458232572302637 94.50293968541955 3.4325701280700005 0.0
682099 149.297112075088 2.76326225552792 2.95521681893295 0.39599521009199656 5.4466163787219495 0.3817707698073985 59.43798970616275 1.4125966730131383 0.0
682116 148.541033468089 2.76233953774549 4.628744578095767 0.6688467391596158 5.934590038568471 0.4527262002724275 99.72809052279736 1.9203325944273921 0.0
682169 149.179394807665 2.76407096580001 2.815726220867123 0.44446359083724957 3.442142522695318 0.4313171757558915 65.30910959573549 2.4344118586764645 0.0
682465 149.161717950322 2.76140180398333 3.211992304496534 0.4148372225581198 4.162994862148128 0.4005501428354371 66.12259011861958 3.3238036597104816 0.0
682471 149.271695281265 2.75948121949399 1.9144136152047937 0.303335190582274 2.180559025298596 0.2939967768683099 60.54819310916484 1.448233198958573 0.0
682615 148.788293617381 2.75925204380149 2.0867560341858353 0.46093218065511304 2.576999522708621 0.435528706823791 85.92045665570012 7.174851050650406 1.0
682730 148.676114235716 2.75845427329333 1.8504080121633042 0.49490377498635285 3.4571516849311776 0.4370647268135702 92.09620290835535 4.783487473173911 1.0
682743 148.754856906875 2.76219375207417 2.671135354987512 0.4591048562761092 4.431660965765685 0.4298197772759272 87.82814051462931 6.157173766002804 1.0
682878 148.68749119447 2.75969866704726 5.088336032604767 0.49736049617188494 8.659528177199176 0.44769482313935977 91.49273711670644 5.093587196400713 1.0
682971 148.795677245422 2.75627196428952 9.633455649023167 0.43172098018557276 11.116568038032154 0.405328113505203 85.44341423523723 6.968421006738887 1.0
683150 148.648277698565 2.7565659266048 2.6123685009864634 0.4886717898210467 4.028166103168787 0.4381692706845179 93.60303215533749 3.981761855971899 1.0
683205 148.673079527684 2.76004822358147 2.5383262597021665 0.5118953337796742 4.616395364145565 0.44689770427643843 92.3006699879369 4.6577659513145315 1.0
683486 148.514509593521 2.75491499882043 14.99103756833036 0.6676988216878725 18.326635740427676 0.4693736364906714 101.06733968199632 1.8911881919922728 0.0
683777 149.137681748319 2.75582056244639 2.131944268884671 0.39443438699479133 3.9030323192808103 0.3792076055151014 67.18028296979318 3.1518250233067575 0.0
683957 148.887185577937 2.75101114504175 8.120221981684631 0.421371418908792 12.592635362694734 0.3936778346941155 80.3197962568275 2.1680136662834895 0.0
684074 148.644036075277 2.74978574127057 1.897334435813883 0.4900777251796888 3.114347753173844 0.4088770655905809 93.69097665643123 3.9195583909513876 1.0
684236 149.128354275894 2.74943410846033 2.54193839304144 0.42107608796435336 4.589110657982994 0.4056060889213389 67.46691979650939 2.8492724503668647 0.0
684321 148.747745622042 2.75025838763135 1.831439270339883 0.43379277114761106 3.1600391909681322 0.40203953890909977 87.93985957930111 5.817539651477135 1.0
684496 149.334473353157 2.74908583060211 2.2420658516483187 0.38117166692536747 3.218691211820065 0.36741436081467743 57.12904647179865 1.089769859095964 0.0
684702 149.506371480135 3.01825510395172 8.14878670450535 0.39090255067399055 9.102779528410428 0.37791082892660793 61.51328157138673 1.6439523560675036 0.0
684736 148.653118991104 2.74526067121476 1.5954596352698167 0.4453510059270986 2.7568602806844797 0.40219538784379416 93.08521180898755 4.036559456687945 1.0
684800 149.469735430939 2.74718463219141 2.276030826618477 0.39237794935322895 2.815428870234809 0.3734807004815059 50.769790541958535 2.1649720867857893 0.0
684839 149.584087559028 2.74733284110759 1.3633889316461616 0.353734844780202 2.472127205381267 0.34487516446777194 45.90432569581531 1.4770088689467022 0.0
684862 148.733695693225 2.74518513620561 6.1001718884163205 0.41932354411049777 7.6527683701811835 0.38928408082311194 88.60038002950165 4.7771300261919585 1.0
684911 148.691590751243 2.74386674607135 3.0209148250065834 0.45217258348283446 3.838079301319726 0.41793221652792933 90.90928887920856 4.616043211316553 1.0
684961 148.594703956649 2.75247411010402 4.650689984844585 0.49823468630939305 5.058863787182172 0.4184276474359037 96.50869499167541 1.686435425520759 0.0
685213 148.831037869794 2.74293559007823 2.0239879401989413 0.407679147284581 2.5670448607844523 0.3830634945446 83.1815223362682 4.567223401914403 1.0
685335 148.771227391793 2.74110962613378 8.331043487907714 0.417249020918121 10.33427250471241 0.39100010430653753 86.42981321028898 7.00004829206025 1.0
685512 148.830483843004 2.74227917500643 2.036306581089395 0.40777644667682456 3.186355965109566 0.3831271730711547 83.19598800457236 4.544248249151115 1.0
686072 148.94911123327 2.73690383534151 2.03333952089331 0.3969659892725317 3.276612610214029 0.3806828201092421 76.60464252072565 1.2334227949526033 0.0
686093 148.819071905992 2.73588598942441 4.803128522350275 0.45370247163505567 5.738015394013179 0.43020029215600913 83.66924037898511 4.46459967506037 1.0
686353 148.773410560365 2.73624745194313 2.600576517885192 0.41106565459534933 2.794271392013482 0.3830651152851168 86.19637860420745 6.883571181092576 1.0
686748 148.710354793981 2.73446191056195 2.7282046214285134 0.4353492762087095 3.7686145469450176 0.40033741143385504 89.65577521510016 3.9703544421137655 1.0
686764 148.696650790232 2.73374663123691 3.935348319697673 0.4416015977437215 5.874976255559869 0.40123528326265273 90.40384117974857 4.02401534368964 1.0
686967 148.601547463792 2.74319384129503 4.544241838088508 0.48809240062650605 4.964514219747629 0.4229144005028112 95.92867451883683 1.9661090804025032 0.0
687177 149.427532228166 2.73408296412793 1.562510072650935 0.3794998491783628 2.8167937915950314 0.36818297858726085 52.1770488731791 1.9660256690122913 0.0
687513 149.266942469886 2.73165841419636 1.2860883112666393 0.3733832298195996 2.295076037926282 0.3598643437097597 59.84649555123802 1.8798025972527959 0.0
687707 148.922841608629 2.72610266944151 2.5997333552575888 0.38990494622464095 3.3961396448767234 0.36879082995108187 77.75173625541032 1.5661614084447661 0.0
687714 149.201920004067 2.72737389690502 1.487749916987722 0.37999568761375857 2.478925198886393 0.365041707203127 63.00158195822229 1.7918686864300841 0.0
687741 149.471591547407 2.72732549389095 2.7399598616055694 0.3821369042305418 2.937394658937631 0.37259544464423094 49.89786739507663 1.693579093261871 0.0
688029 149.432466011098 2.72924184587937 2.7084667185160853 0.387194156095613 3.9068401386199816 0.3762141161980898 51.764204009433094 1.9936064286734327 0.0
688213 148.782631007951 2.72342427223543 3.4465227581170113 0.43005159539485877 5.42795392002119 0.401146299083029 85.39140712743443 5.839813500457956 1.0
688269 149.586414057834 2.72269373793117 3.1714411005037744 0.353436900492133 5.8378576142241245 0.34545840083499413 44.72698928131613 2.6341694561352966 0.0
688277 148.795620945532 2.7230989778017 3.3126806249272684 0.4124006518579417 4.337639782460851 0.38249163098725414 84.66432986557793 4.885543269426561 1.0
688431 149.110274099964 2.72173815982856 1.9406640126550623 0.37770859758338055 3.340726526607556 0.36279226670586473 67.5935248093678 2.171404651444199 0.0
688438 148.620499155031 2.72168206099825 2.489501175371175 0.47310737299650424 2.9701000054286406 0.40147329269104504 94.41600314133585 2.8382755657567817 0.0
688517 148.776299366018 2.72217612022281 4.118745975501316 0.4327568425585552 6.859953954644863 0.40308886709744124 85.71422049889485 5.9660337205167435 1.0
688919 148.804881555154 2.72045463889884 2.977540033188487 0.40883859153055707 3.229740334030716 0.3844907591622012 84.09090260157662 3.9863515135349434 0.0
688952 148.623651608364 2.72071236971575 2.791936696881535 0.4658085022212436 4.052930926177861 0.40245991848064305 94.21856929802361 2.9270174113643415 0.0
689140 149.093030183003 2.71711390429171 3.3891637382648683 0.38530605684186514 4.087855858389115 0.3698804648510256 68.37196569786522 1.7856130929162182 0.0
689377 148.750094444388 2.71823624542505 8.104217813694001 0.42620763963390146 10.038608915936367 0.39695185946057937 87.08293157665452 4.754262628748393 1.0
689508 148.766609584008 2.71556543605368 3.554272074036732 0.42388071133371585 5.306066866155974 0.392339839727479 86.10413331214617 5.274170309944307 1.0
689672 149.292549010156 2.71352639081014 1.5075724943833995 0.3811634397873385 2.787867256871443 0.36440133052393486 57.96641460460088 1.9241565116961494 0.0
690263 149.257804290136 2.71185393130113 3.163990362964263 0.39518075886839377 3.5729838916532297 0.38284871879986604 59.6630456907515 2.317686251948682 0.0
690316 149.164779461707 2.70854790404842 1.7466960897934567 0.3883630039814879 3.0792651671123212 0.3748369932402269 64.35263257119743 3.2155057830047036 0.0
690431 149.061303673486 2.71038892437987 5.600996885673109 0.3964935938162974 8.736194176370091 0.38198846472681325 69.87284141150728 1.479020356531942 0.0
690823 149.561815445911 2.70856307858458 3.0828420309278495 0.3864102102584425 5.751943632829374 0.3800024129810357 45.15734564299703 1.8762175243953572 0.0
690826 148.55290800128 2.70578490525282 4.283328491480516 0.6257249832060365 5.026492165897575 0.44540817007148176 97.92201456038066 1.2056786467290337 0.0
691089 149.369562608294 2.70504865895332 5.017927288966556 0.4285509671112103 7.199109286401294 0.418091352987422 53.87329376926333 1.9073521578400383 0.0
691106 149.002198049389 2.70334013736986 2.6172518105810676 0.420884256799794 3.472315922566485 0.40572869425793323 72.8654265904856 2.6695545102509497 0.0
691434 149.37418236229 2.70194679396856 2.5338259421421836 0.4329235122421522 3.700543537327223 0.41461084035386686 53.539828967502125 1.91488490433572 0.0
691451 149.021358487911 2.70270092840002 5.211728625487543 0.4288792739188021 6.464972768312657 0.41314084712264115 71.81310636971095 2.3585529324382395 0.0
692185 149.309616458605 2.69644936845474 157.84208638867904 0.590356353890996 283.55036753734123 0.5712473720606397 56.549346182236796 1.794088946768399 0.0
692269 149.258777418764 2.69546226190298 2.435579829033928 0.3932657089160567 3.5398667297309068 0.37890021734208684 59.09527770906786 2.3086269175165106 0.0
692480 149.354789109214 2.70028923030337 2.564439336228648 0.40335623041920193 2.91078826951635 0.3914431558278101 54.4319164687346 1.9100040898977215 0.0
692609 149.150675147484 2.70456548024672 2.6496640424661146 0.40497875206234274 3.7538422338346806 0.3919183551055833 64.97493946932968 3.000828216380724 0.0
692674 149.001451809036 2.69996801232644 4.334031378666516 0.4230050916975224 5.41360852469698 0.40602365061448376 72.8193184372503 2.766082160211105 0.0
693154 149.042222764858 2.69100985822914 1.4585992412176632 0.3808494065846195 2.6170005037134354 0.3647168684432981 70.38208984698326 1.8570829825421444 0.0
693197 148.64151120729 2.69250421474119 2.4875654955039592 0.4916921898736365 4.597045840388227 0.4188640134025444 92.64123940704603 2.3234624022133263 0.0
693320 149.290786602288 2.69166899032074 2.8437202404333677 0.37827436593849195 3.083067461199731 0.36604811339403226 57.3449769563494 1.9860084544176808 0.0
693437 149.11222997404 2.68743229381111 41.87182848873271 0.4133722663879387 58.5956494708328 0.39919669558137344 66.52808195555339 1.5529396807211873 0.0
693497 149.189565663347 2.69511334581598 1.9312425375259066 0.3908193174002134 2.614836078423281 0.3763921950623724 62.6627222292706 1.7738297002444472 0.0
693564 148.887250041811 2.68690779909107 2.5775859360956064 0.4167572959688252 4.178550840133346 0.3872641869102934 78.75985049466497 1.3222539140944702 0.0
693577 149.035113962148 2.69050001677908 2.243250926063695 0.38394005966344996 3.3787577553592896 0.36365759480178544 70.7530663518453 2.0472347242447966 0.0
694102 148.940825457387 2.6853775558547 1.8827370890093358 0.3964868338532556 2.7720882428901064 0.3769054725335374 75.76883513722522 2.2095436854384705 0.0
694150 149.538865461178 2.68450025291909 2.2172358306684554 0.38583196801097613 2.7335914195899114 0.3781908210596369 45.174252527409955 1.2517834454535557 0.0
694190 148.627394438252 2.68288636450381 4.40283100323414 0.4843373232362303 4.729916634318246 0.4212420909695743 93.25300642475963 2.3224336902249 0.0
694615 149.596853335239 2.68076217627567 1.4901554642647605 0.3647813719094616 2.637097686121674 0.35834904341408724 42.490782221698865 4.332384197530586 0.0
694666 148.982694839201 2.68367621119193 1.7459618759218438 0.3711658806381949 3.097447849785098 0.3554664551086878 73.43196469166959 2.9600022225399045 0.0
695473 148.682720048615 2.67645845251239 3.4795822732459523 0.4514979501076114 4.48313061976493 0.39874148850622504 89.99210597082944 2.9774061468235886 0.0
695534 148.95645060662 2.67502835830982 2.5619506707476054 0.3739884187632782 4.43152725467305 0.35438648939932715 74.6627835873734 2.6052990486592154 0.0
695819 149.57670403974 2.67248361775435 5.463004275447435 0.3833875647969448 7.2580545139467185 0.37730824496946647 43.015209769895236 2.5932824549905167 0.0
696062 148.714583459383 2.67132024203787 2.564902858807698 0.46982904729200986 3.1064015202650883 0.4257398208699819 88.08798908193799 3.9428192595195406 0.0
696187 149.33387261789 2.67136080585806 2.614283976849737 0.40462741915825257 3.1830086755047406 0.3940494999626256 54.51169923570393 1.7794601571945121 0.0
696549 148.933678499762 2.6688982271992 4.416445987901699 0.39368762689181297 5.325911452471169 0.37305010840295616 75.77563798425031 2.2006298160392483 0.0
696815 148.689327456011 2.66763503610927 2.59191475566453 0.4695137360778737 3.501783011087436 0.4208287745115332 89.44465101594733 3.4569340241522997 0.0
696915 148.697817364952 2.66421307417544 3.642456473467933 0.45679486724257673 4.820741643653939 0.40906962061447943 88.89669813492438 3.825294651984019 0.0
697168 149.023098487142 2.66371834908858 4.686905311978546 0.4273904669514465 5.166572676676503 0.4134752721942767 70.73243080950242 2.3631194685833496 0.0
697440 148.581157202635 2.66697241489289 2.5611656245597842 0.5267896676692724 4.6578553799656115 0.4169587316287715 95.58648572977631 1.4360975450654874 0.0
697495 148.977715554591 2.66044440919884 2.1133042795410764 0.39381576661812995 3.8964959464466062 0.37547253532412744 73.1466040021924 3.041400835394038 0.0
697565 149.136883722116 2.6611829755296 2.766370067754295 0.4171102105056207 4.8029821031785875 0.4028306536651066 64.49933372289466 1.6455022558206347 0.0
697586 149.372806617262 2.66209776719575 2.386578351040442 0.40249975685494443 2.672125019665579 0.39141574137031865 52.25204026602188 2.2635135959677632 0.0
697737 149.37499732949 2.66270543918287 4.876132200478414 0.40498833704536236 5.894243360978427 0.3922642358658717 52.16267473003096 2.2571738175447615 0.0
698430 149.527145900841 3.06994215931063 2.4909775226419275 0.4137013373813711 3.2339224891767486 0.40298389652272 63.384720536981014 2.3753400847492907 0.0
698460 148.811368697766 3.0663380047669 3.8005674462336003 0.4337251736293947 4.7612991434499525 0.4107745843856286 93.70779403263123 3.6294902524279444 0.0
698573 148.519199545792 2.97397010970859 4.009298565540136 0.5726880176334138 4.847351256138748 0.46988419737972004 106.00047222670753 1.1127236590464062 0.0
698624 148.689959076568 3.06974773672669 1.6005540094817212 0.4363565847994251 2.7678579259662164 0.4000787559813795 99.8994935578851 3.0252433605747897 0.0
698639 148.864515724671 3.06517830201314 2.019064572529064 0.4252876046424608 2.6126012982606936 0.40335940184120456 91.05965673159389 1.5626198395554074 0.0
698742 148.73929197472 3.06511492718058 2.0637740165364806 0.4279450403264701 2.578280460242064 0.40194924708655905 97.25924376731163 2.0690094868295237 0.0
699361 148.608021367596 2.66345125325066 1.9994156722137655 0.5393692206222032 3.4791084829073777 0.4207274045592101 93.98877122567954 2.5103733551406857 0.0
699635 149.187635970054 3.06305034294096 3.8164263001028953 0.41799242922875235 4.949900297187797 0.4064235222932378 76.06042026643718 0.9525580291799594 0.0
699724 148.808065215243 3.06030550158583 2.4302980106560037 0.4271365474378518 3.1365982182811845 0.4047080789612472 93.66709123090796 3.8606770387397944 0.0
699857 149.180660000391 3.0633890540289 1.3662720080154667 0.4111902063187287 2.409489544170963 0.39612578827842615 76.37564474312508 1.0692160704049805 0.0
699901 148.803627418208 3.05762993928529 3.1783929170179483 0.43014787532636417 3.6951710587766406 0.40495912798379735 93.79715489689387 3.887976774717637 0.0
700299 148.654973918085 3.05408842760256 3.0350402232231435 0.45682017457069085 3.9928464838066833 0.40551194784007083 101.19099486648086 1.7751018163564924 0.0
700376 148.823246567167 3.05482385987631 4.150776780839739 0.42780227466384346 5.958170892212522 0.4023771686267572 92.7302671083391 3.305484043197578 0.0
700930 148.968818634238 3.05550889232146 1.6926886876600196 0.41766025962522635 2.781834418647797 0.39911987616437866 85.69693123342692 2.3861023141169824 0.0
700939 149.100165069961 3.05176398736262 4.755684843047262 0.40625064673887207 5.362433090354052 0.3918883345710109 79.46665865664389 1.7437881318721664 0.0
701362 149.101045990865 3.04758144110402 2.0472281620718777 0.3901141234721511 2.5067390399926848 0.3730165148722445 79.26226055393597 1.7789890885700688 0.0
701442 148.693421481063 3.04643137739678 3.247799619414146 0.4421004479730646 4.303207150181575 0.41149671637338936 98.98449123211587 2.8582441075936957 0.0
702055 148.949894535559 3.04448312781846 3.129220625866246 0.4194320133685196 5.20522089187497 0.40069518069418425 86.19853018520962 2.1825848649258646 0.0
702068 149.020612210015 3.04454669117571 5.401822794338953 0.426891102246766 6.459150994706312 0.41022151589302575 82.85034330801415 2.3280557077760706 0.0
702112 148.519868432269 3.04184266869515 6.004214933156741 0.5878468552411615 8.096526202803934 0.46825253528194416 107.85003434409927 1.1786735463712856 0.0
702868 149.503571950745 3.0375395780008 2.1050998792437507 0.3902656650713466 2.8536507201723254 0.3766935607109667 62.55630327611232 1.5634156044467682 0.0
703066 148.572120104475 3.03461360018 3.2086435414912393 0.5688533044867903 5.99332070217048 0.49652652856371154 104.89852920661386 2.2500232143026313 0.0
703157 149.147450926579 3.03472106323185 2.5209354376943844 0.4174172904374543 4.207843699048742 0.40245556274050415 76.66586048273248 2.1065404243748835 0.0
703625 148.965843238595 3.03303593095492 3.1437553531508264 0.43060755485608115 4.268707294005862 0.4108634028076994 85.02197327540655 2.734616902536888 0.0
703905 148.91832372837 3.03500491017364 2.087006567518221 0.44418457161117625 2.5292272751008404 0.42458671924480096 87.38506757404615 1.23988064660109 0.0
703952 148.806181797185 3.03071369900616 3.4045113221711376 0.45052691065377437 4.3528795318702365 0.4257245895926252 92.77487144019713 2.5929314688490854 0.0
704410 149.392785148204 3.02708590990111 4.104477611395419 0.3810038112049603 4.692332030083924 0.36965336779486285 66.0919822840103 1.2844332490913508 0.0
704650 148.761404861905 3.02527986116381 1.5524247385226002 0.4638990860734636 2.664184127833526 0.436621629248533 94.85545394258607 2.753278083336524 0.0
705112 150.590351918727 1.39844682510542 1.532558695813063 0.3963927322751991 2.166079826794222 0.3836633527108723 55.449710608343345 2.7224361609707333 0.0
705119 149.645948670032 1.4007434793204 2.3371118402324247 0.3661025992718064 2.564281682378378 0.3534910578900576 54.20736520302029 1.4603931999680677 0.0
705136 150.73436577395 1.4050426018618 1.5566719074643627 0.36728888398300247 2.480181456961966 0.3518714224236166 60.16764724595125 1.2599567747755585 0.0
705428 149.74600917901 1.50722064500666 2.1324886903582665 0.3658449555064611 2.8200627147123685 0.3535814878438923 45.71159065900816 1.9991005578344831 0.0
705464 150.149817501717 1.51662271356542 1.402981964895897 0.3730993763106632 2.151023976180975 0.36725943275527667 40.03093598505286 3.9512060200996055 0.0
705610 150.085640170187 1.57699406281437 2.9970207816751677 0.3264347136038853 3.875439027807343 0.3218077632611917 36.30723623198116 2.343210800780299 0.0
705618 150.434308937601 1.57957518881868 1.6002376888183587 0.3814924092501608 2.129777357231224 0.3754397521636741 41.329930788544786 2.2391323426262515 0.0
705713 150.514714419062 1.58411422224712 2.2571263987255636 0.35249513829487966 2.7806980585354544 0.3440952751815945 43.647752926295304 3.7391532813232935 0.0
705951 150.479616067838 1.58550146967219 4.419044882155389 0.37286655153820863 6.022993606319558 0.3663894266128643 42.413488803379046 4.650013679368101 1.0
706190 150.768439808271 1.5873000508903 2.688482159156258 0.3458756368509572 3.31232746925216 0.3356752243080056 53.6631647245329 1.6807158280464713 0.0
706483 150.852223128363 1.58934631133144 2.284634969672016 0.34824394853749335 3.2513889150461375 0.33618297652740875 57.437096824077145 1.3497852389806262 0.0
706597 150.022294330673 1.58977307878904 5.373580009520887 0.360514220124152 7.447364097047954 0.3556020724131811 35.83454500300921 2.3385335708029618 0.0
706806 149.862604196604 1.59160281412048 2.470933474738131 0.3727012733217711 4.568437468078589 0.3670193421487208 38.17426225713599 0.8565804726806502 0.0
706969 151.028929390616 1.59186154054837 3.0609858846212434 0.37422236471341574 4.504636741372426 0.36174561826462776 66.0044846334605 2.3891362747253058 0.0
707167 150.467322016847 1.59245588990383 9.046067607627123 0.3931705913506658 13.098785259086977 0.38646244525339807 41.66760030603447 4.701948703914549 1.0
707192 150.502806588102 1.59403271431463 1.281570727294901 0.360807124421474 2.2294559379024896 0.35280336663827866 42.75250772570153 4.775047196613798 1.0
707323 149.748716407907 1.59443381002772 2.1696632288243345 0.39248037803203417 3.0977802857660994 0.38468882102035573 41.0653366811396 2.084754483347846 0.0
707503 150.754608918839 1.59573747114427 1.447963684101382 0.355844175543075 2.6895279972272363 0.3449154067181037 52.70726514186336 1.8638612598028759 0.0
707552 150.041952088971 1.59480526057807 12.010623943788092 0.3938586775627411 14.92526681310853 0.3891972238654165 35.39991319229641 2.5624546918244273 0.0
707581 150.278991042944 1.59637317020406 3.1617836418718728 0.40734644272744985 3.602462859465468 0.4026704029465087 36.73727112090441 2.391886478420519 0.0
707686 150.457361623614 1.59692076454486 2.120076856888098 0.37955248433368605 2.69736473806358 0.3727631360352015 41.12605434242887 4.175670724609455 1.0
707690 150.491697515596 1.5961696798455 2.693426983220477 0.3657319952506744 3.141292564265535 0.35917039050598404 42.27301088149578 5.435369235310756 1.0
707836 150.360132143457 1.59803864597354 2.671875186198416 0.37856158834703574 3.334410703406176 0.37375617111684317 38.35030480678629 1.4206053330094632 0.0
707889 150.898656901409 1.59835885667545 1.419153732189968 0.3687613471687787 2.555506661705353 0.3571261762766607 59.32800255438129 1.325929023664869 0.0
707974 151.060356487604 1.59803794871405 7.101862461117924 0.3925689423691947 8.139696836569431 0.379942068023044 67.40914336760056 3.5379154325958027 0.0
708033 150.028806091958 1.59945404234067 3.228656832160228 0.3791514902118924 3.9324068598347517 0.37424150923159927 35.20921879387141 2.4496995621784463 0.0
708084 150.970404633968 1.59895042017733 3.0920193451816513 0.37170185507874737 4.169741470811869 0.36066940051771224 62.83278477949418 0.9963796680454865 0.0
708216 150.986977890677 1.60026925610565 1.9638747388923432 0.345270364849203 2.227496959890345 0.33291100531284973 63.617325840505295 1.1676375725461905 0.0
708246 150.457533948475 1.59916764235413 3.235635869748082 0.38151384224351603 5.161035821886006 0.37479980829586995 41.01644471534807 4.235361596738008 1.0
708342 151.043443516829 1.60109230341026 2.570978517732498 0.36201285631452695 3.107828876970219 0.35105976293980873 66.44840827594585 3.4911986959705263 0.0
708411 150.36064364669 1.60178658787165 2.3625918518295452 0.3761481094590123 2.961418729860507 0.3709572443318703 38.1575294654308 1.375840181865848 0.0
708777 149.675134968636 1.60286630147465 7.451262070078371 0.41305192604568897 12.81624966849696 0.4033595399724986 43.084988714598715 1.6598215733635375 0.0
709356 150.483706492384 1.60732053170876 2.1708001414618536 0.3598916336200845 3.1462287321019944 0.3534971356669956 41.450453741937956 5.8753507594719965 1.0
709617 150.759306347722 1.60901185427209 2.062481485183091 0.36094212818529825 2.7101682197961305 0.3519750669379149 52.39128450432588 2.206105430770543 0.0
709679 151.003719433912 1.60939980420048 1.741257492396792 0.35399036463000844 3.0605750821527535 0.34255455872781765 64.16398020861818 1.6330710218660067 0.0
709732 150.194925937926 1.60997396570489 1.9817523632065983 0.3825060989936066 3.3400312657608633 0.37784906582066397 34.78712989093364 1.314775454511739 0.0
709770 149.645213709329 1.61021200230851 2.6317155383805084 0.39171746273290403 3.3692042267130273 0.3826626835730464 43.82384597030031 2.9133250009658345 0.0
709825 150.11449780202 1.61046162946495 2.740962013352618 0.43506446880799654 4.3891160667622104 0.43047319354927716 34.299988687170135 2.1639866350187997 0.0
709874 149.613921408215 1.61089408142597 1.4480359175594149 0.37179641641958716 2.137702778358344 0.3624852100479558 44.9844054701912 2.5347241116534285 0.0
709904 150.104571300514 1.61103462531098 1.6788189244249714 0.40493071168368144 3.0961446270695494 0.4003927099952377 34.25568599696058 2.000563014578413 0.0
709957 151.077361206974 1.61128060968222 2.578238127604816 0.38618898200958485 2.7026098595610524 0.37446784196126837 67.87795211451702 4.001595367908578 1.0
710276 150.480529348397 1.61310827535145 4.00875709086748 0.36361021677762845 7.109834110184784 0.35723575122785006 41.05583980229416 5.677680301366101 1.0
710364 149.796763229057 1.61433409433654 2.5757513683356312 0.39923846202261404 3.8420659546409204 0.3925153953934571 38.607210267808526 1.2208974566980417 0.0
710406 150.001312703311 1.61483014088297 1.8246281083180587 0.37687022409157367 2.550306110572092 0.37183086030543366 34.53765154238007 1.5994639754397701 0.0
710575 150.15207811607 1.61609871483505 1.938488011962467 0.3918075648906782 2.37209307475913 0.38714082645595843 34.0940738289513 2.3522556039799323 0.0
710688 150.300177315301 1.61669832323582 1.718480747059141 0.38244043071102984 2.6869277216606062 0.3762707868636599 35.97648192604682 2.8413326211490757 0.0
710744 151.059277130563 1.61661817336951 2.563844819139079 0.3922696469464443 3.9015244780750167 0.3786422801723403 66.78051501060426 5.039797758218454 1.0
710918 150.381826044856 1.61809850529919 1.7178039958058506 0.3847232099842187 3.0222637231366964 0.3785882800451217 37.81714886672602 1.0756708003829742 0.0
710966 150.517604416371 1.61843038230126 2.6599490223581093 0.3582694673529166 3.394722049449705 0.35146470864143076 42.07486447150009 4.002027281967195 1.0
710973 150.486877631176 1.61635122087891 4.380224776374611 0.36521005207780793 4.936549078830592 0.35952662190457296 41.10785587587273 5.637626732212572 1.0
711000 150.541225548562 1.6186380565596 2.281760881045577 0.3471347739732632 2.760128467101582 0.34055423341498886 42.923214475836744 2.494297788821028 0.0
711144 150.141901102104 1.61926970512053 3.9732279723760744 0.4092545045608178 5.523771915198959 0.4051316447613065 33.853859888955775 2.386468160837507 0.0
711625 150.277718731999 1.62240583694305 2.066173854386699 0.38109428103032295 2.5420554362912604 0.3765638646346115 35.2232375373666 2.6889957543026415 0.0
711668 150.768668042189 1.62267554706813 2.3427351375867334 0.3545664961660182 2.8159712657827587 0.3437665227017676 52.28621813959191 2.568002663159686 0.0
711755 150.679973292948 1.6233404854746 1.324561145765435 0.35506105486858797 2.314090547251796 0.34742248970501854 48.300333250793976 1.3384297216048333 0.0
711766 149.714947348116 1.62341276493894 3.3123718554413126 0.42753161245076376 3.8962134219065194 0.4212598914890002 40.69657014145815 1.3905805507238345 0.0
711864 150.292778310724 1.62378979283142 3.2291340297373883 0.37859514084227947 4.220098615368876 0.373620102583456 35.42840326969 2.9418890162611113 0.0
712364 150.084196391006 1.62716026197427 3.1675611766291114 0.3852879233059843 4.2528886823869 0.38077332373310024 33.30053866363589 1.6051386528665936 0.0
712642 149.637464806848 1.62899911741758 1.9341614727791456 0.36664834618360914 2.277819847886429 0.35788934246750587 43.24369217746727 4.049363562310544 0.0
712773 150.298454968169 1.62991860182156 1.7656935905522986 0.37994728552976337 2.003987449696534 0.3753563761145886 35.19464344818557 2.7713291668083655 0.0
712835 150.912751508565 1.62965638856452 3.124837811993731 0.3719867019356462 3.7276755623661093 0.35958817320919934 58.936109746620325 1.7616236556403095 0.0
712858 151.040003073808 1.63030222350241 2.8086654371794535 0.3716139333426795 3.088988320987671 0.3599707048061743 65.36780316931802 4.725198587563181 1.0
713031 150.182113597568 1.63167917421957 3.27036738131266 0.38141900837673953 3.70991850825405 0.37701960581743027 33.38109009964715 1.2899978745122394 0.0
713091 150.726605693183 1.63203341707773 2.194759751114175 0.34439899861554146 2.861921653709616 0.3351944353172 50.00556433389001 2.4007157514323922 0.0
713159 150.915173740855 1.63229561231274 2.7794172130895407 0.37316059864519796 3.2771469941469245 0.3624098271964191 58.9675467749524 1.8407619553423222 0.0
713168 151.055623762136 1.63227491124795 3.278352935596454 0.3847122544385978 3.749223307536878 0.3734264701354639 66.11811980951825 5.896757277594164 1.0
713184 150.685231618189 1.63242942370647 3.3153792499752583 0.34409941699456936 4.17439244356989 0.3360629772678955 48.152787720272755 1.4421948399929871 0.0
713186 149.641947546507 1.63286032395626 2.207205334663856 0.3702794030081239 3.0601616091459127 0.36124034319976445 42.89355357575371 4.0662780504285605 0.0
713311 151.047796808014 1.63316321952503 3.939028229458558 0.3971722242156044 5.7515987650319085 0.38407677967394865 65.68499447269937 5.454837860845501 1.0
713459 149.830552779404 1.63478199071194 2.560279005827075 0.39094215692323575 3.341207223510832 0.3856209494100765 36.590531058739074 2.1407429922937142 0.0
713554 149.650353777418 1.63504817686771 4.3679229046232555 0.3791326045901654 5.07686837257316 0.3705647856992299 42.47099355693545 3.8025009676577435 0.0
713861 149.634392433875 1.63736938324211 2.903375131315077 0.3682896668415166 3.756106666181723 0.3585710480298762 42.97901930600046 4.083137411831403 0.0
714078 150.528319564933 1.63864117865092 2.3748080453435825 0.3627329802890125 3.4395622301225592 0.3562688229607829 41.501217608924954 3.1820598155952564 0.0
714079 149.656303109421 1.63883546280618 1.6709411125505325 0.3732550503520362 3.095418240637932 0.3634163438923596 42.069116131401096 3.4740007068078214 0.0
714204 150.798153318296 1.63902085814747 5.178388519656632 0.3637678808750027 8.258313401829312 0.35420722260591575 53.04619939128648 2.5388731342388287 0.0
714205 150.796619485307 1.63924329032583 2.6686573716598754 0.35154623800400125 4.018290268169753 0.3409621443350564 52.96542926556977 2.565279762355435 0.0
714328 150.741469635628 1.64046480196926 1.582570051697311 0.36203221485578674 2.4340799533994235 0.3525811041774075 50.35078826863696 2.717340764131763 0.0
714350 151.055551903424 1.6397528416614 5.685601106137726 0.38807890000291334 7.845529209707895 0.3775097877362309 65.89161411863354 5.881087138111193 1.0
714540 150.010340759785 1.64085664310745 20.197212487009537 0.3931150778739409 24.121624767982617 0.3887832627946698 32.90745852456455 1.7414778406136726 0.0
714781 150.101123061132 1.64254799245793 5.763792995670191 0.4096873758240015 9.018606922195938 0.40543517446684074 32.363857189241095 1.5698407236158394 0.0
714860 149.834190910655 1.64343075519366 4.595354100386294 0.3779201969856996 5.55726967488014 0.37198708679899845 36.02860042180093 2.5479931491281183 0.0
714899 149.833934178395 1.64367235701719 4.452511424164115 0.37880046373473664 4.874165302938743 0.37294114122946065 36.02241647496844 2.556595885755128 0.0
715038 150.731370286301 1.64450862246372 3.194978304658907 0.36105989849015735 4.066867360784169 0.3530598119900495 49.731945628895616 2.6706020924505998 0.0
715361 149.643489708034 1.64595405196348 16.133318264198387 0.37646908467040446 19.025564433414857 0.36850571775142027 42.2330687221726 3.802680181208523 0.0
715434 150.626968230303 1.64540820613081 2.1688981656303845 0.3544067541491573 3.513171660018849 0.34674529643158697 45.110063194329626 0.6176969973883019 0.0
715485 150.547646840678 1.64733124060592 3.04425044955994 0.3354780724822625 4.512078058357684 0.3289526596981816 41.82709386725288 2.523844424349613 0.0
715510 150.540746861558 1.64765491816863 1.706893281151832 0.33825253577015485 3.0122287608869227 0.3312180037117649 41.54777117265764 2.762895568071429 0.0
715768 150.809410306752 1.6492371880493 6.0128520987983105 0.36110415510036925 8.767039815205608 0.35232274340502595 53.21002265996991 2.114358914722235 0.0
715928 150.014294147653 1.65093850416384 3.7877918670224466 0.36105223885677984 4.1498285555498855 0.3563246832560946 32.27222215378637 1.6780956845868615 0.0
716563 151.071527472291 1.65425684160826 4.3472627451042545 0.3870638216320219 5.79964128953837 0.37491991806041847 66.30626328746237 5.247904867791392 1.0
716603 150.01784826553 1.65475561094898 2.854811851830067 0.36166074994870584 3.356260956110903 0.3564340832409782 32.012649176226574 1.5941002804131086 0.0
716755 151.075333722022 1.65497647969561 7.734592891736958 0.38177425942985616 8.812794056694923 0.370364753167947 66.48634199681153 5.0530744084810735 1.0
717377 149.827547008549 1.66011780933821 1.5039523494290707 0.38173253534645335 2.355893312856133 0.37564437065391926 35.31598880097634 2.837014704073364 0.0
717395 149.830927232473 1.65932125622007 4.122210860881138 0.3764260313785967 6.697940864909957 0.3702059942673247 35.265166450301784 2.870665917560484 0.0
717630 150.589674066091 1.66163433463119 1.583661288920266 0.35201697981292324 2.55584977983976 0.3448494536295737 42.85831488750609 0.9452737274806217 0.0
717642 150.560046840413 1.66170823411596 1.752098819097435 0.34073969521210035 2.1777753113734737 0.3335049698772428 41.65786326043232 1.8470361721188515 0.0
717774 149.771558536035 1.66280839892953 3.617576872562261 0.3841230568980146 3.8803902059110884 0.3779653999965086 36.85259875205257 2.527605709731725 0.0
717812 151.08055879491 1.66246517967156 3.3276453088864453 0.37777976853796114 4.522243600724094 0.3655915157971904 66.55040992729147 4.226143575725832 1.0
717838 150.580552327579 1.66315262583224 1.506933278007077 0.3506288628676499 2.058644345174571 0.3441366593172903 42.41851461014612 1.1347684262203728 0.0
717874 150.681971873767 1.66269936285556 2.048741528529434 0.3484719033375939 3.823807115581361 0.34087921030611185 46.78166110413837 1.4787192637009607 0.0
717881 149.687176470606 1.66349560951048 2.111489197502315 0.3674730718861007 2.922411557472581 0.3604481786459229 39.75512564464859 1.4099543125717529 0.0
717933 150.719359099448 1.66344229013355 2.3378610091188063 0.35374175109077005 3.435058873674108 0.34589730841744537 48.44849481101405 2.3210431165556837 0.0
717942 151.066921849952 1.6626186329297 10.43399086719636 0.4049926178640809 13.341928567241272 0.3931627338898691 65.82464176071755 4.5176204642328335 1.0
717981 150.30570149766 1.66403137083859 3.014172728631781 0.3729651243026082 4.1616430172170755 0.3683107592430053 33.43346894914276 1.4957858680529863 0.0
718119 150.985783758233 1.66435638950628 3.662465343935514 0.37013884076410686 5.185526500320167 0.3589655694231743 61.52915189749878 1.5074396553638343 0.0
718122 150.940002630656 1.66486374322931 1.9368038691817067 0.36008845918127935 2.0593671401925433 0.3490470978980453 59.15942771251038 2.740884955784067 0.0
718208 150.848366584256 1.66493458890447 2.9691065651618693 0.3606785735533172 4.430109106720855 0.3514322938310949 54.55438730781965 1.254965098024379 0.0
718311 149.719109785882 1.66537605013967 2.5059131069418252 0.3737949273502263 3.5390342584654633 0.3661008519220986 38.50092060013533 1.4349617920009308 0.0
718391 149.86921953301 1.6666019355806 2.950742562143777 0.3910995417796438 3.552235742499922 0.3862378806042928 33.87621009802901 1.5224923783439557 0.0
718473 150.932864511625 1.66716253779985 3.1424230768197634 0.3914974343253557 3.443377140201491 0.3805901616371968 58.722704319154666 2.7667000705937776 0.0
718491 150.088324156019 1.66699971526633 3.9048717676798415 0.4171515827269132 5.023650989354129 0.4129043939734951 30.904615856002703 1.078697267816621 0.0
718556 150.573070577941 1.66601813080722 5.36788844768106 0.36481560816787506 7.2317556968735115 0.358837908481218 41.988082212236165 1.3150463099127878 0.0
718727 149.929397676668 1.66913907321086 1.855687298134171 0.3794013513006217 2.792140578671545 0.37458005061579747 32.42451554638865 1.0437734538249346 0.0
718806 150.927568822342 1.66894472849073 1.6247614635105718 0.38011208587422246 2.628163538197909 0.3688197178090431 58.396404248344936 2.712491455648649 0.0
719020 150.930417919417 1.6701890262745 5.409634947804956 0.3930404549613442 7.315071428627278 0.3832967154214654 58.50242883490757 2.753029643100764 0.0
719037 149.769767165886 1.67115868526881 2.1978830838475893 0.42559402223729925 3.0608546598919006 0.42006603192332315 36.48828066853616 2.661908838791027 0.0
719093 150.936836808233 1.67063316969003 4.970452207816031 0.3934348434370017 5.603492733981443 0.3830754106708996 58.81650190928908 2.760093690250707 0.0
719314 150.351807522331 1.67310568649138 1.4162530302675425 0.4064124264075227 2.517597080579907 0.4020574683510668 34.06033363263673 1.0501085066649885 0.0
719647 150.496802264965 1.67535216046138 2.93239798959438 0.4100373283852913 3.667759732261195 0.4049468987598979 38.6014285315576 2.131073801276094 0.0
720129 149.745763968816 1.67859435951433 3.9231571279478588 0.4614826519760019 5.706468048203913 0.45604012656536447 36.9232266736427 2.3112219137234646 0.0
720434 150.159608721939 1.68081916814177 3.613936947206625 0.4287490634683336 3.7604298994227405 0.4247281288548912 30.279241421288575 2.0421248026428054 0.0
720441 150.782673348709 1.68064106630157 2.687078745208762 0.3854890715894018 3.985377264300029 0.37789799192501466 50.79898074708228 2.044814863734262 0.0
720526 150.456706779056 1.68152157849239 2.588662039952361 0.4077084925890922 3.0936595530021522 0.4016315451102558 36.86546580110257 2.056170562004411 0.0
720659 149.842748832337 1.68214737061807 4.410335611978328 0.410114718728811 4.908137865921321 0.40547235020244465 33.722969786165194 2.1261203703818623 0.0
720757 149.649384201218 1.68300178640077 1.8764416171519456 0.38753910355564003 3.145537615194123 0.3798634528992265 40.32813238162817 2.084451164916865 0.0
720951 149.750378074619 1.68425878304608 2.2134467050977453 0.40312784231323134 3.108157261099928 0.39756983124387735 36.48605117364364 2.4150082722679063 0.0
721095 150.872786483748 1.68458448494995 2.405690933584729 0.38229759172249683 3.48149308948024 0.37162668383532943 55.1178448501965 1.186573988265378 0.0
721247 149.662132701019 1.68540132546809 4.613456114383349 0.39564828259886153 6.548071265584655 0.3887895339554195 39.71181229244303 1.7716654245663763 0.0
721312 150.841959220501 1.68653593214837 4.008808107358747 0.38697779797062315 4.654418673369774 0.3788106806372869 53.507840001471564 1.2948566025208241 0.0
721346 149.927845990677 1.68654110075288 4.098201247700372 0.3790191221217731 6.003182355689992 0.37454968935736643 31.46584018614525 1.3060658643921872 0.0
721575 149.795780885405 1.68818471844883 3.672224457991079 0.41406456247444295 4.608192575380003 0.40893373625615104 34.791818235978404 2.021057356345938 0.0
721774 150.713292778836 1.68935638239277 3.031088471075578 0.37425822987091695 5.1639739665978714 0.3661762992349059 47.180742958282444 1.8642725285933601 0.0
721822 150.520672783726 1.69008253840066 2.5694628030429434 0.3603639896046034 3.157762418892155 0.35460006800617944 38.823786288277155 1.8653580891541954 0.0
721931 150.225729908203 1.69095316205182 3.1549166379722418 0.3904963718131832 3.904593847516223 0.3859813431649926 30.408950784916534 1.4582725740683653 0.0
722166 150.447317595247 1.69236328276957 3.9765082222595236 0.42812959305557885 5.475546596946712 0.42309371333998735 36.00903142234908 1.7391962509736445 0.0
722189 150.241745848594 1.69307072596686 1.8011375372877956 0.40392648178222657 2.7028334480823464 0.39974257203793306 30.539134138551766 1.2658532250630463 0.0
722246 150.957990911567 1.69210411406124 5.621283400041719 0.3973753454520046 8.12466907265264 0.38661383715167125 59.2527383089422 1.823732977887116 0.0
722311 151.066056228436 1.69341361928056 2.8334228103074026 0.4215113865222075 3.331635277358697 0.40954347541432407 64.92361342927079 1.82565304842799 0.0
722448 150.19747891192 1.69480060920747 1.4976023617542975 0.39184325080599525 2.3063564840106934 0.3866194913259741 29.80740130549268 2.5870914457695653 0.0
722483 150.789270228672 1.69281265487823 8.948277558008037 0.4116745586020307 13.131165076161688 0.40479562657541285 50.69192102794994 2.0655922047250166 0.0
722511 150.170322569778 1.69496898249437 5.7781736605181475 0.42040813377826003 7.183603127769461 0.4164038121768285 29.521260714616417 2.72474224686473 0.0
722535 150.415393787276 1.69471197292165 6.30029586261586 0.40678193389569917 6.879593185769577 0.40219298435927775 34.8183220337894 0.968001178973098 0.0
722576 150.71000969573 1.69538743354625 5.386685262087162 0.376834335644492 6.044838149597465 0.3702300843650062 46.80082487080128 1.734768015195375 0.0
722621 149.623520461266 1.69344433550653 30.022737306126363 0.5824474776694826 43.06545599383581 0.577155367220728 40.93232194624933 1.6753706529404757 0.0
722732 150.320158877254 1.69652648812474 4.225171846284039 0.40010565329196035 5.140553713605029 0.3958483930137252 31.97750810974799 1.3540586321061365 0.0
722897 150.186654597881 1.69722132079732 13.613049540216593 0.40755034948853236 17.48424480632076 0.40333188608743087 29.54394633952386 2.925785104357683 0.0
722991 149.750600249178 1.69891930702957 1.4668999190269385 0.3862020869866775 2.7165010791904423 0.3796502334337389 35.761851068208294 2.0800663259383225 0.0
722993 150.48193964492 1.69888942249135 2.525089460100196 0.41796279756838656 3.0422220375506552 0.41367451277280715 36.94031597977333 2.0270923663897524 0.0
723522 149.629567383597 1.6979655528802 166.09849311821293 0.7567489659875364 213.64369431797166 0.7518143769254441 40.48499648284399 1.6193412447355289 0.0
723560 149.758440176754 1.70330617749687 1.9940058982137916 0.3984463605935091 2.757651957174416 0.39283278427216056 35.27382409206887 1.9134685070032833 0.0
723563 149.626597320383 1.70120939159357 4.733868754815928 0.40354638982485885 8.352621069437994 0.3967846929685262 40.470332095901085 1.5253100947924605 0.0
723845 150.120509439754 1.70554022841404 2.1679653189579344 0.44630783855485606 3.050884158912681 0.4416877233801707 28.61069835148099 1.6115918363499633 0.0
723924 150.785458453556 1.70598431828511 2.320813949858138 0.3941766042422352 3.2359078963098207 0.38646990434327644 50.050500885190004 1.8506602019816263 0.0
725044 150.134606395215 1.71434167447183 1.6834870254634537 0.4410149591207032 2.764007193838362 0.43719026974235115 28.132806909766682 1.9434756376630637 0.0
725054 150.260722434136 1.71423037802118 2.4255508064297984 0.40493952590966764 3.4812364415359047 0.40041298766920347 29.671692818021445 1.4532418575080825 0.0
725220 150.524641202058 1.71532572481692 2.218261566031774 0.3692954159446803 2.7450789705278615 0.3641486239258563 37.84491077543919 1.635748235066793 0.0
725237 149.996682349172 1.71467626772354 4.273016161592299 0.39949216396379866 5.748537591380814 0.39512396804648325 28.712472521781486 1.2897856649711568 0.0
725322 150.501490155322 1.7160916526219 2.487062568671095 0.39389615061345407 3.301876179282135 0.38894245450668014 36.89028286245868 2.0464768989499076 0.0
725931 150.005933393548 1.71982382606593 9.268653756164005 0.40496229326509325 12.140143027911877 0.40072488813115686 28.295181263533927 1.2702099669495084 0.0
725949 150.782258127862 1.71779344468854 4.592792501581997 0.40543843748379427 5.816182972437893 0.39793038154759336 49.49075774347774 1.481796074936508 0.0
726539 150.33358750624 1.72500452849211 2.514598894798898 0.3919123944622146 3.0170232060156916 0.38778647975058306 30.787280903178605 1.6412841650632148 0.0
726690 151.046427571444 1.72579599255986 1.6472531150660672 0.39888618178648083 2.620230934243499 0.3872023317168201 63.00715811442318 1.671557761457995 0.0
726859 150.200346874786 1.72711159929866 1.8004794798029653 0.3849217661143995 2.6588878977572565 0.3806921485759666 27.94548846837348 2.676766774641911 0.0
727120 150.193670433944 1.72906022615587 2.2598498874064816 0.40016555765760004 3.0795030292006667 0.39610053787787475 27.74751899900309 2.813109444673787 0.0
727291 150.19271753461 1.73038562727326 3.0685580119419607 0.3989861240842627 3.6438574931396666 0.3947291151380794 27.65810267101111 2.785482907086968 0.0
727366 150.299387648759 1.72987294830874 5.043720821766148 0.44457087414811064 9.038139884311768 0.4404978788307738 29.642523463425977 1.9844961134240746 0.0
727666 151.052494068668 1.73215502903946 2.7957122855854286 0.3975066722612045 4.5591783432637 0.38513159627904014 63.170988111084235 1.7390670601609524 0.0
728032 150.259957820798 1.73599572705814 2.2415115768090814 0.38934936590741825 3.336543174323641 0.38494082775321126 28.424219343382426 1.5442061755803917 0.0
728038 150.360637377973 1.73569979260939 2.7085643312972105 0.3868678452150394 3.6918174151322893 0.38178453689303826 31.0024371432874 1.4929864144113958 0.0
728259 150.285490687078 1.73716097498188 4.302229364794795 0.4044041219558442 5.405075694226181 0.4002110028822981 28.912201878635248 1.9521787056713598 0.0
728296 150.103405664801 1.73644525775139 2.6467903590248048 0.37939820395824514 4.901497526266466 0.3747751104204948 26.73073132211241 1.2078627506697799 0.0
728356 149.789440044906 1.73728577903436 5.0259283139552835 0.3960567969903271 6.45225851939606 0.3906721345707103 32.53613359786589 0.7021875134883339 0.0
728438 150.509708541198 1.73856704127608 2.2569404740037786 0.3745706453644597 2.900315615239512 0.36944826124071206 36.21174533554678 2.026089089931623 0.0
728751 150.888127174505 1.74035914963225 3.047494370913055 0.37721135730624966 4.169085807602802 0.367269801811083 54.18008230873578 1.641737281749411 0.0
729230 149.955509105764 1.74327758296597 5.177477958166288 0.36999087406505077 6.130042136140824 0.36475629111461855 27.70945544346103 0.7071022468151976 0.0
729311 151.059922185805 1.7436877933749 2.864943966423318 0.38153932826252196 4.80478655831646 0.3680329956281869 63.28319180690467 1.8612079825062051 0.0
729532 150.86937589101 1.74590537911023 1.521782889389562 0.3497027298651442 2.5175306854712365 0.33685570355566624 53.03712383188514 1.4938829826496185 0.0
729602 150.024245870671 1.74647185324011 2.8365530496055187 0.368626706136019 3.198454793067429 0.3639866419617062 26.52029160693 1.192203002488846 0.0
729827 150.138455454845 1.7466386901485 11.543309016103866 0.41746684881880197 16.362605806422096 0.4127167103798998 26.219943511381018 1.6646261498464194 0.0
730308 150.991103716493 1.75109427422962 2.041675412973814 0.37546943698103424 2.5790466284863665 0.3628338902691369 59.359346034986686 2.9934208128055126 0.0
730425 150.987277776985 1.75178370184922 2.0882289373829894 0.38208638158024943 3.6914172027296765 0.37015659851657434 59.134833136260525 3.0569483304410805 0.0
730884 150.89392322854 1.75472565984037 2.383437309875132 0.39068520991940436 2.8139341054581846 0.38169507385826185 54.069403544957794 1.9685336101121234 0.0
730910 150.978521453499 1.7545086686377 6.435774207027329 0.39306554167901936 8.84044517913683 0.38126474883354733 58.59107578662373 3.035439959795784 0.0
730925 149.723804315963 1.75499714901726 3.0983418355201566 0.39264379921702025 4.3969321799919765 0.38719647494995263 34.13359589371767 0.9303366699681346 0.0
731171 150.953614319698 1.75700969600147 1.8403444475269108 0.37724701481784556 2.901934790268307 0.36636102681880867 57.18484665005246 2.1099189474829383 0.0
731751 150.521590668663 1.7605294253144 2.518658481443348 0.3766030148571106 3.939559114065337 0.37114972568574534 35.75507706048424 1.6311353780215065 0.0
731756 150.311873401786 1.7610800390943 1.5808702079927948 0.4089029301371236 2.8545761998424264 0.4046021783024794 28.267824029307146 2.12295160873031 0.0
731842 150.503543333205 1.76113402598987 3.9342821302827047 0.39364084829155577 5.063506748325138 0.38861025795325504 34.97208251630667 1.8461273732521748 0.0
731886 150.736664146419 1.76185362672353 1.591435502324171 0.3572655404754132 2.8612028184554066 0.35027646641504484 45.74722733978031 0.7174828172825178 0.0
731905 150.13397084272 1.7620769124345 1.3750964796917604 0.4230767494090145 2.542993163602767 0.41930463381304184 25.274275602651244 1.4203476419831549 0.0
731998 149.605854442688 1.76263274516918 2.8880388741749194 0.39265173380376356 3.611059967031764 0.3872691964718908 38.87110152981371 1.510979874669404 0.0
732310 150.414312883371 1.76393849184033 7.975850560387491 0.4096746629210006 9.198482414176494 0.40451896801094683 31.37283079967982 1.329081794951681 0.0
732329 150.36695551786 1.76492283609861 2.0040508980042655 0.3913434674940603 3.18197176992411 0.3866413713229509 29.70378432103398 2.3547614939182933 0.0
732403 150.913983952356 1.76523208088416 1.1081121706229644 0.373234778942355 2.0513529466871168 0.36209125038858686 54.841125788907284 2.2432694057928266 0.0
732441 151.044231905989 1.76408144733336 17.064825707708717 0.38389042703001086 18.94541421048295 0.37075703683428163 61.92286543787019 2.286043225239418 0.0
732814 149.688752021058 1.7682186243925 2.9423189474828018 0.393996400045827 3.5975646316911067 0.3887127237471776 34.99046117843364 1.0732886072592707 0.0
733268 149.60412814386 1.77163390200659 2.5868326106765243 0.40833204069653206 2.7888631835015065 0.40261332709580927 38.60336798656619 1.621624655702991 0.0
733307 150.364963318722 1.77169877299257 3.257934496633278 0.38530138765523264 4.140923138935283 0.3809946192749131 29.297160841261555 2.6352736253898086 0.0
733428 150.891558858775 1.77274169375061 1.779567009662262 0.3792735847753714 2.6406092598788833 0.3701752001975057 53.439210817095606 2.326107864243417 0.0
733468 150.012235115716 1.77234321195805 5.49995946141856 0.3818276515189981 6.903550677408724 0.37754207362402564 25.133243230735687 1.547796073172933 0.0
733523 150.832007770647 1.77344327183814 1.425036928178399 0.3538312346676741 2.47642502246418 0.34487138887906804 50.27370380133962 1.0523921390516948 0.0
733578 150.886422847458 1.7733369504209 3.3869531771225025 0.36003853889009635 4.846106232741756 0.35017640410563866 53.14936052032816 2.2514507033524502 0.0
734235 150.054596567968 1.77676993570815 34.26412315104544 0.42870860028798097 63.648948040265424 0.42351982075585703 24.46244858163108 1.5858808441585759 0.0
734490 150.355124948548 1.77978826636083 2.47097091752757 0.37361560145880035 3.388455216813947 0.3692009785981129 28.570352881753237 3.018864506101702 0.0
734543 150.212349477435 1.78049637929659 4.083094168794539 0.3812573162314053 4.58324385357479 0.37705816286597466 25.01128019237693 1.5836298323836322 0.0
734800 150.446849153752 1.78170339521797 2.161662516933207 0.38574189105493034 3.060606391912737 0.3807256316016431 31.76901497641606 1.6272674908770595 0.0
734805 150.206307021247 1.78246945953679 2.6484623002079237 0.26156908067423135 3.989016931810583 0.2581208014888051 24.801700881103823 1.5736946690146016 0.0
734919 150.02250952505 1.7828117294206 6.667296253151037 0.3650540304074364 8.204596443763487 0.3599506297247731 24.394592790171384 1.7496317991460086 0.0
735352 150.480699882708 1.78642893667193 2.4422494525231206 0.3839374329555633 2.802850174161434 0.3792411437932955 32.92850046791044 1.7178898219946763 0.0
735403 150.47558524258 1.78672040835405 2.6426304890608776 0.40637737126764384 3.096281284963124 0.4020083212366456 32.703942114132424 1.7275078993226647 0.0
735559 150.554840615143 1.78730833984092 3.8258710733769794 0.3798414854464594 5.144764507972694 0.37482474559882156 36.118240911012336 0.7362925577293163 0.0
735715 150.319152669268 1.78885893175877 2.1342017946670113 0.3847515606124848 3.7304234542423087 0.38016522373295 26.999085154910382 2.598925134668338 0.0
735744 150.113476755666 1.78897667154864 1.424553008211595 0.4026675366175855 2.6266266894203656 0.398078237284739 23.591911095110454 1.322852677744798 0.0
735902 149.727711861495 1.78942204793258 6.3652452891633 0.40781687086486823 8.215004820944827 0.40303267528702375 32.450257888570604 1.4112499671375507 0.0
735911 150.987825051598 1.78867586608349 12.47269596007555 0.39626952235437285 15.797453588216223 0.3853282031542308 58.23229124309668 2.6534343000750096 0.0
735966 151.054176635988 1.79035199055277 1.8998821294012471 0.37989833709744814 2.2141497933844336 0.36803580429783245 61.852420007541035 2.497136833373352 0.0
735979 150.345337124853 1.79055545356405 2.0896653186659973 0.37717810642728133 3.73794949175458 0.37272910969310175 27.710849539038218 3.1572730405636853 0.0
736008 149.606767044028 1.7904611257542 6.689805115865772 0.3866078551250216 8.555572407051574 0.3803035115757948 37.76878483547044 1.7939462526133056 0.0
736024 150.389574693604 1.79106498855022 2.299118634421564 0.3901112474079988 2.748203776661745 0.38569752939949503 29.181175498410692 2.605530890245709 0.0
736361 150.355322629199 1.79318006399186 2.43761510156415 0.3831868714437694 3.281619040835392 0.37870961457381075 27.901530434513262 3.1952472980137356 0.0
736696 150.311530221373 1.79574157004658 1.6533068479501258 0.37897773016259095 2.6516591187897696 0.37434989625365983 26.416606093194087 2.2922439131016814 0.0
736712 150.998354527831 1.79371806665645 71.15636269147375 0.45362386985842035 122.6072888498719 0.43862186247383245 58.68927619066866 2.3074703158814174 0.0
737144 150.886734621289 1.79865193338757 1.2972711906136907 0.36099760697626526 2.268391189929983 0.3505608971669892 52.4825324236264 2.520831727074168 0.0
737165 150.91050897514 1.79722860974044 6.82035622493113 0.3959673039215757 8.8898823692755 0.3856979069583654 53.80420417187091 2.8700844390946894 0.0
737506 150.93069141997 1.80056185558631 3.9084037848685695 0.3907863836057242 6.683309537807074 0.38015767255554217 54.816008427745246 2.951265828171398 0.0
737835 150.948151471676 1.80323108875659 2.708533850324991 0.3732962610928855 3.911873090449801 0.36205440616808865 55.703542423742434 3.1565387009993193 0.0
738146 151.048793807983 1.80534138748001 3.978543356658452 0.3744099150806595 4.586003348479689 0.3600392455542794 61.21608030680732 2.448726110536774 0.0
738334 150.105677478682 1.80672957886237 3.8244867215480607 0.4054798197580109 4.9879928562340865 0.40131936838571436 22.51546588174822 1.4795201671195388 0.0
738420 150.904721715162 1.8074083735614 2.7677245279711813 0.383283322256759 3.699992209288925 0.37406241740449364 53.23009290494711 2.7336750931224816 0.0
738429 149.972433093412 1.80699130754686 4.764731798194498 0.39354739833175684 7.0685752135288675 0.38891063826528505 23.76207576265861 1.2486555950728973 0.0
738562 150.772098819078 1.808405645466 2.324226621608811 0.37423969932967166 3.0805615753506976 0.36681354493809976 46.11416379664784 1.3192896105812693 0.0
738776 150.280616607129 1.80991244664848 3.8511541650013106 0.4054664926807396 4.156473591668739 0.40150503526241654 24.810597058805776 1.5479523173032501 0.0
739056 150.412278130875 1.81179513178752 1.8752795646189104 0.3798880180422154 2.484757654646144 0.3749150097951034 29.04950681522206 2.8016390798588606 0.0
739287 149.655256043636 1.81347581545078 2.326839550001976 0.398043369507845 2.632919951177051 0.3930601667996643 34.640597260553534 1.054384438612069 0.0
739407 150.449067281521 1.81322814155015 4.04648240484667 0.3837670776440667 5.153504074946914 0.37879984193508087 30.455612713164715 2.6798242255091886 0.0
739411 150.055848519961 1.81328374558563 11.195572876273836 0.3828950209585721 14.887177569213296 0.37845246014806383 22.277515108652867 2.160625179159764 0.0
739577 150.954716048971 1.81195946667062 2.6965190982814367 0.3788493823520126 3.842488636400698 0.36826846344076875 55.85283876107779 3.137407198333353 0.0
739594 149.983177885305 1.81504926476394 3.21207103933414 0.37554941102907996 4.779521147497767 0.3704284961557722 23.101389727191847 1.5095515889887363 0.0
739626 149.813595919327 1.81567638438556 3.9631189165001754 0.38941088025151566 5.050872523471557 0.38435932263154104 27.890612652852408 0.9701895380014648 0.0
739825 150.844585245291 1.81681958401917 3.2328018760319277 0.36764250138935506 4.693532298941645 0.36018614358111967 49.73296538775213 3.147839252645647 0.0
739931 150.37830396585 1.81750184333864 2.8603486145330335 0.3783929485686242 4.85834098189296 0.3738247855349717 27.507034854010925 2.962297322026426 0.0
739965 150.503592300871 1.81747882526749 4.776799500567435 0.41030222243921277 5.670430790725481 0.40556900527326434 32.61721888966966 2.0116810611748575 0.0
740073 150.031478494005 1.81855488337071 1.741772906298638 0.3756118163261188 3.2556232838213193 0.3709430075998307 22.1871395758843 2.500620554149746 0.0
740075 150.454096912011 1.81864709305298 2.8133407026277206 0.3833890440457368 3.0725317269652797 0.37819541622735214 30.429904100776785 2.837593238131546 0.0
740211 150.031955032207 1.81959542469055 2.3002016298106414 0.3750714710864006 3.1520603590739817 0.37068002403347505 22.12050121695811 2.508426438331649 0.0
740729 150.222301212017 1.8222729250778 5.873697067689482 0.36871178227801293 7.988721173928948 0.36428936129698214 22.79233155308142 2.0960388328535315 0.0
740766 150.753812893689 1.82327075492047 3.192902928009647 0.35471730937040613 4.064776697605034 0.3477523472351977 44.722935183771455 1.388820310826222 0.0
740769 150.198603255936 1.82341194041034 2.2440530084444488 0.3566511934731996 2.9698776140452283 0.35202745553336967 22.309695453245862 1.6473039500717304 0.0
740798 150.234374961109 1.82375212397784 1.2153531633806005 0.36377524567358205 2.2423670699568663 0.3579685377427582 22.95235317111097 2.069919088475414 0.0
740989 150.394464387062 1.82421173592028 5.443892337515854 0.38158862630570856 7.402665086557614 0.3770129755153161 27.7933930014928 2.937561336353714 0.0
740995 150.818136869462 1.82463676828454 5.075846256249745 0.38548193540672765 5.703616373682121 0.3784461521523025 48.103293329328345 3.387316618015093 0.0
741044 150.409870015948 1.82496411688408 4.896345505261179 0.39884569011952553 5.678030129911126 0.39473080033986674 28.355108490908336 2.9027027819136313 0.0
741082 151.082285907199 1.82480047607265 6.063788381827483 0.3977556815021478 7.702265417213938 0.38608147914442226 62.67789329324402 2.5982075845289634 0.0
741191 151.021751906668 1.82608288940394 3.0965007755893614 0.37752507531868224 3.420837796514539 0.36589213553679684 59.25200605410468 1.7183970188033866 0.0
741474 150.526509819473 1.82851611603075 2.439362922871465 0.4058053944307156 3.358202161229881 0.4009487713325448 33.22282450120077 2.0573781504900475 0.0
741721 149.813121134613 1.83043152743689 1.2757477565506736 0.3795668187374554 2.2971013189595677 0.37399176785196614 27.216445470081172 1.3396420643194245 0.0
741782 150.823648095637 1.8293890744006 9.8302728521308 0.3693334003948382 16.147912940464586 0.3617629123026422 48.273673311851276 3.8132585725496355 0.0
741801 150.447200811528 1.83024822922431 4.076836848800565 0.391088398822216 5.588197271616793 0.38583252050878863 29.64331137925101 2.9864383503700007 0.0
742258 150.854360366917 1.83388336975923 1.6287569203995735 0.36629854540208073 2.2746642845177383 0.35795046096074423 49.82188855739089 3.5785610265707724 0.0
742409 150.896013619023 1.83475517254503 2.7250537084800555 0.4147930292394682 3.8940464181655434 0.4066959632488591 52.07909814217947 1.854354952276741 0.0
742555 150.848409485027 1.83557185674789 2.9824493114663717 0.36686643778980826 4.771602817110408 0.3588812356637834 49.45546408616025 3.884457780199562 0.0
742588 150.321814231384 1.83626793566859 2.0979197685355326 0.3916039230576935 3.708121972643702 0.38605503160598914 24.638982233460435 1.1748054525247624 0.0
742839 150.196097534901 1.83784406201055 2.1354967295049176 0.3884728725479116 3.7487935350373394 0.3835710533801915 21.435072208472292 1.4008710363164105 0.0
743108 150.842698818396 1.83981459662425 2.5076860681446567 0.381448032544702 3.608741755567573 0.3741990937155746 49.037789383916405 4.102894525910598 0.0
743112 149.71256506102 1.83941514336984 4.881515084919813 0.43157869376437885 6.097759010971944 0.426990811538876 31.017558304087004 1.402492342389403 0.0
743211 149.619702667858 1.84072490997963 2.3515738552038195 0.42191935642576894 3.0210897913123733 0.4167903311638249 35.33543864776404 1.8546354319053389 0.0
743218 151.062625068979 1.83964558175632 3.440868767989165 0.3812124143079329 5.321453771437282 0.36678568846046733 61.266784173932585 2.4629964507519846 0.0
743502 149.727540640708 1.84283277225829 2.1427721047622623 0.4960226812196478 3.816429799429011 0.4922942593841994 30.212322474593392 1.5542581654712815 0.0
743542 149.862416744605 1.8431106623138 2.6945242521766053 0.41446156492576397 3.660366577053795 0.410014079524382 24.824658811253922 0.8884869980100945 0.0
743576 150.440387227026 1.84332401844788 1.6766787181550398 0.4209461075810619 2.681696781642655 0.41598675696509513 28.799000739898034 2.649943670874682 0.0
743894 150.465436825214 1.84504823214697 3.4446870392629187 0.45535622049111907 4.468086280092853 0.45138449417835763 29.81208485080235 2.845679226325524 0.0
743986 149.519394282217 1.84620131355607 1.8665785823194936 0.4040698637573723 2.8450363001505097 0.3971885704548076 40.22278905859886 2.065793697146252 0.0
744003 150.16295741382 1.8461722505892 1.8524498689518762 0.40737445581232157 2.720367097848171 0.40173998738483396 20.49697788018515 0.9543678251217859 0.0
744128 150.054490487854 1.84744167499486 3.132867384116561 0.41868079168290767 3.5669785876008633 0.4150757534546103 20.254835228588604 2.155158364922288 0.0
744332 149.614805149196 1.84885572996991 2.2525375850498626 0.43945902479939203 3.5263443206566176 0.4347586709032553 35.29664451025392 1.924894667604536 0.0
744582 150.301838463559 1.85044015185139 2.0025344926582407 0.38143786212295805 2.246520401706208 0.37708303570765567 23.28304018121002 0.714422001617513 0.0
744625 150.483437526228 1.84973273950304 8.048976991192273 0.41454301680353767 10.687227429006516 0.4096390806873089 30.42932529083757 2.472061910831708 0.0
744655 149.769527498067 1.84956621682588 22.146536963451094 0.4224449092187594 40.71761812969826 0.4173411987644759 28.11382146735168 2.273873408822801 0.0
744891 151.04627027137 1.85169341539234 5.0696428166692 0.3995392626518364 6.04751283188782 0.38703269727898004 60.101363511585774 2.0613756418500055 0.0
745002 149.918170464794 1.8532036056105 2.3774852600409964 0.37526040271088257 3.8730016550801567 0.37035659421284545 22.537285017055684 3.540101775137667 1.0
745280 150.461414661097 1.85516145944174 1.691979613683922 0.41693098167124854 3.045725231342692 0.4124049480492405 29.224697634037884 2.4802243203712164 0.0
745420 150.796093743196 1.85586054725228 3.409304385986966 0.4023395905191424 4.2983541373841305 0.39618274441533735 46.09759506536273 4.08805912340287 0.0
745711 149.763646633871 1.85825647538157 3.2333241044109466 0.3839006234487126 3.8375901323637485 0.3790745574526774 27.999282050863147 2.5695618587370745 0.0
746018 149.904903027571 1.86038939539346 4.022820182661674 0.38812933295738067 4.523193944027123 0.3842983883133614 22.562954517762854 2.8330816284193787 0.0
746056 151.057397549242 1.86049882259778 1.5679076910970333 0.3970645575140128 2.828130503159884 0.38611938237150817 60.56121637792147 1.9916001397073297 0.0
746234 150.242457127853 1.86204979093698 1.9249232149984115 0.3738981628655096 3.129028070842348 0.36880852917422546 21.008681547334966 0.8702746092299202 0.0
746246 150.180041991585 1.86110953129129 2.012028901110652 0.376528101254213 3.391645957618855 0.3719069061871818 19.839394727021897 0.8648791399420073 0.0
747111 150.6927254759 1.8669010908389 3.359613494704902 0.3884275254308241 5.092288429365038 0.3830141356288613 40.25532759604892 2.3430260612506837 0.0
747142 149.880366638718 1.86774380236823 2.020359691542029 0.37709186216784907 3.4473939061447876 0.371237706111299 22.996561692950298 1.5426205575889902 0.0
747178 150.49254853252 1.86716917216812 2.7949387503387775 0.4009948173368115 3.7025831840150896 0.3965993023544121 30.178575402546016 1.7610409829082632 0.0
747449 150.808256946475 1.86971703378135 2.286121584702292 0.3928507225794541 2.875715628907998 0.38521663911240717 46.41711678378624 3.822623974811353 0.0
747509 149.918140793603 1.8704020013758 2.634526786476911 0.37733535120871764 2.9651736909578235 0.3724903727732275 21.640798178120374 4.792331341495771 1.0
747665 149.753338897799 1.87149502645518 2.371729918378333 0.3819949729865424 2.8561490548439505 0.37712049691460064 27.91142743201399 2.6452863278593552 0.0
747957 149.973629943255 1.87215973118865 4.879060675999694 0.40936092513811617 7.754255273666555 0.40481648440081364 20.07230399097923 6.595390531027915 1.0
747997 150.374310657515 1.87324182534054 3.839606665081745 0.4009652989134465 6.89993716275651 0.39610078651420405 24.77130122004303 0.968412570756008 0.0
748163 150.93824359741 1.87481380543457 1.5791897026694446 0.41095301373569776 2.668023441107739 0.40252748310093683 53.534647997743704 1.2246989587030905 0.0
748165 149.952071148696 1.87455229164725 4.514977065869569 0.41557028214746267 5.223134678962007 0.41140149786802777 20.465666420882428 8.949062807685086 1.0
748295 150.759609499758 1.87498940167668 8.61114198203313 0.3927222007013907 10.380190109478814 0.3874269976622077 43.62952850717879 3.2610832261679428 0.0
748366 149.945207455996 1.8761614915444 5.577297275951192 0.4073444507792424 6.421259738999209 0.40357461039732656 20.561173752657037 8.96617317554771 1.0
748609 149.952878190636 1.87786668477424 5.277178179406954 0.41628588924854276 5.736536468291606 0.41261335133694244 20.26551876083087 9.032030756257438 1.0
748633 150.083187164201 1.87764670403427 2.9647710842794472 0.36943976603264933 4.149646590591864 0.3650895282571254 18.28567613022671 1.0592105986996447 0.0
748932 150.75226273225 1.88028584804341 3.485292528854239 0.38660149487043755 4.231211370062318 0.38108154990263204 43.096090212902766 3.463225499091159 0.0
748954 150.02593987521 1.88066188322566 1.9163210426180008 0.3654328953892013 3.3090217111230773 0.36087233380617006 18.614431172580957 2.4398509997399667 0.0
748962 149.982221506604 1.88074505105373 2.7406956225476757 0.3934234136712228 3.291412181233058 0.38924812985164847 19.402870752970195 6.255079463649812 1.0
749016 151.004140270435 1.88083631163317 2.102251934266898 0.40685081649035915 2.8687525224627244 0.3965195085102188 57.14528910362866 0.9234178263142093 0.0
749167 149.668839172999 1.88197524990368 2.404434675509155 0.41182508890888697 3.6017602316164266 0.40693679055564985 31.50125925265514 0.847859742299223 0.0
749173 149.981917332622 1.88181149751121 2.3853769771323687 0.3933928340101154 2.7966280039774167 0.3893269659855364 19.349952733189347 6.333091295360276 1.0
749179 150.174973296052 1.88218931089458 3.0415456178124702 0.37643657416650256 3.537737021439323 0.37199798075372215 18.538646059395592 0.6849771903182666 0.0
749352 149.93391606671 1.88358444334158 2.2804449870859878 0.3997704881989034 3.1798689511911 0.3957407426918995 20.48521568078449 7.38322779850642 1.0
749604 150.66861099724 1.88513773825241 1.4601180868832164 0.3775300681731621 2.517899588113866 0.3703568888929394 38.46579605187289 1.662816562064091 0.0
749703 150.918763813826 1.88562967912556 3.0661178305451284 0.41645699694671323 3.8196399707026143 0.4089962636885887 52.214853174836385 1.3505292030368212 0.0
749814 149.773064787083 1.88672008320236 2.880626500300141 0.4069294577892771 3.1233608201102734 0.4024317120703991 26.421068516927964 3.3834887645346825 0.0
749927 149.972227184795 1.88750968924099 2.738488312095097 0.40934364799000383 3.371731292693814 0.4052110057941118 19.25589681435733 7.398351463951894 1.0
749939 149.81438498936 1.88727411469208 2.7003554647547103 0.4338967016049331 4.367082744049109 0.429187651639366 24.61488812723689 1.6200087646444497 0.0
750158 149.950312887662 1.8890378489919 2.3912165236318814 0.4105216129614762 3.6949408399532326 0.406457916985455 19.733724475252483 8.309527066608789 1.0
750204 150.7873249468 1.88890212830757 3.9398010280049744 0.4141394700051947 5.619467433962677 0.40860223956794917 44.807283240710376 2.9143798378568673 0.0
750498 150.708542351923 1.89124236765561 2.213694236376673 0.3913029071652987 3.467491088553026 0.3860786612660237 40.443872057078394 3.44328205810202 0.0
750559 150.007074330838 1.89177817007876 2.7947101246296273 0.3585470996136238 3.16652012710966 0.3539933032752049 18.279895816260396 3.5724461854357368 0.0
750597 149.980199974029 1.8920427046045 2.4221806975351967 0.3843860455595961 2.5805676382088594 0.38024426245940246 18.819055378315483 6.481200194234412 1.0
750908 150.758656783031 1.89304786804681 4.997803124912213 0.40292068814394355 8.314166790576365 0.39747738457314963 43.13080623975595 3.328488852874446 0.0
751376 150.596324681632 1.89757413460863 1.9328048945490839 0.41918092593239187 3.291110042049217 0.41384236992133044 34.304685961082974 1.6127754664221972 0.0
751443 150.688161573793 1.89788993964412 2.8509834969718475 0.401358951303644 3.6715632234864857 0.3960338204628511 39.16956826367235 2.3897511999948384 0.0
751511 150.723304780777 1.89774537650136 5.97662394387151 0.40358705035487696 7.725755564641566 0.39854709173173913 41.08072226898087 3.7716217838601684 0.0
751694 149.770522657521 1.89861038669705 5.526818861326767 0.38476595877888525 6.533853319401085 0.379996307577839 26.06347036357916 3.2377792893052075 0.0
751781 150.730464397825 1.89799821385305 81.20518043091532 0.46673252158265205 130.9706230141259 0.46079896144652865 41.46544108891814 3.811692227460562 0.0
751901 149.624875239794 1.90072533547527 2.527890624612133 0.4331345877323823 3.459676909161377 0.42894540618462296 33.111131500996024 1.2884022090220315 0.0
752226 150.722541912818 1.90289521298901 1.7551881254887494 0.3900693142408237 3.249197231847292 0.3850420319479814 40.911635656008876 3.5553909753250057 0.0
752879 150.577132088738 1.90726738368066 2.2044025678289083 0.38255224769633017 3.0979349928154294 0.37691589684186133 33.01703015421783 2.2581347747805727 0.0
752893 150.851133604168 1.90639138483424 7.1055198094341145 0.38727366599332036 9.230050940117513 0.3802193251564509 47.97795327678491 1.3699730669930945 0.0
753414 149.972654730609 1.91086007099802 2.31587295663514 0.3670917051406387 2.585453526254286 0.3620999526601117 17.96825664891239 5.175082657456272 1.0
753468 149.773209205689 1.91111231512735 2.6279396734140272 0.39003023306862056 3.182070303580529 0.3846893735455319 25.45625960121657 2.747146479960152 0.0
753571 149.9698288053 1.91183102839946 1.4659925806001224 0.38688409698333026 2.582639607619533 0.3813860465272247 17.98841120585716 5.111000367477203 1.0
754185 150.416881623769 1.91553308229636 2.693515700346266 0.36396641547650227 3.329422966553274 0.358614752771312 24.83017654192152 1.513818567007552 0.0
754455 151.02220070432 1.91702036185292 1.8364160487767913 0.3665841364966456 2.722758426810676 0.3530710466686318 57.53589141483581 1.0937916170552129 0.0
754636 151.076228733757 1.91797775845141 2.2089230893928335 0.38978865091314163 3.1596701041504445 0.3719593960789189 60.64096980258022 1.4575053139805667 0.0
754702 150.765367230195 1.91869170947749 2.458564738231704 0.3766661142301099 3.007930483366363 0.37145466433047886 42.90935942074099 2.4822287502958 0.0
754752 149.722033007965 1.91866881946542 5.88997795870585 0.4122092140970849 6.959537132635708 0.40760920448630744 27.625422473156394 1.4774090094116896 0.0
755075 150.168398151198 1.92078137305559 3.369925364155472 0.36904289766477666 5.068693210066407 0.3642396984923965 16.197605874451902 0.7521696263179255 0.0
755077 150.966210430596 1.9210374954543 3.012074726076557 0.38956018513773366 3.4635362975169914 0.37949197180577515 54.2471051175817 1.0126759234460248 0.0
755108 150.922608117166 1.92093793796503 3.713539758258731 0.37344037634108374 4.803435634260701 0.3647911738707414 51.751181364406605 1.7342591068764621 0.0
755183 150.55602192077 1.92118626391783 4.039307128733743 0.40447673083848285 5.889355723269943 0.4001153884005602 31.503368450816932 2.147036600957503 0.0
755236 150.361872403528 1.92197096736889 2.65530357485185 0.37484110959656325 3.5633100966936184 0.3697597012650186 22.13303360953876 1.0870920764220495 0.0
755304 150.313541628218 1.92179827816665 1.5869605088347634 0.37926089678752406 2.8969248603208277 0.3746737680944305 20.188686687148937 0.6848360463592762 0.0
755588 150.805385584261 1.92429868186148 2.1219736758179226 0.37402735124509645 3.27280313329933 0.3682974157600006 45.03241551871884 2.2259799892836716 0.0
755655 150.597401012824 1.92426243486148 4.4224616978448825 0.3943957834186228 5.409562198656759 0.39033859353935657 33.59409706692144 2.1506422388690885 0.0
755741 150.820656703925 1.92411786852222 22.65583901597344 0.40239349770359367 35.69835142761711 0.3952767320489439 45.897184824358575 1.9943485598240664 0.0
755932 150.663533915105 1.9264888194293 2.6913627491622703 0.36676505976228074 3.563435611996141 0.3619134754131511 37.104044656652285 1.323952234126982 0.0
756340 149.698841648072 1.92924948826743 4.073114762951231 0.43213884460872554 5.285783022325717 0.4278520141134812 28.43363545624098 1.2499692349688094 0.0
756409 149.976494027788 1.92996204054339 2.5839966094522295 0.3940083739240097 2.686085120766932 0.3896929310359789 16.835234492077124 3.105039226916458 0.0
756483 149.997201083088 1.93052808007691 2.3026946326143163 0.37468902309488084 2.5464642188470563 0.3702922710735852 16.295737532196593 2.65831830079432 0.0
756814 150.521516484954 1.93266095181007 2.2355491855453984 0.3649183578743084 2.616473763045478 0.3600492554687212 29.36870662140685 1.4110830647086445 0.0
756990 150.784155611704 1.93375021930503 1.2670011909242218 0.3623006426141908 2.3717557581390727 0.35602742471131 43.64211253265044 2.148395574063219 0.0
757055 149.884208343227 1.93425878359778 2.4485847061931962 0.40855378840412704 3.0237640131650827 0.4043415613856285 19.70468832047458 2.1925992684709232 0.0
757100 150.381499227946 1.93456323960493 3.2092729781719425 0.3638514344085166 3.466411086008654 0.35914308655352783 22.476943058867985 1.5628130438206436 0.0
757118 151.052588590567 1.93408203832699 3.7853304594500963 0.36477876370985984 4.623249346868543 0.3521946220254228 59.02271421485728 1.3196200901016757 0.0
757577 150.967240796042 1.93741341527188 2.1096087333177054 0.3538472463917332 2.428822400085487 0.3404762813213829 54.03096952179 1.131769250095618 0.0
757643 149.877113777889 1.93636529212492 28.843356662691058 0.43631987219514135 34.86404025333653 0.4322370012516894 19.892798373449637 2.1170581646745044 0.0
757787 150.166858181691 1.93834977244989 3.3400188339443995 0.36308856639883164 4.63721626244707 0.3580318018754308 15.155505611952256 0.7327915446552271 0.0
757814 149.933369129945 1.93851272821881 6.91202337472285 0.40694650222311296 9.95753045070848 0.4025259544479495 17.696330540440037 2.0056411284018414 0.0
757977 149.853141776666 1.93971973209662 4.5725408883870164 0.4086617244568415 5.8716902962496 0.40440606869994744 20.744118085762405 1.4339236518406155 0.0
758027 150.916329232011 1.9399797463662 3.288420902016751 0.3598671875233103 3.8799363064788572 0.35137755700364137 51.05564469747531 2.094708973906319 0.0
758230 149.735650655425 1.94183284544286 1.7479339303631576 0.39456798204957827 3.0077937333852582 0.39000415005021505 26.169355147575992 1.473778968636366 0.0
758287 150.616572981784 1.94220829693782 1.4482698751365155 0.3987881355308797 2.593772345306846 0.393637113588631 34.15129055518304 1.514840163751772 0.0
758538 150.441789553251 1.9433714032757 4.638207860963253 0.3794150211736976 5.6314240787752015 0.3751057138596618 24.998169621063635 1.731316341418792 0.0
758837 150.053916278852 1.94478029196301 8.208570941530803 0.36599096609013704 9.994364541578491 0.36110949602929215 14.495655851872355 3.4595496936953007 0.0
758966 150.052905534851 1.94625733500566 2.42823409890415 0.36355185063436396 3.206584832684794 0.3578494317322798 14.420413265994117 3.5785392714816453 0.0
759200 150.795740954909 1.94811330667284 1.5374934823365816 0.3718393763875917 2.170573974489737 0.3649113480965604 44.013314120393304 2.025533136139436 0.0
759394 150.041950108001 1.94949899818563 2.1545969723202694 0.36630345947641957 2.4821421846371687 0.3610800280198959 14.37451400137086 4.082539224300509 0.0
759502 149.886634476706 1.94981441865236 3.107470656480996 0.3977088181037192 4.56470009569938 0.3928664883079075 18.91189847759113 2.187459210736564 0.0
759574 150.903041187934 1.95037621808985 1.975514998580236 0.40013031584153613 2.6131381685568815 0.391630461862535 50.115621124344266 2.1489373051760734 0.0
759750 150.273754815 1.95176553086667 1.505267359348378 0.39958252102601766 2.5319584070466967 0.392484601323638 17.29975509590487 0.4713263087907157 0.0
759752 150.01897266801 1.95159145587545 1.5869268047990164 0.3551801835293818 2.745779940801374 0.3494753969971138 14.65024803885488 3.5988475117726897 0.0
760067 149.887903072607 1.95396966010944 2.1326974527873337 0.39621468407642424 3.0737238000328873 0.3920004787642695 18.677159978397555 2.1514664908831302 0.0
760404 150.620407377201 1.9554086759205 3.857169967032024 0.40574132139303426 4.770570976343892 0.4007857119443013 34.03587182899683 1.227763627829895 0.0
760413 150.554202307606 1.95578466046403 3.1784785768377612 0.3794858808616579 4.008136420919572 0.37490282661496865 30.42768261384589 1.948584437780317 0.0
760887 150.731021043523 1.95878357044738 2.4162791577109166 0.3960979367016239 2.7848129897850518 0.39130695837188184 40.13583521799109 1.3649936273593188 0.0
760980 150.065586726267 1.95912496555434 5.6105934191955855 0.37393669610924984 7.833975447836333 0.3687234863408585 13.52747153946008 3.17745794540207 0.0
761049 150.685923444957 1.96011184283502 2.0318304825496343 0.3975229689606114 3.4911501245095065 0.3932561106446435 37.569161840095475 1.182958311300664 0.0
761273 149.908431074109 1.96139114316289 2.8186104943743104 0.3886545782632269 4.897694587566352 0.384246082596683 17.523123951560073 2.068450447580471 0.0
761372 150.029451269737 1.96199800718741 3.027596143612006 0.3458689187513509 4.392184331153065 0.3406279494822442 13.858187740863201 4.373712865188365 0.0
761667 149.603435612138 1.96328714286612 5.394370518937701 0.41462764434355676 7.2362472661182045 0.4100068322358212 32.536622322089585 1.3619835447317983 0.0
761803 150.830179770137 1.96458950449846 2.491769991084616 0.36101018795942486 3.171453808582826 0.35453505421044895 45.68310358776711 1.6603233428733242 0.0
761888 150.914498382557 1.96333260052168 6.067379519210063 0.3681168962005886 7.980718399277163 0.36015515612748894 50.568653013963186 2.234268395826743 0.0
761966 149.907458717557 1.96536295406919 3.0959689240635235 0.3892749733828135 5.156194412117261 0.3846497943254115 17.38251929488632 1.9786713943020813 0.0
762019 150.657223542197 1.96621702313129 1.638394893310262 0.37574142623483303 2.521911105067988 0.3709620881359148 35.83106986220716 1.1663042012876843 0.0
762367 150.367049004817 1.96800693489147 5.52911428112744 0.3960442312013142 8.678946674516007 0.39104880940081777 20.52235548551101 1.7755801808988845 0.0
762474 149.696284023675 1.96934037165438 1.6659775947178523 0.3895962515616852 2.89751458885887 0.38409190965502304 27.362439762110238 1.3515804311332678 0.0
762537 150.39188415088 1.96993995013266 1.609812213421316 0.36353363867124194 2.8141772165357035 0.35882780647924684 21.63583461057425 1.8520186531836829 0.0
762608 149.949160063935 1.97035026357634 2.8189444497995457 0.3956931575495694 3.7723156368376567 0.39115066741704646 15.58786790980046 1.3389028581754758 0.0
762758 150.026159027832 1.97109676267758 4.883174686373997 0.35347911354833955 6.73209907635173 0.3479796008401604 13.403262635632888 4.222341146789102 0.0
762972 150.678858565387 1.97273647771893 1.6661121345982521 0.39894743471417443 3.1079585362115623 0.39414784944398557 36.908757953787806 1.2038062300201695 0.0
763165 150.110974708457 1.97302989166141 8.506184299566057 0.3670504517066137 15.149732928557366 0.3612207930172806 12.552134250153506 1.1865480584035857 0.0
763253 149.768945750872 1.97429539560842 2.035670440436553 0.38413401029000876 3.0297299037548813 0.3782138337332248 23.436188129106668 1.0538971049330381 0.0
763425 150.052281225511 1.97565070802423 1.2733885661359163 0.3562434366164746 2.3147420665220415 0.35091705489555447 12.704026076061556 3.8425604737504027 0.0
763634 150.830869542777 1.97687356770634 2.176829019921737 0.3587870113822711 3.2753982519643157 0.3516932330542986 45.51784043074408 1.6945327028601307 0.0
763655 150.885216961055 1.9765965790979 3.7146686592811946 0.3798865438576252 4.662209278353906 0.3731489367394689 48.66740154482551 2.2934447848460753 0.0
763842 150.01171611342 1.9779920100232 1.8645734684551378 0.35917030093502933 2.567398200634619 0.3545974619290984 13.333015932624187 3.2913323256899387 0.0
763979 150.54944695873 1.97873517676072 4.0905750189561525 0.38835690776202025 5.2422801367542755 0.3840385173054982 29.57885431794785 1.7812349684148565 0.0
764353 150.513140604534 1.98112584513783 2.7807114112272115 0.3848557501297393 3.4056109393592644 0.38058886320303276 27.54698697481206 1.8000318821987256 0.0
764651 149.662108729765 1.98273269738971 9.415058046506852 0.39813508783075313 10.562610900770972 0.3939013311278801 28.84875421148271 1.0311879590807647 0.0
764826 150.892907617426 1.98328631758844 10.046074912379492 0.397561894673402 15.907872061174539 0.39067900430040076 49.0144040444444 2.447364092626739 0.0
764852 150.378350083793 1.98479948582731 2.740909799723469 0.36451869559642874 3.268216069286687 0.3602126187458116 20.456606621401885 2.0973087252100613 0.0
764892 149.707843994034 1.98473636056818 4.856947052960988 0.38761508314319143 5.734884141752241 0.3829747590013055 26.323113397053437 1.115878227467877 0.0
764971 150.080174571283 1.98443766227205 2.3603710689714212 0.3430558874900581 4.22875235676573 0.3375610571955771 11.909880132359744 2.9903985859784545 0.0
765008 149.835874600978 1.98567394873376 4.799759315913461 0.3707372640423191 5.404397930010067 0.3662230428648107 19.735534103517544 0.8950447798294229 0.0
765124 150.025377866341 1.98565923377943 4.986423868908795 0.35769537271178337 7.396389689781625 0.3526545531908276 12.598425477598179 3.5720394393173693 0.0
765203 151.018414000347 1.98705971918668 2.5110189920949013 0.35576217769608387 2.794849609610354 0.3441099170987632 56.296102478263045 2.7424177213214795 0.0
765341 150.460402075926 1.98807527881337 2.5278165309860072 0.3685339125066144 2.9664689941458473 0.36395726603983936 24.541602933525006 1.4438824239373205 0.0
765491 151.013488199689 1.98867504446742 2.619932570648362 0.35741359197966976 3.453439820797603 0.34413428345903274 55.987043552068236 2.914751075182438 0.0
765836 150.954155233034 1.99115159808977 1.8011631007859465 0.348599446640389 3.046302896414388 0.33975336658962246 52.4790894386157 2.2194164335379902 0.0
765991 150.327277808968 1.99265781622037 1.5823845874131734 0.36988947037655673 2.4210898102448533 0.3652714195451237 17.73972405610756 1.1039360641845533 0.0
766634 150.777432577946 1.99683150175823 2.3427695138614446 0.3791593090118192 3.1236209673807247 0.3734843379389157 42.110053870393344 2.115182516720321 0.0
766727 149.60660339773 1.99712383175608 2.7164093600111965 0.40669842021873454 3.948485066198989 0.4020727088371764 31.594146102885496 1.3477401369532416 0.0
766751 150.078558490333 1.99779808511366 2.4480787312631094 0.3471271879397184 2.796504238337953 0.34171521773268326 11.123328169649762 3.2041285872283476 0.0
766838 150.96922973571 1.99714319523936 3.179187503473812 0.3607800174592061 5.517817535550331 0.3517456032322475 53.28549618000395 2.627302595364215 0.0
767211 149.635966867218 2.00043659504647 3.7924548111592857 0.46961974005593127 5.322934815172031 0.46566867892179914 29.87885255617214 1.0683139378400657 0.0
767219 150.990036086288 2.00024229984806 4.1539403097797205 0.36979082864016 4.993239727394617 0.3608154052955177 54.46878285750039 3.186226679379838 0.0
767287 150.082900459518 2.00144878044655 2.025392551284319 0.38337097359476985 2.6441810588802963 0.3790948903791608 10.878165345540062 2.9992397793803143 0.0
767345 150.78337049806 2.00105675405163 4.776539113869408 0.38378976787560876 5.625621643550023 0.37923882318755553 42.38791706317415 2.1577271346771103 0.0
767532 149.693731816803 2.00278801073812 2.4464244708856273 0.4361242993517596 3.8328662262824715 0.43145143937370317 26.626125331844836 0.9507842855807218 0.0
767538 150.503233563842 2.00314594991059 1.7720331447099946 0.4007786578704244 2.5501950530116795 0.3964266474456089 26.451038804451915 1.5406544928091104 0.0
767672 150.182525506658 2.003902333925 1.8059091539180354 0.3792223401653834 2.8239934709032397 0.374768710337204 11.772905706869984 0.43128520430829587 0.0
768035 150.480430656613 2.00612907643011 1.2814590251217834 0.38715258441087635 2.0637549267916437 0.38305336491637004 25.131706079762555 1.5428755294350143 0.0
768409 150.093285897425 2.00796393875131 2.5597955462979174 0.3958347542958438 3.9531544564628827 0.3910821542952002 10.446590206139444 2.289769377866569 0.0
768721 150.689526941978 2.01066680258933 2.430589375598909 0.407463914124079 2.907999122426995 0.4030242676955929 36.81149170982873 1.8132273832522265 0.0
768953 150.778620574674 2.01196129352321 2.7514029895193537 0.3959527892153415 3.66944677579913 0.3907978064220324 41.94867833595574 2.0639097659848837 0.0
769110 150.559114089039 2.01326733218663 1.281183130883811 0.40947573062603754 2.0838284427048364 0.4056673915896361 29.329824648389796 1.4010927285651893 0.0
769164 150.909479353707 2.01245058156899 4.021522264187815 0.368666837016892 6.955279926153244 0.3613920021518728 49.590172126855954 2.1635074160436787 0.0
769422 150.567123682599 2.01528784045795 2.120056045106462 0.4344508469043194 3.8557807345640502 0.4295539113699025 29.7400452366465 1.2987180069944755 0.0
769443 150.571794673398 2.01551184375542 1.9398038230432797 0.4285377090768357 3.118828087739955 0.42474390344867113 29.999480516742743 1.2336876471471927 0.0
769449 151.000926461956 2.01517934650877 2.040007486806975 0.3402021604771945 3.244948129067412 0.3288583804856195 54.93818689067105 3.035593195386741 0.0
769632 149.775536591777 2.01660896999027 3.054881402299752 0.38712001319149486 3.8534844399318477 0.3826080296243693 21.83793821494124 1.7725772745031478 0.0
769756 150.894919396478 2.01743836451817 1.43730086907641 0.37295316777513704 2.494344979415683 0.3663631816669958 48.67440271193893 2.3631382459865877 0.0
769801 150.031794592445 2.01795075781657 2.200233894297175 0.3693671636318446 2.621424941149223 0.364857605814424 10.655644842736727 1.8875163890077302 0.0
770013 150.725727301765 2.01915080805367 2.517913180233199 0.40611280889096074 3.1884826345126807 0.4017092854025443 38.76901488803053 1.356744977864641 0.0
770291 151.056590797427 2.02033828827978 4.146072213139629 0.37731683654539827 6.164217660038118 0.3648478169100527 58.17066732929754 1.7469850455838993 0.0
770311 150.403806237272 2.02079224418027 3.959651784184637 0.37125509625364544 4.678891394735708 0.36660088720654116 20.6232581081539 2.120506266203171 0.0
770608 151.002675175497 2.02182119784428 6.139362222900151 0.35681028790880903 8.412914366325769 0.34684777143426243 54.97012891664467 2.8047191096312987 0.0
771081 150.203126103991 2.0263374119046 1.4754745572360692 0.381868145522061 2.440412996968794 0.37690072081702225 11.198353247168352 0.643247441753715 0.0
771138 151.05909365217 2.02594065822682 3.1804998428547675 0.3915619684417094 4.251657287944254 0.37877147897603697 58.263596887160645 1.690003215522929 0.0
771849 149.777561989668 2.03108495957167 1.5155307907585016 0.3701811744143925 2.728226584304266 0.36469083529874713 21.347214579448377 2.1841411611091512 0.0
771972 149.831772413096 2.03137115442243 2.090525176762674 0.3558177269235294 3.0433438478333583 0.3494830955145685 18.44656970386013 2.3136770391080344 0.0
772108 149.799082784961 2.03259119358104 2.9830537740091123 0.38062764250479714 3.9812710813657213 0.37526683940978867 20.145627096250944 2.5243224464881604 0.0
772346 150.686313580571 2.03372913132569 4.101925359475351 0.4171972938148578 4.807119595872879 0.4130651880085162 36.262351799552526 2.3010683360186426 0.0
772575 150.444048029221 2.03505547577503 5.390653037464835 0.40576202535708683 7.144963660886282 0.4015802984001651 22.43270897354535 2.118827853564746 0.0
772576 150.399517551515 2.0352700846588 5.479648120252034 0.3823640659283783 6.307474545967374 0.3781087618622213 19.99923694619672 2.2378411576709514 0.0
772901 150.647855843904 2.037545494432 3.4372858263966997 0.4135218629751417 4.308182731480601 0.40951281026704606 33.97240841262128 1.761777419937409 0.0
773003 149.78483109704 2.03857162629935 2.6015183154654955 0.39764602619635636 3.102042372887619 0.3934170796459705 20.763161551681097 2.428496344376874 0.0
773020 150.670211790865 2.03859484901221 3.329652264501388 0.3923732632749832 3.798151345725697 0.38818295339950365 35.254764097810565 2.321572575110853 0.0
773097 150.515498826984 2.03885820091874 3.3384379673278195 0.409802582216668 4.780735137397364 0.4056084555708436 26.350777497099376 1.1463704804572108 0.0
773229 150.895410809996 2.03976055352979 1.5284210189437129 0.4004094470482231 2.7548282772615496 0.39265028520646844 48.44924547385695 1.7591188074778867 0.0
773252 150.751781670742 2.04014972227763 1.6258241167644125 0.4333236145878169 2.79422967636268 0.42885017847050844 39.995678681570446 1.1661862807426757 0.0
773409 150.651459391327 2.04120478732814 2.1060493477152504 0.4030994265322716 3.573304632518002 0.39848565093214794 34.126346974174936 1.9142606442212413 0.0
773670 149.822943916871 2.04186573393029 3.926378257637456 0.3866220793888144 5.885994252185595 0.3819064607819152 18.61720216673725 2.9867891807058085 0.0
773741 150.973065044163 2.04294189603087 2.6934238522444782 0.37626083813295097 3.6586639707233974 0.3685691936854103 53.0085047446583 1.7824512953402427 0.0
773792 150.782089267811 2.04313554620103 3.5840902002196153 0.4056820417271328 6.012760379619065 0.4004056943368779 41.736944068735305 1.3628969509265194 0.0
773794 150.684259597926 2.04338141451604 4.659393370628519 0.40702987728028384 5.217697186615694 0.4033337738817828 36.004745394346095 2.237188511014478 0.0
773970 150.060863597895 2.04486174212345 1.6098194883361356 0.3950099785056155 2.7077288211432973 0.3904586940951521 8.553155530704709 1.7409268832139524 0.0
774949 150.375886788168 2.05099495772721 3.6973387992178517 0.37789701285780386 4.805241839061632 0.37321924556813774 18.31302260560241 1.9280153317722588 0.0
775050 149.965449348216 2.05220598205946 3.607720873217052 0.41919511201404847 4.3177669252741415 0.4149829660600239 11.210728706852642 2.362936997391353 0.0
775122 150.222127634103 2.05258664690683 2.4404179696953796 0.39184617537869737 4.080697894731707 0.38687800864715566 10.670597166232021 1.1574306306791364 0.0
775619 150.455689765034 2.05552537911506 4.09042068025694 0.40409260728057145 6.187526855470548 0.39954088193112164 22.63551303682186 2.164363599303269 0.0
775898 149.872550198409 2.05639750572649 15.861622388777251 0.3909069236260604 19.041901681999192 0.3864507040934042 15.579758337577363 1.633334044085239 0.0
776092 149.971016075173 2.05911842819883 2.7573963221929034 0.38680624065680336 3.725914664629625 0.3824511124743343 10.68274661134043 2.615003768383949 0.0
776275 150.750666114636 2.06024843896584 1.7874860767498562 0.38520224749802195 2.1795256190440813 0.3792085540166539 39.690632225069905 0.7419510320867487 0.0
776358 150.774036955892 2.0602365780372 2.982064293506104 0.38782959309549947 4.429333729723617 0.3826884220375034 41.06894082636024 0.843380560072614 0.0
776552 151.014024369208 2.06184174998314 1.6817853031733383 0.35874786369176426 2.61052214602273 0.3481849560306405 55.2755865679883 2.412734003411134 0.0
776596 150.439714892456 2.06188093687305 3.8901264822593724 0.38543151945211324 4.646094881590629 0.38121527020402046 21.605265929179993 2.5994530162034244 0.0
776730 149.723590076614 2.06331581841766 2.164460928028016 0.37125685608826786 2.5744214402365673 0.36708633582633254 23.664867197559058 0.9506307199290296 0.0
776780 150.71658209361 2.06359529702581 1.9665837974574107 0.39189166244691914 3.5295794476506783 0.38717592101339876 37.64531449662747 1.052829266014352 0.0
776824 149.972694738194 2.06350149368526 4.4545714590309835 0.3980079236917139 4.974223928843692 0.3937942333312306 10.429153255313594 2.6700361786496605 0.0
776908 149.825974664064 2.06391618439705 3.7064157748996585 0.36401892914804085 4.755361339556609 0.35833166649729636 17.891421254055512 3.6003957093295313 0.0
777523 150.441890936085 2.06774266907854 4.51261363942846 0.3756972293692223 7.055974324360916 0.3704981695804885 21.614222810793084 2.5813922836501733 0.0
777832 150.245633716407 2.06932370732349 4.302373021340602 0.36506190456186377 6.760583867196964 0.3593528619454174 11.04121050950627 1.555213308150582 0.0
777980 150.266347362599 2.06985266347906 23.07683041706183 0.37434699893032136 28.427849442326362 0.3696308984376982 12.02965221697845 1.1640158890960175 0.0
777994 150.049303428924 2.07123608645015 2.3686038782715557 0.3709926033939482 3.1521335686598255 0.3664914503866458 7.30497056673562 2.0207088906235593 0.0
778018 150.543263026109 2.07146851069277 1.2098368441091525 0.36456458320921603 2.172651929589819 0.35974702419735094 27.391587114600906 1.5559604716341062 0.0
778046 149.836353858857 2.0711538670623 2.0916712613181176 0.3592900057684066 3.300022549403582 0.35302350187722153 17.14867910376289 3.5776231060081827 0.0
778063 149.632457979467 2.07161329132675 3.090928421056296 0.41043001774659893 3.4464221064474168 0.4039744912848336 28.804211136234933 1.2312512491768002 0.0
778179 150.386762971969 2.07240534885771 1.8287812558923418 0.3656307296053709 2.9124417931935964 0.3604181581113504 18.40724274724105 1.4118798375945885 0.0
778312 149.892100405897 2.07317213309961 1.9673665782920102 0.3801856000191796 2.4922283475532687 0.3758466317034127 14.070489224579543 1.6845368824985216 0.0
778774 150.096752874542 2.07501732801487 5.089575991187644 0.3699917935373636 6.586330318884034 0.3650501608383226 6.4185804517480145 1.862129621215399 0.0
778889 149.9987992127 2.07685007319674 1.1786285645830012 0.3734577017397311 1.9786638395592835 0.36798764251997546 8.751012603434368 2.0798023380426796 0.0
779178 149.987118628958 2.07854788694578 1.8139241301674611 0.3790479770439057 2.807121285860832 0.3743964925435177 9.181263175179431 2.3967147815805934 0.0
779315 149.662393856288 2.07940128684732 1.3520772678892958 0.40894305731428965 2.5172872060436 0.40379350245462303 26.949919090829674 1.3838954453697276 0.0
779409 149.644754269517 2.07989816409868 4.3154692493289994 0.41399099611117246 5.0100957050318575 0.40982219673944786 27.974128926411232 1.4164608767770448 0.0
780102 149.936276055167 2.08335190168634 8.147164858938204 0.3955146447019335 10.198336577367535 0.39139746199574 11.46123954082647 1.8931920303911796 0.0
780111 151.033229267694 2.08314913560323 3.3036485879597897 0.36988976169786575 4.771416800301094 0.3597833987714495 56.26807516582036 2.4826011596373925 0.0
780153 150.524293795159 2.08420111091173 5.849608443408523 0.40890018906489006 7.426681514215554 0.4049804646643508 26.107208494082666 1.82870868545668 0.0
780293 151.0283187645 2.08542910680908 1.9602410846974572 0.35274388859280503 2.7356916598720993 0.3417602577432948 55.960933863025694 2.50383748405313 0.0
780455 149.832130712492 2.08694146749594 2.273681802666961 0.3649545210894332 3.2515209685632445 0.3587858329833631 17.042531935277466 3.4879439864076067 0.0
780614 150.078572133789 2.08742231568838 2.594993518033732 0.3704653985044875 3.4868479793127136 0.3658980751824407 5.815033689253255 2.6794556882324376 0.0
780805 150.067200466737 2.08898960940887 1.6892174482406712 0.3773648337669635 3.0889035083731278 0.3725529922931945 5.913856639065993 2.6750180167105997 0.0
780828 149.852408757679 2.08871827032409 3.413450074471371 0.38989816115085213 4.814649132711266 0.3850231171694502 15.864007282272746 3.029545423251092 0.0
781321 150.446852737645 2.09257483019339 3.1356053305395895 0.38998151425643274 4.56797445198095 0.3850080700671523 21.476848984634252 2.1093654908937673 0.0
781584 150.532008620073 2.09469143330343 3.667399725273903 0.37993822777285513 3.9327673825122087 0.3756901381560128 26.426214651845758 2.145193406910401 0.0
782083 149.774536930901 2.09699457488355 3.726881583687939 0.41000825280227615 6.9230170602408245 0.40505127076567826 20.16884108887118 1.9596715133198885 0.0
782096 150.099897705134 2.09840232378856 2.8345581206219106 0.3986062630562879 3.5717450381207057 0.3946375617163865 5.01253099182201 2.0384245773904737 0.0
782108 150.629846700581 2.09578101268076 5.568199543740266 0.41336964639703855 10.181636503917508 0.4090109516495221 32.186550735788245 1.1916738306031867 0.0
782249 149.89683545113 2.09954154895907 2.6867728304362175 0.3865708827664803 3.31973655560214 0.3818369807410107 13.146501113082653 2.01586234450319 0.0
782462 150.571325048394 2.09929298631622 9.418497755156144 0.4009661559505547 12.38419616085628 0.3962632289160008 28.691582693071744 1.8600101071559993 0.0
782811 150.069919467133 2.10159161854968 26.041356916863286 0.4144393023858731 34.14810207280066 0.4105093723010623 5.147479402759606 2.4394637072992964 0.0
782812 149.548280933267 2.10320669492057 1.7688292353883877 0.44889684904730387 2.902916627506378 0.4442775746384772 33.415639680191816 3.399493830202438 0.0
782833 150.458650547239 2.10328223428743 2.2599684040567727 0.3822298378295307 3.3187409052346646 0.37749846097011924 22.015842139617096 1.9138577955158478 0.0
783072 149.976734633212 2.1048033218502 1.9708312426617616 0.40380104060613475 2.859401586381061 0.3993319261182434 8.720427256670622 2.4271073062385393 0.0
783203 149.655145389077 2.10553797088286 2.95359916334839 0.45967075125523954 3.4700137343324036 0.45545446829611996 27.06370064779379 1.6727619263245037 0.0
783291 149.83420169374 2.10545702704522 5.543928309888579 0.3913505527966656 6.575712626748451 0.38597691375483023 16.584351886403674 3.0430609003793996 0.0
783525 150.699888330155 2.10751791636286 1.461732703579307 0.40460995208018097 2.618980753944863 0.3996886087457262 36.24423413468894 0.637963206431353 0.0
783719 149.928211593523 2.10766389497668 3.4741119977391857 0.39553757338330936 6.1495136758745685 0.3902190362999842 11.222970368285846 1.9762091534598603 0.0
783847 150.272545236171 2.10893998156426 2.4338913581392876 0.37281030726997605 3.8614772691304613 0.3670471986263531 11.234554442915986 1.0810535146318085 0.0
783856 149.863061577846 2.10925296578143 2.044996420797759 0.4005820506558435 3.229131175023978 0.3955555362528442 14.860774185057007 2.4953724391716223 0.0
784001 149.795376925976 2.10877794102952 7.55352333759816 0.4159000826862611 9.846686533364508 0.41051273349588413 18.784743917948404 2.3787980831248112 0.0
784236 149.983152538212 2.11100484873183 6.889716091609893 0.40939248966961156 8.67592067830113 0.4049482156115678 8.197546105397217 2.298208337641547 0.0
784356 150.982970044088 2.11269868229536 2.279783835460171 0.3520094339710465 2.52170832832833 0.3424633460299834 53.10377623042901 1.6998794835807423 0.0
784452 150.30286584102 2.11356953601246 1.4568298714284773 0.35706285273450705 2.0249275092610346 0.3522969220617925 12.836616991720472 1.0648918777210017 0.0
784572 150.531709316376 2.11447162703621 2.957414119471087 0.3824922286802572 3.283625443925159 0.3779323774084789 26.199027413364934 2.297656485097515 0.0
785079 151.05661542752 2.11760296082061 1.7886105115271462 0.3869351884955532 2.300032465019201 0.37340636742780386 57.48629673652967 1.7404732950700719 0.0
785099 151.042199246351 2.11760108084545 2.803313834871778 0.3730058221072562 3.855498302111493 0.3611711578389538 56.623923457812715 2.059767670709957 0.0
785572 150.407569551641 2.12026747381039 4.734818177243664 0.35977710180776656 6.093901464366917 0.353931392829214 18.808807575422577 1.0374476582910628 0.0
786263 149.689070970564 2.12552442107832 2.8413494838249216 0.3857999318078027 3.7843766168209516 0.380894556965507 24.869792473833733 1.7605493077041416 0.0
786399 150.578805687501 2.12573464514548 5.489430173311164 0.4044314086281224 6.607531630769338 0.4003241416208738 28.90546898812114 2.024405953076071 0.0
786650 149.609620264099 2.12698616102577 4.7942423520293085 0.42227388293044327 6.7318405866568085 0.4175067629335181 29.586317119505285 1.516917999010694 0.0
786943 149.950698127683 2.12899855697616 2.8044878587836304 0.36923557088400655 3.9631435591230333 0.3641196808153773 9.498737462594626 2.0251649687378763 0.0
787107 149.806535880036 2.13058434786437 2.5657158903956936 0.3712797576747 3.1885965467865036 0.3661772845714701 17.863192737431536 2.4491891495192166 0.0
787409 150.301910321478 2.132433717156 2.8786696310924187 0.35713320455706116 3.1667673821260003 0.3528961724503709 12.465182356916598 1.3836741770395038 0.0
787535 150.190020615544 2.13332244248669 1.7522548614159412 0.37242679813143287 2.9389323365029383 0.3684702456351095 6.1353699000645845 1.0377269878001838 0.0
787837 150.348346272517 2.13455588898681 4.284799258246987 0.3775318447327492 4.340271091524877 0.3734471898295706 15.159243213166912 1.1872500106157557 0.0
787911 149.881907538294 2.13514866764482 3.3865712533032215 0.3762943067524844 3.6572807239448317 0.3715178363756221 13.374306485399494 1.8834598044434014 0.0
788244 149.759618561291 2.13741686258984 2.583258159554266 0.3863546819762391 3.909463251893894 0.3811574392355803 20.582508952632605 2.8854093669984007 0.0
788536 150.482124000144 2.1389597156698 2.463051334749812 0.3850186700227364 3.846860215594631 0.38061023671859795 23.055847443936557 2.628009448614766 0.0
788583 149.745720129487 2.13931642059689 3.3575495369092834 0.3870557197216675 4.4763052762635835 0.382394174754929 21.395108682831104 2.9255213900367982 0.0
788585 149.751620188154 2.13948991390339 3.36919372873468 0.3993025631170236 4.543245082670681 0.39480596218133307 21.04267235144653 2.9446794862432117 0.0
788746 149.765266185023 2.14085102677397 1.9770181433220326 0.37057343049041663 2.982843354004517 0.36582332773485654 20.22062461956921 2.700763623233845 0.0
788869 151.056016452759 2.14115966901674 1.6380636544671425 0.37772385673508124 2.9183762819358825 0.36362266600189797 57.37238104024236 2.139341925254528 0.0
789244 150.350438706572 2.14358714266882 2.7709530430806333 0.3622414624829092 3.461229504906442 0.35760212146342185 15.190964586671743 1.2119766220753352 0.0
789608 150.556745558643 2.14603169496884 2.478434832792533 0.39508367392430327 3.4519375969311 0.3904793493279883 27.46983070795053 2.381806696589741 0.0
789659 150.099225708299 2.14604435241125 2.1160334316050515 0.3836633680454706 2.768643800941803 0.3791324989261527 2.154505746309513 1.5362208494137097 0.0
790422 149.714908686405 2.15092804533756 4.56247148540126 0.39953993070288546 5.159931324058823 0.39468987664181776 23.16384020952506 2.8004594630270376 0.0
790684 149.705765194154 2.15191319049579 2.1978549050636036 0.4148256125127476 3.8325457616802874 0.409342881149112 23.705752653629496 2.8491979869270905 0.0
790693 149.620582828435 2.15309210392532 1.9342317908165678 0.3990380310122391 2.5517063935435895 0.3933909083701254 28.796530981564114 1.8753755978072988 0.0
790702 150.493954537748 2.15240645180403 3.9912394643317652 0.3813453411787837 5.70433530102386 0.3761222128437852 23.686760635532966 2.4322046400553083 0.0
790720 149.87630807204 2.15198595697278 6.553653703702186 0.37658541320595457 9.405507151563928 0.37036213788211314 13.531835508595444 1.6145925815867133 0.0
790737 149.706241001957 2.15271143976585 4.309583014452099 0.4257670683164881 5.660513608425764 0.4208454147280891 23.67370433524676 2.8499772200755826 0.0
790786 151.031602494941 2.15304551765678 2.8301378547512033 0.36078269073405517 3.353462231918495 0.34850508911771894 55.88306310492818 3.190453769337007 0.0
790958 149.83188534192 2.15401439315927 4.8538937988374204 0.3858531717288289 6.204527778879005 0.3803208977013386 16.162476946505397 2.1755040454810284 0.0
790972 150.450458535201 2.15489491838664 2.3334553575390093 0.39425699412971205 2.7919244492401294 0.3897452735876691 21.075039339890473 1.6567191114914117 0.0
791088 150.662592581316 2.15434966191143 7.038062563199525 0.3761679616050781 12.132080764716124 0.37007919894814445 33.77199866916457 1.5500043933999776 0.0
791135 151.032807150116 2.15558751287031 1.8184181213141766 0.36002855313295123 2.2229690160715534 0.3469939788046325 55.95069053137787 3.228303793054416 0.0
791209 149.616325997047 2.15580451496007 3.5793976038983226 0.39900058291966395 4.879574524413542 0.39402078707097016 29.04203123497577 1.8845674702203883 0.0
791478 150.474974201235 2.15804211775804 2.515191699060421 0.39935987796819183 3.0012612282272872 0.3950711098046287 22.528013052937144 2.4326988330152917 0.0
791500 150.290165902066 2.15631317495828 3.6807409429254174 0.372099978453047 5.821945441675329 0.3672951627166696 11.505025463584184 2.1751395224423584 0.0
791503 150.529709222374 2.15804634631454 4.158336227707664 0.40378655206082725 4.39963458062867 0.3995447219810961 25.8039341879659 1.7922170410495388 0.0
791617 149.744595399335 2.15891616056656 1.9534691519631413 0.42359648306563186 3.01102582149085 0.41914572757237256 21.35372607681389 2.316493352675153 0.0
791766 150.021670238558 2.15984439805274 2.166047319896357 0.3679098017141441 4.006675360178694 0.36284359629473184 4.880017864329032 1.0661125154334068 0.0
791933 150.333795173208 2.16096372696974 1.5119192099444037 0.3725887919371013 2.7286588431670973 0.3679392044795304 14.0740484573903 1.5297856707891084 0.0
792332 150.120595931011 2.16333392510466 2.2495348869799145 0.4125310512183414 3.491003244900172 0.40854608459254343 1.6648612319022726 2.329389818363894 0.0
792391 151.037885200845 2.16299649499618 6.307515248655352 0.35711664011097843 7.237649759190407 0.3454451310220129 56.24415550941205 3.2199193216731388 0.0
792451 150.578501638418 2.1633598047116 8.02122383576783 0.40899060945702703 9.334563839817763 0.40501500669661494 28.711120899510583 1.6229639228141344 0.0
792686 151.001102358768 2.16525896825522 1.9542948087514123 0.3532499556440841 2.605776875634641 0.34153319752214384 54.03651447991751 2.713546527690063 0.0
792802 150.128979390934 2.1667695151486 2.1711707293062696 0.39257743430293 2.6821400910090096 0.3881474628656871 1.9616189391939785 2.4005271969661495 0.0
792863 150.2634174478 2.16716398080858 2.4623177378646455 0.35914960471138485 2.7956362212861747 0.3545113600891438 9.838037971051245 1.6548075396606265 0.0
792881 149.833324103681 2.16719243900913 3.005725244883195 0.4349894882573676 3.266805104161783 0.4299710402516593 16.013511518681046 1.6806265014926598 0.0
792905 150.174308807482 2.16721632628703 1.7471727348454411 0.36923076548369166 3.1270005797083567 0.3649833973795342 4.542109420820501 2.230694631848872 0.0
792997 150.885967060564 2.16767043167557 2.175343832248166 0.3425251135195154 2.8815596876964498 0.3352076314601578 47.131836901488406 1.0753653649771657 0.0
793067 150.691422999717 2.16795283873363 2.0470112406877097 0.38744091642510153 2.9579124971800006 0.3825852563783578 35.46975215336373 0.952253646070196 0.0
793529 150.192649034248 2.17105035539931 2.633891815335692 0.3740729013265811 2.9114389599988306 0.37013648660016135 5.5932565211416385 2.6588340583254695 0.0
793780 150.117125679262 2.17232150025025 3.4686723873796983 0.4110751384046028 4.117878787237302 0.40721262033235167 1.1779983234308884 2.4511030365166646 0.0
794205 150.295641779169 2.1751720158803 2.712266655162743 0.3858173977211438 3.4915845934730427 0.38148049149733965 11.737058391418193 2.446893433576968 0.0
794327 149.959945659774 2.17594903632189 1.745715403649503 0.39102266433068994 2.810368660496298 0.3858841539865026 8.404886000465629 1.7324174492882027 0.0
794342 149.66989463914 2.17497202083761 3.5601571117757493 0.42852355330051084 5.8350917652796985 0.4229713474309694 25.79106388902067 1.689054029168229 0.0
794617 150.639441714327 2.17776582224485 1.9777703142618717 0.3757831169681085 3.0136209401558363 0.37098948417590033 32.34405245256091 1.4918106598414076 0.0
794925 149.729061829487 2.17972621779472 4.608185208377654 0.42139082390493543 5.311851160137869 0.4169046670402823 22.240568195780007 1.4174841249151109 0.0
795002 150.30104240797 2.18024837880642 2.7460446924482937 0.37868580650436684 4.115950658547494 0.3744009772061977 12.054235046775378 2.358694680593722 0.0
795175 150.104892116498 2.18091301108795 4.6228933364800255 0.40766287268973683 6.122864189489546 0.40403385090626115 0.2997718128707195 2.0905225748545986 0.0
795601 151.041003052759 2.18299874564956 8.554724280906138 0.3854531874252326 15.751442054169868 0.37280252187151014 56.41926225730312 3.377996568679115 0.0
796235 150.362076060411 2.18696398962619 3.302729001891568 0.3927909920327683 4.514732665566639 0.38832174772376 15.716022498213363 1.0278717909274817 0.0
796367 150.804065320522 2.18627239255339 4.045035194070208 0.3481420317945895 4.670790362690092 0.3423686984673038 42.21402839452152 0.5370231369619631 0.0
796563 151.01462728753 2.19010515909432 1.81792745133147 0.35749356403672494 2.6387405276455147 0.34620718295375275 54.839885110403216 3.471977243328112 0.0
796735 149.626520568317 2.19115406812618 2.8284199342646725 0.39092691193644763 3.346906060265477 0.38590775602027844 28.393458836314636 1.8436721541991419 0.0
796999 150.667096944134 2.19280150642575 2.2877486884673646 0.37230945400021215 2.717251868817341 0.3676033152161779 34.00726328017092 1.4680105091320177 0.0
797323 150.595368155264 2.19481114033 2.896061447645518 0.40572734681421196 4.025641339376234 0.4016117831264544 29.71044389592462 1.447729537819144 0.0
797515 150.296277580613 2.19648238346326 1.4472742247690393 0.3912168829642525 2.4589668844724337 0.3870455895330909 11.80034262788201 1.9239509268693156 0.0
797834 150.056873743796 2.19845325229057 1.8727638254042358 0.39404811661413497 3.2898131733731946 0.3902489923732861 2.7689192602482673 1.0959785561590092 0.0
798046 150.96556054848 2.19785105472069 3.559164039859097 0.3691920353609834 5.248545588077094 0.36099913833410324 51.90447854893854 2.3467164180385733 0.0
798108 150.807514328094 2.19810100943079 13.597214537017404 0.3859739257169118 23.83519940015229 0.3795922274989929 42.43092747266255 0.6630605162435412 0.0
798253 150.176662832225 2.20056172994745 3.0291601582107113 0.3706033433874527 3.835164270577732 0.36665662778806474 4.730192781428815 2.958307114467902 0.0
798497 149.903350562659 2.20193472237464 5.373931507620467 0.40493538014242453 6.725265537060271 0.4004398864365305 11.851183546044552 1.1214226652224362 0.0
798635 151.013264501712 2.20289444833713 2.516437017137507 0.3752653423096947 3.1364986716619425 0.36396452253715317 54.77018389503745 3.6989740030899405 0.0
799150 150.321346810567 2.20697781235246 2.602714431175642 0.40288117431793363 3.0398301560629735 0.3983002050655163 13.355795519359427 1.422005434992283 0.0
799237 150.968346899988 2.20724167323594 1.6758114378034965 0.36839143004060027 2.7484224845439824 0.35780878429681884 52.08471947171218 2.3284488271345833 0.0
799255 149.997355421697 2.20693812297809 5.9722165426286535 0.4000735403341071 7.883069611928123 0.39524736533583 6.334234300351091 2.075971500813964 0.0
799299 151.077022625837 2.207534710268 1.987473024705703 0.3940157718333756 3.3256557578145522 0.38176224250217944 58.59847272486904 2.295558544131071 0.0
799791 151.02482133393 2.21060898545313 3.016054583338084 0.37884267503231206 3.787584946343968 0.366329164533649 55.47518326861577 3.894487458755194 0.0
799812 149.944752430526 2.21091530815862 1.9840115465644668 0.4118635561498426 3.1687247025626166 0.40757919316048796 9.468927018951746 1.8690013996964538 0.0
799839 151.060991795241 2.2105016050806 5.840894845117583 0.4052446394436668 8.40711764052741 0.392403766890363 57.64262354693865 3.138828274982776 0.0
799896 149.932655120052 2.21173106720713 2.0710694392489684 0.40765902238588453 2.9799073273058285 0.4036951529732631 10.191243609486364 1.7186106584589078 0.0
799946 150.216559200086 2.21205053147928 1.722150619279326 0.37277032736213167 3.0541906537419985 0.3675462301567256 7.21809155576141 2.734619719418368 0.0
800063 151.05982173154 2.21157974497709 4.089374197573256 0.4045415446489898 6.571381750242495 0.3911480889662243 57.57444304770944 3.189254400721763 0.0
800197 150.239245326609 2.21332341016864 3.2719620978936548 0.3701213188319629 4.021705150021131 0.3662703482286446 8.558235799678922 2.0566211174360918 0.0
800276 150.682563897363 2.21345339801205 4.559714845209771 0.3926699765404164 4.940014885085709 0.3886237027325421 34.97924980829591 1.0938329306144836 0.0
800431 150.12741113908 2.21482526738303 2.2721090029179547 0.4229489306708942 2.897491751151588 0.41944782992120166 2.5677009841387917 2.2537900345490867 0.0
800550 150.867973841686 2.21528479172959 3.404515309561159 0.35470757717983653 3.7241679483726626 0.34820313410893683 46.08794247161681 3.9226347274035316 0.0
800556 151.023254868881 2.21461924279157 6.458350938251202 0.3785836780163395 7.569362392648641 0.3683207783662 55.389229643404974 3.8062879382136785 0.0
800661 150.184701358032 2.21592794325516 3.5070213733602538 0.37870161252251733 4.243404403562719 0.3750054029139264 5.472393406422906 3.1602322981741375 0.0
800712 150.0417975804 2.21585663459196 4.749910034080893 0.3741436102891952 5.444298535607876 0.37008822352602205 4.0394623984525255 1.201557409887875 0.0
800939 149.839205118628 2.21781640287441 2.3078157950885134 0.4051693552603297 2.613315437050906 0.4002120987238975 15.783598338286675 0.7705388816698614 0.0
801282 150.878887965684 2.21878724235258 6.840530668776505 0.3475578875546008 8.444068222122066 0.3404857202931426 46.75111002979589 4.528373676800402 0.0
801301 150.872880122192 2.21942864517676 2.231203298772158 0.34543713330954406 3.802720268495055 0.33754108341045824 46.39315097169802 4.453122751971207 0.0
801596 150.192633005271 2.21984386384241 12.980800322191001 0.3983333003045176 20.818326296809463 0.3943576985058986 6.0013750675041795 3.1310221465529855 0.0
801671 150.390011567732 2.22166705347717 3.513023491184104 0.37288760129204024 4.572551294277834 0.36835380095422965 17.5504303888374 2.1501544469510767 0.0
801803 150.405254602265 2.22285641680591 4.062494584452354 0.38707509834205983 4.660662207860604 0.3823122168537957 18.465631905409495 1.9389815117613531 0.0
801843 150.184646566568 2.22343714049892 1.6258241167644123 0.37757103277302123 3.045272621135872 0.3734974143680853 5.65278349172991 3.084626458142504 0.0
801854 150.874999410611 2.222963003469 1.72068790096292 0.3461689721442901 2.9370258483825307 0.3379422166883646 46.530744710762754 4.695750570312382 0.0
802102 151.026028340611 2.22378356249183 2.8168720659949895 0.36293514755528344 4.580136912421603 0.35017388090733415 55.577361278463854 3.4398963797736744 0.0
802187 149.664427199441 2.22513405056668 3.519713898828675 0.3953613073312742 4.069928534435262 0.3902730272184499 26.243297325900137 1.8222193654550847 0.0
802269 149.658155767183 2.2250520855399 4.861547653840447 0.39849409610888215 6.99170699014347 0.3928466526540827 26.617015676234338 1.8712830224154042 0.0
802383 150.880585724918 2.22568718481122 2.508832134282594 0.3530759218874604 3.583025207942529 0.344753240578895 46.87403536285245 4.802877595452687 0.0
802781 150.616652747113 2.22883948776066 2.3610760910962263 0.3767599327138159 4.0191123335443795 0.3712095273273139 31.10373058352684 3.6872633810768116 0.0
802991 150.230729678422 2.23001283320583 2.6815233808248644 0.3824564303698267 4.583655300655985 0.37759253759011674 8.351753488492289 2.1692794673152243 0.0
803176 149.999039384609 2.23028540046449 11.25583016693763 0.42518190251855453 16.271104874620878 0.420802621653194 6.712171061257598 1.998955855099356 0.0
803249 150.507916783745 2.23154142361225 3.748592600048269 0.37682488275114817 4.114394195126196 0.37193363919695605 24.637233389825276 2.338305398869593 0.0
803345 150.061005355685 2.23244393707472 1.642263214156225 0.420911013760524 2.7951707188252435 0.41675721648826586 3.8270996610199624 0.9791608859185581 0.0
803489 150.882438596706 2.23251111838268 4.405114801588608 0.35188131570008363 5.218997186267715 0.3437024297813308 47.00949227501639 4.749818653778735 0.0
803542 150.613549376241 2.23352208489438 2.5865419824338542 0.36796258278248356 3.1186255872628856 0.36300915125502103 30.945218300233314 3.865129045090797 0.0
803546 150.504145226736 2.23325850389712 1.6614665029169342 0.3774311057640145 3.1027304509070217 0.3716350638005015 24.42553704474181 2.3517427488610707 0.0
803970 150.885263225896 2.23599528676442 2.8212367386242208 0.3518268680442344 3.452791064153239 0.3423557417519224 47.19234207953385 4.557365085866168 0.0
803992 150.138995577399 2.23509199437653 6.108599186578471 0.3881578908038254 8.594844054823831 0.3837221045546061 3.954113242444169 2.5594614630166075 0.0
804338 150.135966833003 2.23861922538661 1.5957943734390523 0.3781776888146576 2.8854411770591115 0.37416931260857855 4.026585478265881 2.441899231809946 0.0
804837 149.642044556697 2.24066140370555 5.786311159225391 0.40165927109803545 8.030112676627148 0.3971778606751427 27.681961821624842 1.7439286063341202 0.0
804887 150.384934170463 2.24183005738655 1.9386180119276692 0.38132665077823497 3.3198257884180933 0.37653295085100424 17.457095110251476 2.549876534862594 0.0
805164 150.628333236774 2.24327344154458 2.19345597587345 0.38179743544825145 3.014804356995684 0.3772952237928145 31.88937389216421 3.7367257346917615 0.0
805243 150.630352883726 2.24348337749773 2.7083741705490754 0.3825524339313993 3.769382741114966 0.37812935263378694 32.01110477365914 3.6259363747934 0.0
805577 150.158195015714 2.24574213575251 2.8350152431176694 0.3893950742495063 3.895155704544253 0.38494576364478506 5.179411609382338 2.4875773545342375 0.0
805748 149.695259942714 2.24582942001367 9.972756386988461 0.42170805037843845 11.789969147004543 0.4170083023458277 24.56714850835268 1.064924051742267 0.0
805822 149.987135664257 2.24718403304681 2.8045668698838244 0.3709214250896013 3.1241223839781083 0.36642594852700977 7.817412878241819 1.797226746663398 0.0
805939 150.491105893532 2.24728397052384 9.389230864924029 0.39188755480584847 11.992057071942813 0.38703057005705177 23.774286749446176 1.9873346702671733 0.0
806047 151.077051669387 2.2484787378817 1.3360017688984214 0.35341130575958213 2.3090377045156343 0.33967134422721856 58.71515382390794 2.0640137938600094 0.0
806161 149.860063737484 2.24867494978937 7.74090276608394 0.38496587084928163 10.137383841681991 0.38001963334902666 14.932208070575424 0.8542878956085167 0.0
806247 150.37903164801 2.24967461098957 4.826429982430237 0.39595591804010993 5.8837470402065435 0.391701470556427 17.21588503963559 2.513674210575728 0.0
806346 151.063560664769 2.24982202244685 5.807960697951118 0.36923416048197893 6.405182177247678 0.3572901289139391 57.91378209413358 2.169943796018823 0.0
806505 150.958731984485 2.2512416280413 3.1335362158423257 0.3621913813840409 4.843523177543117 0.35397527253695554 51.65297804830804 2.016184018687391 0.0
806646 149.975981463199 2.25291165589572 1.9816183482251157 0.4038869508414174 2.08630237418118 0.39986900821574883 8.56843591991019 1.70865870589248 0.0
806728 149.773169262605 2.25285623922643 5.312321911587974 0.42207346642295607 6.446863755663371 0.41742730981318354 20.051753212500174 1.8302526280727596 0.0
806906 150.89585904057 2.25260814700731 7.159853477684088 0.36895580293707303 11.030613538124484 0.3608303418927804 47.90378300015164 3.4057476157430115 0.0
806911 150.285280474696 2.25285970376675 7.61374480621303 0.4000776375996768 10.80330652239479 0.3958969691854643 11.895510024119773 1.1629682146183729 0.0
807041 150.544304292479 2.25524088212755 2.427996430199616 0.3983069179774128 3.3567577683318177 0.3936483298497075 26.998853688753645 2.6087820650186533 0.0
807045 150.53215043152 2.25511048699044 3.320150489046628 0.3952289876113288 3.7845426506363933 0.3911147440718419 26.278861674212152 2.42196206888171 0.0
807053 150.202181966076 2.254320123095 5.249948173236825 0.4177474995913525 8.211091377209478 0.4138292934921609 7.509294427087223 2.0370360442751645 0.0
807308 150.706375505587 2.25632750627854 6.877148261864983 0.3950528491654779 10.060099382663871 0.3904683724944882 36.628156506162405 0.6447491200928557 0.0
807583 150.954448686454 2.25836136239585 2.6357498930419134 0.35206528886901794 3.4534744457086437 0.34425495495751035 51.43320656798835 2.1297397516317296 0.0
807677 150.949381441591 2.25941136710422 2.2104010942391144 0.3531988151024239 3.4544279199876713 0.3448496562221383 51.13628663784881 2.1811404900718006 0.0
807727 150.896866742081 2.25957883170426 2.067820130775385 0.3511699824268477 3.5163689390383417 0.3426532305155304 48.00262897197405 3.172168473299383 0.0
807998 150.318919778214 2.26198990684766 1.21979247295238 0.3887217678499725 2.2288563559988055 0.38291937756114647 13.976406750509023 1.4212734688665196 0.0
808020 150.303346176828 2.26214323962708 1.7737549052464994 0.3798858078487379 2.4395023433909206 0.3753322583906483 13.10685505664191 1.2690272894412804 0.0
808139 149.643381290733 2.26253751587062 3.3300696972719916 0.4441249359560879 4.918997564084072 0.43953905426629053 27.80029672357431 1.4718699152181676 0.0
808253 150.353738717984 2.26323755159973 4.187607924908812 0.36535427200056725 4.685995487188437 0.3605431208886964 15.975675864882996 1.8371494599193565 0.0
808624 151.014452348441 2.26536762528944 3.4148581848828643 0.35038457242908544 3.811777721620637 0.33895209457912684 55.05383174578096 1.7137115687227453 0.0
808772 150.55341860857 2.26675311071451 1.8616746451183117 0.3721176899149269 3.069457292709958 0.36693804727779883 27.65675937817738 2.826222462824323 0.0
808831 150.787340252948 2.26701091565929 1.4408096802077384 0.35494057931880363 2.5119087418036092 0.34890052217755774 41.52420793795498 1.0386750460181229 0.0
808913 150.235167859846 2.2675648973306 3.46586933507341 0.38515039269886714 3.9294178828066784 0.38105755189248003 9.595063025856078 1.2620748695204094 0.0
808921 150.868974430031 2.26752781796073 2.218209076140037 0.34951242205717514 2.352622732163267 0.3420663658996513 46.388769534628 2.9220838205351454 0.0
809061 150.851328384158 2.26852471442649 1.2608992502185412 0.356203256429359 2.2904113441263854 0.3490965120663016 45.344256347399394 2.3643415494962357 0.0
809712 150.838206258337 2.27290681036426 1.865311734178043 0.3550290634457282 2.796515473016535 0.3488784856317811 44.59414257534297 1.908378885506792 0.0
809781 150.993030337262 2.27328376815076 1.274206800669321 0.3516162248147511 2.370140911224158 0.3400545020193933 53.82106919417034 1.8311974927007237 0.0
809842 150.030974424361 2.27407482679643 1.586010349706793 0.40685142400814545 2.67831182823832 0.4029178237204019 6.905302864963294 0.9738490475393928 0.0
810117 150.634640215543 2.27301296292607 4.415903684441278 0.36492824330548296 6.028631204867176 0.3598008954020285 32.51655524260837 2.4902799433569625 0.0
810195 151.029280008016 2.27582870392838 3.3822328624548716 0.3551645081544467 4.158442423046526 0.34387242336053536 55.99865219281507 1.8331471088997338 0.0
810244 150.329346636573 2.27656223598677 2.6905610351316334 0.3917417202040612 3.693980735372091 0.38757773573902243 14.876226250802194 1.6111681509966658 0.0
810398 150.119230822177 2.27773218269442 2.5050198210719903 0.4140556948934009 3.3325088196622366 0.4094971645958072 5.86177442029123 1.2241080741777335 0.0
810697 150.875883625936 2.27883752894201 3.9521919576059776 0.36849356826513 5.342040399064087 0.3617648461407588 46.879614282585 2.8110479879658103 0.0
810963 150.640090062451 2.28108483209455 2.6739423670575633 0.3700666506602544 3.796440543605186 0.3654635417576343 32.92266027903477 2.0838073426203443 0.0
811027 149.767317305872 2.28115855460022 2.522626256821023 0.43111264193931137 4.300169643025527 0.42591615007120665 20.81519077197769 2.19689919832657 0.0
811951 150.543153056125 2.28753479690344 1.650411026666757 0.3853433880841875 2.8438096021718615 0.3806520536656818 27.313861906444707 2.3204927309360466 0.0
812091 149.924480198871 2.28863980378117 2.895822204244232 0.4215272274223341 3.3900578160874564 0.4177474797352737 12.31743529385314 1.3655353292922034 0.0
812219 149.799149002175 2.28856949228486 7.690317336541642 0.44337286360832057 8.881543843491656 0.4389613799858419 19.1382610899201 1.576236196079656 0.0
812616 150.780234760773 2.29161588880819 3.0363927403931603 0.39536323697225356 3.388770892864604 0.39065399332742573 41.31043149389442 1.435272927753901 0.0
812923 151.033291645058 2.29390407061677 1.3945335786895234 0.36934045149852274 2.586339960811937 0.3584568134497011 56.35657129418012 2.295047714602258 0.0
812933 151.073308207701 2.29398398432226 1.9696818613727671 0.3577111877082101 2.2334575094034412 0.3454720574155988 58.739871618678166 1.3506969524167023 0.0
813127 149.826198333678 2.29556077247228 1.9199903623130097 0.3990609887266162 3.191286607694263 0.39401615506824317 17.774750601569924 1.0361499526234017 0.0
813364 150.562562332595 2.29691200617746 1.9500202898134285 0.3896891207975764 3.0507821259301466 0.3854563889951044 28.577558377528206 2.4476045402701185 0.0
813434 150.824958425816 2.29729378038833 2.3870322504726733 0.3696066573723828 3.052602143860482 0.36407985295892775 44.011845901872654 1.853770740765389 0.0
813561 150.928304928347 2.29730264790922 2.2032553782231123 0.4062668746682993 3.5159034365774104 0.3988193669298075 50.140350934437734 2.525171761494321 0.0
813872 150.931255140791 2.29996259812687 2.258144380318909 0.39440485129722463 3.065118957114125 0.3874688698618092 50.33769844384492 2.4521356556769196 0.0
814131 149.761097562376 2.30181603694601 2.7264897674567106 0.40822710261452533 3.17201296406112 0.40333840588450975 21.553972922787814 1.7426068078700516 0.0
814234 150.229884134767 2.30249690748833 2.8998599201004582 0.4153582823643755 3.3621592544541494 0.4118927387934161 10.628125000298098 1.1840014908216507 0.0
814507 150.130881767619 2.30404281569578 2.335744929781568 0.40303211586385784 4.036695710576059 0.3990853709671262 7.556245416019211 1.4773222944322524 0.0
814655 149.682789213752 2.3050146167411 4.034858435442721 0.4056062369245048 4.529856937214202 0.40086732912157597 26.08063414116845 1.5943416947669136 0.0
815007 150.836605406723 2.30689586704483 7.949816494961203 0.38462088698877794 9.511406889456389 0.3789713365410141 44.79424917507316 1.9319390111617376 0.0
815257 151.013260766911 2.30833830475204 6.096879390891467 0.36891513330606474 7.2146665536119245 0.35876562897942077 55.276260524937506 3.1032408460371674 0.0
815467 150.698799753744 2.31036275038802 2.1862739773708797 0.39554715592376405 3.7485256524144215 0.3906200314465965 36.71791541263442 1.0241009555319753 0.0
815547 150.326554698645 2.31099982477146 2.7217008936234683 0.4097695476916037 3.5832486122887643 0.40545623488480614 15.634972703368131 1.7190510533705783 0.0
815560 150.892052180901 2.31091663191002 3.3524033174183465 0.36525629518493036 4.005024046602152 0.35826364143935574 48.112978858325505 2.524594626498163 0.0
815562 150.198384999959 2.31151085051182 2.154432780255415 0.40610963431786873 3.0981922853724706 0.40210979248525097 9.758475977224327 1.275575176111242 0.0
815843 150.291120360973 2.31321985273546 1.8524931500906765 0.38171102912799243 2.631451155083707 0.37746049328176273 13.904477948779356 2.3315277953971143 0.0
816821 150.25456744735 2.31778259332915 3.4286854036793466 0.40606765013129703 4.484033537990336 0.40214578029172615 12.341092463391995 2.136541953373799 0.0
817070 150.617496900683 2.32037913999969 2.5488086936746215 0.40050311664091337 2.776543990085877 0.3959747463127645 32.11843622701046 2.767739810933743 0.0
817211 151.009533289838 2.3206621264361 2.495847332204727 0.35130272539268625 2.991308684316294 0.3398573426190265 55.16139158415631 3.6067491222601435 0.0
817416 150.603617155967 2.32187057947474 3.011329065725043 0.39626879898719924 5.431260414850507 0.3914633506229995 31.339180483588322 2.6855382389316986 0.0
817495 150.728718234017 2.32288005105007 2.158546790629719 0.38938872122739165 3.5225478280835585 0.38388456537390875 38.630807081541455 1.2391786529314186 0.0
817675 151.033771487475 2.32212291348885 14.096923831605983 0.35921119463212503 19.665906119345834 0.34815863741474845 56.61127551285126 3.772755868431522 0.0
817747 150.351398696202 2.32237655514576 17.86990001229176 0.4149244733589076 28.145597481326785 0.41002556283929364 17.267583970418602 1.9488709137460327 0.0
818110 150.983887977846 2.32612550218096 3.9412973582695985 0.36908405183757853 4.4527463394515205 0.360492997646464 53.69370458964935 2.227044338059944 0.0
818319 149.97864497501 2.32794841432795 2.600516007169647 0.4187211418220388 3.0011047715148993 0.41418895975559494 11.387581789282766 0.723808539787685 0.0
818387 150.618671565515 2.32837615900966 2.019597114711372 0.4146740418672492 2.9227133283063043 0.40873469827018527 32.313536701978215 2.722719111471233 0.0
818407 151.026272743584 2.32826252084941 1.2673700935668508 0.34901497802317943 2.07390380131524 0.33830121992158724 56.22295319978353 4.200552007426293 0.0
818550 150.559180918431 2.32924934756339 1.5612757314073502 0.4138950420550045 2.5187909953981023 0.40947767887459396 28.913471988981467 1.5567873713059173 0.0
818621 150.8966873128 2.32942008225948 2.626656894129997 0.3681428166066997 4.39600016210729 0.36073306983551395 48.57688803135098 2.0720208003721736 0.0
818826 150.122624072705 2.33114090766201 2.5946265492292193 0.4184944791137003 3.6561571639990706 0.4150548864204565 9.053966101422665 1.6621988533070338 0.0
819125 150.263988033775 2.32907729453631 8.13584573609146 0.41701951262608544 10.86241014049072 0.41249942064561423 13.213422690696428 3.347692363172138 0.0
819127 151.056708439765 2.33273701906652 2.8853568617172263 0.3607960826086374 3.521152425751117 0.35002193648388474 58.06713366781805 2.5671545433135368 0.0
819138 150.361051621642 2.33276895145389 3.9163623575062605 0.3897820196687168 5.148929626925794 0.3851988385929812 18.07884881005466 2.136926832912638 0.0
819376 150.935549829759 2.33422618353926 3.9517469906640947 0.38591192478246744 4.512382591817288 0.3793760336063068 50.92049094100789 1.9261390832676264 0.0
819921 149.731874326778 2.33804122832538 2.3504633256434633 0.4050377665801201 3.0048256602263512 0.40013483728676175 23.97537970868098 1.280159815682272 0.0
819994 150.151661501864 2.33853610088953 2.711798445328448 0.3958584614004453 4.138431710828359 0.39214024000758413 9.892852835620833 1.615202885014339 0.0
820253 150.784962834365 2.34011496023271 1.9883692205414656 0.38685538034517175 2.564124765228343 0.3822177626749278 42.148086011043986 0.9346974014801286 0.0
820489 151.02439201065 2.34058702961006 6.405503378550096 0.36351122884686565 8.287836847918232 0.3521116787877253 56.2317873684763 4.149020491932002 0.0
820735 150.28181958225 2.34322112728561 1.6792555114016827 0.3951742977503164 2.76980263041131 0.39038345858366236 14.576046603775627 4.217965819075264 0.0
820838 150.278503259886 2.34358453222476 3.601685180279996 0.4110571078206669 4.800865010878526 0.40670448134532516 14.442591994460745 4.299100814302747 0.0
821040 151.023457481594 2.34473719671076 1.7542544500285349 0.36259924990108067 3.1041292604780497 0.35034474010931477 56.219217589551604 3.992661650221417 0.0
821166 150.628064526985 2.34590409901298 2.628482759618447 0.3974846748595684 3.0094591363537933 0.39321975448805085 33.15235276085797 2.3776391762332505 0.0
821194 150.2932662673 2.34614350404647 1.562199737676981 0.38614592122670677 2.82532827964136 0.3814141148061746 15.209125814178545 3.642027855935182 0.0
821365 151.072191718649 2.34596261114649 5.213649755525119 0.3665549469551811 7.6055674336055725 0.35363839793703883 59.110905505207825 1.8989703646916483 0.0
821374 149.697159926862 2.34415784605489 13.811630219511533 0.5350610177708209 23.78463597952951 0.5310003608036253 26.038905463752894 1.240013325348312 0.0
821475 150.085026806775 2.34784414330788 2.871413483711205 0.37728490603138487 3.8030246177796005 0.3726123887496338 9.994378552511275 2.8084332736238187 0.0
821655 150.773928739101 2.34837089546462 3.408882440927424 0.37202134319687735 4.881721084722999 0.36633993877458443 41.61975930399477 0.82652803228269 0.0
821848 150.080721641964 2.35015886576142 2.2165169954142456 0.3706428857663349 2.8115958189125925 0.3662591780113329 10.158828433525777 2.983854931552625 0.0
822030 150.035016550164 2.35142553045702 1.7205773959276836 0.3723682694867675 3.100310666897943 0.3678740525525059 10.88964107213159 1.8667056443195176 0.0
822210 149.85954397028 2.35200811911577 3.6787888714779746 0.3954730712563107 4.562503716036537 0.3910600072443884 17.661848234035297 1.0879305090045324 0.0
822394 150.169077885847 2.35324362422041 2.847088010304723 0.3810398964111174 4.61021334412435 0.3766761193329053 11.080960340363973 1.433761332492009 0.0
822417 150.266756722037 2.35293053745935 4.201827943061794 0.4022329034360614 4.687784747883966 0.39808294295748947 14.324866485633612 3.9502843784631714 0.0
822496 150.954479681867 2.35343913003176 4.052443322709883 0.3817215876585522 6.30266334090826 0.3739602923344298 52.25177590052096 1.7328913466994114 0.0
822653 150.319569605995 2.35404685741953 3.786567452814527 0.40894275890378845 4.330730086782608 0.40469328970403146 16.730697874291554 3.064408746111043 0.0
823049 150.224972650893 2.35771732876944 2.2525433865642124 0.3874404366428356 3.087436830292959 0.3827990191602687 12.936890403852006 1.619338312738428 0.0
823394 150.708545640419 2.35753376142896 5.170350107130983 0.40975901082858096 7.742770117004369 0.4051507529236493 37.97475111523137 1.2485235317024215 0.0
823428 150.872950794017 2.3591644245438 2.397534879240318 0.39586737306924175 3.1864580901796296 0.3887926280964061 47.5449022770275 1.300130060951613 0.0
823642 150.920444969688 2.36095829740105 3.103858983579369 0.40791620795239997 4.301154887502185 0.4011990284023424 50.347042028850936 1.5434408540927427 0.0
823770 150.347067618046 2.36207998956419 2.99512373252652 0.40420060926966783 3.2075219153835945 0.4000234850462557 18.336380518432243 4.011838960824636 0.0
823950 149.837772748936 2.36198402293403 5.547283979458576 0.40049974701434954 7.846053648187619 0.39503542588700047 19.07483504727446 1.2004917092650291 0.0
824683 150.081478838862 2.36693102295766 3.3359478284463076 0.39479890658763905 4.570281060416441 0.39005471531258845 11.154599833896826 3.3414971527074195 0.0
824718 150.641720722264 2.36681339384725 2.5332696413772995 0.3860161167014131 4.5281581064725085 0.38095826311832054 34.31955099644064 2.329000722968463 0.0
824797 149.653222125209 2.3676317284559 3.3163470899088665 0.43290179971033976 5.415307171263616 0.4282543997817869 29.010206675350425 2.4707336131638806 0.0
825154 150.488913369754 2.36877594788519 1.8062589483983216 0.3931411516880342 3.0779461053417223 0.3885249020222883 25.87113937079583 1.0452564748329591 0.0
825173 150.340772765741 2.37080024758255 2.719596601489988 0.37794631442836574 2.9390928450666185 0.3735300686059975 18.35122604915116 4.315381666989388 0.0
825408 150.079770784896 2.3713248033079 5.999874571635264 0.40794501606621425 8.887937112305229 0.403654662086602 11.427361165243253 3.3288913500235977 0.0
825481 151.042248319221 2.37231636544037 2.160059236211981 0.39821450823081855 3.957643447256754 0.384540394340528 57.63345543947018 2.793796183810384 0.0
825487 149.650343696075 2.37284282514944 2.185853874061925 0.4311125834520811 3.046465154641126 0.4265268193134263 29.290419465058413 2.605893944125027 0.0
825732 150.09881220056 2.37381774701063 5.184189757743929 0.39677360573118814 6.463870480586178 0.3926460675976236 11.512618396789364 2.778429621962361 0.0
825750 150.348160664438 2.37347895998697 6.667162910408519 0.38781941611266796 9.790293972133032 0.38352878520421374 18.799433012848812 4.247714639583866 0.0
825767 149.648981706837 2.37463761603585 3.3708398854095774 0.42712433187809756 3.797322557961427 0.42281313184677044 29.407743939497795 2.628341321084715 0.0
825831 150.735874563878 2.37484760130943 2.2894381631160745 0.3693466783136671 3.318765860955122 0.3640315530497767 39.84057200856707 0.8983033551451376 0.0
825894 150.356424753797 2.37547775619748 1.7299608389072123 0.3828785820081133 3.0330921115394633 0.37810625708142265 19.265960227823445 3.866682231861513 0.0
825923 150.464748699211 2.3751363791333 6.642911475375644 0.41149480284835993 9.565183243978652 0.4072961068864724 24.749859353121007 1.177072680073569 0.0
826257 151.079752786262 2.37739720158031 1.5718323695109668 0.39957154437346565 2.826094079535545 0.385608582054883 59.89783873926757 2.045843003833127 0.0
826641 150.316083864354 2.38019696001374 2.7150296493937582 0.37984388223901905 3.7548897294811874 0.3753930637862869 17.587501566995083 3.6552337633406755 0.0
826846 150.29050681021 2.38143754906812 2.755597337054274 0.38460804049868696 3.770727771568846 0.38036841486649003 16.544425423150948 3.109539707765137 0.0
826868 149.795600731476 2.38170885233166 1.4862755495988513 0.4142576985960989 2.585949141337319 0.40924361079245847 21.833550182627995 0.8503942691343848 0.0
827195 150.301030782446 2.38374090519036 1.511258574008752 0.39180902413117685 2.427370640185075 0.38771529609038524 17.083784293829307 3.298840741859406 0.0
827257 150.208135845354 2.38387988995948 2.274776677347326 0.3695280226454045 2.9547328068786163 0.36407217285897886 13.741535133358633 1.1117958025780657 0.0
827613 150.421937255443 2.38551117839905 7.816487657660132 0.3786993836361795 14.554974569661205 0.37329120276358213 22.840884120265393 1.4294885888037294 0.0
828350 151.017920116274 2.39045252984341 2.2699074111009496 0.3593433330232069 2.6485949983377366 0.3476751410505796 56.435452898034306 3.5104041743718786 0.0
828418 149.963325824386 2.3905416921868 5.303365294307044 0.3996002442860527 6.756279696074525 0.3955261603309773 14.959492700166074 1.478425513850897 0.0
828443 150.389280055548 2.39138020342748 1.9809851819994728 0.3639636381835703 2.2824904352882047 0.359263537041935 21.416972493536164 1.6301589178455336 0.0
828695 150.665733255869 2.3921220164134 2.8151970859234017 0.37777255182707464 4.820943775780892 0.3723222209446102 36.1854568238866 2.77799444297869 0.0
829001 150.706234180736 2.39451823818268 2.281890577121932 0.37879409451086393 3.9355751312824943 0.3728769285952357 38.51799980310686 1.1147073138453258 0.0
829031 151.031322413998 2.39413099642851 2.606459060052164 0.3658388418982933 2.987325530321215 0.35352202692618245 57.267826378428815 3.881127094915077 1.0
829216 151.011221508255 2.39585062636157 1.7329939903231208 0.3584842878922564 2.0564818537225333 0.3472372095959397 56.117005359381686 3.603618785805349 0.0
829283 150.873232922099 2.39594503960001 3.275098718857556 0.36917898762953266 3.692395908991749 0.36083509360929555 48.102303022811014 1.1701891884210929 0.0
829493 150.659962634319 2.39758722538539 2.411110284687757 0.37974493225118006 3.2739165636168606 0.374782587927879 35.97794638683031 2.9816505364446737 0.0
829769 149.925295926999 2.39919639604088 2.910677211955937 0.39525943148379905 4.849910000229635 0.3909640520387918 16.72172466378741 2.1984367200664248 0.0
829837 151.012273047617 2.39870100128104 3.829307043272581 0.3618121804131383 5.494603190273145 0.350026817122941 56.217642457067406 3.844395281153983 0.0
830027 150.313482121718 2.40097510108856 2.4693114449959266 0.3388043776043372 3.5191105689625446 0.33555971891992525 18.344319988993398 3.2706498917447644 0.0
830098 150.086328235707 2.40105227954927 2.5735913632468868 0.37185215652732057 3.970067436280799 0.36676994149294617 13.171996863671533 2.562184908910704 0.0
830157 149.929485202394 2.40169512356106 2.2666567213144266 0.3928966183120188 3.152824685567697 0.38874960480268755 16.6837901642127 2.248191088228507 0.0
830227 150.29860794284 2.402555361741 2.680260087262047 0.3879613145356389 3.1584932255251816 0.38356647662998217 17.80404753316589 3.042349435482414 0.0
830416 149.913787734843 2.40331673251958 5.267384578571641 0.4165443199371756 6.47494861036858 0.4127235064395668 17.350809627381548 1.9491021819223797 0.0
830923 149.952036810608 2.40583156498911 10.27674376754365 0.39969401200629223 12.263650822293886 0.3957082173765285 16.09783865767792 1.9610757864425887 0.0
831202 150.120135797233 2.4087016158652 2.4105029305965946 0.375544928993627 2.7744207279213486 0.37103096960787846 13.65888030774212 2.246299689818177 0.0
831282 151.029340003364 2.40886022156884 2.4972849750868873 0.3772076330240102 2.7307780534803343 0.3641933784651268 57.35501036731784 4.808752927961501 1.0
831291 151.024991048112 2.40844604861039 4.76076793653682 0.3765025079826924 5.74264187148839 0.3652819451497299 57.0958564650502 4.85168205555148 1.0
831319 149.660011404967 2.40928272961802 3.77675370322779 0.405591363321878 4.77088821788255 0.4004520143641476 29.696169596563912 2.2823524964349926 0.0
831664 150.114464621261 2.41161135580057 2.460374534446281 0.3751192341075571 3.080923295166037 0.3705878812515942 13.807273622087035 2.3578329218792775 0.0
831742 149.676573322286 2.41199423186628 2.318269847684419 0.4005396138232678 3.8042119022956813 0.39563193206720393 28.89514381195142 1.7145181385024326 0.0
832281 150.661165190003 2.41440146521487 8.55626122177121 0.4026715233387967 13.826415793226099 0.39798112177627254 36.41934902666994 2.775839799688003 0.0
832536 149.604409435175 2.41706544916931 2.7980060938543385 0.42768062946947977 3.7438768897571055 0.4229749848883793 32.89051730864256 1.7322431184500793 0.0
832542 150.118606424791 2.41667920488855 3.4460003455629336 0.38018730476011336 5.333714949709412 0.3757749047267917 14.128190849441816 2.2033220384580083 0.0
832683 150.310185367597 2.41810015528313 2.861261828144223 0.41092018749256004 3.042446731122302 0.40694814494802034 18.961916972999717 2.521247119263785 0.0
832861 150.491710060702 2.41887261955189 1.6249655847281588 0.38559742517009504 3.0172968901529593 0.38100045762427476 27.451183876865315 1.4140351029751004 0.0
833001 151.038814871198 2.41796762220319 32.14578398583643 0.41459701259444354 47.76478851790193 0.401389419369301 58.037698529573476 4.610049015835113 1.0
833038 149.941955954878 2.42023527093379 2.7626821463783546 0.39995967265553606 3.6760255088968417 0.39586218772562387 17.15204033621328 1.8936727293005762 0.0
834302 150.526570355439 2.42837195597529 1.7727891833260672 0.38644949172795606 2.9552275931738854 0.3811997350378169 29.540122852626673 1.5544859336118273 0.0
834626 150.632926240933 2.42960917981116 2.707892184420388 0.37382246612019737 4.400449186913418 0.36836314783846 35.23630136029845 3.3859998744484896 0.0
834683 150.051451308507 2.43036619480042 4.737128561267859 0.3830367990938712 8.302954213001094 0.37764262399733745 15.186819188230553 1.7417417902982275 0.0
834737 149.676024855924 2.43129946136628 2.076156630633583 0.4216862263871637 2.883966487363888 0.4170362417022365 29.49421962851549 1.464972089659708 0.0
834838 149.631736624368 2.43213902766244 2.4667040786895353 0.4463883035281126 3.4698312168492054 0.44158148199754427 31.834637008226785 2.1592626744486836 0.0
835191 150.616110618199 2.43385861927063 4.369771791994046 0.41086969090977615 6.4747469386792735 0.40625150278838723 34.43595090224532 3.1530923580755186 0.0
835256 150.630565180469 2.43469712846328 3.0205360137457946 0.3782471013960563 3.6390017177163414 0.3734727072839572 35.23825143834352 3.5313391712506657 0.0
835284 150.471034054099 2.43475502588473 1.2727244308741483 0.39188964462313963 2.127766073502401 0.3870290598215702 26.923618812161504 1.5339835428985993 0.0
835383 150.82541318752 2.43513826162117 3.0529167148607876 0.3521377992273546 4.2269207358066945 0.34462324061369287 46.06643206356777 2.012070479981585 0.0
835543 151.03885196653 2.43641029068178 2.024559711668758 0.3593567560951851 2.6166708303583155 0.34257518633439504 58.319365225538 4.573386043849335 1.0
835665 151.017023823202 2.43691703891315 3.585859201658684 0.34894746940611665 4.337560679273128 0.33296404772976296 57.065545414072126 5.755311455465559 1.0
835792 150.995059563932 2.43786233549611 2.605993465503704 0.36266479451316563 4.115366547348742 0.3468339030523403 55.81363790951096 4.712012008961312 1.0
835849 151.02668541221 2.43783842519732 4.805482740038447 0.3698102539812935 6.767889170901351 0.35360408612359806 57.63846036519539 5.424040728750908 1.0
836278 150.612308198781 2.44060090546273 4.981771284619011 0.4039845522938203 5.733768777596594 0.3983839310472133 34.41174171545667 3.2351132634628694 0.0
836434 151.009569347623 2.44143681179855 8.474788621917652 0.36819173616256684 10.086867385699186 0.35259915333316266 56.708895307871856 5.614045668344451 1.0
836503 149.893592025352 2.44310591354315 2.7707122894438667 0.4095924006375649 2.8445868209196874 0.4054102371638892 19.966583347541366 1.118426035505118 0.0
836618 150.986130255058 2.44301678080332 3.5462158886179163 0.36788719002300363 4.467345251744067 0.3559519129372321 55.38574601976368 4.015923711727394 0.0
836788 150.912904567158 2.44446875811557 2.1673662895794266 0.3521016219337231 3.509490000594906 0.3432225616658188 51.21677955868034 3.4274869724038344 0.0
836916 150.043660408111 2.44587673046145 2.1403838423144848 0.37569638430441665 2.339462503341963 0.3708557270395002 16.19213380500621 1.808850139113347 0.0
836918 150.828222566651 2.44524288314941 4.347449627536343 0.3627833998766204 4.654907658150693 0.3560412378407145 46.428099748624824 2.3488552013575625 0.0
837061 150.820722040055 2.44584831838504 2.792351459113787 0.352320180172103 3.5960578955356652 0.3455670457021369 46.01799957443173 2.3613912820881855 0.0
837062 150.390273889919 2.44531848938568 41.555745871633306 0.4071966138317931 47.01623661796677 0.4026292398208833 23.506477208958362 2.1854301169131243 0.0
837199 150.579850957576 2.44763917786382 2.6204527086404643 0.3844512530647064 3.009024851565316 0.3802225482199786 32.88933760928952 2.5971646384783957 0.0
837463 150.506932335504 2.44957679640696 2.266590878730931 0.39292492304387616 3.206465671421798 0.38804030981651993 29.20652668434909 2.2216416669366983 0.0
837789 151.011783465169 2.4509078206817 2.6514273621046214 0.3720565742234373 3.1301587215278697 0.3601185237083082 56.994653557492676 5.445505213713993 1.0
837872 150.203527436571 2.45209417788556 2.5077472142641537 0.3637979164713436 3.059331255893644 0.35884737507923653 17.35662910523525 1.3348234397720142 0.0
837943 150.315509786607 2.45214963386815 3.6357348205246502 0.3924929646476307 4.448104391271378 0.38818125898896333 20.730786853524464 1.3525275797378664 0.0
837973 150.91739702122 2.45187741839434 5.54171378898245 0.3646585252988727 6.133605923527182 0.35696768442987364 51.61076023780198 4.059547514932976 1.0
838019 150.237833210364 2.45291442449969 2.752713256930899 0.361472581402053 3.324433111687196 0.356562674266981 18.237594489480884 1.3655008915104034 0.0
838292 150.450797203822 2.45437307385391 4.1657136543650495 0.386987702969272 4.803465654795273 0.3827217208881212 26.635842206899415 1.7621277965470865 0.0
838328 150.819556588163 2.45458136495739 1.5142276601304823 0.3605737375577913 2.5371164137413915 0.3541270419940991 46.13545132227315 2.5522939579808384 0.0
838460 149.729824948936 2.45533410533893 2.4455358262272724 0.410370351601576 2.974146055206274 0.40586917378397686 27.59653866246877 0.8234013764173603 0.0
838517 151.085202522312 2.45568212457223 2.34064021075499 0.4010206779275193 2.9881129707848006 0.3874798651128152 61.304778622952874 3.4386886409259922 0.0
838644 150.882873473005 2.45632375495135 5.1993497961878985 0.37616772156427236 5.548250253904185 0.36887501637042575 49.73743452043334 2.8867860079145156 0.0
838808 150.657349990576 2.4580125349763 2.738128608996651 0.3814270252829715 3.0205945445794575 0.3763317119730867 37.293896084277016 3.125808274822421 0.0
838824 150.935490295123 2.45789436545573 1.9327859797705529 0.41310948922322893 2.355763193177143 0.4057237491576064 52.75386264702082 4.2197123750608165 1.0
838952 151.006235332941 2.45875138448731 2.5838291666975888 0.3813081611927696 2.7470584840590537 0.3691611507416633 56.81137451181839 5.12231554872546 1.0
839238 150.137466711998 2.46063969279444 2.0859837513295836 0.3701970904395271 3.578382338887092 0.3651202670744268 16.871898682727334 1.2200391379871276 0.0
839334 150.206676577533 2.46135676028295 2.864557290887522 0.38534584693946133 3.1987124539745873 0.38064368290926265 17.943153967659953 1.4206389049709283 0.0
839398 150.532772408244 2.46158474942042 2.220554573139178 0.40744772374015714 3.853147399574378 0.4029146006568741 30.89754778037454 3.0990121600897984 0.0
839455 150.90329784123 2.46191034680697 1.3827619377234877 0.38653000359986767 2.0915616771581753 0.37910361106819146 51.00380627291141 4.176314472078937 1.0
839574 149.753856104123 2.46266961519175 2.8523059659810337 0.395684929404075 3.88077329003324 0.39060260848604106 26.726969360341744 0.8982772338340803 0.0
839883 150.383164712496 2.46425859119219 2.324743969348774 0.3911130237555887 4.0468857482252805 0.3859614430498972 23.98136461535357 3.2801812533184145 0.0
839913 150.14685903569 2.46508971981826 1.6437256193750307 0.3827354871958238 2.257508101534774 0.37731014197257134 17.21941490022653 1.1675795882427016 0.0
840115 150.530026840137 2.46562468297209 3.0709372774381194 0.43040724479143516 3.974353466159953 0.4259367316340194 30.892319187091065 3.2593834474999577 0.0
840170 151.062587167692 2.46535721263444 6.734454767440373 0.4062181472990772 8.558601534242449 0.3924406111108612 60.16093773846009 3.322092636407075 0.0
840256 150.643857271916 2.46634195362838 8.02843622315509 0.39607129307179856 9.068895553631098 0.39126591496004465 36.79989551681188 4.189422785946801 0.0
840314 151.078495649051 2.46708546163286 2.101819859579125 0.41219368362872755 3.0392936541169036 0.39336047344167085 61.10528103790652 3.2132983112791855 0.0
840352 150.825209761084 2.46760403211191 1.4331790312621102 0.3848693354007201 2.415108264775063 0.37734409464464763 46.7331875494303 2.6149441095376207 0.0
840385 150.368893433963 2.46742990777116 3.831164172477251 0.38968543261988176 4.950493893402072 0.3848061129065057 23.52172317361809 3.463245424615305 0.0
840458 150.526268092599 2.46825978473303 2.324377553069437 0.428945306690818 4.125761663925855 0.42412078397248165 30.792425258326745 3.3383519071549834 0.0
840642 150.032701270647 2.46893513060144 5.37063790504526 0.3908710283260872 6.763644488322882 0.3862278246460863 17.68578820872996 2.007268120535682 0.0
840804 150.255809692361 2.47058663058077 3.4367588094661534 0.38578791345736624 3.8070013256476236 0.3811385336658021 19.676974492979507 1.0235472405498234 0.0
840808 150.882513226637 2.47037943957736 1.6752345094320358 0.3943287659242659 2.6613435959027867 0.38489889109233916 50.00241908568029 3.2781255920151566 0.0
840893 150.612736585655 2.47110400344096 2.578000790415387 0.4303071240405758 3.8112914073780697 0.4250733650024741 35.29705010548368 3.8199213392270446 0.0
840963 150.915684226822 2.47038755352011 10.61060204043605 0.3896898052659288 12.9244230474894 0.38092021255118763 51.872860359059096 5.038209349920712 1.0
841255 150.464186465829 2.47289928988385 4.6848850036718455 0.44180992549189296 6.596671748431529 0.43753010035196044 27.95430100316441 2.574616016558731 0.0
841424 150.214058492237 2.4749297750224 4.875273208004513 0.28773035566816374 9.124954758006279 0.2837618005047593 18.862175654250663 1.4298063598719812 0.0
841609 150.877907751256 2.47582904800185 2.943798886167199 0.381722593285764 3.251227577694693 0.3731478408978694 49.85808827675128 3.1778161211908067 0.0
841811 150.629688327007 2.47638451740799 6.724547254331238 0.42033970259996095 10.689658539781705 0.4157804164380509 36.33844197131369 4.490238072523698 0.0
841936 150.865218757716 2.47774052865689 1.942811401752284 0.36944632086944046 2.7665584788393716 0.3617330298993638 49.1885128195724 2.8930524925551238 0.0
841987 150.44267342198 2.47854973203928 2.6798749680054974 0.39468596154908225 3.2456371279621083 0.39053335866395983 27.179760443308403 2.764086431451536 0.0
842108 150.75090661432 2.47903162474861 1.5517490002321324 0.3694738089142353 2.258393062691955 0.3638404069650774 42.90057447448574 1.8302601171570045 0.0
842175 150.498896654312 2.4796529455669 2.083746761066291 0.40472736649018126 2.8987364061984615 0.40015394544910465 29.8487400765379 3.214038388747467 0.0
842216 150.12722315915 2.47993552171528 1.8245906286936078 0.3918596665599599 2.6808724140797953 0.3869610071373708 17.953796195535123 1.6227507958219831 0.0
842262 150.050362680582 2.47974187555902 5.128947738104318 0.395059427562598 6.086321739825027 0.3907270647819755 18.11394858635489 2.3168929663286377 0.0
842507 150.757382148637 2.48165228289468 2.2423430351117024 0.37923737955762404 3.0351216285991005 0.37355672794574823 43.31899062350523 2.2299865352364963 0.0
842924 150.396953523053 2.48421744507443 3.437048793096118 0.40672060145366506 4.17640409564883 0.4023486951626781 25.41366719008178 3.666851930371647 0.0
843015 150.171343674684 2.48459329150062 2.7047066005171243 0.38844579729757256 5.013780587519328 0.3829842992693476 18.655831975538398 1.2973692279793152 0.0
843131 150.991494009668 2.48510318897841 4.728374389211482 0.3904040978235463 5.140830897068413 0.37853815680288927 56.45573830966833 4.925708106555381 1.0
843145 150.925525621909 2.48506552174338 5.4124482770795215 0.3781695005484768 6.464673483842227 0.369933774321774 52.72643332171269 5.374919131147989 1.0
843183 150.36273505511 2.4852613935924 3.5816373567874953 0.3999107371857125 5.611124303802364 0.3949171118292745 24.068622283579327 3.901505659250522 1.0
843254 150.991806049739 2.48619348809623 1.9472825275654586 0.38869858626848997 2.5012554117941614 0.376305052633336 56.49453229449046 4.944745479267328 1.0
843353 150.995585695575 2.48687164435829 1.332789719039219 0.3893756035622094 2.491520746977641 0.375036546916357 56.722113226937545 4.9805209985467656 1.0
843674 150.565174963349 2.48902842269873 1.8861823597454037 0.3987377900075232 2.831363880490887 0.39379948232040435 33.42427932381595 2.3136768401336973 0.0
843694 150.996111794439 2.48904572148095 2.333734244621686 0.38896162720687294 2.499952373253671 0.3756292406728449 56.79411477413901 4.994689020692288 1.0
843908 150.939487869341 2.49045543528679 1.7537027536401195 0.37346942782705606 2.422400492050281 0.3633997681370742 53.623560189513896 5.443232367983518 1.0
843974 150.349618351907 2.49093057941751 4.141245813638172 0.4254562255917342 4.627495502847483 0.4217277329731774 23.825216974105683 3.3686236827442957 0.0
844082 150.086262928874 2.49092748181517 5.923373961667084 0.42115337023281635 7.899628975633283 0.41696957033097753 18.55726481788728 3.192928277430951 0.0
844137 150.354233287114 2.49177275119175 3.378155871267371 0.4280205503094815 4.7483049484440905 0.4233739541093456 24.039007790288995 3.6315821830364587 0.0
844175 151.042445870194 2.49173729126618 2.456514961915608 0.38665329946194377 3.9298891867819594 0.37177600376419195 59.478643289599894 4.234546817320775 1.0
844317 151.040394630874 2.49261526770666 6.43602008073073 0.387638038874447 7.3696710456620504 0.373711361325055 59.37834177461938 4.332055172283921 1.0
844572 150.993911448069 2.49279225381742 9.783508134181782 0.3956444078509644 11.888261534096303 0.3812491676235791 56.74277579394408 5.00651874971092 1.0
844835 150.399318169479 2.49603589626112 4.015618901030454 0.43470314331343646 5.28461231356492 0.4303219858260627 26.02197703547259 3.972722905254141 1.0
844918 150.782717238566 2.49647321205977 4.696515106105249 0.40099272658983903 5.856977747945818 0.39569371359065375 45.070085612884206 3.168170980664715 0.0
845020 150.441774499332 2.49695228548782 6.448521975804615 0.41715781001252955 8.23740538872503 0.41225526897901343 27.87546134525345 3.676335488451811 0.0
845182 151.042218889156 2.49873322931428 1.8901004078572226 0.37706632279333346 3.064696551616936 0.3626616865892276 59.59812060331563 4.389190868477594 1.0
845233 150.775456769247 2.49880204186868 4.973870036468348 0.40356579897599654 5.71731107852385 0.3982455971606038 44.734359731975005 3.2075803431951733 0.0
845318 150.505922193632 2.49993622071827 2.365410374840767 0.3902147825576112 2.7751175542560405 0.38545478667209343 30.922783947726213 3.630484934383284 0.0
845320 150.111038877218 2.49995928943284 3.441350726491594 0.40298350872467437 3.9684828861630446 0.3988810932007397 19.092363430649982 2.5037728073392738 0.0
845511 150.509438009178 2.50125630061727 2.0630723003539804 0.3904574268056785 2.5221813819666696 0.38556833980455135 31.137587484420532 3.61343703412428 0.0
845699 149.893522779409 2.50219444101367 4.160405766007562 0.39945312794434823 4.984487083991226 0.39496071527442805 22.856897057931462 0.701295444865124 0.0
845776 150.921305221881 2.50222625641282 2.629752140166955 0.3902498995802932 4.013889313053953 0.38109039951420387 52.85432777861788 4.383363395287825 1.0
845897 150.618669130211 2.50348076805737 4.629501031105722 0.4241190531694863 5.6293539511151165 0.4196710132573665 36.592772763369126 3.304114290584348 0.0
846088 149.882372836045 2.50515587868035 1.5103120615469445 0.40453160522154513 2.1518959529965156 0.3983490759173493 23.372899269766332 0.7023553048662685 0.0
846248 150.327979427388 2.50636700246965 1.813266109517643 0.39155633903512044 2.684714029542243 0.3865000169653782 23.784345452647212 1.928427955212128 0.0
846326 150.202850046047 2.5069271766508 3.1647712928395224 0.3806391663729944 3.594539095913877 0.3760236515611078 20.450600075534897 1.4552783542388918 0.0
846330 150.389806126465 2.50648368338991 4.33807526438721 0.41313553828115096 5.564290796468913 0.40871349051217293 26.09638376005264 4.488468416463355 1.0
846384 150.460859550487 2.50672556191629 3.3630324284075725 0.4093881771247583 4.985740395265862 0.40503452925284 29.116025699489683 3.8440405693987385 0.0
846548 150.800266578611 2.50823861084068 3.6246554015168386 0.3707494792822801 4.4704673873396 0.3647992223208077 46.32135211707967 2.610070354406519 0.0
846768 150.966766901612 2.50882493773127 7.739590887140633 0.36679607484026333 13.058594577771675 0.354849901473342 55.540540774064276 5.439726367034641 1.0
847306 150.063678213409 2.51401976313366 2.2677176617402206 0.38728782648828813 2.9292448205014523 0.38236436602167406 20.043149883832026 2.937581852695871 0.0
847527 150.887237712409 2.51524911038498 2.180666740081692 0.37563507421121495 2.5869578681339642 0.3678664369138276 51.256743559174055 2.8532385390248445 0.0
847539 149.819891291206 2.51504457858081 4.74832953581443 0.4025844278682981 6.486571529974693 0.3972756392138206 26.104111274136116 0.6634425678240928 0.0
847571 151.041427608765 2.51418065487517 23.032286942408586 0.38289242293351616 30.534171184953472 0.370222008288681 59.85512468873963 4.8272707324583095 1.0
847750 150.949291363586 2.51642449522434 3.8565455214954123 0.37430903901398477 5.243815696306408 0.3629836245918816 54.727064307261834 5.105510640980948 1.0
847873 150.449682852054 2.51705288971753 4.479167264588664 0.4196545815974204 5.853375652147245 0.41547561592461146 29.047060138939425 4.162592386834394 1.0
847980 150.449702730553 2.51778202233108 3.631310291001334 0.4203023381994316 5.038128069845328 0.415857631831422 29.078214944817105 4.15764834071757 1.0
848029 150.202042189176 2.51770967253337 7.155611005206322 0.38772332024183226 10.753616091550374 0.3825820977761006 21.054218236218382 1.5506083748841903 0.0
848223 150.968944254329 2.5194360677335 4.622795447436311 0.3688179977885951 4.843237245764444 0.35777699568168264 55.89000026978123 5.451950493770993 1.0
848340 150.05742545743 2.52089664906831 2.2822110417241164 0.3988944135161243 4.246203864455362 0.39440504070474425 20.496664993700456 2.6900947191826567 0.0
848417 150.630610248091 2.52093217627072 1.9708908693370246 0.4203268572357569 2.9222492992458426 0.4155390458148368 37.75641028386253 3.0598110731672397 0.0
848732 150.388726437529 2.52342396557904 2.3227977915032105 0.4069075073068813 3.194807758554526 0.4022762130683163 26.821442398850593 4.95753800909773 1.0
848755 151.028084511084 2.52316835066503 3.2432909403064967 0.39445819984299585 3.6418941870136416 0.3823166094289463 59.28536511308962 5.127972606560117 1.0
848770 150.393781066473 2.52325678245614 5.565376508440105 0.41342924702563594 6.893178490626422 0.4093015522659338 27.010380702439388 4.957492388550498 1.0
848788 150.390672479429 2.52383836657475 3.347751607960091 0.4130426295356781 4.155036565773026 0.40838440651724034 26.91582133898895 4.976066255982888 1.0
848798 150.505828361165 2.52265239656804 7.155046324476265 0.4351493604339013 11.805654415880987 0.430246879237114 31.777386227188163 3.472125447735578 0.0
848863 150.53982332224 2.52423628253397 1.6905233414945717 0.404688642080689 2.715561786390937 0.40000643964457056 33.421754885738665 3.0354009991093527 0.0
848879 150.845973716001 2.52382878103016 3.1474720979234574 0.4017193027843212 3.844484633599647 0.39337720574575613 49.200808820498736 2.481294908003626 0.0
848933 151.025551436305 2.52408667492567 3.5052740953693613 0.4091262349809492 4.493485033654064 0.394712548591547 59.161953352645 5.081043383070545 1.0
848986 150.952170639718 2.52463544082322 3.481364259026661 0.38250937248304845 3.854581110319035 0.3716733722127166 55.06958556099673 5.065360801631707 1.0
849214 150.602399470259 2.52577283329231 4.063435719002447 0.4151558546831486 7.567184983016847 0.41029755256602096 36.5062731747114 3.0714568770665442 0.0
849621 150.977719248898 2.52879831237744 3.2960830448974217 0.38869777063891514 3.9401435936142057 0.3776669074788305 56.58464810024074 5.09273708120048 1.0
849727 149.736695477555 2.52990885884008 1.618039865819806 0.41162811853834724 2.706649923649277 0.4069071844149596 30.17027472619608 1.118226151530832 0.0
849755 150.354238067745 2.52958554127301 4.038918151009712 0.41807625259013714 5.734037212744687 0.41321774020965946 25.83360044529114 3.2665339527275097 0.0
849874 150.887051554311 2.53059217844097 1.8777231072105647 0.39763922989843103 2.8339810080753907 0.3897207230523408 51.612431455190496 2.728347113298555 0.0
849961 150.993163001623 2.53079896320437 2.765066697698699 0.40566200694567184 3.324957826429508 0.393691353143426 57.49016396316437 4.49489349190786 1.0
850023 150.465648827328 2.52939651945861 10.326603455267037 0.4492748205490541 15.823050237878036 0.44511621576838845 30.250695897025338 3.5943975039243745 0.0
850024 150.564551875913 2.53183818280326 2.696627402424721 0.39316296400262624 2.9514787098535065 0.38875266210866244 34.87587049209172 3.3454068457125326 0.0
850033 150.728878904265 2.53103432310888 3.188803099114865 0.3875695407130112 4.035514503836916 0.3822717259671346 43.12838114398657 3.005549772600239 0.0
850722 151.04700956951 2.53620901291076 1.8390701034605696 0.40540877111889484 3.1740829075461474 0.39076726098854253 60.621029103578714 4.669956466646268 1.0
850762 150.547369236076 2.53681911524918 2.843446362912288 0.3885048058801847 3.144848247949309 0.3841176757457389 34.24394206829353 3.303631640392598 0.0
851066 150.107016936183 2.53864923981954 4.925757065001924 0.41001050098857506 5.641591923329847 0.4059490412981936 21.406421306782413 2.278595129135286 0.0
851111 151.069903684491 2.53890301508988 2.792511120472197 0.3943116550525706 3.349326120537144 0.380880246563444 61.963874159623465 3.4854690668900754 0.0
851135 150.756243768619 2.53902534815705 3.5165387116074758 0.37587255663762037 4.082521596163217 0.36935994930005267 44.79676958787212 5.19689131750832 1.0
851228 150.98116416192 2.53853052912601 3.8205824865656473 0.41667734994373384 5.35876855921057 0.4051655145546063 56.99319534249568 4.6096210557133315 1.0
851478 149.909288065828 2.54181649220864 1.9724989017747656 0.4031932047136486 3.0649538441739765 0.3985657855001999 24.432383261779385 0.7872522231352571 0.0
851519 150.614186896273 2.54128073910371 2.840889967053399 0.4159391160089452 4.298567412102136 0.4100769108456666 37.6167436529492 3.3207383339493157 0.0
851571 150.758852570486 2.54169049145783 1.7191854929213584 0.371186388456609 2.9403706516240633 0.36347553775623426 45.010610812125805 5.532935568180907 1.0
851640 150.088748300862 2.54237563419211 2.8278221020240464 0.39582223230050295 4.160725825424617 0.39131555013837144 21.636388332252967 2.38872992075237 0.0
851979 150.163433300352 2.54443665869584 1.905007905460665 0.4048967413494913 2.6968523630502026 0.3996186866846807 22.07947288949526 1.4814922138563544 0.0
852085 151.056531580613 2.54519051134806 2.875439550494967 0.4001786484529831 3.30114224167311 0.387789095036417 61.3451554756663 4.024461128303481 0.0
852596 150.276044380122 2.54890954723066 5.741495492252853 0.400391909338967 6.3021021595043205 0.3963459235173691 24.41654361463965 1.0504456671401519 0.0
852628 150.335502863799 2.54911626105915 3.5262744814743483 0.382279817876049 4.276179552400986 0.3780316109301208 26.16592139731135 2.810471028973628 0.0
852645 150.717696112812 2.54885984174843 4.972433323670234 0.37154126463480686 5.783954178911338 0.36612988712010686 43.08000627721011 3.285189286608987 0.0
852671 150.783188721638 2.54928415398954 2.278511609407006 0.3686396027191542 3.3600934549079433 0.3621610251095854 46.510197969402725 5.073071249356775 1.0
852822 149.792575060457 2.55060256169466 1.8702848751575412 0.3921551507645757 2.510663902581676 0.3859875498644717 28.79109023200696 1.2748718930990601 0.0
852859 150.343003610573 2.55079700915946 1.9425298901750203 0.3693399782962746 2.498570876138163 0.3649430077891555 26.495424909083294 2.9806934673575634 0.0
852954 150.92381675405 2.55096986453602 2.5409134220046155 0.3880541181469535 3.01678341008923 0.379545658835394 54.12300467778137 3.4272702275721727 0.0
853070 150.39618714901 2.55158429049128 3.417980596740985 0.3928793156175683 4.912262834711619 0.3869200005605453 28.41052466132661 4.315387049614588 1.0
853071 150.753498254688 2.55159955755968 2.7473746573823696 0.3580296891725136 3.134666221915143 0.3516735631580266 45.01899913950177 6.598442752045609 1.0
853077 150.284977395578 2.5514183716942 3.1140129229170794 0.39567204005973383 5.282567694150468 0.39019776408070134 24.78727396474727 1.1500913916134075 0.0
853118 150.852886250709 2.55147758387214 6.354847041610188 0.3626001202931436 6.9896838271233594 0.3542417922644387 50.28643776080327 2.889926586731665 0.0
853345 150.33710636449 2.55356399779973 2.887853179671959 0.38262618305470547 3.2633845128835843 0.37786282369755086 26.442536258754508 2.8496144370088676 0.0
853351 150.395764080343 2.55311152831068 3.9202894301959565 0.3933786697679488 6.3404375533655415 0.38815633089476476 28.466305083947823 4.231144417931399 1.0
853378 149.674886845182 2.55371198376086 2.3604268740142156 0.3882369815954902 3.7654293313918723 0.3823054300028816 33.86803026353317 2.7801470221892624 0.0
853576 149.633460040302 2.55468099152424 2.919998716863216 0.3845095481959938 3.7088234033548617 0.37910944020880016 35.81048217115595 2.734159239340928 0.0
853735 150.883409649093 2.55538742871487 1.5364448816397223 0.36716561106436557 2.7546838840155083 0.35867574234200933 52.03559721257869 3.041597119411066 0.0
853884 150.038267141675 2.55593674645704 6.805203590324522 0.3921048262061309 8.857867587167185 0.38792854318213177 22.742664475066512 2.522778532041714 0.0
854199 150.11426843273 2.55856427056758 3.0124405622044583 0.403210357893391 3.6766634913002703 0.39820314480956737 22.613372980121596 2.0065412817120705 0.0
854425 149.604883068558 2.55968471577895 4.189981020540504 0.3721252353191934 5.32492943105804 0.3662587912437096 37.345269999347856 3.56305667963192 0.0
854431 150.745612010939 2.55982558928113 1.5466397078404701 0.35667482673733264 2.7179758609731945 0.3501077620612513 44.855536380978144 7.121453869877139 1.0
854508 149.531253532579 2.56035822884923 1.1633627083590414 0.3680397409421646 1.8000547352825305 0.3597465637597041 40.96355454940836 2.4074563007499377 0.0
854572 150.771063534731 2.56044488328151 2.4092901746698914 0.36944260504021625 3.704003726243047 0.3630027051279656 46.19674080294771 7.625038590523427 1.0
854677 149.609367994715 2.56088836541573 3.07209200901257 0.3709848309494476 3.8330931299548228 0.3653834900683588 37.17605262861784 3.4573796552162217 0.0
854709 150.414989497113 2.56049051561092 4.039751174800332 0.400262979973682 6.797254963140002 0.3945912416891168 29.5371479487295 3.3625831247854956 0.0
854782 150.475516132488 2.56093667276392 7.792970989024047 0.41085026363106414 10.38267094751986 0.4060997425399966 31.997810969551704 2.2603374069585267 0.0
854881 150.878588915089 2.56239280652706 1.441575111751806 0.3538586042005835 1.7976850468894257 0.34592876551747587 51.958090696315686 3.2983876907420924 0.0
855051 150.103141371808 2.56276944836723 10.48645055422379 0.4026880655247049 12.540406078665772 0.3981490433860665 22.850276269331825 1.9753882389597446 0.0
855107 150.945087016132 2.56280751521549 4.810970143825674 0.3856074948873296 6.9824641648212795 0.37526054983153323 55.57705068165508 4.658773138382451 1.0
855138 150.151326219071 2.56425963217421 1.812388754790387 0.4235685730922437 3.0701055889166753 0.4187794125893184 23.144354072204298 1.5302537562847138 0.0
855267 151.008805455539 2.56447173763194 4.080782983608839 0.37581772093663385 4.617297729845796 0.36046782091593604 59.11858165075245 3.0619962547611133 0.0
855310 150.947548484808 2.56463171337238 3.734100325114725 0.3653282664662639 4.535362205982127 0.3533962629873311 55.75654723314973 4.719993455483925 1.0
855339 150.404447014548 2.56506042102704 3.712425407065906 0.4038202757883214 4.454834240004774 0.39860022623618174 29.351379480227937 3.4315579464732267 0.0
855508 150.413577375785 2.56643610697461 2.62051134077041 0.38917308722310917 3.4251910502901284 0.38367265355133795 29.75875975991812 3.1273111507129725 0.0
855684 150.586309007598 2.565909411763 2.1605532858070147 0.3767488148939372 2.99353351902571 0.3711028347157936 37.15734166599243 4.880255652053061 1.0
855948 150.85115106184 2.56875663487472 2.5205308050903623 0.35807767176312877 3.1356646349084993 0.3497129459878593 50.65934056791873 3.5788160615833067 0.0
856034 150.722680518043 2.56907190144789 3.9293328860170758 0.35516448623216124 5.4861790230869945 0.3489030730021211 43.96534926816172 5.391976848876651 1.0
856078 151.05053718586 2.56961093615152 1.515221837097488 0.3945737088632639 2.444934955098177 0.3755863923454322 61.5475475789497 2.759827075858436 0.0
856114 149.673342747449 2.56952389754799 6.087849103587046 0.3921258994755614 7.204125294125712 0.3866282672675225 34.56857969847236 3.5688658997454823 0.0
856250 149.911055332496 2.57081019471201 2.6336200926627997 0.4046032351857342 4.772512641900517 0.400125545655049 25.93604673618785 0.8832962033075052 0.0
856360 150.603909852984 2.57147553202115 1.7525840282896499 0.36109222817019304 2.5397130058068473 0.35550892587723015 38.194227267304534 4.529797181084143 1.0
856423 150.197377082118 2.57223810216725 1.8164298318414354 0.37536882102864355 3.3169753110341826 0.3704154197266027 24.13425596989649 1.6618266346481405 0.0
856437 150.779590279519 2.57190552766588 2.234179843983766 0.3649678561326186 3.306594928461767 0.35847409827896254 46.98105023811696 7.676948628365667 1.0
856504 150.578986672681 2.57253702898808 1.7852042398597638 0.37088212798583753 2.4148541952815497 0.3653017071335313 37.064034287790825 5.068048706071027 1.0
856510 150.202644819855 2.57195411542097 6.074662261469755 0.376042895170485 7.801727315928611 0.37142286650658973 24.19609928920781 1.6593360706027838 0.0
856544 150.059775336252 2.57285679488162 3.0458959155783676 0.3891683124178377 3.9391112924100438 0.38491643376668294 23.578373900734643 2.221690373018612 0.0
856548 149.64809585516 2.57291972667471 1.7835211008330736 0.42126119772368703 2.510756082198569 0.4164443583160071 35.83596730834145 3.1820586511225057 0.0
856665 150.780952053302 2.57258113494578 8.415444102844905 0.3702910446107022 10.018052216756605 0.36435172297186696 47.072021489257295 7.494562023327446 1.0
856738 150.763012764737 2.57389692895969 3.2282281278760303 0.36641734444583884 3.7144702106554175 0.3601642727928959 46.18262839360644 9.486717459761893 1.0
856872 150.759904092391 2.57349756118175 16.780752071203278 0.3744780175276386 18.622907106897514 0.3681837152874957 46.01010385585774 9.532694394107239 1.0
856878 150.991817633805 2.57388891818889 7.317826503330767 0.38711175856749414 9.731185749660634 0.3747769245448232 58.40644437705499 3.8113238136071623 0.0
857280 150.534632147387 2.57717728852289 1.5775814860566442 0.39663355282419577 2.723232861761955 0.3916169065782127 35.2311758033351 3.527136102884851 0.0
857438 150.820566359316 2.57780680554617 1.962018696320521 0.36379341521688924 2.393991857591832 0.35601223026896506 49.295961933801216 3.4491180431481836 0.0
857572 150.596452289752 2.57804546096115 3.54902174959385 0.38165316575620417 4.68444473319396 0.37595946655314155 38.08629112480849 4.9974151041276995 1.0
857618 149.789579033062 2.57858766715093 5.3340576994937035 0.385910174728008 6.8018929515563835 0.38019432339222875 30.210487142839312 1.5072597736639315 0.0
857991 150.955548509641 2.58130709664966 3.2849848400336197 0.38586909909232814 4.451720760637002 0.37573215769566126 56.60982674429684 4.410816043903044 1.0
858155 150.35075150946 2.58155497571147 8.970382524818984 0.38651824460018136 12.184575260829654 0.38178296219628616 28.299148154498052 2.117607734904626 0.0
858349 150.885162411475 2.58355366507481 3.065126047853887 0.3847704073982117 4.309340916337403 0.3756257137204703 52.87841440873318 3.446749432188453 0.0
858353 149.727157261506 2.5840164861677 3.639082110129476 0.40991498766915263 3.953240282040249 0.4049375426669146 32.88704691093033 2.690113056383339 0.0
858489 149.811484937863 2.58476992965644 4.698895016214114 0.38943064820129064 5.048440491821073 0.3841880306181724 29.720599865479908 1.5213449555071044 0.0
858545 149.702604604063 2.58548819210985 2.9749065140237563 0.39549401239785087 3.842077005144444 0.3903685404039055 33.96746284527707 4.037866720922211 0.0
858609 149.805670260388 2.58592766403502 1.5987665905367805 0.3877603818997662 2.6981176457036535 0.3824029506964773 29.980925376770927 1.5555870659089523 0.0
858817 149.686987585413 2.58701857740476 3.614175932762829 0.392531309317367 4.209483777946702 0.38754579978383924 34.69475418169166 4.200975258364557 0.0
858907 150.506762585317 2.58738756936733 3.0828509634181973 0.4053695356131863 4.303336993597977 0.40049428254012537 34.44401315257839 2.598827592962736 0.0
858990 150.573115538857 2.58818365563269 2.5413707655104454 0.37201849121117303 2.8549461154478784 0.3665662346692417 37.396899128756495 5.193076825414415 1.0
859065 150.740390741691 2.58841957325642 1.923846988042743 0.35846084657956023 2.7650606751742783 0.35262350127592634 45.48183269126266 9.072781570825674 1.0
859224 150.762301960261 2.58926974435512 3.496676481321655 0.3618189017389338 4.126287667893579 0.3548755938940343 46.622583870062954 9.498706381988715 1.0
859267 150.736897527639 2.58885792758222 5.972575591905642 0.3640579617487966 7.72273371236551 0.3577974943657189 45.31937196827771 8.64744994080443 1.0
859383 151.071869139005 2.59022443133386 2.085464561839033 0.36518222586891363 3.738614639979171 0.349796718013321 63.201989400421844 1.7918568624104352 0.0
859409 150.02409678259 2.59070613878954 3.3183955401645404 0.3866545963954908 4.383497714508229 0.38206020091218723 24.944231212148974 3.0779885909433173 0.0
859616 150.966366076287 2.59105127292769 10.196118741310352 0.38270477049534396 12.422377492280877 0.37004830358204305 57.44522634890395 4.4484238653689125 1.0
859708 150.650821867312 2.59126459476394 10.107215322449882 0.35552481244576667 13.472649577798304 0.3493462902809465 41.15231533063298 3.667123349528665 0.0
859720 150.512453992526 2.59160053668619 3.3894236092727312 0.39951685751720617 6.0120780110264835 0.3945774746034769 34.864112199818976 2.8501411594347847 0.0
859732 150.893167405005 2.59264035239777 1.8175390261326159 0.35665335008059584 2.7030116374516644 0.3477428253846616 53.554542293118445 2.9207552834920074 0.0
859742 149.700481091047 2.59300218306268 1.954876801936988 0.4117681852299286 3.6154112869692367 0.4062669458670615 34.37880368097102 4.211602672268268 0.0
859796 149.666441564693 2.59194282005545 4.494238033381667 0.41532984943271245 5.618091646273989 0.4103889954826787 35.78660399118116 3.5308109047035567 0.0
859866 150.641562178751 2.59342802259589 3.0538829893063957 0.3486885351643737 3.638662835608285 0.34304389344134817 40.786675034643245 3.9808343645138797 0.0
859991 150.346926664601 2.59421858288946 2.4412800010577493 0.38788752698465845 3.0566516008767026 0.38352607783085046 28.827275671405484 1.6433462462009667 0.0
860017 149.985618245492 2.59403999598081 4.571413460765021 0.38668103943354 6.224264530697316 0.3817968305782083 25.658904372617812 1.4766438427845543 0.0
860021 150.865357847901 2.59333080613157 6.055967295871132 0.3636971792086305 8.44122584844074 0.3545327980659796 52.09963416001457 4.11491024127406 0.0
860050 150.725974086857 2.59454692583887 2.0633917796195997 0.34239772180578454 2.7233774391830554 0.3360865424666596 44.956068316126085 6.760436006287606 1.0
860213 150.749241207611 2.59558089021519 2.05269318858947 0.3363419258922651 2.743894356550132 0.329218995250606 46.160053777190456 9.14381871595403 1.0
860224 149.629185371885 2.59561956429258 2.131971434705833 0.3895269975253522 3.323951493908626 0.3837040922338626 37.58546098264817 2.7827053989903536 0.0
860278 150.759185799114 2.59483987010993 3.658670048500335 0.34615133271104465 5.763856075627805 0.33893929441254533 46.64018990636759 9.098646183073813 1.0
860290 149.720498313681 2.59620154653792 2.0767416627076276 0.4370460331197278 3.7773906726683957 0.43197136556448806 33.69520016718431 3.341748153091465 0.0
860345 149.956792029194 2.59385064616784 3.896352013638211 0.407668758374145 5.846325062549076 0.4030014207795578 26.162996505382438 0.9528386196907148 0.0
860349 150.766995254099 2.59639506853403 1.870278429030486 0.3799402511636492 2.965843075208765 0.37250338474112654 47.08669575153718 8.2422583984805 1.0
860925 150.738924953036 2.59896913327627 3.407180018772085 0.3575459837408197 5.702241230606139 0.35095690116951 45.75064712181798 8.064846231273375 1.0
861063 150.425089213453 2.60109516521544 2.4353326200613523 0.3923735937412471 2.9533808698600343 0.38773085888284764 31.816175167308945 1.583364693908508 0.0
861092 150.714626352071 2.60094621637131 2.9551574224765105 0.3510735773813717 3.8864855715671727 0.3436577673295896 44.6050110714362 4.547555359025452 1.0
861121 150.775817588096 2.60119192659283 1.6451963861415035 0.38423854610561203 2.8749174142034777 0.37796239794305136 47.687753777882044 6.4673973248104835 1.0
861169 150.84549588893 2.60132429293635 2.537462386589209 0.3660035519845094 3.561327268011369 0.35799644026415534 51.287657496384924 4.420734848087536 0.0
861256 150.995285236233 2.60157816002883 3.6504492105790183 0.3708177798284125 4.369747849236411 0.35820147314828266 59.28256768555853 5.153315828988631 1.0
861294 150.992191015443 2.60167322393012 6.605190121160218 0.3742388253053333 7.541969299464009 0.3612046316558774 59.11711768268568 5.20765852766039 1.0
861355 150.851261212418 2.60235307952193 4.1095813509090595 0.3659870257088248 4.646973396620754 0.357301851656427 51.61921846941058 4.3678087345269585 0.0
861390 150.559628368539 2.60291791399556 2.5498916246024277 0.367666572095458 4.121886160252603 0.36200059021592873 37.37898003129628 4.68483146501809 1.0
861456 150.604708690226 2.60258806617553 3.571566848751387 0.3829142683956726 5.656016053491662 0.3769301335739009 39.40072366580094 5.217719479984686 1.0
861546 151.016833869101 2.60392166980794 1.9725447153206237 0.36997504271276654 2.576095591520391 0.35591863250412026 60.513202710402815 4.21566727072019 1.0
861842 150.571049518855 2.60545437811922 2.6831099568682637 0.3650173406687986 4.433987649282577 0.35830240108046474 37.98811480304888 5.025653788669862 1.0
862060 149.634762544872 2.60760090887254 1.8918717483195366 0.4056695651668521 3.009998769275862 0.40051859364787723 37.816682595915566 2.4311521908942173 0.0
862103 149.590394872669 2.607849728469 1.2513099363583682 0.39886887455456144 2.295818447588008 0.3923405764277139 39.82834300062954 3.01940066843149 0.0
862124 150.590348949223 2.60674831446055 6.037536437306722 0.37429330022151835 7.653633072081904 0.3686985122028952 38.9066419355697 5.33345860445423 1.0
862282 149.854660628671 2.60691722953481 14.117481820011152 0.4124917229963236 22.61118761473578 0.4075210398856951 29.43597414898017 1.3308221109647784 0.0
862507 150.657805144284 2.60949551818616 5.994253640930459 0.35282030557122274 7.312709383499111 0.34747133293059285 42.14552099641699 4.138831854241244 0.0
862645 150.662210376053 2.61001916955063 3.743551084078218 0.35313520784165114 5.473212178077353 0.34747473096042636 42.37438486294518 3.9308686824530548 0.0
863206 150.824622280431 2.61383898316505 4.778379170046134 0.3652169214290346 7.551959230911924 0.35726351561795305 50.58141245042945 3.8315267400830657 0.0
863520 150.986441129242 2.61583368585383 6.391128883566608 0.3880133241869979 7.530372072278588 0.37727233083301476 59.17403418080721 5.077656336712786 1.0
863552 150.968120926361 2.61666719697515 3.3666884138283293 0.388393647403964 3.529620150338657 0.3779614218152401 58.212164959600706 3.933527273601314 0.0
863623 150.5612101445 2.61733355484849 2.562640498430066 0.36915113014761713 3.2320752133377213 0.36397488238420656 38.03756525786186 4.357552268407225 1.0
863847 150.985551382447 2.6185462335952 2.361639022163224 0.38586027753714797 2.860605722915015 0.37423294509136856 59.197932205855665 4.942192380186061 1.0
863943 149.638963752441 2.61956363135933 1.4746587538134401 0.3958071620499506 2.47863917502019 0.38999259306527995 38.12200807412064 2.035670645427858 0.0
864104 151.007927529797 2.61971241015427 3.910590173034477 0.3948590911978903 5.012096767044921 0.3820421701739379 60.434108013787665 4.8042990157585255 1.0
864339 150.833049670412 2.62111273295501 3.793943866509089 0.4014424771125445 6.87345214469893 0.39355226413907574 51.23889168010755 3.8342506327626484 0.0
864496 150.663335656985 2.62278954093579 1.4807724080528555 0.3557354357587336 2.5113919465888226 0.34911424812445696 42.8961102278036 3.791629158539755 0.0
864600 150.61611998391 2.62352768560033 1.3746395966235774 0.3728372909997914 2.3579859098733835 0.36623311724052304 40.734038863374586 5.414730368951343 1.0
864647 150.655394353859 2.62307714238112 3.1506350282944973 0.3602284494710043 4.5439939384594625 0.3542810307607004 42.53307570143119 4.249650424961443 1.0
864799 150.075989369983 2.62450504717012 3.511775336811114 0.42332000031829975 4.8002535496835534 0.4185874561343607 26.592618735617894 1.1431977389464831 0.0
864897 150.609305099368 2.62530067161607 3.1994916986480595 0.35987734145620637 3.7144956268135214 0.3533916033583453 40.494394795233134 5.40980962386292 1.0
865385 150.52833040843 2.6284953871191 3.2006567900695626 0.4044413705106942 4.392197223407176 0.3995420422339916 37.110406337090886 3.0770265525025327 0.0
865495 150.361424129518 2.63002258360876 2.942438385008386 0.3987415284704393 3.4082349735084705 0.3944079138356603 31.118883190329107 1.328452423202403 0.0
865591 150.680842751381 2.62967279773194 4.790968087835267 0.37108913994938303 8.033528755616407 0.36424057332392545 43.97810787711867 2.488507493176368 0.0
865682 150.598328297939 2.63082995355426 2.7721860398462903 0.36515934828755214 4.186715780924341 0.3597500815033258 40.221944596727226 5.087225048227196 1.0
865683 150.705905414243 2.63095192889387 2.663176598174762 0.37310884142947126 3.2980133836879344 0.3670775230497725 45.22264782056446 1.7620559691009554 0.0
865951 150.809955446972 2.63263741386395 2.5404984571797984 0.37438791945308975 3.0139442594714305 0.3666915473791993 50.423888297605 3.0124033773622094 0.0
866129 150.356689148692 2.63396253226698 3.2603773025246974 0.3920054450211657 4.601329844341735 0.387378937180633 31.18228455459129 1.2965781731953157 0.0
866686 150.827254959783 2.63675864314919 1.8850853210080993 0.3918844643990126 3.5092021349781164 0.3838979456919252 51.43292364318154 3.2432101659742423 0.0
866887 149.977803317025 2.63913741028798 2.885556000999474 0.36460074077216464 3.094975760059341 0.3595206177976584 28.39280534064369 1.11323924017966 0.0
867151 150.945103324714 2.63985980632221 4.0273964355983685 0.408499784439147 5.653914616071591 0.39460644534021466 57.6318185105491 1.8352827929265407 0.0
867687 150.823141737621 2.64317389228389 4.80083830549501 0.3838685551293551 8.20464064577758 0.3754074939021381 51.43008460338425 2.991884090550579 0.0
867946 150.286789311788 2.64520013389865 5.536044420237202 0.39832287459668125 8.77625372504358 0.3932745741942808 29.966021595995944 1.6611814256233846 0.0
867979 150.642658978229 2.64508699940987 7.165288299492048 0.3791180890744579 8.537234096454174 0.3733386830937219 42.78365881337684 4.4920169828914585 1.0
868108 150.002627711457 2.64698874720965 1.6453077199645036 0.4062207901029563 2.7039834371490348 0.40158174417437614 28.50667416868602 1.37830066786614 0.0
868227 149.899579689806 2.6474847725551 1.8212103717532704 0.4068002995747063 3.409337537497537 0.4022067422361646 30.406717348014798 1.194062890715464 0.0
868550 150.601049546096 2.64951959196099 2.456973557811837 0.3595984732574207 3.2125116781621426 0.3538468841035173 41.10020773081258 4.764305883436885 1.0
868787 150.856312261635 2.65092809545279 1.4366709903755652 0.36876764603296913 2.6381746497775773 0.3597884083330468 53.36067702381681 2.3728299005445868 0.0
869235 150.268385786375 2.65372725618838 2.872488605616521 0.4056925211764442 4.073361465442395 0.4013272602869808 30.0528837118739 1.6873761934706097 0.0
869337 150.568949917878 2.65349916032409 4.9358754585533005 0.37896993004838087 7.0255602076879935 0.37215545042893333 39.88467134724031 3.6625876236932697 0.0
869656 150.525381820015 2.65696287773205 1.7237941606683898 0.4181779110492962 2.835137719531723 0.412880976114778 38.243526196980696 2.831538268731828 0.0
869716 149.8207239384 2.65633550468016 3.427710565093507 0.39592515548106305 5.692938548389862 0.38965155610903607 33.021952173766536 1.8262253393603458 0.0
869795 149.827218546445 2.65795810738209 2.3005036769069527 0.43291097857491034 3.5103715545135006 0.4272972420015852 32.910732304355115 1.9446900128914357 0.0
869935 150.510070795727 2.65860421423725 2.7902677945868843 0.38626724699486825 3.568155097876008 0.38053548006226084 37.71236231108999 2.2994818781447974 0.0
869961 150.889603581394 2.65866784737086 1.3789022731052853 0.3952151107914864 2.059770391483625 0.382904984280307 55.305014833563106 1.5549339061358245 0.0
870079 150.613482211581 2.65957118079997 2.759496765067656 0.3533219858964965 2.950490886926027 0.3464425218437935 42.05650617748524 5.078500717226974 1.0
870261 150.640681869266 2.66005076924134 4.897030268129525 0.37124021460193274 6.724898107818112 0.36487992783154166 43.283219763896014 4.368254055988117 1.0
870268 151.060839255096 2.66022129397093 4.104200934413448 0.41266277049363653 5.762007234300779 0.39739916542570847 64.35144564113321 6.537348664280414 1.0
870330 150.469118492446 2.66114340979544 4.2962559598626004 0.42675964738201405 5.167964119245181 0.4212467229723013 36.28070981327622 2.21667894612851 0.0
870342 150.396275392747 2.66122352888446 2.0921874119201984 0.42259703466324305 3.6069049777068933 0.4175197288576525 33.799248272893784 1.6214324097206312 0.0
870348 150.448327860327 2.66055141990439 5.635591684091596 0.4507429275272679 7.962579366093306 0.44565499227643407 35.505588970829166 2.4760057500641417 0.0
870398 150.995197478237 2.66006246161479 20.25202077438584 0.4120151654447702 24.342274776214634 0.39918903389893046 60.85019750413301 3.6866018440868324 0.0
870487 150.99664282054 2.66086018936087 5.29012706734837 0.4049121812229706 9.30619627639741 0.3908735299974277 60.94915813701 3.7042960266679428 0.0
870511 151.06187672354 2.66134854696129 6.9109248257500635 0.41411948281457245 7.275953567029056 0.39973864910918216 64.43725896057113 6.654938443481136 1.0
870689 150.553646035216 2.66365170808824 1.4633289488132897 0.3895627763649322 2.643302359675112 0.38318000368675037 39.68480168290996 3.560015160877753 0.0
870861 150.554949004246 2.66511133859635 1.9107095969287209 0.37753310742122065 3.0183225610550073 0.3710200572356489 39.80209851252298 3.5906536597117995 0.0
870926 151.067867300066 2.66486292121983 3.2002061137008595 0.4105741568560007 4.237785222520973 0.39668441885780253 64.85267023264487 6.916108121743848 1.0
870940 150.289311696645 2.66574026879958 2.2893683607688176 0.3948602061137481 3.275688788119457 0.390021950569641 31.167271538377882 1.9965981799190637 0.0
871024 150.645701650618 2.66545599353754 4.329090560409825 0.3744053224679175 6.353243889811503 0.3668293839931502 43.723469203630934 3.92792115096795 0.0
871104 149.721420914293 2.66656791299705 3.3487792127002556 0.42685565552572885 4.534700004558475 0.42175729307010296 36.88535044472917 1.7550897250854878 0.0
871259 150.446490398717 2.66699698129077 7.3104711500541715 0.4135243113429786 8.075890032086333 0.408484680627964 35.75496615467183 2.656518061327651 0.0
871322 150.626931374455 2.66832793873395 1.4526574407255457 0.3705284594661123 2.5692141667136625 0.36401982109853587 43.004840986869155 4.970996818531794 1.0
871407 150.041387373911 2.66888158516098 2.5084276490186186 0.409316270143375 3.8197640126046664 0.4043062918618823 29.426745736287025 2.0258004511549053 0.0
871440 151.062528374373 2.6682875732141 3.6104583592024335 0.41028047881224444 4.821923495005787 0.39733070755637984 64.65890510559957 7.007232366186403 1.0
871552 150.290326493883 2.66990283205649 2.385904850476938 0.39765912918794827 2.8976494050018577 0.39185619602326316 31.422043080273 1.9720582371485624 0.0
871792 150.040683590471 2.67147074101592 2.6904066964324205 0.40835426224135607 3.4860620122495978 0.40362725683786355 29.58602994334252 2.016556485084517 0.0
872503 149.804963762551 2.67602552701188 1.7771509091543582 0.42189201490127565 3.0724490323639113 0.41565646662352795 34.51985204116929 1.8432610974567327 0.0
872563 150.06592228961 2.67573474858586 2.8061863211752063 0.43703969214624466 3.8223802193138767 0.43261682547530106 29.697761248104424 2.180918057920935 0.0
872957 150.602127062869 2.67802540432466 4.57143823231042 0.3802060926120001 5.774984853551357 0.3739262015310595 42.33182130013566 5.3567724525171325 1.0
873108 149.867253048362 2.67960946995056 2.4950982554058743 0.42160837740592905 3.4152686190012367 0.41617914623144087 32.95872887134854 1.6544386462761278 0.0
873387 150.407027280015 2.68109756494763 1.4761633719557063 0.4072247106131424 2.621677997679913 0.40101568213138017 35.15248998529269 2.294963503228454 0.0
873398 149.686922567428 2.68144604886095 1.6994481885778712 0.4205370789583323 3.0019066697205945 0.41525399807644575 38.87641486855067 1.6250981498663677 0.0
873515 151.061385546001 2.68185039414571 2.3998679628405015 0.3977758663870224 2.7721711216665335 0.3831591182350908 64.96917091079227 6.8524121448078805 1.0
873520 150.986271789237 2.68166945517434 4.816365460083539 0.3966943150461115 6.538955336877927 0.3844937243806467 61.00509039845619 3.466769579237966 0.0
873599 150.410475977552 2.68196231618442 2.57681166414872 0.4145687747962876 4.786533889121368 0.4092893046245285 35.30524739363822 2.3565961303666865 0.0
873814 151.054201174408 2.68341444661084 3.9802584316403253 0.39973137286507704 4.777507469493181 0.38755029365527216 64.63105190218195 6.31672590936918 1.0
873892 151.022598314168 2.68412055517299 2.963550464077737 0.4151604038637808 3.283813486660119 0.402678598736622 62.98082654165513 3.6413828181620858 0.0
874321 149.71026537387 2.68738328313601 3.4944960604276503 0.4260287708120296 4.0089537898302 0.4211205998920854 38.281994084561106 1.656677228746164 0.0
874467 150.635866726447 2.68820613722093 2.5138458950712947 0.3873127539411393 3.7722833141148504 0.3804392209678174 44.210425469053995 4.629599918373301 1.0
874668 151.080761058427 2.68902586534134 3.055645268355821 0.4188976932422458 4.025975617107823 0.405716722879116 66.19826170545895 5.967941327340271 1.0
874770 149.610961177643 2.6901755277767 1.8022020322922228 0.3814952356292569 3.235119627058471 0.37461007115036987 42.29996408006298 5.083865157245468 0.0
874847 150.515888314939 2.69049748044332 3.0074884632254193 0.38393085808808397 3.79570089656934 0.37747263962688576 39.4029469281268 2.1682711279129863 0.0
874861 150.396284460701 2.6904666311982 2.457258108277569 0.43208674669613295 4.383195759499446 0.42741196464566594 35.304282686898304 2.1085190019755187 0.0
874915 151.087549986124 2.69001714789125 5.879331995698751 0.45914728741392796 6.716599179671895 0.44826332550188386 66.58714957991229 5.351551838573642 1.0
874980 149.897936822946 2.69151621904054 1.7526821475521868 0.4262874010729656 3.2574591408067053 0.4205785911117591 32.886286611895294 1.3271454965966427 0.0
875101 149.87717586669 2.69217043126689 3.201197804304572 0.4152608580779702 4.046616115939305 0.4104316320087739 33.40071520630237 1.5263034743594068 0.0
875293 150.315954614836 2.69282187838178 3.829807170644554 0.4407719378249735 5.251194670034286 0.4363423922332448 33.27417873558245 1.3098619019203288 0.0
875413 150.603292729056 2.69311357234864 5.393964320845681 0.3759087451786251 7.38889468576675 0.36955462233712666 43.02203266929101 5.962695161444848 1.0
875737 150.724591491647 2.69570093515856 2.2328031354197857 0.3714073991404232 3.4371151882047895 0.3644323824388362 48.49808729864301 1.5454254943616916 0.0
875785 150.823522927487 2.69609091581305 3.9073897169952216 0.4097575211754367 4.479650171592645 0.40162615798978807 53.22376904484176 2.706120824519129 0.0
875790 149.621025062336 2.69600987788178 3.268209623159631 0.3865137609935703 3.902201689765954 0.38012961348534524 42.13962148684915 4.646457303441097 0.0
875829 150.997262828279 2.69667622725785 2.874720807328287 0.42204215278362356 3.2551523481961553 0.40951044361754146 62.02286698525696 3.437487586860765 0.0
876013 149.606406429909 2.69812347743666 2.246285882395179 0.3837634666736457 2.782235459838174 0.37649270860067247 42.833115256332135 5.207774264744282 0.0
876060 150.602130226073 2.69748554902167 5.291385075087001 0.3759206285144996 7.125335204002503 0.3690679397444418 43.16076564940362 5.999601839664593 1.0
876112 149.6174881188 2.69877948458368 1.868787209623742 0.4006028684087648 3.035342822844631 0.39373742453436644 42.40571836340869 4.888820966781938 0.0
876120 150.586374741921 2.6978263343009 1.9976706135323317 0.38188160156535944 3.383491422718679 0.3749506752952258 42.5223597276711 5.415368812972423 1.0
876122 150.45588386192 2.69772973352667 6.710013263746893 0.4726455850360349 8.441060643413062 0.4678143183559632 37.58785244653142 1.9603723842153882 0.0
876324 149.946581834725 2.69981205041275 2.6998767016895506 0.4118744572336573 4.053377458607744 0.4064674480447441 32.40450739530948 0.9069487648104826 0.0
876411 150.923742978755 2.70037312991081 3.5083418532788047 0.42666598795949123 3.754417780893201 0.4151558143526387 58.36014367956645 1.66294922449007 0.0
876557 149.666661409535 2.70170081439218 1.8796935961638797 0.39442557371374143 2.927236023135922 0.38649437199982833 40.587100342687876 1.6875093162332635 0.0
876623 150.808908173276 2.70112326877694 6.173702215124888 0.3830826294244071 9.894756223692132 0.37299103425286967 52.69018062724705 2.162049923523576 0.0
876624 150.580984211387 2.70128153241485 5.469471858897205 0.37066968880076384 6.523493472347718 0.3640339565342931 42.45335468887144 5.04675758858638 1.0
876894 149.636541211149 2.70370495086008 2.4060075673456915 0.4180792167157893 2.9370919672286138 0.41193040259292574 41.855596319148276 3.2774520032088845 0.0
877079 149.610651892583 2.70399632587083 4.350780304550872 0.3915700468040611 6.903666707695722 0.3845442251817495 42.914179355615474 4.986116616594254 0.0
877138 150.709919266262 2.70505574669178 3.9242526932846933 0.38020578113493014 4.842559389460801 0.3729283226453733 48.18594614599098 1.5063619348714723 0.0
877317 150.364494648575 2.7060746340439 2.8784815423136947 0.4108438926228597 3.32452943524291 0.40641538175564207 35.21862887122543 1.8896886799390507 0.0
877366 151.064301029715 2.70599575226217 3.6256203867370362 0.4247856602788437 4.742908895485991 0.4115379531690383 65.80358520085966 5.740406882867943 1.0
877431 150.091447932611 2.70743050201709 1.8745640445157583 0.43241214599905686 2.9680808942598214 0.42832214857713946 31.53333099295509 2.5705165765454683 0.0
877463 151.000634244114 2.70648481782534 3.974253919540711 0.3749961005948727 5.265251831391589 0.36104466640862043 62.49234535521102 3.138846097515191 0.0
877504 151.064210822355 2.70691334230745 2.9093519803208707 0.3873519462945107 3.861994893133012 0.37084396746200055 65.82514397160509 5.685167357090041 1.0
877600 150.528956856286 2.70778465608747 2.8151861275074075 0.31770488564455224 3.914832691556007 0.3128500040948979 40.70175445542374 2.434375310370317 0.0
877799 150.573651465773 2.70777357912608 8.690853592062679 0.3634397275189362 13.34833693840966 0.35735012393931925 42.44473817376791 4.366694140641621 1.0
877845 150.880513592128 2.70962724804016 1.9696597972007317 0.36136639318974373 2.7861413523961165 0.3491908189051225 56.49365208710592 5.207952534482156 0.0
877993 149.799970630831 2.71020839803187 4.6513042731267085 0.39062957185882524 5.930427682241252 0.38479965757069734 36.44306447057582 2.0801095897987314 0.0
878008 149.770487652768 2.71094343120605 2.223612247464156 0.4020977037015223 3.440837181966594 0.3957182733347349 37.38436754208767 1.9629799269347965 0.0
878060 150.870084869015 2.70965862797721 5.1862266418059155 0.37045241504567694 7.623094084719165 0.35748515188362456 55.97806344194756 6.2925335402044835 0.0
878069 150.623813417028 2.71124697999892 2.454834751272351 0.36316117266424575 3.0243903925398112 0.35727550541427616 44.66030626421947 5.726724937902844 1.0
878308 150.237523461983 2.71259453299537 2.4712568861412554 0.39378514328006436 4.5685288189077164 0.38856664529934865 32.88895499350306 1.5493594412144256 0.0
878464 150.584658475231 2.71346160086243 2.36569059719262 0.3610228137356767 3.410804768102882 0.3545871020820451 43.140550854382504 4.731605961683655 1.0
878543 150.602607164134 2.71197779277572 5.619483641367844 0.3503827161057855 7.535402445657586 0.34359441110938765 43.80768548503059 5.6132779971182805 1.0
878663 151.043502848849 2.71471835207876 2.7758083949013233 0.37992480247102295 4.091376732986789 0.36733310277876724 64.96686009649011 4.19973844739041 1.0
878706 150.226655570122 2.71562304926361 2.3175799279144296 0.3998919850771394 3.963725644396139 0.3953368283706064 32.90851422204278 1.5946052542977043 0.0
878775 150.868939392201 2.7154189038127 3.0977971377839735 0.3640369336920042 3.5943086008278806 0.3524088268274747 56.117778737146324 6.881013126734292 0.0
878828 150.125893544327 2.71642652061002 2.786953288142513 0.43973808924662144 3.603203795726725 0.4352210423881883 32.106466794548396 1.5066302039467094 0.0
878957 150.857547934753 2.71638085749619 3.6668895051087125 0.36135279448792096 4.492361749970891 0.350458090649208 55.59151371876223 7.0082930485782375 0.0
879278 150.848147770924 2.71815452843827 3.5451867183897523 0.3585270429338686 4.1535555220382765 0.34788244849668215 55.19410959709023 6.22123936715127 0.0
879293 150.630757935737 2.71834263002596 3.0029013071252466 0.3831381510860244 4.743398248617027 0.376083784717782 45.25567759667219 5.277688580270589 1.0
879535 150.419938775555 2.71991588081704 7.283775205510585 0.38310571162239804 8.768918677067209 0.3776963754882267 37.54610637583292 1.5864166899407155 0.0
879587 150.664463099655 2.72011950572134 4.2068221720855155 0.3695695707848879 7.200136062353694 0.3629719663106642 46.77175736382677 2.6106179409837167 0.0
879611 150.860835181728 2.72068883173482 2.89262335973674 0.3616327312238964 3.276880769099535 0.3502108080066088 55.90159964553097 7.2438301943962715 0.0
879884 150.86884869125 2.72258469072517 2.507855509198685 0.3650905611238728 3.0624661916557576 0.353349270721097 56.35956757899829 7.1013134502179875 0.0
879927 150.353932031934 2.72251341845631 4.972823185434547 0.38031936945109845 5.75883693692739 0.3751193336052546 35.828479777052166 2.429568341858538 0.0
879959 150.103050052315 2.7227857853066 3.847007463554083 0.4499667193247521 5.122356849452731 0.4456277251589897 32.45099551833354 2.2904150584169845 0.0
879988 150.921505352605 2.72310730963201 2.0843817966687803 0.3717018539827758 2.924605358684602 0.36037646087805475 58.98605660446507 2.9260372248430606 0.0
880037 151.062518508451 2.72263601870016 5.543664018679307 0.39341631383558046 6.217365977610126 0.37900464460038474 66.19297834602531 4.626063813605347 1.0
880138 149.871862527921 2.72442264729823 2.1648783607986193 0.39483334480327387 2.757334991898347 0.38932121051495117 35.30496879491699 1.2628896444244349 0.0
880235 150.981142221612 2.72476998785966 1.0763498004326344 0.3735474430019914 1.9600149177253408 0.36029893238708377 62.05411820178124 2.266583445208223 0.0
880388 149.931022295631 2.72403946472474 81.4064589064705 0.4534566914455229 100.71502581424924 0.4494760538023275 34.066473923207276 0.8907663298693138 0.0
880479 149.822228814478 2.72600747483335 3.2778941002726483 0.4042584809452697 5.6039497643896725 0.39830952432348776 36.645187514373504 1.6230117038219583 0.0
880657 150.836928857538 2.7270484663663 3.4971152231465528 0.3634964596679019 4.010502425811502 0.3527217586697569 54.96479448017023 4.700696875542625 0.0
880781 150.877735645932 2.72740891155342 6.20283060571284 0.3758520130766753 7.677572146215178 0.3641084369280421 56.96177921833943 6.268741267413709 0.0
880828 150.130921574281 2.72767701586302 9.967658697625499 0.44345060381563656 12.21827008782367 0.43979500234540286 32.796376613247446 1.3346069613688236 0.0
880836 150.680506972236 2.72861478867264 1.106688589506538 0.37736463252482394 1.850061670965369 0.369256350829519 47.820255484756416 2.0293768967753287 0.0
880910 151.076302006201 2.72878152048617 2.4002597031904127 0.37971006801300977 3.507958400806536 0.3650911121626304 67.09383648460484 3.8020464992086747 0.0
880992 150.631829806522 2.726777599073 7.809884429279609 0.37779454128264317 13.852543787932337 0.3711029820558405 45.66174527009313 4.884173078510332 1.0
881002 150.493771351699 2.72985788771222 2.3069992549656493 0.36612273803840634 3.2094399144451726 0.36049259246133475 40.471284230260366 2.3131904569831767 0.0
881176 151.054068196039 2.72975789543914 2.0606067304253024 0.3808090912696256 3.201414117911047 0.36829003954889855 65.96364667963236 4.041965251898056 1.0
881206 150.862342776294 2.72990890196701 5.007217969739255 0.3597347721766947 6.269115485611106 0.3483044395999893 56.29649939473448 6.938332146565534 0.0
881296 150.34713039167 2.73147210438462 2.7298655581518734 0.3749654484350751 4.372279335418607 0.3698369350758956 36.14677057094479 2.5469037303716555 0.0
881834 150.805667289815 2.78049764083701 3.7205122576319996 0.3583814793989952 6.772896522398009 0.34668924275246354 55.48927714781876 2.553934294712947 0.0
881880 150.937939784888 2.7784923661393 1.8268676401971613 0.3579753506149467 2.720094058323608 0.34468090582458016 61.67729256815274 2.2915526239820156 0.0
881922 150.647966583443 2.78239022598726 1.7202155840248154 0.36446474379382787 2.9345509039433635 0.3574137103783446 48.7529652980868 2.614349992821802 0.0
882005 150.894937842907 2.77846339505023 2.268280012655783 0.36211807938885976 2.6363603412740626 0.34829980759726237 59.59579558429421 2.9753275765359226 0.0
882087 150.812994132843 2.77787167829179 3.45733650460261 0.36010686697692895 4.7954580915919625 0.34880790054052413 55.723610005954235 2.689203056486098 0.0
882232 150.681992934842 2.77641831347377 1.3869169270483583 0.3604148705581158 2.3775577329266047 0.3521395628916165 49.89309825110443 3.065320111583105 0.0
882434 150.678483494904 2.7748524608603 1.796286605668515 0.3731343899267679 2.6279931762685873 0.3659033241716144 49.678924143415074 3.0940769566276813 0.0
882803 151.011219416612 2.77250942863273 3.470213656358651 0.352430221650809 4.534418124631094 0.3370081544605272 65.10841152628952 3.9840412185216896 0.0
882817 150.709750332001 2.77387805802028 2.1324802183055653 0.3624226007586715 2.8171494336334324 0.35446331802507497 50.964078579263 2.33383253226873 0.0
882820 150.988384948339 2.77404609157056 2.506661318117902 0.37715473765341717 3.532643660190241 0.3622354686683227 64.01552300846694 3.212944157790395 0.0
882872 149.630094895218 2.77508740284595 4.657924261437574 0.4009463038660842 5.749109547025689 0.39365070570796507 45.38691480427458 1.9986012877551655 0.0
882900 150.731881740595 2.77199605573028 3.3691423715195543 0.3511549893970895 3.8580541914889706 0.34315736369502964 51.84660136886353 1.9211097397606718 0.0
883338 150.388812644331 2.7702914389034 3.0213265483503666 0.39773373422804176 4.746114830733244 0.3904547527488954 39.31756113917216 3.111964478072158 0.0
883614 149.707247921861 2.7737982785827 6.386968276902446 0.4000862214123242 8.414349182120779 0.3932181061212753 42.60656803680425 1.6713235461646558 0.0
883725 150.445948721977 2.76689444322311 1.6166173897537317 0.395935037271886 2.815032893858547 0.3907959002101745 40.76570168153603 1.6375327008703353 0.0
883793 150.847868874351 2.76595349379234 2.5275408761756113 0.35898706024069055 3.7622708212222413 0.3468376786410442 56.89972534301111 3.1716252686050823 0.0
883845 150.287553325023 2.76757683749786 2.435913047758929 0.4166653332382779 3.216473744112997 0.41214604396043564 36.892714288889486 3.2521775171924214 0.0
883931 150.404054008603 2.76754694896691 2.001028309027975 0.3976459594462918 2.6918276070104956 0.39183992415682467 39.58208508301371 2.7539657141402745 0.0
884096 150.897052018783 2.76785363456956 2.2034251876272584 0.36218619021275256 3.7930650752163753 0.35017431371872215 59.31786201554317 3.5250604718119307 0.0
884230 150.069564167224 2.76423136927608 6.535157278816868 0.4027047923579472 8.545966756863692 0.39803329857040975 34.98481973455135 2.557916643811707 0.0
884462 150.888134634507 2.76673437155978 3.1496169085698567 0.358527795538149 4.421176616372619 0.34710239345295185 58.84811221842397 3.5532774926177098 0.0
884670 150.955007775442 2.76186992585994 1.7640807419367717 0.3598824040656282 3.249445868176573 0.34453706510371473 61.94795080218022 2.4321998988209446 0.0
884683 150.240803332948 2.7614420012761 5.459486992263406 0.4015695206224445 6.888141671120369 0.39681000783034814 35.779623222377 1.666999394566716 0.0
884744 149.604383954692 2.76054868102452 2.916200179947005 0.3968551340182266 3.144033089139386 0.3889294701650399 45.69303743315625 1.4525476438471259 0.0
885018 150.799163225422 2.75927761210489 6.958901728683101 0.3458104367285285 10.265416817256911 0.33518513447673437 54.373054501628495 2.6187048058376003 0.0
885148 150.302140086049 2.75963787613596 8.118413327355418 0.41833389219524353 8.525004320029556 0.41402494265704604 36.71853081879696 3.0639130676274795 0.0
885165 151.023931539786 2.75826677727799 14.187123566617299 0.3863756258401641 17.64514566287602 0.37065614573711114 65.29268405920075 3.6278624225462646 0.0
885183 150.304490223295 2.75841711425658 6.3384171317911795 0.416244819959912 6.38590181122489 0.4117306463242309 36.69621583007904 2.969320585114551 0.0
885423 150.596516009115 2.75824440594828 7.2050344743031145 0.36033760639830054 9.107126428146492 0.35356391754328986 45.62327543350244 2.615175572306891 0.0
885443 151.026010498823 2.75683336847348 1.9968454171817076 0.37686034199983526 3.1382902345457047 0.36160663976531265 65.35301891647201 3.5693314631945183 0.0
885504 150.422363224587 2.75825127120631 2.766472662470758 0.3638359679457104 2.897285475085814 0.35828531884376785 39.61153041491605 1.9506239389484665 0.0
885800 150.644046354268 2.75503766629129 1.961261276391508 0.36255001871801923 2.5356126243868893 0.35552761964569085 47.39129289992556 3.1642509586472984 0.0
885960 149.715250854602 2.75618229155765 2.4769911581771993 0.3906180315393071 3.025389634320932 0.38434041706176275 41.46104349387669 1.4347301725172974 0.0
886291 151.025695304868 2.75099026083833 2.9347608635103115 0.3835164010831555 3.391979406562679 0.36998002067902025 65.1526749325671 3.390816950413484 0.0
886332 149.822280008178 2.75080439005053 1.6304866925511328 0.3929418208776316 2.915752708224323 0.38689900460385046 37.975144978225174 1.1722510225712897 0.0
886346 150.615618452448 2.75478347713813 1.370482434033014 0.3707150189611735 2.349810379016513 0.3620213375362943 46.22382203388262 3.1951262606535713 0.0
886529 150.788243561189 2.75186992730252 2.895250340686886 0.39376894066528684 3.644377327242922 0.38574397834930585 53.58550137236534 2.2901576210717476 0.0
886920 150.360625586348 2.74779106503678 1.8738712700323585 0.37140848589423436 2.791268417680946 0.36630559012613195 37.37291613493616 2.9015731579542106 0.0
887077 149.667358286154 2.74631827999451 1.756965875243107 0.36411063384826287 3.0021363360188262 0.3566610974183645 42.65274882843375 1.6836458005099362 0.0
887349 150.629351318592 2.74683017313029 5.090889527706481 0.3613205603583033 6.267247029640326 0.3549141785688375 46.428849354530044 3.7671914786252185 0.0
887844 149.999839992995 2.74478115457632 2.9224267979586904 0.4038797867615829 4.049996280792113 0.39907935765145885 34.299779490527676 1.4463093611742166 0.0
887958 150.19707709886 2.74057646990283 2.50603687258129 0.3952209437025571 2.9197428608716334 0.39035912905840453 34.01932531579591 1.3630086681236009 0.0
887971 150.508880192025 2.74225032403304 2.390822757356324 0.36531238858712084 3.4921532339668606 0.3583840182577394 41.60453072141644 2.6106139670607624 0.0
888017 150.88627353263 2.74006553486186 1.3075657476087392 0.3499522054180512 1.9999668160770048 0.3368175516922511 57.81772641064005 5.00059108042008 0.0
888448 150.925504726327 2.74051898704147 3.127270746102003 0.3842484045757215 3.32714564195212 0.3720702694642723 59.765585088457726 3.419780061442899 0.0
888478 150.915864587126 2.73737288935207 2.159180352831738 0.37008048693018586 4.016112306012783 0.3525434772129097 59.18155519297644 3.717566440898228 0.0
888524 149.635105722821 2.74112524292578 1.693048869613618 0.3845164689887577 2.1563344798242956 0.37749597460682643 43.61506707477411 2.107975261952703 0.0
888868 149.989456639109 2.73561258941969 3.1728562464025107 0.410589121962866 3.459979600870394 0.4055897249673711 33.87453895913374 1.3877070487070837 0.0
888873 150.066496242818 2.73779793975266 3.251781272382496 0.4285623606928305 3.7552075235450206 0.4243791723711221 33.41162552512008 2.534424117035476 0.0
888950 150.504010407975 2.73462562137618 3.5112844181920786 0.36592454852378975 4.514471413245834 0.35978063614556854 41.06294681589729 2.6079944532133945 0.0
888970 150.849340688718 2.73488133942259 3.0948688464377505 0.36934854852285665 3.88047824158916 0.35876500278422113 55.84234378196941 5.732098962754956 0.0
889060 150.553126498935 2.74244471769511 1.942423492243594 0.35623963102390144 2.465593318910355 0.35000155751363665 43.229306491851766 2.5467824091142304 0.0
889377 149.658644279657 2.73693462873046 2.3791291697801773 0.3716610626564361 3.147815768583041 0.3642180026704785 42.530171252558965 1.8004882155892137 0.0
889489 150.765911429364 3.06860456782003 2.934661961503776 0.38061465184402327 4.290044895434625 0.36881463457742225 66.50709701982788 4.33563054166247 0.0
889841 150.229071315713 2.73515970125867 2.2128759465907515 0.40126206036332657 3.725381109484494 0.3963808246909977 34.08273261755538 1.8236130690210606 0.0
889857 151.066590430657 3.06873577427667 1.978715408575727 0.383796652124387 3.5909329482640118 0.37068683851064793 78.65990659246302 1.6801233798673278 0.0
890058 150.733670694575 3.06827806129636 2.498096901624531 0.36878336493786257 4.120973112398966 0.355969575325364 65.3497641975592 2.3313379073117155 0.0
890224 150.808904667335 3.06564619156948 1.3520898838808186 0.38710724081157594 2.437980044443017 0.3743298211722587 67.94616403046936 2.7324654655750376 0.0
890510 150.764814252128 3.06440679105114 2.1176379186729117 0.387444074016931 3.9226681431669395 0.37495175271931935 66.26627797632831 4.370782067025096 0.0
890694 150.4010686079 3.06564485969998 2.390443264647818 0.38736793985779383 3.028561773444909 0.37176430864796284 56.00854496245979 1.1501026488641473 0.0
890966 151.007973196055 3.05959302635498 2.3907437462561303 0.3947979960617913 2.6438701713811663 0.3809240526011621 75.72709459841444 1.7547548162137365 0.0
891038 149.725066505523 3.06981436849145 1.2933230851322879 0.38354867277555826 2.169990139553574 0.36851127062944083 57.81803242035061 0.9644367655993249 0.0
891499 150.845975405116 3.06126928800367 3.1461488001265066 0.3972060852095947 4.453827631221304 0.38470453115286507 69.15676831720472 4.204656999318066 0.0
891660 150.859251270974 3.0564476689757 4.540612576468773 0.38789536207427616 6.957535794360056 0.37414409904303886 69.45510728114631 4.3331400717178346 0.0
892113 150.772524064894 3.0594123859404 1.5232595129229016 0.4066741066871714 2.6498549399144844 0.39364398331832157 66.30703525302805 4.173695479387615 0.0
892295 150.850004999045 3.05245593459603 4.222752946315243 0.38719230922471687 5.646612074993086 0.37318440885577964 68.9116126184402 4.599932342476511 0.0
892669 150.182346747424 3.04986704896639 8.155473180012418 0.37909416482375746 9.660604341904868 0.3655010582170969 52.30872742062098 5.9257476127024615 1.0
892702 150.858344441569 3.05199341933853 15.540285349339905 0.4007683725154345 18.04810779911555 0.38842772205255116 69.2177823097159 4.474767002821717 0.0
892869 149.612595650199 3.0479902284221 2.7604628369207 0.3902685130303275 3.4851064199573956 0.3725622931336602 59.61172138266363 1.6987187923296685 0.0
893001 150.955111557265 3.04633406030336 2.619353616351255 0.3965254201762462 2.846839373975442 0.3822544135116144 72.91543376313051 1.0320487259353757 0.0
893166 150.173635505959 3.04558799330799 2.707882975667452 0.36611955585962097 3.5913836246327153 0.35348381060149675 52.00622613399449 6.392516821910425 1.0
893469 150.158530026623 3.04696908992486 1.9149484319490766 0.3752328846909883 2.5423361190807596 0.3599553630237824 52.01990338621822 5.381355814756186 1.0
893667 151.01565124832 3.04354928905432 3.6801870364362967 0.38297744448004467 4.533269056439699 0.3701763512916227 75.39548460830544 2.0164434460889242 0.0
893921 150.328238471564 3.04736624113102 1.9707749771813208 0.3815216031652794 3.546925607206719 0.3657620158578065 53.69709323284121 0.983272405453371 0.0
893969 150.199529496004 3.04158759156195 3.5298482511488896 0.3773338823527001 4.012126021041706 0.3637680537932567 51.92242422191332 4.729149784620065 1.0
894145 150.164504940427 3.04134534742686 7.627406543719247 0.37546038355588246 9.806719624745558 0.3612015467236437 51.708795142120685 6.029819225757347 1.0
894157 150.913150606671 3.03874565810788 2.3517220608735765 0.3817106241962168 2.5081871163919223 0.3696464704389135 70.8390996622967 2.662954794993878 0.0
894178 149.780780085137 3.03989592288118 6.229721821862443 0.3814669486352736 7.90948860322715 0.3634061682203649 54.91782413232947 0.6767472843255399 0.0
894189 150.565893772135 3.03971874658124 1.492181905600917 0.38332689688099425 2.657019257611417 0.37032122339281703 58.55395358468184 1.065402155878419 0.0
894222 150.853253286485 3.03837878335071 8.738935714206763 0.40251645640799716 11.680682429782102 0.389795608631219 68.40218287761336 4.338434325367297 0.0
894743 150.816377769438 3.03968704129939 1.8121042043246547 0.373242915163457 2.575901839358611 0.36176199142734855 67.02418904656989 3.3300803622473096 0.0
894799 150.909970773136 3.0358399220758 2.8343874548037413 0.38442799473359873 3.2054878860350184 0.3702669193767515 70.581493022827 2.76612683214505 0.0
894871 150.181372985782 3.03382424524594 4.3881096421537995 0.3819734341918378 5.1741980766329565 0.3718532652013278 51.3449601849593 6.063410328134044 1.0
894903 149.793071132453 3.03601368212155 1.5004086371241134 0.39562764145652324 2.7719617146247613 0.38086347742434695 54.44624430974493 0.7024110408939278 0.0
894995 150.858744401866 3.03629437398447 2.7375200761851133 0.3838855952880333 3.2707938754961527 0.37076108868557356 68.52628237956348 4.084279628268402 0.0
895095 150.062374146407 3.03507806391414 4.3656276966239 0.3816002620762776 4.714517757658121 0.3695911350425192 51.23767157238391 0.6192447757974673 0.0
895135 150.758569479903 3.03380530076013 2.4396965099465833 0.37063543432437934 2.913599978050398 0.3560951274628979 64.5794786234185 3.4817515279517304 0.0
895608 150.153917187309 3.03162952323328 3.635227823422988 0.4127542426995506 4.088002093385743 0.40309562632209645 51.08342809046093 4.556680027609703 1.0
895872 150.901486559746 3.03758445854575 3.4688850174849977 0.38430255468963115 3.9301893921276836 0.3711244108239234 70.30906136839474 2.8730966534532993 0.0
896329 149.839751231089 3.02773446808723 2.5777841084587965 0.4214383409636636 4.535565903597078 0.4079182318173447 53.09064520829678 1.1241088986042789 0.0
896500 150.307889495137 3.02291022944247 9.634253955815216 0.48014134868980407 17.03569565954524 0.4699836795376912 51.97370308020445 1.2731380117409796 0.0
896704 150.357152760191 3.02386516696304 1.6771611647213738 0.4063955355089815 2.8449408053825596 0.3945757065229132 52.814332216732346 0.9362623806691738 0.0
897722 150.768408229881 3.01611713031356 2.636323506262317 0.4095870271682746 3.1141225070770218 0.3982364252426792 64.10985313516281 3.6087727628214004 0.0
897763 150.328947048591 3.01694167300161 3.2239817324695137 0.40394755387212083 4.450548578475737 0.39286105514367503 51.945184054915856 1.2456171309447361 0.0
897803 150.490063224239 3.0156432319325 4.066559512173507 0.38914481821196156 5.0257717651553655 0.3770534019407066 55.21589404881884 0.9948350073606775 0.0
897903 149.624146944313 3.0180651259849 5.237034370644096 0.3922012735260699 9.131441771924743 0.37580618686051637 57.70814612890507 2.2170044750042783 0.0
897909 150.68686841098 3.01632131467291 1.5696009044994357 0.37908615395017586 2.9142003887418464 0.3668853455847443 61.18484845795577 2.080733747230608 0.0
898073 149.656892018061 3.01355971299616 1.6498457934115254 0.38151684475636277 2.8647017762210933 0.36557690150628047 56.52502637001626 2.4989386040731314 0.0
898120 150.989988242208 3.05229953465127 2.2962013014913363 0.4060721801717874 2.5449165037410477 0.39207122040432635 74.64950732504991 1.474737406507309 0.0
898213 150.221478039426 3.01531601081258 1.9054936671780562 0.398361043837743 2.5453476575535268 0.3877969501026717 50.529636336069764 3.580014042202099 1.0
898235 150.168226538599 3.01442464518417 2.1723524609443303 0.3853377126202446 3.1775063535377566 0.3736640007087035 50.11593151075901 3.9764799927216554 1.0
898468 149.895510536671 3.0133173901836 2.429415075424469 0.3729378450413121 3.669346860829771 0.362140839523149 51.366107808329154 1.2582739440326192 0.0
898647 150.364032951327 3.01300013662594 5.1566283838081395 0.3971349296795288 5.771275567868604 0.38681385126544826 52.31444549830917 0.8618685325461677 0.0
898969 149.652299940375 3.00813149777603 2.6763316700944224 0.3786711819566763 3.2536763692755213 0.36546085280177687 56.368268208537245 2.6414555320711224 0.0
899006 150.759192224505 3.00939770304898 2.3157919011917945 0.3826426613284271 3.125605177375915 0.37168900867520255 63.450233437918286 3.8565451568876767 0.0
899034 150.679384965939 3.01258380723646 1.671967105758933 0.3941745924494268 2.8188649322179407 0.38249315043148857 60.743990977309416 1.948985218510538 0.0
899097 149.659809164717 3.0087194900036 2.681085688797801 0.37903701999067846 3.350690949809837 0.3654669950399854 56.18654062186592 2.5127091142338793 0.0
899181 150.70062720014 3.00642076319573 4.314875837289781 0.37808091156943746 5.077955926294939 0.3652925352156067 61.181436437397366 2.300078862245174 0.0
899658 150.220463009269 3.0045574766674 2.256665961078747 0.376302992148581 4.200199329061239 0.36529285752195945 49.88210991237172 3.6549946492936787 1.0
899965 149.630266616011 3.00139516029113 6.440916743017091 0.41116829635876007 11.96926172492423 0.3982421899220174 56.65773024127446 2.4367782138755145 0.0
900033 149.69659119644 3.00159385420405 4.050448338473758 0.38145024033857583 5.258498131988087 0.3681839362975662 54.80165819493146 1.378928202176089 0.0
900360 150.438339466273 3.00688544548106 2.90610957841199 0.39806110355383145 3.326234712111659 0.38682257195447894 53.48974625992773 1.2077026884024868 0.0
900503 150.750934392153 3.00196639300933 2.1736955115163283 0.3831922484932055 3.023712444148639 0.36867045313269825 62.79331148697972 3.884924898804492 0.0
900649 150.529442115347 2.999087403837 2.581486892761975 0.36744738766833424 2.8582186299788606 0.3555656978390826 55.3746129680111 1.175547230017017 0.0
900744 150.291776560902 2.99194285547806 2.7136777215839296 0.4114708195195719 3.1630893141157026 0.40343546614045867 49.9407697942367 2.0127398782589827 0.0
900823 150.105503144441 2.99780764492332 2.318371751744412 0.38484146840358346 2.9591052148603136 0.37633953941308257 48.95290331453079 1.2546118815741647 0.0
900914 150.995808149273 2.99835206378894 1.948326155535732 0.4137060468315308 3.0707139191356485 0.40042352248256263 72.68031414556181 2.189938062989351 0.0
901070 150.254417188131 3.00062153852862 4.118712814781992 0.3927366800901783 4.192722466289648 0.38365942057336844 49.98499515232166 2.7689172538894904 0.0
901152 149.723750343362 2.99597527304798 2.9923732161557335 0.39396038109951165 4.396716695173266 0.3804054340532941 53.79691006068482 0.8925238344480994 0.0
901339 151.000631872762 2.99524981626198 5.89019422626856 0.4358624288859005 6.748260345667454 0.42481579618284504 72.76926864335383 2.360228185890538 0.0
901486 150.056676667171 2.995042431741 2.702436919180908 0.38187745852289395 3.475631994498856 0.3730139456301753 48.854938314839856 0.8592528982300934 0.0
901538 150.803582042112 2.99311901223493 4.18474621284632 0.38565910613980897 7.684035769901186 0.37277998805307494 64.39916656155124 2.5245240721443256 0.0
901575 150.645790768153 2.99116712621901 5.960166705236412 0.3942784930511036 7.453367559349733 0.38299378428487196 58.545897693841745 1.0847398057656767 0.0
901699 149.91225142813 2.99535086986996 2.5940900472831485 0.2652036230527519 3.453219547427366 0.2593729064168045 50.0849812136926 0.9274115545482252 0.0
901727 150.577929454759 2.9906223139254 3.3249699267308666 0.3740065098194641 4.404175416701573 0.36153941586887756 56.3459599902951 1.063259590793773 0.0
901774 150.729148636432 2.99138177941278 2.5676108675749307 0.3858700351994133 3.3882046466465496 0.37545414544451355 61.4876762835815 3.2420615249548637 0.0
902034 151.085495618944 2.98711864104257 3.5051195264513253 0.42360219639910013 5.881286093071839 0.4120094044843664 76.30896521669494 1.4987382111052596 0.0
902400 150.451339321306 2.98652085415635 3.3878974426485944 0.40008872560355596 5.531089190282165 0.3905589037446052 52.66788708820805 1.4062095087003306 0.0
902495 150.124952075833 2.9854439567462 3.2735190217525996 0.3851180460863402 3.84090758560906 0.3770039969812032 48.233163579828144 1.7879691944179723 0.0
902738 150.434523755744 2.98332353621362 2.798916102819506 0.39149613397496985 3.1751365730571215 0.3818454251674533 52.09594949777959 1.3017235220322738 0.0
902832 150.882851376269 2.98212847377038 2.105399025582887 0.37781212958955673 3.5999857049255963 0.3667216415837952 67.13292068808018 1.515087401346696 0.0
903391 150.233299090187 2.97922598780696 2.845092197280833 0.3709822663426974 3.4934767159388693 0.363616726356254 48.49953312914255 4.1526349635677935 1.0
903432 150.813587451158 2.97884304037052 1.9246345758463754 0.36564850834514356 2.4545725596587484 0.3532872681875768 64.15271306565499 2.369134881167256 0.0
903913 149.624496791268 2.97592769846933 2.711278813817757 0.376211601928667 3.2044381802878066 0.361236493941037 55.51382426766241 1.7548272203659225 0.0
904124 150.32905712009 2.97831939283003 2.485313200293287 0.35800927337330984 2.9572112506438994 0.3495686816643587 49.715822234142365 1.3011312586739727 0.0
904226 150.814452001738 2.97934495287159 1.3819777203234302 0.36704158605006365 2.3035391581373537 0.3536955842927734 64.20970386750591 2.343711851538759 0.0
904688 150.029174056111 2.97207156883942 1.9280399726822284 0.3670079314588737 2.3387119899776523 0.35866613761269667 47.59732217873221 0.612472464082564 0.0
904843 150.739959316961 2.97166677124702 2.5329983975595605 0.35915962411043434 2.7746962538092035 0.34668834950342875 60.963512307648855 3.7080222760305213 0.0
905592 150.226188104716 2.96604002403895 2.1308971415882816 0.37765658039769306 2.737459279998227 0.36877913483485275 47.64985857986856 3.950655904085769 1.0
905734 150.602367974409 2.96690138647407 2.4578723320984226 0.3710313912046717 4.070231502406868 0.35941962540420574 55.90048507377834 1.1721960618447067 0.0
906236 151.050109033628 2.96124298255266 6.611678608479155 0.41235265768082685 9.00877473668582 0.4012559016604772 73.68483998086074 2.921056107127974 0.0
906305 150.993454821241 2.96306974373922 2.9660069910110316 0.42999231461917115 4.535090731945564 0.418912525113013 71.16510118354097 2.716833382086967 0.0
906347 150.155697368264 2.96405200575877 1.6607533770895448 0.40084638794722893 2.4861139197786066 0.3934685381573787 47.045055877985064 3.4539365216320177 0.0
907027 150.445758432157 2.95615901411976 3.1013976680945468 0.385248707294058 3.683165975923669 0.3764164785438655 50.86623904315695 1.2415888813304534 0.0
907125 150.249692118154 2.95668158189085 4.714587836267966 0.39213111519397975 5.636003591610437 0.384402999746718 47.34224292145386 3.2261244140991057 0.0
907161 150.079185467848 2.95894692199546 1.2146684925997844 0.3561610749720087 2.0463633680836275 0.34723644526944597 46.63683930669635 1.2439735156099474 0.0
907298 150.175408396843 2.95506341303602 2.577332419127269 0.37254058386872657 3.39849027115125 0.3641070924501134 46.60682668503058 4.243989948070715 0.0
907401 150.996709771174 2.95969465745884 3.0487224041608787 0.42762213505795155 3.3395932974712115 0.416037395897492 71.17916181023205 2.869718194993919 0.0
907596 150.14707697316 2.95299358329333 4.737947587754016 0.3851959373191976 5.559160231857968 0.37807446846628645 46.34892368033589 3.4140196976022175 0.0
908108 150.732405799897 2.95250375580205 37.00650543036343 0.4035128255222277 59.9900010845643 0.38978051548515635 59.78632858798364 4.00383425884756 0.0
908157 150.690424146219 2.94803682232172 27.562306782462233 0.40032212709999465 45.8964927794224 0.38804977641453847 58.01087233914669 2.719142761819051 0.0
908346 150.890326132655 2.95059430034546 1.0435471174230875 0.3773519142697418 1.8691340112593238 0.36733015597782764 66.11380231893179 1.5569572672035905 0.0
908467 151.046413702365 2.95438619106123 1.9777596321084656 0.40587091052165136 3.5746095128090793 0.3942264369415442 73.25292707478309 3.1186346119860713 0.0
908545 150.709846007162 2.95450828139687 1.2932649226487418 0.36669858115855525 2.3565201526685082 0.3545459205389138 59.03264062822926 3.267204136628737 0.0
908678 150.258154148661 2.9467994310527 3.7663104709165847 0.3874205000940663 4.821682778204032 0.379313524591375 46.86017059335799 2.3554962532226535 0.0
909232 150.169250229772 2.94359136017448 2.641629700209264 0.3774117802460751 2.7856728110467164 0.3701560459913981 45.886937737618055 4.419645447149658 0.0
909390 151.004829515292 2.94242397180001 2.116453304695183 0.38173111797896503 2.9688553503817667 0.36924704998905333 70.87616222991242 3.1760316434642144 0.0
909649 150.181883179155 2.94115409925404 2.13428950803873 0.3789487839034495 2.3066174600689093 0.37201789007757047 45.816224097076635 4.313631750398143 0.0
909711 150.757020383692 2.9445967423525 1.521110097900034 0.37114289264656913 2.822418129538422 0.35813225095246026 60.37218081250688 4.28130028582772 0.0
909802 150.781239601312 2.94492103906258 3.4525305485326703 0.4020974602671422 5.147566271053571 0.3903412364514493 61.34352108841717 3.5366078460721075 0.0
910007 150.156350142434 2.94033213277406 2.2049443555991646 0.3941842267183076 2.6003156247057526 0.3877168063258668 45.62844523365899 3.884616855195102 0.0
910156 150.564139053304 2.93521596382692 2.2948395571508766 0.3642351317998684 2.7759125458970333 0.3543108210764494 53.07238690867376 1.3066110057292075 0.0
910454 150.243135332193 2.94012159837207 3.7243840778040775 0.39660170177823795 4.905711727872717 0.389522845369245 46.292599939262104 2.40754941953519 0.0
910684 149.759609176313 2.93323479971333 4.81947470342496 0.3993786944856225 7.080162587348647 0.38880030819635497 49.47984041017267 1.7399240022441884 0.0
910702 151.05174010162 2.9473746467557 2.721237048738065 0.40090438072400625 4.493364583165658 0.38852573081005254 73.2360247636657 2.94809631636622 0.0
910794 150.712232215938 2.93445342967707 2.81737246962955 0.36294871393332634 4.296023217840888 0.34775137110738646 58.18286056235548 3.6290952425623026 0.0
910912 151.065851526676 2.93124312855478 6.358364324794217 0.3959217860877813 7.95231621094577 0.38503088014817555 73.29947726092563 2.2245867035035625 0.0
910956 149.693142863774 2.93619198266112 10.875829135269536 0.4172863341604762 20.1012591231636 0.4054703795293163 51.40742006371621 1.0197391218878977 0.0
911203 150.754947132929 2.93395080302133 3.2832659986717956 0.36904361378978773 3.7768873222328962 0.3555170203710612 59.807954167772294 4.374616578900944 0.0
911354 150.804860267937 2.92857428837709 2.255343399982032 0.3635913096885042 4.041350551010314 0.35103060802801234 61.5779370703672 2.600753754900671 0.0
911400 150.183290993162 2.93232555947095 3.6939620416036303 0.38266393962960304 4.166171237298455 0.3758080746548684 45.2988197939322 3.941473465058045 0.0
911668 150.581661207157 2.93126237698635 4.377007937963882 0.35335556642315397 5.39594576821499 0.3421997823121928 53.430663618821484 1.5059715720003655 0.0
911705 150.796724697237 2.93329313918041 1.5884222141883468 0.37961122834315436 2.7982667015624365 0.3660536386457941 61.45173341562144 2.976985546078966 0.0
911722 150.742008223186 2.92691143020261 29.54629392583141 0.4170321396778518 46.035970393146584 0.4060298481052099 58.98112338849037 4.277942563055436 0.0
911747 150.0004505483 2.92745529048806 1.6155513845138227 0.41533030762301637 2.7509405259468918 0.4082560641275668 45.1268885229614 0.6983875727601859 0.0
912058 149.794891535433 2.92528558536684 5.107082346209764 0.3873529891421946 5.725419201309226 0.37734550358384683 48.20435706155605 1.9337672009774205 0.0
912076 149.990787165241 2.92488413911324 2.186406307150575 0.4378329886534732 2.5002043247340087 0.4316235141310713 45.054486700961995 0.6742901690753742 0.0
912185 149.602372344642 2.92885983949222 1.6635025029386383 0.4068806949763832 2.7969326295245507 0.3940442509734519 53.833747644844195 1.9495117577281404 0.0
912308 150.176736557453 2.92807159777201 2.3318963156668895 0.37292037277397044 2.7771816041391886 0.3658217438293515 45.00329758895857 3.7881481466525373 0.0
912345 150.088616271672 2.92500321628123 1.8943933443010794 0.3750220762492542 2.462760522332083 0.3689159400684748 44.58874753884301 1.4168285847788578 0.0
912355 150.09910944694 2.92885616942729 3.2966776540745193 0.37483769983506227 5.568537044535382 0.3681340524829101 44.814735289741925 1.5876016734440863 0.0
912721 150.72261365389 2.92124871473536 1.3113695150966185 0.3578882522329356 1.847799448719031 0.34585935914659477 57.968970179583366 3.840369563955783 0.0
913219 149.708275541248 2.91987413078302 2.760945559749622 0.36608008794709634 3.537216450635832 0.35468546077215796 50.11642297066607 1.3790172649970134 0.0
913316 151.013081923062 2.92777078532264 2.1218596714565705 0.3759376228089411 3.4578227267576476 0.36515299498236253 70.6958657888047 3.185385530167296 0.0
913474 150.685663887506 2.9165755285511 2.6751883113298476 0.353395732228649 4.0383245547954365 0.3423273787928785 56.34896821446504 2.7351222640072352 0.0
913583 150.641691373848 2.91715249008115 2.489163637741047 0.3574062202284601 3.446707577788443 0.34650237873787965 54.773649349435765 1.216991258076604 0.0
913604 150.997197622989 2.91277303772322 2.412166731242118 0.4007030414593517 2.857126563968142 0.3891356725607901 69.38949846257273 2.9465467425788328 0.0
913758 150.390954175168 2.91441489488728 1.3201829362693882 0.360527048268939 2.423730880586992 0.3532041131485617 47.28208638112161 1.442467823848146 0.0
913761 150.314685851567 2.92164039404825 2.2856382080519113 0.3823631430548959 2.846906966221995 0.37550669979752116 46.209665535322756 1.053229437413806 0.0
913868 150.984559200102 2.91721202047461 2.2660835132791517 0.3877373078880963 2.8667160988383853 0.37708204116233857 68.9740193723136 2.663559018726898 0.0
913881 150.710817956097 2.91588813801432 3.2472598023170183 0.35982713564500807 4.126386754075174 0.34781865025633935 57.268699805317965 3.51491474510649 0.0
914251 150.038178009668 2.91394826450219 2.2414019005616095 0.38662912881296463 3.9003237487796487 0.3802554510942201 44.07627711346267 0.9202437327985055 0.0
914521 150.755061352044 2.91358487953459 2.2435266361266084 0.3604437328168071 4.060835167173228 0.3471057454390207 58.89632901897161 3.8267614251864184 0.0
914548 150.400101346773 2.91402758822479 3.348888179873751 0.3601365262299209 3.645915833595994 0.3518933208380991 47.46554933728776 1.462137966175921 0.0
915023 150.585266837668 2.90703635082918 3.4072292856002946 0.3519135205157171 4.183052999443917 0.3418026272155549 52.3334465475244 1.3633126331320295 0.0
915080 150.023701440892 2.90768108905703 3.549148729088089 0.3916072557121894 3.873067221401063 0.38567626638896507 43.783706258685235 0.8400502974848846 0.0
915241 149.739784285978 2.91350433288022 3.75885925452192 0.36903089535691513 4.88373411811488 0.35880248240867196 48.91663784996935 2.2248084281595424 0.0
915851 150.448153599715 2.90162088351014 1.8927551071537068 0.3905621720924774 2.5320876979379223 0.38349571657241943 47.95892424044068 2.2127500445284096 0.0
916042 149.774356883537 2.90861125900582 2.3723753230366285 0.35864825795801325 3.3311547646304795 0.3471352410746757 47.769855933537734 3.273452660795524 0.0
916185 150.454923929237 2.90021864342466 2.2802429838815765 0.3903184201059978 2.6119454508765685 0.3823685836305189 48.0614437221549 2.3281367733622393 0.0
916351 149.776582559744 2.89880969016815 2.8863876526859067 0.36783510552988374 3.3779158911658507 0.35585094817003826 47.17876571319979 3.5660601920093513 0.0
917093 150.980844715199 2.89449196793645 4.138715662725152 0.40339598290911105 4.833090028816377 0.3920864793079418 67.93737293732039 2.060838745449 0.0
917528 150.340351001498 2.89440039821637 4.424071572033212 0.38046571391596995 7.502763033837601 0.3739267540562357 45.10978803750935 1.5851706297242243 0.0
917566 150.717403911441 2.89310895895873 3.2508413625965438 0.37006362805147164 4.186914689987765 0.3582697100075408 56.48261332803839 3.320049373809706 0.0
917649 149.968912897418 2.89206082033437 1.45424359316631 0.39056087003648826 2.6960891416068398 0.38325767030901536 43.32545141904979 0.7198272843859663 0.0
917680 150.46603640809 2.89833989777702 2.566070666811318 0.397099239765742 3.1629073491576802 0.389030121834634 48.25955481537231 2.351673359030751 0.0
917733 151.038904561003 2.89138326706122 3.8225419250154387 0.3985485352311974 5.181871177929621 0.3857728293722554 70.56334383504957 2.6215253598877615 0.0
917832 149.833965118107 2.88759997907419 2.569373109789344 0.37638391106141017 3.221755516447157 0.3689108936718657 45.24274387357179 2.9480154684613353 0.0
917841 150.74964047611 2.89486699238042 9.950638067485757 0.37495612548539353 11.244055855433242 0.36434280889902454 57.84504148378357 3.199929827473889 0.0
917843 151.028533516556 2.89134327626004 3.6721576484885263 0.4113649407402383 4.890383758610201 0.3984912406451803 70.06708629768283 2.739964287641141 0.0
917870 150.85251763821 2.89562065395285 1.3194266213907277 0.3866224713759314 2.211210543622217 0.3719184171283522 62.19479886190281 1.5732175493784981 0.0
918046 150.184562518091 2.89182635801974 2.714257458625035 0.3991351449484544 3.471351581958993 0.3933136653504955 42.89345610920245 1.163401177579165 0.0
918221 149.839085706378 2.88593886404143 1.6969993969970432 0.400324477689934 2.7420988339026073 0.3925249724965109 45.04199989652625 2.721664837244049 0.0
918584 149.822094618612 2.88383404629602 3.916985605904991 0.38118039639693224 4.495692924258078 0.3730644464312781 45.28822140939109 3.3290400917454175 0.0
918656 149.779580131944 2.88766606971886 2.0652193487273434 0.3771698353457297 3.174288815261804 0.36578420895238306 46.495539815042434 3.4767571831820243 0.0
918726 150.672920154846 2.88490246331442 1.9118144631060214 0.3840812903700601 2.655880042785664 0.37091727834412663 54.38999239845997 2.5883233095108467 0.0
918780 150.820932710239 2.88359763439247 4.561000847557329 0.3758785297581328 5.219191859304789 0.3592795510632913 60.33028098110761 1.8618882888045234 0.0
919494 150.741191841357 2.87725604369153 6.6863640811560545 0.36499518984540297 9.335481952485514 0.35130361071756266 56.723940083304704 2.8279397680334983 0.0
919691 150.159447072076 2.87755961653684 2.7590148710264977 0.41165793178623444 3.0062738287131174 0.4056412387312969 41.88874523349147 0.9938711589527999 0.0
920060 150.357218217171 2.87707757939425 5.576981655153053 0.37526714966821273 6.454929426097712 0.36716036499118765 44.46650164677613 2.432377560628725 0.0
920085 150.387261403202 2.87308715315107 4.407912420730664 0.40325755989664347 6.111806042701017 0.3967927506273455 44.901326809765315 2.9919403480745954 0.0
920211 150.474550889643 2.87651580784763 1.91467170892334 0.36471673889222095 2.881554714969864 0.35611033111399576 47.33702759537279 2.4814584820304098 0.0
920313 150.776344062947 2.87040142194483 1.662617873296563 0.4168594556679333 2.578636654805641 0.40669281385535483 57.87808209504798 1.9654691298071618 0.0
920371 151.046540442295 2.8745392242021 5.908943293290686 0.4024000046549551 9.84640014114819 0.3876365612527796 70.32737113378018 2.318456725923167 0.0
920407 151.008414248076 2.786043990466 3.355112845629814 0.3757498806408575 4.44290466892588 0.35943776664749033 65.41362052273709 3.8040681386017443 0.0
920962 150.805843254072 2.86882170197369 2.4753654633513267 0.38054937849556697 3.1745511726329596 0.3698366864395663 59.063952488509294 1.7987582882543625 0.0
921028 150.559182228093 2.86688501211148 9.050479889509033 0.3814120979966961 10.818279033793964 0.3740905501447141 49.461997680750976 1.6343904349844414 0.0
921226 150.560456816008 2.86641145928851 4.028348767992032 0.37887090468526946 5.045900257323588 0.37132688367473443 49.48097103263283 1.617386177215059 0.0
921275 150.853236099969 2.86735521558541 2.6498799877224712 0.3829310057726336 3.3098042709476068 0.3700884905798572 61.071773428806125 1.3879330816700683 0.0
921385 150.267036359964 2.8650594052292 1.2866642727190418 0.4141598752617786 2.3960650241403867 0.40917761166016375 42.19210815187684 0.9148049710848123 0.0
921441 149.803725451113 2.86530068048309 2.3894075562050694 0.41256052555047557 3.350399216516814 0.40371462948572334 44.68220293702209 2.8016657958639444 0.0
921557 150.406037068204 2.86367115681992 3.6435132331198954 0.3926546333472386 4.202836163377027 0.38623388400551845 44.82877118309484 2.9611392760046384 0.0
921809 150.515684434291 2.86233383921375 2.6002655290897794 0.3759569191465855 2.989895140740568 0.36853542518839283 47.8266856119381 2.6978365818070364 0.0
921968 150.709171992941 2.86342163813868 1.8909279984836103 0.3813047843835336 2.261734458694901 0.37092681861216864 54.8197238033448 3.26349905204082 0.0
922247 150.920899387155 2.85934759590172 2.8447173089487956 0.41827995721952294 3.1302904987823887 0.4079159848816282 63.82148782228142 1.8405969249289897 0.0
922348 150.621602114263 2.86002008929884 4.146483918065906 0.4272710158070881 4.370953459170835 0.41893108075017976 51.310552683416944 1.5242933424150957 0.0
922416 150.493993584052 2.85660584946862 2.7194809395531077 0.3668397004257923 4.186669092546953 0.35932263881828036 46.8652327966217 3.5490982135222837 0.0
922642 150.688621954186 2.85567253686365 1.8826076139430508 0.3964192079376827 2.9420796119939863 0.3864320103249435 53.65597618853209 3.654817362153548 0.0
922753 150.674707092118 2.85633998206135 3.203306977077108 0.3916160633694636 3.9386573008902825 0.381400025414182 53.14170132552195 3.680164336094455 0.0
923035 149.712197028791 2.85415388193106 7.171322795291223 0.3689777158898284 9.23367734702384 0.3596764298973411 46.55182867836984 1.9982293164547422 0.0
923165 150.845816503801 2.85333443078977 6.92404319158052 0.39452211749631066 8.175674513416366 0.3821010325227069 60.17754892020007 1.2833576759427692 0.0
923220 150.323029391982 2.85777954154913 4.889950302609488 0.3981490165982734 5.619873079529521 0.3925229465708649 42.69700750841517 1.8310107630844061 0.0
923506 150.391768023938 2.85174213774577 1.9175468749738729 0.38428636846761305 2.948121198532922 0.378010614973426 43.82844546614332 3.8926273310134145 0.0
923622 151.063644375796 2.85057062296271 1.6506916173687267 0.4142218037265055 2.7331363230197985 0.39725989224629943 70.32734520258268 2.1876942631569865 0.0
923837 150.363610464565 2.84836316821969 6.359512932547966 0.3974538025861954 8.11233578984502 0.3914894298113151 42.99408353018297 3.605773663816441 0.0
924120 149.835663399929 2.8502901123198 2.382483402784716 0.38534020788045364 3.9551188676392597 0.37511291510445804 43.11760100791698 2.412026849421609 0.0
924299 150.732510473923 2.84785484200692 2.5857942501129303 0.38157530910958437 3.6204755485590403 0.369012374129224 55.08023992198373 2.372763417832013 0.0
924316 150.676982417327 2.84891889866909 1.628113412744383 0.38897082372917996 2.6957595603392486 0.3777474196057528 52.892598531131256 3.792065030548072 0.0
924469 150.38582034008 2.84661065049295 7.579752168149051 0.3901633973096915 9.027176587678483 0.38345121987823105 43.40436242007249 4.018842431377986 0.0
925168 150.463590621371 2.84183745869312 3.6355339776231097 0.4080299464897046 6.213554474769781 0.40103612556289886 45.195636283335034 2.978444288226067 0.0
925336 149.655384935167 2.84557358952793 4.938828429357392 0.3722940757111255 5.878356512500207 0.36177212105557854 47.9138116701129 2.0522945587050363 0.0
925378 149.682301523075 2.84671998356414 3.1697664335297855 0.3786714535200894 3.466052681344372 0.36814024997363626 47.09372422275554 2.042743607002222 0.0
925570 149.624411554162 2.83752901760776 2.747968382519186 0.38735267985684607 3.0948437986297637 0.37565075231970413 48.57922949761291 2.306789953487297 0.0
925652 150.176104991902 3.05821222231597 2.668031250130229 0.3933893584012503 3.097685435610855 0.3803228775832199 52.773571962396765 5.435401813610968 1.0
925733 151.000634138814 2.84036162893089 2.1760039156586424 0.3978735341716955 2.5117218962065313 0.3818007258807003 66.89633899344238 1.6554469642438938 0.0
926043 151.07925815388 2.84712178005452 6.49509174445397 0.410390948546897 7.903336143302861 0.3948141579714464 70.98156619972444 2.10922851119678 0.0
926058 150.502598727046 2.83736824783336 2.452212632543756 0.3702377490914262 3.829633033126527 0.3617401298478777 46.139709107764816 4.410761352683266 0.0
926080 150.393004602311 2.83571152223721 4.036110420656932 0.37711122965937394 4.499592186513907 0.3713139545856118 42.97850102428345 3.8073610495735286 0.0
926268 150.338638336864 2.83865758880769 2.039980873510989 0.37638350104142143 2.505402849941624 0.3703660239758523 41.91894479892836 3.0015902291567427 0.0
926357 150.119604499535 2.83535448359627 2.180169126699272 0.4119956535655783 3.0780523743506074 0.40667291374025943 39.22221042447017 0.927782500586378 0.0
926398 150.885628528382 2.83194604289606 3.475049817138221 0.38528465827038405 5.1485898239424435 0.37388089446661277 61.14487900015314 1.2208022111196664 0.0
926418 149.846266090575 2.83427317835911 3.321597552483042 0.3856852732645556 5.955975893862619 0.37796790477730724 41.990985566397796 2.0680226954997463 0.0
926492 149.843106002921 2.83266040719409 1.9806296320486012 0.3827416596120623 2.841485957543438 0.3762275609773768 41.969936909368165 2.0690291913071 0.0
926532 150.497103203167 2.83457660886541 2.2908816351388435 0.3709251713393509 3.7079855910127146 0.3634915517775905 45.82507483620914 4.605044332617539 0.0
926817 150.643928819773 2.83245574928295 1.8685671204285634 0.39186437430872906 3.142165830306487 0.3829187697834527 50.85700530782954 3.216417281132502 0.0
927097 149.747436343707 2.82806596879827 5.96199871296307 0.3786506104925805 6.497995356342323 0.3702385103739429 44.15345266307844 1.2871527991332654 0.0
927166 150.490950313801 2.83354822294702 1.8720088918385158 0.3704434261795638 3.5055570343033304 0.36273756671342294 45.581655580961055 4.582908291204064 0.0
927204 150.494035065152 2.82784142765805 1.3652479578539356 0.36297895766284366 2.2516650557091458 0.35626199006610415 45.38429208830167 4.55349811462319 0.0
927261 150.355985493162 2.82919980704411 3.2755337127200095 0.39592374767349175 4.225272369031092 0.38993879553062594 41.756816401529974 3.170535778583168 0.0
927488 150.970626545682 2.82724424268615 2.612906476333004 0.3739210452931527 3.806231750164735 0.3619674018703462 64.98160239341942 1.3679539577080038 0.0
927525 150.438695482655 2.82624922612575 2.4432111686360263 0.3813895934132631 3.57222168317269 0.3749181960236194 43.66512480968746 3.4202841922767324 0.0
927573 150.489852160688 2.82821739186479 1.5565954379799796 0.36687808487822643 2.445709134957534 0.3579349257945406 45.273626549206625 4.5026607882481295 0.0
927719 149.630122683761 2.82414433721204 2.6389201904153023 0.38748077110991397 3.423728239886193 0.37759308090654004 47.7285564591312 2.90592400461719 0.0
927730 150.332002248219 2.83037229102039 3.178246184748661 0.38289740582052295 4.345763375951162 0.377875246305262 41.316447141951244 2.929839870279292 0.0
927767 150.142978846417 2.82505572751167 2.4257138934443008 0.4438588213712547 4.180101594127824 0.43903675362862576 38.67258376770735 0.9951294613840093 0.0
927804 149.910951307612 2.82732199392624 2.33073776245997 0.3925746260090277 4.196200151836051 0.3871293707673056 40.34673035154005 0.6039979259696149 0.0
927815 150.970217314448 2.82831456632779 1.4780906258139854 0.3739440650216557 1.961880426895182 0.36097392476856355 65.00018157440417 1.356092442698883 0.0
927914 150.676231032015 2.82366161184248 2.811107036724238 0.3994564551370839 3.2142538821301665 0.39188455898230706 51.72565370389036 3.1780498964272135 0.0
928740 150.649468524917 2.82921238479353 4.7707766998844905 0.3980844404233368 5.535858035077771 0.3884811880720995 50.921983172886875 3.373745860774016 0.0
929153 150.037138017031 2.81590477321603 2.0643413401786295 0.39243808420430903 3.362222702761881 0.3865860727615682 38.223803960535584 0.990459933541419 0.0
929226 150.306968966924 2.81604663776889 3.1240190249351505 0.42484386310312827 3.6364401189120437 0.4202767373992592 40.017790151767414 2.5811080210988115 0.0
929344 150.300804716104 2.81844551818688 2.707286874672377 0.421638884050881 3.003841797062634 0.4169491637344706 40.0420330445874 2.2897353461826526 0.0
929366 150.429708097776 2.81526823701172 1.8553594112771197 0.38158882487588414 2.57660050744389 0.37569994547789 42.83171106578182 3.6905407199339413 0.0
929375 150.372677142483 2.78056377200451 5.727908143052857 0.37522667480453675 7.1142110304554205 0.3702847198961774 39.461479957516495 2.84938144792491 0.0
929424 150.044788453752 2.81315342178309 4.020482227631187 0.3875590491038291 5.187558503743096 0.3823907951426013 38.016866867235585 1.077385375072107 0.0
929474 150.733948266939 2.81931641198336 1.505954792755075 0.3720503026887897 2.672764567557007 0.3596456910800396 53.912069058995584 1.9978272732439633 0.0
930020 149.687450467218 2.81667115521987 2.704074373584281 0.3960950939479586 3.443788311020098 0.3880668310249766 45.40813791832334 2.47168810356596 0.0
930113 150.497408753064 2.81212023886309 2.7117912625011584 0.36547418167186113 4.398880383763186 0.35920214228610853 44.68908065255445 3.593848839620792 0.0
930204 150.429468261046 2.8115462404979 5.893762203637504 0.3680953712080106 6.870782250960101 0.3621904286577111 42.62706176521294 3.613697934424961 0.0
930759 150.718276852283 2.80634091448101 2.925674494900509 0.37063562157031915 4.561718301498598 0.3618046279534437 52.69795238504262 2.1210380490163208 0.0
930794 149.871685708783 2.80946505166746 2.921436626799212 0.3631175273518985 3.834077545643716 0.35661454717227137 40.06141028041883 1.132429152667565 0.0
930801 149.636259141971 2.80783914878506 6.426246960161947 0.3702116897600179 7.433824743868262 0.36143128669189917 46.72263255213062 3.154116086773648 0.0
930811 149.633287956318 2.8067787500285 1.7251957697003104 0.36765383813110847 2.333420272190322 0.3581722353577098 46.77781406364979 3.1177712499652186 0.0
931032 150.652027980154 2.80791580987327 2.618832539066353 0.3645283057482123 3.093325275270564 0.35632155228009627 50.05577225350285 2.750617145935209 0.0
931040 150.572191073328 2.80391611213304 12.444201131689617 0.37490312543177673 14.607436835139454 0.3678305227773759 46.83802823811647 1.1715501977312643 0.0
931057 150.159422273472 2.80581321165468 3.2943859546100325 0.4516706304468984 3.5671626705720603 0.44672305106824806 37.60121659454513 1.1635760055232403 0.0
931068 150.53510640905 2.8034570450232 2.628373939784998 0.3652909132996869 3.098420294095174 0.35936891280178535 45.50656988232793 1.55281780841535 0.0
931851 151.006660088501 2.79865109512989 4.2576508047928625 0.38334953137200434 5.131562379325529 0.3662162191788849 65.74860333781099 3.203644838612904 0.0
931961 149.981497161644 2.79999932791704 3.211788698969112 0.3881262941950099 4.777265739728602 0.3825991155515269 37.75750462316876 0.6662005728503453 0.0
932142 150.188245256996 2.80449861229992 2.750263056410872 0.40480182654307273 3.1122387645763667 0.400475248047806 37.725932395805266 1.0919637421043196 0.0
932373 150.395806019143 2.79739951208035 5.725323706541277 0.39577521627261886 8.346886410634427 0.39022078596304216 40.96379697039251 2.8888378291410333 0.0
932742 150.297668135709 2.79444107954734 2.8805669380861487 0.4351775164800385 3.6012950975056124 0.43060564304276033 38.61272972813279 2.925776092969576 0.0
932765 150.299586600076 2.799448859943 2.0729598580955018 0.4099265448402901 3.0460213848371245 0.4052699418129042 38.93398557205148 2.840935169297776 0.0
932859 150.177280669172 2.79614425360151 3.8855442528420214 0.42277371181547696 4.713859331823174 0.4186548642058546 37.14200573388584 1.2107957982485003 0.0
932906 150.489988657066 2.79258734210588 2.3523489927734818 0.3694578246274512 3.3280260908203623 0.3631168015768467 43.46121100251398 2.3259042587192456 0.0
933100 150.758461309945 2.79245579085158 1.5264019998624234 0.3622620160743218 2.6544529623431217 0.3534113653421467 53.848947385823145 1.6485801410121552 0.0
933728 150.834943820427 2.78939219336441 3.7778536887660334 0.3529219286429586 5.631513403678684 0.33994060816307675 57.17701357822332 2.19253653838196 0.0
933855 150.668347161357 2.79020973561255 2.223284959176046 0.377028278346338 2.3770234410812394 0.3694769925498734 49.92614171784393 2.877022057603171 0.0
934009 151.031162307403 2.78658483086716 2.1793545204145244 0.38940445959722 2.9068883626478152 0.3722528514087408 66.57069887687567 3.587139706034136 0.0
934075 151.087207726585 2.79118498664564 2.069553586428119 0.4426902517673819 3.256593702205749 0.428169495079714 69.55626517697684 3.4188389842802884 0.0
934190 150.49901878104 2.78587960896223 3.318583067209336 0.36953215256915223 4.838458363428138 0.3636471612847086 43.418329170249336 2.0635053854210184 0.0
934287 149.796356843191 2.78836267053549 2.203742981691091 0.39362957873236165 3.419328942345922 0.38686583467577385 40.683717550689416 0.8197879459382348 0.0
934652 150.201696668994 2.78482152266227 3.4818254333737113 0.39346432969831574 5.696774914863136 0.38813107128546037 36.68270022593495 1.1891152241204255 0.0
941096 151.287144974282 1.56750134864994 1.5933530409481025 0.3933158862523872 2.877567324948435 0.3791015206812749 80.16978174614044 1.1516016146399957 0.0
941640 151.485267070461 1.58352279447409 2.57072882239663 0.39272085154020153 4.317115590178956 0.3709694551382638 90.49830936247633 4.854838230539219 1.0
941913 151.438648406034 1.58605945865916 1.7474161221855482 0.4002273080580243 2.7773479142172186 0.3805900235059027 87.8770691258113 4.891487385968221 1.0
942132 151.147579122344 1.58811426318834 2.3111556624384715 0.4020940790742391 3.2736815562419257 0.3913341518193028 72.22113525998014 3.5030119884032622 0.0
942232 151.265095684949 1.58833759785037 3.1065287852306684 0.3885528461457171 4.4650655328671505 0.3780139669594948 78.42199388408574 1.2638976422324901 0.0
942395 151.329259002983 1.59025651974025 2.529499393750109 0.38954944886028303 3.1970386710408802 0.373930897995057 81.81857282286944 1.5411850127141289 0.0
942474 151.49661708767 1.59091729326888 2.2810166664682745 0.4038295824089051 3.2685975879208384 0.3817159224749097 90.94941803086071 3.6313187533802234 0.0
942672 151.458116918585 1.59256543946136 2.4692692689074787 0.4045131722581106 3.016180144684371 0.3798723853895748 88.78849197744263 6.060413287964174 1.0
943575 151.146646845231 1.59968759948867 4.347719315074836 0.4064048792247917 5.7826194622607465 0.3965522916706722 71.83206834950262 3.377861477183108 0.0
943633 151.457038050337 1.5999090018805 4.935590908087567 0.40338226957672507 5.55014117923213 0.379452226828102 88.55431866577179 6.047476012962796 1.0
943693 151.42143550432 1.60094222163744 1.6853587044977623 0.40445357464148396 3.0682223068536674 0.3840056696837743 86.5714550862409 3.9700835752223376 1.0
943898 151.303863983031 1.60289160571705 1.7870936917872393 0.3724080865130182 3.2363476142625305 0.3588410302484634 80.11736419686065 1.290826524029537 0.0
943998 151.664188007919 1.60290345312386 2.8537529373299186 0.4919484570213534 3.96609441191395 0.45555172193588045 100.02709752849108 1.0586087371952915 0.0
944250 151.220232408087 1.60439194206046 5.822615286363917 0.3728596240384385 9.871639491196072 0.36019344612219817 75.58826708447214 2.2050633156526405 0.0
944364 151.138131957021 1.60683724130087 2.246571298483687 0.3818020426086871 2.382618218927704 0.3719733657571233 71.17728554622335 3.2993966854723595 0.0
944373 151.661267744733 1.60621914538309 3.2379347428311056 0.4920259833963535 5.473489361540737 0.4570957903757261 99.7937815267069 1.1142680583017757 0.0
944492 151.398239942375 1.60706891054868 6.6834798997363976 0.4044422383732 10.008570884733365 0.38427177501737536 85.15039133011197 2.986438537864038 0.0
944554 151.608022723537 1.60815941649398 2.5936815470028938 0.459356829316123 3.2470823496479353 0.4304027650068201 96.76301260494456 0.9520266442393925 0.0
944575 151.108287608031 1.60867190199464 2.192636636289694 0.3792479501090356 3.240957700157514 0.3692045055504875 69.56287100435789 3.241066358796131 0.0
944827 151.406645092813 1.61048221776342 1.5946886784739873 0.42070439700554646 2.9697664643972868 0.39608750749246985 85.52908726462022 3.300608094928367 0.0
944960 151.703717483635 1.61145500556071 2.35184971260678 0.5596841571487289 3.4692816384739653 0.5123104231841044 102.07989374404139 0.6172449022113485 0.0
945161 151.448300752782 1.61232205906458 2.9210891805509243 0.4080626684879392 5.376201649394329 0.3832523936935828 87.78016682323212 5.75098244986868 1.0
945486 151.456878928801 1.61640033549167 2.567680264737059 0.4143417127203248 3.709129133952348 0.38737839386420975 88.15965142985992 5.7542699757279845 1.0
945802 151.232135579198 1.61914232139615 2.9675356808334734 0.39984216679197504 3.4677474602347735 0.3890398646952406 75.82483367829089 2.0263911987628638 0.0
946105 151.123164107527 1.62165547198766 2.1907288957788866 0.3870884000594229 3.564167431591991 0.3773733140177145 69.96183107907372 3.1356738640270674 0.0
946366 151.366335915606 1.62336349756226 2.6281244009979297 0.42919595888285395 3.6309836565346822 0.41009636894062107 83.00493785600418 2.051326364885124 0.0
946916 151.397745585346 1.62850939073782 2.1201022730462022 0.4225125925795292 3.609067745421519 0.40206290151529916 84.60977054542573 3.0648045766304284 0.0
946943 151.391676180093 1.62845716881776 1.5952226019692357 0.39816130957924734 2.9838629471296274 0.37646453902544025 84.27636696218703 2.8574737916424087 0.0
947022 151.136448688802 1.62890445374187 4.458070287874128 0.39358729753628485 5.5275073537400505 0.3843900154050778 70.45551230538096 2.798334780972683 0.0
947271 151.165873537777 1.63162766046079 2.383105665846883 0.38401756621869765 2.86983491928286 0.37370555981070513 71.9416858148312 2.091866942582254 0.0
947656 151.468197263316 1.63429836395423 4.330572985457516 0.40473459684059104 5.6726120680335095 0.3801223754055372 88.38124622539955 4.4713098811151335 1.0
947683 151.586372757757 1.63496332403468 1.7135220177779882 0.44940256680709756 3.120693228559679 0.42225574444904046 94.98257929785618 1.0088844624190996 0.0
947764 151.451693301121 1.63582751572009 2.4469671150699073 0.39904562457960746 2.7296205132362386 0.37383404954042565 87.42881751046338 5.03459520855362 1.0
947893 151.376293072009 1.63661870283389 5.066633396209609 0.4074503354363555 5.663779400567102 0.38781286282774563 83.23545538024014 2.286075947336155 0.0
948086 151.494988446699 1.63857680570272 1.8645075337841135 0.4173082683778538 3.402885608927759 0.3929928600244527 89.78101581927686 2.790062317812441 0.0
948438 151.097522169552 1.64169187685657 1.5896524114931105 0.3707422029265288 2.46520222317315 0.36114009671529956 68.0360958942599 3.6948844957003057 0.0
948800 151.453393231252 1.64477221110034 2.2323635095546055 0.40977553007651907 3.599442296414824 0.38422717702690473 87.32364231629664 4.511684745790599 1.0
949023 151.511536396555 1.64678442450357 2.1538742693898265 0.436764798202773 3.21284761346926 0.4099065949601092 90.53030107197519 2.073026125614155 0.0
949085 151.503077049439 1.64722204988655 3.4744383927782607 0.440712963381889 3.9383552537939712 0.4209846786987452 90.04681658600487 2.3346054481354086 0.0
949121 151.40750244204 1.64729209875535 4.589693019518688 0.42765449242627623 6.042224705514134 0.404187600245286 84.71470881382213 3.4005226071884027 0.0
949130 151.21315978484 1.64788364059447 3.3367803917992807 0.37830593954768843 3.9487848111070663 0.3680895097449571 74.04478978447922 2.3133994020606337 0.0
949956 151.445815339179 1.6541607102325 1.840119072507547 0.39914107671792365 3.2608624196293836 0.3736766167002262 86.69393037664886 4.225204407075579 1.0
950398 151.292844605945 1.65821216801979 3.1320001958525467 0.39202903553070556 4.89248243340439 0.3782378317433769 78.12835030084672 1.7502880229449143 0.0
950448 151.261549299075 1.65912157214463 3.5434488977881267 0.38605066210487243 4.516910627723609 0.37389291188919466 76.3914701289176 2.6387191430830743 0.0
950664 151.252057749202 1.66071217800872 2.4296903710935 0.3848676763725824 2.8405818421801494 0.37247724109154035 75.83342523860799 2.5681217835900725 0.0
950687 151.42939274887 1.660320887563 5.053724566343466 0.42906092697896964 6.500940775969007 0.40388139079264734 85.64204489022076 4.038108558023934 1.0
950840 151.340562627447 1.66056578385497 18.782388894625285 0.4128770348245065 30.331737010904792 0.3913371907077718 80.70146797934775 1.023031177253529 0.0
950916 151.207864083062 1.66269354212237 3.193918763963559 0.381717096979141 3.4640575129331874 0.37082060485580104 73.376707870187 2.6007180512637387 0.0
950983 151.426132152719 1.66217449028221 2.9265835829903835 0.4321174756684049 3.7425776268053195 0.41160351028119196 85.41936796082 3.8647531634793872 0.0
951304 151.151696379905 1.66597531711055 2.1945848768959144 0.39972807725431414 3.4487364502353746 0.3900587395376216 70.25472693730134 2.290808236863488 0.0
952126 151.499642088684 1.67260243753151 1.8656374938131655 0.4365781456306072 2.4443713794184743 0.40662728436945994 89.32141202248934 1.875159503605173 0.0
952668 151.119642767476 1.67650072747219 7.154211551022589 0.41907717715010767 9.60270799131889 0.40945548578001745 68.25140827757522 2.566397885719124 0.0
952672 151.275714923666 1.67696838663237 4.40596122411475 0.377977505875748 5.14265938705145 0.3662754314602655 76.73740559005977 2.1426797093136356 0.0
952944 151.203033924889 1.6790199855729 3.5903186323556295 0.3791869797133054 3.9511392129702974 0.3676221839509444 72.70228193045669 2.7686142679160484 0.0
953152 151.131075598959 1.68098463145437 2.675224731947711 0.4028510872950487 3.2536149468934354 0.3927215701629485 68.74814411514184 2.598816993468948 0.0
953320 151.698924732079 1.68177334782421 3.1672131410206363 0.529292893835923 4.238149889137251 0.4856252436727001 100.4674805327603 3.0141939852838573 0.0
953886 151.544932707798 1.6864665453964 4.322054244378708 0.4515662235476299 5.026230913576771 0.42826134318150094 91.60444430670708 1.6159135188603273 0.0
954159 151.704492676625 1.68890233847348 2.30713075595758 0.5385230358337336 3.5623615951411773 0.47503252567507914 100.65945096603294 3.1826331522364115 0.0
954296 151.79326015742 1.6894048647369 7.2603746592490275 0.840059801916915 8.59726825903432 0.4998528590468537 105.75050816556005 0.2533877729246647 0.0
954343 151.210938356805 1.68959805249398 2.994030883771801 0.3727161429325656 3.716980700880918 0.36178922170978123 72.87402262590764 2.6162823111076237 0.0
954684 151.139482163636 1.69347812882725 4.520482887162669 0.4113046549663483 6.01540052908591 0.40184633006374265 68.87938678337262 2.313343927289008 0.0
955853 151.596927689616 1.70442487043044 3.3513630966866597 0.4893544821862603 4.465617413430625 0.4599540031121031 94.22537002232708 2.477441071446851 0.0
955919 151.686620811449 1.70434517092618 3.062785090769943 0.5360544755793385 5.161099914806443 0.49397480154256135 99.3640137218315 4.338479810248736 0.0
956159 151.776217720698 1.70702307766847 3.3086674503976172 0.7251698646735673 4.830515169407851 0.5386025731201861 104.47591932742128 0.7347962192621454 0.0
956445 151.678033450948 1.7086152579359 18.881668183769232 0.5256193663792038 25.388734438016424 0.48069454583548527 98.79699839350492 4.4102119883676325 0.0
956803 151.653089987309 1.71336184422988 2.170983579820345 0.49542866093090254 3.827977483523635 0.4518058959214769 97.28252736508385 3.391810010904986 0.0
956867 151.704646859612 1.71339871640866 3.7432583378223723 0.5706551601420138 5.699503468358169 0.5170068319291131 100.24557910175862 3.613197205935292 0.0
957013 151.326647504788 1.71600788587006 1.4339873755948611 0.4142070989940455 2.3380751126245762 0.39598359592433635 78.68954220616936 1.1845279283066694 0.0
957153 151.667405491734 1.71674765299422 6.745728859485258 0.5101630076862865 8.523125366080428 0.4626974471606346 98.04652940872664 4.197760106052801 0.0
957313 151.571783347808 1.71884463409307 3.026047599718233 0.47277095665245583 4.305042915079431 0.4347725761201892 92.5262758450142 2.3678621195267713 0.0
957395 151.492790147726 1.72006352567948 1.8994684353843354 0.43378235082715694 2.9294111305794823 0.4016318397903498 87.99648629400446 1.0883438141790158 0.0
958161 151.603156059343 1.72774934907051 2.410213867841923 0.4392928369663287 2.7617477342179053 0.4008745303663721 94.16617486352028 2.720854617760313 0.0
958214 151.456423200127 1.72820165381359 2.700755585069793 0.4170876906701022 4.177070441011303 0.38734510422234497 85.77304309867026 0.9478643376761752 0.0
958271 151.132995272043 1.72876768327359 2.6166955098161844 0.4081624238184814 4.516827012246948 0.39764085835527524 67.64851598697473 1.0755346458830954 0.0
958284 151.672123979675 1.72887150642103 2.734688734589804 0.5002675447170815 3.413177587471985 0.4466443622744071 98.11345189109969 4.20582980890337 0.0
958757 151.703065061828 1.73277692985682 5.6329438913598135 0.547912879756442 6.893881486825581 0.47115661681669696 99.8339001841524 3.215457535504771 0.0
958908 151.254414182758 1.73466759470603 2.192683720643457 0.37404238307042037 2.446052897704647 0.3607121751751014 74.24416662656837 1.4687895371114277 0.0
959121 151.216964588996 1.7362988997684 3.0513155889877477 0.38951411048757756 3.7986969643371737 0.37804739473265364 72.11853728958879 1.735783996514023 0.0
959314 151.558288905326 1.73730020364387 8.14126646850743 0.45179852100013285 10.716412729687615 0.422929751493956 91.42506836899973 2.18618529769638 0.0
959741 151.671424085698 1.74154033922654 2.2882434195101156 0.4825971830215308 3.4880113210711596 0.4284092173361525 97.8648254468256 3.5703360157705193 0.0
960062 151.697215230049 1.74393701321809 3.6538294675193552 0.5483567915859087 4.639341182187127 0.4680196735464433 99.31660683831467 2.9310484833707195 0.0
960199 151.670207041823 1.74521778935518 2.453891572379107 0.48634425506960016 3.65616591231436 0.43017455369155205 97.73507405245627 3.3213572651299863 0.0
960776 151.354376500183 1.74935647095428 16.11357810514149 0.42353150093093744 29.161888347633877 0.39478476363207365 79.57036121705508 1.6862517875224274 0.0
960944 151.618545293467 1.75059006009891 13.805177370066465 0.46217753861810873 22.655532364500665 0.4189154350789409 94.66548592694544 2.4549623358329655 0.0
961032 151.284773900269 1.75184961564714 4.153491981643016 0.38391453226054717 6.579382314793576 0.3689221191416951 75.58596386219911 1.232026750950899 0.0
961110 151.570712297142 1.75188977660928 7.214454476031801 0.435536618358977 7.898487826969414 0.4006294209894659 91.88786555052562 2.3212195885604605 0.0
961382 151.353632568218 1.75271202727414 237.32917781288515 0.6057926883690102 329.5930547948796 0.5844360835547758 79.46264368627736 1.739843313312323 0.0
961637 151.482966699442 1.75725626679254 1.7362309866940278 0.4043773883758006 2.9260165079845644 0.3784436842065155 86.75528634517244 1.2929161072798607 0.0
961743 151.616278869275 1.75782117156214 1.6177660895950092 0.4523320373195039 2.9969637794944917 0.4002998489306278 94.41672327110756 2.2846276446410863 0.0
961898 151.460692404824 1.75907061030638 3.422070240755019 0.4082360474599765 4.203995177021593 0.38626749595373605 85.44700469196094 1.288062117550327 0.0
962444 151.516863108156 1.76349575564394 2.8355497191380943 0.44161775734268593 4.3843704280240035 0.41335129475349497 88.59325476809336 1.4965353132680514 0.0
962776 151.392670722933 1.76558223740005 6.485756923689945 0.4103065061941022 11.214064788870214 0.3862363335337995 81.44025740235831 1.2563857151863684 0.0
962788 151.320083758146 1.76662848663007 2.697647078428607 0.3824454674065261 3.7097592889157807 0.3661265075077792 77.28871864413088 1.5670556225735313 0.0
963090 151.420777345667 1.76907487102321 2.0229253882413833 0.39365234446963565 2.9315509684992964 0.36631691689224366 82.98313267809178 1.1737871723229871 0.0
963316 151.5512344775 1.77019794309519 4.486689158162115 0.4242621204061238 6.010780866087872 0.39351008805062737 90.46088603645094 1.8843517783836459 0.0
963764 151.581081590457 1.77427239432 2.021530676565412 0.4374136369452697 3.526080305709933 0.3915417815717581 92.11858735055779 1.8744944404340733 0.0
964842 151.63808635257 1.78340204253081 1.5273645908068574 0.46403921538872456 2.8280623583881552 0.4107667016931151 95.27924917682788 1.718508374322926 0.0
965011 151.247126350376 1.78483758208962 3.0260159216081317 0.39282314052393064 4.6207800197686675 0.38121664230820795 72.79588016145698 1.0508486202565326 0.0
965690 151.521376484291 1.79021718913305 4.472853927750578 0.4430876707457321 5.188193539345586 0.409824913321564 88.41253513938629 1.5314122594576018 0.0
965758 151.186067399558 1.7903138345571 8.579235771121935 0.3702486470250588 12.262218861212288 0.3578738717625728 69.23426707718511 1.3017617732931128 0.0
965901 151.115332579091 1.79256769649959 2.3108368185768042 0.3628226634596713 3.170390381793739 0.35123873505312625 65.21177009315605 1.3946676765185093 0.0
966025 151.236356031648 1.79334379379598 2.120577536785246 0.3750338550157213 2.8752482846964798 0.36123841857040073 72.01892430452975 1.0821834365804797 0.0
966203 151.715557876921 1.79453097242427 2.5723742423712928 0.6295253052909651 4.07783544596898 0.4377334664518063 99.62465830329907 1.0377424531000008 0.0
966228 151.338257497663 1.79511648978108 1.937460287508514 0.3833181312542189 2.589924007454755 0.36455642434088853 77.79354456781844 1.7433759901425556 0.0
966527 151.730463932738 1.79744738487256 3.2913296708067485 0.6242209765706529 4.741690945822633 0.4356715345818334 100.45361542598567 0.9439603418667117 0.0
967539 151.363518439338 1.80611806065533 3.0147851751633175 0.39857714877693395 3.4561596259773473 0.37637153982953625 79.0495301072302 2.346774578365898 0.0
968187 151.365586583265 1.81170142103224 2.897761659700152 0.3992181060974683 3.461048552911243 0.3717685262568077 79.07351214864006 2.656306009768987 0.0
968648 151.63746615962 1.81544307254673 2.0973401696257197 0.48413330886105704 3.3650815601109634 0.419100107410326 94.77800824352762 1.8750340003901291 0.0
969124 151.128268037479 1.81938668376381 2.8704116634792625 0.3710459965756209 4.380413518974794 0.35768984404389326 65.38323778497048 1.6007738750693064 0.0
969547 151.782221743283 1.82231401273439 3.9124224846499827 0.8523276937654655 6.567648521802109 0.46683881673991223 103.15360170763965 0.10047939697009459 0.0
969820 151.239009832186 1.8254031073827 3.5918682812997536 0.41503264755122976 4.5406331119878205 0.40247137416929585 71.57059286740397 1.3442545971440043 0.0
970146 151.621017269973 1.82785055409285 1.9687456442967426 0.482772160660041 3.6349666263547022 0.40711689534557854 93.64685140530715 1.6024925479064642 0.0
970223 151.649727080858 1.82751288417109 4.146062175598929 0.5262685711117165 5.646283322513259 0.4309561926407875 95.32882066561642 1.521308895917643 0.0
970359 151.58648855723 1.82962908717299 2.949318612677233 0.46444340961278213 3.5783565543788702 0.41324044899440043 91.60686201397858 1.0925478037593939 0.0
970424 151.540939229606 1.82942875167793 7.672618942185786 0.46218750533232794 9.013458308429236 0.4276845989850988 88.95438998240552 1.1969845803317918 0.0
970515 151.367771030762 1.83139838613531 1.9077061621585378 0.40340433605620835 2.6407887384736126 0.37741311424790536 78.87547514451958 3.748276800819939 0.0
970634 151.358072075405 1.83220172483828 2.6983779771491636 0.4191289221742817 3.8699652529744615 0.39033670574500456 78.30215892692834 3.8301162095525156 0.0
970767 151.363450160517 1.83355972486091 1.974016550302437 0.40103206565798805 2.633295392034265 0.3759685555922897 78.59115649267709 3.903769344881628 0.0
971622 151.119817993047 1.84115784386827 1.685789029522477 0.37454562281776016 3.0410433171748057 0.359257459264997 64.47919873048977 1.8938542373506184 0.0
971647 151.621991027965 1.84091608986744 1.772671771726129 0.465356937603227 3.1861979429091782 0.40706752722108686 93.5287476953682 1.3799590159640251 0.0
972009 151.212679920216 1.84408321162165 2.7055852536785445 0.40951231435606883 3.138620368338472 0.39912616574263415 69.73114123799857 1.9921742591710112 0.0
972010 151.349153898417 1.84402877294555 3.0242723915796854 0.4115655873360974 3.7749275154329873 0.3875168750908662 77.59841060543181 3.5290444347988106 0.0
972125 151.359531038172 1.84498610125052 2.1910480711556595 0.41868054537445437 3.0186025071442715 0.3938809245313732 78.18431422192265 3.9691210067987863 0.0
972266 151.293707569362 1.84630819896562 1.8277827508114557 0.3778972541463237 2.6572992037006813 0.35795461410831847 74.35704817420718 1.0008419514257592 0.0
973222 151.183612239453 1.8543501792333 2.5122040296752655 0.36508739334250434 3.014580676386861 0.3530465513858212 67.88421351474948 1.8845214431654869 0.0
973769 151.407248605984 1.85866753885649 3.650060444656306 0.47217200335873727 4.03943632753744 0.453476870185538 80.75024564297118 1.72921970550402 0.0
973780 151.712855954907 1.85847487053129 2.6074942159697367 0.6607284379749974 4.454006004765681 0.47643743144055095 98.63929025129623 0.7819368557707237 0.0
974662 151.111025145708 1.86593529614124 3.4133787987236435 0.38120632345992644 5.029393107247576 0.37033773468683184 63.519459744929996 1.8279577223849064 0.0
974740 151.493971048096 1.8664306056377 2.6099475198395026 0.47256166662341076 3.3527563810059253 0.4476979080715935 85.70291588081369 1.5714440197640671 0.0
975006 151.45289026777 1.86876404351446 2.66288910090809 0.4913197664333035 4.773325774784794 0.46575665013859985 83.27047284039968 1.783194278183174 0.0
975331 151.696621758451 1.87064335466803 9.580275423122234 0.639776826136825 10.706098005523636 0.4619194732950679 97.54228457465572 0.9181172517068346 0.0
975543 151.221160279326 1.87380297677509 2.3655399419945815 0.4194242310317649 3.2530229161671596 0.4065863606714109 69.72336910182084 2.1332182791554106 0.0
976142 151.113570487079 1.87842201206512 10.630964711191444 0.3775108276131906 14.000741169811933 0.3671597480047409 63.445830073188375 1.6246920738379587 0.0
976406 151.498498764365 1.88229672643839 1.7908904606228866 0.4817737216181416 3.0126401158805884 0.4550262152408161 85.76272785725861 1.897202591433993 0.0
976575 151.224608013152 1.88379877028905 3.995735177515279 0.3846754256998362 4.968969414418223 0.37268615086065376 69.76634409270376 2.1170782655288187 0.0
977029 151.279058051093 1.88804279631664 1.7782861642163486 0.3690586909160593 2.778532620282477 0.35330743535650727 72.8648063859163 1.8673447611040634 0.0
977501 151.270812725764 1.89225129918392 2.3941516294552767 0.3677564690192279 3.5614984587284555 0.3542310732760208 72.32400795410676 1.8973647641553932 0.0
977726 151.390110556527 1.89430720717621 3.2656142834845743 0.40901996642433114 3.5028323484845303 0.38371160657625863 79.25933377465884 2.5128705592070095 0.0
977910 151.572872494479 1.89499845243475 4.325379801326603 0.4910433344338252 7.531187046913454 0.4167234203649895 89.9788352790659 1.4942983778084704 0.0
978002 151.167893417743 1.89647795529708 3.602075907667084 0.5329578117559098 4.394919699125271 0.5240935658825572 66.28414597345956 2.0984889122915305 0.0
978113 151.429780821266 1.89740021077747 2.375357853937645 0.4300154614286068 3.6466093447796286 0.39857735169388797 81.54348089355604 2.580097332045107 0.0
978194 151.474152019596 1.89454598344722 15.079571992460673 0.4524318453762882 18.12439402931537 0.42653457308339865 84.18192243326344 2.475594182589108 0.0
978224 151.714339882574 1.89749751561252 4.523106552961758 0.8144900483815118 6.241514090435055 0.4571062883540735 98.29194602291766 0.9526664542613046 0.0
978279 151.430863388333 1.89801662934572 4.303613836337502 0.4276805623323772 4.711752369151342 0.4000852665697055 81.59921205322266 2.589377625657015 0.0
978543 151.569512951819 1.90072170175901 1.9338595730228814 0.4676890130183748 3.222175067230936 0.4031427198846128 89.71575276670401 1.6892119373663366 0.0
979015 151.635538160877 1.90206619030186 15.85030409471827 0.5476600697075277 20.186689645029194 0.4337912914072943 93.59251351231428 1.0160305746111271 0.0
979153 151.476008035138 1.90465453133452 5.616846254526879 0.44480294640464574 7.785740368305973 0.4122776738749075 84.16862329193887 2.4904613177540775 0.0
979337 151.181678046041 1.90712598241422 1.7835076192187747 0.3513658774736928 3.0371194675486364 0.33883847698539843 66.92249165669539 2.4793781443462937 0.0
979455 151.450180252818 1.90796575068869 2.0739975464201317 0.4252595004243939 2.686724576570831 0.3944759941461186 82.61122399538178 2.535156538410058 0.0
979471 151.176725081892 1.90830767024286 1.911905353497503 0.35843858524707706 2.855744514327458 0.34427945024032097 66.61716748752337 2.4216557912257293 0.0
979936 151.367400138134 1.91042983498369 9.160675878996406 0.4125406488970923 15.340978467788405 0.3866398334612105 77.72194422111644 3.0059607739898664 0.0
980393 151.22818158289 1.91508097740483 10.602602673022849 0.3721861165396915 14.214870460089742 0.356471562865429 69.51670321709351 1.7830276850753424 0.0
980470 151.302239774567 1.91669233085556 2.5970598885226206 0.4093919330392961 2.866604488752797 0.39289859002064353 73.82409878344293 2.6110802338091563 0.0
980672 151.218850143161 1.91694284958727 50.815376707495226 0.42999582960691973 75.77602845213713 0.4137152338782915 68.94645458543224 1.8489282560407174 0.0
980903 151.307379218749 1.9199847912606 4.170649361763862 0.41261660239453807 6.635242610105332 0.3943224842346701 74.08281662384711 2.6595942089386955 0.0
981030 151.495665507237 1.92117171324174 2.6713709701401407 0.4459762672105597 3.299342390911705 0.40992340093421803 85.13627509097611 2.051765741057195 0.0
981048 151.593178446126 1.91939765227888 10.517779928851054 0.48508874254916423 15.012325442493268 0.41261180426644917 90.90848986142919 1.9998350151716113 0.0
981306 151.636271809691 1.92323097646065 3.6326021869507708 0.6223040756027984 4.737100382483874 0.4234472373652129 93.41581609946863 1.015873577387207 0.0
981921 151.114156831166 1.92918682554897 1.1965139887109928 0.362307286470461 1.9600795631709538 0.35002965341884545 62.67273676300856 1.6628997039345637 0.0
982038 151.358996748291 1.92944177400177 1.9889873580823165 0.4014988306061236 2.6955580728250017 0.37274945182833813 76.99634762734489 3.1949669908323384 0.0
982208 151.091466102214 1.93156388031392 1.9472079366666746 0.38046303185792213 2.764258961143642 0.3685976947757483 61.31834729181019 1.5352985215422663 0.0
982696 151.142606496962 1.93513820182453 3.000658239085017 0.35451348913318886 3.633231881476557 0.3411624899639391 64.24588988661873 1.9102397997581289 0.0
982703 151.441918961564 1.93424730824977 6.321754559145734 0.42251906078260215 11.323084452257502 0.3862631954661147 81.82414012445184 1.8283179800084093 0.0
982747 151.296658353453 1.93565470345079 2.0580978056877997 0.37133199326582084 2.997409667311669 0.3520171233125751 73.2589785553874 2.626462761548592 0.0
982765 151.591651583377 1.93546909782381 2.827136326192878 0.4843089564521665 3.9380620471004786 0.4137484774763917 90.65560322329048 2.032282257466187 0.0
983594 151.341118414983 1.94232044345288 2.140993802482728 0.3893690692920042 3.258142982799757 0.36160394160070236 75.79493407167149 2.853365296638606 0.0
984048 151.358021273208 1.94642622348129 1.7553770614727437 0.39094115942206586 2.255153055058838 0.36290761554514517 76.74445172666874 3.2069923481624696 0.0
984058 151.597845471218 1.94615743124115 1.9658781307198998 0.5123472266810326 3.568649607908689 0.4104169532565934 90.91975834326979 1.8003483373064615 0.0
984203 151.292832339913 1.94656685471612 11.087534129249326 0.3950426538361198 16.499644021493452 0.3726495000239672 72.90440577280225 2.5460008813743316 0.0
984248 151.515494415418 1.94806989309161 1.7014552362803437 0.4882699845131041 2.8599135930443214 0.4239796414162266 86.026637260949 1.7456791642673686 0.0
984625 151.55716439468 1.95055880137402 3.2694420305651 0.48938643749761523 4.44435385037547 0.42466781152315825 88.46906077126928 1.804532308249048 0.0
985625 151.478775613805 1.9592731460386 1.643721972708868 0.4396242383289659 2.7115743963695076 0.39046675175397144 83.74505203917198 1.9400707613411627 0.0
985638 151.498019270333 1.95906794081604 3.5189483475708183 0.4401958857287603 4.32776505251217 0.3949394062201334 84.88628190481232 1.7807308843550187 0.0
986410 151.407403326295 1.96476620150173 13.07847959051226 0.4244240502145439 16.839352154688648 0.39264232884393147 79.46841694623197 2.104920162482771 0.0
986628 151.132912953079 1.96735932930466 3.2018940781140874 0.36794937412722506 4.39614206899004 0.3545756648108982 63.258225319330485 2.472516398677429 0.0
987942 151.251203852083 1.97895408479516 1.1960673641935813 0.38558626617621405 1.9125401128374038 0.3632147458730775 70.09292835340973 1.4254608954899424 0.0
989633 151.101059826681 1.99361429413607 3.328762975230327 0.3612202704802571 3.904334160683419 0.3477598431600879 61.07805743159083 2.377491021179549 0.0
990277 151.486618777886 1.99827177866702 2.2272079892232033 0.44756376906494605 3.852951989837069 0.397289176080637 83.86892671396728 2.071071179360339 0.0
990706 151.529584452042 2.00003486621072 170.3388061434149 0.6403157540435137 259.412605350713 0.5608697797403642 86.41000376781862 1.6422466115536014 0.0
990873 151.445491123377 2.00379895448783 3.593494270805721 0.41472185136010087 3.990481860227694 0.37089779262291334 81.38057726039126 1.766236947176934 0.0
991408 151.335124680971 2.00918022605625 1.7220708254351322 0.4161935967907831 2.8281166900304795 0.38154653667339894 74.77982319299602 1.440361967011165 0.0
991513 151.430640323956 2.01003687124791 1.4965404083656804 0.4371696955475969 2.480959596585086 0.3939889155770575 80.44892574005249 1.7044363755607623 0.0
991572 151.250631266254 2.01070850101497 3.1571133031064265 0.39972947178315954 3.2870625188711133 0.38180493428079226 69.7524572735958 1.4131405349597357 0.0
991639 151.411111754076 2.0107430428909 1.829940729974555 0.4239508894097646 3.299889390836123 0.37463568990103874 79.28228385243496 1.907239794947893 0.0
991769 151.097908728646 2.01259152152574 2.3860606533678674 0.3560840172939159 2.6071789082691965 0.3437894156615673 60.69105456814556 1.7899506108204484 0.0
992444 151.527160421553 2.0178301632426 3.0708968049689647 0.5227388677461627 4.0770876031430205 0.4112459067784156 86.13676991705465 1.766298352189291 0.0
992722 151.042130091391 2.02079128005019 1.1919796356001577 0.35486057321733405 1.8916629490554584 0.34483507876624014 57.3113215478733 2.002125726031247 0.0
994029 151.193861440458 2.03219900878854 3.6444234170513683 0.4261678176936131 3.814782998141408 0.4134261803323732 66.19983353306988 1.5205734738230887 0.0
994521 151.431865823273 2.03646466579977 1.7896063000259155 0.46628472140681737 2.994614626620435 0.4197428507390228 80.33341446249128 1.3922132696724472 0.0
994680 151.232311006861 2.03802860065504 2.19762698842843 0.4390177319773549 3.6781545725757203 0.42258122782157487 68.43949533781071 1.571581268721224 0.0
996746 151.5209559323 2.0573953909682 5.001704689356277 0.5385211127069911 6.606236880106492 0.4021487639276775 85.52610327652924 1.1946077613828125 0.0
997069 151.189218555823 2.06133020684431 2.209094832635096 0.3765842069621603 3.168327344873414 0.36197292712210805 65.70803617467057 2.8653057876963013 0.0
997177 151.178039375276 2.06132267556421 5.328875105428668 0.3797964968650409 7.989853850540117 0.3655839738285355 65.04191538232027 2.537565025067268 0.0
997818 151.189334830957 2.06710390162443 3.2636701683996687 0.3815897448159887 4.585593098536376 0.36674187321399626 65.6775981696405 2.976431185126701 0.0
997867 151.243052952307 2.0676292314447 2.3394145257391648 0.39843888972322633 3.778219460432665 0.37663565607250304 68.87836599746242 1.3927704294970085 0.0
998434 151.36443360851 2.07273773208335 1.2933671398063356 0.4548019132823082 2.3775761504324775 0.40309501854440266 76.09634318872273 1.5024079753339536 0.0
998539 151.18571726044 2.07381920542415 1.7549328128135893 0.37929046728410776 2.1248801424196855 0.3634559415299858 65.42057083692646 2.891218858234262 0.0
999032 151.49632548346 2.07747298088347 3.058226481803873 0.5201480942798499 4.266646743448831 0.3880031617071748 83.95597179015284 0.7187324260800042 0.0
1000859 151.277154317803 2.09284249977366 2.7559753195272987 0.40290174661282474 3.8125496913792896 0.3776330468942837 70.78229322265217 0.9202163510866628 0.0
1001334 151.135760691704 2.09521150533239 16.876982434337535 0.3832674046600393 23.30437372939187 0.37032876536147186 62.32000637809132 1.2302930694089413 0.0
1001629 151.312140267946 2.09827837261604 8.692256545572524 0.42227804766067434 12.488515676744866 0.3786225734410566 72.85084152477044 1.1265755446249817 0.0
1001661 151.092654014625 2.09956895444783 1.575967375841965 0.3669764007119323 2.5788778320450434 0.3552120448913159 59.72253559740275 1.1568335173009536 0.0
1002193 151.219530865421 2.10349616745225 2.0344879076369877 0.37939444609726725 3.0155997169867943 0.361017251951129 67.28970315463508 1.3029162762407867 0.0
1002216 151.119961166047 2.10383031968705 1.7454663529263401 0.3470232954028334 2.7201652419838065 0.33370642055647787 61.33420232207429 1.0642437821995947 0.0
1002282 151.366770421463 2.10396534838713 3.8639085640807105 0.47825645719443083 5.48912711325203 0.395841329900223 76.09703166545093 1.9581928063926732 0.0
1003022 151.285181136104 2.11044446873399 1.2514214543564273 0.3962845540749913 2.152316056305471 0.3698294575685113 71.19035653048803 0.9851558305175472 0.0
1003078 151.183077644267 2.11037158806431 5.938495378601238 0.40167425196521883 7.585783901322345 0.3859395262179087 65.08090636848381 1.690589561631999 0.0
1003164 151.536386937353 2.11068731481371 4.497927888595725 0.8534645662421015 7.8006462083338866 0.41706478883633913 86.22880343477593 0.41861824965155925 0.0
1004545 151.347236089722 2.12226285852843 3.8720973555418094 0.4537095323031515 4.4834756717374535 0.3842825768845696 74.8670624165199 2.304007984767433 0.0
1004721 151.402433927144 2.12326634758864 6.852453885815872 0.5383362511806016 7.83440116848458 0.38401348791501727 78.17020823994106 0.9467752765991433 0.0
1004798 151.072533684666 2.12434888434715 2.818005847656511 0.37519468681467355 3.4815978850886555 0.36478550127893256 58.413130144924764 1.4585306167667313 0.0
1005572 151.353858972541 2.13077347469257 2.8948039924320623 0.46467696292201555 3.5424728068118876 0.394939746943992 75.24092779565417 2.332191993022668 0.0
1006021 151.347886812879 2.13425909569863 2.1202171706565887 0.463144428035016 2.6679097130089757 0.3950042082145463 74.87478315091957 2.305767856356646 0.0
1006455 151.420833941032 2.13781405571635 2.808029637250471 0.6324527686240773 5.01435014888844 0.3899835684874024 79.2379812856423 0.65386639361828 0.0
1007269 151.18324630133 2.14513783023255 1.8014353115227442 0.37636672249612313 2.3549344054128727 0.35816947273182886 64.98597793418007 1.1215400734301795 0.0
1008039 151.301005942752 2.15118285459872 1.5683791792473734 0.41469352023358386 2.7692397914318416 0.35759272853542673 72.03249144789258 1.3666080592145733 0.0
1008718 151.169625594198 2.15675057739222 1.8314667584673983 0.3743835748991778 2.9403276467478507 0.34901855076394267 64.14935114359969 1.054404932785914 0.0
1010130 151.271403950301 2.16884384295402 2.916540885388143 0.44660600845522186 5.056083664670695 0.382346593128507 70.23798037585252 1.13267609051381 0.0
1011773 151.153843342955 2.18194209793746 29.27443772602166 0.4250813806904056 54.12051324575448 0.3974277678123287 63.18475486773562 0.8746753954697613 0.0
1012274 151.271352436127 2.18794878298704 2.28379264504093 0.47039096793969765 3.6546422320535155 0.3751548057215654 70.23097169760108 1.2306185460584247 0.0
1014588 151.242653820594 2.20983197466697 1.5946805747714035 0.4751359063420233 2.924891842988451 0.38875017574536963 68.52931229582624 1.0296247627665582 0.0
1014921 151.421342725887 2.21188084938805 12.733817977025081 0.8512324773228584 14.019257209341003 0.4367915767839729 79.24264711379634 0.38674741011630065 0.0
1015413 151.27984214492 2.21767841364191 1.9494637127859569 0.47475387751288384 2.8785298238053394 0.37065617336337003 70.77084092007347 1.2213079250557262 0.0
1016467 151.338989233488 2.22555231039006 5.740357364059946 0.5777123542593116 7.26210516810082 0.3830552987544867 74.33043379268771 1.1429164441628634 0.0
1019523 151.116159562533 2.25229826821792 2.4830197511657417 0.3558133887465883 2.5747920004547247 0.34127837291088986 61.069989765150915 1.308773971722843 0.0
1019525 151.138013077626 2.25179740937401 6.635928938461676 0.3696785992601352 8.203971169439109 0.3536242625012816 62.37513507068841 1.2376323112256595 0.0
1020699 151.227091626512 2.26195693502174 1.4121214219663778 0.41618201150291917 2.520964813616251 0.3668452046306948 67.74496202289633 1.1405452030871317 0.0
1021088 151.331113926663 2.26458041517371 2.07754687606438 0.5468249233705527 3.7326648647070106 0.3703521003414125 73.97756464431279 0.984237880183039 0.0
1022099 151.157263434086 2.2724803109732 4.546916520378864 0.37515205967525816 7.854703890258357 0.3517492683159162 63.62021068077094 1.5300519269139499 0.0
1022143 151.205687369805 2.27315750258882 4.953492631708257 0.388448487340565 6.634141795779323 0.3496636791596499 66.51662652312208 1.423995616249743 0.0
1022833 151.253325900334 2.27893547106391 9.984592627356346 0.4193028051357894 10.708416769513002 0.38669980086033184 69.39156958376473 1.2783535537185655 0.0
1022884 151.159071211394 2.28039674872752 1.7144825827967765 0.37066898554490535 2.4539821865080005 0.35193864632005173 63.770272637907674 1.5181447141924183 0.0
1024255 151.089117521365 2.28806225388453 16.984657988146235 0.3902322857398161 24.456174157782883 0.37916299831587785 59.642722245171186 1.088158577485183 0.0
1024504 151.126792418989 2.29321903713039 1.6725240971802868 0.37279312388482816 2.546658339358954 0.3550496761595426 61.92154587966921 1.146009701417234 0.0
1024600 151.256561834473 2.29401255316085 1.9137231613271337 0.4286328488863302 3.13725111886437 0.3945626669287553 69.66602714860653 1.408867894124382 0.0
1025617 151.422218423874 2.30247153550352 2.4324011977391318 0.5730599527620884 3.771199535981774 0.4014105902923016 79.60151729755384 2.603769504231089 0.0
1026687 151.416214157441 2.31136221227128 2.1037424630171713 0.5015779415871429 3.4293147298550153 0.40207305876978794 79.29325211776585 3.5642654756822196 1.0
1026944 151.36503331346 2.31330992111475 2.466678386268843 0.48890540670803 4.114977109187065 0.4058171259123807 76.25204420227809 4.533752329540637 1.0
1027116 151.433810413028 2.31446892749171 3.6673978282707975 0.5198407564398395 4.482460682988812 0.3943214988981059 80.36135553744622 2.5448352682948396 0.0
1027547 151.423348076418 2.31808006748383 2.915170807126277 0.5425016744565674 4.293901060726712 0.37209754579046966 79.75900007785764 3.4180563142762366 0.0
1028084 151.548185796519 2.32216377481173 3.5988045902739834 0.7336236425042062 5.287469237075887 0.4323995725760273 87.2306712155964 0.2494139110785839 0.0
1028511 151.223221069116 2.32605590999561 2.953446988706118 0.41427965415337753 3.73240904555044 0.39900729915973204 67.89395576892481 2.1773144736837953 0.0
1028793 151.400905795741 2.32743616024739 14.302466236033252 0.5024251859755876 16.823854744372106 0.4236957079369409 78.48090226779706 5.216605687977039 1.0
1029068 151.365399685103 2.33057848562572 4.135888023048523 0.4736602600118093 4.514521140511691 0.40213589929982546 76.38746199105907 4.935140911052551 1.0
1029481 151.396047032999 2.33432734098727 2.401614679097464 0.48083982496076977 4.072927641091565 0.4046267380465607 78.23847171460189 5.370395349778309 1.0
1029758 151.276100547138 2.33737514596961 2.5514658609168928 0.4164490900616383 3.4845003919266557 0.39818863181493974 71.12518405379984 1.7251141127734537 0.0
1029771 151.359622264571 2.33727372333945 3.8971242596594515 0.4820198434176042 4.83978718647685 0.43696773101889186 76.09144751166528 4.407267876907391 1.0
1030088 151.194582401024 2.34044241733289 2.3511829436416725 0.3863966680650043 2.6651797782010016 0.37006444652594045 66.30926593719091 1.4364930247208614 0.0
1030110 151.375730691681 2.34059473244066 2.86979734757088 0.46219625810029197 3.3797455782867694 0.40466931011138524 77.07428870117883 5.232383951988996 1.0
1030466 151.316288962838 2.34375648459291 1.7273150721010764 0.4159297105271178 2.2350769606948235 0.3896878570131111 73.56388113744089 1.712723957969978 0.0
1030660 151.434472254575 2.34524054044886 4.761564843598424 0.4687240950738559 5.2492507022894275 0.3983666462179518 80.60352749039004 3.3085143317337837 0.0
1030834 151.235843702761 2.34689070361788 2.8445967663728586 0.4349989910340724 4.322247904452958 0.4185257298634285 68.8127843527343 2.402251809240768 0.0
1031553 151.372738590596 2.35346649061992 5.388592302732744 0.4481673569448247 6.743196820777886 0.3990822860348926 76.99535708874718 4.382452043778881 1.0
1031625 151.285840463034 2.35372691448546 5.815557974376105 0.42040780382005055 7.291846953721863 0.3999571359813494 71.8379114266792 2.1211331085319753 0.0
1031733 151.1633441755 2.3558816139323 2.283875385686063 0.39347519879353327 3.3156561571760537 0.3794949186067148 64.59918492583839 1.2542288837270614 0.0
1031934 151.424104946648 2.35723303384312 2.8208039272362138 0.47186689339077503 3.7293653685299253 0.400291717601785 80.07761311907706 3.6393831016475136 1.0
1032384 151.488466673487 2.3618672696537 1.9659292392986965 0.5556155244485378 3.26817656373659 0.43364821501292256 83.93956329837663 1.7246496295969762 0.0
1032590 151.474042168744 2.36380284721228 1.939341727820935 0.5169886774798977 3.428450948829588 0.4156048331458139 83.09714436280468 2.1995400219151127 0.0
1032612 151.218762289651 2.36458561749392 2.3980516284113405 0.4307063936499986 4.211023389350126 0.4174015068874559 67.96219030178922 1.8518437315012324 0.0
1033078 151.327501995161 2.3692293062506 4.016589227327355 0.4378097296344745 5.187349465051441 0.4133620413681717 74.44498197107566 1.9827173705459906 0.0
1033467 151.406147050179 2.3724773740333 4.979500083838559 0.5060003364028359 7.393461398435402 0.45458097203634473 79.13696860107109 3.767203884502034 1.0
1033707 151.371647352529 2.3766556210757 1.9707463932122065 0.4332675299638961 3.048743031767456 0.39375761932955583 77.12836036593639 3.0687024394246225 0.0
1034128 151.255343340987 2.38049578316105 6.608483318550296 0.40967853834593093 7.39244797517476 0.3943378352258149 70.28263335117742 3.790740754184296 0.0
1034633 151.393489396022 2.38412060320948 8.696102581236383 0.4374712495691453 10.057482255079366 0.3940556145745753 78.49075843059187 3.5331074566341734 0.0
1034636 151.338241405606 2.38548986623513 1.803915965388732 0.41622479908745086 3.3488208362635277 0.38608614798216095 75.23330706279935 1.9558049070464536 0.0
1034643 151.422480818977 2.38341476626579 2.737590467892558 0.443384954459033 3.858660127432181 0.37638318890200073 80.20205452578885 3.305636215121995 0.0
1034913 151.334254039647 2.38729133812673 7.951073029299365 0.4159008032521874 9.39456162782381 0.3900385907861969 75.01506667536687 1.9372221307563242 0.0
1035050 151.252638884168 2.38925823364484 4.026391880366804 0.39348887568664515 4.262842239260716 0.3793027871854513 70.21386578709654 3.7374076424350413 0.0
1035534 151.246908706281 2.39280131598384 11.036577494876166 0.42252917412710916 12.435848056076134 0.4091820042353144 69.9138603299893 3.249228094147718 0.0
1035538 151.120281302304 2.39328466174277 1.9704530391786668 0.39230263549932676 3.6223897720319145 0.3777113305029954 62.46858275054598 2.4884657092154505 0.0
1035867 151.273809285836 2.39557624222684 4.102086788914325 0.37197594525661243 5.417964817361039 0.3567182653565932 71.53015836148849 4.237556674450964 0.0
1036167 151.27499146898 2.39940824930725 2.0835757545242632 0.37621984654190693 3.0106369358543494 0.3581041826735103 71.64131033787794 4.084908674752716 0.0
1036499 151.14721157398 2.40194673197583 3.613606739743834 0.3998204789026979 6.537516561319156 0.38763787810444955 64.15506289014037 1.9033978655941612 0.0
1036590 151.092982063531 2.40260768777748 5.19549617251162 0.4008964858707145 7.945472910376197 0.386783370293229 60.98571282393488 2.7305742555713146 0.0
1036924 151.29237769504 2.4056087563764 3.2135354152260747 0.3885998852640432 4.04663573058306 0.369289041902443 72.7340315397896 3.066351201841478 0.0
1037057 151.448836207581 2.40648867030618 3.4353748259873536 0.4400155634064948 5.632810272354708 0.38124467375214616 81.97987917904663 3.9393945793236496 0.0
1037174 151.135144657524 2.4085513375207 1.8544145563908414 0.3883814102137827 2.7768570876857126 0.37360813120463876 63.53076598367369 2.541349400616261 0.0
1037513 151.275908073486 2.41153850281472 1.2109866490007826 0.38197213642244365 2.25863387158124 0.36401440635180926 71.83106627957864 3.3899619462209594 0.0
1037567 151.45464417645 2.41168155405923 2.272146887727535 0.47745275669359255 4.0663176903214 0.40736182975617896 82.37477953284395 4.049526492106611 0.0
1037680 151.111804165836 2.41244891188808 8.936427274291926 0.40670132902779993 12.793225023530264 0.38604055544637317 62.21608739162819 3.1632819706549804 0.0
1037946 151.293205521767 2.41519709986152 1.787323173910412 0.3865815077647196 2.7943487455381466 0.36927983314950663 72.8908387238761 2.6606320567239714 0.0
1038180 151.454748868183 2.41692428923799 3.6257025103957226 0.45358673985031117 4.0011200878823265 0.39764583108186086 82.43403524626908 4.005711390903623 0.0
1038404 151.632446412589 2.41848949019363 3.752846307204617 0.7660261108726439 6.174903957383079 0.42015564229814656 92.96242569941103 0.17974537100532384 0.0
1038530 151.426369425003 2.42014522349948 1.7150396202618947 0.43533454579787306 3.0458235808240524 0.39370658442078266 80.79210726348123 3.0686660179913705 0.0
1039861 151.406806800869 2.43214001284107 2.632521120087379 0.4297409037032709 3.274625637592958 0.3933976307597689 79.77003294659826 2.2537394187569575 0.0
1040008 151.23650013918 2.43360131710757 3.0191993816745923 0.3850244914207161 3.434395751375163 0.3699725431716359 69.78769347305679 1.1470449818493966 0.0
1040073 151.169999208653 2.43420545372029 3.157348780127761 0.3857078474421878 3.6551159303045604 0.37069168231469246 65.90925914389746 1.5505588701104833 0.0
1040083 151.436742887765 2.43409546560014 2.2957053641019503 0.39631945499673843 2.6672287257293346 0.3586254165072123 81.55500271343557 2.9278575260266044 0.0
1040502 151.12788377186 2.43759747572682 2.430746476924003 0.3680752036027251 4.132985746429346 0.3491797407753401 63.50329266973864 3.575077228411132 0.0
1041248 151.143770732958 2.44429825852185 4.272445126822717 0.3832895950958438 6.683596850898688 0.3671433103807496 64.52469864860247 3.130660430257087 0.0
1041519 151.630854420884 2.44668553176154 2.3585691922843703 0.5919910089255175 3.899207003311061 0.4077605963845807 93.14074280754072 0.2642619965346388 0.0
1041599 151.092965034985 2.44783936133729 2.459856956487495 0.4020687494191829 2.6307257816149128 0.3883701305116874 61.62993843348925 3.5558602781645114 0.0
1041892 151.398012924602 2.44948307513262 5.254934344601728 0.43185863736324387 6.561715322285234 0.4036529124235441 79.45550977309425 1.8377068831887122 0.0
1041955 151.137052478565 2.4507061997865 2.7885082965808463 0.3889779249410323 2.961976964463507 0.376601390302827 64.2294861093075 3.3598111961010453 0.0
1042342 151.314304977477 2.45342675530543 2.618051774948647 0.3968843961110596 4.3449926033303905 0.3656482232977723 74.59872393269787 1.9427569930712307 0.0
1043055 151.448884447925 2.45994896502603 1.7973486511446612 0.43911801494290925 3.0194847056755716 0.3998226881884791 82.56898339413227 1.6306794810427465 0.0
1043426 151.114310303944 2.46333520642163 2.386605516861604 0.40235665323994085 4.003503036879659 0.39060507643182796 63.108885494588954 3.2424018663941254 0.0
1043809 151.15337492377 2.46587077457779 1.9011312046495303 0.3856178025788838 3.469145901455684 0.37344307351700806 65.40787551128378 2.202402177921997 0.0
1043846 151.137376489569 2.46719913068397 1.6312490852067316 0.38694466654705567 2.989454041474918 0.37378760979936776 64.50341916517087 2.8028914554806894 0.0
1044094 151.294908337436 2.46860235864559 3.536043071336686 0.41073107188759417 5.0620072870845165 0.3935711420825952 73.67123562244807 2.1518346210951087 0.0
1044127 151.278402094357 2.46937585388336 3.4397806617422093 0.4003567999294039 4.757541603901815 0.38284714410311393 72.72036335774037 2.13958099155009 0.0
1044529 151.103851072412 2.47331261623234 1.6964581433344574 0.4083431516119191 2.327235121193109 0.39313330271548463 62.66907290124442 2.8979534608241155 0.0
1045010 151.360158884044 2.47741613020865 3.34541197693657 0.4057924939201025 3.8594614731126997 0.382158292548465 77.59919309891939 1.913574628367884 0.0
1045559 151.278843557225 2.482274861687 2.2074436111460836 0.3914179870537534 3.137391920696766 0.374861995004449 72.9331078684389 2.1874298987356275 0.0
1045652 151.37188484171 2.4829162663661 2.402556918697909 0.40189803743758956 4.2629239208992615 0.37756193690410933 78.35898712575306 1.9722723763207664 0.0
1045756 151.660529882349 2.48316771786776 6.431526071166507 0.6078331408681718 7.320596680389073 0.4334116513587413 95.28387679170756 0.2769379088047152 0.0
1045877 151.109463460257 2.48539236364175 2.8902744647077654 0.3822865589694122 3.2105755378572804 0.3701977892684585 63.19698125317027 2.512737791739216 0.0
1046220 151.257401933703 2.48826169429371 1.2809631337761624 0.378490340349324 2.0603880225430644 0.36391487815007345 71.77922205019588 1.7697901950380375 0.0
1046347 151.599475118939 2.4888159686579 2.327742155129783 0.49179516361677844 3.994197315774913 0.37936083916396185 91.75992713415073 1.3675060676784145 0.0
1047768 151.62753896738 2.50084691746037 3.552334828681517 0.5107909957163855 4.186628481946504 0.4095920147510514 93.55332202080578 2.1268531032539633 0.0
1047848 151.404902517466 2.50179149837156 5.632166488436929 0.4433313856939811 8.249127854950386 0.4171147186947599 80.54818539796518 1.6254254940322888 0.0
1048463 151.021527862788 2.50852268978746 1.1361739666108202 0.37462567196652335 2.096693070556884 0.36396668659409326 58.61734720060128 4.972352739335905 1.0
1049204 151.623688663588 2.51426704871304 2.9410660045582846 0.5197266014346614 4.785471567382633 0.410942137645305 93.49535721176885 2.454752847257538 0.0
1049263 151.644908146833 2.51470274554708 4.470701473839241 0.5686418721248296 5.368969094838138 0.44873175634624896 94.74406903997163 1.6618132109434576 0.0
1049268 151.147135327793 2.51368358269836 3.2073082723154718 0.3836511617656566 4.071851782486014 0.3720319610520572 65.85529625053542 3.0196709715478844 0.0
1049304 151.212961714773 2.5157540720485 4.813650995980497 0.38889666572860404 7.034971553188918 0.3756858837121562 69.66277761784639 1.71048733685371 0.0
1049345 151.122492357588 2.51656852508447 2.9114359211103618 0.38461593033229596 3.4385637250416736 0.3737543662012677 64.50220990506519 3.43051835374518 0.0
1049798 151.395366389652 2.52035172272706 2.5476186281151545 0.42822221024565893 3.1933699038710484 0.40320018250293554 80.26700814939953 1.553171546005505 0.0
1050280 151.614913440653 2.52166389526279 9.271394833563033 0.505001225734329 11.411868801942507 0.4106139653169132 93.0773989048273 2.11117557781634 0.0
1051039 151.143380365713 2.53249132316417 1.813199824914007 0.3982235754854396 2.4065188004737044 0.38610480491560994 65.99128980086894 4.241636084320264 0.0
1051099 151.247107706297 2.53140601484207 11.007960926776414 0.48271239278949285 15.753335373773577 0.47125912865438413 71.89368087622191 4.082749075426758 1.0
1051396 151.133302239963 2.53683710495986 1.7680583706800883 0.39534775115563237 3.1753505844753622 0.38404971514906877 65.50311111773767 4.599637666032392 0.0
1051419 151.414650004827 2.53696168916777 2.907265774178158 0.47044042229283267 3.336410015756182 0.4499241056764445 81.63985014640954 1.2456975638857801 0.0
1051461 151.127246697317 2.5376052751859 2.282608951938495 0.40041617459214784 4.205754048832431 0.38826027008915703 65.17497063675505 4.562348396645358 0.0
1051502 151.100688381878 2.53745077550108 2.1252030933851627 0.43574338537039564 3.804008020505671 0.42526030268708154 63.66961804896587 3.301802425821231 0.0
1051639 151.413096944404 2.539220812176 1.7137688123566817 0.4743700636382546 3.1809261160281905 0.45005422535543477 81.58542118452199 1.2370675991696543 0.0
1051922 151.205022495762 2.54166487217626 3.2225583815719103 0.38604430018314356 3.574505453900899 0.37281058873908235 69.6722662827983 2.90021458640031 0.0
1052032 151.111747731292 2.54338090714757 1.6779452900339022 0.39301922553674334 3.140462855625972 0.3801856395382098 64.41347802683002 3.9003722992717718 0.0
1052236 151.255521053379 2.54372815553839 13.334321861053276 0.41189668803360047 15.306488004540688 0.4002713754665487 72.59361103767141 5.8197449539987804 1.0
1052301 151.262976096986 2.5455421994576 1.9345457172041667 0.38913981798705555 3.0903451386453096 0.37355996942678177 73.05259206183459 6.231836346384091 1.0
1052344 151.265516557228 2.54230935589992 12.945586419312605 0.39768679942089846 17.514397946935468 0.3835900234112403 73.14045743120784 6.0095539831426805 1.0
1052872 151.19710088146 2.55081349892625 3.1258399545320263 0.3831681248872949 3.295249744844213 0.3697005810711674 69.39379435674226 3.059000339275927 0.0
1053345 151.259397172755 2.55469022095089 3.1613239961778086 0.39045413865035916 4.503690726183278 0.3781681399011548 73.01388680299115 6.291939227476822 1.0
1053449 151.134280441965 2.55596975173168 2.3860647236366654 0.3790961732915944 2.879197642568282 0.3680937089362961 65.93995713486869 4.044610559115098 0.0
1053618 151.092425070851 2.55710236849876 2.3105030933703916 0.39031179903114727 3.75931923173109 0.37669963848790466 63.61029742748571 2.882912491634993 0.0
1053621 151.287699177398 2.55754871426974 2.1565150174256122 0.3797833431621647 2.6176941069845996 0.36558122962016054 74.68231224995816 4.771541417480672 1.0
1053701 151.191006042015 2.55828601783868 2.5239436610160944 0.38393744471733465 3.0410695621206743 0.3702867458218234 69.19244046367024 2.979381500691139 0.0
1054006 151.357466607155 2.56060553090688 2.6832841864738195 0.4032700961195133 4.293992687818428 0.3804420664724748 78.73256966283206 2.168499017634342 0.0
1054123 151.119839667953 2.56093668822902 5.092372321104288 0.3752067098915793 6.592040206142204 0.36386057413400796 65.22978306161774 3.65627329793373 0.0
1054183 151.21111389702 2.55950843621219 5.701786226123556 0.38716189820411395 7.668205923603641 0.37427967030376746 70.35653467375262 2.9831327598559265 0.0
1054489 151.251272518853 2.56412735927232 4.594738955690147 0.4297553289820446 6.780911913041316 0.4173752158978227 72.72670404803215 5.260436531457056 1.0
1054947 151.516422038819 2.56780756451051 3.372886991187323 0.44396689977329173 5.692670573679415 0.4022656137936865 88.01182134409432 1.3558636085732472 0.0
1055573 151.271918525031 2.57413388435217 1.6315571179924515 0.38910296546960266 3.0051813022647518 0.37595023938269934 74.09054099197888 5.251094202626219 1.0
1055719 151.279719010543 2.57530782818519 1.968225533930899 0.3776770812839564 2.836307415329695 0.36261594671339287 74.55634059820069 4.9804628773000275 1.0
1056048 151.628880670462 2.57796795649865 1.804306876950879 0.46348043867883554 2.678440014079194 0.4005337880902222 94.68354291389724 1.0380597710881865 0.0
1056283 151.340837302639 2.57886588817903 8.704788277005926 0.41338178690002086 16.111289730036813 0.3898472697351918 78.10519470892594 2.8985062769025167 0.0
1056348 151.280673685759 2.58081137781547 2.7791108378793488 0.37745606328462483 3.4114488282832482 0.3630156065908295 74.71560688859999 4.681721693628257 1.0
1056614 151.099336433935 2.58349159135013 2.8443630482233346 0.3705001378042858 3.087472007729176 0.35922974091865867 64.57135064271222 2.213660500970688 0.0
1056635 151.119886462811 2.58350248281455 1.6320036504223339 0.3671327871130087 2.9612176106963775 0.35539149585978613 65.71616452513237 2.5320332779439902 0.0
1057412 151.144670271098 2.59023598165672 2.0423524957422106 0.3946490090779201 3.5947389258525955 0.3818182593462911 67.24663488027176 2.4154555199560206 0.0
1057464 151.36448540198 2.59004503567588 5.2832353287383516 0.4316361694301561 7.025635259024424 0.40817290908855175 79.65983133497255 3.3497307822292033 0.0
1058046 151.607543777483 2.59565610162626 1.8625312433164485 0.4473924656967736 3.134388209663995 0.3887124843196012 93.72082986438892 1.1294869993543373 0.0
1058073 151.183179221721 2.59624116799775 2.4964837122851447 0.3692096846815142 3.0806041197892635 0.3582896101226362 69.5294910298318 2.939346563213921 0.0
1058366 151.208503649962 2.59796266766856 2.704955789371582 0.3772735678159166 4.2183857873227195 0.3646336857780243 70.9855853809719 3.1571124346519395 0.0
1058640 151.521240518197 2.60033385841752 2.160630270981563 0.43900300418686455 3.831667246650162 0.4038691063162303 88.82126373837228 2.9277581417947114 0.0
1058791 151.304476387759 2.60088850050529 7.604810658289265 0.3768624753140634 9.055034907061458 0.3624999256351481 76.4557530881044 4.207505094226587 1.0
1058801 151.676355458405 2.60132204871586 3.0477111265396704 0.5318118599889646 3.5526693826756937 0.4423060082610686 97.79145184723099 1.1413155026687376 0.0
1058916 151.305493360357 2.6025209437465 1.5227798289824486 0.3772012083239009 2.345848405153188 0.35906394653079304 76.54552380329773 4.205438366583005 1.0
1059121 151.52843646173 2.60314542122815 9.479103505031048 0.4447670865001107 11.878677064040176 0.41161664196287917 89.28265571425649 2.6360835818460644 0.0
1059165 151.325752066264 2.60404477193593 3.116640364304872 0.3801839912414256 5.36824436598205 0.3624195516395199 77.72282818616058 3.756624187585714 0.0
1059201 151.486348351318 2.6048648162735 1.8888090644329614 0.4228051898284638 3.321241081656877 0.3933350572835666 86.89571675799043 2.276846227255478 0.0
1059550 151.449334108855 2.72128878637942 1.3472466323614871 0.42040255875988497 2.499797942466929 0.39569361229437144 87.11887923348688 0.9453623782728287 0.0
1061740 151.578076282806 2.70052557619159 11.839526971806679 0.5225408936006508 13.801233537446421 0.49218786145277316 93.90828008383353 0.7754512662483098 0.0
1061755 151.646498649169 2.70028485862115 5.790212079056747 0.5679791310117084 8.220704946924885 0.5282939727769096 97.78305580433953 0.9476371210904712 0.0
1062063 151.356146444906 2.70111034482736 3.766232113637849 0.4310733331700371 4.776880353418217 0.41104148167198207 81.48880697115901 1.1744196575102877 0.0
1062148 151.195534214911 2.69715412708962 14.491401943765274 0.41388209372944185 17.997269036779972 0.4030276657254264 72.58397006727174 2.3519812099740207 0.0
1062800 151.132980234777 2.69079193099497 2.094243450188292 0.3960473181403978 3.2127082850373334 0.3829172595479711 69.04012549737826 4.402024842901671 1.0
1063278 151.226245606052 2.68561064532068 3.588771469774797 0.3802311423869641 4.738770297741348 0.3657625499654768 73.96842353340296 4.692905892133278 0.0
1063728 151.133239322663 2.68194780089418 2.0007201841547255 0.3734329493246057 2.5816939607805014 0.360835314619366 68.821275843835 4.596182159014647 1.0
1064166 151.208716092264 2.67821094015832 3.225436162908277 0.3894136431645135 5.914700973976593 0.3739327397456443 72.82809077373247 4.431317700151048 0.0
1064257 151.297262461595 2.67704549073799 2.9020737503501155 0.3930816633604644 5.301116240577405 0.37787651711316717 77.67573313981744 1.7434510991729655 0.0
1064572 151.23157701139 2.67380979230863 7.622297988027819 0.38540535996752834 8.849065124410409 0.3734353749995533 73.97521308802897 5.421368037798749 0.0
1064598 151.237804993171 2.67343430495921 4.010020900120462 0.3928911637147666 4.849079739064897 0.3799771625804843 74.30877348930453 5.061533545610827 0.0
1064644 151.242692487341 2.67385059448496 6.106530808581443 0.388205556153995 8.189705890265447 0.37475977784685577 74.58766078185123 4.620124691210606 0.0
1064762 151.217163176884 2.67913854323561 4.2659048863122795 0.38514848859410766 6.577267985119395 0.37092143149170087 73.31310195458262 4.972844528190093 0.0
1065254 151.254515675986 2.67229706465609 1.3391517701803386 0.3863849849705619 1.974739529495468 0.3736977507882151 75.2026092553764 3.456965707568712 0.0
1065416 151.166871418387 2.66746475979318 4.276705095931063 0.39406021555594 6.519966519973105 0.38302295761417426 70.27689349667935 3.5142153267709824 0.0
1065543 151.093699783951 2.66579447140097 4.6959146954138005 0.4203838977400154 6.335558019359641 0.40924443958022266 66.26613719130367 5.081563609169735 1.0
1065931 151.351713116275 2.66300473860378 2.4621871117042438 0.3843306393508062 2.6800655431475144 0.36399268290363246 80.39543825465071 1.8607447251296692 0.0
1066005 151.212168547336 2.66083613042135 8.085067751525262 0.39677420791786344 10.732505946319137 0.38502429588982606 72.59853697264705 5.007942831081843 0.0
1066061 151.64112863416 2.66307987409123 2.3462463522025785 0.45867673901287315 2.836430352181395 0.4110472371425673 96.7900835637258 1.2555855457634193 0.0
1066119 151.215710508207 2.66172922343604 3.0209909353496016 0.39040956849890934 3.6857112752352696 0.37904949122718473 72.81472200000505 5.233312671137563 0.0
1066354 151.230103738175 2.66155131124672 4.81537294069206 0.39395274719097095 8.012861919751527 0.3803897515470435 73.60387000284592 5.389734025915788 0.0
1066560 151.509997397529 2.65971516310358 1.710190290965625 0.4452800938963315 2.584101865498292 0.4206961224254854 89.25287448548352 1.425660405273344 0.0
1066834 151.707217460871 2.65533556959396 2.299676086280565 0.58431639182558 3.9532038153786218 0.4854663374320309 100.44637525540348 0.5327948376763544 0.0
1066839 151.530988075383 2.65334133512989 1.8328483016266701 0.44019644053934426 3.0526098792129486 0.40782430253739416 90.32513928048002 1.2111411972513186 0.0
1067177 151.678846104653 2.65105288161157 5.44633413044445 0.5311193299870633 6.271981249524891 0.4597628662361567 98.74279318424043 1.4126277951151023 0.0
1067262 151.091311038203 2.65348350917561 1.9322477649964356 0.3790752849538212 3.1290412393590463 0.3672602615430409 65.81680871859872 4.576567191432303 1.0
1067416 151.485761547617 2.65073065504385 7.5561271124909055 0.44982364948083026 12.81566399181021 0.4262615703938483 87.70414172261452 1.6147989439772659 0.0
1068019 151.50711015929 2.64384326807863 4.19425940715472 0.4403353067627667 4.766073881847438 0.4175890431410042 88.7876181473033 1.9270998770567576 0.0
1068394 151.70153788171 2.64039478838654 6.896457267109402 0.5634529055944588 8.054795817997677 0.4768112883922599 99.86975333242125 0.8722105066523438 0.0
1068786 151.222555563056 2.63921915977071 2.483842212516744 0.39501537948498655 3.458515409153518 0.37892550457764995 72.67174458906322 4.062021013518427 0.0
1069022 151.279182453015 2.635706360154 1.7294295859503157 0.38627984354852263 2.678506132925277 0.3726102062751879 75.75002993490492 3.230117637981898 0.0
1069081 151.165713010958 2.63592132585051 5.166318607182989 0.381245187305176 6.0394077479909125 0.3680514131340595 69.45053152333907 3.4252853640400183 0.0
1069325 151.639306643705 2.63222564251139 2.2454266781199603 0.4706973896712699 2.6999019336725962 0.4194080941522814 96.15037036827194 1.9277448626515619 0.0
1069775 151.186739986174 2.62899299352145 11.575588181508985 0.4197861216455219 14.891730376665016 0.40913890727157237 70.45261500595396 3.6134819440645374 0.0
1069983 151.370124123309 2.62723595539694 3.0287899663426705 0.4142062849620813 3.834649225026003 0.3912970773799811 80.69167634667399 3.2145779950165716 0.0
1070846 151.342080104493 2.63043891457606 2.1536246200977227 0.41287658290266066 3.338385661611141 0.39368668430568726 79.1723349860387 3.3325800936153662 0.0
1071090 151.4125798128 2.61892195224574 2.3091697580327413 0.4239898347775416 3.3076852448094285 0.4018581909375247 82.93867383960759 1.8075701133599136 0.0
1071102 151.297045676312 2.61812967832937 2.6924500266214624 0.3866771371223745 4.743866697878898 0.3712976182579028 76.38299458327803 4.007361582539714 1.0
1071111 151.161665911028 2.61824252974943 5.754141762155274 0.384719308491031 6.967225520462247 0.37410199662461396 68.81736717440393 3.0009029273841747 0.0
1071118 151.209147543965 2.61847056785317 2.413348103738814 0.39228104371822375 3.1550633334065177 0.3814698922227099 71.4629889082327 3.7040610766569317 0.0
1071216 151.089340140398 2.61901460862955 5.511873377617461 0.403378794498076 6.271071793084899 0.39392160880184596 64.84727071857517 2.065958492528753 0.0
1071669 151.181080644753 2.61382232811099 1.951946300490061 0.3699823947671212 3.153004716687602 0.35893297043777966 69.7963369885408 3.3546762279590046 0.0
1071725 151.202592899578 2.61337819452434 2.0988080448437705 0.37913157226109323 2.665021203475438 0.367333710556461 70.98567183481212 3.6755607286819476 0.0
1071957 151.461528054379 2.61146283383393 3.8242566224384418 0.4102173549759692 4.2626080606735455 0.3838940319719273 85.59193052524267 1.3376284269661785 0.0
1072282 151.280948061168 2.60777358060999 4.936115070304703 0.3930974662473605 7.12255296347785 0.3789900671444866 75.26418539121802 3.814946869195932 0.0
1072472 151.355054852186 2.60729324379536 2.9717289417355475 0.415728478622433 3.455890914566665 0.39556277433265213 79.44795550352912 3.6999344744808296 0.0
1072567 151.499110513203 2.60625636235789 3.733389777738158 0.4277952647153033 4.84538555573696 0.39649685497799547 87.65188664983008 2.878593155839019 0.0
1072714 151.581138776677 2.6060630255621 1.6732551800759017 0.4552268578730145 2.6892365401968017 0.39471956566128447 92.36513567221077 0.9217191229102345 0.0
1072759 151.572292102846 2.6045273440069 13.779111074004897 0.47170912110015534 17.036006915394488 0.41194374607593043 91.83000572070704 0.9292156845196177 0.0
1072784 151.694650251018 2.60907889129817 6.243849430179706 0.637216942252489 8.95565312449733 0.4658316738487721 98.97088002240613 0.7672723057468341 0.0
1073058 151.340481954489 3.07027597797721 2.1514891471268007 0.39803714163251586 2.765773248476491 0.37881610459276643 91.48115026696222 3.147410825487279 0.0
1073627 151.216138111274 3.06461109901553 17.286773413404532 0.4319575091278049 19.778102802496154 0.42019028562669297 85.32308585947804 3.0979196754989453 0.0
1073725 151.330343995215 3.06481270849512 2.749978579615163 0.4116654618130466 3.9238236574853897 0.3917783175996806 90.79650147492308 2.838253263767338 0.0
1074411 151.314176708477 3.06323856953629 2.0793273884446184 0.4216601775417716 3.63588381814716 0.4031034445533394 89.95575990203695 2.137209894052657 0.0
1074421 151.766865511962 3.05377923114858 2.667842397025011 0.6415347540226755 4.9944334580377525 0.5527149041163298 112.7726462340607 1.1208101257609946 0.0
1074739 151.470384818379 3.05248528877902 4.205608366360979 0.4472956340253155 6.116276892251603 0.42741399057131196 97.33774838369713 0.44861216508552765 0.0
1075535 151.183680205614 3.0439415419004 4.846360946847976 0.42391517171436854 7.158471335955874 0.409359668705715 83.02878740775253 3.1716102861322906 0.0
1075585 151.253997810365 3.04362860420848 1.752072380767755 0.4272539786815276 2.478384276738913 0.4106989805240213 86.35452640859606 1.9649641497195507 0.0
1075665 151.686945604699 3.04258968451261 1.738735399142591 0.5105492090299778 3.03949946974503 0.4620388647768873 108.23021058517497 1.3043987374263213 0.0
1075732 151.159805257209 3.04469900418491 3.296065419344301 0.39628007398810694 3.8883808250089977 0.3853632240416476 81.94287254729393 2.6140072674320165 0.0
1075913 151.316706622982 3.0376084807107 8.818297115362144 0.4262754908581505 9.334805109144696 0.40925751600939225 89.18508972733103 2.0052818204925913 0.0
1076780 151.749440320323 3.02915907018792 3.2621421600249443 0.7481246711788643 4.853061603834564 0.6884870353727269 111.16614614489525 1.4035875265288096 0.0
1076856 151.26385346224 3.03077114346969 3.3032601627609357 0.4585440390599559 4.940359108270469 0.44515159579716984 86.37157094121017 1.608103942387111 0.0
1076935 151.374396876603 3.0285715167 7.097743385929505 0.47237672998578395 9.117751118934308 0.45589817363885093 91.73290523807603 1.8438397377748303 0.0
1077037 151.701967231146 3.02936562342341 12.470456851799085 0.6505915289518613 14.714384529116069 0.6142427908840182 108.6492224911934 1.4550422008707038 0.0
1077968 151.158097231349 3.0193108819209 4.669558231547212 0.43195784451309743 8.159890158358326 0.4209094616047612 80.90944411890729 2.8311025332089903 0.0
1078085 151.206743713852 3.01749094062266 4.282203587056825 0.4234178528848214 5.245323169162084 0.41194656395432894 83.14878073445286 3.4236532915227764 0.0
1078162 151.191309640018 3.01674068370801 3.624493539266477 0.42807619634017624 3.9699212012841696 0.41722953342637004 82.38528204114138 3.6193588227347298 0.0
1078529 151.697151760137 3.01109513747992 3.3496215004963292 0.6105506897391574 3.698925835698898 0.5768442034590097 107.8850117833157 1.0764832219086473 0.0
1078822 151.144167375423 3.01543596303702 3.0921043788062654 0.428635503383675 4.396408294037428 0.4186666882446249 80.11141310216544 2.4576194704445276 0.0
1078845 151.18872265768 3.00767191060532 3.3032157029017593 0.3969719415412179 3.5725434370002853 0.38668672443116225 81.93225254320663 3.6279208125023255 0.0
1079334 151.340882636074 3.00615512144863 1.5592442805095963 0.43339396897248955 2.357426570220031 0.4093550735379997 89.31604247574352 1.635787426631939 0.0
1079565 151.772045005149 3.00065738713231 4.684235933929882 0.6787248018381478 5.292989884461215 0.6004396990202293 111.61068584240624 1.8490596728391233 0.0
1079613 151.662137782905 2.99990554819487 2.4070891537955683 0.56853687267941 3.0843809977185686 0.5338983553526873 105.71424957095432 0.697012222992215 0.0
1079985 151.132750331399 2.9961893177808 3.8608865276295967 0.42260350127746776 5.093672504931368 0.41278049020273677 78.85774891637763 2.2987825552264165 0.0
1080384 151.366258911131 2.93808335471763 3.102854492809074 0.4565203981098885 5.2972887145069505 0.43697538349258197 88.42492394058058 1.5071791301800395 0.0
1080466 151.634518145678 2.99297637588823 2.4797953339513463 0.5197135588544145 3.323450906099007 0.49177623019651934 104.0559843343896 0.4995257270897277 0.0
1081223 151.595660601826 2.99241719588561 3.9602616798916097 0.4866084086298613 5.142523650033168 0.46321586311593804 101.9871336661838 0.369895171020246 0.0
1081247 151.271887417319 2.9842352585543 1.652262630619664 0.42877218924866356 3.076779724694807 0.41647925028088284 85.15305689323094 1.1104491252094646 0.0
1081985 151.396591529233 2.97806447382312 14.346099057108626 0.4579570245125774 15.596291142948054 0.43661948360909886 91.22215963496039 2.1978796108315195 0.0
1081992 151.140459222534 2.98904275020159 2.7374420596302365 0.41594223171592803 3.2422862469436375 0.40577446176002674 78.95740398412686 2.424753621573633 0.0
1082498 151.135316995164 2.97114097574871 3.524802867502606 0.4019184599594813 4.782241413115158 0.3915457965880384 78.05834541585169 2.122123118790493 0.0
1082716 151.398221836192 2.97130985528279 2.884359424851681 0.4481937502672059 3.762499934995297 0.43106246164967266 91.09424064375727 2.1643499233543397 0.0
1082968 151.11926930344 2.96640426272492 3.207420803276354 0.3998262670080777 4.082899707558783 0.38934598206035 77.12217886560043 1.8624370969540707 0.0
1083293 151.209949631681 2.96368523576384 16.992082084763503 0.43903365729160115 21.32239317328751 0.42848511587785365 81.40134124943533 4.015256269973877 0.0
1083514 151.213938369468 2.96254563704056 3.077440728980576 0.40920834918047666 5.241759750125843 0.3984226814795694 81.55759880412737 4.003036597357093 0.0
1083896 151.497349877481 2.95699489228807 2.887570885350695 0.45781025280909066 4.459490738014557 0.4382673162770309 95.79983194162293 0.6975049898260357 0.0
1083919 151.223152488596 2.95722691232206 2.0163673748377784 0.4145651220432209 2.180688316189822 0.4035642689677791 81.82863903761347 3.685165554108808 0.0
1085533 151.454795836646 2.94471352237248 3.134213703795852 0.4370219211589535 4.134444412894459 0.4172911860272787 93.21439270938849 0.8337378810084782 0.0
1086354 151.221092670263 2.9346327878698 1.6930968195901572 0.3801816253503776 2.7011987102610897 0.3660509312724308 80.96368542232676 3.230186461710926 0.0
1086939 151.368485534018 2.92885795942281 3.6759211737260733 0.4302510092873311 5.760114190959659 0.41145969718658537 88.2574051931167 1.4543178816218174 0.0
1087199 151.614339383671 2.92779453411071 2.560404309328279 0.4674128502541273 2.8202566510492075 0.43787030852044007 101.20146204693614 1.737895963770738 0.0
1087232 151.178698731809 2.92696541417204 2.0045109673009645 0.3956871055496949 3.4871754425671293 0.38542646054806134 78.60502269088292 3.1489753731573167 0.0
1087526 151.762743423466 2.92508172045695 2.4959811906374094 0.5919537231076887 4.6117188831419105 0.48852554040999613 109.1842020843058 1.2489567997761788 0.0
1087941 151.487755217258 2.92003511563002 1.665657590553315 0.46084964387477056 2.8068417081216848 0.43839890935649106 94.23630471942487 1.4781655031832508 0.0
1088093 151.62006829521 2.91740471126053 2.0790296694621873 0.4798096543118515 3.2777483257136666 0.4450140906983246 101.23663823920822 1.9658166015816414 0.0
1088271 151.186162569164 2.91697584435866 2.9780726674583238 0.38749045103711244 3.418801741240317 0.3742343908655795 78.63593876681587 3.6913122287236213 0.0
1088276 151.795835900406 2.91555587147223 3.322431681324015 0.6467446089215458 4.294743385357798 0.5328557219277306 110.76978569370246 0.8188369039614937 0.0
1088343 151.264699287648 2.92338873299647 3.353237722521907 0.40607787885462837 5.784712980153291 0.3944873209122303 82.78161001615581 1.397029119960752 0.0
1088355 151.640062395455 2.91613902208632 1.9211936700591994 0.4750735675739421 3.483091452727398 0.4379654993995428 102.2838926058777 1.8210369622168898 0.0
1088883 151.620665536952 2.91108132123075 3.3164583684793487 0.49824115316370987 3.9447995390988124 0.46893640490125454 101.10432270242939 1.956844878241184 0.0
1088975 151.202843060229 2.91038674963568 3.4044593848045777 0.39640310639326215 4.789219161477601 0.38348672882955354 79.24712605969567 3.6954267326820056 0.0
1089045 151.182255501896 2.91322525391839 4.475282183812358 0.40592374414174703 5.025993235663484 0.39580021281836236 78.31593962480018 3.5451534106029747 0.0
1089046 151.48224148469 2.91165089585095 26.61347187316432 0.4629599786358853 47.89187575455029 0.44244110066664444 93.70886843009006 1.4505530103127833 0.0
1089107 151.140474297073 2.90940782788595 1.5541664820529768 0.3834958271991544 2.3902871762855473 0.3706321385182062 76.12293873042374 1.7839200447967176 0.0
1089165 151.487774660343 2.91233970016311 2.2417658304776533 0.4595738265720208 3.8310622315822456 0.43426996238492455 94.02146666710728 1.5067863973521223 0.0
1089166 151.200526444779 2.90789427019236 1.7161688896344762 0.3857581013872449 2.504701327142935 0.371488046059873 79.048886615096 3.695401947253777 0.0
1089410 151.654908245028 2.90654138222178 3.1873155632092955 0.5126623667279205 3.722531276713289 0.4764679676652878 102.8432811189124 1.5012868574580471 0.0
1089790 151.364185478076 2.90450687849422 7.3860196210124975 0.44681589975373803 8.355177971778295 0.4290063312940497 87.30140745077487 1.364220091682549 0.0
1090591 151.223114407402 2.89588003880762 4.5331681285075165 0.3938550717530784 5.84349843583527 0.38164764878063984 79.79319491615612 2.4020337525508686 0.0
1091215 151.716438600013 2.88842735810851 2.7637243009481587 0.6144005760918574 4.029854159669545 0.558325152667728 105.75748592344077 4.100182226328562 0.0
1091660 151.145163370849 2.88403799398164 5.681434329609098 0.39214105506329283 6.8760662333949645 0.37859736908426983 75.49407983863559 2.1353442268488707 0.0
1092191 151.260946107426 2.8848150613501 1.7314976876847556 0.42421885014132965 2.6680644200583057 0.41018032514114156 81.36965946588819 2.3161637160695565 0.0
1092251 151.322946927175 2.87946700334829 2.08871548184438 0.4119240652342942 3.091157350654293 0.39213752342546787 84.41047632277879 1.8283493578216568 0.0
1092521 151.652084441604 2.87907628722785 2.014301897597926 0.5153355902616656 3.386288673510618 0.47358594109381746 102.00410980308932 1.3439359644235367 0.0
1092838 151.716983044927 2.87330481350112 4.538817330083836 0.614055823008562 5.522447144001539 0.5637068123449877 105.4276308601368 4.435944377436265 0.0
1093079 151.794434683419 2.87309420077858 2.9451556117373077 0.6857769201865396 4.846388941456903 0.567624353975395 109.7061559453785 0.7896469514112464 0.0
1093095 151.165187214823 2.87156988613849 2.8072047724149525 0.4213043571519655 3.667000010143948 0.41124244428731155 76.08388043150099 2.294931655126882 0.0
1093130 151.708885466329 2.87302393153288 5.380976940316991 0.582973941260439 6.116191250849296 0.5310471412685419 104.97492759797993 4.5466274412872 0.0
1093366 151.1453988521 2.87049179790824 1.6766638920628123 0.4187755464703623 2.5986528001880402 0.4097090672096251 75.05565487706319 2.2415713105545083 0.0
1093446 151.70283547115 2.87418895369934 4.588656206025586 0.5703311679744503 5.981873301395332 0.5199731554249626 104.66954764898362 4.359180998180559 0.0
1093465 151.768076898074 2.8712366177824 2.9853510816041378 0.6677049666473641 4.3117287459737925 0.5914785694503608 108.20252567073754 1.082899514243085 0.0
1093756 151.255481236489 2.86362701407077 2.7949617722211184 0.4609242730425483 3.8267063072683043 0.4507007166465766 80.43637973318542 2.8733767960975958 0.0
1094131 151.704689940141 2.86356209348737 4.120226429875877 0.6495227176750265 4.743765677859186 0.595520070104044 104.52083865178233 3.841203939179907 0.0
1094299 151.548038029186 2.85863448819828 8.511199110152592 0.5838864004707599 11.681956000313198 0.5654836043890401 95.82442163650195 1.616674072778869 0.0
1094495 151.392047381492 2.85755743610788 7.002547534100113 0.4890776662180307 9.207337551000066 0.47151794986441253 87.41473250842373 2.9993086756381673 0.0
1094670 151.265764697525 2.85536309394693 2.521160499616148 0.41044829536506733 3.078716509612375 0.3972043818835993 80.71861769543561 2.91824780789307 0.0
1094905 151.339395106175 2.85210105937701 1.8782692783472186 0.41718869998112057 3.039512822436788 0.3961419128048177 84.47501082985677 3.283504764260397 0.0
1094957 151.249864285084 2.8561392120613 1.981809457474803 0.4379633534701585 3.3336823831364417 0.4230201354040261 79.9184899146943 2.7740489836763644 0.0
1095109 151.138421300478 2.8493206197423 2.974868297699071 0.4138781187219163 4.032956496446264 0.4004340849221806 74.01237916830503 2.2728176777274665 0.0
1095116 151.372460772042 2.84887245246737 5.083009689906396 0.4307751103841904 6.450527918456736 0.41093838968285995 86.13317437999042 4.058905056119018 1.0
1095169 151.135447795666 2.8503529149553 3.843754158481725 0.4196857507530279 4.478705537716436 0.4067672205790804 73.89611802428975 2.2699387727691387 0.0
1095285 151.172162837489 2.84929789112177 3.29447934057356 0.4102609914591125 3.950238228583007 0.3977489691147478 75.7205253874106 1.9416177711535023 0.0
1095570 151.335100064812 2.84737271452281 6.713854602946752 0.40727659557274476 8.93519864247516 0.3896820094549964 84.11377446714097 3.299301605384057 0.0
1095820 151.534145707141 2.84477567077908 3.6209381042190323 0.44376758117366405 4.247641627051311 0.41899521971438125 94.71909225763964 1.5358357756463556 0.0
1096423 151.359090451969 2.83615992442273 3.2004127581167507 0.44465458557896465 5.085055874808847 0.42554184189060384 85.06999427313544 4.501745271706906 1.0
1096456 151.552121076114 2.84006600660415 1.4661009676221828 0.47338242051449503 2.6643691316800164 0.4497216788693981 95.58112442217525 1.9736182454701863 0.0
1096485 151.317663266947 2.83704435750437 7.260561412758576 0.4089165234230857 8.736679109299718 0.3927975607921791 82.89995887981311 2.8613222116564345 0.0
1096506 151.388750393602 2.84166852390236 2.5332539864973076 0.42154557400971354 3.4941528225794545 0.39957872069693695 86.80125396868785 4.234606006667608 1.0
1096614 151.756774007739 2.83627888695691 2.3431973893578784 0.6305351971295737 4.346679646868326 0.49878920203894334 106.78925778252811 0.8244337565760568 0.0
1097009 151.176181625589 2.83215304009106 1.5946220991902578 0.4080192359932693 2.623616992698186 0.3967777219425534 75.38802530050583 1.616577158893536 0.0
1097024 151.370193168644 2.83125358913477 2.7032982138430426 0.4103349293752211 3.1626944427897925 0.3893084103483697 85.52662018499088 4.965749113177506 1.0
1097246 151.392506895415 2.8300362690743 2.9152949134895993 0.4212140939812622 3.109870917933849 0.40343021715128496 86.68671826557976 4.449504946121465 1.0
1097294 151.454134557739 2.83020490330134 2.650486844540975 0.4186951602464157 4.4155396624377055 0.3968254785352812 90.00792775850374 1.5997077810999896 0.0
1097743 151.683814102305 2.82428947297054 1.749601911782515 0.5027345995586129 2.4325070983978994 0.4622404443786636 102.46241528982718 0.8524794653482743 0.0
1097945 151.377469471795 2.82430180653584 9.000656484272216 0.418086418765548 11.101944538369269 0.3992079855124734 85.7269870521057 5.101239476095645 1.0
1098645 151.484467351373 2.81762719165743 6.17339118028571 0.41567531410952485 7.126372109583134 0.39585783198548496 91.33364300620116 2.427914049918678 0.0
1099023 151.291932050316 2.8129651577061 2.0580985423880347 0.3887088591970532 2.9387325065642202 0.3761079761117457 80.8593676651659 2.7767572097570663 0.0
1099094 151.221299963401 2.81339623274452 4.8972089179364895 0.3923278443913364 7.381323433277561 0.3800273502839873 77.15646203764067 2.2634777178362375 0.0
1099180 151.433510161431 2.81187784460171 1.7325758484785407 0.41893509358415065 2.9326113563999145 0.39759628799106345 88.41956892020721 1.9506439115620287 0.0
1099800 151.721191898828 2.80654166409639 6.01857506248565 0.5554919964337529 7.337399891871988 0.5061271507724904 104.1545515292316 0.41874072995817824 0.0
1099889 151.114841990281 2.8075796629016 1.5648199962374834 0.38199592729161136 2.8427015129310336 0.37009257926616096 71.48218844177761 2.1899643804047098 0.0
1100245 151.235312155579 2.80323852888468 3.9378851469565723 0.41800742702189697 5.393801878443884 0.4051921278505923 77.5948567178321 2.881833136401437 0.0
1100250 151.307009585367 2.80558194154597 1.6398355474546324 0.40057454381679036 2.3177711016253872 0.38754820326835565 81.4547946085024 3.2677625884673756 0.0
1100484 151.316748831692 2.80048903519033 3.6974108485008257 0.4044410997477916 4.326598671865255 0.3879463805365694 81.83488632163157 3.614851884572341 0.0
1100659 151.257948589631 2.81057738930082 1.9364987095269028 0.3971188820747734 2.8744799984390017 0.38658668974801497 78.99672067224478 2.7257351931564955 0.0
1100753 151.377485042211 2.79821671468638 4.2954289770139065 0.423032404340055 6.040647246136142 0.40137247526389813 85.03638798952974 4.966714384214503 1.0
1100907 151.479350841795 2.80254121448718 1.554207184740955 0.4256509555113784 2.8582224055675645 0.39843810614073777 90.68008379649412 3.0958169200138985 0.0
1101017 151.497332405158 2.79592903741525 2.262760709748384 0.4151711284583484 2.506563981599365 0.39351008805062737 91.50371366603645 3.3084459974344966 0.0
1101039 151.498477149129 2.79703441378847 2.7670169826480713 0.4192395203623384 4.76378127071641 0.3951320257053025 91.59320012721648 3.25002034799595 0.0
1101046 151.512545574657 2.79650369819775 2.5073098905872078 0.4518278625980292 3.355475541572964 0.4309451973897815 92.35294236336973 2.663086499499254 0.0
1101047 151.355046178384 2.79859439089113 1.9521882144296985 0.42310944864045924 3.187584412751272 0.4021329156638741 83.837178164551 5.271677737854721 1.0
1101112 151.225732570271 2.79627476242611 4.812990820482492 0.40218324094621993 5.332354816900717 0.38913611458093106 76.89072135839875 2.763012058921932 0.0
1101195 151.487801613847 2.79458016615581 3.2922596996008 0.4136358666119063 3.7522555657037513 0.3924711749618569 90.9483448720223 3.4642528370821006 0.0
1101248 151.318602878268 2.79975261711505 4.110724138730952 0.404007135698973 4.704918921947412 0.38809859201385394 81.91396751683688 3.67973764427443 0.0
1101378 151.094191572894 2.79654016746579 1.257203538237617 0.4421615183843468 2.2846216169802585 0.4294648627290082 70.08120086061588 3.19490655382689 0.0
1101899 151.383127284952 2.79042535307411 1.5319742530992062 0.42051115590568944 2.6604374546138523 0.39872491275093963 85.139787175372 4.5095051359758695 1.0
1102503 151.233671280626 2.79147129870545 2.5232799861919726 0.44055074201790023 4.3549375960639765 0.4300946032985589 77.1718013525123 3.0337418046403193 0.0
1102689 151.345999028724 2.78149768305195 2.3102905553526214 0.405444489817503 2.65927788844411 0.3866640893164448 82.9010785233992 5.226263807260439 1.0
1102722 151.565907223771 2.78449973210884 3.0580358145743265 0.4719704638809451 3.250369966533733 0.44806720669059896 95.0181574812069 2.064599709056718 0.0
1102766 151.366637813575 2.78191229127617 1.6410634057361506 0.40870955941852605 2.742167439111983 0.3818293006410618 84.02805210105352 5.611242676000399 1.0
1103066 151.270186046062 2.77807691674071 2.1626292149814508 0.3842463123844985 3.980132419065144 0.37185068675050553 78.73803732128071 2.8218575088579376 0.0
1103136 151.35244758445 2.7867868376543 2.7158124486458632 0.412378554095814 4.179669151089934 0.3907208857087552 83.38698840609746 5.527574750726905 1.0
1103627 151.148160707968 2.77325787991826 5.4270428060056695 0.37282732342910735 7.7553142802542325 0.35971436995943873 72.1555704122309 1.8375621906879667 0.0
1103802 151.089367640789 2.77332730759852 5.852995883176151 0.4382924520803851 7.570635871092206 0.4270765450287132 69.11062425691061 3.152344494959124 0.0
1103848 151.241674487429 2.77274428933856 4.041132616663322 0.3950247468992615 5.066761766225541 0.38258021919050156 77.07182009509262 3.005983698049836 0.0
1103861 151.675615254378 2.77111884523882 2.376791288419714 0.4908965720400038 3.180824635570832 0.4436083745625944 100.84699642866315 0.5051905217926128 0.0
1104008 151.153052196636 2.77054224583955 2.8156950952821984 0.37030992128568885 3.08680897751776 0.3577959841302374 72.3313986173422 1.8049263940514855 0.0
1104168 151.368201796305 2.7691952291702 1.9205000667880348 0.3876404357624525 3.44381547684126 0.36605962433520267 83.78940175186196 5.14921363973352 1.0
1104200 151.572146943885 2.76886025308311 2.6832483644248972 0.4542120731922108 4.561674099484503 0.4253778063745491 95.01288974601472 2.05195829911562 0.0
1104216 151.491425950913 2.77039236501927 3.8344459878486985 0.4035666927488969 4.586946877305546 0.3811190479445888 90.57230172458628 3.200869182369047 0.0
1104549 151.571337304295 2.76971460650974 1.8767618975790714 0.4519261774871744 3.383311115336186 0.42346685200896733 94.98680778247927 2.0624875153079594 0.0
1104596 151.185562395483 2.76779382295473 2.0462423650700443 0.38240574356901763 3.491199851775363 0.36963925077661147 73.95976585479355 1.4062676486093044 0.0
1104640 151.365620970132 2.76677802917688 2.645686229547739 0.38914148991234576 3.237181835191032 0.3642944905723676 83.58814403629403 5.109240103864506 1.0
1104717 151.303184437051 2.76468903812676 2.122159895219801 0.37847960579419726 2.6225235453745266 0.363538488791307 80.15190441175923 2.5755767419713433 0.0
1104767 151.464982828519 2.76797699156498 2.1888034376274303 0.4038063371457507 3.4009711091922967 0.3770202504301358 89.05749358234739 2.5800446270710355 0.0
1104785 151.607541165928 2.76880724150652 3.7870317028850584 0.46909875809055235 4.100739272097152 0.43378547147543856 96.98548020536641 1.1411794641316928 0.0
1105014 151.475922517431 2.76279905497678 1.6901028698354987 0.39569532115498346 2.5225579278742356 0.3674304208797984 89.53913011316222 2.814597174155566 0.0
1105218 151.363705137558 2.7603740975689 3.1188427296571244 0.40043776752294113 4.473439972787446 0.3787417991653232 83.32332493256719 4.685705362637389 1.0
1105629 151.41372548285 2.75753988797214 2.1905775959681426 0.39342194774931316 2.574065798198166 0.3709180334618674 85.98997017613114 1.2401719103390423 0.0
1105836 151.333120892303 2.75563201244981 1.9457570976415566 0.39314571100061674 2.7405463302450723 0.3757790026218483 81.53976377720774 3.4553042074698723 0.0
1105977 151.689199652212 2.75578735306665 4.464100252966858 0.4935766782046713 4.748909226811772 0.4398692709378343 101.29420536550693 0.4443767794009508 0.0
1106068 151.52340821677 2.75321939525315 1.6439957489336652 0.42923958388997074 2.9419613716062845 0.4049561996003636 91.9522913858284 2.036843183769587 0.0
1106528 151.602121704817 2.76278742292841 1.5498895688392293 0.450656962815808 2.8816653120926294 0.41349245572725596 96.55209594826718 1.2567692039934735 0.0
1106705 151.230957553836 2.7473567833 9.416128435113157 0.40809777508926603 10.777252197712041 0.3973390875215519 75.80876615227749 2.030856170131306 0.0
1107171 151.343699071405 2.74606680514476 1.6803035595733657 0.4113427210826514 3.0347509762934135 0.39101283080309557 81.87636693975499 3.3554744427827417 0.0
1107756 151.652987289845 2.73888816707939 3.0014061739985043 0.5048622952136697 4.77613499695555 0.44887937265581823 98.90890022534128 0.8714705747166687 0.0
1107944 151.540423749517 2.73740102313993 4.122757308280379 0.4468558509147477 5.201797998408538 0.42134284393545063 92.55405350847283 1.7342136817687448 0.0
1108068 151.515325666971 2.7361004311795 1.5387862991613122 0.43808458030136904 2.3189393240228897 0.413925736761663 91.12363171956024 1.7267079603848066 0.0
1108227 151.510410834398 2.73310796792571 2.154701583753626 0.4190777249340997 2.8760454864381773 0.39313059534212136 90.7839247164792 1.6548356870473264 0.0
1108323 151.474535109963 2.73510843353656 2.1592716115733372 0.416457598397891 3.7295410715359503 0.38837433891177936 88.82930014171451 1.551877012956488 0.0
1108647 151.339432985702 2.73283131353708 4.839632479427519 0.4123432910148142 6.027446498801918 0.39600851480978205 81.31791762297917 2.4467783802153527 0.0
1108732 151.127339937488 2.7307182941949 1.7303928215074555 0.3930540123328224 3.1642370930816863 0.38068995689276774 69.83322965463577 2.4000285567533317 0.0
1109156 151.233383043724 2.72765168871484 3.9511622716876493 0.4062579263107461 4.5247432246211305 0.39495926950021704 75.41852413655657 1.7530084363928524 0.0
1109300 151.289765202049 2.72529918526858 5.15064558594795 0.39792260531666473 6.0233130579589185 0.38554398265303474 78.41819880662081 1.2350246720402693 0.0
1109630 149.062660843306 2.88134703552301 2.1078040755872673 0.40881151071481814 3.0533692329800783 0.39226126143867335 75.01496302373303 1.054889822673228 0.0
1109815 149.247289984398 2.95178882474984 2.2394601981699735 0.40384383171568905 2.657951828021279 0.3927538652594962 68.89048721351072 1.8824436316772544 0.0
1109984 149.013624477586 3.04794748340585 2.1952941350470705 0.41326648836603824 2.8136469765416297 0.39878558001528414 83.30484745313268 2.5214896680723395 0.0
1109999 149.155771866161 3.06029585448068 1.7623471021089787 0.4134308768880845 3.2195610706224302 0.4021461946856083 77.33219864703089 1.5745075062921117 0.0
1110005 148.776461333685 3.06352925256859 1.3318799495016276 0.4149849434721239 2.157830902176449 0.39532675399489403 95.34608791680701 2.7433042616087677 0.0
1110010 148.538905239986 3.06443152028417 2.0236496658685788 0.522156003355219 2.706537392688396 0.44611605611845007 107.5096687844167 1.6381684875543712 0.0
1110128 148.862891552585 3.07215309709955 3.505928147046664 0.4343871517428222 5.131026890342282 0.4119213319712834 91.38263076540079 1.5620784879398577 0.0
1110228 149.505287082707 3.07413471188278 1.8665532306226598 0.38646554460243177 2.3093857953766275 0.3748506129858197 64.31306386638732 2.8247885600635736 0.0
1110562 148.691844105798 3.07463044499465 8.16481859084232 0.45594037366126744 10.663423723541406 0.4301411259183932 99.96045377405437 2.897867579187376 0.0
1110728 148.555524394356 3.07611260502151 7.315324669333028 0.6572200932236799 13.223312462419038 0.47853708236255094 106.99320460458783 1.8148293119460195 0.0
1111251 149.379587382017 3.08103573250616 3.5806384833564926 0.40170765514322126 4.936161758682091 0.38886065315434676 69.09788135508376 1.157772779501022 0.0
1111754 149.12520014787 3.08482474853465 1.5182307050319033 0.3918694597493844 2.8072343693468897 0.3778547292037198 79.67588628228324 1.2690184401436937 0.0
1112183 149.490148643401 3.08790399729157 1.83947934044106 0.3901898098204352 2.6658425321498287 0.37842217255965627 65.50416239623068 3.1344797086742573 0.0
1112634 148.92374392685 3.09040719354036 2.5965579930700846 0.4493631934002096 3.949207769129432 0.4288154614719385 89.1141777076803 1.2482177657014282 0.0
1112787 149.525397711587 3.09235923087378 2.029497444993216 0.44098727851203207 3.677063611615354 0.430371105314225 64.57507992935065 3.045843121644602 0.0
1112819 149.51066154462 3.09228769183193 4.363127068972792 0.4335645508970494 5.115629394995098 0.42440671575115463 65.04680906923033 3.446852139524094 0.0
1113178 149.340984190118 3.09530458520543 2.0722316759570614 0.43905926593887123 3.481810331018896 0.42933594018789967 71.2232730868081 1.2261131578412217 0.0
1113636 148.976227011451 3.0980193936294 6.727309843377124 0.4579257449813925 7.559696056778908 0.4414585359370914 86.93485971367139 1.5523106763449688 0.0
1113978 149.48870101125 3.10130313324897 3.1885323617785373 0.4253795672491641 4.3272392327195055 0.4154748976418824 66.2206770746072 3.3335256805122087 0.0
1114196 148.560232651818 3.10052703776229 6.145111431533358 0.6444384951182426 7.407239534578735 0.556965977569338 107.49199671105458 1.3628685050304086 0.0
1114573 149.470132403578 3.10633289040765 1.5881598568171906 0.3901305900381559 2.241294434414843 0.3782072863098871 67.09207954762803 2.4610215878905297 0.0
1114700 148.622475185311 3.10644420928397 1.6450668189876894 0.5249988726775512 2.6460182050910936 0.47684785635017013 104.49453164482912 1.0916743392140573 0.0
1114703 149.578593083941 3.10709513897681 3.1883561430823475 0.38855052614663704 3.879639876721837 0.3757309881840384 63.70136140880236 2.101330412130599 0.0
1114952 149.156170217166 3.10899654814157 1.5744832932187465 0.4142356225363787 2.788342888960604 0.40151061576669594 79.33449830895809 1.0849119365165885 0.0
1115000 149.120620465448 3.10857208410789 3.2364064581937937 0.4132900892033546 4.978384167157736 0.3992020458668295 80.85005976529673 1.2162917336209143 0.0
1115242 149.40573889306 3.11138370299748 2.1462363915731433 0.4064871297629637 2.824708070131098 0.39593392391099785 69.57975840203781 0.8647366940238542 0.0
1115405 148.672721404743 3.11190549474625 1.677851213413905 0.4837151953972102 2.5127270315895314 0.4436492982606434 102.13336056156788 1.6072100432075755 0.0
1115601 148.608733647949 3.1131724295271 1.6270814798903381 0.5254371409428519 3.02946257365714 0.4728811583965887 105.40663560553988 0.9797023318191356 0.0
1115839 149.358486953778 3.11520536604281 2.9705717698415683 0.3987874569545715 4.091958173647189 0.3860097153327894 71.48896677203479 1.4332214040550555 0.0
1115871 149.257745864399 3.11562721116716 1.7214860235799112 0.40378793886452635 2.713314482324356 0.39101120085382585 75.40987284422516 0.8514720485456923 0.0
1116008 148.665928145421 3.11461460351999 6.014365096905748 0.4684731137343419 9.335649551788956 0.43260575655427164 102.56314013246393 1.5171211332990018 0.0
1116010 148.723265622602 3.11547923527669 4.720073214129548 0.47028969917448993 6.533032359076811 0.44480836715772704 99.72993964173594 1.289778578677546 0.0
1117016 149.484144180394 3.12400950167173 1.8245681869627017 0.3875821073480952 2.2598140653575594 0.37082404892939924 67.50850046109598 2.8241600868282144 0.0
1117095 148.683067718899 3.12298030379751 6.875901672979993 0.5056632521878305 10.269697045621715 0.4728149290454706 101.98059175203868 1.4990859799111742 0.0
1117156 148.538050130813 3.12416901222315 4.464722598907802 0.5656945591893086 5.173402808729375 0.4650198301899056 109.36128352135657 0.8825306551290204 0.0
1117446 148.630144186406 3.12648904477685 1.7911596324712153 0.5098444987072005 3.1660730421546015 0.45850647923804194 104.75041500604928 1.015921183837247 0.0
1117687 149.241844821337 3.12841756956512 2.893714099687036 0.3863982299216954 3.6984377717932726 0.37372241182857857 76.6180137077591 0.8479515248462854 0.0
1117854 148.860637060946 3.12970410404393 1.966024918241705 0.43854042863454556 3.2602814394066306 0.4147924922142889 93.54874846046576 1.52112008276956 0.0
1118007 149.353228788491 3.13133483581913 1.8937988087940039 0.3745824873696432 2.181288634793741 0.3635829302329777 72.44359478137547 1.173866783968318 0.0
1118141 148.922855034298 3.13193014751215 3.5044643236799056 0.42541758341635505 4.093366928671388 0.4013535052328493 90.69994864792483 1.53935540551934 0.0
1118277 149.507872502347 3.13328046352017 1.9661885577813831 0.36544326693268453 2.9843551549740734 0.3514057357876265 67.21321200405531 2.7636510284993663 0.0
1118487 148.663964259805 3.13280324029774 3.754097592553605 0.5019477518193904 5.775343994915873 0.4656527477792193 103.26016596783718 1.3157836792002495 0.0
1118760 149.278384149678 3.13691906848603 2.050198997856666 0.39172233797296946 2.759242953419225 0.3784758227542633 75.55141554318007 1.1140939393723284 0.0
1118960 149.147115840771 3.13761543829646 5.723243172990372 0.3944551295483054 8.45608011945221 0.3828121508419559 80.92927530784993 1.4064038655573723 0.0
1119007 148.912508771555 3.13780169562405 6.693765800503686 0.4227920384368375 8.657103236288453 0.4047019459317916 91.40362825594319 1.5808138678335777 0.0
1119179 149.00534569678 3.13955346836062 1.7306574810668451 0.41519099989611785 3.181307358399754 0.39813932815171865 87.21021585194175 1.1425492138757003 0.0
1119536 149.492405690936 3.14228280424507 3.7903273129684054 0.37565250968361424 4.870708889611622 0.3636037420146138 68.16315673427998 2.495570352749467 0.0
1119631 148.614557111508 3.13980053748214 2.73909171563125 0.5224742068138221 4.1597303592322 0.45872725908969036 105.96790607080592 0.780554670395172 0.0
1120233 148.663257990416 3.14674109853365 1.5846786719446708 0.4792807643250622 2.528872738112792 0.4292766634452485 103.75924935667994 1.1633056352641937 0.0
1120859 149.272164047636 3.15103588677735 5.283933628473513 0.3957255066159521 8.475204857550372 0.38496491785089265 76.4370545548726 1.1821385054715028 0.0
1121102 149.109589549052 3.1529478225514 4.006830500039412 0.4068581674124449 4.477788622186567 0.3918468030952681 83.17333790540151 1.4827016919740115 0.0
1121843 148.866094622742 3.15841965734187 2.107165816921251 0.4435259156307492 3.366574022699354 0.4210974859222152 94.34863751962259 1.65071178967264 0.0
1121888 149.453466597623 3.15849072887955 7.499025569370864 0.3939619198133129 8.48861924795272 0.3834348282980044 70.24692501557614 1.4795321872239293 0.0
1121907 149.141813366574 3.15878756045856 3.159704452798897 0.42789825011157456 3.904406909831616 0.4150105923188328 82.05597962350981 1.8647570463678524 0.0
1121967 149.533433009844 3.15990910368797 1.6655454279425503 0.395713130172134 2.83740436197947 0.38310130568415657 67.79490622972065 1.674119851486837 0.0
1122244 149.501808453431 3.16189623123114 1.6926682994810185 0.3882077169809545 2.8087739807503143 0.37682793483381355 68.86557974837882 1.9409027032681585 0.0
1122251 149.461802471284 3.16195995419054 1.2449148257942073 0.3873324291389803 2.1317602780010034 0.3773517471183377 70.14693819644982 1.6203594982721894 0.0
1122293 149.018916988777 3.16164748229369 3.01220137405569 0.45039962168787123 4.011725992814152 0.4346127121692146 87.48465519445821 1.1754646383504386 0.0
1122677 149.401374692721 3.16521836656678 2.64730006349983 0.3860973162910756 2.8046219382263833 0.3758563561465135 72.3449463247034 0.8945160568236804 0.0
1122815 148.581636090981 3.16492152532353 3.030118697303853 0.5433813250262974 5.292403839424347 0.4658593277338399 108.4424293422676 0.3754312561772063 0.0
1123006 149.358944863673 3.16765022371445 1.4881593933957884 0.3851502649991995 2.060776816092036 0.3728763852788124 73.96247975407036 0.9635456295003599 0.0
1123317 148.94278976178 3.168919682999 6.435419301689164 0.42926929064813774 10.402349131669498 0.40790073518676573 91.19811563913835 1.8341336066535225 0.0
1123373 148.947235405558 3.16961874117546 4.322003688325086 0.42361335242713394 6.124280219428564 0.4011946358271918 91.02293519381288 1.7330759687004085 0.0
1123600 149.065305589488 3.1718126148919 1.7429788845831793 0.4353517595247502 2.9875958993074256 0.42168504119456457 85.86646788966704 2.0650827213280647 0.0
1124494 148.787071004404 3.17768675790859 2.264266589489803 0.44368897644258326 3.5632357820574225 0.4196546124683869 98.7993128222998 1.6360045757032955 0.0
1124745 148.644964215279 3.17925858145688 3.065590196628136 0.47249848437946773 3.3814574854576325 0.4299290115032579 105.76146665431008 0.5087142257857941 0.0
1124847 149.191263701858 3.18055763125729 2.656263071655298 0.405651696666631 3.1449915361449987 0.3919360359112211 80.9711458922576 1.2499690896767612 0.0
1124920 149.148977077445 3.18115145916135 1.4885831249534007 0.404150163452764 2.618522158048634 0.38948065086329076 82.72293214033068 1.953730190046612 0.0
1124921 148.983561921534 3.18097957036747 2.234951132294701 0.4107410145659097 2.4385739169198803 0.39285064925285706 89.83475479961274 1.0759459032583687 0.0
1124932 149.53421530726 3.18138896070642 1.5695334043404126 0.4024842079822394 2.5125373312790424 0.39008706566165374 68.89015882995389 1.177721679833122 0.0
1125377 148.920778610593 3.18396395711393 2.5599769218957515 0.42752749688825026 3.677689530552436 0.4078561740313068 92.78731053400085 1.7033818873455304 0.0
1125689 148.917097693467 3.18539856630289 5.079804675534437 0.42764490662253424 6.922137624335405 0.4072542807306356 93.01111764860943 1.6281513008976216 0.0
1126915 149.138563662569 3.19516235461259 2.705912486714137 0.4352892154677477 3.2694299670987537 0.42330408730081776 83.76206930478182 1.6316571419170902 0.0
1127093 148.575743890872 3.19580324381624 2.186634407960808 0.6043360664289552 4.017857733044334 0.5233851273104126 109.75395690913234 0.1978605320473532 0.0
1127150 148.85337681756 3.19571109913088 4.743745694865316 0.46772370894007304 7.269217087993546 0.44706806620576045 96.34309846204935 2.2026502726929507 0.0
1127293 148.56509764706 3.19731314600662 2.234173950381887 0.6396384201781534 3.6303563562846595 0.5280956899086846 110.33555961349414 0.238968889032858 0.0
1127337 149.411611769517 3.19834546740484 3.2321908752746014 0.39406645847073435 3.8340868464841815 0.3823700938660005 73.62889953672716 0.9511666857832309 0.0
1127697 149.295462467024 3.20046159126299 2.979511765323448 0.39590092399765536 3.4640810873407046 0.38485441281565674 77.84323523432714 1.613421083056724 0.0
1127700 148.617257418299 3.20012256313592 3.487357223350093 0.5605683382286564 4.9532288930241615 0.5127531708165299 107.83833934971588 0.11238298594631704 0.0
1128228 148.657516788476 3.20360302602169 6.193438966943199 0.5323420240757208 8.003581614804887 0.49260685971137597 105.97936198389462 0.447216792946498 0.0
1128265 148.775442704375 3.20432565564466 3.7321804843025603 0.4452298039856528 6.6126277546443015 0.4184464148743879 100.32378648208461 1.3707300452519313 0.0
1128292 149.288376484849 3.20553932356871 1.2903388414032242 0.36888434048420593 2.406105327466863 0.35535932968577955 78.34554097608725 1.696250450796969 0.0
1128692 149.175346418392 3.20781503401878 3.3297139631460615 0.393440467057978 4.332451663144054 0.38080523206202466 82.82351161346425 1.774772426451745 0.0
1128853 148.82407800673 3.20879092881541 3.7228903259902766 0.4619916951901198 5.088440091512947 0.44021832871788574 98.2012612316729 2.089159864911928 0.0
1128975 148.720438917431 3.20978417570164 2.5757854407214955 0.4685589397686321 3.164612257676312 0.4378603906935276 103.14733888896627 0.9401133360249344 0.0
1129050 148.847313376947 3.21030776766443 2.7496849124840232 0.42723128078898004 3.5833561705230608 0.4064111641467973 97.17852153953291 2.1436894770234005 0.0
1129529 149.045069955091 3.21391321575111 1.599031526358759 0.41222733786847465 2.585688165279104 0.3891183877315286 88.49422244136477 1.8354642982989164 0.0
1130124 149.059209617268 3.21754906739599 3.7922653871113847 0.41583852018778905 6.361149235857222 0.4003864019994763 88.0445278588343 1.981744350045494 0.0
1130692 148.52816231594 3.22137909206256 2.5775918296974853 0.636334843269938 4.230933634073757 0.49286059768978346 112.97763359091812 0.27621132760237077 0.0
1130781 149.481582257528 3.22299728715748 1.3735643734219791 0.3822745480847422 2.494881849711871 0.3660418790682944 72.63149945787559 0.8729429475266542 0.0
1131394 148.549591734146 3.22608043429197 6.027618960326909 0.6054467506083496 6.420223754293872 0.507264671187703 112.06626398307426 0.17669675115734068 0.0
1131521 149.342314775371 3.22789837121325 3.6504211238825626 0.4160414080297821 4.168125610934132 0.4053228921422881 77.46304246040623 2.071114223908634 0.0
1131671 149.310336002332 3.22918069379129 2.1983730815913307 0.3854999440664354 3.574497166023256 0.37147823873799585 78.66332069710555 1.771167110385597 0.0
1132180 149.228822260677 3.23297935289561 2.8764047198902234 0.39186273869776556 3.3559231790531987 0.37993212256987274 81.87109781303806 1.37957975721999 0.0
1132229 148.537936074645 3.2320289009437 4.541994534021928 0.6528058071715926 6.352474038066027 0.5135014004101124 112.8448250284734 0.2002623960925432 0.0
1132715 149.328219566779 3.23587928895268 6.005577828591318 0.41400548229916545 9.302493436841713 0.400715320236856 78.3471426557149 2.0894525121639185 0.0
1133067 148.634845841476 3.23801263580121 2.9725266960024217 0.5483021943469721 5.164117623143678 0.48435282423572323 108.28456946957503 0.2386018186711842 0.0
1133155 148.999340385386 3.23944360867887 1.4653901439830275 0.43109536819741195 2.627166230254905 0.41375037447949653 91.52727897653695 1.0289372780476573 0.0
1133220 149.350966319672 3.2397202588712 3.8718744116332204 0.4003442674583269 5.3388514079222364 0.3872984158449578 77.73810149509146 2.4100610836547824 0.0
1133274 149.070871372738 3.23994087023392 4.006943519064199 0.4358880481859123 4.592836979858679 0.41914095743835156 88.5089004475181 1.489394170905473 0.0
1133279 149.183323482931 3.24038546663278 2.8623238920378755 0.40205891104957964 2.975583817802223 0.387569263686321 83.97190496512522 1.8972983656987332 0.0
1133475 149.575930800101 3.23865334233564 4.008147195160507 0.3846068488968292 4.79745703559185 0.37213281531421577 70.75575631803186 0.7304498295728874 0.0
1134550 149.003351304383 3.24908067786383 1.5191632754417652 0.45791075828874805 2.367254519703796 0.43766126982878545 91.75653268988826 1.0437044001702367 0.0
1134962 149.465111386812 3.25216740561928 2.303691102560803 0.38798577114978655 3.9576690475899166 0.3711998857629895 74.64017312276542 0.8606207975704985 0.0
1135046 149.003217065536 3.25238727857265 1.9399895635900057 0.45697169226905043 3.0642025941094313 0.43789558654725025 91.90076985460766 1.0381497488310563 0.0
1135155 149.165839531017 3.25352124441141 1.913097794915228 0.40183700486352364 3.0625614101611194 0.3882430497211661 85.25375247082037 1.7417459005264078 0.0
1135319 149.532040699091 3.25426362385624 8.233943579068688 0.4453731227531607 8.385167749115912 0.431905430893464 72.78846519433853 0.6938006811881239 0.0
1135482 149.369984885018 3.25604858038218 2.3862050281964033 0.46938288447305493 3.839272755700274 0.4585733347843597 77.89393139786559 2.569062080916358 0.0
1135608 149.399597795151 3.2567682864108 2.824803196548931 0.4320970355521161 4.492057676948934 0.4193655957574803 76.94730064145342 1.9027958782730678 0.0
1135625 149.526756754627 3.25733234107403 1.7432510953199774 0.47505425429212633 3.0834618720879936 0.4625519212379819 73.0995398891836 0.6997439653394673 0.0
1135629 148.627555940546 3.25651074684246 2.6739388677314473 0.6391079717438634 4.588044376480497 0.5829672874614318 109.28964002140083 0.16423484619031642 0.0
1135787 149.228802403218 3.25769697637259 3.5372912257096756 0.41889678821549414 5.99800795741507 0.40634911556951236 83.01921701437527 1.2931273420629665 0.0
1136787 149.175930163749 3.26613838271045 4.231249310124415 0.4694583537166672 4.668637908778756 0.4580394112891114 85.43265183203604 1.666335125876888 0.0
1137361 149.380875857468 3.27109588794789 3.7068823824109427 0.45364652522282506 5.79063973354311 0.4426242351362892 78.28113709554746 2.530344739752148 0.0
1137849 149.075397999355 3.2748945975163 2.3232895389100108 0.4609572860094829 3.3123982845622404 0.441256551150186 89.83862429862785 1.450036005567423 0.0
1137905 149.032692313775 3.27515791564577 2.0543980050205723 0.45681494209280615 2.8373579498646713 0.43738302735881435 91.61835191790188 1.1837576426078358 0.0
1138568 149.125872992675 3.2782930332101 79.79610678386453 0.5777457232786791 140.76554990986122 0.5601420304133122 87.95111077786866 0.9136676299284079 0.0
1138642 148.748508643444 3.28031666424722 2.008084055527789 0.48084275607999394 3.1980577116408146 0.4495446682204561 104.4197740871914 0.7909979980017384 0.0
1138702 149.393924399169 3.28129714950015 3.054471796969145 0.40156049555831463 3.63609212013858 0.389692350884544 78.36770465991717 2.25435707542585 0.0
1139791 149.197395169618 3.28903798156259 2.0984793844514726 0.40766245143709845 3.587316670985916 0.38913385843646164 85.66500816509969 1.134979120176621 0.0
1139816 149.336663551615 3.28991099593338 1.7409073203576355 0.40215286861191973 2.4815782406073486 0.38685451711841506 80.69780420993592 1.426622526029396 0.0
1139973 149.545285034838 3.29106558549384 2.192936510120312 0.39745326477775667 2.8243022403891946 0.38294944413948356 74.38904809222602 0.9312676174800651 0.0
1140268 149.079953042782 3.29273463831373 2.641043820929949 0.4227513710258307 3.792643866857068 0.40354979280816317 90.43782935638613 1.4341197579253562 0.0
1140564 148.847921891684 3.29463601023699 3.748447193839404 0.45410499307423463 4.363630843010927 0.43431084924796187 100.43782123793314 1.2866299155624914 0.0
1140604 148.907002153038 3.2954250976076 3.998382878159532 0.3889825057971783 5.578420338624294 0.37254218121724725 97.85315052604018 1.0939100947355844 0.0
1140637 149.15808093353 3.29599851601802 1.319149106412239 0.39740805430250137 2.37515194622199 0.3746973425019475 87.49049194203488 1.0558220775357756 0.0
1141167 149.419384353556 3.30012020686053 2.4058960125126205 0.3834124637556503 3.178452921252081 0.3721493173994777 78.5170674403203 1.3631897176808532 0.0
1142093 148.98283814376 3.30680383399005 2.4104473465638705 0.4336631087923758 2.7805671100686995 0.4158118735380814 95.06654444548808 0.8249341336126572 0.0
1142143 149.397932904892 3.30525523685831 66.97572054354856 0.5141325062668045 117.95394944234627 0.5029943146060463 79.45368770071885 1.597827481770829 0.0
1142180 149.479307475416 3.30484158833128 3.161579446984262 0.39766262153167026 4.668422423960045 0.384918735954917 76.96066554844242 0.7858497305957579 0.0
1143198 149.450995241721 3.31539414593376 1.731827821477523 0.4155572709358255 2.757044455743206 0.4008719334980441 78.34384869383373 0.9516280531875575 0.0
1143622 148.901024151597 3.3181738444057 2.36547912739019 0.4558607176169548 2.861934269701139 0.4364549231941267 99.04914527554794 1.558593054035223 0.0
1143848 148.853998319219 3.3199056670223 2.760268320432426 0.44685335086637906 3.226481816804197 0.42704948971258627 101.18228172851526 1.7229187177042087 0.0
1143885 148.938353871386 3.32023889803529 2.3868607834929993 0.4825478392138249 3.3665964920565186 0.46660159005551954 97.52506008451185 1.7778328081404742 0.0
1144001 149.515823951034 3.32157521107006 1.8937316033150746 0.41132485681403885 3.5402100320403735 0.39989573201677003 76.81926497297624 0.9156292870310081 0.0
1144097 149.542060037691 3.32171627584471 7.775655494615283 0.41211632693841915 9.331506533842902 0.40090223029520466 76.12316556781303 1.3004969385781113 0.0
1144641 148.848649648938 3.32617129943312 1.942271953005274 0.4517114191732186 3.327807935463301 0.42889134159613385 101.67238984173916 1.652650489962904 0.0
1144667 148.886347674938 3.32554320819467 2.7807450231754287 0.4718111386778821 5.143641040114462 0.45003769564391405 99.99177811008987 1.789200212587661 0.0
1145030 149.552194580869 3.32898953875878 14.933091950916175 0.43809775381615584 19.169133496068653 0.4264970750414419 76.2519419385558 1.513736399763734 0.0
1145092 149.068024856223 3.33025021853181 1.8432646904230665 0.43733590082964235 3.216809495245056 0.4074414210078076 92.58450345133751 0.8304635020397177 0.0
1145260 149.153029740765 3.33160109015908 1.731543915624496 0.408634099779513 2.387120101975686 0.3858527981827544 89.3246338618434 0.6348944561541694 0.0
1146838 148.907289113087 3.34402716103825 2.865789818006779 0.4447090466405327 3.3839349162600927 0.42347406246251645 99.85342738165896 1.9060742472640677 0.0
1147181 148.730510976942 3.34621333262604 1.7561796319174034 0.5201566129676959 3.280930134028226 0.47593447698142766 107.77636321641627 0.32735638190552363 0.0
1147777 148.800291969203 3.35076150270762 1.8064230483756465 0.47491888414948236 3.1120222667948334 0.4491156047948938 104.8092057159556 1.0395188457265727 0.0
1147844 148.668302722645 3.35098210259836 2.4816114842054486 0.576481602818678 3.8861845374336843 0.4969994993232742 110.82244435956315 0.008376887122748443 0.0
1148076 149.593009461042 3.35358265291052 1.3134593126529763 0.39017540345247653 2.452968671159828 0.3738893665193142 76.58329943939233 2.529363046298224 0.0
1148146 148.669469892727 3.35328952670764 1.702571889661402 0.5692589901723917 2.845009686854523 0.4963282825304983 110.8559500768049 0.011520570354526668 0.0
1148234 149.452260948513 3.35445353895351 2.8359918313665675 0.4188859325376296 4.827256468006273 0.40625050824307013 80.34961376790007 1.0856097913485783 0.0
1148662 149.371849542343 3.35746178223848 2.8934668815057076 0.4922697501880527 5.313746505667223 0.4799755356149698 82.93873997450531 0.7151982859878826 0.0
1149018 149.217522734126 3.36066430692317 1.503917264080383 0.462142885791269 2.7352898819814873 0.4478561604908042 88.3101048336544 0.8783001120930576 0.0
1149836 149.557038906009 3.36634108202516 5.38117382345477 0.415156257354459 7.297722138095239 0.4035381989882163 78.15909201764421 1.264827816505322 0.0
1150050 149.110366911549 3.36793894305147 15.425953800996355 0.4613119094669578 21.33653689692241 0.44316532304132183 92.63397535450557 1.054887054602646 0.0
1150339 148.890754047894 3.37104465440404 2.839544015724226 0.468771543884843 4.222973680123126 0.4476552347104865 101.69515188747471 2.0047917386538616 0.0
1151175 148.849668812839 3.37709942618616 3.862590791535522 0.4533476277508276 4.4958881498203285 0.4316187163707915 103.7148234082282 1.6778901220341804 0.0
1151698 149.593856860533 3.37962981563257 3.899782872675934 0.3959047917744345 4.149201163212334 0.38405739524901766 78.00043337026982 2.7556938602246897 0.0
1151746 149.136780532063 3.38195958385473 1.3410699534169759 0.4278310235963656 2.467876997551035 0.40902041824754065 92.28320648983527 0.9270358092689931 0.0
1152292 149.434975247707 3.38541660691058 4.031111614883 0.3942004013606596 4.673736795279599 0.3824288272922283 82.47640495154602 1.2804250090797986 0.0
1152475 148.959302029107 3.38709307258247 1.4905623622220052 0.4619631901145127 2.7785880569751535 0.4350974609237828 99.50699190519136 0.9947017313882194 0.0
1152623 149.425281928979 3.38875954323918 2.6999952735923594 0.39057752905036563 3.0769703458805893 0.37715246970479555 82.93370103505467 1.1565961711957584 0.0
1152660 149.215713638389 3.38882218711794 1.9704862827767669 0.44620561337439846 2.7347307265031935 0.42651604507249075 89.73241397085495 0.6593870179178847 0.0
1153140 148.96529791288 3.39236236758769 2.081104042357377 0.4613454176772483 2.2506272292532215 0.44345596970149814 99.4909244608013 0.9077374452721101 0.0
1153272 148.548535252181 3.39283823452567 2.8622047307748786 0.8428511656514247 4.966610592353583 0.6983177843173846 117.9961274875048 2.2058771562948607e-11 0.0
1153932 149.092882109912 3.39830985596961 3.0239929427630794 0.41801704623519126 3.6261842386793277 0.398965371707613 94.70481718487312 1.7583257102058407 0.0
1154224 148.971312578411 3.40069595851115 4.055326804264317 0.47049779484472193 5.203573445974661 0.45220802374470037 99.61122225987783 0.83805246888718 0.0
1154583 149.176119488985 3.40444231489449 1.4146907100793775 0.4290398171156498 2.578566668283325 0.411158497295544 91.89988107994341 0.8074132647187194 0.0
1154596 148.867243660382 3.40361939880016 3.4869720212147657 0.5288911775575483 5.934943654681226 0.4962967517604443 104.07037833899096 2.3381171485208916 0.0
1155424 149.278623949334 3.41113956992209 4.565057874168462 0.42680253244128447 4.789223213328893 0.4054627730993909 88.66910513154576 0.8539332598772856 0.0
1155639 148.704328210288 3.41250755216627 1.7720292770337616 0.5840820213372373 3.1294852854256363 0.5258511024242197 111.56565226425957 1.0071957728807939 0.0
1155762 148.635696464861 3.41337580191988 2.471005487186093 0.6991098640103045 4.285130460255096 0.5468873658306462 114.71486432389179 0.006892464786546196 0.0
1156004 148.862290378989 3.41542038580359 3.163922061643734 0.5215127824532944 3.8259131573778986 0.4941941172024929 104.77993310498938 2.3640204305306507 0.0
1156171 148.859684810916 3.41641840533365 3.916947527711599 0.48989039148596886 4.952012416761272 0.45825621295949137 104.93275949381608 2.356150348254324 0.0
1156604 148.717433586092 3.42022051114559 3.3529447000034733 0.6382456442499256 4.4640656464733235 0.5559051568573319 111.28629480351137 1.3325453935747198 0.0
1157300 149.101788238841 3.42616190988236 18.30029465517849 0.5233712008524437 22.23254671587638 0.5063919945069391 95.66340540938936 2.245488492948529 0.0
1157485 149.450909149664 3.42832814599532 5.616284888947881 0.44667680842634055 6.882270170248168 0.4319416673362685 84.29445838135616 0.8882733684204919 0.0
1157511 149.110132077049 3.42934513711649 2.0142035481165657 0.48799669693442616 3.6091666474280553 0.4673739097467834 95.50108659498589 2.2652668275598846 0.0
1157817 149.110349678017 3.43205960259995 5.450339017096459 0.487176501569877 6.421883816185704 0.4718575134201866 95.62064510583441 2.218177361587931 0.0
1158000 148.701832465227 3.43371356954894 2.9538120605075253 0.6843894256666297 4.003160563357957 0.6287685396344854 112.52246206572606 0.700404900142278 0.0
1158023 148.732383566067 3.43219537191207 27.578174384646815 0.7402300564866803 48.63628647828998 0.6771900503680415 111.10440735433929 1.5628522870151575 0.0
1158026 148.758089575088 3.4333157642585 6.3392764217078 0.6205225522932093 8.08076137030212 0.5646841557116259 110.01881716579098 1.2559321961597574 0.0
1158053 149.319587362643 3.43487610692659 1.8053192412049344 0.48681110128219474 2.8393808366221944 0.4693734891506243 88.53599526850569 0.7820802411395054 0.0
1158055 149.154699245936 3.43481975903754 1.7141809961381114 0.4885563611590988 2.881568896449386 0.4670564379893035 94.1275342604446 1.5554520979305113 0.0
1159022 149.101740089472 3.44346984367386 3.1017887085792353 0.4586217561697818 3.8465449078940908 0.4389534972933284 96.47748225706054 1.7539178135877143 0.0
1160142 148.958671224453 3.45354238265303 2.278265763329865 0.47964873761534227 2.835897717911558 0.45763103993139714 102.46466338340434 0.7215804154971847 0.0
1160244 149.594437386775 3.45473595913152 1.7770698721285185 0.4084647703618896 3.2979626434592553 0.3913996905139506 82.15757950571043 1.8517856123892555 0.0
1160553 148.758719720175 3.45646014908089 3.415052950007468 0.6047165321777734 5.11467159260219 0.5087441862694649 110.94316804648028 0.9514831504696044 0.0
1160756 149.569148214659 3.4593531780219 2.184016819938657 0.3974943398826025 3.1900222459161056 0.378648247444243 82.98419818737992 1.5399006791578145 0.0
1160771 148.87423442853 3.45818140422216 4.477092808814699 0.5420989044019285 6.242989332655454 0.5170061873164076 106.10983474452502 1.4047178669718245 0.0
1161006 149.570596654012 3.46133260250276 2.052098634664889 0.3939122725898898 2.4168443909661486 0.376244164358921 83.06070008808162 1.5567098862006232 0.0
1161608 149.561332666283 3.46651338956667 2.6497488550806576 0.4349810577395134 4.045621570622181 0.42014840421833854 83.56092127967568 1.4888194875591156 0.0
1162803 149.539118998085 3.47629518442173 2.5695139392479986 0.41463756718474215 2.9822001226119146 0.39678232631902155 84.62236944800956 1.0327224867744482 0.0
1163903 148.620247242983 3.48085860116157 8.279408352618201 1.5509889395629743 13.811729674043248 0.7653327341484418 118.05537404705547 1.3790655569633225e-07 0.0
1164392 148.841706169098 3.48800422779058 4.51299257961179 0.47058002609294897 6.0294407463378095 0.4375534629581599 108.7499517736267 0.8510955770662212 0.0
1164423 149.156762847676 3.48862867847068 2.4837101589996373 0.4661959498825349 3.4492216594275895 0.4412487605452019 96.65224039184193 1.5960991678336955 0.0
1165017 149.195823400259 3.49354429346439 1.6885637188697216 0.4438971517601391 2.517558680080163 0.42415354871542915 95.54497997232801 1.1456427790385486 0.0
1165900 149.577831642406 3.50103913176759 2.064356074183327 0.42348569231581945 2.8257477383376095 0.40454070066787656 85.10674661931407 1.4139707963499648 0.0
1166060 149.58502295031 3.50201662909755 2.750352823334495 0.42422305366103846 5.017682796576096 0.40535408218848346 85.00389094400184 1.423440324595962 0.0
1166193 149.538180140128 3.50284110870782 4.3153138424144455 0.4504193017417814 4.651523441446593 0.4323515028856997 86.10824324012201 1.0906720549930218 0.0
1166205 149.153046525365 3.5032120166992 2.0679873248936973 0.4776441242895159 2.9755552706681203 0.4544828988175728 97.49258797800091 1.4953745548179527 0.0
1166586 148.809665348005 3.50632549224558 1.7405893052837318 0.5140978389726878 3.0428098322505805 0.456492138203244 110.8746551494786 0.4311014918897472 0.0
1166770 149.427609741912 3.50693409356396 25.202244298801702 0.47167690354115366 33.47293380413979 0.451083487671128 89.12722034200512 2.780853104459783 0.0
1166907 149.417557168049 3.50757334634916 5.239108365980416 0.43603891107954135 8.821673596713776 0.41584686679923943 89.43527143083064 2.4682316884152535 0.0
1167018 149.594206718478 3.51059062079813 1.6110945875202172 0.43706256528587845 2.5884717871166965 0.41963292585522183 85.28626286456932 1.4414245975257243 0.0
1167801 149.155783819416 3.51644008844297 3.1380994752286284 0.48659048419757706 3.9968322162525842 0.4661904468631714 98.04410196465616 1.3632559820776944 0.0
1168216 148.897985483871 3.51980245684026 4.6786897230464035 0.5149484151633531 6.3827330793395 0.4893284239522556 107.85094238098772 0.6413687976815166 0.0
1169036 148.744017051753 3.52652208856713 11.18398808090488 0.7147069579198074 16.209572908375637 0.586314577066257 114.50312098029904 0.017715746492601596 0.0
1169221 149.332556580081 3.52873977087964 3.777234215956007 0.5164045266465963 5.502786088132365 0.4956651602315535 92.97751200016481 0.8067537707427516 0.0
1169330 148.736964609163 3.52982290925397 2.991961308636892 0.7429939209137996 5.111527079737024 0.6193963405422922 114.94257950952783 0.009114460087400463 0.0
1169900 149.439556156717 3.53500915308457 5.576660730113221 0.4282000046138571 6.376152504491202 0.40651303137177897 90.31674316937668 6.569210299833122 1.0
1169943 149.002822783781 3.53559149234028 2.9202498027207784 0.495336044960027 3.1914732691162824 0.46986264889784907 104.49491268802392 0.5301589029803064 0.0
1170097 149.451826913161 3.53721273064571 3.14631612316736 0.44661008993619994 4.064069741642113 0.4221512803557308 90.11622785774168 7.535474400072495 1.0
1170113 149.442853458021 3.53726392245393 2.31134219493795 0.4318408012959125 3.4119009780524223 0.40224053835944096 90.35205960549331 7.134014657369316 1.0
1170661 149.450307427248 3.54196613576631 2.1273907247327166 0.4304273805826348 2.8504727795339995 0.4065107476010507 90.41279775746565 8.043798148786248 1.0
1170969 149.185634310459 3.54448822396099 1.9700542080889945 0.4499191008488406 3.493230473885352 0.42591607640118323 98.41581078533294 1.1201813501990046 0.0
1171075 149.232077924568 3.54565885366585 3.2243696972307214 0.4645976808158414 5.131808713466577 0.4422428085896665 96.95319752316448 1.304329990587865 0.0
1171419 148.767328761709 3.54799691437988 2.8894012170843197 0.703941841900653 4.355563883351176 0.5887487267299161 114.43480763231369 0.003723264628551062 0.0
1171442 149.451676944878 3.54881349602285 3.0994132739242986 0.4284780219333029 3.7430620072097702 0.4075165828492739 90.74855460272431 8.396916840090729 1.0
1171452 149.447678784334 3.54893023778754 2.6990611192769918 0.4226531392466921 3.783843614200997 0.4011682711675351 90.85770160881464 8.213181591414132 1.0
1171496 149.296616619491 3.54822731102741 2.2890926507059035 0.4596597672899172 4.127300446541516 0.4360563407407837 95.06754168573782 1.0754333014936408 0.0
1171885 149.554833388538 3.55284747427844 2.1044867696820027 0.43886429761612844 2.722309315929971 0.4193079950078636 88.50404222905148 1.9454693699446288 0.0
1171927 149.471487018967 3.55229792407321 4.1165877200756285 0.44549390201163075 5.711186613208486 0.4247552946760534 90.43673906262386 6.821977444139599 1.0
1172178 149.47547810143 3.55527445162254 2.8623011003743573 0.4468200872303223 3.6943702656212976 0.4259546058234688 90.49995693033927 6.146226606138887 1.0
1172180 149.153454163983 3.55518183339757 2.6402524022850953 0.5106760303414084 3.069373861408355 0.4869611206261612 100.02996749596545 1.1744783741536937 0.0
1172282 149.497780808705 3.55626461496732 2.485931917985573 0.43973011562151815 2.9230259654684922 0.4207246971858468 90.00995460387264 2.955007470654208 0.0
1172371 149.420972017466 3.55626007769395 5.359952528575594 0.42971602928137265 6.656771753595169 0.4089365449257966 91.95173782285512 4.126671013931175 1.0
1172493 149.412309069551 3.55793297298017 2.8036278533469066 0.433760422717745 3.2968201134824446 0.4120791147440944 92.27240857839195 3.0597903170445258 0.0
1172670 149.256061082455 3.55895294058603 6.162933499441148 0.4971604709283399 7.257138243029555 0.4769013315784713 96.86915320589549 1.2653124062902 0.0
1173409 149.448390021649 3.5647608882925 7.0393830062830665 0.4294113795736859 13.16888873256535 0.40515130544882555 91.6977706519671 6.887411575390716 1.0
1173963 149.461696398954 3.56887679546632 4.996613538207899 0.43900911142706794 7.120771346047259 0.4148340328987846 91.58538723605115 6.43913978492514 1.0
1173966 149.539165016156 3.57027182534839 7.990775186271396 0.4402044226379441 9.15741690133224 0.42009756269337717 89.82345527875353 2.1840929076103697 0.0
1173984 148.864178319946 3.57056360324789 2.6791425498407064 0.5617095261704381 3.8861043291956086 0.49887875716124913 111.47085400924587 0.8033487606636566 0.0
1174010 149.134744582166 3.57111293961019 1.8601257328744214 0.4649380616903968 2.4706400838695797 0.4440980960437482 101.45350213993153 1.1573016045731366 0.0
1174060 149.459880362055 3.5717378928147 2.1432215839930846 0.42738688235123484 3.203879853597278 0.4043613141606769 91.78679561348906 6.041251436151496 1.0
1174469 148.877408036113 3.57447656656188 4.204754162438604 0.5260400303861246 5.8270318042721785 0.4754243949475316 111.1221054281074 0.9984631955410203 0.0
1174579 148.916611313791 3.57468164561048 14.761224850926695 0.5686094148350878 26.016971218212603 0.5008912380279539 109.59694472960707 0.8177209685630427 0.0
1174678 149.200286689717 3.57692971900992 2.7722444233399064 0.47350270443351344 3.7997527478613233 0.45026234317179575 99.55996161510458 1.072600629918409 0.0
1174913 149.044751672372 3.57870942809438 4.172887825427623 0.5215543582703965 5.2879274646219985 0.49474728699137804 104.98515603171053 0.9342641439686143 0.0
1175159 149.402308891686 3.58098734746209 4.578936643563883 0.48375736875105174 6.40951029112775 0.45954801682139923 93.7775143487693 1.8556108251534098 0.0
1175192 149.536606770836 3.58135163175447 4.135508944733899 0.4473660994771351 5.243635849361562 0.4240377486472548 90.49731241574445 2.194315373162505 0.0
1175228 149.246699362518 3.58195164458567 2.8981440623745858 0.4735806100483116 3.12215953828973 0.451982464550278 98.33897626331819 1.1355094353980877 0.0
1186332 149.267728130453 3.74270789796749 2.0533704002804076 0.5876283475386406 3.7609894232511514 0.4274239728594949 106.09598229897834 0.05111956739242374 0.0
1186673 149.267127899584 3.74043585039534 5.976746236110503 0.5836795667340687 6.833700812986219 0.4302902432546912 105.99263059264261 0.0599871273474247 0.0
1186860 149.161422029436 3.73865677516713 2.6025672568862133 0.7019019023529132 4.7304967857532345 0.4754836440639239 109.0264196083232 0.37979108636709324 0.0
1187059 149.429876817921 3.73513624871576 3.3908420334875133 0.6441467684920655 5.962841571701827 0.4385154737511591 101.47356950759752 0.21484020785031543 0.0
1187221 149.255078684193 3.73463918209444 6.495937752586231 0.5869391939958623 7.699899228146948 0.4511826383139934 106.02880400959339 0.052476098927653196 0.0
1187519 149.281738681269 3.73127528353699 2.121407245424809 0.5643815856436628 3.7258729489788234 0.4270475374569638 105.09690278315927 0.20379108342016997 0.0
1187668 149.432502202188 3.72868867753947 2.448711096327247 0.5636944533308501 3.6115490439002125 0.44284994167075853 101.05609385846185 0.22725735102159905 0.0
1188350 149.175233165702 3.72117147588917 2.345443772549165 0.6435240464486756 4.054217481050595 0.5030894041888667 107.7011589897017 0.39410807424905575 0.0
1188581 148.978265877244 3.7550506646356 6.310795774801389 0.9920389329346436 7.977259960024397 0.6574941301602503 115.871425659318 3.4787026613558738e-06 0.0
1188625 149.387072112718 3.71941673682611 5.114366230354822 0.5545364370748892 5.988675807189397 0.45277618538336584 101.65901358548352 0.6322377490631036 0.0
1188680 148.966318202336 3.72460358756267 6.206274495135967 0.8837181755538962 9.053162307151855 0.5346148884186629 114.81093471357919 0.00010321760374286886 0.0
1189019 149.315601875025 3.71504099170526 6.692646716011851 0.5709229671131567 7.631493940797564 0.4741380610848679 103.29763779496528 0.5294951484691027 0.0
1189076 149.061636355685 3.71373735639043 23.00137168540087 0.6954878310066258 42.0881301238282 0.591257982982524 110.98657881134612 0.3385967749568097 0.0
1189585 149.539119929705 3.70804859303813 3.821361786491637 0.5043919757686034 4.706008869944956 0.43378358368108655 97.53887654013529 0.532648197845349 0.0
1190165 149.035474396154 3.70208397161811 2.452074777512299 0.620656429831087 3.8985157022281305 0.528870818269594 111.29938257950492 0.3225289990913114 0.0
1190385 149.252033504154 3.69983505530673 2.281355640663861 0.5667289302222421 4.096223391744707 0.4597246130764592 104.28794064898399 0.3781730410477864 0.0
1190405 149.41774302556 3.69925825380385 5.313321429631683 0.5340616191828171 6.484544499278349 0.4662008711714953 99.79613336161658 0.5802684153279324 0.0
1190460 149.510117604498 3.69884812228322 3.303837827832631 0.538868037069161 4.417233244190225 0.4717735295934073 97.63646352104452 0.7563285438327428 0.0
1190555 149.522937276333 3.6986818607886 2.0148127992108327 0.579042652321891 3.5022826780217606 0.48683244672138193 97.35169669711979 0.7526137664261631 0.0
1190559 149.389304543182 3.7002058126537 8.373486510477452 0.5182259050146449 8.661914717610154 0.45974492758543667 100.55767639893796 0.8347322943691722 0.0
1190717 149.292840863192 3.69706688381942 1.510026811215989 0.5018651659274762 2.7747740677715154 0.44042855533866915 102.97213837895836 0.8044863710742466 0.0
1190840 149.290413448841 3.6955041317744 2.1871410182948474 0.49921229625849145 3.010083950240523 0.44972857622534745 102.95783620991142 0.8042436479339031 0.0
1190932 149.046047627432 3.69565742405949 3.1795201604648837 0.6243822616238197 4.216713754052071 0.5306236123034943 110.62082915934977 0.5549396541825004 0.0
1191120 149.330865357859 3.69305952843709 6.341010798235828 0.5469148589238598 7.804050039681742 0.5007638533485856 101.70750086617443 0.7998136919081336 0.0
1191121 149.301330460955 3.69441373186313 1.5597119930712322 0.5129817149848027 2.5484663859104724 0.466420601225309 102.59338839231413 0.9192032797284466 0.0
1191248 149.285275673294 3.68963798621761 3.069353417976836 0.5235480070811988 4.673274055444549 0.4758338253118336 102.79342856254668 0.8200887850079034 0.0
1191396 149.39532852813 3.68784898047558 3.06858278348736 0.513482179666266 3.920658517013645 0.46921308188322647 99.73328132030608 0.9854942715201124 0.0
1191787 149.525163524951 3.68551100225596 6.329019344337203 0.5680791648008966 10.913573050929656 0.5254630639929888 96.56579626522824 0.9154252980354695 0.0
1191896 149.468718530786 3.68325812322986 2.073263977161224 0.5092250647093438 3.214935329847455 0.45649752532371174 97.6985919635825 0.6137247239905225 0.0
1192111 149.530079875019 3.68092381337276 2.072925831753402 0.5574973537691005 3.1737204510305737 0.5226049893879059 96.20378306320703 0.956725949586965 0.0
1192374 149.284857582253 3.67807791835443 2.0428811702482848 0.47305025218413776 3.672863223138507 0.4242432143427702 102.19566684250296 0.9100682796092913 0.0
1192769 149.315827413898 3.67713614689501 2.8701133919716546 0.4879063816667871 4.187143067060586 0.4429876125271566 101.27181668875991 1.230292264316174 0.0
1192813 149.18304737796 3.67373958746785 2.394579099766581 0.518058726488882 4.224168884166732 0.47749904410530947 105.02594119596527 0.7188144914142763 0.0
1193250 149.281824776912 3.66885518144412 2.12332054802239 0.46208283187986865 3.460337729272088 0.42408867305099274 101.79743767632463 0.900212631476651 0.0
1193576 149.178997501992 3.6654479722318 4.4785121539047745 0.5269405189502328 5.641276523541778 0.49022731795262925 104.73006154087005 0.8724474321180374 0.0
1194262 149.598094452767 3.66070547060372 8.057279787014721 0.4664953240317331 9.531104411987188 0.4356218994035066 93.68409650219266 3.4607048812934957 0.0
1194661 149.073757550148 3.65610016222253 2.557542624892045 0.5149000836819276 3.5919876267378092 0.4693046445136724 107.7249659922722 1.8868438256475952 0.0
1195051 149.308053188454 3.65200819716944 8.365665175884772 0.4756853301148251 9.525318552517296 0.44714020757626366 100.15882483533044 1.1154592719086418 0.0
1195136 149.096773120068 3.6514423911637 4.750783023859256 0.5736396530016205 5.5559054902201535 0.5398276871933291 106.71277821488096 2.24342324546241 0.0
1195275 149.561415894651 3.6505496271417 2.761730790112503 0.4570831934292246 3.3696972633452384 0.4271027899745817 93.84021545880398 1.3616927322281456 0.0
1195663 149.084745204189 3.64780329194801 5.579251981101973 0.5302522262298688 7.600793247733263 0.4977910192644103 106.94084701058804 2.255546367752936 0.0
1195979 149.495986130939 3.64410675919417 1.679985489246945 0.45919496306162744 2.619317241777156 0.4287092569243238 94.90227207553491 0.9823353355682356 0.0
1196286 148.970434166027 3.63978146354133 10.798334716684467 0.5740404843957919 17.168364321348307 0.5047821663623753 110.59951629604373 1.8065181336262084 0.0
1196791 149.109462348409 3.63710941209287 3.0539696897152915 0.4945339204652135 3.600643578235368 0.46248101384037216 105.57423945249357 2.0381294645502086 0.0
1197333 148.937070793808 3.63266806542628 1.689915563800774 0.5289707216549119 2.9647282635782934 0.4513504954625167 111.50078643975233 1.2645814371807873 0.0
1197388 149.534123091066 3.63090167463218 9.515854348774516 0.5078793255025802 12.057964116708101 0.4828003021606821 93.31597864961697 1.169911123771948 0.0
1197543 149.223202199866 3.63042781244212 8.222451709225611 0.499045025681604 9.234025437884833 0.4771699140666122 101.55540284058229 0.8351416447767717 0.0
1197862 149.230641724332 3.62777050700093 1.9084170410502106 0.4732372642556152 2.75946635776546 0.44257558529452656 101.18881166626144 0.8319325096574783 0.0
1197911 148.961434736535 3.62589190156322 8.255953658889378 0.5423267019869581 9.711251562179369 0.45202685994818403 110.27469409229715 2.06978512123994 0.0
1198175 148.959791750495 3.62451783092319 5.841343219298054 0.5433790452712425 7.8330554934179935 0.45042165459759415 110.27093339529618 2.0399249963861896 0.0
1199077 149.429749449445 3.61827583061342 2.29887610349548 0.43336492265423143 2.790196703014216 0.4108822162899483 95.07889392380267 0.9422161690827374 0.0
1199138 149.021831075508 3.61438178364586 6.404245554986524 0.5290068611195795 8.322450984717884 0.4943089687691148 107.52047417462391 1.6193835155136167 0.0
1199399 149.217091784325 3.61228160948312 2.3472904958630165 0.492858136482136 3.2114712732553965 0.4655015584735107 100.81712795809449 0.9646787348612429 0.0
1200180 149.074209816602 3.60836351600993 4.168150787664659 0.49078504145791796 4.951408690918766 0.4651424539440057 105.3709637971441 1.406708539587694 0.0
1200559 148.821931888799 3.60218359650956 5.49468496399922 0.7055641943783325 6.7026546413630035 0.6211079161980496 114.5716436208526 0.3254962352647095 0.0
1200900 148.974433283394 3.5983743815231 13.146833769282848 0.5911879504286927 23.59158920822413 0.555751711407154 108.49699615063902 1.5913033969489279 0.0
1201009 148.998585918528 3.59646102042968 4.239080553335255 0.5703358018631621 4.611659026247825 0.5436144369057817 107.51266746837523 1.575795376586865 0.0
1201140 149.312303957129 3.59864379240115 1.96111849467723 0.5002109134421848 3.3376681155823427 0.4791086696573088 97.22763929676238 1.0094536731099444 0.0
1201926 149.527802507053 3.5867988978826 3.524349428508021 0.46676482697544514 5.2091340593477335 0.4468631622441743 90.99807501643588 2.132175152125298 0.0
1202052 149.381238612153 3.58581481827839 2.755688651048391 0.48387392772998533 3.5369847584119545 0.4654802678367219 94.6049180233138 1.353232700447437 0.0
1202334 149.489383484457 3.5827630425154 88.05665745221971 0.600186977325432 105.42561603878002 0.5817607013991967 91.66821515459377 2.9363071158767715 0.0
1235758 150.508520283447 3.07188643471274 3.2542144367095904 0.3973384377474491 5.697391440872223 0.38599691516620793 58.74277719126666 0.730024453273971 0.0
1236134 149.623745678864 3.07450396957969 6.179365690268257 0.38665627278707043 8.442334582294274 0.37346598489431365 60.68605218972122 1.795448757892301 0.0
1236404 150.765280553364 3.07679437418804 2.572140616309298 0.3753927855043027 4.108965451095173 0.36309251809535364 66.8781787619911 3.993811750745086 0.0
1236651 150.162404289982 3.07685507206207 2.6487316562313117 0.39059189591133786 4.801439729149282 0.37811461862908885 53.82475067712019 3.3509368141805282 0.0
1236669 149.974571154205 3.07894974799066 3.720116189168208 0.38099052863917887 4.730966800503104 0.3680565424094451 54.342826789894005 0.44949543419215077 0.0
1236770 149.630922709778 3.07967300388214 1.9397572267534224 0.3959187088296145 2.623421490873348 0.38375094636880264 60.7596503730042 1.747653703775255 0.0
1236856 150.852392380661 3.07975093005678 4.142755450550788 0.3737918865765505 5.187840291582948 0.36202887950494916 70.25245309915952 3.0038971338474654 0.0
1236948 150.778731415302 3.08040620506258 2.8924189254215538 0.41806829278526253 4.768875460753256 0.40748701354359534 67.534778893113 3.399242563199033 0.0
1237002 149.564208796409 3.08123334642911 2.091195352966368 0.39389425997851746 2.5631281939855737 0.3805523228713814 62.79055618216636 1.9564540568383928 0.0
1238776 150.434377440239 3.09247282113114 1.799558889980674 0.3877501781343895 2.94340244935329 0.3707319890262948 58.19168373587575 1.3277205874247717 0.0
1238924 149.704996001775 3.09343030793874 2.272375448975414 0.3769354362529667 2.8194379929131683 0.36196266857133697 59.59365065225655 1.0935935649218762 0.0
1238926 150.764448096304 3.09107328651952 56.13794289628723 0.42519105413497993 68.60028269281058 0.41318086836290235 67.53833672463561 2.7860903380181927 0.0
1239470 149.891325606428 3.096626611489 1.915545113095586 0.39698577640550275 3.550054833542012 0.38110676346817174 56.28803376726219 0.4448552225564446 0.0
1239663 150.348840264663 3.09657411990739 3.303161260754399 0.39022069773669116 5.510276487770773 0.3780451201706784 56.86836284070078 0.7464916996866663 0.0
1239788 150.35008228522 3.09863119374204 2.8695229267333775 0.3883791426122511 3.764657914158396 0.37678732423336436 57.00700037260216 0.7482349000973567 0.0
1239956 150.852370675035 3.09906600406506 4.8391767750797126 0.37766554681477 5.428404228039777 0.36712050950847924 71.14391150586872 2.3047688729250075 0.0
1240335 150.561602569964 3.10164416423475 4.3138823970230105 0.4095628293830209 5.749717877244663 0.3996353821537542 61.729102259735534 0.8348375767141334 0.0
1240527 150.19284895209 3.10312578629703 2.9257217358030725 0.4158654274761154 4.175393342926539 0.4039651996531208 55.55032791799577 2.4803537855901396 0.0
1240754 150.158669028012 3.10480345980717 2.9105011129735363 0.4032520587408918 3.423339354249692 0.3927596667738461 55.483081350865135 2.9454320436591854 0.0
1240895 149.773711214578 3.10519837465618 5.889851154177916 0.4079558002446685 7.821067538845484 0.3949734786059978 58.7458953768222 0.9830258100291054 0.0
1240974 150.178250801876 3.10621249797649 2.70153851324444 0.39434540909675303 3.301480387080932 0.38167256766608554 55.65404972564928 3.240362280146894 0.0
1241329 150.443195906399 3.10833593759291 2.0480125636469944 0.4095803694289413 3.076803299102324 0.3962953674637486 59.267464055929345 1.5337027737070674 0.0
1241544 150.503897332041 3.10975769992651 1.8730321684648004 0.40863506223438373 3.482637553295166 0.39541882310675147 60.70444304279687 1.0438322335579076 0.0
1241676 149.64824808319 3.11082500927934 2.0765124568470426 0.41081972748633777 2.8328872844891433 0.3983690497024682 61.96171107275488 1.5077773252560183 0.0
1242161 149.625285916232 3.11367603192223 2.214107248945868 0.3996125709615028 3.704496210350082 0.38565002144309657 62.72773426370921 1.6436955982920902 0.0
1242471 149.704890085584 3.11478477455521 8.334201261377107 0.3913387155724354 10.021705329046446 0.37688913620582837 60.7739926038074 1.1805076461147803 0.0
1242697 150.17111755222 3.11733540526756 1.8832714084809603 0.3877011276614068 2.413580993100573 0.3771189130090956 56.285086156068814 3.490939944946067 0.0
1242857 149.811186557376 3.11739710141996 3.771217861400117 0.4212934977879285 4.367686561979144 0.4077880016333192 58.735824759742734 0.7259648503099123 0.0
1243084 150.827405793594 3.11982317514078 2.3222468318150304 0.4057746335561038 2.779983459307595 0.39715012391129845 71.18518935586278 1.775782294161631 0.0
1243287 150.031824750159 3.12166184356248 1.2452977257412992 0.3848249872455152 2.3140079447379573 0.37145261077857405 56.530909814305915 0.7723444867086119 0.0
1243447 149.676167619929 3.12266149212785 1.9579619551807281 0.39016036529221015 2.207344709139547 0.37789449259889885 61.89585965582074 1.3517167210351293 0.0
1243514 150.167653955388 3.12243186576787 6.20004532629972 0.38726591803142535 7.3215087152798874 0.375167725601935 56.57474240146338 3.4524450669883513 0.0
1244206 150.423524797915 3.12720070156119 2.424949659038115 0.4170404752463863 3.9889148067405187 0.4048875023034586 59.93849202678501 1.6395665209052976 0.0
1244253 150.872343165353 3.12663505741099 8.377382245780908 0.41812337854712056 9.218737987135238 0.40930696701266034 73.18183694910549 2.2718222615887806 0.0
1245057 150.474959790172 3.13296548220231 3.380875584359586 0.41335643691825735 4.366311050553045 0.4028913209294511 61.32723188604212 1.4624262302554625 0.0
1245687 150.884231774164 3.13662324419123 2.691758053299568 0.3932091788467964 3.0191550323204512 0.38241492207529454 74.096789981722 1.7873157391423442 0.0
1246175 150.854408573365 3.13987030805509 2.4171483719005766 0.3881662715053763 3.7099868372008373 0.37827610332058026 73.12900546580953 2.5852591718281497 0.0
1246451 150.331604534783 3.14210145270134 2.066333377613815 0.37231725467797927 2.469239800898082 0.36032201873069514 59.25816925149746 0.7767469998135547 0.0
1246460 150.329028317711 3.14217141851219 1.885208626209917 0.37643794003025405 2.5111002132958 0.36408204464212657 59.22627409317682 0.7569783597482778 0.0
1246646 150.280212733393 3.14305421522248 2.1813272194685447 0.37837886456849146 3.0084367806028025 0.3653359821119603 58.66937867692665 0.6482468536167256 0.0
1246759 150.28009558161 3.1441029662761 2.1206188380421653 0.3778770659074096 2.387857262648239 0.3653125182094785 58.729937583985006 0.649839452672829 0.0
1247080 150.170178597363 3.14609860766929 2.5524205047075426 0.3971917130027989 2.789546288794323 0.3867345823201723 58.00195778330023 3.0064470629558224 0.0
1247155 150.17392367973 3.14532292517346 5.812693775950319 0.3723715644343672 8.12341115700154 0.36077862553629 57.972261938570306 2.983748338469235 0.0
1247211 150.851258986623 3.14628094403797 2.5334086935466384 0.4097037571113188 4.1052541394867745 0.3987808835512866 73.31553686101054 2.492484260513135 0.0
1247939 150.623846730526 3.1509410513094 3.87136829857184 0.43388216902638826 4.671880310687635 0.4248247931344638 66.07548447437483 1.352478091289499 0.0
1247940 150.253705805978 3.15113825537032 3.0775180825052417 0.3876993443219965 4.038362955295181 0.375032356933771 58.8767993488084 0.8971068943039399 0.0
1248046 150.651831674481 3.15116429343036 5.4175412147259685 0.4039375992900396 7.0604715109449 0.39271673556765696 66.90037421714061 1.453096776133939 0.0
1248047 149.658391003205 3.1514942773515 6.285067255797528 0.40489244402311975 8.271939501461665 0.39275347849187286 63.91108506761296 1.4995368141287424 0.0
1248075 150.70774738662 3.15188633159891 4.112391788635204 0.40049779960767923 5.194099020516123 0.3905290581763386 68.65572258174664 0.5941061407306858 0.0
1248769 150.400869919886 3.15684769755785 1.9735731488485526 0.4152652826039161 2.5836756844123987 0.401130975718143 61.21060263376677 1.8748046424569815 0.0
1248928 150.161751434262 3.15744290729877 4.1901884937441585 0.41186551889464723 5.346938626838448 0.4012605704982159 58.64680426868569 2.8057988251154957 0.0
1248991 149.729790510662 3.15790887157797 2.7098487221130045 0.4036737970112742 3.4468141230599163 0.3908248156943946 62.62059769639769 1.3184494728306952 0.0
1249207 150.637717243181 3.15921580928729 2.535963201611175 0.4006299589500899 3.9047000244375796 0.3888440866078143 66.90913118117383 1.6288831854867158 0.0
1249330 150.409770535744 3.16045566712036 2.105051708257141 0.4018725340440279 2.941652602120329 0.38857088132569934 61.5762328825504 2.040391608467559 0.0
1250283 150.335895177862 3.16700635536236 1.773698455591 0.3759527042954658 2.1834798575549397 0.36364441707633355 60.77117313213706 1.321096987833482 0.0
1250439 150.376497198665 3.167789654939 8.475509667272567 0.3753145198621172 12.489561791078433 0.36175917354895004 61.428194600892056 2.0020024646992183 0.0
1250617 150.273148981084 3.16946164966634 1.7306153694396675 0.3730451531691796 2.049898332073295 0.35948445502487747 60.152946615422685 0.7239845230133367 0.0
1251463 149.825618983126 3.17323834725638 33.81617717758724 0.4475906992692216 44.151237030675716 0.42971474223993544 61.709128099469346 1.0775490355800392 0.0
1251805 150.203690657885 3.17614833639009 8.08925957586188 0.3910787622825547 10.61076807425149 0.38033779576297677 59.97507594139498 1.3270360235365344 0.0
1251830 150.379214527984 3.17692394150031 5.089186645113496 0.40050545203388593 6.022304699512391 0.3856364016975037 61.99985000430049 2.3047564522289057 0.0
1251834 150.185792687467 3.17752592240404 1.9654376760669554 0.3912692586530883 3.4937065664121603 0.37645929003626655 59.955781397544854 1.8541869563682758 0.0
1251839 150.530083251821 3.17693985320805 4.316848628431332 0.4252662108491752 5.85386242682746 0.4152059744298829 65.02678545546576 0.7447976512983351 0.0
1251935 150.804451120702 3.17736890580094 2.3329051713860753 0.4054811974580228 2.5440091653142316 0.3955858606762635 73.14155087834503 1.199175382032762 0.0
1251986 150.076080026934 3.17860476181575 1.9264984642756993 0.3706125820853627 2.871193670778615 0.35868718882190914 59.81680094763162 1.4245393429270534 0.0
1252059 150.024613185255 3.17884340014994 3.619697777286038 0.38830061801483107 4.604141644963313 0.36694688768061773 59.98434176729304 2.0594479706337516 0.0
1252167 150.290536170144 3.17984113233202 2.418072286082678 0.4075986619791705 2.7623655494524035 0.39585974740609575 60.95307498306676 0.768494292942898 0.0
1252176 150.026098433964 3.17945661111762 2.9550645061593834 0.3927189860324772 5.3807586928724 0.3766308583122232 60.014394644523165 2.0661039610691723 0.0
1252273 150.280611400049 3.18065485171589 1.9768305610247192 0.39540042428352595 2.959030531874 0.38288223866055426 60.8924844293679 0.7338801410648907 0.0
1252529 149.754934694292 3.18189012167552 5.997596786596463 0.41496467644745083 10.903225175255107 0.39980123179413746 63.46110377828547 1.885750987021242 0.0
1252584 149.691304798411 3.18130588762416 32.83246595829358 0.41374736288253455 42.60560126108036 0.40145819954498235 64.77180455280923 2.0812204172271187 0.0
1252743 150.668919483019 3.18376171468748 2.140012333594775 0.41358850177464773 3.8920871638908108 0.40134485821384214 69.10660786328978 1.02574563946586 0.0
1253128 149.687319511643 3.18644460910114 2.906305540674475 0.273923037802534 3.337968044665479 0.26511581626300335 65.14761985758294 2.1275405971404955 0.0
1253165 150.857814150374 3.18649824604319 2.0631781825952418 0.42443730731741275 3.546188999059342 0.41351739303020746 75.46980050732782 1.244477342518496 0.0
1253298 150.461951187792 3.18721287949601 4.656926400969394 0.461053430911721 5.892782852762725 0.45084789093600497 64.09849482471384 1.784204837397613 0.0
1253378 150.143135890729 3.18658397107802 7.324538947521116 0.42133212792669766 12.020356490591439 0.41039636248502775 60.33378619672852 2.6577763536801453 0.0
1253635 150.089988856533 3.18943728335076 2.7237597129349487 0.4039992087146201 3.0032343877189542 0.3934081471556222 60.45254796019642 1.613235506027807 0.0
1253986 149.637239635117 3.19278004502506 2.999438106947212 0.39610895248269135 3.2344116581327262 0.38388412335376776 66.69073342741721 1.6361780396319765 0.0
1254376 150.074160941405 3.19566987914849 2.6235301541579967 0.38653686762860995 3.3846020904103296 0.37506279186222563 60.84323740285558 1.5880305722113812 0.0
1254451 149.780402065522 3.19622769778441 2.0783538390841905 0.4120447559870055 3.8152222556564706 0.3965812071548922 63.80022769972612 1.6505676955329907 0.0
1254464 150.341142058975 3.19570385961391 3.6633602505458653 0.38997440705605246 4.655878813235358 0.3770616253570787 62.51896787113676 3.0112556184063712 0.0
1254465 149.615477771604 3.19587223573222 3.0370871448258296 0.4034030150156905 4.586239829255095 0.391059482345471 67.41096866372268 1.3322587392217895 0.0
1254593 150.297059337521 3.19742126733293 1.7132936407051669 0.4123417317032138 3.1321537978515246 0.3992917575379352 62.062714206902406 1.0515066280639656 0.0
1254656 150.181227293515 3.19789767454884 1.3783324354735855 0.3934920409975623 2.268116492829893 0.3809610717879661 61.15127865231602 1.7142060506974615 0.0
1254961 150.346330586817 3.20012210747367 2.6271490651394314 0.38558351195697865 2.8224033034461944 0.37407168140994757 62.849223929249156 3.3703296478590112 0.0
1255281 150.483452988733 3.2014602579576 7.594108429801725 0.41582393537973 9.8414089970567 0.4047181257107007 65.34549606611411 1.9546099551985392 0.0
1255322 149.953370031849 3.20241949400934 2.8401832597268064 0.40150175453823334 3.4023806930042597 0.3838596649059689 61.85594563295862 0.9409865609415513 0.0
1255502 150.702310124746 3.20385750915698 2.39170792110607 0.37825684326063697 2.5487531464769098 0.36572658057650753 71.151837966147 1.1403307088303287 0.0
1255552 149.750014612354 3.20444393579678 1.655851926251656 0.3886887135856369 2.835663539324387 0.3742417854941874 64.83669171934835 3.075506138925979 0.0
1255897 150.370076449499 3.2066470835348 2.3166151268692903 0.37389025249021546 3.129797277975119 0.35955625567152205 63.577174923908345 3.3709301851864755 0.0
1256104 149.721519852127 3.20742689279018 3.050082997407221 0.40245432565179934 4.5208969126946865 0.39007089509149756 65.57703597593346 3.1174871969318456 0.0
1256271 150.355713016557 3.20927954733375 2.120136805869713 0.36368752978492036 2.9457962646790876 0.35008549529665123 63.51674282049908 3.655743927899893 0.0
1256423 150.12692584132 3.20911632950954 144.4809815143232 3.387894993516848 193.93355579564678 3.3860662821272056 61.65143675474461 3.0328869181152807 0.0
1256487 150.127417415276 3.20928136977438 136.51476008644354 3.412205144881696 171.3511888149758 3.4104344841473124 61.66211384407312 3.034627007492096 0.0
1256562 149.890277776997 3.2109478437698 3.1115085104685156 0.3744542530529671 3.2723168190567624 0.3593741617909591 63.00665323975116 1.4039007591869856 0.0
1256762 149.753505188407 3.21235421802485 2.204805119254767 0.40729153113669236 2.550070182321863 0.3948018458687705 65.21903001632289 3.134093214455875 0.0
1256771 149.726323871382 3.21157807520497 3.958268261143483 0.3847260206488622 6.396261658278258 0.37023855641770764 65.71209147765931 3.26792231805167 0.0
1257115 150.74335731949 3.21353696311217 8.599924800081391 0.4110095733442983 11.679838908013135 0.3997076708643044 72.92317136072997 1.2673612491127206 0.0
1257181 150.408309725469 3.21352886082663 12.1221196566649 0.41397282975916466 16.522475282648486 0.39930534044851623 64.59434421093142 2.3806945826412655 0.0
1257192 150.002520303278 3.21354946919044 53.57748229385224 0.4685539213614383 98.10358923905993 0.45448153592213825 62.171405611110735 1.6271757513216885 0.0
1257243 150.718804800677 3.21534820090511 1.7776661388811457 0.4180892375125483 2.911261599417277 0.40730166897324593 72.24915431869535 1.370157399403713 0.0
1257517 149.671340307448 3.21739262941095 2.1151221794582367 0.3962902038405216 2.4760177193218063 0.38230731779723354 67.22917424181948 1.9946981608634746 0.0
1257707 149.722519881604 3.21857172258517 3.841836932955394 0.3986477940058819 4.687491264927885 0.3864854210919742 66.18430259531239 3.068474205053246 0.0
1258081 149.75277745236 3.220476251165 2.9929732584970634 0.41205875695779437 5.1602179925377305 0.39797014494277244 65.69495110783195 3.1285556210096246 0.0
1258458 150.10512268891 3.22376474982664 2.6189389462065322 0.3965422524824978 2.863441005856581 0.3848520461661521 62.509972273577965 2.2653083558853084 0.0
1258473 149.676569945161 3.22388625716896 1.9203108269151936 0.42325906918526474 3.521075901014216 0.4088314270110284 67.47084901621477 1.9305029427527185 0.0
1258499 150.106153401612 3.22419209423935 2.847425234837251 0.3886077454706686 4.137029125668628 0.37664502137423933 62.535946409524904 2.2922128617305813 0.0
1258749 150.589975919138 3.22589700708775 2.747250210295188 0.4131917595794752 3.491181158006902 0.4022642693157578 69.17904766394311 0.6959296805207831 0.0
1258763 150.458381215848 3.22572291713185 3.3047128435366413 0.4229199732366418 4.6188467341772155 0.41094072870610576 66.20752501729054 2.0969816973420006 0.0
1258769 150.490550017494 3.22517596951051 5.048134484960999 0.4226886063457823 6.757526561222104 0.41165354143589505 66.82711920554401 2.4423708329434057 0.0
1258913 150.003755312897 3.22715388632838 1.2137791572849588 0.41959118760196357 2.153426171471945 0.40546141941270925 62.97727976155316 1.4995606944033655 0.0
1259363 150.496561311793 3.22992713965337 2.9360571796611588 0.40391003484066573 4.561547018693982 0.3916243196243264 67.22072087543313 2.430466555135262 0.0
1259817 149.65492207551 3.23299673224437 2.9147869863038904 0.4073006504833308 4.902451829333257 0.39433330451937026 68.47253205459684 2.1590088462075965 0.0
1259936 150.042084712147 3.23342041572081 6.865700861089836 0.38833342456293307 7.546536564657839 0.37250670910093653 63.1839690722017 1.931226316240904 0.0
1259957 149.827867012721 3.23445338829797 3.5107396375771187 0.39050181190905936 3.699405427551822 0.3758887709568494 65.2226222933247 1.4333482531091455 0.0
1260368 149.639232621911 3.23578977457486 13.389388546036981 0.4305455961036194 15.579401369187538 0.4184088984149253 68.9978173391951 2.3516220750425436 0.0
1260679 149.752314485969 3.23952417022883 1.9321714520608526 0.38978700595733684 2.3968127748788164 0.3758402868726396 66.78855100650367 2.5943847984854362 0.0
1260889 149.625493263521 3.24066927644767 2.6717813950497598 0.38774062409885873 3.7058812067917057 0.37454839092320236 69.59856872448856 2.1185909884859058 0.0
1260912 149.603516464536 3.24098400720242 1.9376768313338117 0.3821631156785997 2.898604444768884 0.36767972023929063 70.16414503719241 1.3036176842536031 0.0
1261023 149.624330292061 3.24162113509364 2.1954556197385617 0.3848809518098715 2.924719547221012 0.3727613587458848 69.67918111331625 2.0663799670558967 0.0
1261026 150.371919149133 3.24076258302088 3.962215132651992 0.37854016671158003 5.646304502645012 0.36043687950607 65.58601905511107 3.5143129340845936 0.0
1261052 150.437076477848 3.24186675637934 2.192512649640159 0.37450084475484363 2.5470436335818096 0.3614894123404333 66.72685893707967 2.6145336553529726 0.0
1261179 149.9004967626 3.24266783052392 2.388327737835756 0.3958245959524739 3.7159477550640507 0.3723860560199648 64.75680157000575 2.021599093322727 0.0
1261347 150.391376492803 3.24390910825715 2.3400077996470876 0.37939598989252366 2.8435241308308354 0.3618477249171857 66.0675081233586 3.9590802584667926 0.0
1261750 149.620038076854 3.24672579652931 1.3366907677931177 0.394183461641399 2.3924505886128786 0.3788535934259702 70.06395776421661 1.8054609526847853 0.0
1261965 150.420004212375 3.2474067583097 2.3437006477058477 0.3758942504779656 4.113448179937047 0.3597756634189829 66.742549200512 3.4557508774421537 0.0
1262140 150.408080422883 3.24854753525105 6.182769337441053 0.39713562752829595 10.82117058221597 0.377064332730442 66.60648476938525 3.8939610075791675 0.0
1262344 150.106288125857 3.25015089749034 2.3379860639836823 0.3834849351607607 3.599276262599382 0.3566170887880818 64.09349512163932 1.976533314731961 0.0
1262795 150.671428824382 3.25362338523846 1.5454132861244103 0.3814154170344778 2.8393219006034016 0.36638197673173883 72.85203206006062 1.1877039265132932 0.0
1263125 150.045868779041 3.25589911503527 4.560135556296419 0.391309342370431 5.298472407609386 0.37597118929562945 64.51889427060128 2.025186470860461 0.0
1263137 150.764171922037 3.25587182272329 2.8479435034525076 0.41483766265255856 3.0242580627601163 0.40072530252503896 75.73889054642382 2.0184082311087295 0.0
1263161 150.712009664119 3.25620833726405 1.6979532396261876 0.3978478618300344 3.142205427944113 0.38338999087995745 74.16118414010658 1.7375254938575073 0.0
1263198 150.656334204865 3.25600734854448 2.810560294644903 0.38643719683795286 4.517374933046659 0.371053024571161 72.5581683399542 0.9742727472253668 0.0
1263288 150.120434162248 3.25733635321581 1.987110144587494 0.3777469272352821 2.4137138754054446 0.3643508020965733 64.53513536173067 1.6166662735234245 0.0
1263331 150.389146877238 3.25691677491552 3.5536818850610428 0.3794157048306359 4.26358078124621 0.36545206765147564 66.78570765679468 3.8091307763267905 0.0
1263407 149.961269015482 3.25602211317712 4.827976960836011 0.4305540841326693 8.674652172584151 0.404111821417373 64.97878803010235 1.4262953779357725 0.0
1263691 150.862251484157 3.25969864042732 1.8157606317655524 0.4003287602958878 3.155331123941906 0.3881583291941519 79.17397177503479 1.2004420096415593 0.0
1264041 150.494773781685 3.26224587046695 1.6854768527979351 0.39144998969668127 2.356555238017196 0.3804351322815137 69.0010790994528 2.3522872175259777 0.0
1264268 149.647496983976 3.26402913444338 1.4714821944880543 0.4681044538828003 2.6828771595940335 0.45710424401092165 70.36130218077139 1.6513103299663807 0.0
1264597 150.902237533079 3.26592381696595 1.7256107161076213 0.43695525886114356 3.1304059765442105 0.425381858225841 80.88043383131821 1.245266416417944 0.0
1264800 150.083484553904 3.26731431785621 4.733064554422 0.43068600587146777 6.534860112359613 0.4153716030601956 65.12971388788124 3.02071370642068 0.0
1264949 150.0782628997 3.26875889516574 4.123193711082031 0.43410034583884394 4.871744321791782 0.41898916035494915 65.22187861153387 3.149715682699538 0.0
1264956 149.781167350322 3.26879562508393 2.86101293396986 0.4363160264062302 3.550844484106302 0.4221308921767298 67.95292990744673 3.2929611769465286 0.0
1265278 150.71464224879 3.27087223997392 2.490397665887033 0.4375676299975838 2.8167319087752993 0.4278325099747621 75.00438295057845 1.9925784975829772 0.0
1265462 150.419629535388 3.27193717343952 3.0455976901145236 0.3928676763096324 4.605622412435474 0.37999905178621396 68.14723952566075 2.7638633458609765 0.0
1265465 150.210663824631 3.27233972593525 2.7449198893208857 0.403689413406091 3.205394693455303 0.3888361210365244 65.75902162106026 0.6843710568803325 0.0
1265698 149.723117152604 3.27365457149119 2.612473572857467 0.4263102607980963 3.7408297134104753 0.4125253893288947 69.2875483463943 1.9148216350172418 0.0
1265869 150.594458951901 3.27483350030407 2.9122939650827093 0.41258203456287623 3.3969179686749014 0.40179339815186466 71.95835562360278 1.1779733627786164 0.0
1266033 149.805364472456 3.2763769893051 2.2985087295058384 0.41188220129407754 2.709798580453266 0.3966832401374267 67.99864415127998 3.197132582770178 0.0
1266290 149.759765655409 3.27814451162106 3.784821399587776 0.27237394728990894 4.4139805284780556 0.26053469189600437 68.86023668315231 2.816916695304711 0.0
1266331 149.802802160466 3.27849041889591 2.1252753176344426 0.41270279586455333 2.566696769923459 0.3964403132349664 68.16106992296586 3.34436021980168 0.0
1266355 150.100060369831 3.27801109937766 2.1309342528626147 0.4044979852819415 3.6760183260695514 0.3867460380088252 65.76399939551617 2.7306035562598594 0.0
1266613 149.789621044328 3.27942527144398 3.015952320136726 0.4147097824801321 3.948244533572292 0.40102900719687906 68.4257228030913 3.698983064846398 0.0
1266829 149.653275477993 3.281690169784 2.4937170345529553 0.45422642542363106 3.2672084475403937 0.4419243330781167 71.20925727286722 1.169374328267194 0.0
1266865 150.068554675512 3.28176034564911 4.523704293114855 0.4112836819219599 5.235542000143235 0.39398406256426005 66.01585850171811 3.505606509792512 0.0
1266935 150.745610834748 3.28182214120997 2.24628152665504 0.41972505725070425 3.712495854025869 0.4070801984651273 76.49904839889425 2.849679496913797 0.0
1266982 150.762049321599 3.28275618395324 2.7448928247960063 0.41795535276093143 2.9752934658221406 0.40510412900753273 77.05005050954655 2.633382073512236 0.0
1267016 150.748848904345 3.28224916019264 7.2894523096083 0.429392284179818 8.579810765655278 0.4160497080001679 76.61945536239834 2.8621825975138253 0.0
1267104 149.640269171923 3.2836199950091 1.6516980419771379 0.44770662109340553 2.4790503458387976 0.4340179924870808 71.61282060464734 1.1699044915660761 0.0
1267107 150.568821941482 3.2827768204367 3.247648780041049 0.40699944898545554 5.93716885774076 0.3940160813982197 71.7776481340394 2.3352194099274617 0.0
1267409 149.864202455182 3.28586697721927 2.842054611850386 0.43167961068901856 2.9831755137229305 0.4149207148901743 67.72608054303186 0.9849626462174461 0.0
1267672 149.72907247854 3.28680901765384 2.8679328513638622 0.4107347823230048 4.4570925945748785 0.39520339354055906 69.91983943575549 2.076744787700805 0.0
1267858 150.658389642547 3.28848115383032 2.0215057208449547 0.4331358275076733 3.329232805805139 0.41875554350170746 74.34924162405889 1.0740634346586322 0.0
1267867 150.794790922469 3.28842837050675 2.092954685214853 0.4411436502785227 3.551487623411375 0.42774486106431414 78.36667835435601 1.474300789222284 0.0
1268110 150.101707226276 3.28982240034813 4.318286759377397 0.3970961299367398 5.5223620551244075 0.3765056653160539 66.47275609632646 3.016837450571052 0.0
1268136 149.804964597826 3.29028246297878 2.425864548642339 0.4047296318457815 4.28361552830954 0.3867023701024011 68.81081814898926 3.0524107532696227 0.0
1268307 150.418895118259 3.29171216526223 2.60324612615268 0.4097117383981654 4.377373525455454 0.3943200899589066 69.27450029127685 1.989651130563631 0.0
1268544 150.392854439577 3.29346493393232 1.6863307804577208 0.40824459068793073 2.8415110974389544 0.3929343568170482 68.96198498869943 2.3713596046562406 0.0
1268763 150.045143034985 3.29496608239351 2.2717728834357787 0.39363153592505157 2.7070846688754013 0.3761805042498722 66.86217286633992 2.6291173141782944 0.0
1269032 150.382002884186 3.29654342088914 1.3610521185010396 0.3843536711573054 2.517219061271871 0.36987223222590054 68.9784058350733 2.422348428634504 0.0
1269123 150.855438230773 3.29646341658869 5.191656122537173 0.4313971904999816 6.782994932955512 0.4210314867899206 80.75558648069598 1.259394335943287 0.0
1269139 150.818382880707 3.29705261737043 2.648339547531283 0.4284482824439842 3.0954434726209774 0.41808274280342655 79.56155922207601 1.208868722940902 0.0
1269606 150.502484166582 3.30055949154179 2.0296448771277267 0.38085995858964994 3.638009382499923 0.3674047468766119 71.31972204190195 3.11862557837276 0.0
1269609 150.510917418404 3.30039216104749 3.2039719779616522 0.390339544602737 3.7864347731022203 0.37852988734275245 71.48281346015347 3.361010949979491 0.0
1269644 150.096590663268 3.30053673745766 5.2319401345634855 0.3941166966170078 5.8210516401153285 0.37379476500039927 67.11584859472526 3.529518060178846 0.0
1269649 150.694798021671 3.30034900823287 3.295567686248093 0.4153498968223108 4.411218547209864 0.4045898754085565 75.98456988066937 1.7545536548105258 0.0
1269876 150.508842425454 3.30153525823028 7.337291596937457 0.39455748734135204 9.297499530124343 0.382293661216629 71.5044927754139 3.3281422330452877 0.0
1269908 150.633828373376 3.3027129207782 2.096840778953983 0.4184641083929017 2.675483175598869 0.40557318604709747 74.46851481298035 0.9289114242998646 0.0
1270262 150.071188270518 3.30505176814065 2.3344324062255533 0.40927399141553555 3.2245682379440286 0.3775958619499267 67.40855800240864 4.183073760304066 0.0
1270667 150.5616247666 3.30632965240906 5.3703367788242415 0.386458596186706 8.937027132458198 0.3728520925885664 72.9152874536476 4.373840777288711 0.0
1271079 150.225116048696 3.31065667356861 2.06047989827111 0.37113037373837715 2.443072945254452 0.351053077385177 68.13656840248133 1.684352649889308 0.0
1271234 150.14191218564 3.31163708860288 3.4840481132349415 0.40651009700615137 4.285776178010991 0.3886634661277211 67.82808295127144 2.4077318762470545 0.0
1271433 150.568875690537 3.31247659914622 3.349492614790233 0.40623960502896633 5.5928525724886935 0.3919236685560276 73.42183998382964 4.70915374038142 0.0
1271761 149.761440176467 3.31537674125271 2.153337435928651 0.4391251615689774 2.8934945998520463 0.42572023385248636 70.96821143414553 2.4766946390014146 0.0
1271961 150.198367174637 3.3167799410386 2.7400531094378024 0.3948843206512521 2.94066183239191 0.3795198374921605 68.34484946308761 2.538412866203621 0.0
1272091 150.208633863617 3.31726537187472 1.920718774670273 0.40345336080200883 3.3309884545524495 0.38628342709631586 68.42966143713389 2.3798828384488884 0.0
1272183 150.671288917429 3.31796766664259 2.5313983675281206 0.40853236264518206 3.49922113602055 0.397335155384048 76.27691687909802 1.2262368647770072 0.0
1272261 150.529752770109 3.31781235398445 4.6566451656547185 0.4122087008538909 7.507010847392069 0.400523842637051 72.8562134695209 3.489380290287364 0.0
1272313 150.814432354678 3.31874160304562 4.464540726037309 0.4288300703843062 5.055905567388906 0.4190418528392508 80.53263652638753 1.1626473193593292 0.0
1272349 150.579847639718 3.31937269574428 2.197350210150176 0.3945329060446908 2.492718069034422 0.3832892010790694 74.05708658650762 4.297236704595426 0.0
1272531 150.610703787074 3.32068130953516 2.5246356067117293 0.4199978514028301 3.02581802550753 0.40826757506873723 74.86621089738233 1.6303817173864747 0.0
1272752 150.357748553576 3.32247580337602 1.567856306255649 0.39041264290490685 2.7270250262211344 0.3765003887006214 70.15359293130298 2.6950309861895505 0.0
1272795 150.09065796356 3.32277699263972 2.35543357507454 0.4236928758324908 3.0247701615109057 0.3998044548576652 68.45224248413868 3.4782466915971813 0.0
1273046 150.574945257748 3.32350720683916 11.033763207891294 0.39778838521523013 12.287073285387432 0.3869201202743335 74.17249319658383 4.409004590952092 0.0
1273079 150.070023358779 3.32384589957559 6.881856144716151 0.429105279632324 8.425637823995302 0.4019456096291492 68.53763598418907 3.6479632450386448 0.0
1273688 150.043623955505 3.32914476399279 1.7857912978594541 0.3942840336706633 3.0144541481215152 0.36807666353461094 68.91488783750701 2.3412761737109187 0.0
1273806 149.730917082203 3.32994012114202 3.0334804446507886 0.4016799508879216 3.5881496026890067 0.3861611716923332 72.34409698227049 1.816366697514021 0.0
1274078 150.368032465052 3.33063819511371 4.376909312219933 0.37954568511638953 5.118535769509331 0.36640719950603134 70.76872670251316 3.330772505449654 0.0
1274350 150.752199044427 3.3336268521153 2.0974068409969786 0.3980292422553213 2.68845582212286 0.3851358323053909 79.3892482191489 1.502308841406621 0.0
1274415 150.161963627692 3.33401109923186 2.6567975108407107 0.40155206415432676 4.290773307791889 0.372020707955969 69.22367352125018 3.0937932347202683 0.0
1274622 150.194990307909 3.33521375910885 4.511436484540609 0.3889826386448259 6.687314424459083 0.36699514154600404 69.42993181940072 3.0259041036265724 0.0
1274628 150.576336960859 3.3357190189079 1.47082478161593 0.3984773186925552 2.630337724766176 0.38608580725830227 74.88132958765067 3.4524971008160024 0.0
1274714 150.094906565225 3.3361007023957 2.7462514289517137 0.40891129645385327 3.688811401911284 0.37217233928181853 69.25004822723348 2.6430939750333686 0.0
1274793 150.134214438997 3.33564066471331 4.136363332831331 0.41536775284205235 6.1998702679064 0.3850709474322015 69.25213528441927 2.5635666435991253 0.0
1274924 150.394856500112 3.33804824766072 1.8055748669776934 0.40005950605210683 2.722657867228611 0.3875937589691316 71.58157947161713 3.2946590906574773 0.0
1275025 150.903345414477 3.33839680949725 2.4357134940827985 0.4435722434336219 2.9652996666979923 0.4324821474636073 84.4536463419766 1.5245152534952848 0.0
1275206 150.952669885055 3.33963762525661 2.3098094900992274 0.42645754297599425 3.1020991908932367 0.4137894195919466 86.2329179158382 1.3811799636733286 0.0
1275278 150.756407936432 3.34037023416005 1.7813258814731003 0.4286175538519633 2.686382931836893 0.4137373625115975 79.86554566232681 1.3537169297673515 0.0
1275352 150.484477241212 3.34103620802547 1.9123648702690255 0.3927769149041151 2.9208422017971722 0.3778816555973057 73.2631271746273 2.3427728153621405 0.0
1275637 150.065321635764 3.34305915000162 2.4901477219148354 0.46595424350588843 4.218824676487665 0.429966021481309 69.6978737767568 2.237725078286999 0.0
1275663 150.274678827549 3.34207342537646 7.630103971629356 0.403970529458885 9.26176496435493 0.389041540688275 70.39051190858838 0.8919623915083164 0.0
1275842 150.484779514967 3.34438064519519 2.492625410562377 0.38937298422428335 2.97248921637797 0.3777480734272113 73.45931158368988 2.330890587757567 0.0
1276002 150.36008334811 3.34584552695415 1.8946583722105863 0.4146246072781316 3.4911968128868933 0.39909384301982764 71.55234476872484 3.4785527583766487 1.0
1276007 150.388160016206 3.34515389603408 8.040817851915628 0.41140873419471363 8.975853076588336 0.3995061280975399 71.89734005502399 3.7403621718260536 1.0
1276429 150.421472505068 3.34866370756768 3.5055609019795644 0.42201580099102126 5.410240883748167 0.40818255065287606 72.60580836576693 1.9597751004336619 0.0
1276550 150.357613662782 3.3489788135186 6.402520479298961 0.4188436426729513 11.697899114271857 0.4042472545468076 71.70382147011411 3.4295093962883634 0.0
1276642 150.696996095379 3.35026792087837 3.7034412187786847 0.42808319253413074 4.326942250437309 0.416568897490718 78.70165101044681 1.3660557647001292 0.0
1276725 150.890536364237 3.35105222469535 1.3808968429475288 0.41836308815566386 2.259343037644866 0.40643960077586466 84.64643555979949 1.4661883201839403 0.0
1276783 149.786982126024 3.35175648437206 2.840568802585992 0.4056590468219661 3.085629980879322 0.38987100990026163 72.65226219224957 1.542658591837741 0.0
1277045 150.46327009266 3.35367141532238 3.1911923745254653 0.4481008626440974 3.6005984553459798 0.4377430988073776 73.597207185006 1.8845114098680011 0.0
1277171 150.525052308759 3.35420289479502 4.925102258206881 0.41832788743186194 5.318786916586922 0.4072913367524514 74.806108791796 2.6032956159956893 0.0
1277372 150.143212884654 3.35578774645929 4.693405291821146 0.4372956821687868 5.099853880339877 0.408934749218974 70.47819308353665 2.5329631267664645 0.0
1277452 150.49067253083 3.35649902017612 1.7239217387315695 0.4042093936158232 3.2234183409648693 0.3907709076547053 74.26055934629886 2.378697721377824 0.0
1277520 150.432445249063 3.35692205155616 1.6483329794791455 0.41613948823986124 2.9677757161875116 0.4042295369061581 73.25973753215577 1.6865055953455288 0.0
1278182 150.149724895146 3.36252119425073 1.842485998274771 0.42244363645434974 3.340793750503991 0.38579195595210414 70.89725918552395 2.6873872958195215 0.0
1278299 150.683235851816 3.36310642736825 3.715823860502045 0.4232900216687359 4.38907269353588 0.41254946100907025 79.0202433787882 1.4616531589442345 0.0
1278413 149.60295315195 3.3644715296602 2.9036102584038006 0.40464135768541637 3.3827970827472797 0.38987640622948233 76.95075982523092 3.0103862249114433 0.0
1278430 150.211396808362 3.36425734791879 3.350209470162561 0.3990143651778464 4.365001105447853 0.36893172387100764 71.25220573810084 3.0004453657146315 0.0
1278439 149.791118983545 3.36438107793477 4.373875856915178 0.4098919184285849 5.644194132734594 0.3928483654821288 73.32130459750262 1.6141723871368892 0.0
1278493 150.954562292254 3.36474574549817 1.8000667066613478 0.43584062365795834 2.583183568655482 0.42056157333633276 87.51694439449044 1.4538307308829947 0.0
1278554 150.16197895288 3.3652657722082 4.524791294311457 0.43388139323999153 5.536265430307673 0.3782194602812689 71.09637011802869 3.1142977489226795 0.0
1278569 149.709868198724 3.36461699732631 4.206150301471281 0.4067026011509634 5.9731981956916655 0.3906240648803827 74.71278084833303 1.84714761771479 0.0
1278629 150.182598116129 3.36624451898958 1.5899760531150575 0.41608325414535824 2.4994512329188763 0.36428695781246573 71.23020711663605 3.398731426340829 0.0
1278694 150.155579964349 3.36650353263938 3.702401126969539 0.4168814617695232 4.823038306636259 0.3791170834737373 71.1515514050441 2.8553714810035573 0.0
1278872 150.212159627255 3.36709183015222 6.1847482984470705 0.40302255169427065 8.312155138497424 0.3719372766543659 71.4258150357679 2.989430469480463 0.0
1278873 149.727319608384 3.36710002943552 8.068139669352531 0.4201797562544619 10.505978911963153 0.40412516490037775 74.53425040026268 2.03342901529017 0.0
1279116 150.678429725723 3.36981233431457 1.4382462396528533 0.41823322030716575 2.6399864719178 0.4071416576822243 79.25485146161972 1.5260477032885285 0.0
1279700 150.996326198007 3.37442811440508 1.706625306441385 0.44805294827472536 2.7833879352681548 0.429963415404228 89.4684574971571 1.0136653857489801 0.0
1279722 150.182493737198 3.37482453192796 1.8036453201399332 0.40456299556942155 3.185042428590728 0.3693109311081726 71.74333961515558 3.1685473133043285 0.0
1279806 150.338515195678 3.37445321176243 16.390168156485696 0.39872188605371606 24.70253132071195 0.3819409475616618 72.96431592271992 3.0263193415713734 0.0
1279823 150.455579501141 3.37417335618267 25.238530468872003 0.42591044794616345 45.81929764530776 0.410740677757317 74.64021620533329 1.6965172863295823 0.0
1280590 150.34490687417 3.38191984653146 1.8006122331852956 0.404100110812781 2.7742038617896982 0.38902034213901554 73.4792260594273 3.561844023640101 1.0
1280799 150.657246962623 3.38351577619151 2.8817864624462595 0.4173413884923481 3.4368065108063637 0.4045272927236013 79.45310701531588 1.782302788403359 0.0
1280966 150.380756825201 3.3847872032365 2.5942640927136456 0.4092513010991663 4.3607099186670535 0.39379288885330194 74.10586169684964 4.447550661319771 1.0
1281483 149.776348816309 3.38917664920347 2.2524678747901348 0.40549642682305687 2.857101239897567 0.3860625459483852 74.98580013297185 2.1615755263787015 0.0
1281593 150.323186564206 3.3899150397191 2.3534469155510678 0.4130067054442433 3.3966607682053898 0.395128194864081 73.70202450719505 2.3402970933164147 0.0
1281804 150.396110992282 3.39155747486604 1.9667623183418343 0.40327186479345845 2.2132528608484354 0.39024192005103103 74.71469420618112 3.892645614420421 1.0
1281855 149.697088124866 3.39064780029449 22.901626157095752 0.434904413967276 36.806728902412175 0.4193459350699612 76.43614095898914 2.1536417444360447 0.0
1281858 150.352148576164 3.39178378525167 2.5548309234148845 0.39801918926094965 3.435512773106339 0.38042192692980303 74.14644201304849 4.013934475834466 1.0
1281876 149.623848188048 3.3913429613047 7.207319165906617 0.4254333124071287 8.429186877376964 0.4108454733657324 77.97278713681902 3.271795238296836 0.0
1282022 150.528977996412 3.39325502214735 1.7723241413027826 0.4061912956510661 3.1006230277975435 0.3933274048098765 77.09132155650425 3.1729119549129687 0.0
1282078 150.283015470493 3.39350940610777 3.9204469551236856 0.413443399835597 4.075662732801184 0.390690395527783 73.51662265087761 1.6648540600543098 0.0
1282116 150.238011899196 3.39233711940617 8.350962204684045 0.4131750531440753 13.450907712115638 0.3850570514240206 73.0930028787365 2.77444111333888 0.0
1282199 150.782201651685 3.3942921472627 3.4111570949902257 0.44533576597917685 5.778207548728953 0.4330120467338224 83.44245112628859 2.0997119267744244 0.0
1282238 150.652979490404 3.39505395478111 1.9928992823734333 0.403726969372825 2.5528612632493344 0.390623144005089 79.9754266637 1.9482100098866066 0.0
1282322 150.525117955693 3.39501655290307 5.871765071323442 0.4084480410283374 7.560262487172022 0.39558465432962886 77.11423305251611 3.253800958010939 0.0
1282360 150.429848563559 3.39599062851365 1.1810117898429224 0.3966219106141157 2.1263476492876188 0.38452590897215916 75.4771986415584 2.430071122844678 0.0
1282507 149.63099233116 3.39682649385608 5.569973425818392 0.4116955976706629 6.520341316217613 0.39792791360180646 78.12399443645538 2.9082814280924163 0.0
1282599 150.78204305587 3.39752419363052 2.7083399139881523 0.42561761813824206 3.5253292398204463 0.4135502682781902 83.60688077998032 2.177020741673429 0.0
1282686 149.803538445673 3.39874012968285 1.4883021659013136 0.3975830356733569 2.590937430715398 0.3797340054592006 75.13834247158822 2.1434745603139937 0.0
1282710 150.389228290468 3.39812007613765 5.214599638390501 0.4010534503757048 7.03909891625498 0.3870226413207736 75.00083546892563 4.423814952607806 1.0
1282798 150.247789238958 3.39904967685248 4.239862072570702 0.42584577420409236 5.872928228906829 0.3671110797454724 73.56142444316491 2.68344535600763 0.0
1282823 149.615309825544 3.39806496903091 5.63505168281941 0.40967290944513557 8.211999360249 0.3942797556210455 78.53604013471328 3.1435745156582047 0.0
1283293 149.69875685336 3.402897222526 4.109906585645265 0.3981845482405988 5.673841436550508 0.38228423145362217 77.10253342032559 2.2186009214343594 0.0
1283408 150.37662073322 3.40452038177792 1.9772008449802894 0.40548729963489694 2.9377824395237795 0.38663866394958757 75.20435324610315 4.767858047028573 1.0
1283635 149.811722583342 3.4063139799889 2.620081245964519 0.39743819216581233 2.927389809309959 0.37737521102081945 75.46616653690438 2.125852947676401 0.0
1283692 150.821932403772 3.40643087014207 2.4681527997014783 0.41547228063597175 3.5251411970854862 0.4018995750732205 85.26113795466439 1.4460590304287269 0.0
1283718 150.525046509451 3.40652418732563 3.5835860209963517 0.3854343263411653 4.063725058019706 0.3714052133272108 77.76481055263336 2.984240581377991 0.0
1283747 150.967692319369 3.40673093233004 2.2725332317482256 0.4300427913870521 2.999309617217492 0.41048402981298154 90.02347080794058 1.960751713423987 0.0
1283837 150.325763497201 3.40711076493122 2.212568834680325 0.40857736075791956 4.021767217015922 0.3856322485499294 74.74465086988262 2.228842827123608 0.0
1283874 150.644686935854 3.40791546243786 1.4602406461760458 0.4039275972296526 2.551989654783911 0.38603382384797674 80.47545710954547 2.0040851536115705 0.0
1284049 150.375491677801 3.40924059151612 3.0435926683376975 0.40489963197995144 4.065942525726773 0.3862787306323183 75.46578659044798 4.654184826105964 1.0
1284086 151.03368393029 3.40843236407991 4.5967143252825196 0.45248591457428067 6.319065142850681 0.434966263820699 92.44541056841545 1.360993847160805 0.0
1284355 150.25139692156 3.41178411917407 1.7457062777753432 0.4283174354003129 2.4675825016321316 0.3698282143868649 74.34605774391879 2.3633972638107874 0.0
1284362 149.758379762826 3.41127395382977 2.2285101068884 0.3953324795263017 3.493386009722447 0.3784156527625773 76.5481756941953 2.5581624395660785 0.0
1284371 150.389154567389 3.41181249093771 1.6708372378174108 0.38925429562565744 2.4763600086684496 0.37119418554492195 75.79934371648017 4.414849709924691 1.0
1284423 150.72011503948 3.41120659132036 5.400678790961673 0.43361237059855695 7.551043420432407 0.4214478789714424 82.58881471162658 1.1676670293805518 0.0
1284463 150.544241068449 3.41199932808802 3.341411888044842 0.37619113705839197 4.193569947822378 0.36104936287261796 78.4580612904209 2.1030257811039452 0.0
1284499 150.363643514013 3.41152130870123 8.257222072518827 0.4051902593249163 9.908270989501485 0.38466014496371204 75.44744147137642 4.129202390669297 1.0
1284700 150.770360375457 3.41340686424553 3.878570187980753 0.4324682001015398 5.05741635539564 0.41833056876244895 84.10268178971404 2.1540784506011823 0.0
1284727 150.489904606922 3.41390916698775 2.6248383496001306 0.3807473573372002 3.687770352391832 0.36647816215615875 77.52303132174646 2.03716368417373 0.0
1284837 150.459875887597 3.4146248830861 3.3198952224152327 0.3932053663737106 3.883823229005751 0.377060566350491 77.04098188329415 2.1773479463518783 0.0
1284916 151.072842427833 3.41360934647876 6.913135147464853 0.45172817667300375 9.981804723448638 0.432477846975986 94.12792046541558 0.9433989804821581 0.0
1284952 150.289244153535 3.41548233433285 3.3622375288541084 0.41845059303263665 4.130261613135721 0.3926579376801585 74.87611293980645 1.4482956816666983 0.0
1285036 150.1895311475 3.41630337641032 2.1531412066123305 0.45948593435174573 3.220046740252292 0.3767602873347433 74.2556269764268 1.5111227303120311 0.0
1285350 149.789130959036 3.4181243389175 3.1017001756285056 0.3864854604522822 3.8134210235821246 0.36404606604440437 76.47460538976752 3.109383271008634 0.0
1285370 150.088449834388 3.41865903263043 2.023942633134495 0.421661204451463 2.5147607846755187 0.3613650389232752 74.20610351726071 0.58925479122817 0.0
1285391 150.228263033169 3.41873605622575 1.6233675898311177 0.4209059175812036 2.3422282601988593 0.368503148509351 74.60451698185398 1.9287784833803174 0.0
1285462 150.776738470523 3.41881714607089 2.6956511733171884 0.4337829403060864 4.128178593221524 0.4201381825025793 84.57059045403376 2.1422308368621805 0.0
1285747 149.695367639967 3.42067112849836 4.6253828307488325 0.4556075731963401 5.989139467899741 0.4414658661044287 78.17918651152769 1.9995518990389876 0.0
1285854 149.78742286047 3.42217692118267 1.8489717229678253 0.42668467444921565 2.407646504358287 0.4078848132529388 76.73537285813347 3.2244279513956218 0.0
1285944 150.169872012457 3.42191894865011 6.662210811429481 0.4739272928084102 7.820458379838746 0.39931175894931287 74.51620791135537 1.146927655289698 0.0
1286117 150.397121853216 3.42328388214747 6.604238580719309 0.40293695214786057 7.226438102490429 0.38326625286675203 76.579146490515 3.86406631402892 1.0
1286199 149.701077960148 3.42472627690858 2.1060113155656235 0.42305223126024905 2.8040604805598552 0.4034808100399171 78.30536875269702 2.0248452014118183 0.0
1286281 150.322941735125 3.42341820951269 5.9733350377603 0.40223032797218017 6.692676681293906 0.37860951542939286 75.67708782009628 1.87853670344264 0.0
1286692 151.026120241096 3.42785074090752 2.6678232428189035 0.45120236500121813 3.2782038827214266 0.4311729666849086 93.10432811915956 1.7676695860719716 0.0
1286791 149.779773096255 3.42866267560186 2.7578595224656004 0.43844463114657833 3.81350998013549 0.41786956938170355 77.22542919869534 3.2819887420943235 0.0
1287168 149.622381854025 3.43150630992524 3.455131008274359 0.44083259442101685 4.03404027457934 0.4245117599958993 80.25138243407751 2.150232643052111 0.0
1287198 150.877827585129 3.43140254704339 3.95318088558381 0.411691829639375 4.294289670100625 0.3933864789599631 88.2772428024053 2.0648839356023014 0.0
1287240 150.235602929544 3.43073547921583 5.703104090756273 0.4806504801610652 9.550549614687537 0.40523123742431283 75.36684029020977 1.5443581586024064 0.0
1287672 150.433496443166 3.43481155230932 3.224345386122969 0.407046275856427 5.82175426796437 0.389792146140115 77.78333956448438 4.096923288057187 1.0
1287745 150.424713208224 3.43525425296569 3.39056986879448 0.4041972902906254 3.9549144333240736 0.3858364710637983 77.67548100380128 4.140215551560649 1.0
1288377 150.433379160446 3.4403803573394 2.5083125856506796 0.41040041524502097 3.218583745673298 0.3954703829144419 78.1044866328548 4.154367554258874 1.0
1288747 149.605195074861 3.4424641697927 3.4717790522702976 0.44435683606650345 4.954977635206769 0.4243297029503481 81.23615847139708 2.026139997681841 0.0
1288767 150.859164175652 3.44322100453015 3.5498983768296237 0.43291435765614034 3.8503576999598477 0.41581403759502145 88.29867388429312 2.221946137636166 0.0
1288869 151.006251652352 3.44359417811518 3.674993852305385 0.45860254026706737 4.209044888781757 0.4390710562333135 93.16516243137963 2.010986911197429 0.0
1289014 150.55242262687 3.44477675406195 6.544075265379229 0.4164163057627222 7.446407952230575 0.399838895593647 80.47452296942964 1.533790959885662 0.0
1289351 151.085396235028 3.44671057312181 6.575250071088458 0.4966704058683795 7.574941515615114 0.4800982146215876 96.15472326639534 1.0760714198221524 0.0
1289643 150.537125815162 3.44960158640264 2.2835294588820103 0.4237136243625941 3.4321453163325835 0.40313765507049787 80.44397276871638 1.5955409247087016 0.0
1289779 150.488806957956 3.4509759934856 1.7190606222315414 0.41463164378327355 2.812212529096738 0.3910313219789917 79.62704691630155 1.534703428787391 0.0
1289890 150.398266140714 3.45182621179386 1.4512100457740258 0.426471462879554 2.3861165320806856 0.4001580985966789 78.26134393249272 2.9437457641765863 0.0
1289896 150.979585919876 3.45140612566907 1.619491773060265 0.46096113597895216 2.6793603368476506 0.4392259290401967 92.62772446870366 2.2444532851668892 0.0
1290000 150.442149191311 3.45119994274837 7.1090924372232935 0.41276306850075906 9.730876335561973 0.3915680909788972 78.86721240368385 3.6673043043694555 1.0
1290127 150.720736880095 3.45242177194219 4.109575254714616 0.48144240943650174 6.155640259203107 0.46518927124393394 84.82056894238522 0.6899566652510938 0.0
1290289 150.101884986416 3.45470131592985 1.8149907800200755 0.4590011234643456 2.372648546736249 0.3817292383316557 76.36549583457426 0.8453532381787149 0.0
1290391 150.826250398939 3.45382326077761 5.6414385975934564 0.4455098931385476 7.500688209713517 0.4266410170585896 87.85071325957422 1.7585321590294538 0.0
1290558 149.684809072934 3.45639128026835 1.9396423936043061 0.43795831029874877 3.396984363783573 0.4210635056238801 80.4128518242024 1.6714998988392091 0.0
1290576 150.986536423766 3.4540307232058 42.85131749480507 0.5361288761926091 72.25565849412301 0.5144832652744422 92.99454549614924 2.1911523223828913 0.0
1290709 150.316716988116 3.4571546460157 2.7732024099078725 0.4807184812946761 4.68344834612625 0.4301477101767427 77.60697252824524 2.601179792737683 0.0
1290727 149.627449458716 3.45764452372702 2.793140372977842 0.4047548177156567 3.989673055457296 0.38757409828161254 81.6124624695364 2.1755380953877657 0.0
1290828 150.099756947304 3.45797355912133 1.8967043729379796 0.48845528506866226 3.370500727038933 0.38415016422609827 76.56174826606365 0.873988253334378 0.0
1290887 151.055219681709 3.45775217472614 5.5885003316759265 0.449111932477518 6.501328924905273 0.4300644170064336 95.58442079784552 1.7000428591996701 0.0
1291552 149.828770517365 3.46395113449436 2.4342799675132007 0.4349022317896471 3.1439121782133324 0.4045249537003554 78.61889234771239 3.044785566425129 0.0
1291712 150.778765575472 3.46476943522591 2.5358796782220425 0.4651182111265452 4.090654214231405 0.44568043606079716 87.05637106157597 0.9969081549346405 0.0
1292031 150.415595409047 3.46746001216535 1.7852302822130675 0.3885428061605183 2.15590148426123 0.3594306666989764 79.4157210461368 3.0908209828479443 0.0
1292089 149.673898933082 3.46690312046367 3.5251263709932594 0.4416035552767914 5.0266738545930085 0.42161656490773003 81.21598808487892 1.622903684486658 0.0
1292272 149.83226452824 3.46918641449512 3.1838897689856887 0.41019171726279685 3.7702765426749663 0.38427840531948954 78.88338877712155 3.141273467916396 0.0
1292286 149.788370534203 3.46809908573365 6.507980959676359 0.425735986123056 11.228843916457725 0.4004602101542609 79.39672588861241 3.1618803362731605 0.0
1292292 150.842167246181 3.46920368414351 2.7238786071441097 0.42850123093898357 3.1170582575131225 0.41095492860313354 89.12548659932445 2.129450419392166 0.0
1292554 150.322202400527 3.47088626839214 5.209650854562518 0.4365699333070785 6.714850897926932 0.39144152587854036 78.47446739825459 2.821358056387253 0.0
1292559 150.966040485063 3.47102774605403 2.899608843451649 0.4390454592837494 3.2059382861411345 0.4181353984527164 93.1432369123496 2.324776563792787 0.0
1292568 150.323931419252 3.47061671369284 4.655965467600488 0.4284572690211195 5.967643015482827 0.375415901493569 78.47618011393638 2.8218696412388087 0.0
1292609 150.894171968686 3.4713537994983 3.28449030237468 0.421199554302186 3.6501295747645983 0.4014299839259855 90.83066672276665 2.735575764955443 0.0
1292936 149.856261028747 3.4737502224636 1.8482580446152599 0.41014914147840326 3.1042129680422406 0.3778487619318171 78.87258976127913 1.8800874100123108 0.0
1292993 150.295624954728 3.47396163954525 2.3468621323026775 0.4492155174530896 2.7704244974971 0.40516652751742926 78.40241056989322 1.9139542297635979 0.0
1293064 150.201701524821 3.47447039035646 1.7695947590199852 0.4983627165678057 3.298916301913341 0.37895921782214986 77.79066290919627 0.7277246061667051 0.0
1293411 150.39616897571 3.47686377475671 2.8130788609467294 0.40746916312877846 3.178605234025648 0.3701042375473783 79.69650392026372 2.2930389194923073 0.0
1293637 149.994610043072 3.47810078445895 4.7923757746441265 0.4848593546028064 5.33946553965556 0.44314501774109727 78.02539776674655 1.5448963408227379 0.0
1293791 149.813607599233 3.47962792428301 2.062838747962009 0.4517021953926048 2.9284173219625944 0.4256547135753444 79.73003204925868 4.172531449027449 0.0
1293955 150.954769036347 3.47945542210046 5.547163621057698 0.45995981400808034 7.798735760449716 0.44101366108273743 93.19047949940632 2.245263390208866 0.0
1293999 150.446385010839 3.48103896220994 1.8856340890130805 0.4200552893993147 2.4379715723903153 0.3904136448757876 80.66221100222059 2.8434154963249427 0.0
1294094 151.060368867717 3.47824540238191 34.97904100175596 0.5121060424281436 48.46259742653205 0.4928917785272259 96.75484205246788 1.999583560484387 0.0
1294124 150.861251852557 3.48135022927361 3.408946110245225 0.43118757436230165 3.9783863474208876 0.4120488916169574 90.32980598491902 2.2753378689911754 0.0
1294409 150.596852843037 3.48369248778242 2.582815863150734 0.4296144168512949 3.163167035990485 0.41080879490278704 83.58749586863267 0.9915018897808091 0.0
1294632 150.889793810078 3.48456430899803 2.5689037396521797 0.4379716398400154 2.9674169431731126 0.4183404129193379 91.3704006756181 2.5437211342696147 0.0
1294749 150.373979463593 3.48540787204626 4.9340857374201255 0.4319572825437222 7.780013076504754 0.3819799926741118 79.91258843353073 1.7902459785441736 0.0
1294783 149.773667199788 3.48658932168689 1.6016531662322013 0.43698264295651795 2.450853604785413 0.4079415575885324 80.68441522826727 2.4917058027856314 0.0
1294881 150.927174831581 3.48651384413448 2.8391105597235127 0.5062579469946752 4.219903666069214 0.48971917896560274 92.6493435566121 2.0701228262666587 0.0
1295054 150.325105002014 3.48835534453309 2.5866080276099135 0.43139195694167953 3.4821487526893065 0.38011724613015174 79.53690895281873 2.246420162615814 0.0
1295161 150.16586125501 3.48859687904767 2.786798673180712 0.5318994085438586 5.035686829441908 0.37662162193302806 78.4984264508875 0.6408025484984711 0.0
1295226 149.796211764785 3.48848969606267 6.441545700842643 0.4354603693690146 11.500533437839337 0.4114482414979326 80.47872202538994 3.8431932916370877 0.0
1295345 150.09065282479 3.48816747095992 6.635797253294687 0.5123436062022948 8.21420614580266 0.38670751779529255 78.37538318700635 0.9895079161554117 0.0
1295488 149.999290787757 3.49162501999254 2.8633673358330904 0.48659992558582926 3.8812870463595575 0.4450735792422933 78.81223870495009 1.680663839934179 0.0
1295493 150.039869980506 3.49063032071233 4.126410881007867 0.4729855923596974 7.508499442304226 0.40174391031358486 78.6037861189143 1.0053110675835442 0.0
1295741 150.29319904613 3.4935328892244 1.4810624285178322 0.45145725695051525 2.650907684550165 0.4068849176503595 79.54237352049509 1.3177636959710708 0.0
1295747 150.94694521741 3.49318673911516 2.7656598426840806 0.4743599025339332 2.8971519481682377 0.45670050465593426 93.62467234671439 1.8795130751235505 0.0
1295813 149.813456246327 3.49326703426074 4.416192839283479 0.441544293836804 7.66961182391443 0.4137139354441275 80.5312979081462 4.444911129930461 0.0
1295951 150.543211281697 3.49511725353527 1.961708039040214 0.41559430421489907 3.3340538642298934 0.387124830852108 83.14642071443477 1.0106123550509902 0.0
1296136 150.532057023515 3.49621087130925 1.6856865361022955 0.4099607360760796 2.2636555887324774 0.3866582509670832 82.99766224217494 1.018156972757793 0.0
1296260 149.762251688167 3.49614129904212 10.317534675375343 0.4161127465946043 13.774906633676757 0.38559387567644376 81.40791543440133 1.9035229243014329 0.0
1297092 150.806546276673 3.49908039578813 23.40950389180144 0.4594922319371657 25.58929555171785 0.4424756979514262 89.65547446908954 1.12861585123784 0.0
1297192 149.828013541768 3.50372916266692 1.7665563309886436 0.45428460294618644 2.620755556898281 0.4252820813877759 80.9645746685058 3.5849174801346315 0.0
1297304 149.674957853121 3.50458814004279 3.5780501423336672 0.4755403734865968 3.8217426973480952 0.45356881037485425 83.34590868195706 1.1092080832308735 0.0
1297350 150.4687123122 3.50485784620047 2.867124562283629 0.43045350669823484 3.265514221175169 0.403668696226077 82.39265072218691 2.3081524627576155 0.0
1297801 149.806550335622 3.50777859011776 5.740104767966902 0.4409619873318379 6.123550333670831 0.41601572770183287 81.47047593678185 3.817076491000021 0.0
1297950 150.37869019206 3.50903178817791 2.257902604510566 0.42302092364927457 3.4361711989412864 0.3775225879028124 81.35774655425507 1.6664503880111627 0.0
1298182 150.445944835264 3.51072001553551 2.3690755505969547 0.42368935047017425 3.722188803191587 0.3881362926483753 82.37765867844841 3.415293653679386 0.0
1298422 151.079377170106 3.51205542230624 1.9592957141210137 0.5168527211319465 3.5332051178567685 0.49967959636035675 99.06298349257324 2.9863910061018633 0.0
1298493 149.784105781456 3.51318015229203 1.7055315828551376 0.4218937559068678 3.062077029756668 0.393807917538094 82.08664175752133 2.491883979332665 0.0
1298717 149.70371640181 3.51481290072205 1.8442165071265653 0.44547034605219826 3.2642537270732443 0.42204685309743284 83.42339447760737 0.9771755235686234 0.0
1298863 149.767787485956 3.51544312788582 3.639565661746162 0.43681480278062657 6.632827154210133 0.4061135556694011 82.44939442985186 1.8316944901386845 0.0
1299030 149.823752971071 3.5172002597918 2.746622127301166 0.4680818153547423 3.8766764079393976 0.43573226630744843 81.807715875495 2.932966700121915 0.0
1299096 150.870861400866 3.51721000735877 2.6831274534988427 0.4817287269603011 3.7199175563673714 0.4617173411681155 92.4791690234407 1.0188231218337946 0.0
1299141 151.02823156265 3.51630519268575 7.506857890005796 0.4798541528760476 9.145242929950417 0.4610834198247318 97.48780483582804 4.102869717253166 0.0
1299429 151.079875168183 3.51779821289627 8.573751314135647 0.5284589777932968 9.597761970116789 0.5077021974572138 99.35832194019031 3.133411511501773 0.0
1299911 150.423573848737 3.52320192331428 2.209398721481995 0.4367181590096259 3.2427975169066627 0.40314807937882174 82.77842210753967 3.2774994628157272 0.0
1300097 151.029778335631 3.52423964334615 3.6750273721660736 0.4686886394253515 4.292745362233203 0.45057704309464175 97.93173709237708 4.583777212751447 0.0
1300256 149.849041601385 3.52550067050191 5.005463426042296 0.4689417592962189 5.863959271896966 0.4313832025144449 82.0040974229152 1.4663451531600549 0.0
1300501 150.797886190098 3.52711498673479 2.7398728020553094 0.4724712409288342 4.680410654795144 0.45267334203057297 90.90145576634096 0.7805528110975802 0.0
1300560 150.4160593321 3.52802207203379 3.442513478889852 0.4499932717688573 3.7081214201185255 0.41333892739830147 82.95563722458581 2.8801629066837493 0.0
1300864 151.050484345537 3.52963488063873 1.7142264873776167 0.4431675302278887 2.9254596546945044 0.42176905264760267 98.90733055098441 4.970481309009051 0.0
1301045 149.963046551664 3.52855753440701 7.12241271417063 0.48753100373102837 9.122705428014052 0.41204385442910124 81.21251351137661 1.7586691460079908 0.0
1301154 151.035542054683 3.53121887056001 3.3509034878276074 0.43918703996513203 4.402262114103992 0.4203019877998106 98.47252094230986 4.945040008736588 0.0
1301162 151.047162165073 3.53198803524533 2.0319083885994758 0.44715713822026953 3.241225951130549 0.42580414400924216 98.90838286866803 5.035754087170253 0.0
1301209 150.566179681952 3.53272032032536 1.930626656129525 0.42483946666900924 3.179152694387713 0.37700606895061384 85.72588703254442 1.2499802374497218 0.0
1301322 150.88110559931 3.53342368940808 1.9010798842694163 0.42508850939765697 2.3469209486076816 0.40466870233369145 93.6284024879096 0.7454810415982029 0.0
1301385 151.034750634652 3.53348953634321 2.4813499556220564 0.44188955439776173 3.4313657033089937 0.4189013825219601 98.5575621722685 4.849128092801379 0.0
1301405 150.343541874073 3.53437699529513 1.9541506549329473 0.45120878074998827 3.072332633726796 0.3830505378292186 82.44786441310097 1.2390634088879797 0.0
1301627 149.783049854701 3.53606391144002 2.288305422043636 0.4379105272307634 2.852841270789222 0.41125461825869336 83.43759518577127 1.607419752172346 0.0
1302074 149.992079321739 3.53910618622892 3.6085225872476885 0.5191900013253876 4.391273493400133 0.45822996801362287 81.68610117193735 1.5836561917737586 0.0
1302750 150.457245554251 3.54159866833631 8.432437567163486 0.4691328691662148 14.53445010111672 0.43533919068836135 84.34130340413351 2.2357453370902918 0.0
1304589 150.176458964261 3.555301786284 5.828241834408012 0.8959462192911307 10.576226962862624 0.4261060345567538 82.52871729554647 0.02482138093997934 0.0
1305072 149.630125279278 3.55989184076212 5.5446109547437485 0.42346734465164654 5.973782767328064 0.39699421972408644 87.33982031798902 1.7687841541037934 0.0
1305460 150.439568529903 3.56301902542714 5.366907070880636 0.4560444963151854 7.016729658234762 0.407435858921034 85.32621492949777 1.7280543943318494 0.0
1305634 149.926364071611 3.5649746429512 1.6838293148100976 0.4666055627683955 3.096841729666829 0.40461099107903953 83.6315790729209 1.571414153684777 0.0
1306325 149.622590118089 3.56983347464621 2.074856861200385 0.4141409768358131 2.813685100778786 0.38749728807337064 88.05030580170309 1.7603076233545432 0.0
1306423 149.996975764814 3.56973023310008 5.399436898540681 0.5606649574798017 7.694812773462568 0.4495293632730759 83.49568933019245 0.9141004855955617 0.0
1306582 149.727303062584 3.57182533784008 1.9587209774327516 0.42857423103002085 2.5278527766375647 0.40002091580418647 86.33153862564023 1.0948211048953012 0.0
1306625 150.52630866115 3.5720931225945 2.324084346375945 0.42847404090253266 2.9581599363713997 0.3941863420312594 87.23318286586576 1.5363454074198386 0.0
1306783 150.570715305297 3.57305451670249 2.898367733774656 0.4154249893084134 3.2751101100849382 0.3852410883514531 88.10384146438614 1.5536835262860658 0.0
1307053 149.733251468757 3.57436466269937 5.013844404177176 0.4342057410451208 8.125158057433561 0.3994426613723028 86.38734853411648 1.1232831199356919 0.0
1307080 149.946868877585 3.57498854271563 2.390133390111511 0.5103689258688446 3.463461154093031 0.39024082420943157 84.08482942064006 1.3659562190911896 0.0
1307099 150.920635193543 3.575205537199 1.3920022766823856 0.44752954654958566 2.1681913938425215 0.4279234556187612 96.98655812419747 0.8437592015146279 0.0
1307326 149.61096558369 3.57700221137056 1.9883464472954546 0.4159344144684775 2.5255449710641917 0.38943674352929036 88.68490037055199 1.5812102540937396 0.0
1307368 150.801937781913 3.57705642794164 2.4892446195143694 0.4332888656771025 3.1728668917209055 0.4097353766167641 93.68046898250506 1.825645919571632 0.0
1307563 151.011437254654 3.57823350358106 2.5586438996556997 0.4346587827886697 3.772465279072872 0.4125301962979274 100.0076423858166 1.4122548156388808 0.0
1307821 150.387845327486 3.5803910887451 2.7010961247533793 0.4687461471405874 3.8859215354498224 0.3971458602586889 85.66131054395272 2.4199264179815905 0.0
1307976 150.342936362564 3.58098151335958 4.982620930208681 0.47933587625498253 6.83930489167315 0.3977262695387597 85.19515564630946 3.0720274017888225 0.0
1307991 149.932901065667 3.58187233593908 2.123068964892169 0.5016044437717886 3.0561447511150868 0.4079015271395182 84.5903861920454 1.6716071847792364 0.0
1308321 150.644912619175 3.58289484200926 9.206176143079736 0.43061446599332825 11.57578552508441 0.4033122346086648 90.17634821128762 0.9413992053793631 0.0
1308603 149.449783297724 3.58589441669048 1.634685331364922 0.4307299303588958 2.873289030421747 0.4063758209530277 92.8114048663643 3.578496213893121 1.0
1308693 150.781317082403 3.58627696845912 2.055209332989274 0.4594507066518319 2.754094155477466 0.43033497016770295 93.62969218084908 2.2720050885621497 0.0
1308716 149.967713010851 3.58632955352543 2.710533991462761 0.5443861535002253 4.878978441835972 0.40945242847404256 84.63514581379377 1.0049818302924787 0.0
1308927 150.628369690064 3.58785324654077 2.9453962364515336 0.4258631936828504 3.5302079450385824 0.3986723307716732 90.1006004573141 1.2637291470860452 0.0
1309342 150.480828587699 3.59087537112157 3.2550772968597244 0.44223388369223077 3.8837973524100002 0.4037249248715062 87.56180669583172 1.2431584858821034 0.0
1309454 150.324260092025 3.59038989049908 2.897337872890022 0.4966569339915434 5.1630991350689195 0.401185924346914 85.56852224151507 2.1773345512662687 0.0
1309768 151.014757400061 3.59352774618833 2.215776703765694 0.44331585960552783 3.5917969134644974 0.41875890469652927 100.88535907329967 1.544766182871729 0.0
1310002 150.528937007134 3.59552582427936 1.6216427904061441 0.4646592602922102 2.650657574820415 0.4253440102512727 88.62393217361084 1.9259959241266449 0.0
1310319 151.081801939044 3.59305842643696 7.745926601248353 0.5304921521292827 10.71957041106948 0.5119315935058097 103.1002289364049 2.3923245627721093 0.0
1310324 150.373879126339 3.59814076431447 1.721107820096816 0.5184953655795165 2.8725378724447306 0.4274239728594949 86.54211791218475 2.8948630008121503 0.0
1310339 151.061952549155 3.59734437903073 3.616153052018258 0.4886654900150417 4.519472318615437 0.46545517398497044 102.63877555673689 2.260722729221218 0.0
1310418 149.884495839767 3.59878197682373 2.3357642221189696 0.49228370354295486 3.207734269226306 0.4342502740711467 85.98546745357254 1.4052196771799812 0.0
1311070 149.906785549508 3.60229469361771 3.817001110461181 0.5216679820925764 4.861889114399327 0.42945360042416714 86.0038772393165 1.9436853850689464 0.0
1311113 150.787443812143 3.60290518192273 5.573591176496956 0.4977133409051425 6.24631488960335 0.47560427872738975 94.68754196625471 2.914319861367081 0.0
1311138 149.92594439282 3.60358584903074 2.342908142428149 0.5249466244086531 3.7007600351087557 0.42665957269575633 85.93376110650239 1.7269866854430667 0.0
1311430 150.996171404157 3.60566500270296 1.668035658911592 0.4841489410379617 2.85671603776224 0.46292493098442067 100.90021611363125 1.2421857999330748 0.0
1311530 150.841002342082 3.60653412332322 1.55731302084379 0.4852808979226844 2.783576070090644 0.464068289748995 96.32031345650823 1.3755756194861293 0.0
1311581 150.777572526213 3.60689009708763 2.623404915118062 0.5926724299632405 4.421175327147208 0.5729403368267127 94.64760309687756 2.6530699314404576 0.0
1311675 151.050131341 3.60732830842721 2.1617469243626215 0.4943881173093743 3.5746027904194357 0.47255931248146404 102.74059994924073 2.2368521227803244 0.0
1312230 150.357201816887 3.61084298197727 12.889290089549313 0.5261836588313701 15.87594899824547 0.43246801202785 87.10816968313301 2.804885675973794 0.0
1312758 150.276871234436 3.61404994104141 45.33819371515174 0.9221667932849357 84.0294101063314 0.45848226021781935 86.57748407625448 0.482655599036193 0.0
1312826 150.533550932128 3.61623361003103 1.5443876152223623 0.47114606754662275 2.5472750495431002 0.4243216545002818 89.89315913119096 1.8059352618610367 0.0
1312885 150.06667451969 3.6162789913387 4.020059177521292 0.8309701349702011 6.388057580287285 0.4365222115518324 86.08323768784446 0.013397632592017589 0.0
1313062 150.760001909496 3.61784697252367 2.025069047793666 0.4901523877495979 2.9170442358236426 0.46650759631429844 94.79773581872695 1.8161632798508212 0.0
1314054 150.887354800335 3.62443867895954 2.4535413174611738 0.4527804589479831 2.845772908297886 0.431697036814515 98.57351725771399 1.0872391374631494 0.0
1314328 150.403570624946 3.6268056492986 2.7714741111567824 0.5428333207418998 4.2469382625020335 0.4288654742091357 88.57954093698527 2.27871977804112 0.0
1314360 150.864633588296 3.62643517968273 3.9201848187626007 0.4795082091817917 4.742402229899435 0.45641682902173075 98.0350427415097 1.2790301095185481 0.0
1314881 150.042331436626 3.63047387584933 4.200719163164495 0.8040292805246573 6.912228637825801 0.4144737956926685 86.98043469281201 0.013739751607378278 0.0
1315127 150.913174726172 3.63118061252889 2.8762425905860267 0.4641361476494626 3.2766063482620327 0.4323539432052278 99.67592717119942 0.9546515130205175 0.0
1315603 150.414366920585 3.63556954961649 2.840738759330185 0.5002872942376803 5.088256561066927 0.4094974408583953 89.22854744285186 2.4753218533809545 0.0
1315832 150.468291947715 3.63738032850162 2.676287283905269 0.5247907630100123 3.3244935211064583 0.4687046390073531 90.07148632466685 1.9704619519649884 0.0
1316124 150.438987283593 3.63942642719048 3.459025481978661 0.5186889648504964 4.167218548769903 0.4350662248338228 89.7769952044359 2.6931653045889137 0.0
1316290 150.336930698475 3.6397110636286 12.809066288681448 0.8607170289817809 17.83494266527017 0.42861216904211613 88.61071444347292 1.9102825695302976 0.0
1316387 149.870965116933 3.64125479300283 2.956040541883104 0.6614518439228277 5.468541774850636 0.39822450911637963 88.62764639633657 1.128228352645619 0.0
1316497 151.031249528751 3.64158671924631 2.3737511107253155 0.4561634362906651 4.120954142367917 0.4234491527858237 103.84501169631359 2.095341518293585 0.0
1316612 149.798403622905 3.64318369054024 3.0307842138785617 0.4746315669268045 4.084067193256051 0.4269201804038544 89.51752087075599 1.3325587907057503 0.0
1316775 150.354953507623 3.64361320010043 3.756801466590769 0.8189383466374017 6.245006325811098 0.43188010682288913 89.02078195507947 2.0047816345529075 0.0
1317061 150.432505845786 3.64603280004668 3.080541316094238 0.5471204855406222 5.165444604441802 0.446625438287123 90.07642901594957 2.7055699304165324 0.0
1317087 151.084403385824 3.64573243078597 4.596054149784513 0.5901771207599723 6.143186065469431 0.5683649403040402 105.7970000940256 2.472016893952462 0.0
1317135 151.060297877527 3.646471887193 2.5235752740636292 0.4823975533782174 2.9838985850034905 0.4547674492833053 105.03562572438106 2.41042780883912 0.0
1317503 150.279646086171 3.64893933436423 6.090080384423518 0.8421753107339393 7.681194869620329 0.4136336995797933 88.67548289653806 0.39641658344622044 0.0
1317672 151.01297031736 3.65060324725246 2.149629918326462 0.47136434610819566 3.2867096394585937 0.4302503417282181 103.71968103098446 1.628251505486747 0.0
1317765 150.500265768764 3.65169311707482 2.4086112133158966 0.48445716271189315 4.04475557949605 0.42504836323825196 91.38829561267468 1.853663918309572 0.0
1317989 149.605905113523 3.65296491120261 4.513905535377898 0.4674118553696799 5.39929075563158 0.4296862319408446 93.09450158997117 3.4147497942300302 0.0
1318535 150.606823372481 3.65620860320372 11.030980506928994 0.5081026754460614 13.056207669010577 0.4462526679682605 93.52389835849463 2.0719619824208015 0.0
1318595 150.542376320303 3.65759257402746 3.3406479943625147 0.4941711051581843 3.8308642433941142 0.40683404849913923 92.42172940429434 1.1552751432231778 0.0
1318879 150.938311115097 3.65902050494133 3.2485820871511453 0.48507220344944046 5.175081564389667 0.4543578439526975 101.87031313017472 1.1680764789624862 0.0
1319025 150.867189177834 3.65905247175541 9.01324521788629 0.4928080606806902 12.82017628074901 0.4614664026506006 99.83947100674087 1.3121950977947994 0.0
1319175 150.497149585104 3.66182335982273 3.1697058951879824 0.522455326968598 3.907993627012786 0.43232938346114663 91.92639813916027 1.756388656115482 0.0
1319272 149.615454119584 3.66278159359551 2.230292240009155 0.4551386688999521 3.3525793887744895 0.41380693464003143 93.47376043605499 3.3670794999639067 0.0
1319348 149.798481720405 3.66314761572088 1.815211698003018 0.4983385788157018 3.299444884331886 0.4311669809955 90.69004827648907 2.083061926839721 0.0
1319355 149.608243952044 3.66315989023796 4.387804187818901 0.44442006941722795 5.347464814981229 0.40420798842428707 93.63039939648512 3.553057453399499 0.0
1319694 150.346201209174 3.6646607034284 13.703935143146609 0.8294857899900289 16.309346062939557 0.43105021400826743 90.17785396944487 1.4406781917241698 0.0
1319699 150.829873206487 3.66557950112345 2.9864000506511146 0.48133766423237717 4.138218528197883 0.44224124310166735 99.18114264224413 0.9982592573203783 0.0
1319711 151.07799333805 3.66540202921227 4.445086590846614 0.5362541969566026 5.2188004873049945 0.5061154556562611 106.56674436411143 1.9417754113070855 0.0
1319751 151.044937295941 3.6648092652938 7.893589599195052 0.47507217061130846 10.141458714856315 0.43870158264800224 105.46050893884552 1.8147537892957992 0.0
1319771 150.335907704834 3.66589032435481 4.561872271847693 1.0215322619133609 8.030248966170605 0.418358618623893 90.1518695537467 1.2268791408986082 0.0
1319919 149.700915675967 3.6665414380877 13.42719185815354 0.468181412620116 19.937940048087263 0.4197184751700003 92.22983805622522 2.36415165335535 0.0
1320198 150.976948200007 3.66938575975904 2.7291030918262518 0.4804246108969852 3.0682253457421362 0.4482922501948569 103.56689880870957 1.0662247597529875 0.0
1320771 150.769792288537 3.67372471235345 4.681928321740321 0.5885041429849052 4.939716889840689 0.5566416268734147 98.09282810306038 1.2538663903428293 0.0
1321064 150.481662282459 3.67552269881131 9.127174619989107 0.5809156115218179 11.15762434212347 0.4384232020467371 92.48671646784894 1.307200080450366 0.0
1321115 149.616925074522 3.67688045401479 2.0806038136891227 0.47849053317640905 2.9671875531374683 0.40597051611004115 94.25104836582845 2.6639954622087205 0.0
1321592 150.954447995091 3.67947619313789 6.48630300273907 0.5481097825037373 9.195721630046183 0.4977741672465368 103.41487622498312 1.0922328069160843 0.0
1321604 149.709892451553 3.68022891971668 4.25609793278521 0.4785851158795073 5.510879661088103 0.41854864124073415 92.88638783025496 2.549860184885923 0.0
1321718 149.70904075233 3.68140108082337 2.8214355556001163 0.4730852735391581 3.7089212003110457 0.4191517961405576 92.96729893298657 2.5497657832089713 0.0
1322370 149.774789353452 3.68640508480941 2.0235098217464875 0.5297579902137693 3.542352172148422 0.4335724730200213 92.34700847092978 1.6671883163807233 0.0
1322540 150.884433152971 3.68700595631952 3.4034643790498063 0.5295898794713966 4.648365760064727 0.47993200583983986 101.80388063925407 0.9643905112745161 0.0
1322654 150.49948265535 3.68821662204956 2.005341044290645 0.573557192450793 3.7456212117383045 0.4472430877640683 93.4925268626377 1.0474155802874474 0.0
1322865 149.618148722069 3.69029689286154 2.007961763288794 0.5291068728556808 2.779946900558438 0.4506152225843158 94.9950858920741 1.6782656770267796 0.0
1323187 149.666352892969 3.69246045124071 2.2242836576407434 0.544152436172055 3.9453852157855627 0.45298435845224444 94.2822006301337 1.7074954190178266 0.0
1323331 150.746516448735 3.69326456251662 2.7768562588979484 0.5253882204803214 3.764128410864557 0.46731164015942794 98.60740066442418 1.4011008799440314 0.0
1323557 150.565550694214 3.69520147060661 4.12671158362625 0.5147234980043098 4.653019863798746 0.4198819305346201 94.98403642986645 0.5755370741711899 0.0
1324432 149.654471765262 3.70220051688403 1.7710214711124102 0.49539762482553995 2.9867125957257734 0.42276654476566555 95.04157783164149 1.0752228387816423 0.0
1324927 149.704996939013 3.70592600072273 1.7924696696639368 0.49550314525241146 2.7611642676318597 0.4096751697900664 94.45239555223625 1.7195506073369566 0.0
1325130 150.584576196168 3.7070607449552 4.494697826415778 0.5340551913123667 6.864861022822042 0.4444157519762868 96.00300493341554 0.6684367641943993 0.0
1325423 151.058584025631 3.70918292902543 2.045251503254095 0.5518764309914674 3.5891526200588317 0.4714745858468354 108.14755809049225 0.23706735314038985 0.0
1325865 150.534496697212 3.71240666738786 5.770851228533298 0.5373161435165719 6.735164578116704 0.4430582436621782 95.44700057802855 0.1323018696456592 0.0
1326058 150.728872478118 3.71406475446375 4.61476213655979 0.5515200134804473 5.331723372711873 0.4567194286432184 99.35035252967472 1.0241157146643765 0.0
1326364 149.810788470768 3.71632718306428 7.298536689127469 0.6428082406391534 7.933787279162588 0.4307230085989338 93.67972112789893 1.451887643284448 0.0
1326614 150.780409413124 3.71881298310855 2.1486209521022404 0.6431026629565265 3.530212273152462 0.5716211645510781 100.82263060853518 0.943625753313803 0.0
1326950 150.707453183141 3.7210010588172 3.699873416376046 0.6695232954123571 6.722280980233608 0.44625372697484816 99.25773747575994 0.6369771709769045 0.0
1326960 150.904838777829 3.72160245684474 2.3415971843601326 0.5918690525897281 4.3698685759874065 0.4619569345020129 104.2094003323464 0.4503718644787894 0.0
1327533 150.728375557835 3.72595644384336 2.5232890107698505 0.5964180064352798 4.5910778317852525 0.4270958834098795 99.99961251212845 0.880571160597788 0.0
1328415 149.760570116825 3.73193520322392 10.66425619480685 0.8134845761068732 12.024141288048268 0.4257579436957606 95.1973384330916 0.9873148496136096 0.0
1329779 150.662583288295 3.74248888596094 2.186337333591082 0.5905179940466828 3.6619305916525007 0.430511686136551 99.51563901701445 0.23940367339484211 0.0
1329838 150.475672191826 3.74285804247265 4.21678024124827 0.8577544938731535 6.3368431008319055 0.4477111134233041 96.32186926018923 0.18283010372164968 0.0
1330447 150.943987461583 3.746735372983 5.872307006433744 0.6984878088292161 9.512607710839285 0.4769660414853549 106.64037403926712 0.05497204477638279 0.0
1332429 150.820999748664 3.76258046322726 4.47670475196596 0.9199238887848916 8.021856108744437 0.4731234683126022 104.2139723639314 0.25539772027175156 0.0
1406139 151.559889920688 2.90910220060188 2.3041536582207947 0.4773699383764195 4.301998501358682 0.4540290914728707 97.77982668145826 0.9371818012343704 0.0
1406244 151.410498550905 2.97242619575924 2.750436807161275 0.4514396816353485 3.0312102107893963 0.4329384411716023 91.75818609169129 1.7955558685333364 0.0
1406270 151.203664191038 2.99132146023314 1.4764349380797985 0.41865470089211315 2.6643616725901382 0.4082370296352474 82.06334304464221 3.6250763792240055 0.0
1406792 151.088801348636 3.07611904090125 1.4507090896142896 0.44236842319501984 2.276876319060573 0.4327104600751577 79.94196132525943 1.6990570271413854 0.0
1406835 151.733192006174 3.07416175060626 30.8332355661889 0.6704289878281964 42.85595778540968 0.6295470936514872 111.56943999002719 1.284998431650323 0.0
1407251 151.276815934237 3.08064137343179 2.5993180405001604 0.41184178148388184 3.3459710955798525 0.3911878523614034 88.78387341245046 1.8566246405909526 0.0
1407309 151.136209075103 3.07956029873796 146.69219003201977 0.6684291401535447 172.51763392316147 0.6603465045472656 82.20567776235826 2.3846036476145103 0.0
1407447 151.182919963914 3.08290621385234 2.4122121119765887 0.423091058389984 3.070659955843442 0.41230576978011624 84.46904073200069 4.74946016797756 1.0
1407522 151.171195905226 3.08371334678406 2.1029944360161537 0.3966128690239975 3.1385212821568773 0.38200415644181673 83.96147878273074 4.05173215405787 1.0
1407688 151.429231206144 3.08516206983531 1.5757250014646809 0.4448260747803171 2.8998257095833 0.42216284654941877 96.35354677976517 1.009602207731325 0.0
1407770 151.195466718566 3.08632044901801 2.55797850279478 0.4179342650295647 2.7843000622464977 0.4047922285455794 85.17852227449158 5.0981773437928934 1.0
1407814 151.201936508217 3.08633015190958 2.353587625295935 0.4171427638108191 2.860303859993762 0.40129452317029213 85.4781544008403 4.9325473021470065 1.0
1407949 151.261806865382 3.08791331203359 3.530553549536283 0.4103966912542235 4.471525288876925 0.3931483682352884 88.33853923044191 2.419463729516719 0.0
1408000 151.74243392956 3.08759491533726 4.195407278208234 0.5647787029570129 5.163575227595728 0.5092588358448175 112.44254112289451 0.9839580503268626 0.0
1408871 151.103755569071 3.09739403105058 2.4769673627596123 0.39906596778227305 3.217942908556459 0.38365942057336844 81.46344351055784 1.6517367363440039 0.0
1408880 151.441626763511 3.09648929355914 2.536976532784289 0.44115731846532785 4.298492084503117 0.41920147736264907 97.3498777288557 0.9138207232681355 0.0
1409181 151.198411643087 3.09935428746925 12.466053778670107 0.4300030524181138 14.331906342908102 0.4171112930386676 85.81388815357099 5.237159305156706 1.0
1409319 151.712854637631 3.10099616523943 2.0553406129711345 0.5629506230754856 3.45925993682842 0.5112139922244936 111.28948434162966 1.0331677665872563 0.0
1409345 151.191209242693 3.10134981695192 3.8915579368595594 0.4271981374851049 5.105381434289907 0.4138538348187362 85.56026807901686 5.120528112482786 1.0
1409612 151.362001229243 3.10422646477395 3.734235141257713 0.42917886871289473 4.513899733863548 0.4120443609105127 93.71972655251226 3.4152757433791487 0.0
1409733 151.211834631795 3.10588706658017 2.8279466964512747 0.4375721150435511 4.303183023248882 0.42471612064106223 86.68263834894556 4.765578601456934 1.0
1409908 151.36084675158 3.10757319097926 3.5878243771615543 0.41925005192989495 4.035735974345036 0.40236883470534984 93.78257903692007 3.2905981880177557 0.0
1409941 151.208641767289 3.10813366461246 3.216964349634433 0.42442323301002716 3.755144351499877 0.41052998149013387 86.62197615682851 4.815361230577877 1.0
1410249 151.666854660106 3.11016385887088 4.980579257595167 0.5417624205576441 5.6946826861960025 0.5041311167385298 109.182495713 0.8666087102254184 0.0
1410351 151.255795122555 3.11161733591071 5.150715019945089 0.44267978114205364 6.208017251629167 0.4277089745541213 88.9392659551217 3.4088387308870294 0.0
1410575 151.657251239729 3.11280417133398 8.388308854742494 0.5803336069363244 12.482717845896156 0.5357829266411065 108.76899156584928 0.7793609492535539 0.0
1410802 151.336951586737 3.11664050867708 2.502227027316473 0.41766247824647557 2.8279311336588124 0.39939055824818903 92.95939996487223 2.072715463355689 0.0
1410914 151.251609713351 3.11621856875531 2.1582969571625563 0.44639523609374965 3.361338202042347 0.4290348047581289 88.91770169083857 3.611290733820562 0.0
1410944 151.250426140042 3.11804024385237 4.101540986127788 0.4507034392360398 4.302479474524546 0.4341754161185273 88.93159572570065 3.646884741234882 0.0
1411095 151.379488795925 3.11993485892041 2.073021879046528 0.4356340280709697 3.6091556890120606 0.4144494753761636 95.12183447557295 2.0834078345802602 0.0
1411362 151.739942201399 3.12225806944683 2.277192915986524 0.6011723746399172 3.840592738346167 0.5457587871145347 113.3314235002049 0.4883949620372504 0.0
1412325 151.238418769922 3.13280147198543 3.136526205833222 0.49430690239780517 5.028812863725058 0.4791918246963238 88.9399694636392 3.39692872453017 0.0
1412803 151.720442255521 3.13749452956607 2.549383946053048 0.5807791859881304 3.220553958364025 0.5332581168047892 112.78074141894557 0.6150703643149483 0.0
1412988 151.174801226997 3.13987511289345 3.966756558085083 0.4194559295388283 4.532295322904212 0.40805816802696515 86.33147231899005 2.53902982910336 0.0
1413844 151.171088836519 3.14860338291393 3.717046819727001 0.43216210326748405 4.840947857696944 0.4212500104970996 86.51560360887501 2.1519354573154756 0.0
1414189 151.412506687481 3.15242117880905 2.4831544752212005 0.47350271365761465 2.729711035277602 0.45715187168110827 97.87041058315309 0.6881430443860773 0.0
1414325 151.720410233872 3.15283601246279 10.4400230608073 0.5959139900869059 13.276681790061517 0.5441619156853522 113.24925747742864 0.555751713963037 0.0
1414467 151.736495042781 3.15447205831838 8.815623077684492 0.6305688588739634 9.516574841604253 0.5660501637046946 114.12714882547853 0.28511406554841173 0.0
1415040 151.530686960876 3.16184819877148 2.418792834164934 0.47643592838424137 2.9761736384277944 0.4522581746131916 103.96769409949155 0.6967556002503319 0.0
1415127 151.290305026949 3.16292680649482 3.0253985115587625 0.4503336767518179 3.9722020252114385 0.43457223049130655 92.48640318034656 2.7751287749492914 0.0
1415289 151.2744036866 3.16504222486682 1.987573823715344 0.4482610243747788 2.972898453358461 0.43151304593084716 91.83470727944889 3.6807449465116617 0.0
1415407 151.543121549047 3.16634996384611 3.035120431461219 0.5810539937545167 5.4087794546571715 0.5580712397230146 104.73513492736961 0.7538429492147211 0.0
1415681 151.25585381667 3.16958026099552 3.077940395914902 0.4583892046636104 4.725911747666238 0.44151568545781417 91.16204946871783 3.718544950492804 0.0
1415801 151.508130814404 3.17097510628844 1.8019970086168486 0.5035640691541344 2.5060043656834248 0.4802770117685993 103.16931110186975 0.7025101876512589 0.0
1416094 151.406895580986 3.17305709728797 12.821685042830095 0.5295938406543065 20.879261535864426 0.5103278523469368 98.34346375896456 0.6496426083367725 0.0
1416609 151.44126553581 3.18038906396624 2.2660448365168193 0.5242140944343949 2.6980755617027348 0.5090185150194381 100.25392170824594 0.6357268362467204 0.0
1416616 151.332179763976 3.18059890677367 2.2005464025368218 0.4898521042893245 3.0175501308587083 0.4720317430257419 95.09983823039057 1.2104555536910668 0.0
1416617 151.728316221574 3.18001261072992 3.4719899327125385 0.6966399021443136 4.402713342997872 0.6400981144158124 114.49919751866848 0.3359847190481892 0.0
1417142 151.271767291453 3.18645718741657 6.880524190691439 0.5175983752238876 10.46807752662782 0.5020659433875234 92.5447775540849 4.241532967220141 0.0
1417176 151.306274159646 3.18790958187016 1.840659027735968 0.4901341641150482 2.9786960079445834 0.4755106257100273 94.17960126497451 2.1259521390668663 0.0
1417222 151.30347461352 3.18846782398184 2.9778425959749626 0.514387839674625 3.216683519504887 0.5007423785367382 94.07234875972725 2.3049189745677063 0.0
1417466 151.632462136854 3.19101479135203 3.3126736262750365 0.6365363693677549 5.477608805079273 0.599140436068443 110.00542557166808 1.1364094051266587 0.0
1417581 151.280356229388 3.19342496791445 2.566462959686405 0.5285534043166235 4.736115322182275 0.5112509929937917 93.20751786001196 3.8958849710015575 0.0
1417638 151.25986936907 3.19386295298728 4.597302948770209 0.5237112320066498 4.787269115955804 0.5085521469357308 92.29634891009819 4.143697620894339 0.0
1417732 151.628035084095 3.193961007997 10.88021480385546 0.6610226888862168 14.984597887401987 0.6310765754266816 109.88148454991875 1.1260437777609273 0.0
1417960 151.339140149086 3.19838956359663 5.184888333741679 0.515600171026975 6.241674322736147 0.5004084507377611 96.09756165550894 1.1459297173460254 0.0
1417973 151.551231103997 3.19839294163626 2.552102830357498 0.654366229051717 4.544826593899965 0.6373785854986566 106.22786200675483 1.0714925925565806 0.0
1418418 151.565411885966 3.20354914571755 3.2798855851826585 0.6098558525525579 5.2503755514606 0.5892799796868129 107.10144734560194 1.1047692607063824 0.0
1418823 151.217921365178 3.20935071420625 2.118988106028436 0.46360603253967875 3.3862662962409824 0.44494553153271366 91.04421851011746 2.432034684165913 0.0
1419103 151.271613856942 3.21230061435743 2.453666694632402 0.4692946516420531 4.265584605885155 0.4501743351199833 93.55452912794952 3.7302358483471405 0.0
1419270 151.272636040175 3.21445942282993 2.7175394581715415 0.4898897507802412 4.931500840470898 0.46988444601604934 93.68607046982979 3.6096641105661136 0.0
1419371 151.243818834756 3.21582616208387 2.616816973267414 0.623770493456101 4.013091835049668 0.6106216329668667 92.45251205868442 3.3221575902858467 0.0
1419580 151.171074974723 3.21808585459507 1.7274834541485167 0.4695659274915314 2.84573616537367 0.45532496560357644 89.36200783054622 1.4150575088557944 0.0
1419598 151.610934344063 3.21771274791577 1.7140613744374686 0.5481537418662962 3.189256353934391 0.5207243410282375 109.82803947613331 0.9009686452416917 0.0
1419718 151.204775797792 3.21961773684527 4.666958968943405 0.47558552377933044 5.599416663669237 0.45695450047942404 90.88667008645618 2.073277395673797 0.0
1420090 151.202723501431 3.22438300138682 2.712352996430274 0.46254490855613806 3.040627726154789 0.4460593209916094 90.99329555147396 2.042108176405544 0.0
1420382 151.286365731483 3.22747573331014 2.425473360817604 0.4761141124999828 3.4224410404007535 0.46003620964956565 94.8194770775199 2.404719498268176 0.0
1420414 151.680961580038 3.2272669057308 3.0332601712805514 0.6281127496934059 3.760910688413546 0.5879424083228115 113.62839459580334 0.08413121787371443 0.0
1420470 151.212786679923 3.228643585638 2.127469708206651 0.4800708235481933 2.5139733442119336 0.4616672547608948 91.60724928593866 2.426121023148895 0.0
1420654 151.664779098112 3.23017177775574 3.0990702939211845 0.6451186568674907 4.045424134959227 0.5975914317370236 112.91782407069832 0.12735171399104647 0.0
1421154 151.31293651823 3.23616540088274 1.3763240064581723 0.4652912922772835 2.422895094170491 0.44703275984700264 96.36060593699865 1.3979198228283043 0.0
1421606 151.225782424308 3.24163040268762 3.910222053135847 0.46884532430578496 4.520231488207507 0.45231547147396145 92.7081952326821 2.7583608435143097 0.0
1421614 151.413782163261 3.24125949038675 5.888364677278935 0.47634945515384697 6.89062343003671 0.4573228413881242 101.1895925384167 1.2960953877762407 0.0
1421749 151.546455108382 3.24295673678078 2.3009696029705187 0.5361183057746696 3.1674046278291943 0.5143584498371433 107.55296771048062 0.7093154342642429 0.0
1421837 151.548445510621 3.24415306845428 2.259394238311192 0.5342437521693869 2.9213329362411486 0.5134536806523963 107.69156604784212 0.6950918241507855 0.0
1422175 151.22601078182 3.24855301603404 2.9547365824673206 0.4592494186904878 3.5915013124952413 0.44086214026192316 93.00332733381745 2.792635311703336 0.0
1423467 151.27313549523 3.26274949449487 1.6286139084664721 0.4566568604335226 2.7608262143115674 0.4338217723795135 95.6476164606937 1.8935672977945115 0.0
1423485 151.363941964459 3.26273067354259 1.8255084650987714 0.4584501842757698 2.885522214084951 0.44224892320161624 99.71553395771294 1.4481224641183863 0.0
1423771 151.173900832796 3.26600672458703 2.538577842832386 0.4500843563897218 2.9472779530265427 0.4327773432477342 91.5037309889061 1.9430156038151518 0.0
1423940 151.434005779224 3.26697380423128 5.727705826750846 0.47996717472599637 6.992077642449158 0.4580931259449891 103.10203156852762 1.8253862847073579 0.0
1423953 151.287503914638 3.26602896561716 44.18434618098299 0.6002039238190869 79.67923205422255 0.5848231274406895 96.41493022018578 1.6474234274095465 0.0
1424034 151.268448121277 3.26878929275833 2.2537932906002602 0.4593946138474252 2.5794309097463994 0.4421304341775845 95.68776965486722 1.997430821406432 0.0
1424063 151.213934235576 3.26817463921308 7.303843564522132 0.4792200122310919 9.061562992018018 0.4624376037790303 93.29765241542124 3.4184998082610805 0.0
1424416 151.391601172091 3.27323507750342 1.678981643089356 0.48807575464048875 3.0184250544751885 0.4714904525281447 101.38615626066233 1.6557754446494104 0.0
1424587 151.480325762144 3.27494537854094 1.8851487693158304 0.47816431392688585 2.9501274174476304 0.4530390584446862 105.56547088672023 1.0403656963057466 0.0
1424870 151.21147635254 3.27864026320824 2.859867088841993 0.48339874648157655 4.324225299970975 0.46608330302275724 93.63230758373315 3.608460547341899 0.0
1424955 151.323767405103 3.27831609489966 5.67601488641854 0.4875608664351607 7.63803160285718 0.4703085551325319 98.52054228111709 1.4300543879408358 0.0
1425001 151.208048433105 3.28015672081476 3.3893536227504155 0.48488338439518236 4.014474989740704 0.46675757712150795 93.55029958684837 3.5432815552126726 0.0
1425172 151.433661665307 3.28161498943728 5.700254994685303 0.4922678829834641 6.682337738109704 0.47342168456769224 103.64265757669186 1.8963143713184079 0.0
1425258 151.371569183543 3.28169319745668 20.08895254573949 0.5426583377414069 24.801231655558794 0.5254326382732872 100.80379614664416 1.6747778479222581 0.0
1425363 151.259317283445 3.28465288176499 2.1661680466473516 0.49499866432706613 3.510784014557519 0.4776089505716045 95.9415633178367 2.255620280708491 0.0
1425395 151.173927252968 3.28509363893855 2.320305258345935 0.48602018444758743 3.527010389756502 0.46879482953361146 92.32202353099068 1.9905924706209885 0.0
1425402 151.345483666736 3.28495366617893 1.6463217878378518 0.513098358146672 2.873953441946103 0.49541948912071815 99.75679258620445 1.578776159172252 0.0
1425913 151.227891255689 3.29095938732988 2.9732014765825836 0.48436252182014505 3.8671531760902957 0.4635285647393969 94.8515035841799 3.1789721078973057 0.0
1426031 151.240765724486 3.29235940984427 2.3591888492694557 0.5285427129651991 3.044437847682194 0.5098393464211706 95.4614736090453 2.7145234874372366 0.0
1426041 151.196296158886 3.29246371642316 1.381767760756482 0.4815712553134659 2.403675874267202 0.462864134797535 93.5757571002792 2.812802278089424 0.0
1426095 151.494579838668 3.2927739283338 2.4896822194539037 0.5126804571523873 3.394942783257589 0.4831425362548077 106.89935532645814 0.8482141755964949 0.0
1426264 151.268367442286 3.295015522048 2.238520113417716 0.48748166799293313 3.588772022299973 0.4674596892803853 96.76291420805727 2.0478467642822524 0.0
1426273 151.406407393529 3.29483647473237 2.645738443176888 0.5221857763221885 4.336892768422657 0.5001751377733663 102.90094980292902 1.7124754934634896 0.0
1426475 151.342252016669 3.29724276281808 4.156868647169707 0.5051975781333505 4.9662694080572924 0.488373411811488 100.10305248792021 1.5618460230372078 0.0
1426922 151.418353185641 3.30284024164837 2.881658175309104 0.5105887223414806 3.621771220097181 0.49105334309101767 103.75712245401107 1.5859048786138024 0.0
1427121 151.216714820354 3.30535643280976 2.376258654149877 0.4683815011836657 3.090376448405293 0.4540670959962389 94.98606235618833 2.6613158591197044 0.0
1427514 151.123546251123 3.30886742825732 4.876193254510381 0.4582588547055533 5.72223840595749 0.4391457208021213 91.2939939078234 1.4932689749393697 0.0
1428049 151.452100662674 3.3138433953385 8.207482466933731 0.5235989658788395 11.347629462333988 0.5003263731228397 105.72792822896663 1.023327614927502 0.0
1428408 151.17393207093 3.31916096266233 1.6370778574653084 0.44482818892858633 2.7387024616446314 0.4277631772739045 93.79781920998235 1.4772981027392635 0.0
1428415 151.545904253803 3.31675006970775 63.13915608208686 0.8081412107218032 117.1067349634513 0.7872290306178505 110.20325692110339 0.49570920144220587 0.0
1428597 151.267703536877 3.32136937222833 2.568083516028141 0.46334967944499744 3.3268726024275583 0.4459392941058373 97.83188990520061 1.6660235426473302 0.0
1429118 151.173354357797 3.32811938122687 1.916586991402802 0.45170148572398017 3.119216144588692 0.4305961764447418 94.16571703321809 1.4317963221370131 0.0
1429387 151.533822881404 3.33107336361868 1.925404464426864 0.5629567163423957 3.544513282287519 0.5332665428137259 110.1702132212544 0.49798450479805134 0.0
1429793 151.642283083701 3.33521871837939 5.019633394623068 0.6854411929440523 7.753031798751435 0.6196968589856163 115.46045650190118 0.24996380393131562 0.0
1430079 151.258943188316 3.3400212797728 1.8272549050931455 0.4628374719619638 3.1428116401499113 0.4444909414440119 98.24491501832657 1.5325733138526645 0.0
1430397 151.23347283306 3.34201732971922 11.065895769949664 0.4593282594951937 12.771586295880484 0.44019969941069553 97.25743440667028 1.779181692641116 0.0
1430740 151.102661477263 3.34914126861221 3.127806806027932 0.4663007887192395 4.412255636965552 0.4478679937383274 92.27725143767542 1.0991212826275045 0.0
1431753 151.152354339362 3.36319749232902 1.5687599611812904 0.4618641616069597 2.6802830538918703 0.4409581599287902 94.87170156513197 1.3057698109763187 0.0
1432242 151.605803845402 3.36917723101946 2.2008241753603937 0.6176806353579399 3.047572783444308 0.5718525528861093 114.96802043772591 0.18243745849151663 0.0
1432407 151.694393138251 3.36954346366411 45.24442374662701 1.0721574840133448 69.60577721717513 0.8612105862202976 119.19370308910304 0.012006850434195814 0.0
1433263 151.339790322954 3.38306792481265 1.8709776035971768 0.5406949209386733 3.4380752006984014 0.5212749784100652 103.50823759759709 1.2593536742296312 0.0
1433649 151.185127023383 3.3886585753102 4.0681534736367615 0.46384005921973614 4.52281988448285 0.44398226834931515 97.3191004791651 2.6076215500569115 0.0
1433900 151.545967436942 3.39096691364105 12.371990603451886 0.6080239916872026 16.425676555282998 0.5750335416216573 113.00945024623108 0.02684202480750687 0.0
1434635 151.317334067549 3.40190005990863 2.997905834919878 0.4863301902729821 3.8163891888285617 0.4677698584967866 103.34330130551669 1.1455414765968366 0.0
1434922 151.362513092774 3.40564802036425 3.1304444691314846 0.4795843804060811 4.297639538156272 0.45892259515697575 105.42841614587682 1.6699103832348594 0.0
1434951 151.228526949066 3.40638503228249 2.840949888408756 0.44720853294360496 3.2448495954109937 0.4276131390623129 99.85544133840185 3.157841099291113 0.0
1434966 151.181799662047 3.40511784336664 25.728344037555207 0.5008163184942275 30.053796588030007 0.4857164563705344 97.92358717410409 2.5421338498362367 0.0
1435688 151.718600883144 3.43258217700278 3.818856950440438 1.0766203707518585 6.49564565094309 0.8373467475985132 122.63469227879308 1.8166754527927433e-07 0.0
1435731 151.338783635066 3.43263414473354 5.627064102609969 0.5268092242138652 6.669704526218946 0.5055320443227332 105.55681833999962 1.3598659055072781 0.0
1437268 151.224679397914 3.41357758569773 3.9040667753331597 0.44090750165002024 4.974802698965739 0.4224854475822841 100.01770161466453 3.4703978718599617 0.0
1437496 151.182644470491 3.41079474126673 2.478461869691154 0.4523491674967403 2.7801656084406754 0.4330132438717041 98.21245093312778 2.5219689831216647 0.0
1437601 151.368659559852 3.40870422850524 9.928533837375047 0.5065945950060433 11.403526592657489 0.48469841031591765 105.82045352760912 1.6012266415031036 0.0
1464762 151.141833821075 3.71632381403573 2.1327472721407186 0.6320403471267135 3.2439408756712367 0.5239570461202762 111.23163926555294 0.1750750796284225 0.0
1464771 151.258285223882 3.7127166731824 3.1476965152325147 0.7677421949554959 5.19717548069709 0.5741943663840758 115.11967410046354 0.15576271517467385 0.0
1465204 151.102394228193 3.70262300641648 4.09318026724937 0.5485043454357377 4.7314651782120185 0.5003262810353103 109.23544564346672 0.2597144481708372 0.0
1465596 151.372210357635 3.69736749201843 3.5067694587149267 0.9298111319830937 5.99232845904159 0.6429084416369205 118.65255044317041 0.0009117822835979741 0.0
1465711 151.138522510605 3.69407683846864 2.7880661659348673 0.6053708140034644 4.522635525249065 0.548694334958071 110.01743949247472 0.5496566025266186 0.0
1465772 151.194024462845 3.69235588461786 4.739177656136238 0.6001298322557536 5.460098269283319 0.549979747945441 111.84843205013027 0.6638782613082161 0.0
1465844 151.439545004186 3.6906710279244 6.588137076210141 1.1576976203231029 8.108299961783144 0.9333810563827571 120.98332622349075 1.003447268160924e-08 0.0
1466024 151.289837111498 3.69239061795219 3.4321449479824664 0.6689514501752694 5.288672452734548 0.5774465479885746 115.30870369240291 0.10035112020045502 0.0
1466030 151.140153175517 3.69035303397751 3.89313290987426 0.5956875207820285 4.342786646564494 0.5486624266291465 109.8887095395428 0.6889580979638437 0.0
1467098 151.160722840482 3.66931712521841 3.8647099097612294 0.5402356795146711 4.59349043296704 0.4972985719923873 109.56229692280337 1.871033822959342 0.0
1467461 151.262843364604 3.66247100220673 3.5951647385883714 0.5745469653467017 5.40689810643228 0.5310474175311299 112.89847022903506 0.6106780429697601 0.0
1467859 151.187495195149 3.6545332281012 2.3096238416400316 0.5420841595123513 3.7374807662301213 0.512082543383942 109.78578064335464 1.6993885697536737 0.0
1467903 151.167156822341 3.65702619455612 1.7838586568807075 0.5458038224620713 3.3225312279432564 0.5134804320796763 109.18800402381713 2.581677389786127 0.0
1467929 151.168322664609 3.65379039606444 2.2101380922552525 0.5226308468914147 3.3706231113654566 0.48165093008044035 109.07173584213677 2.7075191324033328 0.0
1468098 151.144117161789 3.65060122046783 3.9492837413411563 0.5560550449087092 4.812602395283638 0.5297276190602956 108.07083411312034 3.0630931538542097 0.0
1468443 151.23362202254 3.64632737627399 2.610178447736888 0.562199557308026 3.0731982565028115 0.5243183054979682 111.05875718623678 0.7541970761322135 0.0
1468450 151.123255177123 3.64441046967007 2.9443781167268934 0.5013733282703486 4.079394303666041 0.4721606931931093 107.04740469823533 2.7270468909015526 0.0
1468455 151.158495475958 3.64505948283182 4.930800054372445 0.5210982194415017 7.606380198139733 0.4898902775951597 108.30228367571249 3.2943120633469913 0.0
1469159 151.238450980561 3.63243492228014 3.2165489335807225 0.560971858483449 3.9315014552460514 0.524937317870348 110.57903370410601 0.7609890404691989 0.0
1469549 151.41587577164 3.62523047166473 4.566962870470895 0.7692308558149228 5.244623303938924 0.6739683681532677 117.11637769288522 0.021183236581138278 0.0
1469571 151.556044482255 3.62451798560154 6.20788372471159 1.2065657707242488 10.951233166938055 0.9273249752666998 122.89799262314489 0.0 0.0
1469627 151.387711583071 3.62394109345247 9.32431799712575 0.7201249277997464 11.085420352100323 0.6449328017949132 115.929165523591 0.08800568949021255 0.0
1469725 151.098853472458 3.62379320739111 5.41241838546749 0.5219372772456955 6.223959905150182 0.5011506485981703 105.19737386210925 2.5512056506311223 0.0
1469775 151.12823048248 3.62305759336303 2.712533395900296 0.502803954920647 4.420592781436455 0.47478854897478406 106.17284507915096 2.9492341563201774 0.0
1470271 151.169725699629 3.61657657277962 2.9258047987545583 0.5437467949525221 4.966284510412108 0.5195791128868172 107.32278835948307 2.310065711109155 0.0
1470446 151.350015634764 3.61098217605066 3.054141847351436 0.5900697621832576 3.552683932505333 0.5386009615884222 113.85174379619542 0.4937245102259524 0.0
1470799 151.35237550354 3.60472063037663 2.178903659870762 0.5956844835711276 3.5586369308410215 0.5417563223645486 113.66253849620063 0.5475664382307768 0.0
1470881 151.335708305997 3.60631874951716 1.9470283659844159 0.598773411300091 3.282048352897284 0.5447304548828881 113.07803910630656 0.6259344252792903 0.0
1470914 151.317556196917 3.60401013554272 5.217597778127746 0.5593937865217777 5.849275546989875 0.5243153586970286 112.26352909896904 0.6826458748141996 0.0
1471666 151.256855334637 3.59204320869932 2.140503196961293 0.5461550764627551 2.623882020607694 0.5208403621064823 109.37836755269724 0.7214468534194058 0.0
1471858 151.16181494107 3.60086009380582 4.1181315675054035 0.515133165246828 5.570178504746282 0.49124948952856146 106.28379386575938 2.092358736958296 0.0
1471936 151.102715034295 3.58763643198972 2.9085161018168404 0.4626310768590721 3.548314287149517 0.44237596715712585 103.55537628848879 2.6928775899873822 0.0
1472531 151.410269836724 3.57921701337484 2.7581148811845244 0.6378056555895238 4.368187057701234 0.5741362775705535 114.86131714098832 0.45392657123667546 0.0
1472688 151.138951751266 3.57655856717691 3.3620942406584198 0.49171486124594543 4.1955678788594435 0.4711844640855764 104.29636376500312 2.775012087663699 0.0
1472774 151.41409251616 3.57835123628306 2.766416166771494 0.6195166627880107 3.6585873538989677 0.5625916323643985 114.98018294338564 0.40106908826537085 0.0
1472967 151.342426301387 3.57567295648004 2.995285392184317 0.5418027448904297 3.3757557019020474 0.5114041161376169 111.96282928798067 0.8496879355781521 0.0
1473189 151.226980622722 3.56669979288141 3.1682744497965474 0.5383700076814883 4.206314769798723 0.5087350972303167 107.06893264981886 0.7495478186535917 0.0
1473856 151.14364608336 3.5575008794547 5.545996319535489 0.5230507075670727 9.056861923644025 0.5031393892998051 103.55120303381527 2.5839440372465248 0.0
1473857 151.126115759383 3.56275615641524 2.8996648326695023 0.47755196737615535 3.457664059944555 0.45731934206200836 103.17312323697698 3.345801807798146 0.0
1473884 151.152196770617 3.55802352617365 2.106590546125318 0.4997923288486931 2.921113675833735 0.4799722112551598 103.88636754322332 2.1359743142578105 0.0
1473889 151.129595869125 3.5587568835342 2.5975075075853495 0.4788772479904405 3.176091520736619 0.45737720986546027 103.10525704158042 3.2474713097342693 0.0
1474896 151.380481557576 3.54460548792255 4.917789559873885 0.5986581724164328 5.8579907107688145 0.5715222809620478 112.12632265092364 1.1683886535537555 0.0
1474939 151.104721589339 3.55189327790268 3.1366493084424754 0.48371431471818194 3.491087320814481 0.4644343929307315 101.88790731487909 3.1150998156319503 0.0
1475009 151.376944072069 3.54046606374743 2.8374070325178216 0.5962143285775131 3.753945648130155 0.5692743322827613 111.80026091997557 1.2036060431870335 0.0
1475017 151.409670176824 3.49167215090159 1.8109693176127817 0.5296427166688995 3.3074264788519177 0.5022343162262112 111.06235164524482 1.268712119491626 0.0
1475314 151.233735535443 3.5363599683555 7.024973425950891 0.49011712544528546 8.007622139330758 0.46978397852151405 105.92233729204008 0.8239518045591693 0.0
1475591 151.393766539724 3.536345683727 3.6611378285297183 0.6350448500811624 4.04549172720578 0.6111612658889355 112.31370844103013 1.0849390642552985 0.0
1475598 151.103386002195 3.53985512243272 6.090012239651789 0.4906962704024996 10.189185839574707 0.4718339021776579 101.25876691566565 2.9212758964376713 0.0
1476463 151.430708967664 3.51938776813994 2.178784038170119 0.6274818546558916 3.726663520418407 0.589157595360289 113.12952170429959 0.6274290308600721 0.0
1476719 151.136979737985 3.51565046617073 2.727356725501901 0.4827203768162382 4.311437933556063 0.4615890724484654 101.31642111177753 1.7396253210482033 0.0
1477111 151.35386671198 3.50917628550198 1.7501058147431903 0.5167319797347575 2.6720154355056365 0.49568052964020415 109.4861186653481 1.2160377446393549 0.0
1477166 151.335269468013 3.50831669503372 4.772939007161469 0.5505139293235785 5.9451644495652545 0.5298761562451586 108.68658292205644 1.071897910589201 0.0
1477962 151.119517783744 3.49752213027784 3.116783652500561 0.47464955612261983 4.097295843111672 0.4581330274714622 99.81598277098955 1.535664044690073 0.0
1477979 151.302762082781 3.49667307202382 2.454802133869451 0.5322042240172793 3.637460817087506 0.5134172139907685 106.85281453629811 1.1089841155525952 0.0
1477988 151.140280940736 3.5029086518669 4.071925728772093 0.48725540279822 6.20675288985101 0.4702670420742949 100.83609039371042 1.4352666530420857 0.0
1478550 151.384437493421 3.49172477181606 11.148576742363531 0.5407538974452689 16.96302202312234 0.520692027514184 110.00130345815256 1.8220138947667701 0.0
1479330 151.174557368439 3.43899771520228 2.304152461082913 0.4883705740837147 2.8591286389440285 0.46858545932685114 99.1731905842936 1.593491863652064 0.0
1479512 151.404901698233 3.47504354756937 4.835335491132371 0.5487091762707297 6.073762842570465 0.5261497422819448 110.1560547500915 1.4985814714602568 0.0
1479524 150.915919692449 3.47774023675032 2.30441231367327 0.41521648983616777 2.7660658105572784 0.39798241100168363 91.84431289967262 2.333587118191909 0.0
1479529 151.38949580385 3.47753357697416 5.8982951201828815 0.5308078918445769 7.1244244583371 0.5104260360707439 109.60846664074055 1.9443987493616053 0.0
1479628 151.328080463929 3.47761752162959 3.895714123322312 0.4850936566455922 4.813785351685838 0.465459428428827 107.0493114741686 1.226178559206267 0.0
1480261 151.482710940951 3.50459500718093 3.1014071531100718 0.5775098878355598 4.531513407692389 0.537558254493442 114.7319269448214 0.011969230759788233 0.0
1480338 151.094650542704 3.4648345708533 1.971034664014125 0.4898748549691845 3.5396994987775834 0.47309857705341535 97.35348571423278 1.2339149169986823 0.0
1480789 150.899058232897 3.4642046950958 3.0856394658948467 0.4407815270392779 3.9094717239465955 0.42188747721036385 90.62005948261866 2.609622115374817 0.0
1480929 151.376736215817 3.4572716962222 3.9528644728329176 0.5505670816244156 4.9572871904432 0.5298007641848689 108.20817846332773 1.6769874397890845 0.0
1481266 151.365527729653 3.45250522270888 1.5788467687100955 0.5344242930630917 2.683482911362185 0.5129975619107071 107.53148523807609 1.506062676793655 0.0
1481596 151.17611826395 3.4504811574897 3.333370114324371 0.4992845107498941 4.9886038569914115 0.4777638786310053 99.75841892109284 1.3946101589520457 0.0
