Galaxy_name RA DEC Dec Lya_flux Lya_flux_e NB_flux NB_flux_e dist Density Protocluster
2400 15.41006162991601 -0.9114985591763836 -0.9114985591763836 4.525274169868472 0.6406167041181714 5.15104499821353 0.605883138460791 0.0 0.0 0.0
3547 15.43707307751873 -0.8911979458640987 -0.8911979458640987 7.024381603701701 0.6758878206287765 9.27104325794243 0.5805011271410054 0.0 0.0 0.0
4336 14.836187553978696 -0.8772352465482687 -0.8772352465482687 9.442589928176938 0.7464774193501489 15.410790696735045 0.6536845461383141 0.0 0.0 0.0
4474 14.90942761909501 -0.8745297177677306 -0.8745297177677306 2.8391420270633927 0.6831625728085658 5.189420395368484 0.6533173223860209 0.0 0.0 0.0
4581 15.396726298017738 -0.8742686851580888 -0.8742686851580888 5.21214951122614 0.6799669792199869 7.79597909574768 0.5980498128896993 0.0 0.0 0.0
5269 14.857683603820108 -0.8611537688382821 -0.8611537688382821 2.2468056080117895 0.6813480628350158 4.356583192224374 0.6254525205477076 0.0 3.2224887106788684 0.0
5498 15.49032156751544 -0.8608193595567734 -0.8608193595567734 4.032569649384574 0.6109812344263214 7.36363106945922 0.5510916421095788 0.0 1.84385978758562 0.0
5713 14.854805697592177 -0.8560412011024743 -0.8560412011024743 7.097390630044694 0.6970113710704696 8.94098352795802 0.641092492601015 0.0 1.3290228287319508 0.0
6525 15.428032737104925 -0.8437204159792513 -0.8437204159792513 2.966802368656925 0.6056444256568442 5.9562129474550245 0.5615195348259044 0.0 2.081611118951302 0.0
6630 15.512412567863144 -0.8424473633203574 -0.8424473633203574 2.6798741113359985 0.5825001324482084 3.7086363240755165 0.5275615999172851 0.0 1.1747234457515336 0.0
7538 15.530423629824448 -0.8298333697733056 -0.8298333697733056 4.426116211408565 0.6022576152505228 5.8224626402891895 0.5227390198266872 0.0 1.1747234457515336 0.0
7707 15.62134179790702 -0.828000582840842 -0.828000582840842 2.858301527183032 0.6154095447063931 5.2025098877284455 0.5658627025052426 0.0 0.0 0.0
7785 15.50484881379686 -0.8274333556100606 -0.8274333556100606 21.66429831128843 0.6444595531924108 25.27967795745299 0.5291361425732866 0.0 1.1747234457515336 0.0
7786 15.431053880152302 -0.8272839762196624 -0.8272839762196624 4.778714234809922 0.630852379100665 8.680161956571283 0.5673649721275266 0.0 2.081611118951302 1.0
7963 15.55759236430814 -0.8238958601232089 -0.8238958601232089 2.2179073391317403 0.5773919936695093 4.578990867191803 0.5179993612285425 0.0 1.7040100856045766 0.0
8044 15.436694524182837 -0.8230667866266831 -0.8230667866266831 4.880811708673265 0.6245655633371678 7.087489237301415 0.5652076613428861 0.0 9.865480231614317 1.0
8289 15.449132605667238 -0.8190932370318712 -0.8190932370318712 5.921543265444178 0.655401251748411 7.952949738481898 0.5552848557980613 0.0 5.635055910186592 1.0
8731 14.974500954964762 -0.811928245778825 -0.811928245778825 3.3967553286703485 0.7097996447420528 5.260220156233973 0.6454451498983559 0.0 0.4722897644447712 0.0
8809 15.470920313922296 -0.8122999793078576 -0.8122999793078576 3.9307253178413597 0.6216887082787297 5.217573787177349 0.5488721659576148 0.0 5.68426043960064 1.0
9121 15.359122861513978 -0.8071611602384108 -0.8071611602384108 3.2146276699826686 0.7048703090426172 6.0648491157745195 0.6513015833109338 0.0 0.9154560061223971 0.0
9146 14.93636728975391 -0.8059413411367827 -0.8059413411367827 4.858611603610243 0.6794228850148771 6.383408124043969 0.6225767027565644 0.0 0.4722897644447712 0.0
9227 14.868158483103866 -0.8048904767669527 -0.8048904767669527 3.8879456177203955 0.6692866525276482 5.076989796208761 0.5970585662786708 0.0 1.4617482468833574 0.0
9548 15.604414052592109 -0.802093877939312 -0.802093877939312 2.4114867907034294 0.6586236758465173 4.68386170444948 0.5881719961173327 0.0 1.7040100856045766 0.0
9554 15.474202626616403 -0.801623630075463 -0.801623630075463 3.1412738241415545 0.666852605451523 5.402597903897228 0.5659537873868598 0.0 5.68426043960064 1.0
9981 14.989735715198648 -0.7946971953601253 -0.7946971953601253 3.3084068563041495 0.7028647051500903 6.267283784427714 0.6531274270178996 0.0 0.4722897644447712 0.0
10091 15.602872112509958 -0.794035757051095 -0.794035757051095 2.7689708729155385 0.6848072218967391 5.727063265862833 0.5961950239164236 0.0 2.2025541231572827 0.0
10442 15.606544036747607 -0.7894405668868523 -0.7894405668868523 3.2040787427897808 0.6585718680819093 6.485065882229162 0.6011725538890376 0.0 2.2025541231572827 0.0
10659 14.87616211493796 -0.7866698339695638 -0.7866698339695638 11.327097758331641 0.719022842352207 21.657931125260767 0.6511480240377975 0.0 1.4617482468833571 0.0
10663 15.50269557873654 -0.7864097684237047 -0.7864097684237047 5.032650232081082 0.6376268162155493 6.1191760843798875 0.5815336671101546 0.0 2.1309261731607663 1.0
10681 15.418670778232045 -0.7863070033373227 -0.7863070033373227 5.96349291370008 0.6948129769092586 8.657652762932743 0.6338662321859316 0.0 1.6005213651835193 0.0
10701 15.48754798768526 -0.786872915269258 -0.786872915269258 7.87653925706726 0.6862055689885295 11.032908526877673 0.5897235808508118 0.0 5.059425208505367 1.0
10770 15.581510187848778 -0.7851415657977433 -0.7851415657977433 2.703854968325462 0.6329243489941552 5.077460285546377 0.5764675115734793 0.0 2.2025541231572827 0.0
10839 15.473241696944337 -0.784075450000094 -0.784075450000094 4.206916078830116 0.6584501628523618 6.031400079335812 0.5918876000356958 0.0 5.059425208505367 1.0
11447 15.50671630114345 -0.7768630065150139 -0.7768630065150139 8.422183407782944 0.670609887877714 16.064644691140547 0.6113577596038478 0.0 2.1309261731607663 0.0
11495 15.547217671298636 -0.775184394435521 -0.775184394435521 4.31738952475181 0.6414765568739201 5.779448146159703 0.574270761575891 0.0 2.1309261731607663 0.0
11603 15.690010827090608 -0.7747829734205391 -0.7747829734205391 9.027721340465371 0.7512194578641797 12.223200583695403 0.6553454610569515 0.0 0.0 0.0
11670 15.669349708494297 -0.7732997762539159 -0.7732997762539159 6.434475659947532 0.7081268184089368 7.484886627081306 0.6403428127787933 0.0 2.797013442430221 0.0
11814 15.04430858352486 -0.7700573913181521 -0.7700573913181521 3.6080712239415003 0.6753599174523549 7.436793964099545 0.6431433187982969 0.0 0.0 0.0
11866 15.56654411905853 -0.770453351115863 -0.770453351115863 3.397358312131775 0.620539463804901 5.842601360828249 0.5731757600912308 0.0 1.409821609306207 0.0
11872 15.441599763948256 -0.7701504353416392 -0.7701504353416392 4.123648092997658 0.6694000241686606 5.745860692633437 0.6167900186801075 0.0 2.0611384768790137 0.0
12127 15.469962278428758 -0.7672908572727832 -0.7672908572727832 4.324924178437972 0.6567167264691111 5.969850442721633 0.5902209939214582 0.0 2.0611384768790137 0.0
12130 14.885888245772694 -0.7659414164636769 -0.7659414164636769 6.292496682256524 0.7341465653019871 8.555629197356152 0.6470742095728429 0.0 1.8460414227770467 0.0
12365 15.389244070975174 -0.7636439755173374 -0.7636439755173374 4.882896978192335 0.7245154291598457 8.361782697375537 0.648836651815703 0.0 0.915456006122397 0.0
12411 15.663431367332288 -0.7633306749738022 -0.7633306749738022 4.087790135699151 0.6270640755142173 4.774440945226786 0.5879366226884437 0.0 3.0941454802241326 0.0
12724 15.482433093607742 -0.7600627874631061 -0.7600627874631061 6.772662211232689 0.6642872731286964 8.05335981147785 0.5903449898798938 0.0 2.785498100170785 1.0
12751 14.854479858671052 -0.758195379483317 -0.758195379483317 4.155855624731032 0.7394266603974683 7.877558135591768 0.611499241181344 0.0 0.7939570425166915 0.0
12856 15.648557787307682 -0.7580040576523084 -0.7580040576523084 2.4716716992143284 0.66014948697943 4.6525862669457165 0.5953127727143419 0.0 1.3105456796961632 0.0
12872 15.310744125962543 -0.7572900074865165 -0.7572900074865165 5.749084677684819 0.707383120388008 6.260623797974836 0.6339762705515382 0.0 0.6316363391008715 0.0
12922 15.498677598616002 -0.7593695672097652 -0.7593695672097652 4.72537318214821 0.6250765434682233 7.271622591777827 0.5822363752546637 0.0 4.733403704346076 1.0
13085 15.093433369563687 -0.7545573080544004 -0.7545573080544004 3.016874717890967 0.6861545101309409 5.019724265024561 0.6446846799813089 0.0 0.5100775299966195 0.0
13318 15.590823569357545 -0.7527001056583249 -0.7527001056583249 2.939326254876482 0.669519577269971 4.785985574129521 0.5816662899940473 0.0 1.4098216093062073 0.0
13447 15.070071710690648 -0.7504592594916615 -0.7504592594916615 5.412602175945586 0.7122219445520703 6.578398914868423 0.644280514961648 0.0 0.5100775299966195 0.0
13824 15.663208817928195 -0.7467350958439564 -0.7467350958439564 3.1633227777449617 0.6647655569138177 3.9369298798861516 0.5952458045959802 0.0 3.0941454802241326 0.0
13872 15.641972979103262 -0.7465608280358551 -0.7465608280358551 3.968372319215555 0.6290951656884037 7.885340266154476 0.5920700144430849 0.0 1.3105456796961636 0.0
13879 15.348767246387318 -0.7457235520686752 -0.7457235520686752 3.9142612812667776 0.7082328981825851 5.446441999231492 0.6181486950595594 0.0 0.6316363391008715 0.0
14009 14.746699208093588 -0.7431377175105119 -0.7431377175105119 2.239051675906919 0.6503038512059736 4.568645380927605 0.6081454015878207 0.0 0.0 0.0
14126 15.583292862678082 -0.7437671875829798 -0.7437671875829798 2.7853633188848357 0.5944877072167958 5.245069601250253 0.5609983783962389 0.0 1.409821609306207 0.0
14234 14.907689641673503 -0.7410046844942596 -0.7410046844942596 2.812822822614771 0.6770366680727946 4.712517646856242 0.5983563391395972 0.0 2.8795830862369862 0.0
14474 15.37436576858995 -0.7391556318139041 -0.7391556318139041 3.5883253504109414 0.7263749339425688 5.558684222392054 0.634597589448563 0.0 0.9531471969848146 0.0
14505 15.661865991906236 -0.7400441622270705 -0.7400441622270705 2.69690321152802 0.6323618804434955 4.612176331743784 0.588466457547599 0.0 1.3105456796961636 0.0
14852 15.528024610510396 -0.7359500725547719 -0.7359500725547719 4.865477799333562 0.6622052941429923 6.848215150504873 0.5703198614846877 0.0 1.5699397893773366 0.0
14855 15.549582306774443 -0.7353278940643034 -0.7353278940643034 2.4183511837856084 0.6130383474775165 3.945428817822287 0.5586656963806645 0.0 2.2175411844342343 0.0
14906 14.880094517326077 -0.7337474695480387 -0.7337474695480387 2.7024230274596652 0.7403698847662342 4.765216701751847 0.6035661909271698 0.0 2.8795830862369862 0.0
15173 14.674917696523975 -0.7304557219727855 -0.7304557219727855 2.7783720327423884 0.6866938589207583 4.60866015143957 0.5991243672734253 0.0 0.8064601989984682 0.0
15191 15.338921128485934 -0.7318218755605268 -0.7318218755605268 10.045187560019432 0.706211027773366 10.803456259094078 0.6332164315588902 0.0 0.6316363391008715 0.0
15608 14.61611084559764 -0.7258005557799703 -0.7258005557799703 3.6550247464826806 0.7290454587221735 4.676974585212926 0.6511287486536046 0.0 0.0 0.0
15741 15.73229004457968 -0.7263561681295243 -0.7263561681295243 5.738598443775588 0.6751463677093603 7.009917211192024 0.5950593599980418 0.0 0.43744584217570204 0.0
15760 15.557737795055427 -0.725784143559769 -0.725784143559769 2.764993860279818 0.6372337285260931 5.615841337587675 0.6048296878544145 0.0 2.2175411844342348 0.0
15919 14.766989855344896 -0.7228252510201926 -0.7228252510201926 4.098483480199392 0.677629493483918 6.132596747669337 0.6144336576855548 0.0 0.0 0.0
16389 15.552514199598484 -0.7191899764702188 -0.7191899764702188 3.03754766400796 0.6527189580245085 5.207120528724978 0.5683732408213226 0.0 2.2175411844342343 0.0
16625 15.38739583374702 -0.7161588508008053 -0.7161588508008053 5.074838472767909 0.7403265509375975 7.34828763187349 0.6366810048224598 0.0 0.9531471969848146 0.0
16816 15.072539993937191 -0.7141907346683358 -0.7141907346683358 4.589053338796976 0.6280451824597827 6.269053591747233 0.5862885193979104 0.0 1.0989305203172015 0.0
16984 15.552390739540735 -0.7122209654233816 -0.7122209654233816 4.217838410259207 0.6062300376752442 5.105385514490914 0.5568140877814008 0.0 2.2175411844342343 0.0
17122 14.89699068659709 -0.7105543178683281 -0.7105543178683281 5.23989833885909 0.6725570790227777 8.2107758353338 0.599137217529554 0.0 2.8795830862369867 0.0
17186 14.630830383174704 -0.7086525177330735 -0.7086525177330735 2.86383846820551 0.7055441601138014 5.900611254043309 0.6388509984751229 0.0 0.0 0.0
17659 15.753417350312064 -0.7052226937722187 -0.7052226937722187 3.500463076112295 0.7494608110531151 5.344292377535162 0.6188891556599493 0.0 0.3310121054211816 0.0
17874 14.905620815967303 -0.7024176076094972 -0.7024176076094972 3.7748984509106545 0.6749615381546162 5.986722519994328 0.5850941022543633 0.0 1.4245668668356497 0.0
18171 15.348151370634088 -0.6998535098886767 -0.6998535098886767 5.761843295263481 0.6746493286785865 8.065294583427375 0.6105344676430615 0.0 0.9035428705563505 0.0
18403 15.242709055884706 -0.6968633756952632 -0.6968633756952632 5.166019795686071 0.7409001943011501 6.468332222044026 0.6475772752110649 0.0 0.7586474472014879 0.0
18509 15.771915284928248 -0.697036725178664 -0.697036725178664 3.9916517556613247 0.6787215183928184 5.116692967323619 0.6321301085037196 0.0 0.33101210542118154 0.0
18675 15.611151012180027 -0.6949620487521156 -0.6949620487521156 2.7520407248461107 0.6200976543065407 5.3480499829920936 0.5701803370604294 0.0 1.131115592802965 0.0
19016 15.015158416214287 -0.6913035595830865 -0.6913035595830865 6.268006463260856 0.6466113288647626 7.296381867839693 0.5703532618498157 0.0 0.879795130872419 0.0
19188 14.637232915037837 -0.6884576363092012 -0.6884576363092012 2.510611323046192 0.6603666750071078 4.772742213472227 0.5887916282572908 0.0 0.05156616959406755 0.0
19326 14.59363474839671 -0.6876655865622942 -0.6876655865622942 4.714916318413558 0.718563960266049 8.366949066883604 0.6416714880592675 0.0 0.4046228296223471 0.0
19675 14.701769184084844 -0.6857488131054665 -0.6857488131054665 5.701834144263761 0.6607269085341198 7.5563412617210455 0.5782850888832161 0.0 0.8064601989984682 0.0
19876 15.575968766044992 -0.6830214367317387 -0.6830214367317387 2.614732647869754 0.6539717801513014 5.110684635642956 0.5801133146516887 0.0 2.9228970701106345 0.0
19910 15.79090773811959 -0.6830328791339405 -0.6830328791339405 3.6043467098255006 0.679801644095237 4.716911455875614 0.6333709694086455 0.0 0.0 0.0
19988 15.232760543451302 -0.6829364158333429 -0.6829364158333429 2.849661468197628 0.7176921555211335 5.6982658161265585 0.6525053999404268 0.0 0.7586474472014878 0.0
20212 15.546710127660084 -0.679356112351465 -0.679356112351465 2.9401716291912368 0.6637608759793374 4.074831154557746 0.5823866125176985 0.0 2.3158420432763807 0.0
20545 15.605313125611875 -0.676685918103258 -0.676685918103258 7.154380408638463 0.6528461027492887 8.066880907630829 0.5838728901378665 0.0 1.1311155928029648 0.0
21321 14.57976448503025 -0.667296608054815 -0.667296608054815 7.022315133154522 0.7440051625691508 11.080648387236264 0.6431621435222047 0.0 0.3551289639268539 0.0
21503 14.660932312878243 -0.6653188070051034 -0.6653188070051034 2.752009822426563 0.6021538451613264 4.555525243668258 0.5671853904419294 0.0 0.7546284950589804 0.0
21510 14.943975727374408 -0.6657723649440639 -0.6657723649440639 2.8494259660086576 0.6212805935671233 5.5764510534707386 0.5951430025469512 0.0 0.8630520600614967 0.0
21552 15.648964251668872 -0.6664269830761582 -0.6664269830761582 2.2088986400331474 0.6500003301745995 4.213039779543758 0.5606042695389392 0.0 1.4992879366328813 0.0
21798 15.477931195148 -0.6640559473996487 -0.6640559473996487 3.1757286055764613 0.6298079848035324 5.622050148715155 0.5693113738987533 0.0 0.6108082520710132 0.0
21827 15.688355788865929 -0.6642389563702035 -0.6642389563702035 3.192059117946581 0.6222913613763131 5.688160338654182 0.5579017241894021 0.0 1.4992879366328813 0.0
21933 14.936753555291592 -0.6622815346007862 -0.6622815346007862 3.2341164096305737 0.6072106049256558 6.566827761388909 0.5732418783930548 0.0 0.8630520600614967 0.0
22092 15.467180188607667 -0.6635071007834746 -0.6635071007834746 31.395743198265063 0.7103031144249536 42.610321384220704 0.6405851392520807 0.0 0.6108082520710133 0.0
22282 15.582020175199482 -0.6603352932455067 -0.6603352932455067 4.758637447870038 0.6427306505098285 8.221870705272034 0.5701162145398677 0.0 2.1094824119575475 0.0
22312 15.300408778157092 -0.6588784550622743 -0.6588784550622743 3.898089658837167 0.6457582764363177 4.833814665224556 0.6131818264216895 0.0 0.8959380960671787 0.0
22665 15.68818375333883 -0.6562336423925393 -0.6562336423925393 6.49625629214783 0.6429495698727254 8.19676248938944 0.5783002825728271 0.0 1.7087567536826025 0.0
22692 15.011384076241836 -0.6572455221063869 -0.6572455221063869 11.529927076634479 0.6161503087573751 21.73745721436623 0.5764062475267258 0.0 1.8131704574130303 0.0
22776 15.063259712069744 -0.6557732678727476 -0.6557732678727476 12.438599847429556 0.6820717638198033 19.429758517395573 0.5993453453252083 0.0 2.4719575677074697 0.0
22795 15.54581901707345 -0.6550554277071992 -0.6550554277071992 7.059313054958133 0.679103952401483 9.99742973762948 0.5741338638572941 0.0 2.31584204327638 0.0
22855 15.675345136564095 -0.6544119176813082 -0.6544119176813082 4.603855469000292 0.6617316269796915 5.928142734658774 0.5658255680977526 0.0 1.7087567536826027 0.0
22976 14.73746630056048 -0.6531522506783428 -0.6531522506783428 11.189158756956186 0.6447334650280769 16.410400275053615 0.5752866528665087 0.0 1.0179761163597174 0.0
23399 14.90877368287186 -0.648269613711966 -0.648269613711966 3.5673111900781085 0.6401496334303383 5.125372684414109 0.5649649485893544 0.0 0.8630520600614968 0.0
23448 15.545823602539508 -0.6487419049003782 -0.6487419049003782 6.083831828302329 0.6664171813912293 7.6633674139821 0.5697990269552258 0.0 4.5155221188051184 0.0
23462 15.708699945468885 -0.6494157184295941 -0.6494157184295941 8.081717545535973 0.6340823207953312 9.929749576017343 0.566134090128913 0.0 4.887411182359031 0.0
23719 15.701629524176935 -0.6467726913076857 -0.6467726913076857 4.344977659803114 0.6790742032419496 6.268346441379914 0.5635005730590409 0.0 4.887411182359031 0.0
23830 15.54047754471131 -0.646026848794129 -0.646026848794129 3.359632895867977 0.7107290799837835 5.382705758914143 0.5964301140731336 0.0 4.5155221188051184 0.0
23969 15.086828754993345 -0.6448566843969165 -0.6448566843969165 12.152331421146016 0.6680479263974706 21.168959565554214 0.5946760541115756 0.0 1.5026810350332889 0.0
24026 15.699872424558745 -0.6438612088471287 -0.6438612088471287 3.3897741373182875 0.578482211024596 4.246387095518121 0.5476879594885266 0.0 4.887411182359031 0.0
24027 15.211848740142278 -0.6433098605601336 -0.6433098605601336 3.569236539576018 0.6089860717913272 7.299454469663315 0.5696745159564645 0.0 1.252245725881072 0.0
24503 15.583247104618696 -0.6392369187527474 -0.6392369187527474 2.9315200461785436 0.6651972432004476 4.8488268031207165 0.5826652107059301 0.0 2.109482411957547 0.0
24514 15.687970567945378 -0.6392181640349648 -0.6392181640349648 2.940200664589603 0.6291892200379796 4.043380732103292 0.5823114166301322 0.0 1.7087567536826027 0.0
24567 14.93112360155868 -0.6376661875150426 -0.6376661875150426 4.655204860722149 0.6545289322584577 5.846866924806498 0.5955809155839599 0.0 0.8630520600614966 0.0
24797 14.930619009567016 -0.6356687768169524 -0.6356687768169524 3.743431418405694 0.6237016579157856 6.133249818802447 0.5883499554259037 0.0 0.8630520600614967 0.0
24886 14.895873439884555 -0.6345079170557125 -0.6345079170557125 5.477997618672489 0.6236258190953405 6.053525825451796 0.5679329972268397 0.0 0.8630520600614967 0.0
25213 15.710102149498802 -0.6335499839960086 -0.6335499839960086 9.323649605579392 0.6636492211737706 16.787703366522546 0.5937175898172843 0.0 0.9469484425603942 0.0
25393 15.234938056352824 -0.6301990309552481 -0.6301990309552481 2.1549069626798736 0.645619170588985 3.764501589373958 0.6095463627780204 0.0 1.4639611073544794 0.0
25738 14.6836038282855 -0.6262764951845017 -0.6262764951845017 3.8131999397788565 0.6601577617388673 4.8963516341432864 0.5934370215998065 0.0 0.7546284950589804 0.0
25787 14.90234741839024 -0.6261174457250449 -0.6261174457250449 3.0832999837493005 0.6601846181006117 5.897049878950505 0.5626300132723548 0.0 2.8836524097780383 0.0
25854 14.66199438211926 -0.626626818853395 -0.626626818853395 5.142465327706327 0.6022440950124178 9.474778789698505 0.5641914867800891 0.0 0.7546284950589804 0.0
25971 14.67028083819802 -0.6238401485665354 -0.6238401485665354 3.854274792041392 0.642836379767084 5.960230777036564 0.5754597707960172 0.0 0.7546284950589804 0.0
26015 14.600874709818784 -0.6235458237167799 -0.6235458237167799 5.9493652288033925 0.7014285715142354 7.821972794710398 0.6244551835848267 0.0 2.5132402133463287 0.0
26161 15.480031181355267 -0.6233570668597158 -0.6233570668597158 3.160125330146367 0.630180855580501 5.526195349880713 0.5971316247488851 0.0 0.6108082520710134 0.0
26275 15.533435238730831 -0.6223839257599605 -0.6223839257599605 3.939858270418551 0.6503628398997953 6.829535796728958 0.5956998126431702 0.0 1.1587249891039055 0.0
26302 15.545480945681463 -0.6222135390409848 -0.6222135390409848 3.189893115856442 0.6525863118407381 5.931145162238006 0.5975091750597104 0.0 1.1587249891039055 0.0
26317 14.551667676098994 -0.6207517787362737 -0.6207517787362737 3.7718082089558744 0.686972687808404 6.5544765793359785 0.6259369288501276 0.0 1.7431596500267927 0.0
26913 14.996433311169788 -0.6173682599055661 -0.6173682599055661 3.3899904027510894 0.630656469543615 6.303917186440741 0.6010223166260027 0.0 3.7262647532089836 0.0
26967 14.579031153061756 -0.6161813880981278 -0.6161813880981278 1.9423131236003377 0.6561488599642613 3.829438131170576 0.6147734555404991 0.0 3.7305052645670793 0.0
27101 15.52133132718546 -0.6149237774758843 -0.6149237774758843 2.489374021492207 0.6436192390485941 5.102871988940945 0.5930389083039738 0.0 1.1587249891039055 0.0
27119 15.265161885310327 -0.6144697714722569 -0.6144697714722569 3.2958821056614234 0.6652944059751476 4.203686260947044 0.6104073814426713 0.0 1.5038975576303 0.0
27506 15.370909334432664 -0.6114240923917947 -0.6114240923917947 6.593355170889235 0.6979426363517047 7.655741598158272 0.6310018482900212 0.0 1.2004228211782022 0.0
27531 15.612296421948688 -0.6113574510697188 -0.6113574510697188 2.206031153019274 0.683699783790674 4.51711482377115 0.6187429614634719 0.0 1.4057892314939204 0.0
27539 14.997253482592262 -0.6109647346058713 -0.6109647346058713 4.410924839479026 0.6387047162534153 7.588234618855684 0.6108554278980899 0.0 6.684095183748282 0.0
27866 14.97534148211624 -0.6076891376268252 -0.6076891376268252 3.9773927354815592 0.6375108186704873 6.558649693575745 0.6088455731587251 0.0 2.275249477579412 0.0
28069 15.870383849778126 -0.6073267287328789 -0.6073267287328789 4.369063572143031 0.704723895644605 5.57424590831584 0.647899188290696 0.0 0.5240322706648299 0.0
28350 14.632783429330896 -0.6045749842026289 -0.6045749842026289 11.00923341070161 0.6616198679368361 17.022265606898532 0.593881411268912 0.0 1.4477661407714928 0.0
28498 15.02811318765586 -0.6027216541997567 -0.6027216541997567 2.9070598797858858 0.6490590113918366 5.451261489080135 0.5964925369606202 0.0 2.031254191585839 0.0
28538 14.52134873709229 -0.6019107487234497 -0.6019107487234497 4.398198064268507 0.6560439327346429 8.626910005885934 0.6175440763450984 0.0 0.0 0.0
28626 15.233504323004862 -0.6019191116163114 -0.6019191116163114 2.5252691131982052 0.618721886244486 4.8249763157137195 0.5886110808710827 0.0 1.5038975576302998 0.0
28743 15.159503253311309 -0.6025532039133071 -0.6025532039133071 11.969887398938214 0.6745378067440336 20.36926932769773 0.6053949317359683 0.0 1.430220197066375 0.0
28943 15.592137385122047 -0.599419575319355 -0.599419575319355 3.040899288928083 0.6639897149561943 5.926067122145814 0.5885234467596484 0.0 1.4057892314939204 0.0
28960 15.195201133826895 -0.5989041312070057 -0.5989041312070057 6.109117218056995 0.6540585113553166 6.874080990706712 0.5882408183808674 0.0 1.8326384858237281 0.0
29019 14.986767354376733 -0.5980081472544273 -0.5980081472544273 2.1007969033077147 0.6747450125506278 3.5635820405991763 0.5706427402649297 0.0 1.544806431966169 0.0
29021 14.59502878588325 -0.598126691209345 -0.598126691209345 10.53168043665406 0.6649952005823312 10.790761030103514 0.5949940271327145 0.0 3.9785525662212846 0.0
29026 14.990166339506413 -0.5979916184343584 -0.5979916184343584 2.300324864626227 0.6290571572441228 4.650660917447807 0.5928310637804984 0.0 4.927485198964305 0.0
29144 15.375917985700031 -0.5994666346043337 -0.5994666346043337 2.4399051707599178 0.6655507504277398 4.7221455531865235 0.6005128644877409 0.0 3.686736983897099 0.0
29319 15.6015911250508 -0.5962439899855873 -0.5962439899855873 2.3902941688977073 0.6112119870865977 4.703599594854989 0.5709819458234995 0.0 1.4057892314939207 0.0
29338 15.42099925535895 -0.5975367903812686 -0.5975367903812686 4.711171846484935 0.6742677529763261 9.630972751621421 0.5864761614646062 0.0 1.1685198406432633 0.0
29500 15.560112433890993 -0.5953120299471575 -0.5953120299471575 4.135547970965112 0.629126086347037 7.904748788271639 0.578253542663261 0.0 1.6491482854877946 0.0
29527 15.746057412221097 -0.5946017495795842 -0.5946017495795842 5.608279258004164 0.6438311088205547 6.112645630568948 0.6042502031078524 0.0 1.0504145325123933 0.0
29569 15.30152917042397 -0.5940090654127074 -0.5940090654127074 8.65173744753492 0.7354197012479063 9.878662211061238 0.6340208859197602 0.0 0.7722811021568902 0.0
29691 15.328486688705194 -0.5927633923681344 -0.5927633923681344 2.9449421258288884 0.6978247467912904 5.61538604193967 0.6146797697052367 0.0 0.7722811021568902 0.0
29888 15.09976618919474 -0.5910024154269754 -0.5910024154269754 4.595262021164375 0.7329272476536065 6.455400847064085 0.5925570752031827 0.0 2.0757269739699775 0.0
30133 15.032698347855163 -0.5891489399613911 -0.5891489399613911 8.58969138930272 0.6400114962747278 14.315123522453757 0.556940813453563 0.0 2.031254191585839 0.0
30253 15.082370724311232 -0.5876708327279978 -0.5876708327279978 3.7755270576282887 0.6580220247837755 5.994239147269087 0.5961507046963889 0.0 2.0757269739699775 0.0
30269 15.35828502820076 -0.5884969866035761 -0.5884969866035761 8.72864772408171 0.7075969041889472 14.732380867196373 0.6250484327840957 0.0 1.0283883816591868 0.0
30448 14.790060360777613 -0.5860073465931128 -0.5860073465931128 4.169390626972809 0.6738049032426211 7.374731733601117 0.6116979437390364 0.0 1.1782411356115006 0.0
30457 15.12986141730621 -0.5857529474493645 -0.5857529474493645 5.193615527582179 0.6499368787121084 6.864811552443186 0.6092056636025059 0.0 2.6038060661262112 0.0
30493 15.577193354953057 -0.5869209035729268 -0.5869209035729268 10.73619109122445 0.6805472142219235 16.34174668722572 0.5955855123188676 0.0 1.4057892314939204 0.0
30537 15.155395146312664 -0.5852007289212005 -0.5852007289212005 3.2344728175360244 0.6442201218161733 4.6794664790692115 0.5835320622022705 0.0 1.430220197066375 0.0
30697 15.125772156022524 -0.5839092384274203 -0.5839092384274203 2.818891414013553 0.6529732423278538 5.312573232790724 0.6095385985451091 0.0 3.59850577768969 0.0
30699 14.561937579364873 -0.5827768195454456 -0.5827768195454456 6.164525900106619 0.6674676709179804 7.614208102485615 0.5800684160112873 0.0 1.5054964890888096 0.0
30891 14.989688147354537 -0.5814762760876315 -0.5814762760876315 3.19427945679109 0.6686732268700044 4.319367408362951 0.5992379594172799 0.0 1.3093466336115689 0.0
30945 15.143591566767292 -0.5812432179278518 -0.5812432179278518 2.649188150361117 0.6498076804529292 4.1708162585946145 0.5802959737032325 0.0 2.603806066126211 0.0
31037 15.665415147327463 -0.5811208466677251 -0.5811208466677251 3.1083776319885565 0.6350771239234191 4.475918035711483 0.5709586402487572 0.0 0.9469484425603943 0.0
31444 15.512671442876709 -0.5775835237547915 -0.5775835237547915 2.6583856632431466 0.6075905571791713 4.827863374259974 0.5656395612840911 0.0 1.3789917816367254 0.0
31566 15.464475322572014 -0.5766066638968812 -0.5766066638968812 3.414985181001925 0.6064938636164119 6.2460091424501085 0.5585289531741655 0.0 0.9607543243938017 0.0
31595 14.79733433077028 -0.5764694211772536 -0.5764694211772536 6.1499026176564335 0.6774926072508805 8.747047797240961 0.574733396548538 0.0 0.8345030483022731 0.0
31877 15.546441653451511 -0.573717081914216 -0.573717081914216 3.373736940413709 0.6227183654778403 4.6529966253252955 0.5564992307542331 0.0 1.6491482854877948 0.0
31964 14.86458553989438 -0.5722136660819892 -0.5722136660819892 2.7550551271129176 0.6013570597198796 5.2489867404481005 0.5699852140330013 0.0 1.488006438549724 0.0
32060 15.782154120748556 -0.5722497614873073 -0.5722497614873073 3.1048416226317994 0.6510508210157822 4.34030122240496 0.581194113899365 0.0 1.0504145325123933 0.0
32638 14.590925561573806 -0.5662409220490974 -0.5662409220490974 5.155108795144148 0.7560168498289935 7.250105494566855 0.5670325135972247 0.0 3.0826870048469384 0.0
32656 15.71797232921644 -0.5675288168303327 -0.5675288168303327 3.416926496749934 0.6376444042188516 5.800409901139386 0.5852719585548689 0.0 0.6540170433579767 0.0
32721 15.09928982693238 -0.5662147209170149 -0.5662147209170149 2.7066249839576786 0.6665894550856916 5.286472276680159 0.6068184903204624 0.0 2.075726973969977 0.0
32816 15.258627078300393 -0.5659255988038043 -0.5659255988038043 8.423365167810486 0.6809767743608796 10.774444552582272 0.599825015256631 0.0 1.2551454565275206 0.0
32908 14.606157715587615 -0.5642598959795092 -0.5642598959795092 5.970938851690122 0.7417579278191283 9.276043655705507 0.5850919905890275 0.0 2.3359745123614473 0.0
33186 15.433312521748457 -0.5648177273189153 -0.5648177273189153 9.909635448653841 0.6738080519372963 15.70736507993778 0.5963865674135874 0.0 0.9607543243938017 0.0
33241 15.588138719866045 -0.5625017029008527 -0.5625017029008527 4.99883634107558 0.7030135568208312 6.230711285933212 0.5932030516558052 0.0 0.7066817496205251 0.0
33389 15.065099814801592 -0.5605992123875931 -0.5605992123875931 4.528088530472741 0.716275420902311 7.531754009127997 0.6168699014346386 0.0 2.6566040782501172 0.0
33839 14.502284949534376 -0.5561504240056163 -0.5561504240056163 2.903220382917152 0.6501618373276413 5.143190633245129 0.5642889967897705 0.0 0.0 0.0
34445 15.599761273505266 -0.5530894948841377 -0.5530894948841377 4.85500393926816 0.6632306973840428 9.486477544418735 0.6007661226919433 0.0 0.7066817496205251 0.0
34577 14.461669789687722 -0.5504581787025573 -0.5504581787025573 2.8914433420674013 0.7341376463195733 5.877504999907089 0.6092159644090219 0.0 0.7032051961623802 0.0
35005 14.825687379741929 -0.5475594572452381 -0.5475594572452381 2.5430656878557047 0.6162358561925542 4.715945884024826 0.5668263944588409 0.0 0.834503048302273 0.0
35023 14.521440034599324 -0.54698410367733 -0.54698410367733 4.867480404880341 0.6098041434614775 6.116425382759888 0.5403256640473922 0.0 1.5054964890888098 0.0
35247 14.79066562953674 -0.5456039561181611 -0.5456039561181611 4.28997176504028 0.6771226977165056 4.65149373765462 0.610853921405137 0.0 0.8345030483022731 0.0
35359 15.04986805430298 -0.5458533476725946 -0.5458533476725946 3.8960555070704324 0.6774946737619818 5.060582156549854 0.5968732290174329 0.0 0.9951945230982284 0.0
35683 15.37812889785108 -0.5427861860735688 -0.5427861860735688 3.689471287272375 0.681934839205446 6.398019303046497 0.5843200095206988 0.0 1.0283883816591868 0.0
35750 15.058439056370316 -0.5419805476053589 -0.5419805476053589 4.594976624443842 0.6445524070740374 6.053071946164688 0.5744444331737496 0.0 0.9951945230982284 0.0
35959 15.761040385843284 -0.5420445571155502 -0.5420445571155502 6.432087031676569 0.6386629316310637 9.614848770421947 0.5575460630924232 0.0 1.0504145325123933 0.0
36176 15.737626451603496 -0.5394449730960781 -0.5394449730960781 3.2418579807676253 0.5788167990974116 6.464317482704441 0.5549051423178677 0.0 0.6540170433579768 0.0
36286 15.810230525726048 -0.538637353264303 -0.538637353264303 5.3993021608524545 0.6044079448830612 6.45421882951638 0.5449248196446596 0.0 0.5240322706648299 0.0
36423 14.546361326862211 -0.536126758835387 -0.536126758835387 2.3618635051294494 0.6192200866282658 3.9043745671727828 0.5479446684629118 0.0 1.5054964890888098 0.0
36878 15.062606490341018 -0.5332848210998653 -0.5332848210998653 2.0153166132598295 0.651875805178627 3.8598394164813814 0.575486050728641 0.0 0.9951945230982284 0.0
36957 14.909605877388488 -0.5324658030313804 -0.5324658030313804 3.3589769147570254 0.618005285294516 4.678220725281191 0.5607782630370014 0.0 2.1199469561003137 0.0
37211 15.250325807709498 -0.5309276946683993 -0.5309276946683993 2.1242477709259258 0.6295596450444506 4.321660625413561 0.581076298424839 0.0 1.2551454565275209 0.0
37237 15.475323018228124 -0.5310556242930482 -0.5310556242930482 2.8759421733818966 0.6349863235142199 4.552269158728571 0.5491338064431195 0.0 0.6228404521613546 0.0
37437 15.208832346514193 -0.5296171354495159 -0.5296171354495159 2.7464341246195687 0.5931691707746016 4.800913631692495 0.5676529826777121 0.0 0.9823428245659512 0.0
37498 15.456416540833388 -0.5294137235450105 -0.5294137235450105 5.400665858875082 0.6556091951888958 6.975571489546104 0.5696523177184225 0.0 0.6228404521613546 0.0
37938 14.89269438636276 -0.5250850154745662 -0.5250850154745662 3.846786929768829 0.6153599780672766 4.5595263344392105 0.5606760919123714 0.0 2.1199469561003133 0.0
37986 15.004651896254812 -0.5248497499808453 -0.5248497499808453 2.8895816000497283 0.6375872775485987 5.0427630488781015 0.5760127309658007 0.0 0.9951945230982284 0.0
38055 14.606324297983903 -0.5246384652366177 -0.5246384652366177 4.25471143478381 0.6288721320476076 7.448799039053541 0.5514662566905472 0.0 1.7661638800463357 0.0
38279 15.917735717434375 -0.5235173687916086 -0.5235173687916086 3.0599770263960013 0.5659853052097356 5.082232777965291 0.512392889762082 0.0 0.0 0.0
38407 15.934138432949506 -0.5226282469921428 -0.5226282469921428 3.1691028693052488 0.5469928851601151 5.7400507802382865 0.4913322470398452 0.0 0.0 0.0
38524 15.028244787137378 -0.5208997339648244 -0.5208997339648244 1.7528476853910318 0.642583691805866 3.387455503027599 0.5873076296905644 0.0 0.9951945230982284 0.0
38552 15.818218484817011 -0.5215692987608329 -0.5215692987608329 2.8453758176466737 0.5777895105168698 5.055855631480017 0.5298836077221072 0.0 1.3275903480590898 0.0
38668 14.676942021878652 -0.5193930795964947 -0.5193930795964947 3.0451508180574534 0.624670239112196 4.805859306420959 0.5435990157140016 0.0 0.5248074761782178 0.0
38735 15.089997235083162 -0.5199298362099989 -0.5199298362099989 6.965064151859524 0.6771547833445299 10.222584766454792 0.6265158470523313 0.0 1.1056334027230872 0.0
38933 14.499688978127738 -0.5170911921667986 -0.5170911921667986 2.8653256471462485 0.6104514679178802 4.918286171538319 0.5621191318971889 0.0 0.7032051961623804 0.0
39156 14.892141827283709 -0.5159780108494274 -0.5159780108494274 2.895679419986999 0.6329421980917717 5.2146896901129685 0.5664283712950652 0.0 2.713737554955067 0.0
39159 15.111678734993504 -0.5168838811446543 -0.5168838811446543 11.3118189583068 0.6655297714582795 12.13612490473433 0.5991359299287394 0.0 1.4086333921698126 0.0
39320 14.97121780921413 -0.5146723777844311 -0.5146723777844311 3.138079029000637 0.6189758378537099 5.4961196988158925 0.5704499091669514 0.0 1.345314558050295 0.0
39528 15.826629985971032 -0.5143446220333338 -0.5143446220333338 8.10370847984668 0.7895652818458473 11.013951952646398 0.5339508682989161 0.0 1.3275903480590898 0.0
39557 14.58536490120976 -0.5122683762523929 -0.5122683762523929 2.840465551940609 0.5630517583371378 5.500627074227102 0.5279819629551923 0.0 1.7661638800463357 0.0
39856 14.623997035993316 -0.5106494266920847 -0.5106494266920847 4.940005357697126 0.5969592570222471 6.177058891394556 0.5425309379623725 0.0 1.5724284780229592 0.0
40145 14.4655031878867 -0.5085290440418616 -0.5085290440418616 6.125501165860916 0.6554678058002533 7.918698655495843 0.602282491543146 0.0 0.7032051961623803 0.0
40285 15.572908285672929 -0.5081737254880407 -0.5081737254880407 3.742206008710542 0.663788215120328 6.338078523650026 0.5686811834321165 0.0 1.5854903898775774 0.0
40335 15.604386967135897 -0.5078612405015656 -0.5078612405015656 2.9542588190423076 0.6230184567077054 4.755396556619963 0.5567019892544911 0.0 1.5854903898775774 0.0
40481 14.91349128148277 -0.506047176293398 -0.506047176293398 4.974524326032637 0.6436138611476447 6.718676585603243 0.5550373917975241 0.0 2.713737554955067 0.0
40500 14.61915400102626 -0.5058992291637481 -0.5058992291637481 2.417592336245587 0.5683747506159761 4.936758865383507 0.5292097804638674 0.0 3.6814770506242054 0.0
40529 14.850486935263136 -0.5055713113734326 -0.5055713113734326 3.345891362455556 0.6410505524869144 4.527626024260174 0.553120437456925 0.0 0.9635286861315178 0.0
40732 14.622109645111552 -0.5037851036469196 -0.5037851036469196 3.7262006155460825 0.5702524085201515 5.7523679696297165 0.5414423229777522 0.0 3.681477050624206 0.0
40779 15.262247243350476 -0.504211794136638 -0.504211794136638 2.9563318563536396 0.6254270310340322 5.754445899824144 0.5801068380195917 0.0 2.195181582136722 0.0
40824 14.85161839692062 -0.5034054133198133 -0.5034054133198133 5.236518566985164 0.61703449828438 5.63743054044426 0.5502395078905481 0.0 0.9635286861315177 0.0
40947 14.957426974053252 -0.5025579357153571 -0.5025579357153571 3.8007108556786924 0.6634186464445943 5.5688709474758245 0.5657505524743004 0.0 1.345314558050295 0.0
41281 15.163436665294284 -0.5004003261361416 -0.5004003261361416 3.0888258514047737 0.6290297513360471 5.2256721525000955 0.5659506456408724 0.0 0.84372988211246 0.0
41382 15.282851385526875 -0.499809541864684 -0.499809541864684 2.4487652807245173 0.6815212377546536 4.2793780035870315 0.5999872915872815 0.0 3.148630108928237 0.0
41666 14.447294976374254 -0.4987140814770946 -0.4987140814770946 20.895921881439982 0.7158938240136831 26.550912077991875 0.6389404867317302 0.0 0.0 0.0
41722 15.585610455040422 -0.4983476680716037 -0.4983476680716037 4.154436688633463 0.6120022857531324 5.1948854882655136 0.5637838194862128 0.0 1.5854903898775774 0.0
41826 14.925655632642233 -0.4968753277586982 -0.4968753277586982 8.131310830010976 0.5837029676526316 8.829570004681665 0.5359297948667169 0.0 1.3453145580502948 0.0
42268 15.520357708166504 -0.4954990171616511 -0.4954990171616511 7.8565323868516055 0.6304321222278378 8.795653182867053 0.5502869431045541 0.0 1.983272608842729 0.0
42500 15.265398962763069 -0.4924238774036078 -0.4924238774036078 5.632701105396582 0.6423604713330979 6.867540879889663 0.5731189768953117 0.0 2.195181582136722 0.0
42536 14.627625984262082 -0.491499535164814 -0.491499535164814 3.469037633113643 0.6552622356921404 6.374116796566596 0.5342158822985549 0.0 3.6814770506242054 0.0
42574 14.854898859001654 -0.4911820976245923 -0.4911820976245923 4.400092962007154 0.6447517940659844 5.330979743954048 0.5572224761317331 0.0 1.4476057969027885 0.0
42646 15.829561727339584 -0.4927046215209229 -0.4927046215209229 13.123871559228819 0.589136684223965 15.668354638061118 0.5109493604889551 0.0 4.974353266243992 0.0
42727 15.517622131917818 -0.4909078308554437 -0.4909078308554437 1.9002505527530056 0.6154444398102186 3.931064858176141 0.5409288277729328 0.0 1.983272608842729 0.0
42801 14.620968745447062 -0.4894236425537546 -0.4894236425537546 2.3929198444786195 0.6023308321475812 4.8974630911663555 0.539735955750363 0.0 3.6814770506242054 0.0
42817 15.30148869996611 -0.4900108952312618 -0.4900108952312618 3.785223979362228 0.6483052429709601 6.569314891122182 0.5732192809987606 0.0 0.6810468130489604 0.0
43042 15.514112256035848 -0.4887445446878544 -0.4887445446878544 3.5466674724996037 0.5701289156392215 4.498300400669795 0.5406615733478768 0.0 1.983272608842729 0.0
43045 14.855325886879903 -0.4879740413456194 -0.4879740413456194 3.7495653555458115 0.6065116806588431 4.709030695090516 0.5624186793506722 0.0 1.4476057969027885 0.0
43399 15.22584109098608 -0.4857206380809203 -0.4857206380809203 4.118127453001491 0.6190864148423184 4.774260294832513 0.5550855480679862 0.0 2.543592734181352 0.0
43451 15.28161621176227 -0.4865512354134231 -0.4865512354134231 25.4659706184953 0.6834918323234672 32.694226814841045 0.5976380123972085 0.0 3.1486301089282374 0.0
43557 15.748301217247969 -0.485100026097592 -0.485100026097592 2.3690293126862927 0.6099183868594751 4.759859767323236 0.554699847244005 0.0 1.742936509043722 0.0
43695 14.869779386944444 -0.4832463781688749 -0.4832463781688749 2.1855572699882018 0.5889108440516858 4.374920687984042 0.5548467238689142 0.0 1.4476057969027885 0.0
43986 15.78661103846177 -0.4822886035544722 -0.4822886035544722 2.9306064934006613 0.5724165770577141 5.458959668069737 0.5310829821287901 0.0 1.4677689379339396 0.0
43989 14.85417706331176 -0.4812928272790204 -0.4812928272790204 6.517916699329457 0.6167775299121383 7.261611495445153 0.5732429342257228 0.0 1.4476057969027882 0.0
44464 14.82452213654681 -0.4779020190800241 -0.4779020190800241 5.173353120108879 0.6478115271122954 6.3539550279729555 0.5681152699981391 0.0 1.4476057969027885 0.0
44544 15.982055861662396 -0.4786110610380751 -0.4786110610380751 3.072001544122297 0.5164352872628724 4.045976535345308 0.4578510205807753 0.0 0.6035951799372623 0.0
44552 15.67535304820835 -0.4779554775872052 -0.4779554775872052 4.414122596101817 0.6200299385704294 6.060864506293993 0.5452781501841643 0.0 1.5614975700288383 0.0
44681 14.575592603600125 -0.4757395175222191 -0.4757395175222191 3.3330732963472895 0.6181220655038941 4.481627000202777 0.5364437536078295 0.0 1.8353428485885432 0.0
44706 15.820944825985812 -0.4778214497273971 -0.4778214497273971 5.146300060452046 0.5812281081300364 8.702255898947149 0.5205979971923501 0.0 1.4677689379339396 0.0
44915 15.96607068513434 -0.4754494605808138 -0.4754494605808138 2.438489067384139 0.47412966875765994 4.867625517492135 0.4401576471285571 0.0 1.8582235038590413 0.0
44945 15.340459965897637 -0.4745723929638377 -0.4745723929638377 2.6665087505015315 0.6180936852003536 4.247285197086229 0.5767738704352714 0.0 0.6810468130489606 0.0
45187 14.518474653802308 -0.4720799822045157 -0.4720799822045157 4.386670302936443 0.6714092817639713 7.957285991744863 0.5841735706800667 0.0 1.0066162130013485 0.0
45295 14.670253874482611 -0.4721973804263084 -0.4721973804263084 4.245923687984985 0.6396661268558239 6.857118137576596 0.5730626701116939 0.0 0.5248074761782178 0.0
45297 15.641856712383188 -0.4729381985068661 -0.4729381985068661 7.792963792160303 0.6721417013174834 10.378813879879944 0.570010154860778 0.0 1.2526463049568206 0.0
45715 15.501662389631248 -0.4694695139540435 -0.4694695139540435 2.6288192583004575 0.681621459691964 5.086184553625048 0.562127848954703 0.0 3.1164122630416187 0.0
45775 14.59281970567177 -0.4680177925268227 -0.4680177925268227 4.67707900963898 0.6527417322372719 7.044354610015935 0.5592775642877111 0.0 1.8353428485885435 0.0
45782 14.892132632555333 -0.468588722818423 -0.468588722818423 4.127430806670473 0.6542223879720597 8.331063760943797 0.5825446655176774 0.0 2.625289697308327 0.0
45839 15.132780472444086 -0.4690937103418655 -0.4690937103418655 12.476696092727929 0.6767068469352533 22.08757905264124 0.5998660510945889 0.0 0.84372988211246 0.0
45961 14.947007540183744 -0.4667544455302221 -0.4667544455302221 2.868783370373485 0.6236669238144508 4.690455508220493 0.5766149032387142 0.0 0.4580785636450239 0.0
46334 15.492094128871424 -0.4643446789003402 -0.4643446789003402 2.789617809496079 0.5991677012543806 5.618066826835443 0.5609990994526949 0.0 3.1164122630416182 0.0
46350 14.885293504974038 -0.4642821509414782 -0.4642821509414782 12.482433899477465 0.6645589899343278 15.409294504588607 0.5959217177675397 0.0 2.328029196681145 0.0
46426 15.951183539359272 -0.4645581148409786 -0.4645581148409786 4.564216034125753 0.49975713038153624 7.662772542405805 0.4469825108657307 0.0 1.858223503859041 0.0
46682 15.63505380045596 -0.4624782619277907 -0.4624782619277907 6.534705211309291 0.6498897551090485 11.580195012432242 0.5817052141666694 0.0 4.447513414972677 0.0
46711 15.910927913578362 -0.4617012056073145 -0.4617012056073145 2.673798888793022 0.5144920157785743 5.16970696937845 0.4686309433597829 0.0 1.6899191866568144 0.0
46759 15.227705190833255 -0.4606405520431391 -0.4606405520431391 4.071193553496724 0.6460264400262635 5.268860730259702 0.5788320617092122 0.0 2.545980023466194 0.0
47190 15.623134230820291 -0.4577170653034505 -0.4577170653034505 5.739075255233204 0.6266187988588816 6.406744987486064 0.59037007234376 0.0 2.0164347456430214 0.0
47400 15.35958299063878 -0.4559821209725175 -0.4559821209725175 2.4029896554084345 0.6577537218434167 3.5174552865409816 0.5963473728447944 0.0 0.5431309763078435 0.0
47553 15.900208315907603 -0.4551291853322278 -0.4551291853322278 2.0574006870407637 0.5268331931019665 3.846526525380105 0.47752195574393097 0.0 1.6899191866568146 0.0
47597 15.491748989705606 -0.455358678449692 -0.455358678449692 3.657217144389516 0.6733406986561493 6.342219962909757 0.6061062796819425 0.0 3.1164122630416187 0.0
47602 15.995533349661615 -0.4550106143883953 -0.4550106143883953 4.032952453106722 0.5009717170743541 6.006366801820623 0.4602351422488885 0.0 0.6035951799372623 0.0
47631 15.987770078309184 -0.4550367645591003 -0.4550367645591003 6.446136687963897 0.5227560032715619 7.200016535282305 0.4569865253939255 0.0 0.6035951799372623 0.0
47703 15.23541261810304 -0.4545511198330357 -0.4545511198330357 7.006670010697956 0.6683150249537538 13.89652192246081 0.5934563742400483 0.0 2.545980023466194 0.0
47740 14.481879875323116 -0.452374900443786 -0.452374900443786 3.799120926192957 0.6672388385769674 4.629678818375254 0.6390456064622253 0.0 0.5298998251790001 0.0
47932 14.563049004755513 -0.4509336586083035 -0.4509336586083035 3.469385542853718 0.6434858846601381 6.826247135488664 0.5917035117472479 0.0 1.8493729021538576 0.0
47984 15.490472800077942 -0.4535778867891354 -0.4535778867891354 4.442163065319253 0.7088969538058407 6.533159575291576 0.6042364257791374 0.0 18.792539835587796 0.0
48131 15.68191154067176 -0.4521988680534048 -0.4521988680534048 15.01196342625066 0.6693087250984816 25.979378266459285 0.6129424614302754 0.0 1.5614975700288385 0.0
48146 15.982429887670932 -0.4517635510174784 -0.4517635510174784 9.024616419861305 0.5148579015383338 10.89765842228312 0.46089338953727305 0.0 1.7292693612310088 0.0
48151 15.61702656011034 -0.4509062535848142 -0.4509062535848142 10.2600463533117 0.6244052030157307 12.287933813323415 0.5926597356161222 0.0 2.0164347456430214 0.0
48492 15.484047248445036 -0.4482327266418961 -0.4482327266418961 8.600858364886564 0.7496544008064667 12.139888046874765 0.6109099320405673 0.0 1.158119196226323 0.0
49002 15.890217095817444 -0.4439078845458936 -0.4439078845458936 2.38431570955594 0.537472296299714 3.9988776426721717 0.4804600934144956 0.0 1.6899191866568144 0.0
49133 15.525756256107028 -0.4429392512519666 -0.4429392512519666 7.572505287305851 0.6967087647720198 12.201457255021324 0.594744490094866 0.0 1.8307029915807276 0.0
49219 14.58923232973588 -0.4447616031892575 -0.4447616031892575 13.952100567817947 0.6708526816245547 21.287386650467106 0.6103803160735506 0.0 2.6868760175392077 0.0
49294 14.95673671393988 -0.4406325136235069 -0.4406325136235069 2.4464747676356184 0.6284132920403739 3.9092856054393366 0.5784039344383937 0.0 0.4580785636450239 0.0
49456 14.75988060045178 -0.4392773197468352 -0.4392773197468352 2.133963877912 0.6374055187329678 4.2474362326617685 0.5779359559223666 0.0 0.7450088732244003 0.0
49634 15.720612181705746 -0.4392400289067669 -0.4392400289067669 3.7900413704215437 0.6440684222509364 4.594638049809672 0.5814806179565977 0.0 1.742936509043722 0.0
50044 15.611220159040757 -0.4355647258893721 -0.4355647258893721 3.6375350070992747 0.6198509189067622 6.3921590454595 0.5689563694781897 0.0 2.0164347456430214 0.0
50149 14.756419567850145 -0.4338489539480202 -0.4338489539480202 2.7331847122384474 0.6588908051819388 4.365147282761722 0.5861180024220473 0.0 0.9970936132993995 0.0
50266 14.74116638710358 -0.4330108377943993 -0.4330108377943993 3.9757576112072357 0.6352596228757829 5.860305228227106 0.5773172766070114 0.0 0.9970936132993995 0.0
50348 16.08196689220533 -0.4335324975794255 -0.4335324975794255 3.717659225411093 0.5251951895097784 4.116847371775757 0.4702345600421756 0.0 0.9301196023300572 0.0
50365 15.122568572457537 -0.4326165869945971 -0.4326165869945971 3.7720912236148987 0.65135767321176 6.28958915085732 0.5728520572464675 0.0 0.8437298821124601 0.0
50470 15.466494702646242 -0.4320904876655315 -0.4320904876655315 2.3953411778102716 0.6224159797046381 4.911884864089072 0.5689854821326054 0.0 1.158119196226323 0.0
50487 15.696636116195585 -0.4328790763606502 -0.4328790763606502 7.335366557700063 0.6204810267779103 13.833182263194324 0.5657956828828483 0.0 3.135339180317773 0.0
50557 15.25144892281778 -0.4313282078110256 -0.4313282078110256 4.041968491529958 0.6648532672191272 7.3728833826319145 0.5767605308908331 0.0 1.2244863125018544 0.0
50943 15.89779671968412 -0.4296241690696494 -0.4296241690696494 5.826924177111404 0.5028189340171794 7.967035190071869 0.4537569264029925 0.0 1.6899191866568144 0.0
51023 15.154491819312495 -0.4275295474142425 -0.4275295474142425 3.0026221357152747 0.6182858753877 6.1433713912850045 0.575255750446961 0.0 0.84372988211246 0.0
51254 15.727103696986395 -0.4276672339733431 -0.4276672339733431 6.883752546704606 0.6271210829686626 11.833070284152424 0.5584901577616249 0.0 2.1837341795331247 0.0
51361 14.756493206249749 -0.4245227369504938 -0.4245227369504938 3.110911681895509 0.6213596026141932 5.762647144451968 0.5839182909425855 0.0 0.9970936132993994 0.0
51388 15.88451111577364 -0.4256464234653064 -0.4256464234653064 1.8817477290487572 0.5105415488046713 3.7268375916690117 0.4645242950740588 0.0 1.6899191866568144 0.0
51595 15.844256965127384 -0.4243054655754047 -0.4243054655754047 2.7697582408136 0.5467789857137914 3.7543478268710375 0.49201444370337927 0.0 1.0225000103470572 0.0
51873 14.719493541906498 -0.4212901643578406 -0.4212901643578406 9.255051642106684 0.6955454470862187 11.120934197719679 0.5767113831677441 0.0 0.9970936132993995 0.0
51998 15.772066443636811 -0.4213489592802281 -0.4213489592802281 4.5216845190617825 0.6391603878014325 5.821875494317782 0.5620469361195203 0.0 2.579009758563159 0.0
52136 15.915860586382806 -0.4208597574844719 -0.4208597574844719 13.783558642844135 0.5775270854094041 17.932009661571268 0.48054450852389363 0.0 1.5767462971109751 0.0
52164 14.368084447055898 -0.4180711097848738 -0.4180711097848738 3.714688305423792 0.7773525304343814 5.382303512419695 0.6419478071940574 0.0 0.0 0.0
52298 14.613226439802864 -0.4173865440808913 -0.4173865440808913 5.342413355914557 0.668386641865088 5.883719605238234 0.595660000025986 0.0 1.7399954408717782 0.0
52508 15.357631631458297 -0.4169236047595427 -0.4169236047595427 3.482366361704937 0.6307034269981888 5.0204150628615345 0.5633496147395498 0.0 0.5431309763078435 0.0
52510 15.79170254252154 -0.4171232113637925 -0.4171232113637925 6.333372806209351 0.621721018142081 7.520651027304632 0.5264778263117273 0.0 1.1103251950737176 0.0
52548 15.772433716703487 -0.4175246484343363 -0.4175246484343363 6.024867179083325 0.6328246252533463 8.376070431053465 0.5693196531719904 0.0 2.021043009682966 0.0
52717 14.712326478226084 -0.4144550783085191 -0.4144550783085191 6.3465923720035935 0.6187505846662201 7.090558877643163 0.5783775901257292 0.0 4.556705000563053 0.0
52790 15.326232507966193 -0.4145024798675996 -0.4145024798675996 2.8433860881080393 0.6508114312103543 5.419153231369558 0.5712227529278258 0.0 0.5431309763078435 0.0
53213 15.1374638360994 -0.4111931349752604 -0.4111931349752604 3.2230329349595497 0.6510658462074876 4.229397589051144 0.5759266806033683 0.0 1.5517117840978054 0.0
53292 15.713165982444806 -0.4112521477502004 -0.4112521477502004 3.212642962087211 0.6017775209642912 5.69539253490902 0.5667516621075678 0.0 2.1837341795331247 0.0
53518 15.490957392566944 -0.4099459330712641 -0.4099459330712641 13.946428299949867 0.6476023628178448 14.68262925932522 0.5974773198155598 0.0 1.4275171033110636 0.0
53581 14.593123584509414 -0.4085566449869182 -0.4085566449869182 5.321951396067027 0.6659684745071945 6.7970116439553 0.5915453171111794 0.0 1.7399954408717782 0.0
54213 14.69458520069142 -0.403532129772691 -0.403532129772691 3.3815156717102663 0.6588623242984236 6.0201976947295694 0.5844989731579051 0.0 1.3224274929645539 0.0
54253 15.659269480170288 -0.4065947292752119 -0.4065947292752119 50.38971579519748 0.7110701622659996 63.99361884415768 0.6208768121612722 0.0 2.045073893221768 0.0
54631 15.590841089659834 -0.401284037118683 -0.401284037118683 3.4156274362881938 0.5985112054193641 4.445771180321621 0.5619479839969266 0.0 1.2332703200073458 0.0
54969 14.684946931950282 -0.3981413725948621 -0.3981413725948621 5.571072744868606 0.6516154829356734 7.862094436089965 0.5924429036389617 0.0 1.3224274929645539 0.0
55040 15.545333144834858 -0.3981046456886127 -0.3981046456886127 2.9075529021377546 0.6228205226925821 4.2766028375515575 0.5729841007099937 0.0 1.3154063893846881 0.0
55347 14.886477706284218 -0.3951730206231519 -0.3951730206231519 4.185333700257847 0.6904251990537087 6.301532936012547 0.6090627399120974 0.0 0.9456765015059827 0.0
55373 15.083593141109729 -0.3960601936841841 -0.3960601936841841 7.349267496093318 0.674418026951118 11.847985079427009 0.5823519760557887 0.0 0.6689999646215441 0.0
55601 14.562427391207436 -0.3931796814991481 -0.3931796814991481 3.9813201754859233 0.6745234716441744 5.381240211667088 0.6248102910134554 0.0 1.558371720524955 0.0
55609 14.80994246513383 -0.3931562599790839 -0.3931562599790839 5.35500503604762 0.6951886251972215 6.073590122663779 0.6175969323585333 0.0 1.3735561060081083 0.0
55688 15.30079502633998 -0.3931389956270706 -0.3931389956270706 3.2901982493860125 0.6356222299436456 6.677698689682037 0.5952965618200875 0.0 0.8498037911813627 0.0
55759 16.078674996207404 -0.3941974853415545 -0.3941974853415545 3.2264468153790524 0.5422452289119967 5.198124963154693 0.49604907647554897 0.0 0.8916400732272202 0.0
55775 15.622496449104514 -0.3927385611963177 -0.3927385611963177 3.672866129648524 0.5979315767267831 6.140280248009654 0.5559528115965872 0.0 2.6664663109719715 0.0
56203 14.803295163939676 -0.3886358973757649 -0.3886358973757649 3.9917807732629367 0.6699359045802811 5.018351682556312 0.5993877460200296 0.0 1.3735561060081083 0.0
56492 15.635856559383452 -0.3875191570701148 -0.3875191570701148 3.576313064892384 0.6221129389090918 5.7423176014722 0.5488116487193336 0.0 5.17547756801042 1.0
56597 16.000689519117863 -0.3870283864993597 -0.3870283864993597 2.3165039551405613 0.46623401243436785 4.794734821663993 0.4274794788487848 0.0 0.865648778595099 0.0
56754 14.720695810355023 -0.3847237112521637 -0.3847237112521637 3.375573265191305 0.6297380347851811 6.733968132876148 0.5764361842456628 0.0 2.21278536547486 0.0
57086 14.811682841272091 -0.3824292208539689 -0.3824292208539689 5.45242676781725 0.681928320717782 6.549621036664529 0.609467690368255 0.0 1.3735561060081083 0.0
57210 15.132988592904326 -0.3823080620473203 -0.3823080620473203 7.255486378370615 0.6787087080859883 10.645123849738452 0.5845682847097492 0.0 1.5517117840978052 0.0
57279 15.52348667566134 -0.3822393000610071 -0.3822393000610071 3.646777276985615 0.6480198002659301 4.628129190795013 0.5732735276210752 0.0 1.315406389384688 0.0
57311 15.54844929667059 -0.3814816234369347 -0.3814816234369347 5.388648165433104 0.6422197748089292 5.750239436723279 0.5726912359047375 0.0 1.315406389384688 0.0
57495 15.192432973699455 -0.3803075087752374 -0.3803075087752374 4.530365394993005 0.7042176911745411 6.621736339282183 0.5773186672158911 0.0 0.6997470220497609 0.0
57551 15.648613896923266 -0.3800752113785311 -0.3800752113785311 6.696210719732109 0.5801266977555386 7.725768412254821 0.5466069799767361 0.0 5.175477568010421 1.0
57587 14.564266411756998 -0.3788151459412354 -0.3788151459412354 5.172675146776017 0.6954065556871033 6.6482723757079665 0.6030738510037326 0.0 2.357942356960464 0.0
57787 15.435617527746274 -0.378029813844411 -0.378029813844411 4.448604545913909 0.6422243247826467 5.7112409695341935 0.5879154674070616 0.0 0.9350933630376188 0.0
57831 15.669924099320063 -0.3779392183081761 -0.3779392183081761 3.000077321465513 0.6553942582957645 5.500488142099219 0.5494047176544886 0.0 4.727881074378027 1.0
58025 14.590609357282748 -0.3756433209198668 -0.3756433209198668 5.585010766165318 0.6353799903342808 7.008805239128629 0.5877101208291664 0.0 1.4346049437187114 0.0
58169 15.734432332468106 -0.3757497115782272 -0.3757497115782272 3.983857650411042 0.6413237741353967 6.226012830561131 0.550498573174424 0.0 1.4521305925269852 0.0
58341 15.223534693705254 -0.3739816845166473 -0.3739816845166473 5.031140648886171 0.6282138116507024 6.076110214977903 0.5613274762884147 0.0 0.6997470220497609 0.0
58454 15.813299327449911 -0.3734121403502645 -0.3734121403502645 3.273271062798458 0.512516334418782 4.061285722749372 0.4764139366150362 0.0 0.8514430802765853 0.0
58586 15.733945801586772 -0.3723520013116106 -0.3723520013116106 1.9783972351059034 0.6222204798540214 3.839153723116325 0.5487812613401116 0.0 1.4521305925269854 0.0
58641 15.939834175287324 -0.3721504522776248 -0.3721504522776248 2.2705762641682874 0.44284188357494086 3.5205929122057356 0.4039776351143285 0.0 0.865648778595099 0.0
58809 15.620660545792036 -0.3713304635395077 -0.3713304635395077 4.812640069830236 0.6548546019215037 8.067963779915816 0.5438524541823181 0.0 2.6664663109719715 1.0
58869 15.19956974458165 -0.3700629260454144 -0.3700629260454144 4.692943024234011 0.6383383200300272 5.591345504652455 0.5833369262988343 0.0 0.6997470220497609 0.0
58917 15.698701498644771 -0.3701461381858574 -0.3701461381858574 3.2594095249901263 0.6142367971843837 5.091132030994652 0.5568912665742215 0.0 1.4521305925269854 0.0
59052 15.829501870034196 -0.3691787019464285 -0.3691787019464285 3.058451219430829 0.513221164204164 4.3354217303583615 0.4699195742549264 0.0 0.8514430802765853 0.0
59202 15.60885729444486 -0.3680938765768575 -0.3680938765768575 4.293228081748114 0.6027353637976446 6.352100754040006 0.555679582703752 0.0 2.6664663109719715 0.0
59216 15.815778337899882 -0.3680140311604815 -0.3680140311604815 2.7590081903734895 0.5285624233753007 4.374463203414653 0.4681677160907613 0.0 0.8514430802765853 0.0
59967 15.485967907201909 -0.3630410579940146 -0.3630410579940146 6.843285184506347 0.6547933595978015 11.461215546769932 0.576291560922179 0.0 0.7681691065769651 0.0
60022 15.177845001905167 -0.3617468581802486 -0.3617468581802486 3.3917675493952513 0.739364201767744 6.181469181704354 0.5743381030984889 0.0 0.699747022049761 0.0
60159 15.951828100741352 -0.3617984524575849 -0.3617984524575849 3.575155640520237 0.47592719881553086 5.468503494066833 0.4100254446359643 0.0 0.8656487785950991 0.0
60365 15.151256369972316 -0.3594837458079643 -0.3594837458079643 2.3335378838356378 0.6136956590561374 4.525337442572496 0.5772914473346726 0.0 2.6808078501801713 0.0
60416 14.780584572469923 -0.3588823151849728 -0.3588823151849728 3.4545834126504005 0.6764810064908311 6.719162011110305 0.6122383111728542 0.0 1.3987586893569681 0.0
60547 15.676914591965094 -0.3589271360085125 -0.3589271360085125 5.426430107372658 0.6105209789713969 8.828792551309874 0.557361240871511 0.0 3.389482279752513 1.0
60666 15.641379719935353 -0.3585899632621134 -0.3585899632621134 5.010179666466977 0.6298384764483521 10.149700122350477 0.5534830258462858 0.0 6.198999249768759 1.0
60681 14.719323944177331 -0.3567111707130771 -0.3567111707130771 2.826196230954328 0.6371424307984229 5.4505934817775765 0.5940105576306056 0.0 3.7275939839642946 0.0
60715 15.104964931523224 -0.3568120700097099 -0.3568120700097099 4.263669325154263 0.6366936269273528 5.587086636198442 0.5666373617832653 0.0 2.15935867407176 0.0
60825 15.701018589428756 -0.3564211270590979 -0.3564211270590979 4.506485292767275 0.596687712830909 5.667511084392175 0.5579642372089457 0.0 1.4521305925269856 0.0
60991 14.396617098517122 -0.3540624096699141 -0.3540624096699141 4.208673319165686 0.6642709748527585 4.928542813346317 0.5971018940460785 0.0 0.7330588624227514 0.0
61015 14.896976167687132 -0.3544023619254764 -0.3544023619254764 3.4023580660944472 0.6516322782600165 5.486101134398494 0.5989785979852167 0.0 2.6415250722431027 0.0
61197 15.128444249896445 -0.353528191352619 -0.353528191352619 5.766485740000131 0.6681304472918925 8.50362351549915 0.5912114422199816 0.0 2.15935867407176 0.0
61216 15.204190417519737 -0.3531126793658521 -0.3531126793658521 2.863440084513506 0.6702353756587113 5.747057775110671 0.5896721154462566 0.0 0.699747022049761 0.0
61426 15.632261122159017 -0.3528078385025876 -0.3528078385025876 3.775425131147814 0.6369635123859464 4.97806522827249 0.5550791744439544 0.0 4.645386164060036 1.0
61498 15.05486505163582 -0.3511364417945122 -0.3511364417945122 3.387008190504644 0.6284396629334534 6.398842723767364 0.5622745839435225 0.0 0.7593009036492201 0.0
61581 14.350210579125532 -0.3499673852632857 -0.3499673852632857 3.9098114616119757 0.6776886197632895 7.6168129189333325 0.6217694285499106 0.0 0.0 0.0
61611 15.04747063363586 -0.3502587017661687 -0.3502587017661687 5.429177332470458 0.6293986057015218 6.055352802247479 0.5569064731398405 0.0 0.7593009036492201 0.0
61706 14.910612602114952 -0.3496738181533019 -0.3496738181533019 6.295327987687509 0.668182512425495 9.931075804856269 0.6025128433288585 0.0 2.6415250722431023 0.0
61724 16.01087414227254 -0.350499097193622 -0.350499097193622 2.214414979442594 0.474440714510828 3.8243997491834696 0.4244859357151726 0.0 1.208080882782024 0.0
61804 14.711902745509164 -0.3486546783372028 -0.3486546783372028 2.760556272832753 0.670041667659079 5.4054061612736355 0.6003802802318725 0.0 3.7275939839642946 0.0
61851 15.706725483537271 -0.3498097693728368 -0.3498097693728368 9.852224032297356 0.6671749314640332 13.024369373567168 0.557364794649759 0.0 1.4521305925269854 0.0
62120 14.883172287562932 -0.3465657777104299 -0.3465657777104299 5.187644793845299 0.6987627958244284 7.71249144521627 0.597746994930147 0.0 1.541263985738694 0.0
62255 15.326323575958256 -0.3459407398921847 -0.3459407398921847 5.753484062015717 0.6379316373782453 7.976932977532869 0.5647845042112115 0.0 0.9299629990236553 0.0
62262 15.316197610440586 -0.3457004569152386 -0.3457004569152386 3.7913172926966476 0.6980151952466088 5.4770350083035755 0.5773547457907131 0.0 0.9299629990236553 0.0
62514 14.726880472251665 -0.3435462925005001 -0.3435462925005001 3.1544705736493635 0.6498855572727346 6.429693124242265 0.5943594330712921 0.0 2.139982430088854 0.0
62638 15.841719157484247 -0.3441387065617063 -0.3441387065617063 2.7396237463915587 0.5325871105281889 4.357260470252797 0.4576132007103387 0.0 0.8514430802765852 0.0
62642 16.08552041054322 -0.343580929151382 -0.343580929151382 3.9280131154857143 0.5137547135426884 5.0820313971979045 0.4743499511374301 0.0 5.59644726073372 0.0
62801 16.060712833192913 -0.3424264254304506 -0.3424264254304506 1.8077827878610846 0.5243025040409955 3.6940793530672784 0.443255292788021 0.0 2.028448167361898 0.0
62841 14.404909219930293 -0.3409642793024816 -0.3409642793024816 2.3859671863606073 0.608337597750073 3.263788912880376 0.5800191009000923 0.0 0.7330588624227514 0.0
62866 14.657620122782347 -0.3410262662153828 -0.3410262662153828 3.2473627317697407 0.6341301411384679 4.494970664963518 0.5876309720070996 0.0 1.2275618423387027 0.0
62960 14.377405083052375 -0.3402588410448999 -0.3402588410448999 4.852808000459085 0.6795639692781795 6.426654386320064 0.5832864652229143 0.0 0.7330588624227514 0.0
63123 16.064702738707883 -0.3410574407222503 -0.3410574407222503 6.38776278999858 0.5065497864181954 8.332095772996611 0.44597474433625234 0.0 2.028448167361898 0.0
63206 14.945290004978483 -0.3401151678776103 -0.3401151678776103 12.693618201945377 0.6666447870877059 18.801638512868507 0.5774028248051262 0.0 0.875570929942036 0.0
63218 15.849547589257288 -0.3399498191746895 -0.3399498191746895 4.403794749968778 0.5072823042783738 8.24173709823883 0.4507919036274213 0.0 0.8514430802765853 0.0
63294 16.084301005707346 -0.3399682749694345 -0.3399682749694345 8.221670869625623 0.5721839288839554 11.08604214704817 0.4778698268559822 0.0 5.59644726073372 0.0
64590 14.555929422733474 -0.3288603102730243 -0.3288603102730243 2.616400734724928 0.64537958374766 4.627256712483113 0.5998620595320641 0.0 1.6261860075758392 0.0
64635 14.363945703689248 -0.3319066001058046 -0.3319066001058046 3.048091955837916 0.6843185154485166 5.754428388453066 0.6000383707115924 0.0 0.47963350132687405 0.0
64781 14.841149961123374 -0.3274395441444998 -0.3274395441444998 3.531554129179423 0.6580541586730189 6.116405167427101 0.5697231872672522 0.0 1.667034359222558 0.0
64830 15.709156383627578 -0.3280974554914428 -0.3280974554914428 5.170282269422365 0.6326848110660523 8.273670886039042 0.5487399293539664 0.0 1.5003863898282601 0.0
64920 14.915648295588948 -0.3264778516799755 -0.3264778516799755 3.8727912643142743 0.667312771227766 6.367984726447659 0.5793810946965116 0.0 2.6504448778060463 0.0
64992 14.383078097000794 -0.325428333573965 -0.325428333573965 3.1666938969414162 0.6364796860876564 5.08903234034646 0.578917429643213 0.0 0.7330588624227514 0.0
65304 15.645822733875905 -0.3238782987096213 -0.3238782987096213 4.024927545410441 0.6078428161708099 4.867249924334547 0.5408331976604405 0.0 1.905701408137127 0.0
65394 16.020615455120865 -0.3239509693498033 -0.3239509693498033 6.094291846658976 0.47149810095482075 7.214849696665251 0.42241542210143707 0.0 1.2080808827820237 0.0
65398 14.54074356234058 -0.3224388008880628 -0.3224388008880628 4.279316713788263 0.682280665328032 5.00899378611683 0.607665731656398 0.0 0.9844580293180714 0.0
65475 14.504268294763367 -0.3218305208492434 -0.3218305208492434 3.000182260931894 0.4213731337665317 4.887217651485444 0.3853323641319727 0.0 0.9844580293180714 0.0
65658 14.610470422717 -0.320534524738835 -0.320534524738835 3.3517987462323635 0.6767150079944405 6.247711479486949 0.6200399746399177 0.0 1.4776749201253594 0.0
65673 15.232736584769572 -0.3209545316839677 -0.3209545316839677 2.819420360428146 0.6740006159657164 4.62292316318186 0.5673765862868733 0.0 0.5448211951085367 0.0
65707 15.569701330647778 -0.3214903456559491 -0.3214903456559491 3.560332264903481 0.6646936409828971 5.710950744310607 0.5649519051931036 0.0 1.2770001634511203 0.0
65887 15.959237003905226 -0.3198014530507301 -0.3198014530507301 1.6029236956342836 0.44675307550141174 3.281319340449521 0.40052493353026847 0.0 1.9611823971042532 0.0
66056 15.939267622085431 -0.318844937096451 -0.318844937096451 3.7435814239005825 0.4698845869285901 5.291254812385426 0.4043678940451928 0.0 2.0599338033481454 0.0
66161 15.610571818393517 -0.3177111396139424 -0.3177111396139424 3.9808208438900623 0.6555585439676401 6.750136536303723 0.5627701814970204 0.0 3.126458684108777 0.0
66162 15.044318903989303 -0.3171673861305019 -0.3171673861305019 2.0689030826367834 0.5838076593227199 3.9133868715536564 0.5424041221581531 0.0 0.8273386195038923 0.0
66240 14.957503067688425 -0.3164494545095931 -0.3164494545095931 3.6668814383188146 0.6145178053986458 4.558803475341954 0.5616854679428679 0.0 0.875570929942036 0.0
66292 15.930066960928029 -0.3197584344752808 -0.3197584344752808 17.42036692804371 0.49274065540142525 21.813965167162525 0.4386679573662307 0.0 1.8441042736174467 0.0
66828 14.947228652905997 -0.3120409967983059 -0.3120409967983059 3.043907124430736 0.6380433963688298 4.038568967859536 0.565938799713379 0.0 0.875570929942036 0.0
67093 15.155385981819697 -0.3104813482438882 -0.3104813482438882 6.8637230790946555 0.6426168461801284 7.542905147221823 0.5665974590340243 0.0 6.214183229767273 0.0
67255 15.698263611364714 -0.3110033149271957 -0.3110033149271957 20.671305069755128 0.6686995227582165 28.52494576269755 0.5739458355103539 0.0 3.944180243335181 0.0
67331 15.069548731761872 -0.3088556349294646 -0.3088556349294646 7.6741468217207816 0.659993232693374 8.839369290680356 0.5546306387002262 0.0 0.8273386195038923 0.0
67341 15.625832886469702 -0.3087766251464763 -0.3087766251464763 3.506789960234464 0.6284791811724322 5.240312045000787 0.5574589182692984 0.0 1.9057014081371269 0.0
67343 14.927305229119897 -0.3081361820589426 -0.3081361820589426 3.3014964314928528 0.6547889245958981 5.641097112523608 0.5818886972827345 0.0 1.89845181093369 0.0
67363 15.15960582540866 -0.3083003341079984 -0.3083003341079984 3.8952665940513937 0.6387396843956126 6.386933961354292 0.5754893598627343 0.0 1.7414583628970568 0.0
67628 15.963832144476434 -0.3074012910508935 -0.3074012910508935 5.707590621225109 0.47778434064886965 9.619229188392847 0.41718890875932485 0.0 1.9611823971042532 0.0
67638 14.70592181745924 -0.3064842533881359 -0.3064842533881359 10.080643901747894 0.6817364841392373 12.820562251205807 0.5977130795246933 0.0 1.7182151914301607 0.0
67656 14.615045342088344 -0.3056299215771626 -0.3056299215771626 3.436265745943277 0.6686970832806008 5.0986862562131945 0.6237055938946621 0.0 1.4776749201253592 0.0
68020 15.13538725985232 -0.30376571254924 -0.30376571254924 6.100800733156274 0.6469195942753303 10.30512770426861 0.5720488904864119 0.0 1.841220385248872 0.0
68028 15.560680498734229 -0.3035074510808592 -0.3035074510808592 2.931518758577729 0.6369080355472095 5.393537829526138 0.5900470132994041 0.0 1.2770001634511206 0.0
68256 14.802228996032174 -0.3018005793504163 -0.3018005793504163 5.241761497237661 0.7503891032966725 7.417200542505422 0.6184515387711279 0.0 1.4419353020032615 0.0
68290 15.700202205834794 -0.3028993074574426 -0.3028993074574426 5.023657756752752 0.6154584354198609 9.856970515179817 0.5567811767045824 0.0 3.055410671285179 0.0
68345 14.488008680291696 -0.3006994480947964 -0.3006994480947964 3.302854464071898 0.6371150752894634 6.017447508149896 0.6094210277147378 0.0 0.5640792528960361 0.0
68451 15.973308213472915 -0.3013268886317599 -0.3013268886317599 1.7871845225913319 0.47467956041551407 3.385867633703168 0.4152177593004436 0.0 1.961182397104253 0.0
68511 15.338911708632 -0.3001137808134796 -0.3001137808134796 3.7398494416998593 0.6175468055532172 5.332013558648004 0.5698437067034886 0.0 0.5580573579823608 0.0
68711 15.12313972818103 -0.2981831366473017 -0.2981831366473017 2.8984051421511965 0.6647691194230566 5.194245421900629 0.5799682664199362 0.0 1.841220385248872 0.0
68784 15.852756461835504 -0.2986332695265826 -0.2986332695265826 4.330515713734985 0.5366177774224293 5.418296333027513 0.46312692629013147 0.0 1.8582549179772105 0.0
68958 15.535465029074022 -0.2966121221539333 -0.2966121221539333 2.7481524279065086 0.6268022463138684 5.350810084098039 0.5815194648731709 0.0 1.2187113085826948 0.0
69475 14.843987827520188 -0.2922046976687791 -0.2922046976687791 4.472870413343661 0.7049189040399596 6.933618364768003 0.6254653192998038 0.0 1.6670343592225578 0.0
69535 14.9885069843663 -0.2917344768950889 -0.2917344768950889 2.399035175786967 0.6454107854014034 4.841444730131071 0.5813731676686283 0.0 1.2827339788927776 0.0
69563 14.836280665360787 -0.2913722498905203 -0.2913722498905203 3.132369935749261 0.675863028216414 5.97038505457981 0.6284441580321144 0.0 1.667034359222558 0.0
69584 14.437119397727392 -0.2920042006444742 -0.2920042006444742 13.789917201946338 0.7268680066454182 17.889934729756114 0.6315895736817959 0.0 0.5640792528960361 0.0
69627 16.04613025200075 -0.2931593316948198 -0.2931593316948198 3.732510632097582 0.4829611655323052 7.275844634848547 0.4476816781079998 0.0 2.222795195276391 0.0
69792 14.827055298559358 -0.2901936059502909 -0.2901936059502909 3.799180284590506 0.6829871372432266 6.986026293119453 0.639930522997993 0.0 3.594428965032093 0.0
69910 14.638960570057025 -0.2887937077543432 -0.2887937077543432 4.277551155551431 0.7185848510994348 6.267665686829292 0.6372263681474378 0.0 1.4776749201253592 0.0
70338 14.928698671130965 -0.2858937587531668 -0.2858937587531668 2.780524515023975 0.6472078763364995 5.673228804569009 0.5875521708372528 0.0 1.8984518109336903 0.0
70459 15.496297589763152 -0.2848653986579091 -0.2848653986579091 3.3178732974922944 0.6509080797051268 5.39154513850563 0.6016006554078398 0.0 1.6572838859881291 0.0
70599 15.53917313218561 -0.284388807044461 -0.284388807044461 6.453593570560865 0.6492482325554958 9.697990442614504 0.5897239156270236 0.0 1.2187113085826948 0.0
70609 14.965706907013203 -0.2843020397168456 -0.2843020397168456 5.527319425391765 0.6534796559937674 8.646240756913903 0.603853274404769 0.0 1.2827339788927774 0.0
70704 15.893953891313096 -0.2832915628571856 -0.2832915628571856 2.1313254550830245 0.46723710893702286 3.8596264473066646 0.42044024245200645 0.0 1.9965264786067265 0.0
70920 15.275753484774246 -0.2813216000617772 -0.2813216000617772 3.155058749701423 0.6603556608386886 4.645060883985419 0.6089924369076261 0.0 0.5448211951085367 0.0
71400 15.932509804844887 -0.2783768083667339 -0.2783768083667339 4.846983139018477 0.47778419340570294 5.6532273422767725 0.4286425300364909 0.0 3.5763509619237817 0.0
71725 14.64808847935787 -0.274524705982985 -0.274524705982985 4.057708381406468 0.6417335311223183 7.273822586529469 0.6058697474123202 0.0 2.429884163515935 0.0
71774 15.710699653641536 -0.2752239977947718 -0.2752239977947718 5.200460027231774 0.626450961199529 8.756353288327293 0.5613208580202282 0.0 3.241564028151762 0.0
71824 14.690299626620355 -0.2753330175062857 -0.2753330175062857 11.385686170592654 0.6998336434535827 20.694111699181818 0.6191292803358439 0.0 2.168015238083481 0.0
71949 15.604942400640422 -0.274208467280332 -0.274208467280332 4.7414540287203994 0.6418083551372108 8.806436839688422 0.553403786892162 0.0 1.326029631468744 0.0
71975 15.885153550164423 -0.2743335854601645 -0.2743335854601645 3.5233253298941682 0.4821877862825983 6.8666214041480345 0.4301831315350223 0.0 1.9965264786067267 0.0
72004 15.936163118660096 -0.2732590034090216 -0.2732590034090216 3.008882862907595 0.45434212476293717 3.661014407951534 0.4122857377337478 0.0 3.4365589696153664 0.0
72017 15.945325112444008 -0.2738533982387559 -0.2738533982387559 6.721502611870889 0.4589644765617441 8.744163571416498 0.4148165171346317 0.0 3.1952246212927853 0.0
72039 15.811819183062454 -0.2728539536783509 -0.2728539536783509 1.9561550898762894 0.5531232142109503 3.7086058079362134 0.4697984496463071 0.0 1.6230638983839905 0.0
72096 15.243130497071782 -0.2720540947563419 -0.2720540947563419 4.465466618528276 0.6603578838917791 5.26391428297075 0.5913734996584936 0.0 0.5448211951085367 0.0
72186 15.883966174355546 -0.2718719290478704 -0.2718719290478704 3.428636196077087 0.47637324442940127 4.554967712515584 0.4246025279689249 0.0 1.9965264786067267 0.0
72321 14.89682082020925 -0.2703004709005226 -0.2703004709005226 3.5018229113324795 0.6306556100449979 5.057526808577147 0.5965958411739668 0.0 1.7665418889493887 0.0
72471 15.692422260757454 -0.2694349431850833 -0.2694349431850833 3.0579334751433214 0.608104820433908 5.746518656649642 0.5470471720671864 0.0 2.9122428793681623 0.0
72484 15.836694112747464 -0.2696843222554193 -0.2696843222554193 6.874289582038661 0.5395260099385011 7.935734901872387 0.45021611429519676 0.0 1.6230638983839907 0.0
72691 15.215038036671327 -0.2681256091980868 -0.2681256091980868 7.6675474812662685 0.6406448216690719 8.408905925704067 0.5744896279623383 0.0 0.5448211951085367 0.0
73020 15.312737824401086 -0.2651596717048841 -0.2651596717048841 4.995556384016791 0.6323161632091294 5.507406550035565 0.5663284534718606 0.0 0.5580573579823609 0.0
73331 14.72862277124776 -0.2627624324543164 -0.2627624324543164 4.03339724193208 0.6348296226831647 4.60144108871304 0.5932786853276484 0.0 1.9177917526544896 0.0
73462 15.307090975857667 -0.2621440079827041 -0.2621440079827041 2.821083425640144 0.6128317830869036 5.55204947291514 0.5657589991356434 0.0 0.5580573579823609 0.0
73476 15.855973903155952 -0.2627010218679701 -0.2627010218679701 3.459353329867687 0.5234060197420954 6.569083122975574 0.46277393052683846 0.0 3.578070191340105 0.0
73529 15.5503506632441 -0.2617338299226883 -0.2617338299226883 5.14931059991641 0.6505200999240068 6.309634777857493 0.5783627698403544 0.0 1.1570291151825325 0.0
73632 15.163178577706958 -0.2607593673524927 -0.2607593673524927 3.579769242998643 0.6319789338311234 6.247503016915083 0.5707615600680911 0.0 1.5156495515987731 0.0
74100 14.783473460435662 -0.257108151661617 -0.257108151661617 3.39700332058722 0.680880118111325 4.244118085362823 0.6103091375005255 0.0 1.918654876292438 0.0
74108 15.118142236062472 -0.2571987522974337 -0.2571987522974337 1.8663972096585475 0.6107586381184219 3.643369512669981 0.5666515640202492 0.0 1.701231931861324 0.0
74135 15.733017962595508 -0.2577045852130353 -0.2577045852130353 5.7873601956445935 0.6270950593602791 8.454925165094252 0.5574322649324384 0.0 2.396534293873853 0.0
74177 14.611319173448384 -0.2568942782788546 -0.2568942782788546 3.7292324648039257 0.7142344140703762 4.8068507590481175 0.638817327713824 0.0 1.2560513022882867 0.0
74215 15.722885593756548 -0.2569610216887142 -0.2569610216887142 3.148777575408168 0.6228731993516742 6.482683820722353 0.5636403034994296 0.0 7.130331481291126 0.0
74365 15.491597488000073 -0.2562078325111057 -0.2562078325111057 7.942026892012483 0.7051061371265201 10.474549575639045 0.6009813709201018 0.0 1.657283885988129 0.0
74660 15.2082238308673 -0.2537166479975091 -0.2537166479975091 2.2545515569916095 0.6321583095853435 4.317765632949723 0.5786703390469121 0.0 0.5448211951085367 0.0
74886 15.536169674079256 -0.2521494011691084 -0.2521494011691084 2.718621947026544 0.6332783539329473 4.497499512963182 0.5796754788707288 0.0 1.1570291151825325 0.0
75056 15.702388365382271 -0.2516835816919356 -0.2516835816919356 8.297490213506327 0.6113225108315771 13.315886060770575 0.5329536343441004 0.0 2.567104797977822 0.0
75129 14.732557269182273 -0.2503196432398078 -0.2503196432398078 10.408224227603915 0.6954088068906998 12.300887077517203 0.5850478258810904 0.0 1.91779175265449 0.0
75387 16.03934639740449 -0.2492397725913669 -0.2492397725913669 2.3157306220913774 0.47819725555977305 4.507422408640063 0.44299805589730173 0.0 2.409484622605211 0.0
75425 15.512162671912884 -0.2483653846193343 -0.2483653846193343 3.1489243619010203 0.6504630593055136 6.136917163442282 0.5847438233287888 0.0 3.55425764768058 0.0
75815 15.450162451617018 -0.2456446382167197 -0.2456446382167197 2.4743953612172227 0.6237151162129393 4.741745799064963 0.5831274980263572 0.0 1.3184244806919903 0.0
75850 15.494012264881349 -0.2454765981538166 -0.2454765981538166 6.21754634016552 0.6544221073244634 7.361373518951171 0.5791452963593536 0.0 3.5542576476805796 0.0
75916 15.17810954073461 -0.2446685623995232 -0.2446685623995232 6.82930583122349 0.6761397288255149 7.9133512493132585 0.5829947463823831 0.0 1.5156495515987731 0.0
75961 15.541379504252586 -0.2443353552844674 -0.2443353552844674 3.5016416171377998 0.6154760467876772 4.379507894645751 0.586813577258044 0.0 1.1570291151825325 0.0
76004 14.809297134778877 -0.2437634710903363 -0.2437634710903363 3.3827809970306677 0.709118135582317 5.879996249962968 0.6035230949279089 0.0 2.8821151290525617 0.0
76087 14.853037421208944 -0.2441560672118419 -0.2441560672118419 14.754782031126576 0.6845619677628132 17.51072727668255 0.6093176591213504 0.0 4.698032133804046 0.0
76096 14.86629398283683 -0.2433792158777987 -0.2433792158777987 4.3305614235639 0.6830941845006409 6.630236436059052 0.6237612182498482 0.0 4.19178335044142 0.0
76153 15.465312698381936 -0.2429929514555554 -0.2429929514555554 3.2321354357774776 0.6509758849418334 5.760639388501931 0.5850392762116822 0.0 1.3184244806919903 0.0
76299 15.752772682019158 -0.2428155437024598 -0.2428155437024598 8.959799109900109 0.6287918743385673 10.894160010870143 0.5343173323667287 0.0 1.4286703762222308 0.0
76519 15.833430045884048 -0.2410611836638952 -0.2410611836638952 6.2570223784967025 0.5308389825796779 9.766982669456608 0.458783114810386 0.0 1.4143534212759508 0.0
76588 14.712887448082784 -0.2395763968294012 -0.2395763968294012 6.741558282157415 0.6739623082179832 7.3378494383506485 0.6042553535111104 0.0 1.7080155014931282 0.0
76656 15.596921060167176 -0.2395255626853084 -0.2395255626853084 3.2962502307342882 0.6113473071409807 5.409057797183534 0.5743339827758825 0.0 1.1570291151825325 0.0
76670 15.439349177040173 -0.239165745489194 -0.239165745489194 3.1595983151329956 0.6287257118310375 6.1380841160604565 0.5696214668029073 0.0 1.3546381259110913 0.0
76706 15.56415722705994 -0.2393202796589323 -0.2393202796589323 7.212540255844378 0.6432839658854481 8.305162382959479 0.5850913210366039 0.0 1.1570291151825325 0.0
76739 15.726124806045268 -0.2388819423392236 -0.2388819423392236 2.3678516729813577 0.647913260925767 4.7784617362901995 0.5588555531207614 0.0 7.130331481291128 0.0
77082 15.48471919097215 -0.2370758760473075 -0.2370758760473075 8.254738003662753 0.6719729078523663 16.139884357134566 0.6054951843353846 0.0 3.641500826420908 0.0
77135 14.841930501141176 -0.2356281767242415 -0.2356281767242415 3.268712698394994 0.6843106037064629 5.48829803890818 0.6124889169193788 0.0 1.83615661323277 0.0
77152 16.07411662277358 -0.2383226344297707 -0.2383226344297707 2.231273665666818 0.49617598960797943 4.087576857500238 0.4622953679321163 0.0 1.6117058244692983 0.0
77187 15.891517250064156 -0.2359586469190454 -0.2359586469190454 2.2247958747291907 0.49564809533834214 4.608957587227717 0.4399609403521272 0.0 2.490314525523342 0.0
77291 14.57976209652826 -0.2341808960950191 -0.2341808960950191 4.20520892616623 0.7035496339108479 4.660163926499083 0.6283164924113576 0.0 2.1602763458457312 0.0
77840 15.940982093868836 -0.2317376030077383 -0.2317376030077383 6.666763611004882 0.48276192825858766 10.703523499720058 0.43655736073914003 0.0 4.742885108190129 1.0
77869 15.428719618372996 -0.2309054080895508 -0.2309054080895508 6.29586285706585 0.6691899909001324 11.044174518964152 0.5970953916619652 0.0 1.576549212994463 0.0
78068 15.96625149405302 -0.2298357690407682 -0.2298357690407682 4.066739871039479 0.49343856839434524 7.439484534761508 0.4349302710938992 0.0 2.5123550290113528 1.0
78312 15.001851284597798 -0.2276004587361114 -0.2276004587361114 8.756786437241287 0.6539751708583744 13.028730477525851 0.582650094272368 0.0 0.7180904306775046 0.0
78333 14.482816559568482 -0.2270183884442657 -0.2270183884442657 8.711761096919812 0.7103639603994688 16.046454754434222 0.6178961965398375 0.0 2.066519792658268 0.0
78403 15.986337979524883 -0.2266648002417069 -0.2266648002417069 2.2039699616354356 0.439242392834779 4.395041768391943 0.41299310699320524 0.0 2.512355029011353 0.0
78561 16.070228710569125 -0.2261176212257814 -0.2261176212257814 207.8250587622653 0.6606047385967533 207.91263755836863 0.6216863782973758 0.0 1.6117058244692979 0.0
78613 14.950677050977934 -0.2246845364584588 -0.2246845364584588 3.2011547301001517 0.6240411574138693 5.659483022073901 0.5574259943164718 0.0 2.3927731775123746 0.0
78695 15.308124337318072 -0.2241581667947292 -0.2241581667947292 2.6233134772176907 0.5974523674005146 4.9740418620074465 0.5607816107991191 0.0 0.4816403165315575 0.0
78756 14.846859016415896 -0.2248523015256811 -0.2248523015256811 15.2966840275951 0.6934745603366993 23.08095921821929 0.6050201883949186 0.0 1.8361566132327698 0.0
78798 16.0636930322141 -0.2242627020794785 -0.2242627020794785 4.442584162289623 0.4847544773512574 5.487019451299389 0.45456426498968705 0.0 5.1281503463868745 0.0
78838 15.92144025201802 -0.2234075985012454 -0.2234075985012454 2.4842164462977028 0.4668919652558586 3.0652251585557893 0.42516004624559167 0.0 4.3443539480194335 1.0
78930 15.961073906326494 -0.2242138180416992 -0.2242138180416992 21.99216783228739 0.5031550137383114 31.49620052621091 0.44220224133789693 0.0 12.967916648719275 1.0
78975 15.038666485253152 -0.2220583141236999 -0.2220583141236999 3.8664897459281513 0.6124564785465819 5.415041278168478 0.5420229665650473 0.0 0.7180904306775047 0.0
79062 15.093152572375237 -0.2244281987124261 -0.2244281987124261 24.05791938317062 0.6693110917618522 34.06636377320759 0.5944553593319718 0.0 0.6393659132017548 0.0
79243 15.93971804789884 -0.2211450510047572 -0.2211450510047572 6.879621794531634 0.47912751473213594 8.414485486313504 0.4219521175763665 0.0 8.014532764416874 1.0
79478 15.62094538006274 -0.2188371389404444 -0.2188371389404444 2.4944413744976397 0.5581952988495943 4.626035294350486 0.5405770166023892 0.0 1.3175898805292465 0.0
79505 15.897857315038792 -0.218705869146826 -0.218705869146826 4.248275490872655 0.47846738689330415 4.993065133960913 0.425938928854286 0.0 2.4903145255233414 1.0
79532 15.90759618001189 -0.2192180266177415 -0.2192180266177415 3.581290865261168 0.4500760950804505 5.078987251352283 0.41761053364603024 0.0 4.3443539480194335 1.0
79646 15.951451418966458 -0.2176569348481891 -0.2176569348481891 1.6824578966248778 0.436443806650175 3.209205711712925 0.4090290218696616 0.0 7.488249532390733 1.0
79681 14.47612351818433 -0.2172345353271184 -0.2172345353271184 5.17506828164983 0.678034279071685 7.97729479336174 0.6081508223872497 0.0 2.995733669441581 0.0
79824 15.904253124474671 -0.2172049781671137 -0.2172049781671137 5.302230965528563 0.5004668157403956 6.352471068034253 0.42271805979687527 0.0 19.220415238359845 1.0
79877 15.35301250439407 -0.2162180462796257 -0.2162180462796257 2.7346043693924735 0.6205632648897086 3.986282331504812 0.5527217447407257 0.0 1.1063804840051847 0.0
79890 15.472892555035877 -0.2159239539109461 -0.2159239539109461 3.0983780468071638 0.633871896878841 6.10830821846525 0.5887706661160308 0.0 3.641500826420908 0.0
79944 15.436473619264705 -0.2157626920564965 -0.2157626920564965 4.835788557273171 0.7156055984506531 6.7817548619043855 0.5838962214646252 0.0 3.1356872931506725 0.0
80087 14.987971176987848 -0.2144788123864469 -0.2144788123864469 4.413555356439001 0.6344490239089058 5.075155222568274 0.5666943638713229 0.0 0.7180904306775047 0.0
80125 15.90022558246512 -0.2158651455593351 -0.2158651455593351 7.294373983129574 0.4599681366509739 8.158289363332669 0.42484723650371903 0.0 2.4903145255233414 1.0
80442 15.065873061884894 -0.2118771612233063 -0.2118771612233063 3.4488996851350717 0.5891400979507245 4.660544155019602 0.5397730386538204 0.0 0.6393659132017548 0.0
80493 15.962938373183787 -0.2119122472613959 -0.2119122472613959 2.9341575676869485 0.4599409517766577 3.4118971279685284 0.4118861694489947 0.0 7.488249532390735 1.0
80494 14.416608151914614 -0.2118665244197317 -0.2118665244197317 9.038146529219986 0.6960710638660745 14.241286053746718 0.6162148087682496 0.0 0.3810324554315505 0.0
80556 14.540765254364182 -0.2116359053325185 -0.2116359053325185 4.720352054012019 0.6805394678104428 7.064620931795713 0.6081769091797513 0.0 1.7873785596724656 0.0
80601 15.391345976608449 -0.2110038078726531 -0.2110038078726531 2.8927845070757763 0.6399592693428642 5.423759623283402 0.5699282763249844 0.0 1.19642059911938 0.0
80618 15.758680633216658 -0.2110294368734459 -0.2110294368734459 2.5101561561582693 0.5538345625546337 3.669864860910026 0.49560860111291943 0.0 1.8132762381178769 0.0
80767 14.790620130548184 -0.2105732190060678 -0.2105732190060678 14.9075207162638 0.6911656790352408 19.377712404872995 0.6108926524376369 0.0 1.9797783793745434 0.0
80774 14.561068285162744 -0.2090698880000259 -0.2090698880000259 2.9514984604162 0.7333044363459368 5.151441064224068 0.6297846148600412 0.0 2.1602763458457312 0.0
81152 14.566886707562768 -0.2066522949557473 -0.2066522949557473 4.709881052420423 0.6874172876075593 5.2051991707895935 0.6082928833851127 0.0 2.1602763458457312 0.0
81428 16.038509458046338 -0.2062835490258646 -0.2062835490258646 5.873795293200456 0.4712195839682259 7.084852230833335 0.4303625844605381 0.0 1.991819274360811 0.0
81615 14.74942403728923 -0.2034731782731941 -0.2034731782731941 1.874956664832964 0.6460663409804662 3.7646228813706832 0.580076914176663 0.0 2.4811999321455076 0.0
81873 14.636222035346854 -0.2020715532839895 -0.2020715532839895 5.155541815298061 0.681380730929152 6.316133299168233 0.615924750932769 0.0 1.518951340687142 0.0
81913 14.564765811802252 -0.2013643912510309 -0.2013643912510309 4.72720059672817 0.6670518079114306 5.711603429163473 0.5993949437085827 0.0 2.1602763458457312 0.0
81923 15.472404814204692 -0.201684963524522 -0.201684963524522 3.0600912365882476 0.6521170832602767 4.9529337068151555 0.575807950932264 0.0 2.2208065726381605 0.0
82015 15.764431237780546 -0.2023924351577239 -0.2023924351577239 21.31519161749557 0.5682557285155747 26.89185074725793 0.4969317654619076 0.0 1.813276238117877 0.0
82049 15.68343051968414 -0.2010796121098313 -0.2010796121098313 4.937222530436806 0.5969744855391552 6.560154898927887 0.5288881635324236 0.0 6.306898946874225 0.0
82067 14.710326990376132 -0.2003333397933211 -0.2003333397933211 2.2605395445794048 0.7122252931215011 4.53956710545369 0.5865844486931051 0.0 1.309162530780296 0.0
82098 15.409747122546978 -0.2004287820924221 -0.2004287820924221 2.3662129434247543 0.599033413588662 4.472464947847178 0.5591699723636522 0.0 1.1964205991193801 0.0
82196 14.493238655406198 -0.1999218883425493 -0.1999218883425493 3.43254766983135 0.6858144239987414 5.639186441674982 0.6078015349143026 0.0 0.9000015208819052 0.0
82247 15.666406807357388 -0.2016510160675678 -0.2016510160675678 3.8276524863610386 0.6100816339512056 6.400375741297099 0.5317881495908549 0.0 3.7467998990668754 0.0
82414 15.63401057714007 -0.1993670541098948 -0.1993670541098948 18.71758328789807 0.6141047003534539 22.26490357401062 0.5447707710832138 0.0 1.3175898805292467 0.0
82685 15.38256187295741 -0.196803230136969 -0.196803230136969 7.9891418796958 0.6248871296679414 10.25277127994974 0.5662090156203083 0.0 1.19642059911938 0.0
82778 15.565170071837322 -0.1959082662135205 -0.1959082662135205 2.9542877900606337 0.6276089845639659 6.114446726588259 0.5853442315885864 0.0 0.9262931075549545 0.0
82922 16.041544114178905 -0.1949537616951245 -0.1949537616951245 2.2574615348323617 0.45862319614889724 3.412262806599845 0.4190116493483277 0.0 1.991819274360811 0.0
83108 15.491474418022731 -0.1933828154976987 -0.1933828154976987 3.1566103086828856 0.6465562271040926 5.889548960405683 0.6043844612447795 0.0 1.4072096832451746 0.0
83153 15.795675684469254 -0.1940162027352278 -0.1940162027352278 2.3526793575438747 0.5355665757701759 4.414929535532259 0.4814512756454833 0.0 1.590771132591452 0.0
83323 15.6901783737624 -0.1922664423566591 -0.1922664423566591 4.860246534744444 0.6282447186180036 6.8242984804160125 0.5429656835013775 0.0 1.3874067009448114 0.0
83454 15.968652632362748 -0.1919751543164717 -0.1919751543164717 4.320968668735853 0.4921816359741937 6.445130942967697 0.43959730900610655 0.0 2.524570474806871 0.0
83523 15.791560888112487 -0.1914695910390244 -0.1914695910390244 3.66835656531593 0.5753570337559291 4.6147776716693025 0.48151841115195093 0.0 4.396211990676001 0.0
83530 15.458595380392063 -0.1909703686466616 -0.1909703686466616 6.682643076809686 0.6974808140987541 8.146896285045798 0.5838285451658154 0.0 2.2208065726381605 0.0
83679 15.206997621545549 -0.1894729820255577 -0.1894729820255577 3.563078331160547 0.6708789518351402 5.762325501768508 0.58867516476362 0.0 0.4590152852429455 0.0
83922 15.91941374564789 -0.1880888251716391 -0.1880888251716391 1.9966850294741318 0.4649296974403046 3.715318714782567 0.42976726222395767 0.0 2.9024395120103734 1.0
83975 14.627897397535005 -0.187295167351675 -0.187295167351675 4.018723305265854 0.7152295079077153 5.540634891694669 0.63225719470411 0.0 2.198737163769355 0.0
83985 15.494305234769136 -0.1881512247807697 -0.1881512247807697 3.1923677558618144 0.7069728690509925 6.189702616352541 0.6071856239406985 0.0 1.4072096832451746 0.0
84004 14.935383536331653 -0.1874020061007823 -0.1874020061007823 2.732907363023005 0.6281655918800104 5.522407872084885 0.5907274330738141 0.0 1.1701494247758835 0.0
84038 14.84874555170144 -0.1869076845580753 -0.1869076845580753 2.7839101326056 0.6783291859962643 4.588554007201116 0.5989085911289327 0.0 1.79391251281892 0.0
84296 15.239999483491127 -0.1853888880278524 -0.1853888880278524 4.735921465540691 0.5875606046303778 5.963876876262961 0.5595610553590378 0.0 0.4816403165315575 0.0
84701 14.425510454937708 -0.1822253026884542 -0.1822253026884542 2.5652329462219488 0.7243267529647944 4.0539738240041165 0.5875825968444991 0.0 0.38103245543155057 0.0
84772 14.58561181569526 -0.1818130729023402 -0.1818130729023402 3.751466433768368 0.6566056082665623 5.7549247585670535 0.6143764367053587 0.0 1.32331606686379 0.0
84796 14.582109027106682 -0.1825113652160771 -0.1825113652160771 10.984163307803128 0.8126572315580219 15.11095353306839 0.6229338059664556 0.0 1.32331606686379 0.0
84805 15.864944840380732 -0.1820906239157009 -0.1820906239157009 2.0391534520981924 0.48131771049390965 4.065968726911679 0.44286399090049694 0.0 0.9434189798816921 0.0
84851 15.362468833745805 -0.1819232047562686 -0.1819232047562686 5.784501850596502 0.6121924298080154 8.57567894467893 0.5607882676953301 0.0 0.9428863267012029 0.0
84858 15.28197173878904 -0.1829860754643895 -0.1829860754643895 8.419240338601261 0.6646965095467445 14.441840181410347 0.5792969757353008 0.0 0.4816403165315575 0.0
85294 15.612215220416426 -0.1786147994859743 -0.1786147994859743 2.864342435164302 0.5980908388719574 5.118190704591036 0.542707262017909 0.0 1.3175898805292467 0.0
85572 14.960717406548124 -0.176268954985475 -0.176268954985475 2.592932535999754 0.5768727293638114 4.357164543992116 0.5505104191019172 0.0 1.1701494247758835 0.0
85677 14.72242017626055 -0.1756569862950654 -0.1756569862950654 3.764366520048518 0.6239894116793122 7.311717837340698 0.5794315171444071 0.0 1.309162530780296 0.0
85820 15.571785855773314 -0.175213352666088 -0.175213352666088 3.4122722060857904 0.641222388349932 6.336480868559405 0.5482532162460886 0.0 0.9262931075549545 0.0
86054 15.949988133122268 -0.1738082830861411 -0.1738082830861411 7.793076714751734 0.46910773263844635 8.60809120494181 0.41915810106496804 0.0 2.9816863261460904 0.0
86179 15.397837635624557 -0.1725155749701604 -0.1725155749701604 3.0292036888298495 0.5853570436972151 4.429761023034147 0.5601915290978537 0.0 1.19642059911938 0.0
86238 15.485385980224928 -0.1721767642103315 -0.1721767642103315 4.635479331284459 0.6311528328299907 5.235261302045862 0.5625419542526516 0.0 1.4072096832451746 0.0
86244 15.684454618197927 -0.1722485933481595 -0.1722485933481595 2.83352473975009 0.5537867627064623 5.329792576003086 0.5207651277780712 0.0 1.3874067009448114 0.0
86427 15.931880731342114 -0.172144515093188 -0.172144515093188 4.3556668067247 0.46498864828076764 6.779517397969043 0.4185712641177552 0.0 2.902439512010374 0.0
86438 15.894974472812567 -0.1722038592842938 -0.1722038592842938 21.84008505100506 0.5080886361366596 26.066427807123826 0.45615316439477 0.0 0.9434189798816921 0.0
86904 14.442147752413296 -0.1675290176058663 -0.1675290176058663 3.5831733376519557 0.6641454647841589 4.829273039631679 0.5881141442127378 0.0 0.3810324554315506 0.0
86910 16.041433678283617 -0.1693215854931201 -0.1693215854931201 7.6090482997417 0.5126603127863637 11.259157115074732 0.44834917037023236 0.0 1.6075664760801376 0.0
86912 14.440726489486048 -0.1674297919836983 -0.1674297919836983 2.5908285962688744 0.6378810333421673 5.077122290332573 0.5869752612923196 0.0 0.3810324554315505 0.0
87434 15.791021505680138 -0.1643265955728561 -0.1643265955728561 1.818721729340682 0.4998686580375568 3.0474799591707877 0.4420036546642778 0.0 1.1734443041558709 0.0
87783 14.864931966290204 -0.1614106156572348 -0.1614106156572348 2.6697692132839883 0.6130259050250413 4.819526674026465 0.5681362836434317 0.0 1.6175396286374455 0.0
87972 15.8151394345244 -0.1603677943151198 -0.1603677943151198 2.3698506732458564 0.5172467433605842 3.99785580266579 0.4401071474246127 0.0 1.1734443041558709 0.0
88132 14.87938650816398 -0.1596515903232336 -0.1596515903232336 10.277627512352934 0.6620147396599804 15.2837315359618 0.5794756947283523 0.0 1.6175396286374455 0.0
88276 14.684614208007126 -0.1591257572010468 -0.1591257572010468 10.903699845304713 0.6895901674493802 15.089345016199587 0.6271911292994916 0.0 1.268343834640707 0.0
88309 15.798814399010109 -0.158369366695706 -0.158369366695706 3.8854367919133987 0.48926651468779236 5.7956966383579385 0.4529172304078297 0.0 1.1734443041558709 0.0
88532 15.268128966418669 -0.1563947808009705 -0.1563947808009705 3.884543068188061 0.6141825205367981 5.096217152891325 0.5573325531253641 0.0 0.4816403165315575 0.0
88592 15.872981232903566 -0.1561342077044871 -0.1561342077044871 2.3950248142901502 0.4683266587809278 4.232032020317595 0.44105578732468964 0.0 0.9434189798816921 0.0
88838 15.807523559829392 -0.1545000054705486 -0.1545000054705486 5.009728701020511 0.45062436462797095 5.02606634283634 0.4506236399529835 0.0 1.1734443041558706 0.0
89180 15.941123587011596 -0.1523896967200567 -0.1523896967200567 1.8955939444073957 0.45593891932910746 3.05241134153021 0.4233562977686026 0.0 2.9024395120103734 0.0
89241 14.647669941157538 -0.151445477123825 -0.151445477123825 3.284479756648691 0.6875569726310876 5.6646281461685275 0.6024651119666653 0.0 1.2683438346407072 0.0
89305 15.87133003258036 -0.1514333554097894 -0.1514333554097894 2.8529774265751895 0.522306982652477 4.204577666990917 0.43792364683940554 0.0 0.9434189798816921 0.0
89325 14.850793840012162 -0.1509388453442743 -0.1509388453442743 2.908771873828834 0.6020478470529653 5.649990185069059 0.5711497974656766 0.0 1.6175396286374455 0.0
89363 14.892018221702855 -0.1510942460364482 -0.1510942460364482 3.4601212549934495 0.6548478191549528 5.625715046913443 0.5611332545815568 0.0 7.717961389785262 0.0
89405 15.98980337418033 -0.1511570113643128 -0.1511570113643128 2.507290986825862 0.49605674741621153 4.112632796789761 0.42781126782666307 0.0 1.1503524497520008 0.0
89441 15.310190457951071 -0.1502724649563999 -0.1502724649563999 2.9767932496568115 0.6081963749947097 5.7595199483538115 0.5573972421902841 0.0 0.4816403165315575 0.0
89469 15.097785030994054 -0.1501099138379223 -0.1501099138379223 4.1682616328266455 0.600981317685939 4.847995656794962 0.5564170560702523 0.0 0.9663689455246294 0.0
89487 14.37205274468503 -0.149569650695575 -0.149569650695575 3.4491211524751635 0.6851133662798145 4.923952902722897 0.6180756880933778 0.0 0.8950819037466334 0.0
89779 14.934145326886782 -0.1479647028303227 -0.1479647028303227 4.546880034279598 0.655198404403262 6.464833295590727 0.5799582875136238 0.0 2.217356537793685 0.0
89805 14.894271400461442 -0.147866322171268 -0.147866322171268 7.234399339831681 0.6841699952229874 9.006788685264095 0.5622519479212037 0.0 5.954457975631181 0.0
89846 15.43147469472871 -0.1479728798192514 -0.1479728798192514 4.697693627439078 0.6264921242260676 8.913099115959302 0.5785706143638296 0.0 1.8513552259676098 0.0
89865 14.556954815516091 -0.1470749567300373 -0.1470749567300373 2.604596525497992 0.6756757542994347 4.936388937669505 0.6200535717045187 0.0 1.32331606686379 0.0
89966 15.709134116280042 -0.1469109126535614 -0.1469109126535614 3.685796126895595 0.5556981376614026 4.120469392866922 0.4972920361698024 0.0 0.6917141194681062 0.0
89985 15.867402095527186 -0.1472235582510987 -0.1472235582510987 2.993870184219092 0.491456952578871 4.165939341749644 0.44232474367938773 0.0 0.9434189798816921 0.0
90077 15.95379747207228 -0.1462715558578204 -0.1462715558578204 2.022736593217453 0.45891247480360564 3.35786952655253 0.4137710367772968 0.0 2.9816863261460904 0.0
90147 15.754659353411055 -0.1464213300018416 -0.1464213300018416 4.21215326638298 0.5385867951388172 7.223215239157006 0.4739972772743408 0.0 2.150082232633414 0.0
90508 14.620638440131255 -0.1428633612181854 -0.1428633612181854 3.5537188896000873 0.6572376658877778 5.2203704561464255 0.6170408046907462 0.0 1.678007145539363 0.0
90537 15.475796114592908 -0.1430210533374646 -0.1430210533374646 5.350939101699651 0.651794001793826 6.168259942468644 0.5824926206927556 0.0 1.0001097556970784 0.0
90984 15.783320244551296 -0.1404889257086987 -0.1404889257086987 3.328888593700191 0.4865869833427573 6.28009296609036 0.44995833661213547 0.0 1.1734443041558709 0.0
91438 15.51657371789602 -0.1369819526998754 -0.1369819526998754 3.3591289289091852 0.6401714587296934 5.5610979588789 0.5746109972151123 0.0 1.0001097556970786 0.0
91516 14.990084472912748 -0.1358058613862532 -0.1358058613862532 4.8253262856151 0.70797901297655 6.595518855297907 0.5868473767794243 0.0 1.564761631612802 0.0
91603 14.47220126166118 -0.1350139100691448 -0.1350139100691448 2.6047245130189527 0.6528416767258263 5.361570435344666 0.6195023240438184 0.0 0.7100225002777121 0.0
91743 15.629136079655318 -0.1344095881435006 -0.1344095881435006 7.573140460787639 0.6489709196297178 9.288609867094461 0.5615481324399942 0.0 0.48635615145800104 0.0
91812 15.76582069781999 -0.133990404308062 -0.133990404308062 4.561651519583529 0.5328057207637603 6.374588831025188 0.47371336129474534 0.0 1.9185763141436407 0.0
91831 14.60563452771752 -0.1334786130844001 -0.1334786130844001 3.8063187435060484 0.7097484455216287 7.368764347626354 0.6386827090486689 0.0 1.6780071455393633 0.0
91948 15.217871975460636 -0.1334256700093799 -0.1334256700093799 6.531912018862415 0.6560579906742503 8.779323700577585 0.5710903618120797 0.0 0.4590152852429455 0.0
92175 15.766346910672162 -0.1316474096143227 -0.1316474096143227 4.4837488375849786 0.5331119048140543 6.10850277494832 0.47065196159820943 0.0 1.1734443041558709 0.0
92228 15.435948944820222 -0.1309982906011661 -0.1309982906011661 4.913657117850139 0.6783862748385666 7.600797740002681 0.5986215849073826 0.0 1.9925716516012182 0.0
92229 14.993765111432756 -0.1308786742246666 -0.1308786742246666 6.811377148722425 0.6545568675865767 8.5184622135656 0.5870842051972338 0.0 2.2998419886389785 0.0
92849 14.927565513470457 -0.1264183113744148 -0.1264183113744148 4.809537080627392 0.6447658058666643 5.550131591501954 0.6019836393941023 0.0 2.2864345712588676 0.0
93302 15.880404889786542 -0.1233981836632912 -0.1233981836632912 3.4730178132473677 0.4940728843549058 5.066855347718058 0.44085275842826055 0.0 0.72855443100838 0.0
93342 14.914337600438463 -0.1234078462363751 -0.1234078462363751 3.9907767021477953 0.6948717228727954 5.996051831695729 0.6118303992348232 0.0 2.2864345712588676 0.0
93394 15.73661671440038 -0.1232366714939236 -0.1232366714939236 5.119685261484442 0.5117203225942807 5.7138732118792595 0.4878293805280526 0.0 0.6917141194681062 0.0
93525 15.446672022623249 -0.1216731035780689 -0.1216731035780689 2.8396862959276783 0.7369397583306002 4.466307898272441 0.6185953122780741 0.0 1.992571651601218 0.0
93565 15.955546647309866 -0.122611006519639 -0.122611006519639 2.677823156378635 0.4983547608960684 4.0869441304599965 0.4470668487190799 0.0 0.72855443100838 0.0
93592 14.839236842507024 -0.1216480413424284 -0.1216480413424284 5.886663704500569 0.6823041882341003 10.669988065266699 0.6138271719499129 0.0 1.1785940045965546 0.0
93699 14.66170599434773 -0.1202903389015914 -0.1202903389015914 3.27702956957596 0.6457651497425528 4.888015963990429 0.6221503266228535 0.0 0.9810233787483 0.0
93815 15.11900104398498 -0.1198809240870173 -0.1198809240870173 5.213856226105748 0.6868506721115563 9.726195338455948 0.5936098948851601 0.0 0.7259680937205951 0.0
93828 16.084699437237365 -0.12075237472154 -0.12075237472154 6.88615546734461 0.5506225482811197 10.535885728038181 0.49795124915879785 0.0 1.8451278967021658 0.0
93833 14.92001786997626 -0.1193668597199687 -0.1193668597199687 2.77552810882342 0.6353876378360075 5.075591075443978 0.5920801864895193 0.0 2.2864345712588676 0.0
93946 15.91308566741026 -0.1188723767528137 -0.1188723767528137 3.555259761494789 0.473499015062198 5.201839949024666 0.4312588833875059 0.0 0.72855443100838 0.0
93986 15.07926570676474 -0.1192095599934273 -0.1192095599934273 13.82894888923644 0.6837186525614505 18.450003743636472 0.6092928599296633 0.0 1.0521731360795674 0.0
94320 14.865366508706586 -0.1160261104859271 -0.1160261104859271 2.7758915985333514 0.6476449595358069 4.855155361123944 0.5970515231022155 0.0 3.734533354125227 0.0
94367 14.843432612475478 -0.1156326096361014 -0.1156326096361014 3.3050337284504256 0.6834485622958149 6.06106150921861 0.6156932660583396 0.0 1.1785940045965546 0.0
94584 14.594274542239772 -0.1145104080553443 -0.1145104080553443 3.8059226774955106 0.6803552681734489 6.155301012831272 0.6277978468032802 0.0 1.7793731056982645 0.0
94619 14.859870132267377 -0.1136556367298059 -0.1136556367298059 4.4397256369774185 0.6589076649505112 5.497668940115889 0.5983221662139806 0.0 3.7345333541252272 0.0
94624 14.966614648307644 -0.1135928799114947 -0.1135928799114947 3.0864073507949144 0.6464635975896503 5.600962595135895 0.6102375468952397 0.0 3.5907254250004335 0.0
94630 15.383533029141638 -0.1135976561244165 -0.1135976561244165 2.9806816753564958 0.6498573854921669 5.933888009493037 0.6028346920284489 0.0 1.175383572081537 0.0
94669 15.923041326434728 -0.1142967933483726 -0.1142967933483726 4.716197996264304 0.49991244821692116 9.458490768155263 0.45089089437803936 0.0 0.72855443100838 0.0
95015 15.381207962244948 -0.1121284967818994 -0.1121284967818994 6.625693136585117 0.663394972141089 9.629305952367062 0.6070853327132577 0.0 1.175383572081537 0.0
95022 15.724924010212137 -0.1111335046254677 -0.1111335046254677 2.934303774759434 0.5156141816161364 3.788938578951955 0.47667780464995 0.0 0.6917141194681062 0.0
95205 14.700942840887947 -0.1094361512213183 -0.1094361512213183 3.8079986762887166 0.6719223557236439 7.171684166960225 0.5944282553348268 0.0 0.9810233787483 0.0
95278 15.93194425465643 -0.109077623839127 -0.109077623839127 1.6313253368801832 0.4756376154907939 3.33418127684816 0.437677573447748 0.0 0.7285544310083801 0.0
95331 14.982691650070162 -0.109921608365739 -0.109921608365739 29.98474258451471 0.6815629901301399 43.352334831192834 0.5905788439398219 0.0 3.5907254250004335 0.0
95347 15.436147270983748 -0.1085060926017249 -0.1085060926017249 3.715509279703112 0.661319465471999 5.412303195036461 0.5900809802088904 0.0 1.992571651601218 0.0
95456 15.415517208037867 -0.1076312035137542 -0.1076312035137542 2.6200953765020305 0.6725706619709768 4.9621141718624004 0.5945798445787169 0.0 2.9887252254179395 0.0
95717 14.387255219206136 -0.1053842890392445 -0.1053842890392445 3.617473928889327 0.6765165236479589 5.618659895770597 0.6237925069496403 0.0 0.8950819037466335 0.0
95814 15.3944488710596 -0.1052776282287109 -0.1052776282287109 7.365871237356274 0.6848119462487956 8.480114113547913 0.5903401871288557 0.0 2.9887252254179395 0.0
95880 14.603310973410906 -0.1045344368866475 -0.1045344368866475 3.2858957312643877 0.6748311557572397 4.874187903803274 0.5939466282501661 0.0 6.700679991601549 0.0
96747 15.36359868552956 -0.0986688320575319 -0.0986688320575319 3.239164319863708 0.635775660748424 5.943599609876261 0.5877113569259483 0.0 1.175383572081537 0.0
96802 14.858048846007998 -0.0983497805656724 -0.0983497805656724 3.1527930873082433 0.6268656120536049 4.639317926832622 0.5739245900969148 0.0 4.63659780557446 0.0
97074 15.205936296571457 -0.0964133279297392 -0.0964133279297392 2.4325447294639555 0.602521755894298 4.265123361250036 0.5676833700569341 0.0 0.4590152852429455 0.0
97180 15.562588927499856 -0.0958542635728069 -0.0958542635728069 3.1183408810749644 0.6713133865191394 4.901222885544672 0.6059837644644436 0.0 1.2152814527172655 0.0
97216 15.850916984791134 -0.0956063288059555 -0.0956063288059555 2.006359675713979 0.5025651773240747 3.996103892997593 0.45547985217685594 0.0 1.1689083800585451 0.0
97338 14.60663433068246 -0.094889840134458 -0.094889840134458 4.1987304141721475 0.6661564850185998 7.365419160710306 0.5872118965700069 0.0 2.6335009768213027 0.0
97456 15.942512123164912 -0.0942908880747688 -0.0942908880747688 4.717991366678728 0.502228837590552 5.763522713005822 0.4559168767693026 0.0 0.72855443100838 0.0
97785 14.602329334834051 -0.0915455784799303 -0.0915455784799303 4.485758524936236 0.673819796745847 5.860114663306561 0.5898338381085568 0.0 2.6335009768213027 0.0
97843 14.995181397500703 -0.0915638880229402 -0.0915638880229402 4.871698070108291 0.6495103454318354 5.962636272878198 0.6040044001123659 0.0 1.7129627905438956 0.0
97858 15.608094925457506 -0.0912717499318455 -0.0912717499318455 3.911534657782009 0.692276128117894 5.725892965482541 0.5693329154603797 0.0 0.48635615145800104 0.0
97901 15.016854026220017 -0.0907948943325556 -0.0907948943325556 2.830538793461283 0.7199915447909822 4.920330495351487 0.5857360485164363 0.0 1.7129627905438956 0.0
98069 16.012791226101125 -0.0908513304057137 -0.0908513304057137 2.1634675766950235 0.5320637241537347 4.156520928071881 0.4836922676070575 0.0 0.7089345801555703 0.0
98089 15.076979844122912 -0.0915315147062408 -0.0915315147062408 25.971881854517317 0.7336210699924606 38.98949261140921 0.6539356669251644 0.0 1.5402765953332873 0.0
98489 14.276972544480945 -0.0868027053024885 -0.0868027053024885 3.6428086337551884 0.6757093930610176 6.248833623596778 0.6230205001292953 0.0 0.0 0.0
98544 14.308124967482826 -0.0869649123977652 -0.0869649123977652 6.026599259698979 0.7171186830891259 11.4291736005013 0.6302339875442988 0.0 0.5363712475315612 0.0
98574 15.096503830838593 -0.0862806833864787 -0.0862806833864787 3.6786778446848154 0.623287916627642 4.644735893539841 0.5639263697723852 0.0 1.5402765953332875 0.0
98598 15.975033771458858 -0.0870123061471508 -0.0870123061471508 3.5162724964327894 0.5111575490728256 5.104715318266972 0.47190174557677966 0.0 0.7089345801555703 0.0
98649 15.81407173055494 -0.0859140277339016 -0.0859140277339016 2.888051286481704 0.4819573928112917 4.768597426450378 0.4349483103813102 0.0 1.3013193688872686 0.0
98695 15.093019519028026 -0.0856185554013142 -0.0856185554013142 2.1449862559243766 0.6109605724017609 4.155877513944879 0.5687635898842439 0.0 1.5402765953332875 0.0
98724 15.26578873347707 -0.0853607153662655 -0.0853607153662655 2.567200220002378 0.5983321540991314 4.612547032018276 0.5521458910284603 0.0 0.4793617208590806 0.0
98824 15.062606490341018 -0.0845198485274361 -0.0845198485274361 2.816783353960066 0.6437577462217905 5.4635761032699355 0.5664388266136788 0.0 1.5402765953332878 0.0
98869 16.084184459892917 -0.0846936853728805 -0.0846936853728805 2.353256846509174 0.5420244997289078 4.562125742963507 0.4922032446108083 0.0 1.679557273749243 0.0
99057 14.398443801075764 -0.0837014824531679 -0.0837014824531679 8.9107882072735 0.6862625368092057 10.106239217018606 0.6180707952102826 0.0 0.8950819037466337 0.0
99081 14.403558104327516 -0.0829016945283036 -0.0829016945283036 5.755636879073516 0.6692439226244409 6.878151096881322 0.6148666005834196 0.0 0.9180157511497056 0.0
99252 15.16951047613637 -0.0816273240238773 -0.0816273240238773 2.6604346224192477 0.5991920834290392 4.788825248965801 0.5520789872901394 0.0 0.8789812960637631 0.0
99288 14.41398936529919 -0.0811599527858101 -0.0811599527858101 4.868150472344203 0.7164764807882671 5.979566678467789 0.606733251146543 0.0 0.9180157511497057 0.0
99450 15.78789566488086 -0.0802129969159863 -0.0802129969159863 2.424185367456112 0.49592964720130617 3.8389565914316264 0.4350040506205696 0.0 1.3013193688872686 0.0
99481 14.62302929358336 -0.0797899291473874 -0.0797899291473874 2.0927715964551825 0.6527562282835723 4.100408185896894 0.593175754518538 0.0 6.046389601297141 0.0
99519 14.952588167502729 -0.0808085839326457 -0.0808085839326457 14.231786134937394 0.6646048301167335 27.25225665323828 0.5804688598645943 0.0 1.7208214320064332 0.0
99525 15.555716085465798 -0.0796612500485068 -0.0796612500485068 2.32880595084238 0.6473451465140498 4.546228379507383 0.5803661479476223 0.0 1.2152814527172655 0.0
99628 14.881516184932526 -0.0789683365996845 -0.0789683365996845 4.900840339342686 0.6676317494688112 6.601107557873127 0.5618732001416209 0.0 1.74058471524191 0.0
99804 15.809969102840356 -0.0783494488026151 -0.0783494488026151 3.874719961574302 0.46894890917024 6.178721699086391 0.43962911274622446 0.0 1.3013193688872686 0.0
99823 15.436995434799051 -0.0779919176867893 -0.0779919176867893 7.059109098989118 0.6519908950507158 9.798084023330253 0.6103953810030801 0.0 2.519657344308185 0.0
99824 14.910268693291288 -0.0776146181226277 -0.0776146181226277 2.3572137725721887 0.6383221244562475 3.932603541149459 0.5763270987046589 0.0 1.7405847152419098 0.0
99836 15.29333246554755 -0.0777409096973423 -0.0777409096973423 13.580071489285174 0.6504323085916623 14.001820629469144 0.5831362923399201 0.0 0.47936172085908063 0.0
100201 14.786577568063612 -0.0751432861962689 -0.0751432861962689 4.399917140115934 0.7025178267843627 7.63440592390206 0.6164099446716857 0.0 0.9278224592068938 0.0
100221 14.595691561929758 -0.0744359673735218 -0.0744359673735218 3.817203090711111 0.6669131910103399 4.99390542225245 0.5911878791250765 0.0 2.6335009768213022 0.0
100327 14.50149220954768 -0.0736761733528019 -0.0736761733528019 2.2728057449785797 0.6493084199655228 4.489982885688422 0.6023398284074153 0.0 0.7100225002777121 0.0
100567 15.003141755365274 -0.0721761833606713 -0.0721761833606713 3.363545940495234 0.635826091941069 4.146246131092398 0.5969840141915117 0.0 1.7129627905438956 0.0
100582 14.480357499703556 -0.0728997819642938 -0.0728997819642938 7.1421596090440085 0.6822925580275635 11.85700691205391 0.6110048282205954 0.0 0.7100225002777121 0.0
100748 14.6576021544742 -0.0714453042437624 -0.0714453042437624 11.357519902775643 0.6834090209078375 14.086504847437462 0.6201605198281704 0.0 2.111462483242584 0.0
100935 15.54300480720553 -0.069757554895738 -0.069757554895738 2.5993306244469645 0.6675751391554314 4.878013752103374 0.5913527177813477 0.0 1.2152814527172655 0.0
100941 14.530156588082534 -0.0696788464793552 -0.0696788464793552 4.1136977714234275 0.6877535244270595 4.848005056280907 0.6096783676135222 0.0 1.114939588260342 0.0
101022 16.03112736607408 -0.069156837798575 -0.069156837798575 2.2169331403554957 0.5278830706091939 4.509025729174269 0.4825743725799157 0.0 0.8660612492562395 0.0
101114 15.716443794497868 -0.0715775452552673 -0.0715775452552673 2.5296734805442562 0.5034756879199103 4.273121164949171 0.45822293120003316 0.0 0.6600918203981998 0.0
101151 14.363122392162929 -0.0678974698278116 -0.0678974698278116 3.0931766545569426 0.6406737890605526 5.282740294479436 0.6136059878819994 0.0 0.8950819037466335 0.0
101153 15.527429449907434 -0.0680810762991215 -0.0680810762991215 3.1862759876483713 0.665766140598656 6.296224415374559 0.5819771168306657 0.0 1.2152814527172655 0.0
101249 14.633994765193158 -0.0678340317941016 -0.0678340317941016 4.69362004474227 0.7055927711952089 7.731572272926144 0.6244247189495558 0.0 6.046389601297141 0.0
101505 15.824316475017884 -0.0662617424226089 -0.0662617424226089 4.143802264746491 0.5131207881909634 6.709448994366185 0.43809527115196917 0.0 11.189797263953873 0.0
101539 15.828473199999074 -0.0656824566745428 -0.0656824566745428 5.873126384577327 0.48410087279351166 7.574158566751659 0.4360670037209571 0.0 1.1689083800585451 0.0
101663 14.289302176128167 -0.0643054662674712 -0.0643054662674712 4.564273757270267 0.6654846752348194 5.142277209227329 0.6043963071722728 0.0 0.0 0.0
101673 14.589891295852391 -0.0642329381371 -0.0642329381371 4.010480535511761 0.6655764811109318 5.118899786359576 0.5942558455857663 0.0 1.843579324272616 0.0
101689 14.833137635493884 -0.0646700392551771 -0.0646700392551771 8.22586883456111 0.6749045060652529 10.029157509299376 0.6086798460578918 0.0 4.2209519555268225 0.0
101861 14.855228448230717 -0.0634415210540044 -0.0634415210540044 3.7769394269617056 0.6760355384449078 6.603610138816174 0.5802925873130904 0.0 6.758945045282457 0.0
102184 15.446390172636068 -0.0609866035060342 -0.0609866035060342 2.7445275740935506 0.6388484816223762 5.510377045114598 0.5937504880180946 0.0 2.5845765305105735 0.0
102359 14.62114014620552 -0.0593841122719632 -0.0593841122719632 5.3908352841766005 0.6831437473388516 6.184942356141365 0.6081960944318873 0.0 1.843579324272616 0.0
102393 15.39144054610636 -0.0603193446698719 -0.0603193446698719 17.377381276172468 0.710682928358258 24.72806976852466 0.61069675684972 0.0 0.9162733322340033 0.0
102456 14.288022051144836 -0.0587539299804611 -0.0587539299804611 4.109679684321724 0.6390393371355471 5.402786537416551 0.5963927478974971 0.0 0.0 0.0
102473 14.807567976478165 -0.0587176295409534 -0.0587176295409534 3.2417997812108093 0.6543577476086113 6.701955801426251 0.5974593964122221 0.0 3.1554657583625803 0.0
102977 14.64647760772565 -0.0569332684561591 -0.0569332684561591 5.6007059762935665 0.6968626343271069 8.209195562854175 0.59658936454187 0.0 3.0198799451189746 0.0
103007 15.957118315738343 -0.0551657162648281 -0.0551657162648281 2.763625398134176 0.5165911029482343 5.076630169301274 0.4560616417288759 0.0 0.7089345801555702 0.0
103255 14.852315296837348 -0.053471798550845 -0.053471798550845 5.194465730399989 0.6389952278186273 7.398292382064772 0.5776872944530719 0.0 2.8896920521529106 0.0
103505 15.87036569750904 -0.0517468769875878 -0.0517468769875878 3.4833095293015526 0.4916671881959921 4.202989153866079 0.4269082991274762 0.0 1.1689083800585451 0.0
103696 15.785337766284202 -0.0509941205595323 -0.0509941205595323 4.903480474680745 0.466706755563984 5.360486919259271 0.4248418285802981 0.0 2.6301719716867815 0.0
103703 14.483877734966772 -0.0502788578713932 -0.0502788578713932 5.412958841371201 0.6820739289004987 5.899706456950965 0.6121433248607692 0.0 0.7100225002777121 0.0
103987 15.807676666359942 -0.048602825039603 -0.048602825039603 2.1817776465573417 0.45723024630593817 4.099670261870108 0.4217953135491778 0.0 2.1403833291889534 0.0
104142 15.13839576258624 -0.0481624344329377 -0.0481624344329377 11.660424131582417 0.6630580176035596 17.86123925800435 0.5834479818690842 0.0 0.8789812960637631 0.0
104188 14.283173100672824 -0.0470618553942803 -0.0470618553942803 2.790198131183171 0.6079254932476934 4.60770500915538 0.5884079489665884 0.0 0.0 0.0
104210 15.517755339743156 -0.0469440136150093 -0.0469440136150093 2.364908861319837 0.6065844103647958 4.657065958939415 0.5705212937561069 0.0 1.095865339526264 0.0
104271 14.515219677916376 -0.046946060643118 -0.046946060643118 2.9344063321643086 0.6464980472982618 6.0578896333721906 0.5957172338821901 0.0 3.5684241522626534 0.0
104353 16.062108948156936 -0.0464052377991863 -0.0464052377991863 3.2433909339173184 0.5109432125373131 4.404918439199585 0.47002618760236636 0.0 0.8660612492562395 0.0
104545 15.858220703335936 -0.0449454869750907 -0.0449454869750907 5.4270144206222755 0.48086895267977975 6.012748666497571 0.43179491160657885 0.0 1.1689083800585451 0.0
104797 14.70651076449697 -0.0486109817285407 -0.0486109817285407 12.605324838894038 0.7065941390071807 18.555602461634578 0.6196792275197215 0.0 2.1243423113594804 0.0
105137 14.715009425878584 -0.0411642721909425 -0.0411642721909425 7.19530700654322 0.7989036652970792 9.52693138680844 0.618965909544501 0.0 1.5797458530969237 0.0
105334 15.101546647495066 -0.0393095025247905 -0.0393095025247905 3.774138251389778 0.647499262556935 5.735180430157472 0.5793938161925588 0.0 3.2458167683501293 0.0
105412 14.823294532023413 -0.0400926593075623 -0.0400926593075623 6.9377451253784495 0.6602902778570023 10.598398103781356 0.5886543056304252 0.0 6.328719333907561 0.0
105504 15.091005356166798 -0.0381430794173262 -0.0381430794173262 5.210322663190538 0.6642038631380438 6.71562625927371 0.5691184011646854 0.0 3.2458167683501298 0.0
105586 15.877287282857075 -0.0381747518463127 -0.0381747518463127 5.569499399681362 0.48807518235172126 6.317634899238094 0.4353342043454135 0.0 0.8828095024838214 0.0
105739 15.81412634761067 -0.037379368033592 -0.037379368033592 5.027404160082598 0.5118014253226235 8.224680250249255 0.4264539048000421 0.0 2.1403833291889534 0.0
105803 15.059150609245489 -0.0367992209319328 -0.0367992209319328 5.009112245391762 0.6469780724810655 9.031233400446979 0.5741520190287785 0.0 2.158561690190167 0.0
105975 15.571225696344287 -0.0353806690311707 -0.0353806690311707 3.413062149185481 0.636660418896256 6.259645607636067 0.5689794690368016 0.0 0.8911464900016177 0.0
106052 15.012514556568624 -0.0353599732168017 -0.0353599732168017 3.283436671228871 0.68433591909152 6.253061847151407 0.5939905225619321 0.0 2.119451443257556 0.0
106058 14.9704417632909 -0.0354718462973723 -0.0354718462973723 7.802375510313831 0.6822383735343498 10.67193942430106 0.6023827570185704 0.0 7.672177386251429 0.0
106120 15.873972700932564 -0.0341950524836629 -0.0341950524836629 2.490039582353218 0.477764764130321 4.317352570608434 0.4311052339823126 0.0 0.8828095024838216 0.0
106128 15.96034740893294 -0.0341264899053668 -0.0341264899053668 2.889649714132814 0.49706664497014474 3.977619610745073 0.4580548477897094 0.0 1.2895853629721077 0.0
106162 14.97066260585022 -0.0339212368074997 -0.0339212368074997 5.6786159976167605 0.6863494206179697 7.624462555372228 0.595614869617438 0.0 11.671140213674239 0.0
106240 14.840707597035085 -0.0331887815941767 -0.0331887815941767 4.78803530586611 0.6393399687027524 5.735511214806714 0.5796205884480071 0.0 2.6238835383947436 0.0
106278 14.94807163068583 -0.0341118466631048 -0.0341118466631048 8.173584644647935 0.6405769166279223 12.446256436912849 0.582937963186464 0.0 1.8717194672004056 0.0
106310 15.78414290813308 -0.0345250101575966 -0.0345250101575966 8.27836277464697 0.4873929612159323 12.349906813085399 0.4353253456518097 0.0 2.630171971686781 0.0
106316 15.4990001382573 -0.0333571978591088 -0.0333571978591088 3.2309007553564615 0.646723538947418 6.402310232760791 0.5892269918446867 0.0 1.0543169074800922 0.0
106386 14.561170275058888 -0.0327787256968968 -0.0327787256968968 3.3208683857468837 0.6775065868263639 4.9210153702247155 0.5745727554709219 0.0 0.8578394829718253 0.0
106743 16.044524759359334 -0.0300627452764558 -0.0300627452764558 4.4467113864363625 0.5433314180250999 5.450812116395877 0.4572331395779251 0.0 0.8660612492562394 0.0
106828 14.827653949823535 -0.0299499392716272 -0.0299499392716272 8.226510703567136 0.7116997640052776 9.753295987838884 0.5876181732550035 0.0 2.6238835383947436 0.0
106879 15.73200515283461 -0.0291206460272664 -0.0291206460272664 2.6865700218516007 0.46519662082274255 3.1368869681665803 0.4381834331797374 0.0 0.5742970927669832 0.0
107060 15.800536042446012 -0.0286645703564618 -0.0286645703564618 2.3427451309798246 0.5129483382734348 3.713946776114726 0.4285698707225291 0.0 2.1403833291889534 0.0
107259 14.350663907812216 -0.0276189168215506 -0.0276189168215506 5.340885900820342 0.6848736908124257 8.875404730875132 0.631181146703439 0.0 0.6406188698276503 0.0
107343 15.093502028304568 -0.0260305634873565 -0.0260305634873565 5.6342568619567 0.7024294682763468 8.029425887538075 0.5861812751260713 0.0 4.348194163191027 1.0
107465 15.753657182079031 -0.0264338742510831 -0.0264338742510831 14.114636736312725 0.5151307285261316 26.048017690678222 0.452101882944069 0.0 0.5742970927669832 0.0
107484 15.075364459235912 -0.0250630850244655 -0.0250630850244655 3.8455436996784043 0.6583379046769195 6.094732785557899 0.6206290648885558 0.0 4.348194163191027 1.0
107662 14.50475213748818 -0.0244799761226564 -0.0244799761226564 8.297545580341351 0.7128536715676981 11.378780767424534 0.6075680156305863 0.0 1.5304647424289477 0.0
107780 15.449233406414203 -0.0233243759660623 -0.0233243759660623 3.5965316166819425 0.6870171499218921 5.956060237998425 0.6143005970173853 0.0 2.216376819411224 0.0
107839 15.953338380895746 -0.0231456639773069 -0.0231456639773069 5.518379484176665 0.5200232518512747 6.40967041653659 0.4626532565785043 0.0 1.2895853629721077 0.0
107889 15.748374596913113 -0.0228582870099669 -0.0228582870099669 3.4561672904123077 0.4864620601333164 5.908965208127732 0.4380430331869252 0.0 0.5742970927669833 0.0
108145 14.965105219479463 -0.0206321652534034 -0.0206321652534034 3.1780411366392887 0.6593490750367528 4.418672591099988 0.6006302421779899 0.0 4.163981133922261 0.0
108183 15.484816537583708 -0.0203217196377931 -0.0203217196377931 2.224744370696611 0.6217915737336102 4.236656696163005 0.580223790801572 0.0 1.054316907480092 0.0
108393 15.349190227020634 -0.0189960594944894 -0.0189960594944894 2.2716019025970704 0.6399020212193077 3.5754480546652077 0.5970430764408725 0.0 0.6186301293879526 0.0
108480 15.44253446426001 -0.018869524047821 -0.018869524047821 5.114490397370349 0.6722913962735906 9.775330829337365 0.604652835882544 0.0 2.216376819411224 0.0
108564 15.749765528663444 -0.0182074731745645 -0.0182074731745645 2.0068647371334642 0.4974686442178716 3.4136012676465084 0.44554486592832604 0.0 0.5742970927669832 0.0
108600 14.26421719699742 -0.0184470329752748 -0.0184470329752748 15.508094947806363 0.628200373496786 16.24324522491709 0.5733497922173175 0.0 0.0 0.0
108789 16.08359487839343 -0.0163966429297457 -0.0163966429297457 3.6328371440235685 0.5423261621272351 4.05360093480824 0.4881453835199452 0.0 0.8660612492562395 0.0
109634 15.168881241236118 -0.0106667811646327 -0.0106667811646327 3.6094228185164727 0.6186039559780461 5.291992736412211 0.5595569736644559 0.0 2.9937860124873374 0.0
109718 15.818366954582398 -0.0101307214834778 -0.0101307214834778 2.27370049878457 0.4426755399633915 3.1626458087407348 0.3986050820878366 0.0 2.1403833291889534 0.0
109760 14.729911418291929 -0.0098834149995107 -0.0098834149995107 2.4200674397872524 0.6257526797770102 3.8598793321066314 0.5777966632662549 0.0 2.7881428555839767 0.0
109797 15.44624064658824 -0.0105112103253541 -0.0105112103253541 13.393856341811889 0.6878012235665564 19.530615001593908 0.6071036037688153 0.0 2.095799281116142 0.0
110027 15.592679592451322 -0.0081500519146326 -0.0081500519146326 4.9077107197686525 0.6300456261004982 7.2514497498171835 0.5514071686891701 0.0 0.5523060071032594 0.0
110437 15.012470989344727 -0.0053713592546498 -0.0053713592546498 3.9135005667055762 0.6491719380520677 7.739339081039159 0.5786952798746888 0.0 3.451744737944156 0.0
110547 15.610670157350416 -0.0044675086307015 -0.0044675086307015 3.2687114751742197 0.5800473626608325 4.838738837019417 0.5322730343055762 0.0 0.5523060071032594 0.0
110656 15.7620637979521 -0.0040686662766688 -0.0040686662766688 3.165782790605082 0.4657349531201966 6.257889963925507 0.4291843910872536 0.0 1.189734083683657 0.0
110852 15.787319398736065 -0.0029683968179944 -0.0029683968179944 4.345673221763103 0.47173280888262975 5.143110286954305 0.4114174312484871 0.0 1.2586296680602485 0.0
110859 15.117241455664674 -0.0024160083538235 -0.0024160083538235 4.083186396242984 0.6952046805298892 5.721442373267251 0.5607672282980213 0.0 3.0666583275739994 1.0
111125 15.968805262523563 -0.0010050019703871 -0.0010050019703871 2.7057018256777203 0.49442694728235176 3.2972214680286585 0.4435768067113996 0.0 1.2895853629721077 0.0
111143 15.331145158417488 -0.0005454696242694 -0.0005454696242694 3.031565341863749 0.6740572292055577 4.754479398559799 0.5745223330230265 0.0 0.6186301293879525 0.0
111385 14.670103717365002 0.0007091371941143 0.0007091371941143 5.854455657726869 0.6616077147160268 9.677975975554041 0.5656187407789208 0.0 1.4683484480898539 0.0
111447 15.07223764115583 0.0006294112181972 0.0006294112181972 12.632157409787396 0.6527542737130124 16.305320460183744 0.5971160447790297 0.0 3.6360360171639785 1.0
111542 15.132698168478097 0.0022649125182088 0.0022649125182088 2.685752459714439 0.6095352554684417 5.264552932974738 0.5665695438483661 0.0 3.0666583275739994 1.0
111581 15.988294454909614 0.0025705188452347 0.0025705188452347 1.916537157935351 0.5298544533106474 3.874818334276529 0.46890097900259814 0.0 1.2895853629721077 0.0
111643 15.451055246343753 0.002902891920204 0.002902891920204 2.269670179475129 0.6651886876264791 4.131374856725342 0.5829781878359087 0.0 2.095799281116142 0.0
111659 15.704485454390678 0.0030820080916598 0.0030820080916598 2.7195774755909774 0.496056759575617 5.506707382793296 0.4654493847552386 0.0 0.574297092766983 0.0
111686 15.982708562923792 0.0020126555647835 0.0020126555647835 6.766614736487265 0.5366132461655775 9.759061993046261 0.47955897886048154 0.0 1.2895853629721077 0.0
111839 15.03596263474467 0.0036932625186932 0.0036932625186932 7.529184859222841 0.6571189399411598 11.205472272995552 0.5735677572831946 0.0 3.5523136746024564 1.0
111862 14.80625415615455 0.0038213485502949 0.0038213485502949 5.484938044582763 0.6594123914035416 8.03775795240865 0.5863252160211233 0.0 1.7247946991429801 0.0
111941 15.909397265702813 0.0039567970384396 0.0039567970384396 8.097291849947744 0.5143871507756169 14.868817624701562 0.4604198228337111 0.0 0.9658581990216355 0.0
111978 15.128574387849127 0.0051225099445538 0.0051225099445538 5.231124626909143 0.6456742980489267 6.917014237224804 0.5716276003759183 0.0 3.0666583275739994 1.0
112199 15.165813395765692 0.0065970190598228 0.0065970190598228 2.48443066444521 0.6298008994751317 4.581404732438731 0.5697855071466736 0.0 2.993786012487337 0.0
112289 14.51756406308188 0.0073530568018994 0.0073530568018994 2.8181462794222063 0.6380094240602304 4.374246500197573 0.5715869894462292 0.0 1.2955883270290727 0.0
112310 15.311826430842814 0.007391945128166 0.007391945128166 3.26869016538074 0.6190413226477642 6.3144600619098 0.5801334656044355 0.0 0.6186301293879525 0.0
112316 15.722411886886682 0.0075613128627905 0.0075613128627905 2.416351990380987 0.4775832700333818 5.0028744632459565 0.4499019268204526 0.0 0.5742970927669832 0.0
112655 15.593743620110049 0.0099229641224771 0.0099229641224771 3.5501701329952655 0.6429383494072768 5.198886321516302 0.5641615243091358 0.0 0.5523060071032594 0.0
112789 15.868673373891856 0.0090451511510169 0.0090451511510169 16.99258512052368 0.5315094499079018 22.076564915274076 0.45430423400520037 0.0 0.8828095024838214 0.0
112834 15.101503633443237 0.0106307614226696 0.0106307614226696 8.085847653908539 0.6458373685125038 10.030098745494769 0.5898416280934845 0.0 7.08944740756184 1.0
112902 15.010291307921715 0.0115471854171248 0.0115471854171248 3.714499156864143 0.6257253139977965 5.670535272425173 0.5874754169527009 0.0 3.451744737944157 0.0
112994 15.11284694810935 0.0116548550316733 0.0116548550316733 2.6844008651394673 0.6427008549160068 4.694387841107952 0.5740864286432883 0.0 12.627628552192562 1.0
113066 14.89897252936845 0.012109472221796 0.012109472221796 4.176652051766135 0.6417194240713225 5.269585263238016 0.5784815767675076 0.0 1.1495803048160393 0.0
113114 14.68334623351235 0.0129373280678161 0.0129373280678161 3.044865485716962 0.6345986823176005 5.029666217193497 0.5894872932253444 0.0 3.563446016679376 0.0
113117 15.975161179580397 0.0125335506299651 0.0125335506299651 3.9038170360201074 0.521264634546431 5.504411075500731 0.4568513659364283 0.0 3.514466713625097 0.0
113147 15.087245888789608 0.0131736837173822 0.0131736837173822 2.9708460790148363 0.695272746158572 4.995824977546695 0.5923010100292047 0.0 7.08944740756184 1.0
113390 14.973777791073784 0.0140591646897761 0.0140591646897761 5.6917260915897545 0.6855512344476484 6.694962841402745 0.6110457739264963 0.0 5.068638600181032 0.0
113611 14.676287224146645 0.0151514664809727 0.0151514664809727 4.609899467223518 0.6514203841345111 7.016456163168339 0.5827773092328399 0.0 3.5634460166793764 0.0
113668 15.06381119748525 0.0164113442941732 0.0164113442941732 3.6259811074706763 0.6488886203439276 5.06978219312948 0.5935461972728672 0.0 3.6360360171639785 1.0
113750 15.33987030903927 0.0170781741181578 0.0170781741181578 2.4519911070450644 0.6423985573314897 4.317539272726536 0.5862853390238986 0.0 0.6186301293879526 0.0
113946 14.436982217377633 0.0181003478056065 0.0181003478056065 4.151195707251329 0.6085471440925888 4.615427266280213 0.5810567783964913 0.0 1.3371345137481097 0.0
113952 14.73726321796756 0.0181889492285505 0.0181889492285505 4.888037981964356 0.6511218645229735 6.979982294896227 0.5825297422242375 0.0 2.7881428555839767 0.0
114440 14.523042868080225 0.0218738239804614 0.0218738239804614 2.418684865536684 0.6746517671253853 4.642180778483563 0.6039261139828448 0.0 1.2955883270290727 0.0
114629 15.108490987649011 0.0223468423732594 0.0223468423732594 13.91677266427073 0.685988093311512 18.500844661796684 0.6081318045232197 0.0 5.048031185056336 1.0
114701 14.982645320414044 0.0234618543306475 0.0234618543306475 5.6424208949209875 0.6979135213636165 8.919525917904675 0.6041456499217156 0.0 5.683699274691713 0.0
114720 15.221379522805025 0.0234480344873939 0.0234480344873939 10.357337470854707 0.6690931098990468 13.342623091683501 0.582290776389076 0.0 0.9466089639026534 0.0
115068 14.968660952534904 0.02618696247205 0.02618696247205 4.178313700617238 0.7124546390909885 8.410637362519315 0.6189328053275605 0.0 3.376573186222697 0.0
115081 14.479047090609107 0.0261227589920605 0.0261227589920605 6.683421689022209 0.6862148306279876 8.408916612790827 0.6043222443734233 0.0 1.7536098056557439 0.0
115328 14.750572546825726 0.0277021941778469 0.0277021941778469 6.255721515393822 0.6972625314159037 10.983947763426784 0.6071626016381353 0.0 2.287624834649744 0.0
115329 14.41851049545248 0.0282532311757193 0.0282532311757193 3.8012202305609044 0.6681488931732217 6.407305093840368 0.58844451682972 0.0 1.7125167280113436 0.0
115549 15.980164400253567 0.02966786934085 0.02966786934085 4.727903446508768 0.5488728333889029 6.761237844246027 0.47991560565807134 0.0 2.3585484867041124 0.0
115643 15.545296483934113 0.0303725942701559 0.0303725942701559 2.5945295472899685 0.6683802641092187 5.217106388081688 0.6029725554476565 0.0 0.9301498608897276 0.0
115654 14.81328590862122 0.0303630341319683 0.0303630341319683 4.9338973013333804 0.6989847250159399 6.5112229777352395 0.6099115263690104 0.0 3.274636929667934 0.0
115987 15.046497479293752 0.0328899061812606 0.0328899061812606 2.2351050506504198 0.6931041080576286 4.597412443284657 0.6105463135705549 0.0 6.018143813243023 1.0
116379 15.462506044343195 0.0357667515704169 0.0357667515704169 3.3671125689993597 0.6568277426973755 6.7544821890526325 0.6039911764520011 0.0 0.723649909380226 0.0
116608 14.219109737883011 0.0372494902792299 0.0372494902792299 3.3372028896795274 0.685555124456523 6.050298969050598 0.6258294914381665 0.0 0.0 0.0
116860 15.168646579196952 0.0389153697024008 0.0389153697024008 3.6870199528417458 0.644967899362871 6.991596454242945 0.5942402656159109 0.0 3.1123058402626067 1.0
116872 14.708892282877764 0.0390129167036965 0.0390129167036965 3.5776871924816094 0.6782343556802339 6.1598243544925815 0.614864064009815 0.0 2.933272078021934 0.0
116967 15.631738538814332 0.0398370322919336 0.0398370322919336 2.6438803250275695 0.5962643713260755 4.950623622193875 0.5174961668302391 0.0 0.9491370302989954 0.0
116968 15.37453635408272 0.0383967438038143 0.0383967438038143 12.117870845507444 0.693384569357195 14.364962687180293 0.6328145713446872 0.0 0.6762296716282014 0.0
116993 15.083316029856007 0.039098851928144 0.039098851928144 18.926435101490526 0.7392765173398816 23.406579300595336 0.6265707117230368 0.0 5.486169985080745 1.0
117120 14.514247445592094 0.0398565620119991 0.0398565620119991 16.189731247465993 0.6780283097272378 24.16873983751182 0.6090311550641179 0.0 1.2955883270290727 0.0
117200 15.052799897527317 0.041607864533761 0.041607864533761 2.5806592537960986 0.6984353320558185 4.341293576352689 0.6245897378699411 0.0 10.630953188870738 1.0
117331 15.044647089380287 0.0421891813050219 0.0421891813050219 5.662989931652251 0.7439597587186018 9.20172719949548 0.62125316500334 0.0 2.6809579738075144 1.0
117558 14.982180060536432 0.043877661734972 0.043877661734972 3.616850343814869 0.7271592174253493 7.393454994564807 0.6228705847664641 0.0 1.0982778246397338 0.0
117741 14.659910243813949 0.0452865512296814 0.0452865512296814 7.687066737053477 0.6787310189110259 9.439209718518736 0.6213245624685036 0.0 1.203201376730407 0.0
117971 14.232558352493324 0.0474250541973026 0.0474250541973026 2.87750622209126 0.6565985332286711 5.821150961339466 0.6240760366489914 0.0 0.0 0.0
118007 15.91564247589452 0.046270722437111 0.046270722437111 12.6106078650359 0.5069536044443305 15.770122743636115 0.4666371836305993 0.0 1.204477542998152 0.0
118094 14.745889541825484 0.0482299151409142 0.0482299151409142 4.059338484037616 0.7044319453137503 4.802205352829593 0.6257480893146743 0.0 1.766812043022684 0.0
118406 15.192137356772342 0.0503625415166261 0.0503625415166261 3.269733637080804 0.6364826114901226 5.969356004008868 0.588466367415542 0.0 2.553078220513117 0.0
118505 14.813110877669605 0.0499237950834558 0.0499237950834558 10.664168238345276 0.7217689864586799 20.457329635001646 0.6465012400864022 0.0 2.243812328837085 0.0
118566 14.259480792525157 0.0514383503940412 0.0514383503940412 3.550630321526365 0.6450626350788287 4.697498298395519 0.6110992479883222 0.0 0.0 0.0
118732 15.737354464776462 0.0527805186351527 0.0527805186351527 3.1558005365306516 0.4929106042497019 4.6025110849898825 0.44304319918185786 0.0 1.212744797301057 0.0
118901 14.91243110078778 0.0527424421322204 0.0527424421322204 5.881057876834517 0.6919210213079593 11.740221003139169 0.6290800139423349 0.0 1.1857997219962018 0.0
119043 14.72801749643401 0.0545603190415922 0.0545603190415922 4.256975938336258 0.6721877890326555 7.060561641467945 0.6046175556202269 0.0 1.7668120430226837 0.0
119058 14.938384320580704 0.0550173506893716 0.0550173506893716 2.3765133636604454 0.6631431100046896 4.713255055842701 0.5858826804971906 0.0 1.1857997219962018 0.0
119263 14.385422666811785 0.0559669378659494 0.0559669378659494 5.9727901641412 0.6564208869050827 7.421391683156593 0.5855881675628919 0.0 0.3832998051422797 0.0
119526 15.070530808743683 0.0569957924590099 0.0569957924590099 5.238237333808396 0.656680124009737 7.247934985873865 0.5887123377991343 0.0 4.360631380296499 1.0
119994 15.614825812090926 0.0606487646279065 0.0606487646279065 10.019500503190685 0.6204939616703764 17.264894666377312 0.5682635629839442 0.0 0.9491370302989953 0.0
120060 15.869006824751937 0.0620053074734129 0.0620053074734129 2.9807701335324515 0.502674308366336 5.349868075342156 0.4357328069295557 0.0 1.204477542998152 0.0
120090 16.057715993157156 0.0619491961205968 0.0619491961205968 8.081122545199598 0.6374800527400515 11.23865117078338 0.5371269030959663 0.0 2.0510565254036046 0.0
120160 14.667586573306371 0.0627988334949548 0.0627988334949548 3.282228386624552 0.6472493006712361 4.903113469820591 0.5964466597435999 0.0 1.203201376730407 0.0
120331 15.759154753906817 0.0634245070266301 0.0634245070266301 3.9912446162837822 0.4799992450926329 5.452807253857932 0.44435523865980886 0.0 1.212744797301057 0.0
120364 14.62024825999154 0.0641490088097766 0.0641490088097766 3.597857588000707 0.6165304993263511 5.757775120490094 0.5634974055610372 0.0 1.1834990209030665 0.0
120421 15.17138971967361 0.0644818747392235 0.0644818747392235 5.000346259046703 0.6243773439468191 7.2345705907400095 0.5745737082955246 0.0 4.025134179725253 1.0
120700 15.135323049531586 0.0659596425223155 0.0659596425223155 6.007241984094233 0.6729506606352829 9.210145533620627 0.5765016329950633 0.0 4.312089528041598 1.0
120702 16.02764377442424 0.0662972666570023 0.0662972666570023 3.7811427998206146 0.615617800405742 7.664320238584825 0.5575518186680639 0.0 4.125915366074927 0.0
120710 15.676727281638613 0.0666495458622523 0.0666495458622523 3.481124110191131 0.5389471734631368 3.957949705662569 0.48138791280940213 0.0 1.5988292251173333 0.0
120915 15.262239243825013 0.0679233248602572 0.0679233248602572 3.201151768618278 0.6964607403533144 5.63173084667883 0.5960208630302555 0.0 1.4665096289082065 0.0
121119 15.1949085500452 0.0692470088388923 0.0692470088388923 4.711022227270291 0.6326929355255685 9.539065221843886 0.5636115900012665 0.0 2.553078220513117 0.0
121177 15.139007771622133 0.069499634128675 0.069499634128675 4.904128099262409 0.6658509341274225 6.60919317594781 0.5727931495092046 0.0 7.292169382354663 1.0
121255 15.369959646249855 0.0704013079968607 0.0704013079968607 2.414406940590616 0.6585222390473692 4.7477361043342245 0.613850915308932 0.0 0.6762296716282014 0.0
121479 14.714482865387073 0.0718310653764999 0.0718310653764999 3.4495785082844717 0.6430764605561192 6.068582771856302 0.6052290114950128 0.0 1.766812043022684 0.0
121592 15.836566458473625 0.0728883408243518 0.0728883408243518 2.5750387474807606 0.47823362035609596 4.637720014221838 0.43463892565760415 0.0 0.7913736649139409 0.0
121963 15.38908617860955 0.07546500835713 0.07546500835713 3.636736952114452 0.6714494658067487 4.750576809251156 0.6091785596053608 0.0 0.6762296716282015 0.0
122125 16.02679648430334 0.0767935845680662 0.0767935845680662 3.1554396220223495 0.629837257347877 6.422341696152005 0.5656499650986722 0.0 1.923455886071131 0.0
122204 15.708862303273946 0.0763194327929462 0.0763194327929462 5.220283028051121 0.5527418096335125 8.47336566891908 0.4984417606890785 0.0 4.339767562125901 0.0
122224 15.38783110204449 0.0773618799578737 0.0773618799578737 3.0579423595889414 0.6618432918548478 3.7683305279160124 0.613077736771846 0.0 0.6762296716282015 0.0
122500 16.015169785877536 0.0791403324697787 0.0791403324697787 3.772425948322635 0.6064137673561081 4.906854465227015 0.526304090333828 0.0 1.923455886071131 0.0
122545 14.97324849407716 0.0793348460247945 0.0793348460247945 4.3830397836799015 0.6803692721889928 5.3795069722107005 0.6070679887302864 0.0 1.0982778246397338 0.0
122610 14.568602797215757 0.0796464389662667 0.0796464389662667 3.8194857494350423 0.6454673110423712 6.299711367140285 0.559699150546392 0.0 14.085865894024355 0.0
122664 15.326321692642722 0.0802914806818587 0.0802914806818587 2.0381926443704184 0.6400315540074627 3.9661620236573984 0.5990904518679716 0.0 1.009076193089516 0.0
122681 14.593183460138826 0.08036068017122 0.08036068017122 2.876320032716918 0.6357204415297389 4.285542392486412 0.5626936207525908 0.0 1.1834990209030662 0.0
122728 15.94809260018368 0.0809223601353472 0.0809223601353472 4.06028693079757 0.5058432588112131 5.544426618573184 0.44984428093198775 0.0 3.587917948575596 0.0
122778 14.570317944206591 0.0810445401043089 0.0810445401043089 5.56529965785675 0.6284366820523235 6.563554165078146 0.5606901911412902 0.0 24.959241805537545 0.0
122994 14.78228592684151 0.0825461227325683 0.0825461227325683 2.6363769600411993 0.7010419378638867 4.844171353615839 0.5926923119167288 0.0 1.8582765025515111 0.0
123239 14.568983531226486 0.0826399316245083 0.0826399316245083 18.658628553205332 0.6430584130379441 26.16787272489438 0.5754859090925514 0.0 2.6977074259721183 0.0
123290 14.433618873698334 0.0845054996934038 0.0845054996934038 2.4153305366548508 0.6497018068972306 4.597276215118484 0.5717309432172895 0.0 0.8829220399385389 0.0
123326 15.860097688867548 0.0850383460596978 0.0850383460596978 2.6826556896235285 0.4636252467094121 3.1534724254979687 0.42134941738711923 0.0 0.91135796903909 0.0
123351 15.95395113893536 0.0853438229621125 0.0853438229621125 2.1241776610615766 0.5061414951465215 3.023105933272619 0.44933280726044716 0.0 1.7500610110776116 0.0
123436 15.552730389244871 0.0855018953864514 0.0855018953864514 5.386473278897347 0.6371705871698982 8.945691254055966 0.5691630809129482 0.0 0.9301498608897275 0.0
123595 15.965236510599166 0.085466878134308 0.085466878134308 6.167488154540438 0.5666400700444644 8.045376686428 0.4877731638764919 0.0 1.7500610110776118 0.0
123598 14.439515836805882 0.0852240937872731 0.0852240937872731 5.229345420103678 0.6494327324019371 8.889213605810152 0.5764941262823149 0.0 0.8829220399385389 0.0
123602 15.400422578091268 0.0870407967613495 0.0870407967613495 2.361066274209149 0.6645634338101009 4.80847957407845 0.6125458803794119 0.0 0.6762296716282014 0.0
123657 14.44420594085942 0.0873512367166428 0.0873512367166428 3.1053765435141716 0.6295530190810874 5.114029436278762 0.5669850783832189 0.0 0.8829220399385388 0.0
123806 15.754553485346756 0.0884519226232603 0.0884519226232603 3.048169211886785 0.502006520400882 5.574977265578471 0.4491594961908166 0.0 2.0569586838797687 0.0
123820 14.47137169338906 0.087667743490029 0.087667743490029 6.489606477741387 0.6658406505558043 8.833954929255418 0.592448440322464 0.0 2.2709646956051084 0.0
123858 15.05276120909929 0.0887945421496036 0.0887945421496036 3.017854710870877 0.6613474191336767 5.167642301472412 0.5896044262714387 0.0 2.0774803356560683 0.0
123984 15.809722838805312 0.0887588893674193 0.0887588893674193 5.677812920988763 0.5136302993488908 11.181179108428534 0.4426586958266343 0.0 0.7913736649139409 0.0
124073 16.036706777183674 0.0903879797899688 0.0903879797899688 4.076678089166053 0.6170259664145398 5.291797021088408 0.5273339778452993 0.0 1.923455886071131 0.0
124080 15.47326461749159 0.0902164571739882 0.0902164571739882 3.1109306096274825 0.6296779775341473 5.9117841525909 0.5950799101070412 0.0 0.7635026498312592 0.0
124215 15.121754611833488 0.0893970794337288 0.0893970794337288 7.562809653172726 0.673475309040194 9.525599106245686 0.6056098194358989 0.0 5.9583341941120755 1.0
124247 15.689010050595796 0.0913938177759707 0.0913938177759707 2.973781808871878 0.5389757714405985 5.537202791723641 0.48446675949697443 0.0 1.5988292251173333 0.0
124344 14.82573046704344 0.0920681064158001 0.0920681064158001 3.7090908471630324 0.6834151727195115 5.579673016988842 0.5702054324003039 0.0 1.6072793502649576 0.0
124462 15.673802856464448 0.091454981528006 0.091454981528006 14.689156107853877 0.5770474357800224 20.68876686820086 0.5168504350217714 0.0 1.598829225117333 0.0
124499 15.736850647961983 0.0923465849169155 0.0923465849169155 3.523273310821263 0.49453253095148786 5.249896172903376 0.4566225721477012 0.0 2.0569586838797687 0.0
124590 15.617302447869552 0.09289617581898 0.09289617581898 5.922334367384601 0.633786292992507 8.71466901459926 0.5751586653455483 0.0 2.311475075904717 0.0
124667 15.332841154022592 0.0929069428339497 0.0929069428339497 10.952123679215964 0.7186430860678892 16.14655026655119 0.6268645937329365 0.0 1.009076193089516 0.0
124687 14.65002805951614 0.093688689592317 0.093688689592317 2.5658750212441035 0.6397616103969868 5.288639566371112 0.5909746910582211 0.0 1.195866236186829 0.0
124850 15.31932243394508 0.0957689328714147 0.0957689328714147 4.304825888564487 0.6879174084728116 6.057948090449169 0.6142427064847656 0.0 1.009076193089516 0.0
124919 14.979316558198803 0.0961156114831236 0.0961156114831236 3.5853041238598173 0.6259376023836984 5.403980014611504 0.5902169637309088 0.0 1.0982778246397338 0.0
125009 15.132119673993492 0.0966920219042773 0.0966920219042773 6.268826458963557 0.6659869712497529 7.447998151346927 0.5860146853326924 0.0 8.492120763746712 1.0
125020 15.75245635294856 0.0969735341944077 0.0969735341944077 1.9296153194081447 0.5035192493827146 3.7782772442079624 0.44406954579108937 0.0 2.0569586838797687 0.0
125062 15.644564841840197 0.0972280898614316 0.0972280898614316 4.269685073415618 0.5860295978396242 5.745035984311755 0.5156350042329317 0.0 2.3108053814126475 0.0
125077 14.875361845795254 0.0966403709706149 0.0966403709706149 5.123000743449701 0.6645963856834545 6.312370800828207 0.5838797788022241 0.0 1.600949398465555 0.0
125220 15.945923343438247 0.0972644869252774 0.0972644869252774 9.101062889718706 0.5017519050521704 10.510282944682745 0.4527032955325018 0.0 3.803253266438969 0.0
125228 15.632256031339503 0.0982895606153686 0.0982895606153686 3.311253484184829 0.6053371960707583 4.5673322856169865 0.526222623830295 0.0 2.311475075904717 0.0
125396 15.558231240542412 0.0995007652806118 0.0995007652806118 3.606778987764076 0.6392359361777492 6.504177741118665 0.5772206292898756 0.0 2.043058290006937 0.0
125433 15.608764142467496 0.0998187743159717 0.0998187743159717 3.136343729382946 0.6383947107861024 4.7226838990870625 0.5872297942213284 0.0 2.311475075904717 0.0
125590 15.220397322021782 0.0994435428139684 0.0994435428139684 25.238642119495136 0.6945901989821959 52.30961230365784 0.6109982228284171 0.0 4.491116928656096 0.0
125595 14.659497547720775 0.1005637603626288 0.1005637603626288 2.5239655461336135 0.6320289614209268 4.384630743246287 0.568378700248776 0.0 1.195866236186829 0.0
125845 15.120206453417245 0.1018603992012535 0.1018603992012535 7.949584336233061 0.6544101961157174 11.944622095756253 0.5874373554726244 0.0 10.662516241844706 1.0
125883 15.9484476934364 0.1028290883863986 0.1028290883863986 3.2011723702313097 0.5187848135458402 5.695932039650293 0.44793829695032805 0.0 3.8032532664389684 0.0
125964 15.224300103898086 0.1029604617132084 0.1029604617132084 3.1545372713715536 0.6348268704710186 5.627458072136021 0.574542548355814 0.0 3.5895485305104735 0.0
126003 14.748863413497858 0.1029222378913316 0.1029222378913316 5.502245202170675 0.6512455999271214 6.937261631272609 0.5803661994516548 0.0 3.6744660838185785 0.0
126237 15.065594262777925 0.1053050357247672 0.1053050357247672 4.568664566179741 0.6532553822014634 6.180021660868702 0.5706909995434568 0.0 2.0774803356560683 0.0
126264 15.20937120808167 0.1052987829834183 0.1052987829834183 6.689039311111724 0.6467348670236088 8.290927312154862 0.5687732855183771 0.0 1.802283550332289 0.0
126377 15.848999076017638 0.1061983887436995 0.1061983887436995 4.110714142816087 0.5366924875423909 5.843566417638711 0.42901970694308 0.0 0.9113579690390903 0.0
126407 14.492923829469069 0.1057192663892816 0.1057192663892816 4.1703707487127994 0.6445994272900514 5.838618940269108 0.5677782662369623 0.0 3.43838335704659 0.0
126414 15.934349470967136 0.1057848111782532 0.1057848111782532 4.568857191261589 0.5012445057568025 9.362359778946113 0.44504499354012395 0.0 3.267235813159731 0.0
126443 16.02068648883076 0.1070496335362894 0.1070496335362894 3.261746391708348 0.5498310167769704 4.6875859610453166 0.5055522271629146 0.0 1.923455886071131 0.0
126580 15.803755489124685 0.107822202702598 0.107822202702598 2.4594450281601574 0.4757284405972343 4.6986910030299835 0.4290695370946009 0.0 0.7913736649139408 0.0
126681 15.76295906917824 0.1083362193374578 0.1083362193374578 2.4358523184362224 0.49700980195498395 3.713348041735987 0.4329346572195426 0.0 1.204811631897703 0.0
126800 15.806317664914644 0.1095147685564986 0.1095147685564986 3.7725453604221704 0.47440708137502136 4.971253948723909 0.4303389312335758 0.0 0.7913736649139409 0.0
126951 14.836402357203267 0.1101677665227933 0.1101677665227933 3.412615313074828 0.6284152707299823 3.962553779894948 0.586949264631875 0.0 1.5132201900753468 0.0
127139 15.596211017579446 0.1117883607760278 0.1117883607760278 4.22907118224467 0.6061530664694259 5.890379334170949 0.5583466675268579 0.0 2.0961197712571527 0.0
127304 15.262631653230065 0.1119059123226958 0.1119059123226958 8.908224516795798 0.6800390599370582 13.642809195170884 0.5974658601683109 0.0 3.5132215917746232 0.0
127353 16.074412477482635 0.1125908208266307 0.1125908208266307 7.406238089434951 0.5713644764921262 8.687007100021285 0.5089358103352527 0.0 1.7334559360453459 0.0
127423 15.11749622944057 0.1134247793486369 0.1134247793486369 2.911643352405232 0.6334246424853612 5.556679299163808 0.5785648072841563 0.0 6.925350084952397 1.0
127497 15.600829461963126 0.1129951104072585 0.1129951104072585 25.07975642806952 0.6483624659932692 31.306146783189458 0.5770726067002416 0.0 2.0961197712571527 0.0
127498 15.454238621076444 0.1134918514038275 0.1134918514038275 11.514620335671962 0.6417863464927565 12.529959760580688 0.5750447126734657 0.0 0.7635026498312589 0.0
127517 15.150318472937618 0.1140567140309594 0.1140567140309594 4.960539822346522 0.6869771971814709 7.762830714099156 0.5775147173159056 0.0 1.380473349064635 0.0
127563 14.948982555907104 0.1144250966924777 0.1144250966924777 3.0277130977469526 0.6465021726509138 5.61244593423986 0.5933282579590063 0.0 1.4931563146407536 0.0
127567 16.077875495381583 0.1145508289044804 0.1145508289044804 5.569696299597914 0.569424742560272 7.671653125223356 0.5089249687363946 0.0 1.7596810867641146 0.0
127679 15.957065811116454 0.1152357782413841 0.1152357782413841 3.469157251229309 0.4977981709336609 5.466206027933535 0.44790233425957926 0.0 3.8032532664389684 0.0
127789 15.130588997406688 0.116021394076808 0.116021394076808 2.029900881405335 0.6531069705033026 3.474257566815593 0.5611580151452195 0.0 6.925350084952397 1.0
127893 14.827861632658143 0.1167165868992129 0.1167165868992129 3.163568632244481 0.6443123882136506 4.576372788455696 0.5655905294450753 0.0 1.5132201900753466 0.0
127904 15.28176966083052 0.1168895254557968 0.1168895254557968 2.4984613930005652 0.6333434401534895 5.035445999729587 0.5892903933087923 0.0 3.15772648124896 0.0
128067 15.515146658159292 0.1181791175917866 0.1181791175917866 2.4683823941736276 0.6041543588734676 4.5411070760278225 0.5562936009041588 0.0 1.3301704313057583 0.0
128388 15.687336435796963 0.1201198043537265 0.1201198043537265 1.5331489165211631 0.5284942577933177 2.959659789418775 0.4665379482358264 0.0 1.0640606983208918 0.0
128447 14.611783669606623 0.1204237308993278 0.1204237308993278 3.454921279104124 0.6177527613922961 4.6485766780093885 0.5495302587339016 0.0 2.2465856953550305 0.0
128555 16.06871441927406 0.121238515665481 0.121238515665481 1.9468165074490233 0.5488922875525811 3.991840002900403 0.5112104473061095 0.0 1.7334559360453459 0.0
128639 15.909199664042106 0.1194497440801682 0.1194497440801682 207.99161255432546 0.7246447658463725 243.90095156333567 0.6330177805052303 0.0 2.3160785002377393 0.0
128884 15.04742704398312 0.1236125898563452 0.1236125898563452 4.011117704774812 0.6197711716350953 6.976843124110496 0.5855815364186973 0.0 1.4779242477363173 0.0
129131 15.265557456536076 0.125268286897244 0.125268286897244 2.7721357957175603 0.700766151570124 4.312309682018477 0.5839907699924333 0.0 5.4519113865832045 0.0
129352 15.584562595711128 0.1269895795207827 0.1269895795207827 4.381143018920073 0.6370118920749349 4.873325211257565 0.568304598821902 0.0 2.096119771257152 0.0
129443 14.848777170280687 0.1271647057166093 0.1271647057166093 5.80158831340481 0.6303522870735503 6.8761385768082715 0.5714880630756518 0.0 3.8422963320713848 0.0
129519 15.292778731843327 0.1277469262141484 0.1277469262141484 3.9394005283289983 0.6673303396860482 7.449749288454637 0.608957156645309 0.0 3.15772648124896 0.0
129521 15.26753031322669 0.1267457564316843 0.1267457564316843 11.692322124079988 0.6851193997871968 13.59276787711647 0.5978682096708233 0.0 5.451911386583204 0.0
129616 14.757876355386152 0.1277543199728827 0.1277543199728827 5.530352497870381 0.6890259427924037 7.368150677078167 0.5615123371373514 0.0 3.1139733108582694 1.0
129718 14.431583884049983 0.1289317148063786 0.1289317148063786 2.277041050337688 0.6394412588970865 3.5505839678970434 0.5661263774000342 0.0 0.8829220399385389 0.0
129742 14.835714445577583 0.1284721045642397 0.1284721045642397 5.336447025772462 0.6515027955884796 7.381574688129734 0.5945173830632059 0.0 1.5132201900753468 0.0
129813 14.717869616500108 0.1290924359435059 0.1290924359435059 3.0877574002489085 0.6659588715977992 5.424671759700389 0.5839522063480392 0.0 1.4669832829624403 0.0
129815 14.756874460232725 0.1276866423158691 0.1276866423158691 3.354525240957051 0.6382537874594107 6.441666395456143 0.5638085156698348 0.0 3.1139733108582694 1.0
129852 15.210773766006856 0.1299958064812206 0.1299958064812206 2.8197475397951086 0.6060039987555463 5.559030844531315 0.5652029615999132 0.0 1.8022835503322887 0.0
129913 15.110010242550562 0.1295539838093706 0.1295539838093706 11.962044622377146 0.6402470879232713 20.741325445847608 0.5747439548752167 0.0 1.1661783917578812 0.0
129929 15.908607790382288 0.1307547346413614 0.1307547346413614 2.9392293886672074 0.48365860115192194 3.51523391761582 0.42184648280554565 0.0 2.3160785002377393 0.0
130012 15.706527708704591 0.1312593863556997 0.1312593863556997 4.091924634790492 0.5345622892375944 4.559108121694663 0.47755968244779556 0.0 1.0640606983208918 0.0
130182 15.43967909426836 0.1324316338213643 0.1324316338213643 2.498735651974052 0.6292598832946905 4.960901638175394 0.5728498683250829 0.0 0.7635026498312589 0.0
130329 14.77755484398557 0.1332551569700003 0.1332551569700003 2.1922621937095053 0.6165117423989854 3.9451164458646915 0.5718199164335708 0.0 3.1139733108582694 0.0
130630 16.0159591603317 0.1354499624065732 0.1354499624065732 4.586866760845822 0.5405193721863096 5.238018441669933 0.49282251622253814 0.0 1.1280198116546585 0.0
130741 15.759923506847096 0.1355162332983374 0.1355162332983374 6.218025842708838 0.5149884666733191 9.424211744231535 0.4574048668985539 0.0 1.204811631897703 0.0
130764 15.84309678990086 0.1361798052275841 0.1361798052275841 3.3267457684247135 0.4735401497088102 4.349052658860817 0.43205029435212516 0.0 0.91135796903909 0.0
130898 14.724256087451248 0.136701751289217 0.136701751289217 2.335629977639024 0.6549298626292007 4.166499963144274 0.5749486576527046 0.0 1.4669832829624403 0.0
130918 15.680003587470257 0.1371088510801462 0.1371088510801462 4.249291407915289 0.5772782653678731 6.417584011142457 0.49958860098253016 0.0 1.0640606983208918 0.0
131167 15.581853685997078 0.1389371527584903 0.1389371527584903 4.967873095265297 0.6871411730134376 5.993853897105391 0.5845147076398581 0.0 0.88021665679728 0.0
131214 14.489827913162271 0.1384640445174386 0.1384640445174386 2.4493793375529487 0.6515733364050874 4.887356454853245 0.5785991347218706 0.0 2.836913069331895 0.0
131439 14.511729867162412 0.1397259039883807 0.1397259039883807 4.909307409158663 0.6289833689005383 5.908704211442635 0.5684899232071319 0.0 1.0367536299637046 0.0
131551 15.547845769133874 0.1412469741170913 0.1412469741170913 3.8618659714033106 0.6443744209680541 4.75010709247403 0.575782636700251 0.0 1.3301704313057583 0.0
131764 15.477733231456234 0.1425922979308913 0.1425922979308913 5.968048883166028 0.661539493422531 7.307398580408485 0.5839158960050707 0.0 2.720732286883802 0.0
131865 15.509088235684032 0.1412860196816818 0.1412860196816818 16.40133041491633 0.6702728926531549 22.73194857944719 0.6074502130320684 0.0 1.3301704313057583 0.0
132110 15.924258582226912 0.1444906613198947 0.1444906613198947 5.701864634651048 0.49473846714702147 6.006037176012114 0.44446692515445785 0.0 1.9006234888565308 0.0
132362 15.60137526554331 0.1462727273500194 0.1462727273500194 4.142388221532017 0.6603807601959469 6.039298480252068 0.5738385268584741 0.0 0.88021665679728 0.0
132527 15.9843547940405 0.1469387452018366 0.1469387452018366 5.65764117348881 0.5305524707048078 6.771739130208778 0.45997070766961634 0.0 1.1280198116546583 0.0
132637 14.630734518606282 0.1474540477952783 0.1474540477952783 4.717029400110222 0.6246324337009382 7.0136440429894895 0.544903625735253 0.0 2.2465856953550305 0.0
133029 15.042902091164812 0.1497742015933187 0.1497742015933187 5.186134824370145 0.710428823250195 7.337425817682681 0.5750075010099269 0.0 1.1494759272420962 0.0
133056 14.742838788123356 0.1496667528697262 0.1496667528697262 4.720455834637665 0.6451441530250345 6.770482818094079 0.5760801239924312 0.0 3.4453530406367627 1.0
133198 16.06556047198931 0.1517004430151215 0.1517004430151215 2.4595255032110637 0.5657262034009275 5.022464665838044 0.5334114279376848 0.0 1.7596810867641144 0.0
133231 14.876114212694212 0.15048839657106 0.15048839657106 4.417317133722571 0.6350477328823955 8.678392921812252 0.5654672159150714 0.0 2.0364918945215775 0.0
134010 15.35970546050612 0.1571362528197285 0.1571362528197285 2.4479549935319573 0.6052623840723256 4.89430666652971 0.5686180137361575 0.0 0.9963919893062376 0.0
134100 15.97089700502617 0.1580428747853969 0.1580428747853969 1.9299660618700123 0.4502748011529035 3.4847983821233495 0.4393967007992087 0.0 1.1280198116546583 0.0
134441 15.313325316049209 0.1597303008393724 0.1597303008393724 4.863578974412432 0.6073941850245882 8.27980669020034 0.577166382667561 0.0 1.7965609107102745 0.0
134563 15.599011331474758 0.160018927443403 0.160018927443403 8.041454654347058 0.6338772939579986 16.033003188725225 0.564741279451869 0.0 0.88021665679728 0.0
134569 14.649272762473974 0.1602343634412714 0.1602343634412714 2.097388289175543 0.5870384817373165 4.262947959673952 0.5534439857895904 0.0 2.0963742623292454 0.0
134570 14.949577137212126 0.1606368576521625 0.1606368576521625 5.066919856518865 0.7122701423190466 6.694170194341344 0.5629122939989158 0.0 2.940728956371661 0.0
134594 15.946509739965816 0.1604668394126646 0.1604668394126646 11.517096134518066 0.5202022961307876 13.573016080622166 0.43607408552543675 0.0 1.9006234888565308 0.0
134675 15.997587495879271 0.1614949331626798 0.1614949331626798 5.075678632299365 0.5160291795700851 5.423617214633319 0.46044365632478734 0.0 1.1280198116546583 0.0
134914 14.951274579542034 0.1619109608501706 0.1619109608501706 13.308830523347487 0.6609914156640452 19.36243502120905 0.5623864893303099 0.0 2.940728956371661 0.0
134994 15.792926613775526 0.1633723808872005 0.1633723808872005 3.4561298856086466 0.4871393644641507 4.476811115636415 0.4299641621405098 0.0 0.6420399237807123 0.0
135159 14.891869116428309 0.1630955045637881 0.1630955045637881 10.890018185330167 0.6299809815585398 14.191287226519181 0.5633172444550736 0.0 6.0628369367585435 0.0
135240 15.71807646156337 0.165308948682412 0.165308948682412 3.23793839512823 0.5771937913303663 5.420324819350664 0.47803300450720276 0.0 1.0145424653784398 0.0
135567 14.60137283931902 0.1658482015817421 0.1658482015817421 6.510707551129198 0.6324565154819679 9.752005296782437 0.5482927713431097 0.0 1.083153997539972 0.0
135626 14.910415349729352 0.1672725102087813 0.1672725102087813 3.202244426669456 0.6171549795925662 6.611092387149187 0.5596018208008245 0.0 3.3076932544201885 0.0
135628 14.867053328439908 0.167402955689395 0.167402955689395 2.5045335896816274 0.6209527340361817 4.358171061548805 0.54691971246256 0.0 2.0364918945215775 0.0
135646 14.989120701418294 0.1676055792310274 0.1676055792310274 3.5017590463320816 0.6093078273995859 6.069628561237832 0.5490762120586873 0.0 0.9333456186228289 0.0
136173 15.78652875691445 0.1709178156280466 0.1709178156280466 3.3984464635801017 0.5367179855890537 5.623743858826537 0.44280218606140126 0.0 0.6420399237807124 0.0
136273 14.952289998957632 0.1714262317571782 0.1714262317571782 2.751874624341041 0.603427387458876 4.9668248594422195 0.5646155323563257 0.0 2.940728956371661 0.0
136329 15.458171242935574 0.1719557677708576 0.1719557677708576 2.8349723893458236 0.6558919243049762 5.24637896251851 0.5894161404043357 0.0 1.28363889056383 0.0
136352 14.604043590977955 0.1719040845387204 0.1719040845387204 3.571113732803466 0.5984993210787548 5.02296721643594 0.5312028963926438 0.0 1.083153997539972 0.0
136476 14.535547705032686 0.1727667708527757 0.1727667708527757 2.8373577986147507 0.617121817517213 4.683021416157943 0.5516740497099899 0.0 1.0367536299637048 0.0
136533 15.61482414121781 0.1736083305992394 0.1736083305992394 2.6039030236993064 0.5912444772084187 5.1921391644882835 0.5443436996450631 0.0 0.88021665679728 0.0
136580 15.790808986087738 0.1739811255038385 0.1739811255038385 2.4261716204725468 0.47671881914521036 3.9630698503013964 0.44086003337286245 0.0 0.6420399237807123 0.0
136628 14.789167480277538 0.173516742458352 0.173516742458352 5.960192020252047 0.640499948265693 8.904317678404466 0.5874095175430151 0.0 1.3369676035096265 0.0
137044 16.031950443461735 0.176925918251706 0.176925918251706 2.5053897154631835 0.5134965414980327 4.673236937568619 0.4702680376633524 0.0 1.2435937207357775 0.0
137218 14.698262820485724 0.1775064353663524 0.1775064353663524 2.8149499391603117 0.595304860049125 5.227394704869723 0.5563232543509165 0.0 3.6247342254711747 1.0
137220 15.07034967787224 0.1776701450246244 0.1776701450246244 2.2712944879026105 0.6378656710329114 3.836221984821808 0.5753148126963217 0.0 0.718261859670156 0.0
137913 14.893534222629238 0.1819064306810861 0.1819064306810861 6.59130402279175 0.62458508837613 7.68896311553306 0.5526127750837951 0.0 3.460224929129463 0.0
137979 14.403575213125984 0.1822801913794483 0.1822801913794483 3.1097490556160716 0.6127243981884813 4.663325501538986 0.5541394061134893 0.0 0.4554632480922474 0.0
138097 14.962596193942067 0.1828347178130175 0.1828347178130175 8.068151769634733 0.6507625561171301 12.112406782691064 0.5647991442324722 0.0 0.9333456186228289 0.0
138177 14.742206318207373 0.1828276121883877 0.1828276121883877 2.7171615501827473 0.6281402086919666 4.4353274501152775 0.5488115843392929 0.0 6.74130492792709 1.0
138208 14.85967177434059 0.1838392457707575 0.1838392457707575 3.4489054793387357 0.6546080427513082 6.172330563683579 0.5652245031615397 0.0 3.460224929129463 0.0
138372 14.63453097834854 0.1850008883339657 0.1850008883339657 5.76095889376804 0.5966589197590026 6.991765129949643 0.5399597278959136 0.0 1.5351411519978595 0.0
138658 15.785014582585468 0.1874551808409525 0.1874551808409525 2.632674077618884 0.5340303760766983 3.8780330872300706 0.44472096879515705 0.0 0.6420399237807123 0.0
138777 14.753645120854832 0.1867301899170874 0.1867301899170874 5.5487666058785114 0.5960560588685541 8.116951840503976 0.554454881189048 0.0 5.059513395175708 1.0
138890 14.909755399900089 0.1881203540712561 0.1881203540712561 5.215579422275782 0.7164383348931076 7.800866442159247 0.5785869025141329 0.0 3.5590151085365713 0.0
139092 15.983029118527266 0.1895131264602503 0.1895131264602503 2.573024811046814 0.48676393065667245 4.9233523657030185 0.429560885565411 0.0 1.9302973519247466 0.0
139169 15.908464262910751 0.1907520826852951 0.1907520826852951 2.171440400938357 0.46504212472561385 4.419633913868087 0.430346412194308 0.0 1.8725025613610085 0.0
139221 14.703875326627458 0.1900075530863189 0.1900075530863189 9.32305061368049 0.6702434908592353 11.125913607589482 0.5605942262525861 0.0 3.6247342254711747 1.0
139416 15.27047548794322 0.1913575067016196 0.1913575067016196 9.522387443534098 0.6850021427419446 11.159437968675839 0.6012542135326927 0.0 1.2866453607897723 0.0
139536 14.648136711816454 0.1923914008671243 0.1923914008671243 2.4896651480363636 0.6254735163048252 4.534979641271819 0.5586494339823775 0.0 1.5351411519978593 0.0
139591 15.910346266039356 0.1932649241499711 0.1932649241499711 3.961131341523162 0.48079241710887005 4.291559608612696 0.43020661737387866 0.0 1.8725025613610087 0.0
139639 14.7029741171462 0.1927100494081083 0.1927100494081083 3.1412519349277073 0.6331017355116416 5.036989704346082 0.5569183190673339 0.0 20.024777333449503 1.0
139664 15.51917976069666 0.1932211592303421 0.1932211592303421 3.817705641309008 0.6445479196258549 5.182064074395129 0.5863386456976185 0.0 2.2399189127712473 0.0
139878 15.67158285858489 0.1948551890147093 0.1948551890147093 3.389999930997116 0.5878039848871995 5.078361348596358 0.5384648362262967 0.0 1.622878506759347 0.0
139916 14.72403630058874 0.1939128205132932 0.1939128205132932 2.9950224581879805 0.6269727406591289 6.139105956066837 0.5622865200030728 0.0 3.4450093338267656 1.0
140190 14.649701761510954 0.1969130977823693 0.1969130977823693 5.050241176888506 0.6132731920763845 6.061489894009592 0.5703881043278558 0.0 1.535141151997859 0.0
140201 15.621462849086727 0.1973931314055577 0.1973931314055577 2.518893171485004 0.6067807628645189 4.372068394659778 0.5476370992563542 0.0 1.027691061558252 0.0
140323 15.056914811663887 0.1979615196589753 0.1979615196589753 4.190372262509068 0.618669051186337 5.4093131284250475 0.5504637049443675 0.0 0.718261859670156 0.0
140512 15.943428131959884 0.1985685008498985 0.1985685008498985 6.271792833719984 0.4925878738953317 7.929536391551423 0.44124354527545884 0.0 1.7301991101310388 0.0
140684 15.50693295821454 0.2002723777154116 0.2002723777154116 6.536540042469944 0.6883710447404977 8.377996810632027 0.5988728730823387 0.0 2.6896133508189113 0.0
140707 15.381238668140146 0.199840648025836 0.199840648025836 8.795230334759573 0.6750162006040824 11.747554791098269 0.6223290198638888 0.0 2.3045266581665724 0.0
140792 14.699776516559725 0.2004457430898774 0.2004457430898774 4.509439177795802 0.6765087345758829 8.870609061641558 0.5669833529981275 0.0 1.6790990351569572 1.0
140900 15.336362851386864 0.2020346749344709 0.2020346749344709 2.0353534845744634 0.6245255177612661 3.54900215029644 0.5829883598823432 0.0 3.420346530113244 0.0
141289 15.201683855578109 0.204527687077289 0.204527687077289 3.81711321617426 0.6914852717626825 7.125837466079182 0.6113828678197303 0.0 0.6650577224509103 0.0
141758 15.477613771143927 0.2081644384377792 0.2081644384377792 3.900679629247493 0.6644318033493868 4.41320595308198 0.6028429841776942 0.0 2.689613350818911 0.0
141759 14.28306301194256 0.2075838922838329 0.2075838922838329 3.4537154409413517 0.7097465355658521 6.222710005711877 0.6447464075643556 0.0 0.0 0.0
141798 15.06510757568086 0.2069801822596379 0.2069801822596379 4.047772094681116 0.6660362917713651 8.329949342438853 0.5859626662597869 0.0 0.718261859670156 0.0
141893 15.384285933715006 0.2089770324011701 0.2089770324011701 2.3854771254906115 0.6259648847225217 4.676655646491176 0.5920141840717685 0.0 2.985364032756596 0.0
141930 15.126603779956326 0.2090818232851359 0.2090818232851359 4.710568772891452 0.657899607013375 5.151597507723029 0.5914789670412087 0.0 0.718261859670156 0.0
141962 15.395438596992308 0.2095114088817002 0.2095114088817002 6.1114654156623835 0.6533900614878159 7.157190932192304 0.5908105477063896 0.0 3.206594085443437 0.0
141970 14.889915237343196 0.2092645924085124 0.2092645924085124 5.007611598146505 0.637580635735815 6.222563734259351 0.5909830862155315 0.0 2.974081579445859 0.0
142123 15.367965852498514 0.21060680466711 0.21060680466711 2.896788881228806 0.6204349629587904 3.431373249128452 0.5818246391422135 0.0 2.80595013780797 0.0
142209 14.771424057223294 0.2100504493731582 0.2100504493731582 8.811232199897802 0.699338664376585 10.253791059794818 0.5684633600023289 0.0 1.2233227475340593 0.0
142461 15.718585781713442 0.2126528366752864 0.2126528366752864 4.2016941493469036 0.6060560157488406 5.431318483864877 0.5304334132698953 0.0 1.0145424653784398 0.0
142788 15.23439932078431 0.2149344638455994 0.2149344638455994 3.337334740002932 0.68703185638031 5.356062207820351 0.5863186492569695 0.0 0.6650577224509103 0.0
142826 14.426313765040476 0.2144666731211745 0.2144666731211745 3.0650911193110004 0.6357059364943345 5.750839587462915 0.5668901435751663 0.0 0.531322480036561 0.0
142871 15.331268384645206 0.2155755337305808 0.2155755337305808 2.8069348816102626 0.6263854960563482 5.232574465426261 0.5957767081638116 0.0 1.0426913332478573 0.0
142945 15.362206101428464 0.2160366490312129 0.2160366490312129 2.8085559195316754 0.6431196883568434 3.7448301391704772 0.5833236897624613 0.0 3.420346530113244 0.0
142969 15.804368636905108 0.2162535482257267 0.2162535482257267 2.980928933340903 0.5271558023822229 3.5423636667771645 0.4752659889848841 0.0 0.6420399237807123 0.0
142991 15.85168332818181 0.2161976552775308 0.2161976552775308 4.2244654341312335 0.4731902715402148 5.272621039678344 0.43145929845428155 0.0 1.2131795762147553 0.0
143183 15.684083377343168 0.2178722006449475 0.2178722006449475 3.6231365397513 0.5758138444182512 7.4474431953958815 0.5271367431525354 0.0 2.472060264443418 0.0
143186 16.005021465370046 0.2179145675825617 0.2179145675825617 1.7147867203549778 0.5100824081647707 3.524548421907855 0.43425901903728825 0.0 1.2435937207357775 0.0
143589 15.529102690390577 0.220123557925817 0.220123557925817 5.332671780184373 0.6558824919928977 8.682888065015726 0.5813668841766536 0.0 4.2015772396906605 0.0
143645 14.554023240820872 0.2205697905627559 0.2205697905627559 3.051459418248056 0.5900492465521775 4.707054356600352 0.5564157684694377 0.0 0.7821680123579146 0.0
143695 14.89023896587122 0.2210837313510091 0.2210837313510091 5.476000421049131 0.6599808614925307 6.466933887559488 0.5660477049902687 0.0 2.9740815794458593 0.0
143735 15.338060834188523 0.2216959234929459 0.2216959234929459 3.809278809018484 0.6079967849034612 6.048591739130663 0.5659346793907727 0.0 1.0426913332478573 0.0
143798 14.556924057841918 0.2218192653727348 0.2218192653727348 3.3304156882661777 0.6358664280541321 4.2947442317071785 0.5733640974623665 0.0 0.7821680123579144 0.0
143969 15.064966289991368 0.223181491140796 0.223181491140796 1.929379173418767 0.5815861123061752 3.616187229395406 0.539267178921831 0.0 0.718261859670156 0.0
144015 15.897950323232322 0.2238048193090617 0.2238048193090617 3.116355091594823 0.4558164582862605 4.331175222872168 0.42362234184889286 0.0 1.2131795762147553 0.0
144042 16.018367696213666 0.2231009216490981 0.2231009216490981 8.995727164186958 0.49969145752749494 12.057064412083388 0.44142119555983433 0.0 1.2435937207357775 0.0
144344 15.19229968258373 0.225686165572879 0.225686165572879 4.1061239231684725 0.6540098511012195 5.548110058223202 0.5760910557233463 0.0 0.6650577224509103 0.0
144495 14.90087410199853 0.225947494708618 0.225947494708618 3.779482696090491 0.6469533708229774 7.779759445807689 0.5658947895175398 0.0 2.7492396116091484 0.0
144605 15.547739892244484 0.226710422970342 0.226710422970342 10.6540113856004 0.6638530391989653 15.715961102975326 0.5902108733790563 0.0 2.4664517318084553 0.0
144635 15.779180729034216 0.2276685964579373 0.2276685964579373 1.8830102216473659 0.5121849019005925 3.774008203707514 0.4840188031736127 0.0 2.0711469228029458 0.0
144712 14.48542650684032 0.2276567109093557 0.2276567109093557 4.2271632153577565 0.6090775437674442 4.929832474322112 0.5439980818344371 0.0 0.6597002421469663 0.0
144713 14.51549098925243 0.2276201488941187 0.2276201488941187 3.3305879692551574 0.6428939508724073 4.506386018744479 0.5481530924067537 0.0 0.6597002421469663 0.0
144747 15.826811293225376 0.2285083908900942 0.2285083908900942 2.419796322559753 0.6143544365933032 4.900479424834384 0.4563588457488769 0.0 1.348497680221149 0.0
144841 15.642469966809587 0.2289016366946591 0.2289016366946591 4.064658464322852 0.5736961532779306 6.855340347132027 0.5312142144038031 0.0 1.027691061558252 0.0
145068 15.415756122206634 0.2304906315148609 0.2304906315148609 3.0989527030506716 0.6161912593729846 6.0871866722244885 0.5619880798862898 0.0 4.0666804197742366 0.0
145087 15.40917379916905 0.2303168528268014 0.2303168528268014 3.5922656664234496 0.6871227567623874 7.01008382673742 0.6114973355321386 0.0 4.066680419774237 0.0
145104 15.994122799043868 0.2299937275053457 0.2299937275053457 5.530288761630064 0.49253026171617453 9.24597431388468 0.43699461709973336 0.0 2.893993575884422 0.0
145257 15.796936176229458 0.2320026197770957 0.2320026197770957 2.090666240363406 0.5641223476293301 3.724062811913781 0.4903126217068654 0.0 2.0711469228029458 0.0
145549 14.5880638785706 0.2324431185596376 0.2324431185596376 3.045689292718074 0.6289331773758609 5.332697918480907 0.5578471299148676 0.0 0.7821680123579146 0.0
145728 15.032977449214156 0.234677882503607 0.234677882503607 3.3121929177390816 0.5705560372301649 5.680009310458122 0.5420811017418216 0.0 0.718261859670156 0.0
145756 14.480090908938884 0.2345322139963105 0.2345322139963105 2.153512233477616 0.6132401716084308 4.201854262508185 0.5758318874314055 0.0 0.6597002421469663 0.0
145985 15.53620690966697 0.2367024853766091 0.2367024853766091 3.137420627200154 0.6029972544399387 4.662174257650749 0.5719894934608394 0.0 5.049176799952903 0.0
146089 15.712406982208316 0.2374972919336177 0.2374972919336177 2.218087216965525 0.6296581012118383 4.185523363857822 0.559903943455937 0.0 1.0145424653784398 0.0
146136 15.420918030257576 0.2376855302034643 0.2376855302034643 2.4160012479191195 0.6291287593309636 4.577687815167537 0.5668779113674287 0.0 2.796054192027345 0.0
146323 15.680093805487406 0.2389692367137336 0.2389692367137336 4.421480925732443 0.6103300576679211 5.361599406362991 0.5441340009764148 0.0 2.472060264443418 0.0
146450 15.908690280620458 0.2397331146209516 0.2397331146209516 2.4649956177512693 0.501161256866554 4.2849531863537 0.44585620780527013 0.0 1.2131795762147553 0.0
146515 15.466597704660469 0.2403797453021471 0.2403797453021471 4.026306115222478 0.6498547321572555 6.616466189148468 0.5854517462565966 0.0 1.8507755221042257 0.0
146548 14.844364692784456 0.2391777042777503 0.2391777042777503 9.56003238474699 0.64738604655459 14.395213580715966 0.5671894077564706 0.0 1.0746419724599996 0.0
146637 14.819905395265105 0.240818796246064 0.240818796246064 3.0463235648792923 0.5963963298253361 4.7484973339357515 0.542548397829417 0.0 1.0746419724599996 0.0
146681 16.07540657074798 0.2414969611274934 0.2414969611274934 3.935198700591068 0.5451829171945529 5.653413143074304 0.49290369945389184 0.0 1.1672385928193436 0.0
146789 15.452943966419795 0.2417933953338144 0.2417933953338144 6.010709621847742 0.6547755213307938 9.473407108550827 0.570265331590194 0.0 2.3293259664299906 0.0
146837 14.417593796550468 0.2419348095418951 0.2419348095418951 3.0721552836595474 0.5724046215243453 6.079279000582368 0.5336963739979318 0.0 0.6597002421469663 0.0
146915 15.02081157447141 0.2428316582831551 0.2428316582831551 3.013405792536644 0.5708005725965598 5.145478828652563 0.5400773888583419 0.0 0.9329518051873079 0.0
147041 15.818467963780169 0.2441124453857565 0.2441124453857565 2.11745117002663 0.5102575123084807 4.238168339519219 0.4617255401916629 0.0 1.348497680221149 0.0
147240 15.983775517393092 0.2453390903987303 0.2453390903987303 2.794899805557288 0.45675798847780863 5.706411822679442 0.43377690266431806 0.0 1.7998772427955876 0.0
147324 14.8152408713061 0.2455816297368221 0.2455816297368221 3.1704581979225828 0.590287743075204 5.277406150585239 0.5389139900184159 0.0 1.0746419724599996 0.0
147330 15.351900888369302 0.2448926194989054 0.2448926194989054 7.985017823047063 0.648925304076305 15.349045087276902 0.5722219955399122 0.0 1.0426913332478573 0.0
147948 15.258817421256918 0.2492224155715124 0.2492224155715124 5.551740448719661 0.686081132249032 10.099524893811358 0.5709098401778879 0.0 1.6875007636115327 0.0
147958 15.990064348203369 0.2503570622759281 0.2503570622759281 2.065447162050687 0.47485437080083825 3.730925080454616 0.42495503444390825 0.0 1.7998772427955874 0.0
148021 15.325632821115358 0.2504476051853873 0.2504476051853873 2.789930181453675 0.5946214983851027 5.077231993921968 0.5644875448353652 0.0 1.0426913332478573 0.0
148164 15.384721965406134 0.2496670548296518 0.2496670548296518 8.711303226070177 0.6346396388007113 10.535957189883387 0.5687649547411073 0.0 1.4328762829587436 0.0
148176 15.293350808222314 0.2515848080419434 0.2515848080419434 4.210753773057709 0.6440615162060257 5.008916787588123 0.58513611666894 0.0 1.111064461303376 0.0
148201 15.57421521438232 0.2516358754929478 0.2516358754929478 7.67188200914414 0.6329641743990987 8.53966990030085 0.5569842184770196 0.0 1.081265226138631 0.0
148300 15.263974913585198 0.252401517664183 0.252401517664183 3.8691651229005015 0.6418149044328617 6.704026263535953 0.5989768339721008 0.0 1.111064461303376 0.0
148323 15.467099773113487 0.252528681230553 0.252528681230553 3.777388748141931 0.6424730966516357 5.366741568975747 0.5987783760585632 0.0 1.8507755221042257 0.0
148357 15.883863847982868 0.2529781713692273 0.2529781713692273 1.7171879671139234 0.45123685959377896 3.3206413817232887 0.43789145681904323 0.0 1.4003766739331225 0.0
148422 15.07375049091503 0.252726017435735 0.252726017435735 7.385365861339899 0.6157643696097079 7.727514398959272 0.5447662902323793 0.0 0.932951805187308 0.0
148499 15.32902314775454 0.2538065895263824 0.2538065895263824 3.3369679025308825 0.6418261010335059 5.26191438138568 0.5753372555785183 0.0 1.0426913332478573 0.0
148797 14.311925063318322 0.2550467015698511 0.2550467015698511 3.040374205315933 0.67745288077308 4.801051791259891 0.5742587611362999 0.0 0.0 0.0
148863 14.902863241478116 0.2558822963646801 0.2558822963646801 2.4746844791041087 0.6246215408727722 3.8993947710227355 0.55999519572566 0.0 1.4603799188761173 0.0
148883 15.342417293256911 0.2562110006574514 0.2562110006574514 2.7589635106252266 0.6327082473872124 4.940165342098328 0.5780773216157896 0.0 1.0426913332478576 0.0
149180 16.066503781419808 0.2582448793847711 0.2582448793847711 9.996125526764482 0.5293844578737839 10.974247493930726 0.4760525070664084 0.0 1.1672385928193436 0.0
149300 15.32186742309827 0.2590943326007723 0.2590943326007723 3.7131188487910074 0.6360879695276886 5.966460576057321 0.5736005653519479 0.0 1.0426913332478573 0.0
149310 14.471677028403697 0.2581386358079844 0.2581386358079844 7.960274448855257 0.6255220377224976 9.132477452490477 0.5636182340214692 0.0 0.6597002421469663 0.0
149380 15.183145945932164 0.2591061516223972 0.2591061516223972 10.049438767248601 0.6296617775806399 12.559827464113967 0.5766830173218008 0.0 0.8007245989836647 0.0
149396 15.31064248551938 0.2597362111128617 0.2597362111128617 2.9442048456025103 0.6353956798868857 5.838500352234093 0.574577648354017 0.0 1.0426913332478573 0.0
149622 14.606012705332216 0.2597619424466988 0.2597619424466988 10.761126639837821 0.6923346711903534 14.991800241296126 0.5910084133235526 0.0 1.1563772418527107 0.0
149689 15.97996514856012 0.2607739059758574 0.2607739059758574 5.239914176349109 0.47837046891864327 9.20257572843223 0.42958398512402296 0.0 1.7998772427955874 0.0
149838 15.93304594090863 0.2630994355908645 0.2630994355908645 2.1454652434273673 0.4408024216906582 3.624781707311976 0.4108088338475093 0.0 1.6515084575073975 0.0
149894 16.010244079046416 0.2632765501879245 0.2632765501879245 2.8784591754540654 0.447489910620222 5.711363935411978 0.418800920599028 0.0 2.699166166762876 0.0
150327 14.385027256700798 0.2652898177288346 0.2652898177288346 2.6104552379640116 0.5871890361099817 4.762509907319623 0.546414522282994 0.0 0.6049308195149529 0.0
150378 14.93299664765875 0.2649322227466956 0.2649322227466956 13.150881303994254 0.6326609569825489 17.780191224736157 0.5441417780853345 0.0 1.224171190266464 0.0
150503 14.718690189595062 0.2660023445277112 0.2660023445277112 3.345131677975006 0.6544142244251983 5.48444193198894 0.5553973792332398 0.0 0.5685357362596898 0.0
150633 15.454822674359455 0.2681453875562609 0.2681453875562609 2.4485765184451127 0.6504750989233751 4.986702454536101 0.5901302438160528 0.0 2.329325966429991 0.0
150714 14.805211692533913 0.2682729578996314 0.2682729578996314 2.401812530743826 0.5980443502993972 4.886084562768691 0.5451349045935521 0.0 1.4763579238427986 0.0
150842 14.477146039108318 0.2686720819565258 0.2686720819565258 7.335605021370908 0.6239939154210332 8.203696734815805 0.5550334131110073 0.0 0.9620982199676644 0.0
150986 14.854565083156777 0.2703481195753136 0.2703481195753136 2.338944262135526 0.6546274221428579 4.238889267215253 0.5392796686497315 0.0 1.161644985335377 0.0
151229 16.024569956661495 0.2715887234297948 0.2715887234297948 5.664827853054856 0.4777901375691084 8.561392241081654 0.42755910408315306 0.0 2.6991661667628755 0.0
151298 15.526469815180205 0.2728004621340934 0.2728004621340934 2.957117550370642 0.6414959784735488 5.658039364040691 0.5669429094565442 0.0 1.9541998194610564 0.0
151309 15.837621927369796 0.2706612630877871 0.2706612630877871 2.855098877677146 0.49312525808117835 5.239415617313738 0.4428202511008286 0.0 1.348497680221149 0.0
151315 14.502851823626372 0.2721997912994066 0.2721997912994066 2.004459434431953 0.6645672749257165 3.7265444049635517 0.558203537820319 0.0 0.9620982199676644 0.0
151509 16.033052621970906 0.274539800500046 0.274539800500046 2.7657704123310376 0.48849021508424506 3.6741282359668896 0.4200533699112842 0.0 2.6991661667628755 0.0
151674 15.18440120728635 0.2751297479232831 0.2751297479232831 2.127890908670449 0.6560476461576058 4.119037065720881 0.566715261632542 0.0 0.8007245989836645 0.0
151817 15.342860099192146 0.2762272318270816 0.2762272318270816 2.9783632213299214 0.6644307231855672 4.981194999572274 0.5592843499440036 0.0 1.0426913332478571 0.0
151876 15.12407109186416 0.2761778950153539 0.2761778950153539 3.8900644292406827 0.6302447883190377 6.989138038007836 0.5629189251431105 0.0 0.9555742515430645 0.0
151884 14.438901919472942 0.2760322455246576 0.2760322455246576 4.644142180804279 0.605132154455072 6.06220052089911 0.5353218412661463 0.0 0.6597002421469663 0.0
152009 15.873342395783045 0.2771783404417089 0.2771783404417089 3.0836731304653404 0.47917100094337844 6.036205148055332 0.4246646547082241 0.0 1.4003766739331225 0.0
152069 15.275900763385671 0.2779337282824901 0.2779337282824901 2.777692694552662 0.6222714006248155 5.214162675099597 0.571397544738393 0.0 1.111064461303376 0.0
152157 14.69499592231984 0.2781214486048713 0.2781214486048713 2.204771879422701 0.5637131264788515 3.9502421271870203 0.5244904530825836 0.0 0.5685357362596898 0.0
152242 14.899784722704004 0.2742941177019142 0.2742941177019142 15.700129664680906 0.6556298586357734 20.582220476003286 0.5654171282433877 0.0 1.4603799188761173 0.0
152529 15.623716077013007 0.2812737822146847 0.2812737822146847 4.212732686749502 0.5903144983144262 5.2634638802058396 0.5428239701557345 0.0 1.027691061558252 0.0
152538 15.280292536555985 0.2811012134618705 0.2811012134618705 2.7701984200280427 0.6374649064925064 3.757226387251916 0.5694084074961333 0.0 1.111064461303376 0.0
152553 15.783125060640677 0.281048493345425 0.281048493345425 6.478959950406761 0.5643603376362271 9.672553888524217 0.49427389986063347 0.0 2.0711469228029458 0.0
152816 15.781194322993066 0.2823638501361676 0.2823638501361676 7.7928409550426 0.5981386870840318 11.633980158614872 0.5065052062777362 0.0 2.828924020076214 0.0
152853 15.614070541501617 0.2833886853831719 0.2833886853831719 3.85341454593723 0.594244554196157 5.063697506720517 0.5513801548240821 0.0 1.081265226138631 0.0
152920 14.953198781919596 0.2834955459106475 0.2834955459106475 2.104619970390056 0.6056779851198758 3.9399953999052943 0.5440357055302366 0.0 1.224171190266464 0.0
152985 15.444998490932504 0.2842880205377755 0.2842880205377755 4.26452926223423 0.670640351329271 6.099272737269716 0.5899904618716315 0.0 2.3293259664299906 0.0
153267 15.97114017493424 0.2866073754287209 0.2866073754287209 2.7898777761005253 0.4471252471506545 3.646201848181619 0.4024790094023495 0.0 4.741487573611348 0.0
153474 15.684488470573603 0.2869171816295628 0.2869171816295628 8.157448044960478 0.5962784306213932 10.867052923483136 0.5458622702936585 0.0 1.1426595099937567 0.0
153615 15.13825594480098 0.288475037913703 0.288475037913703 2.8805320840053157 0.5968403199201552 4.217570975570037 0.5446852357611071 0.0 0.9555742515430645 0.0
153723 15.973806015790949 0.2897528032409532 0.2897528032409532 1.728904748245555 0.32211952144768163 3.5306059399396315 0.2899745663359164 0.0 4.741487573611348 1.0
153859 15.983037674149372 0.29090488269697 0.29090488269697 1.7741052022778045 0.4286420485697992 3.321618155701162 0.3959169449914137 0.0 4.741487573611348 1.0
153870 15.639132485125838 0.2907384968352847 0.2907384968352847 2.513912216494224 0.6502542093944866 5.194084600558899 0.5381701816559084 0.0 1.1426595099937567 0.0
153943 16.062114830644557 0.2893286084902784 0.2893286084902784 4.423783980053275 0.476119850467468 6.3318838761315055 0.4337089430933292 0.0 3.462826316189747 0.0
153992 14.443029489112996 0.290946896983745 0.290946896983745 2.8448755847302434 0.5923813312252113 5.603126279544567 0.5401361807115316 0.0 0.6049308195149529 0.0
154329 15.700479236285128 0.2940908494630432 0.2940908494630432 4.865638234395048 0.6133701980785199 5.677891850918691 0.5421496021051526 0.0 1.1426595099937567 0.0
154409 15.970675456724834 0.2942604831353189 0.2942604831353189 7.785626862455213 0.4733935759803751 8.889132486958838 0.4131708216576214 0.0 3.9272496401498618 1.0
154449 15.09759057827699 0.2944937281539751 0.2944937281539751 3.2100111060223893 0.5921522991906356 3.7794937694574946 0.5390064397568963 0.0 0.9555742515430645 0.0
154496 14.383226925996668 0.2942859256229234 0.2942859256229234 3.2462622193535946 0.6286182335352279 6.135680809140208 0.5351332978788803 0.0 0.6049308195149529 0.0
154499 14.98426457432096 0.2940916492950347 0.2940916492950347 4.457167735130689 0.609994759147276 8.181296600966254 0.5289060483077368 0.0 0.9380936983824352 0.0
154507 16.01170534857064 0.2947670494499365 0.2947670494499365 3.7593111417306604 0.4586874281038324 6.099594251193095 0.41104137455460654 0.0 4.206857198054176 1.0
154522 15.970395742975438 0.2947934431104944 0.2947934431104944 4.482936490231115 0.46398404967037765 5.147813892729644 0.41227077581228344 0.0 3.882784285247687 1.0
154561 15.842008264337643 0.2955095943405788 0.2955095943405788 2.8671002185887806 0.4896048887690961 5.106708266807642 0.4368921627029242 0.0 1.2205248762555363 0.0
154840 14.445346647807025 0.296517991071783 0.296517991071783 2.462969191589422 0.6223128718229886 4.031948768271826 0.5442330947350982 0.0 0.6049308195149529 0.0
154883 15.892437210316997 0.2977440355631876 0.2977440355631876 1.6454825078355213 0.5073785076514136 3.0921143838849865 0.4127676094625633 0.0 1.5076013544927553 0.0
154924 15.274203369430506 0.2976712546764696 0.2976712546764696 2.8579406126747298 0.6558830286047517 4.347722695979529 0.5697942628322121 0.0 1.0390101309092648 0.0
154978 15.84428680718387 0.2979333050898657 0.2979333050898657 4.228499873763281 0.49472757483311075 5.206442220615903 0.43961841278345604 0.0 1.2205248762555363 0.0
155056 15.778048771403585 0.2990523142099359 0.2990523142099359 2.332540250724569 0.5254092618587044 3.600840959087884 0.48660082908691327 0.0 2.8289240200762134 0.0
155619 15.130525967546706 0.3028243375485103 0.3028243375485103 1.8386788981648994 0.6287247434161907 3.802282243712698 0.5666503279234673 0.0 0.9555742515430645 0.0
155626 15.615113249220803 0.3030037237270127 0.3030037237270127 3.4177997476223223 0.6448597317016649 6.184135030430678 0.5599622717728335 0.0 0.6358387401017849 0.0
155630 14.898479090344576 0.3026769611194916 0.3026769611194916 2.9403260769089354 0.6155295382310696 5.013698937013146 0.5387929555418537 0.0 1.4603799188761173 0.0
155827 15.785778857813318 0.3046812177705903 0.3046812177705903 2.02721803634826 0.5142552517804885 3.5607827964284713 0.4768914948811231 0.0 2.8289240200762142 0.0
155875 14.408440678127326 0.303953902019406 0.303953902019406 3.0014059452419546 0.6112631265834741 3.7889412829136657 0.5421774142827456 0.0 0.6049308195149529 0.0
155981 14.47516378050779 0.3047087757038464 0.3047087757038464 2.644685719337034 0.6398237486538869 5.19077855670761 0.57686473642475 0.0 0.9620982199676644 0.0
156170 15.821722837151224 0.3069347390467012 0.3069347390467012 2.9106097952314394 0.6141661261843493 5.289249374116855 0.45779088962273856 0.0 1.2205248762555363 0.0
156188 15.991171390639789 0.3071178821467408 0.3071178821467408 1.911195159676187 0.5016988572851375 3.1536717461040524 0.4071769239820884 0.0 6.637298951420554 1.0
156202 15.267513391955418 0.306842244579379 0.306842244579379 3.178847561029405 0.6284229685026563 5.5383428334847915 0.5753698318791249 0.0 1.0390101309092648 0.0
156272 15.99756111408031 0.3078324521354968 0.3078324521354968 2.552090095684234 0.4861166668447932 4.29241650695474 0.41081833634152026 0.0 6.637298951420556 1.0
156390 15.919491210749564 0.3075694818602072 0.3075694818602072 4.402796473057303 0.44681814042778006 7.309116239895018 0.4158286615068793 0.0 1.5161477595370918 0.0
156490 16.053349393785055 0.3087978535157705 0.3087978535157705 8.146691556516295 0.5446878236353458 10.071726879827292 0.4417115881715266 0.0 3.462826316189747 1.0
156564 16.07415664951686 0.3093832577441194 0.3093832577441194 2.2417544787766195 0.5185563680381334 3.7937432613912323 0.4756020141694421 0.0 3.4628263161897466 0.0
156613 15.030914445413975 0.3096912751732639 0.3096912751732639 2.684013168534223 0.5549719625293528 5.2644904843352345 0.5174734277998552 0.0 1.656065873937548 0.0
156618 15.969640510407416 0.3100942289149804 0.3100942289149804 1.7634204331989878 0.4377158294316631 3.487636511838652 0.4109485127838654 0.0 3.882784285247687 1.0
156654 14.62998113404942 0.3092940590928809 0.3092940590928809 3.776309172115028 0.6292970912500926 4.489023880601788 0.5593573569101852 0.0 0.9540670058457883 0.0
156784 15.639834333333113 0.3114013961344413 0.3114013961344413 2.257249209458051 0.5790092729333539 4.36839100673359 0.5372405338678452 0.0 0.6358387401017849 0.0
156796 15.810894501586272 0.3115500007663503 0.3115500007663503 2.1379863428564723 0.5235895443360484 4.225961626277672 0.46808761444409175 0.0 2.0616644490402662 0.0
156943 15.548083500309414 0.3123708089164522 0.3123708089164522 3.518587602697246 0.6695693888012598 6.57602277632536 0.581091672378564 0.0 0.6448334058460975 0.0
157056 15.497462935458994 0.3127945384195542 0.3127945384195542 3.725310625863106 0.6530494592109166 6.53523724796584 0.572655569362176 0.0 1.374344605176598 0.0
157097 16.011755505244725 0.3135308397476104 0.3135308397476104 3.7499359914402626 0.4580658202933871 5.351193789140757 0.4139739369136445 0.0 6.637298951420555 1.0
157150 14.584058586983408 0.3131153039421493 0.3131153039421493 3.2798167102990083 0.6212658064137255 6.567485210364788 0.5659566973647004 0.0 1.0980158900730763 0.0
157167 15.60420287704613 0.3141698638715636 0.3141698638715636 2.9348287939915436 0.6005615766248052 3.987337262852125 0.5530673883033678 0.0 0.6358387401017849 0.0
157371 14.673666334478147 0.3147007364351694 0.3147007364351694 2.619638278212886 0.5754496665975545 4.210728536081745 0.5416579446101469 0.0 0.9540670058457883 0.0
157504 14.865480104893129 0.315873699756886 0.315873699756886 4.88843192343355 0.6339425705541318 5.8699681572995415 0.5575891848437005 0.0 2.4513170302097165 0.0
157579 16.011566098096896 0.3166201045327675 0.3166201045327675 3.7462302762961546 0.4784298063517206 5.083182126045815 0.4147079208819374 0.0 6.637298951420555 1.0
157597 15.994883447698893 0.3170305577687574 0.3170305577687574 3.0696721454888 0.4785520408846461 4.156421267768839 0.41166725155851486 0.0 5.778578801941293 1.0
157625 16.04644866061301 0.3168418853343006 0.3168418853343006 6.806863592827303 0.531336154745585 11.115965989976962 0.44618574348172313 0.0 4.789865496462941 1.0
157820 16.053110262580518 0.3189156923761698 0.3189156923761698 2.267219488844906 0.4931644618376418 3.7625184265994776 0.4370796631335305 0.0 4.789865496462941 1.0
157924 14.425105157517216 0.3180511954360039 0.3180511954360039 3.597476329399535 0.5719471204197643 5.58704569049254 0.5297593799955251 0.0 0.6049308195149529 0.0
157971 15.994549632528472 0.3199357712313135 0.3199357712313135 2.5182955959469977 0.5099764475241761 4.011746182732366 0.39564603378004465 0.0 5.476974404546306 1.0
158066 15.796751940964572 0.3205405543593492 0.3205405543593492 2.049707787214501 0.5414787911741346 3.8204290457917396 0.47976619245955776 0.0 2.0616644490402662 0.0
158085 15.78268058565178 0.320572174423073 0.320572174423073 3.986846300661559 0.5423106346769518 5.203473013137685 0.477298943282861 0.0 2.4044292892736405 0.0
158142 15.465312657106946 0.320720645629605 0.320720645629605 3.2078269487607667 0.6635145487344419 4.823552229212892 0.5534034006119176 0.0 0.8539242255765138 0.0
158267 15.4750024662232 0.321199006625804 0.321199006625804 4.211567459516419 0.6533344880511539 5.250149830263831 0.5604565430974924 0.0 0.8539242255765138 0.0
158583 14.906731842034269 0.3234219542893847 0.3234219542893847 4.227624433969508 0.6287520156693515 6.342218160268618 0.5235129451722457 0.0 1.8006014968953759 0.0
158673 15.353284839276608 0.3243055876732922 0.3243055876732922 5.194440750944187 0.625857116280396 6.005607117340073 0.5561852879236436 0.0 1.933933391262513 0.0
159003 15.07539342532776 0.3259285558261875 0.3259285558261875 7.972957767538288 0.5840283240664618 8.471353663886354 0.5112161127496934 0.0 1.5063732978613356 0.0
159016 15.001581163609371 0.3257441774423916 0.3257441774423916 5.830622295410706 0.6005751829970865 8.479196440447424 0.5180167052115137 0.0 1.6560658739375482 0.0
159035 16.040457588987284 0.3270816935021025 0.3270816935021025 1.6560230656231147 0.4643991563496241 3.3274950233386664 0.420649529088394 0.0 4.789865496462941 1.0
159080 14.867102827607294 0.3253577295067102 0.3253577295067102 47.04298504577096 0.6689919742219652 68.22349954103443 0.5897590671292592 0.0 2.451317030209716 0.0
159128 15.347937015151029 0.3272061150155534 0.3272061150155534 3.8264363473917515 0.6214649165702822 4.982534619459672 0.5495913811445655 0.0 1.933933391262513 0.0
159662 16.007837398622087 0.3294582291521294 0.3294582291521294 3.3597326849311004 0.47073385044803945 6.371191238755989 0.41126351144712275 0.0 7.524357872242928 1.0
159711 14.53275198456024 0.3304125069847977 0.3304125069847977 3.7275631547279775 0.5942263045856283 5.220793433013986 0.5298325414738045 0.0 0.7945942207855098 0.0
159856 15.653810923157906 0.3323257089697425 0.3323257089697425 2.5453768025576364 0.5953671486587018 4.959979458472055 0.5293945383047388 0.0 0.6358387401017849 0.0
159877 15.989490418730444 0.3318242157372529 0.3318242157372529 3.0987531249244253 0.45018860611513567 4.986226428514984 0.40271380341087204 0.0 5.476974404546306 1.0
159882 14.423567028639502 0.3310269990794777 0.3310269990794777 9.681462798559686 0.5724643085495703 10.932740394074766 0.5193333156723562 0.0 0.41124709332614373 0.0
159902 14.59129424379596 0.3317017101418049 0.3317017101418049 3.5758631771678 0.5721137613591882 6.963601952374588 0.5351613547006281 0.0 1.8451288989392323 0.0
159988 16.041443329377767 0.3334616822574835 0.3334616822574835 2.638509484510161 0.4702603245430118 4.459534989228132 0.4198063179430077 0.0 4.789865496462941 1.0
159996 16.081252971859552 0.333083401171484 0.333083401171484 5.323654531416372 0.4858287318107374 6.077510609623745 0.4605498576399667 0.0 4.042437111561294 0.0
160134 16.06893157426386 0.3345526484815989 0.3345526484815989 2.9272002742060046 0.4968229077480545 4.136713764742551 0.43263889531245386 0.0 5.828349406059049 1.0
160349 14.440802711320297 0.3341687071290599 0.3341687071290599 2.4155961687028804 0.5970216274454303 4.252264735716113 0.5275730981925586 0.0 1.9122084464974909 0.0
160393 14.863626732304647 0.334913676009567 0.334913676009567 2.612434537936048 0.6073234660553615 4.419197159671811 0.5351541698880833 0.0 2.9039776042499503 0.0
160533 15.995027582495585 0.33672959459949 0.33672959459949 1.980309966115831 0.4348620411195033 3.0787753544871763 0.40077517874856494 0.0 5.476974404546306 1.0
160611 15.361711464977628 0.3365327000543349 0.3365327000543349 9.473729819942962 0.6169071041448794 10.044192824010198 0.5624866517976692 0.0 1.5519649418879 0.0
160636 15.649842311577943 0.3373693035179407 0.3373693035179407 2.4757593167600143 0.5959687805712652 4.988177530029183 0.5360952773233953 0.0 0.6358387401017849 0.0
160643 15.353674925678956 0.3368345236994352 0.3368345236994352 6.025447578026465 0.6371718618474437 6.723387916983468 0.5660283265980106 0.0 1.933933391262513 0.0
160656 15.815387622616448 0.3373357391141239 0.3373357391141239 2.247955564299212 0.5115366833698586 4.300331775441666 0.4528681084367568 0.0 1.2205248762555363 0.0
160673 15.077695623048806 0.3372254106072149 0.3372254106072149 3.118617457729918 0.6414240647658404 4.838713085003127 0.5180619386281269 0.0 1.5063732978613356 0.0
160721 15.621486856555954 0.3379963986695503 0.3379963986695503 2.312904338303568 0.6069103215650563 4.716984720361959 0.5497834396820551 0.0 0.6358387401017849 0.0
160957 14.961232919364909 0.3389661351947849 0.3389661351947849 3.1630465101142042 0.6035527530052393 5.588933313286586 0.5403227540695514 0.0 0.8399778874468828 0.0
161024 15.909355606608807 0.3391252486391867 0.3391252486391867 3.628405659804364 0.4613430741538189 5.088851818712269 0.41055336096990597 0.0 2.0070681371880106 0.0
161028 15.935017927873435 0.3398928766541408 0.3398928766541408 4.541227852984221 0.4412397585686826 5.416507082935695 0.3985523934625076 0.0 2.0496280684998895 0.0
161056 15.118777244627056 0.3392950694722536 0.3392950694722536 7.3476484668291775 0.6165186586211111 8.203443463735596 0.5427882521091405 0.0 2.269920462356553 0.0
161138 14.609733597964492 0.3388168806161287 0.3388168806161287 4.035045319470597 0.6932967337233409 7.127695860334738 0.5843969050413402 0.0 1.7938233736628113 0.0
161141 16.06647502745674 0.3408601502364802 0.3408601502364802 1.8633373550829895 0.5146422523170116 3.7473287285509986 0.4408382085390568 0.0 5.828349406059049 1.0
161151 16.072734277449374 0.3396392418647397 0.3396392418647397 3.7732917826143315 0.5339365275503996 5.628418107303306 0.4671370045147687 0.0 5.828349406059049 1.0
161351 15.25978301599446 0.3410205799222386 0.3410205799222386 5.938658956790975 0.667362645139507 9.56537399672591 0.5791722072163765 0.0 1.0390101309092648 0.0
161366 14.428080901499806 0.3411579120161457 0.3411579120161457 2.3370669401479973 0.5699112195149254 4.842384678725651 0.5298350265433764 0.0 0.4112470933261437 0.0
161534 15.628843474014037 0.3427494461225338 0.3427494461225338 5.48156852201132 0.6320955839695674 7.239217542079511 0.5463687223220226 0.0 0.6358387401017849 0.0
161646 15.162101370578243 0.3431541885301055 0.3431541885301055 7.200301223822389 0.6489567344401757 11.442972303389885 0.5682047196267219 0.0 1.1649526919882742 0.0
161676 14.631884695856629 0.343704154413225 0.343704154413225 2.613145551105811 0.5928558673746696 4.306446591709688 0.5447738613251685 0.0 1.793823373662811 0.0
161680 16.06020025551224 0.3447417659505439 0.3447417659505439 1.7586451080582821 0.47693935624621686 3.536191938553142 0.4323186689898897 0.0 5.828349406059049 1.0
161748 15.760633747539796 0.3444958046666263 0.3444958046666263 3.4926391629031572 0.5669576533167524 4.117216140649027 0.5214171688305299 0.0 1.615787034597068 0.0
162010 15.68309962527065 0.3469006546242455 0.3469006546242455 3.3186645281928002 0.5698579775764887 5.150187713591241 0.546597194210546 0.0 1.4423251333215035 0.0
162021 15.41174457111941 0.346779891896057 0.346779891896057 4.2947746190864 0.6473724885761524 5.558480523943201 0.5892498596351521 0.0 1.3590697463694705 0.0
162044 14.953259122739974 0.3462121868043873 0.3462121868043873 4.148056819737778 0.5704378937146645 5.148642721373933 0.5341204324501766 0.0 0.8399778874468827 0.0
162107 15.19553273021209 0.3472012938998163 0.3472012938998163 2.598558063958269 0.6118526506269168 4.9274890408397365 0.5434661095579297 0.0 1.1649526919882742 0.0
162304 15.983154596613357 0.3478812791300411 0.3478812791300411 10.529991091509439 0.45543463521534666 16.565024394063503 0.4200703276140111 0.0 6.249774679498673 1.0
162310 15.9563741494842 0.3486242441485203 0.3486242441485203 4.793647223884015 0.42578681399036516 5.3254375237682305 0.39665822965632486 0.0 2.0496280684998895 0.0
162406 15.365455173954375 0.34931983157196 0.34931983157196 2.6224116416072203 0.6403990677935154 4.507217551350477 0.5628340078693947 0.0 1.5519649418878998 0.0
162494 15.37343109427857 0.3499725293465053 0.3499725293465053 2.6499566420312384 0.6201769940625442 5.326299314993371 0.5581553300458244 0.0 1.5519649418879002 0.0
162647 15.91433500884942 0.3509439711436335 0.3509439711436335 4.270107664002935 0.4541392856672722 7.838340776264219 0.4079259728799109 0.0 2.7321257985747307 0.0
162658 15.52381083268313 0.3512261570922524 0.3512261570922524 2.7220910011409476 0.630249442897936 5.360967966923565 0.5693746337267692 0.0 0.6448334058460975 0.0
162715 15.087800370230942 0.3509442629596734 0.3509442629596734 6.423624404083401 0.6800752486980257 8.850951646286955 0.5541823604766608 0.0 1.5414837130462138 0.0
162885 15.29933658480248 0.3527266712750067 0.3527266712750067 5.393412159686643 0.680312182261532 6.331473517751927 0.6135393674158576 0.0 1.7077865684236173 0.0
162894 15.655479224576329 0.3530461056388487 0.3530461056388487 2.581746503923856 0.631614364201673 5.030368345917639 0.5447452765870867 0.0 1.495804855955373 0.0
162951 14.88949045158667 0.3521960734412976 0.3521960734412976 6.734628543333901 0.6837842983499143 9.791397769820758 0.5595628193721536 0.0 1.8006014968953759 0.0
163019 14.897329429111732 0.3533834439374818 0.3533834439374818 3.1993406293126134 0.6504171541126738 6.038782152325457 0.5588581927024311 0.0 1.8006014968953759 0.0
163189 14.78890353931648 0.3531481626924754 0.3531481626924754 9.827010876948384 0.6671543188406799 14.643862174002498 0.5832301198112722 0.0 0.9569664832778716 0.0
163360 15.14097241169116 0.3558775672006757 0.3558775672006757 4.0267761410238 0.6255467906095088 4.72406536600093 0.5542932872868293 0.0 5.632560784235219 0.0
163514 16.020048051624148 0.3569892981712326 0.3569892981712326 2.519711828082858 0.4606734583063058 5.123311621790352 0.4175886186801676 0.0 3.15693088686694 1.0
163709 14.48914190222359 0.3566790375382653 0.3566790375382653 9.189129570646653 0.6614334603617134 11.30499802175211 0.5787994596565893 0.0 0.7945942207855097 0.0
163834 15.70469962139044 0.3568276908766683 0.3568276908766683 23.67132934206709 0.665505838753233 29.996311677832917 0.5760778835670141 0.0 1.4423251333215035 0.0
164133 16.061607158335843 0.3609504336914965 0.3609504336914965 4.848139739326102 0.48754873014156264 6.609776459116775 0.444875738413059 0.0 2.479253674237338 0.0
164242 15.143237361031986 0.3612281229208866 0.3612281229208866 3.4197008902249197 0.6594141455673397 5.960771311858488 0.5799491326718328 0.0 5.63256078423522 0.0
164361 16.019798272912524 0.3633586396227114 0.3633586396227114 2.1477401765464115 0.457711609451469 3.06443534421618 0.4195880696049513 0.0 3.15693088686694 0.0
164717 15.334247409028452 0.3651871387499287 0.3651871387499287 4.935977806729437 0.6616076919816446 6.6775184255680085 0.5955677176756113 0.0 3.0923078085039744 0.0
165077 15.52771600755828 0.3682614073561026 0.3682614073561026 2.511231689118614 0.6329395310867222 4.914129796109139 0.5927589195068624 0.0 0.6448334058460976 0.0
165192 15.996857414317574 0.3687386358463627 0.3687386358463627 6.172119397150002 0.4837968663583812 8.804176585218663 0.4292910430627179 0.0 2.038105246622688 0.0
165301 15.387609169490146 0.3697649896522474 0.3697649896522474 3.962682153696153 0.6762369158380017 6.652675455453203 0.6141899406033878 0.0 1.3590697463694708 0.0
165337 15.875058617539077 0.3703805022876279 0.3703805022876279 2.648587407325108 0.48817849130268864 4.000971410356617 0.4335044205799553 0.0 1.3130690631220323 0.0
165388 15.629777877918432 0.3705291515812768 0.3705291515812768 3.473768020985923 0.6361117402652484 6.0082312478000075 0.564321379950255 0.0 1.007649081651435 0.0
165562 15.249444505930208 0.3713181062700304 0.3713181062700304 6.932114060736433 0.6959860468572528 8.808653573250652 0.6123694533158103 0.0 1.5476192557127728 0.0
165620 16.074726216637103 0.3726619509863328 0.3726619509863328 3.499097189168282 0.5687696043583762 5.193520116361825 0.466924408744288 0.0 2.479253674237338 0.0
165683 14.719012879002264 0.3718172493015871 0.3718172493015871 4.573461265493968 0.6365000914489788 8.743876951475194 0.5613293433095957 0.0 0.7384376996951453 0.0
165842 14.826499246509284 0.3736438868305825 0.3736438868305825 3.2744796049229397 0.6416456604906784 5.661172225582432 0.5871710796241876 0.0 1.6326544887733698 0.0
165927 15.3150993259105 0.374335235947848 0.374335235947848 3.820708712688647 0.6830362916035286 5.36127235575611 0.6153537643515825 0.0 3.315502868828922 0.0
166152 14.67186745954226 0.3754845989032843 0.3754845989032843 2.9264340229613004 0.602393172446036 6.049083345121637 0.575903117508463 0.0 1.2299531618244903 0.0
166584 15.134329656995911 0.3787663314898157 0.3787663314898157 7.417480544178541 0.700858925850177 8.649294946045876 0.5979061552668264 0.0 3.494905014634261 0.0
166744 15.89698821335307 0.3808139368631962 0.3808139368631962 2.0734095567274236 0.4747751142193758 3.750717436374578 0.4241639067514682 0.0 1.3130690631220323 0.0
167164 15.657364597821749 0.3837914271683109 0.3837914271683109 3.6723951252705826 0.6508711133592986 6.5097225365061115 0.577237277968407 0.0 1.7330616383864124 0.0
167293 14.855044253264474 0.3841704477038366 0.3841704477038366 3.48780505878527 0.6203933904609205 5.932816210575054 0.5457889414272732 0.0 2.1249212289916306 0.0
167353 15.166550155525922 0.3848967435509526 0.3848967435509526 3.233819746402914 0.6317593239784596 6.535541121758059 0.561970233739001 0.0 1.851019331194115 0.0
167409 14.828048016278656 0.3851040110533843 0.3851040110533843 2.6118996170536763 0.5871579588666896 3.4983187057158402 0.5634146128286655 0.0 1.6326544887733698 0.0
167415 16.01121781827041 0.3857942138704254 0.3857942138704254 2.2963427015872475 0.4893014852950699 3.812514163585058 0.41684853148401396 0.0 2.0381052466226883 0.0
167423 15.141763114947048 0.3847630742744511 0.3847630742744511 6.807132186357207 0.7050982333948514 11.253217798797726 0.580486783267932 0.0 8.334376855265674 0.0
167426 14.85383270237938 0.3852235704721706 0.3852235704721706 5.226496217021372 0.6187858349592263 7.423384374177101 0.548306484291784 0.0 2.124921228991631 0.0
167435 16.059045010315664 0.3862655109569426 0.3862655109569426 2.166232956964307 0.46656372639345245 3.331664274775991 0.44921739959944423 0.0 4.2432659915117625 0.0
167471 14.389074099851316 0.3849910894531254 0.3849910894531254 2.794788119062639 0.6588602505470328 4.036067159476978 0.5623105080062468 0.0 0.4196496980716711 0.0
167584 15.411931997530054 0.3868151866804181 0.3868151866804181 3.368669278384081 0.6263243407386192 5.114666927442016 0.5729504299486947 0.0 1.1626833622192623 0.0
167932 15.779158538501628 0.3883876293197519 0.3883876293197519 4.6932757402844745 0.5470508954176133 7.630154137252526 0.47930341585082126 0.0 0.9798437576062682 0.0
168003 16.036548227998352 0.3900756672249762 0.3900756672249762 2.399141016573918 0.4555624834591505 4.637553527436523 0.42107705118682975 0.0 2.74886986593138 0.0
168151 14.94649161137852 0.3904015538139544 0.3904015538139544 2.3143756797542876 0.6479119761477635 4.330919762870573 0.584094872518285 0.0 1.649259924354485 0.0
168518 15.723125691705553 0.3936040583384905 0.3936040583384905 6.787835260602635 0.6242217388218175 7.239432957695774 0.5554697681510306 0.0 1.2163637505391545 0.0
168721 15.286688426047448 0.3946381271926549 0.3946381271926549 3.8878946931081817 0.7193543309469618 7.5403384437582135 0.5974903760878187 0.0 2.6494813320606645 0.0
169067 14.896080486262598 0.3968983709616374 0.3968983709616374 4.582893456500446 0.6332020405360038 7.542581444377059 0.5638250227122765 0.0 2.156454737605835 0.0
169075 15.900829206181005 0.3968835034098524 0.3968835034098524 4.39638666744268 0.5080217220906258 5.457324801315577 0.4499777278804017 0.0 1.3130690631220323 0.0
169449 15.639550713216549 0.400629853846903 0.400629853846903 2.217327790005138 0.6204238901773655 4.32382405230207 0.5415127032382723 0.0 1.2676399246826155 0.0
169509 15.189166837317524 0.4007438914388057 0.4007438914388057 3.8085595552035088 0.7147672172891035 6.164732946317588 0.582888648075269 0.0 1.8510193311941148 0.0
169521 15.155137562974216 0.4004175473822435 0.4004175473822435 2.4546198728679305 0.6154672102055564 4.289643658600731 0.5660022784335336 0.0 3.9872831604011627 0.0
169538 14.68297656033404 0.3999899463186986 0.3999899463186986 3.0928017051997623 0.625164692723733 5.1952388059290096 0.5600838856697622 0.0 1.2299531618244903 0.0
169586 15.98943922693537 0.4017637760482578 0.4017637760482578 1.9705485355810868 0.47984002518043384 3.959244388281541 0.43807591851172734 0.0 2.038105246622688 0.0
169619 15.35962164486983 0.401554808903332 0.401554808903332 1.982693057703293 0.6457028657812268 4.097970371274816 0.5920221156927857 0.0 2.262114477228809 0.0
169708 14.604455353674409 0.401478083468476 0.401478083468476 4.12769450731728 0.7001432107292704 6.410861447289995 0.5931581658914119 0.0 1.2064488342332056 0.0
169742 15.60665381994383 0.402636980005073 0.402636980005073 2.5774831288669917 0.5994496863442158 5.02721076244026 0.5465803652679005 0.0 1.2676399246826155 0.0
169747 15.68674688532317 0.4028035248291674 0.4028035248291674 2.245050736861718 0.5956666046936551 4.38571052528932 0.5477014406690544 0.0 1.2042347804791376 0.0
169859 15.369244945111625 0.4033307731391263 0.4033307731391263 6.422103683141446 0.6500134506812093 7.20227112430848 0.5994693927876765 0.0 2.2621144772288084 0.0
170399 15.069612219677571 0.4071318574745201 0.4071318574745201 2.1607414682505803 0.6114778554684611 3.405249631243551 0.5467531612972054 0.0 0.8617152588578324 0.0
170807 15.301298976095993 0.4710784764605651 0.4710784764605651 3.913381334870153 0.7045117886353324 6.794552970200028 0.6178344689567908 0.0 2.021246827717662 0.0
170893 15.689224995282109 0.4735466888058845 0.4735466888058845 3.5180732061718563 0.6314148439685832 4.235867396863722 0.5623724802334483 0.0 1.709493651301491 0.0
171083 15.864022742388489 0.4704687281517649 0.4704687281517649 7.130860654376677 0.5505103695987885 9.99967840369191 0.48767555085874525 0.0 32.64464556873283 1.0
171111 15.257937817198291 0.4696588417762534 0.4696588417762534 5.092259969308146 0.693963058036709 5.94233698851757 0.6415198859393691 0.0 5.538036918751359 0.0
171136 15.320592634490092 0.4753477678267012 0.4753477678267012 3.2428244539389817 0.6495041176025298 5.6551713619864925 0.5967561088473468 0.0 2.783150858770547 0.0
171196 15.83612177480216 0.4695414774365596 0.4695414774365596 2.9756641525025835 0.5533413122833356 5.6288950346449935 0.4797913521794729 0.0 6.29279553755965 1.0
171210 15.305124852684768 0.4782823844574427 0.4782823844574427 3.568121992310994 0.6610777255472254 5.476215192864988 0.6098733490048607 0.0 2.0212468277176625 0.0
171454 15.769162582429946 0.4704986035288687 0.4704986035288687 3.840467204707188 0.6191204660124485 5.752936316629233 0.5641694173021288 0.0 1.4783646527108474 0.0
171696 15.600640705734016 0.4647248772394867 0.4647248772394867 2.087949660164992 0.6203060320427644 4.23778991363984 0.5529778871707525 0.0 0.5034478015257474 0.0
171924 15.94338928805529 0.4673766346986115 0.4673766346986115 2.9620700493834224 0.5011613607896058 5.546603178990002 0.45480996497710835 0.0 3.875602398406469 1.0
171930 16.004259973356042 0.4636377664159625 0.4636377664159625 3.1761666473735515 0.5103739586716617 5.244348544794138 0.46070215506430473 0.0 1.1354918052125105 0.0
171955 15.080195173007816 0.46663689672938 0.46663689672938 2.1848618367882944 0.6028135937529072 4.296174369931834 0.5600911606143641 0.0 0.8463789434519853 0.0
171971 15.851425803795848 0.4712445439794291 0.4712445439794291 6.734684167689086 0.556135860234719 10.099776362250427 0.4953720945953135 0.0 6.29279553755965 1.0
172132 15.970584305370298 0.4632808747065073 0.4632808747065073 11.268690897785476 0.5260880414140363 18.637169398031013 0.47031658021405875 0.0 2.1362937246648985 0.0
172365 14.69486773228752 0.4652536063175644 0.4652536063175644 2.398191024692986 0.6288850677232358 3.7966290323366714 0.544642062505797 0.0 0.6405102107154246 0.0
172366 15.631205710754845 0.4602826312016401 0.4602826312016401 4.109753850128639 0.6192498550041587 5.074002176038896 0.5459809098327058 0.0 0.5034478015257474 0.0
172378 15.102579015620517 0.4593349264405671 0.4593349264405671 2.227939217341561 0.5929964431962258 3.6859269085103232 0.5593803148327076 0.0 0.8463789434519853 0.0
172497 15.940673269342104 0.4590280340203215 0.4590280340203215 28.737492089307025 0.5381945225015388 37.29181668951794 0.4812611871372398 0.0 17.93930584997296 1.0
172639 15.964705787087002 0.4597623979360722 0.4597623979360722 2.96544433607788 0.5491970856119754 4.704820240427128 0.45584574970031005 0.0 2.1362937246648985 0.0
172720 15.939252818859607 0.4602067251877474 0.4602067251877474 10.618064403581581 0.526666391878598 19.119191776141758 0.4722461015386074 0.0 6.137663307423001 1.0
172725 15.187271421356243 0.4573873082514024 0.4573873082514024 7.056967226538242 0.6729584974654576 7.769275799976095 0.5918671658107698 0.0 1.1757957132022496 0.0
172750 15.966977573542682 0.4582722955228338 0.4582722955228338 3.173267511131658 0.5050674990945478 3.665782007487353 0.4477749390349934 0.0 2.1362937246648985 0.0
172960 15.865504266163883 0.4585493457968725 0.4585493457968725 3.3979884639703872 0.5181122418435065 5.975217420436598 0.4707034656307891 0.0 8.599141055749353 1.0
173126 15.22242905792184 0.4543256774029868 0.4543256774029868 2.517120531443693 0.6328466209205076 4.24999083267772 0.5751354627788712 0.0 2.7776448998048826 0.0
173361 15.00671617227218 0.4538066095397029 0.4538066095397029 2.801750356930711 0.5900290059076311 4.646499906655695 0.5440564101513337 0.0 0.49207224858917903 0.0
173449 15.882023066739754 0.4532814766276423 0.4532814766276423 3.5618858840462457 0.5203374428854294 7.053979426104262 0.45149941452296827 0.0 4.407818304103835 1.0
173493 15.881052404158064 0.4530390734278763 0.4530390734278763 1.7179302689834783 0.4995953746950602 3.4540303881005774 0.45816622526016293 0.0 4.407818304103835 1.0
173622 15.248183359207374 0.4490572813835374 0.4490572813835374 18.470268906575516 0.6852682672105795 22.607628145606373 0.6123884067997996 0.0 5.538036918751359 0.0
173763 15.362058417409902 0.4511170816646438 0.4511170816646438 3.4782890063377434 0.6274275423836138 4.043106988170131 0.6029520439666817 0.0 1.3919465909287232 0.0
173790 14.518626139230904 0.4522759210514721 0.4522759210514721 8.00971870641199 0.6428491977424692 9.134935482445343 0.568125828324818 0.0 0.9165215048265429 0.0
174238 15.268641571125508 0.4465968734463216 0.4465968734463216 4.625661117553795 0.6964346430417627 8.505667710552236 0.5982894482772844 0.0 3.3732540146454806 0.0
174258 15.625306939987931 0.4467555844354857 0.4467555844354857 3.1827928986850895 0.6209871080374352 4.992846756862775 0.5608540640969505 0.0 0.5034478015257475 0.0
174325 15.242791426719622 0.4459141222474668 0.4459141222474668 3.0461954485982505 0.6449217307381557 4.2138114387118835 0.5904754495944181 0.0 2.7776448998048826 0.0
174443 15.878115943930924 0.4460452132156081 0.4460452132156081 4.736092330168774 0.5190376019231111 9.244327472442944 0.46337135155274645 0.0 9.686800007563733 1.0
174502 16.057140317585706 0.4464418915750373 0.4464418915750373 5.328358652232037 0.5051491703575973 6.277890911177417 0.45315082694759484 0.0 1.7391537710564733 0.0
174651 15.833866741729915 0.4450477914896917 0.4450477914896917 2.5734128939323013 0.5120982521262425 4.882398676677126 0.4772549459630297 0.0 1.2826736186088326 1.0
174693 15.875526571641174 0.4446947572797922 0.4446947572797922 16.199903808940803 0.5417874538662235 19.140902013474903 0.47920532642077324 0.0 7.1196540619431 1.0
174741 14.951136176747218 0.4442705219438781 0.4442705219438781 3.783162787978389 0.5931188753631962 5.615413339076937 0.5528871628173634 0.0 1.1547488542125282 0.0
174848 14.712399462016798 0.4419616244751962 0.4419616244751962 7.065520964765042 0.6203802204674564 10.79089313794708 0.5429896972565679 0.0 0.6405102107154247 0.0
174852 14.925786550126467 0.4451282975042808 0.4451282975042808 4.895254211969094 0.6513119275028297 7.444546994883845 0.551360158383433 0.0 1.154748854212528 0.0
174964 14.486783170098882 0.4421810792782261 0.4421810792782261 2.836214924131808 0.635766215513607 5.639091545494955 0.5892978098894838 0.0 0.9165215048265429 0.0
175000 14.626488116906875 0.4409943459974079 0.4409943459974079 3.30938337276186 0.5937164121184461 4.45368760764928 0.5654331588735281 0.0 1.1051213873414012 0.0
175193 15.628116177219033 0.4411361032693598 0.4411361032693598 4.793983377828655 0.6121801824044321 5.776608857603667 0.541178326182757 0.0 0.9493602362104108 0.0
175392 16.021727804738177 0.4391243264637826 0.4391243264637826 6.639183368946573 0.48783741896512345 7.0771176127406825 0.45050942976073804 0.0 2.4572084515903585 0.0
175636 14.435280798420612 0.4356357495528298 0.4356357495528298 3.025000380350981 0.6300687902657671 5.041852715102255 0.5812955639675389 0.0 0.4196496980716711 0.0
175663 15.675899620015604 0.4367349910639377 0.4367349910639377 4.075592641679436 0.6400563373305315 7.782151164320608 0.5512090584278524 0.0 1.1690188675793254 0.0
175707 15.946122099690198 0.4394246406272829 0.4394246406272829 17.02753034910883 0.531297322777444 20.46851888607958 0.45192857187443836 0.0 3.9890101194466125 1.0
175917 14.688435848417202 0.4328996324707233 0.4328996324707233 6.719848817384755 0.645686627375874 7.891401518228616 0.556295751197519 0.0 1.444711791250554 0.0
175976 15.878339903842296 0.4360023827897878 0.4360023827897878 4.199883022917247 0.5208331804106021 5.367244634613968 0.4549834048068204 0.0 5.004914110720192 1.0
176002 15.424308495396591 0.435964372641422 0.435964372641422 4.120003925172483 0.6538484825188579 7.713689429014073 0.6119711340038472 0.0 0.9217453494507569 0.0
176058 15.151538299030303 0.4361415868060084 0.4361415868060084 9.796846896467688 0.6586303944596129 15.906798994892801 0.5732420200291445 0.0 2.4896599866315623 0.0
176081 14.570737761628411 0.4330757179297488 0.4330757179297488 3.8771992369426056 0.6179394686029704 5.613537304690223 0.5495731358410242 0.0 1.1051213873414014 0.0
176232 15.883828711077792 0.434340666612843 0.434340666612843 2.3882527550623793 0.5215993248236087 3.6422370677536353 0.4484638312227629 0.0 9.686800007563734 1.0
176264 15.802357645327362 0.4402497883547959 0.4402497883547959 6.546023995029165 0.5720503934275388 8.233931662101378 0.500105958989793 0.0 2.599184657190893 0.0
176569 15.13177057164817 0.4327962376201201 0.4327962376201201 3.345092663670327 0.6256380167847615 4.924292443057679 0.5640193345511916 0.0 3.4627907965729463 0.0
176663 15.125700714609128 0.4285536323034105 0.4285536323034105 10.998449238839916 0.6578556767404006 15.201299331818028 0.5839095867610795 0.0 0.8463789434519854 0.0
176870 15.93583224414972 0.4285341726293579 0.4285341726293579 3.8018909418251736 0.4937856295740394 5.324481737683634 0.44724646903270154 0.0 5.783151373035321 1.0
177479 15.772537733244622 0.4247348669457053 0.4247348669457053 3.850439029215021 0.6068914520158197 5.173203320630122 0.5479773348955754 0.0 2.410150050562396 0.0
177657 15.264268226004663 0.4225708151812598 0.4225708151812598 3.354346264443836 0.6846629185712015 6.664872897968884 0.6069510745763307 0.0 10.494108405339825 0.0
177900 15.937069742368216 0.4208474213488178 0.4208474213488178 3.3481698493528493 0.5095864913244376 4.48779164662232 0.45538401604823325 0.0 2.3361621976391014 1.0
177930 15.833893379665213 0.4212039085633977 0.4212039085633977 19.122040721703897 0.5355129526633331 30.165105843806284 0.4908596460368941 0.0 1.2826736186088328 0.0
177931 15.982296678536134 0.4209375374152606 0.4209375374152606 2.7004942014395565 0.4911636662325558 5.567715068224655 0.45528333854054814 0.0 3.9890101194466125 0.0
178018 15.849576876969884 0.420271340073834 0.420271340073834 3.2778295559620036 0.5513239218348823 5.150124749911413 0.479670794115212 0.0 1.2826736186088323 0.0
178093 16.070751482227585 0.4196978929568741 0.4196978929568741 8.308227130418132 0.5416552082909969 10.336196224321483 0.4861517139228186 0.0 5.166011419340073 0.0
178258 15.131678037851833 0.4171937852381688 0.4171937852381688 3.3773469868173005 0.6082707667813094 4.51171977635843 0.5569988584982803 0.0 0.8463789434519853 0.0
178267 14.827531317727448 0.416886370287557 0.416886370287557 3.209623151896983 0.6563314804110857 6.2107623577542075 0.5831405027945836 0.0 0.8111937364644805 0.0
178317 15.846873915510397 0.4287775245616979 0.4287775245616979 3.007257369887364 0.5407750161459357 5.101268024606332 0.47150306573658857 0.0 1.2826736186088326 0.0
178333 14.60238478042062 0.416223628062098 0.416223628062098 3.568832876720674 0.600221801400317 7.037631402363066 0.5585613234586418 0.0 1.1051213873414012 0.0
178423 14.701345271106256 0.4202690480741547 0.4202690480741547 2.9378088173166033 0.6165286447959943 3.775874323567958 0.5442319873983977 0.0 1.444711791250554 0.0
178505 15.792648682304003 0.4161406721328045 0.4161406721328045 9.556564231953157 0.6177483038721879 13.074505974081852 0.5103471495880172 0.0 2.4101500505623963 0.0
178735 15.848369542514565 0.4191767822396517 0.4191767822396517 2.2057875389451724 0.519676135038828 3.216348934751481 0.47195527114263813 0.0 1.2826736186088326 0.0
178776 15.829042140796023 0.4138268987676108 0.4138268987676108 3.6229487431725067 0.523740085829011 4.330699840651457 0.4700158867958504 0.0 1.2826736186088326 0.0
178876 15.255957854907653 0.4143305238527189 0.4143305238527189 5.0890776638951305 0.6735637128397851 8.052886618178524 0.604935116609105 0.0 2.95592739260082 0.0
179131 15.273611232733488 0.4123955628427801 0.4123955628427801 4.221652798912056 0.6763613892583142 8.177671875913376 0.5791498415902289 0.0 4.631348226511106 0.0
179215 15.6441958313986 0.4120378177509929 0.4120378177509929 2.603019987060728 0.6944454266684942 4.6739469206577295 0.5439040869749793 0.0 1.2676399246826155 0.0
179382 14.438512829264395 0.4086555509301652 0.4086555509301652 7.064090053979898 0.6669938614051868 10.470579258527561 0.5745895457855429 0.0 0.4196496980716711 0.0
179619 15.996437673154048 0.4096540964312241 0.4096540964312241 2.4859693474185276 0.5094040042001147 4.365610175254531 0.44400004109912306 0.0 2.4572084515903585 0.0
179639 16.05788148520516 0.4086209434566145 0.4086209434566145 4.38337996781509 0.5248513688846449 8.502753097348554 0.4687803436822884 0.0 4.2432659915117625 0.0
179717 14.485990288317138 0.4078252609602735 0.4078252609602735 4.565733986725958 0.6536930740553384 7.231607821265864 0.5905585384749772 0.0 1.147017116305301 0.0
179765 15.653764405518658 0.4116461563999034 0.4116461563999034 3.293388409163997 0.6151454208088499 5.178611630331231 0.5524058576329063 0.0 1.2676399246826155 0.0
179902 16.035549525577864 0.4118858024701042 0.4118858024701042 4.436040446190294 0.5024357884943631 5.106319153841502 0.4498312246597288 0.0 2.74886986593138 0.0
181566 15.122734454591589 0.9335562134305604 0.9335562134305604 12.540180735846121 0.6840744648019186 23.876257449697544 0.6455854983871355 0.0 0.0 0.0
182252 15.157054389932687 0.9349728629942896 0.9349728629942896 3.6560966741607452 0.672069374042833 5.406129277891053 0.6300593502458294 0.0 0.0 0.0
182444 15.176054051008164 0.9228192745604809 0.9228192745604809 5.064579513278444 0.6688683342540334 9.094282576969714 0.6350444641872406 0.0 0.0 0.0
182472 15.130357152143045 0.9199785733466698 0.9199785733466698 4.360554668176592 0.7255737924261889 5.428628041962996 0.6521144199531064 0.0 7.431169790569319 0.0
182676 15.176429029287624 0.9192627951251472 0.9192627951251472 5.5524353668792426 0.7096577336464063 10.680961643208205 0.652069431180648 0.0 3.252255733606037 0.0
182709 15.134136797537485 0.915596268740882 0.915596268740882 3.4294715914855285 0.694749303420251 6.015985179904877 0.6509752022564764 0.0 4.752016582050213 0.0
183465 15.127546964574645 0.9077689619181531 0.9077689619181531 2.522730350672271 0.7061508322180389 5.210163386969785 0.6461628972203781 0.0 4.752016582050213 0.0
183896 15.169921492929936 0.9005399011607383 0.9005399011607383 2.508721768850925 0.6511562907965733 5.193182121148022 0.6077098577363107 0.0 3.2838030739562187 0.0
183984 14.919322182800013 0.8965741183638396 0.8965741183638396 9.635760695250111 0.7011190126539119 13.07608457268042 0.6436346415170907 0.0 0.0 0.0
184112 14.861427972798037 0.8980054681089003 0.8980054681089003 5.795639340121694 0.7269923773216959 8.121879488821037 0.6504511616009864 0.0 3.9509478729829235 0.0
184180 15.11283144045004 0.8986296239745499 0.8986296239745499 2.1069493690235523 0.6883291613618665 4.222405272828046 0.636431261768481 0.0 3.325591757356014 0.0
184221 15.352273931598404 0.8973969023655471 0.8973969023655471 3.8604615851949444 0.6824351107645366 6.404023900684798 0.6394652226916601 0.0 0.0 0.0
184481 14.834480801935308 0.8907624066699306 0.8907624066699306 8.168108864664145 0.6994080837098663 9.262165894126914 0.6446944271194746 0.0 1.6487017487132625 0.0
184513 15.304571791756992 0.8925891059750397 0.8925891059750397 2.6066646699262295 0.6891221908560021 5.179225687159663 0.6448909407557823 0.0 0.8485682057235382 0.0
184697 15.10834104900202 0.8915815398954223 0.8915815398954223 3.075710091988197 0.665754640447731 5.397540980458393 0.6311395185691066 0.0 3.3255917573560145 0.0
184716 14.881633167517538 0.894607107210232 0.894607107210232 4.965667950110398 0.7099406631451927 6.308707318990814 0.6420383512833325 0.0 2.8753550313429166 0.0
184877 15.25928744687014 0.8866785698082956 0.8866785698082956 13.88727501721154 0.686787519312236 15.928562023859344 0.6184746254537318 0.0 1.5940108790441783 0.0
184983 15.079051871460456 0.8853258181745973 0.8853258181745973 3.50116275839489 0.6860732867606391 5.531127891080868 0.6325774210266741 0.0 2.319193171145778 0.0
185007 14.882585280412506 0.8853411568312324 0.8853411568312324 3.0689273971776974 0.6822347354205727 5.7924813703640705 0.6265641964629155 0.0 2.8753550313429166 0.0
185486 14.892038087340053 0.878855464194761 0.878855464194761 3.981969641336752 0.6827133480001564 6.832085890142059 0.6292229633847598 0.0 2.208001393032797 0.0
185540 15.1085158858641 0.8829439521097325 0.8829439521097325 4.887850198261571 0.6752133716305401 6.168981256444923 0.603810538933736 0.0 3.325591757356014 0.0
185910 15.19881508316094 0.8752265759701007 0.8752265759701007 2.9291321904680685 0.6294204736660172 4.4755961355078595 0.5846683699210596 0.0 1.3541782488888738 0.0
186307 15.309728810436324 0.8718289828539246 0.8718289828539246 6.016395834432644 0.6726633912399733 6.564134873045481 0.6104300045889818 0.0 1.6967485422190467 0.0
186369 15.489468871550995 0.8708939312158257 0.8708939312158257 3.710969070471131 0.6844157470393083 7.198611247753368 0.6452005443716269 0.0 0.3584416653776856 0.0
186472 15.11816858451586 0.8830568038899417 0.8830568038899417 3.7252623408325616 0.6552055508061188 5.105924632951942 0.6144541820425378 0.0 3.3255917573560136 0.0
186639 15.085535733642851 0.8667404194065307 0.8667404194065307 2.248149734502037 0.6349337227158585 4.492050386316252 0.6043002263994954 0.0 2.319193171145778 0.0
186879 15.949484687774284 0.47401233048182 0.47401233048182 2.9627289147201985 0.5223509672259581 4.036294163500573 0.45172702371894596 0.0 3.875602398406469 1.0
187690 15.435922254425469 0.8523366871208894 0.8523366871208894 5.77189301962059 0.6660249574236439 11.502970767302847 0.6043675035420526 0.0 0.7262040872633341 0.0
187911 14.915844758136853 0.8498962786571959 0.8498962786571959 6.449149158829481 0.697323361781047 7.275386248958587 0.6300137305489719 0.0 0.40767369468347253 0.0
188067 15.117655588982128 0.8463473678363256 0.8463473678363256 2.8729684593008273 0.6437754260019275 5.070346677326553 0.5880607602829688 0.0 1.8240436139974567 0.0
188277 15.47213440131448 0.8465550535322266 0.8465550535322266 2.1667955097601586 0.6457058934739406 4.0709274064083685 0.5896803560914693 0.0 0.3584416653776857 0.0
188290 15.419883979865403 0.8456651769338852 0.8456651769338852 2.428280066806277 0.6305143151392254 4.386956922877748 0.5845660056563076 0.0 0.7262040872633342 0.0
188553 15.184537915499854 0.843144215075383 0.843144215075383 3.332686668450722 0.5803152123347795 3.981132958327496 0.5688406270409749 0.0 1.2201187005744423 0.0
188635 14.942776683095865 0.840255677267326 0.840255677267326 4.202017272771299 0.7003522741993006 6.092369780543144 0.6255092136115696 0.0 0.40767369468347253 0.0
189237 15.499150122155118 0.8338657610048507 0.8338657610048507 3.932261811893293 0.6394357220306508 6.11961876153991 0.5885824446289684 0.0 0.3584416653776857 0.0
189582 15.413273605840974 0.8335984633345471 0.8335984633345471 2.7387422548739573 0.6363691093417178 4.180317980045076 0.5677523854605909 0.0 0.8181189013770792 0.0
189657 15.036671870020616 0.8283005707430067 0.8283005707430067 14.977841875906543 0.6779495594106701 17.4729349051764 0.5685862099960395 0.0 1.1243935842768509 0.0
189994 15.39787160387909 0.8374267769729185 0.8374267769729185 37.96612679806328 0.6781152109142671 53.796734589960145 0.6001958442912048 0.0 0.8181189013770792 0.0
190156 15.284339204683146 0.8320119457344467 0.8320119457344467 5.397100234699591 0.6500454125211753 9.717359821666903 0.5779611285182898 0.0 0.7807411799738068 0.0
190469 15.105218971850087 0.8201942085042798 0.8201942085042798 2.580250440537498 0.6076580140990806 4.894547705402183 0.5658805357765233 0.0 1.7785327268455244 0.0
190473 15.09632966006195 0.8342730072629387 0.8342730072629387 9.029664845134764 0.6913189726631096 10.641630588728736 0.5920224375929893 0.0 1.7785327268455242 0.0
190754 15.279091112335308 0.8202259728831701 0.8202259728831701 3.5627826980135398 0.5826326903283503 5.490491466895667 0.5589918070389509 0.0 0.7807411799738068 0.0
190921 15.193997156907129 0.8141814449193534 0.8141814449193534 2.9501176373027387 0.6171029785330693 5.208127046281667 0.5490384596028064 0.0 1.2201187005744423 0.0
191391 15.130677858802514 0.8097257086821835 0.8097257086821835 6.921738959653501 0.6821026502408127 13.511600096972531 0.6175389388178486 0.0 1.6282689150811345 0.0
191405 15.40195248671154 0.8105557824211337 0.8105557824211337 3.1450914317964407 0.6398374546983767 4.827111672904473 0.5558724910577791 0.0 0.8181189013770792 0.0
191604 15.563808582624178 0.8074715506340759 0.8074715506340759 3.0477242170452965 0.7121439852719835 5.193414275574875 0.6509773654258448 0.0 0.31387017570048587 0.0
191717 15.416095904112382 0.8100153290108468 0.8100153290108468 3.7631169678380947 0.6215015831891618 5.194535518364134 0.5573077153056526 0.0 0.8181189013770792 0.0
191931 15.019500017556808 0.8037239998854608 0.8037239998854608 2.6989915712890444 0.6422407882988029 5.223727360229887 0.5875561495237694 0.0 0.9249717605261822 0.0
192186 15.544556774837757 0.8021252972605176 0.8021252972605176 2.6394959154941438 0.6630084588605092 5.077789911354887 0.631290592772671 0.0 0.31387017570048587 0.0
192554 15.05371028495228 0.7960371992479307 0.7960371992479307 3.0993269442274034 0.6482064161515005 4.06549527609219 0.5683803483778186 0.0 3.197281557600716 0.0
193105 15.03776179407197 0.7929873484291554 0.7929873484291554 3.3147843431383275 0.6224927151415697 6.410413877246877 0.5713706338813701 0.0 3.197281557600716 0.0
193112 15.020281901169575 0.7900443185787178 0.7900443185787178 1.8241581087395478 0.6411739942467927 3.727815009447292 0.5630904078195845 0.0 0.9249717605261822 0.0
193402 15.50873798947475 0.786926721220483 0.786926721220483 8.751477015282733 0.662154583684541 9.820458018883272 0.60619597395468 0.0 1.152026089153302 0.0
193549 14.7195940156778 0.7840741828729711 0.7840741828729711 3.343248433023731 0.6966379255085362 6.7450015842555295 0.6302003167829999 0.0 0.41033773167449145 0.0
193765 15.265678634326816 0.7827826403391529 0.7827826403391529 4.354515047796137 0.6049617628202966 4.863492061357452 0.5712657330430134 0.0 0.8558519887542148 0.0
193932 15.2195118681408 0.7825722312869747 0.7825722312869747 2.89802607247141 0.6131040700820922 3.8577273648653705 0.5482621650717492 0.0 0.9604419463163976 0.0
194008 15.31052336444079 0.7803894766233297 0.7803894766233297 2.226119013326163 0.6007338978928064 4.094130230605676 0.5563027042419172 0.0 0.8558519887542149 0.0
194039 14.729767814025996 0.7787163303624066 0.7787163303624066 4.025489518785927 0.6793363819752941 7.499190584529497 0.6364958478253359 0.0 2.7138665661187957 0.0
194366 15.196341912497378 0.7771928663031967 0.7771928663031967 4.300023652566758 0.7676794639153192 7.18387388387102 0.5859225446184073 0.0 0.9604419463163976 0.0
194372 15.249957886009076 0.7776217480606378 0.7776217480606378 4.153162221347278 0.5976718683427762 4.592410114120356 0.5750639880576587 0.0 0.8558519887542149 0.0
194530 15.035877109714423 0.7726230823094548 0.7726230823094548 14.805482343277845 0.6355438091858779 22.81972303937029 0.5875449731486997 0.0 2.412308543148858 0.0
195022 15.229233602818208 0.7746152964928665 0.7746152964928665 2.6123847077845275 0.6326933804606029 4.983056355309705 0.5740925704991734 0.0 0.9604419463163976 0.0
195299 14.942095128548612 0.7669770928090744 0.7669770928090744 3.8339398411382026 0.6929484379341431 6.0663222598663795 0.6156368176386323 0.0 0.9249717605261822 0.0
195320 15.530991033661843 0.7739469233166884 0.7739469233166884 4.127433896912427 0.6571881616376749 7.1871418147382 0.5987836552219026 0.0 1.8752223359262161 0.0
195923 14.950315324295904 0.7578881552646397 0.7578881552646397 3.7451926760558054 0.6487393133369338 5.307252737465162 0.6054587709843507 0.0 0.5396247700340606 0.0
195994 15.19821330042454 0.7582654633263756 0.7582654633263756 2.820408207773024 0.667560132690562 5.560273636837462 0.5844863031658905 0.0 0.9604419463163976 0.0
196400 15.140687438072446 0.760018717826025 0.760018717826025 3.67811323172766 0.6760139416602546 7.599136091151579 0.6117433445437555 0.0 1.1519733564607966 0.0
196720 15.292741989599593 0.7530031010956013 0.7530031010956013 2.2323024587175975 0.6327195828556439 4.344353173408085 0.5820997736842541 0.0 0.8558519887542149 0.0
196844 15.21920426409616 0.7519774860960279 0.7519774860960279 2.0211164823686274 0.663615859177368 3.860836663312206 0.6011837817681399 0.0 0.9604419463163976 0.0
196879 14.73445561557016 0.7518896539886579 0.7518896539886579 4.018894556174181 0.6745734756756201 5.816785608298094 0.6260102190884885 0.0 2.7138665661187957 0.0
197114 15.27770885665987 0.7503313500896363 0.7503313500896363 3.046840279086148 0.614068920599597 5.602208606444078 0.5723156813751746 0.0 0.8558519887542149 0.0
197146 15.00872478145157 0.7468845183758962 0.7468845183758962 3.3430133171150045 0.6635966686819742 5.212613305039519 0.5759343160761982 0.0 0.5396247700340606 0.0
197201 15.493442703026073 0.7464883952685086 0.7464883952685086 4.808713917426687 0.6770498853219176 6.374197014097338 0.6136356799567816 0.0 1.0148298219450447 0.0
197229 15.54921238812176 0.7464557279071722 0.7464557279071722 2.7107776253444964 0.6689838201813386 5.322086800168679 0.6143364309480526 0.0 1.875222335926216 0.0
197393 14.63598177976257 0.743722155798239 0.743722155798239 3.47028840854484 0.6883347434218383 5.307402356679806 0.6276491289092063 0.0 0.0 0.0
197944 15.603314496092397 0.7388362558307139 0.7388362558307139 3.1086336585345102 0.7102772791842547 6.352939239690403 0.6495919842055004 0.0 0.9302879006485807 0.0
198101 15.492130898807105 0.7361681729190159 0.7361681729190159 3.3946513889394683 0.6731370709144526 5.492262819336163 0.6155607461825122 0.0 1.0148298219450447 0.0
198110 14.765974922332203 0.730805530191958 0.730805530191958 7.411062935702985 0.6768446331692588 8.719322403942833 0.6006275382162795 0.0 1.0994225209687785 0.0
198296 15.424789823722575 0.7363383019188422 0.7363383019188422 2.628847199238132 0.610986185220281 5.449050034681245 0.5730710137649719 0.0 0.9914982695119997 0.0
198556 15.071735471091728 0.75269796869291 0.75269796869291 13.795419506506907 0.7028685008458109 16.07680221803098 0.5981574048137582 0.0 1.4428393965196062 0.0
198698 14.675799629650458 0.7291799287053934 0.7291799287053934 5.507082975950884 0.6966787832588153 6.643845604107743 0.6029995049327038 0.0 0.0 0.0
198770 15.263352410306634 0.7298393763666301 0.7298393763666301 15.148224941285001 0.6410090850153021 17.017191172088623 0.587911153944333 0.0 0.8059230349810065 0.0
198897 15.28055144325209 0.7327045099902245 0.7327045099902245 2.6468071704389913 0.5988479956295745 5.263530320407868 0.5639698262998744 0.0 0.8059230349810066 0.0
198960 15.022124670923104 0.727532634558666 0.727532634558666 5.8480491998743656 0.6949454832068568 9.59106742717869 0.5786072466070019 0.0 0.5396247700340606 0.0
199153 14.771978375365276 0.7280627596833175 0.7280627596833175 2.3675821781308843 0.6107456533618265 4.744283660270327 0.5894484591847793 0.0 1.0994225209687785 0.0
199329 15.726997991484454 0.73354859260401 0.73354859260401 2.5019046950986796 0.7208261966231021 4.7618510419828475 0.6509831210014856 0.0 0.0 0.0
199865 14.720493923536814 0.7278649766247324 0.7278649766247324 8.153822547347113 0.6858116426155041 9.447861108391308 0.5943909149112065 0.0 1.7740483793520356 0.0
200089 15.134822435110086 0.7166345875864493 0.7166345875864493 4.3015149132020785 0.6323367958587567 4.922231895474248 0.5740462812498924 0.0 1.1529592753927609 0.0
200132 15.751555696179205 0.7188636559706213 0.7188636559706213 2.947471746389039 0.828732019834821 5.23423946203948 0.6512278424122879 0.0 0.0 0.0
200254 15.372765755748915 0.7164086294021822 0.7164086294021822 3.0840252892881037 0.6166799655904086 4.7023980057749055 0.5700695518863504 0.0 0.8173035495817118 0.0
200421 15.062844212419918 0.7159211814705996 0.7159211814705996 5.9816383637982655 0.64750595930263 7.105999786610549 0.5824640359546739 0.0 1.3002628134603313 0.0
200462 14.756756719691827 0.7129190981176984 0.7129190981176984 5.312340692083627 0.6786173491459807 9.463255663729372 0.6068147176500759 0.0 2.0879973309359228 0.0
200593 15.201029111076224 0.7138681408962552 0.7138681408962552 2.5898786043879425 0.6683307930065564 4.958676921488115 0.6229371537285733 0.0 1.1529592753927609 0.0
200619 15.259578062411697 0.7313498213936424 0.7313498213936424 4.263869366816802 0.6418707956619942 5.595921509187077 0.577366643222239 0.0 0.8059230349810066 0.0
201024 15.88950291149842 0.4736311817816324 0.4736311817816324 3.2570161969761897 0.5279644641532734 4.750398734058511 0.4668224307597802 0.0 13.571495684444125 1.0
201297 15.540964932091487 0.711283910110956 0.711283910110956 2.511915662671272 0.6466015675967647 4.611846190894949 0.6333952020559742 0.0 1.5708148273633598 0.0
202002 15.352604644862655 0.7017539204188424 0.7017539204188424 7.575063621364165 0.6738266080639939 9.55718820330786 0.6042600790060996 0.0 0.8173035495817118 0.0
202173 15.757974354140096 0.7001732459580771 0.7001732459580771 4.394619744348985 0.7158079507909934 5.650288264657613 0.6547564738163786 0.0 0.0 0.0
202297 15.120576393351966 0.6963000582856914 0.6963000582856914 2.5068546189098306 0.705982346225647 4.4282410102726395 0.6376382587719857 0.0 1.1529592753927609 0.0
202469 15.150067325530706 0.6966169319173133 0.6966169319173133 3.4532154655450853 0.7266130645779332 6.934436635085613 0.644688336767622 0.0 1.1529592753927609 0.0
202575 14.675321743160907 0.7077993288121505 0.7077993288121505 3.7238877625830513 0.6549607509866776 4.962816043066381 0.6023110762812276 0.0 1.5319764378441385 0.0
202754 14.673545743511893 0.6918066163462891 0.6918066163462891 6.377820322789318 0.6743310925312603 10.928450108160877 0.6045619312650409 0.0 1.5319764378441385 0.0
202918 15.753675331158172 0.6932509800989701 0.6932509800989701 3.067416011341647 0.6986872362344754 5.3229516816357725 0.6418379748445813 0.0 0.0 0.0
202994 14.68783625659326 0.7080438747947501 0.7080438747947501 3.2311011060431967 0.7213267428505811 5.529677408763343 0.6107985545701138 0.0 1.5319764378441385 0.0
203032 14.626988108104465 0.6996563277001797 0.6996563277001797 5.483203002485236 0.7170825801717222 6.065571331071368 0.6480552197573962 0.0 1.5319764378441385 0.0
203108 15.642606118171951 0.6932956257947701 0.6932956257947701 4.27093353116535 0.6844876083761686 5.099693675090453 0.6190832357307176 0.0 0.7335176970957424 0.0
203138 14.645806828353736 0.6924456038067786 0.6924456038067786 3.5674909391518113 0.6517189577756325 4.693688931385846 0.6009540094027939 0.0 1.5319764378441385 0.0
203191 14.795643247340475 0.6883457324225581 0.6883457324225581 3.7195036749498285 0.6836054968436112 6.926838631439378 0.5809780158546689 0.0 2.1636138888861334 0.0
203280 15.307421890047287 0.6917544793888364 0.6917544793888364 3.1015464461313837 0.6799808334499091 4.862824054054895 0.6046777767103207 0.0 0.8173035495817118 0.0
203595 14.672937294897409 0.6868973087328433 0.6868973087328433 2.3756948358226726 0.6420260847821868 4.246057083429367 0.5823293400334699 0.0 0.9901434074818598 0.0
203800 15.325878710542852 0.685458384389431 0.685458384389431 3.4128691378233884 0.6316235046209782 5.225124922153936 0.6021081890208881 0.0 0.8173035495817118 0.0
203871 15.453546457067112 0.7090012416257883 0.7090012416257883 2.8991209194439724 0.6564495063609924 5.690189983818065 0.6212189792017153 0.0 0.9914982695119998 0.0
204041 14.829528725660118 0.681842148316327 0.681842148316327 6.896109651721283 0.6573510542631308 9.241141948027892 0.5780886911309816 0.0 3.232381060930444 0.0
204108 15.50960329944367 0.6822311354187676 0.6822311354187676 3.8864874741780246 0.6777494087642476 6.575299659707941 0.613757615753914 0.0 1.5427637411522497 0.0
204603 15.14723017563816 0.67842220888521 0.67842220888521 7.97600641998676 0.7165664036636417 9.380175152575504 0.6125457001152979 0.0 2.6063334109721192 0.0
204607 15.284586095019865 0.6784843857977026 0.6784843857977026 3.155402925399137 0.6820723279803952 5.545217462993446 0.5884017684826789 0.0 1.4161769854224269 0.0
204644 15.176845181983342 0.6786797519537948 0.6786797519537948 2.0130285466124773 0.6458517410563102 4.056015958895901 0.5715499065427718 0.0 2.6063334109721192 0.0
205086 15.38679681852446 0.6793354031184661 0.6793354031184661 2.808174197394211 0.668441789351885 4.806521519519852 0.6028988274250188 0.0 2.025483783313594 0.0
205178 14.793550100824609 0.6758445951860891 0.6758445951860891 4.08505380370424 0.6387661524288555 4.890776322616536 0.5533909237600252 0.0 2.2219935402782625 0.0
205411 15.557589781935192 0.6720580976973096 0.6720580976973096 2.381408306916817 0.6399985060300625 4.538917768362942 0.6142459126107936 0.0 0.9759637282078816 0.0
205474 14.608532301290523 0.6701372210017934 0.6701372210017934 2.8820298212727327 0.6392608349942309 5.189685126095943 0.5791395922877455 0.0 0.9901434074818599 0.0
205518 15.53735538888258 0.6732590520678995 0.6732590520678995 3.981662548542496 0.6431090288474596 8.012215300011249 0.6066260841307528 0.0 6.229888363543631 0.0
205603 14.817548272717996 0.6698770526725952 0.6698770526725952 2.357847915973326 0.5817834626067898 4.626353846791992 0.5465989067196294 0.0 3.232381060930444 0.0
205892 15.68313972670814 0.6693887851100823 0.6693887851100823 2.641621615678788 0.6476027270639783 4.908613714219856 0.5917282851869187 0.0 0.5302136057206939 0.0
205946 14.643504557650228 0.66457776350575 0.66457776350575 3.7472908730870516 0.6517988061373033 4.917171495513212 0.5780414361810898 0.0 0.9901434074818598 0.0
206090 14.796376829175404 0.6642389744478693 0.6642389744478693 7.68308135501246 0.734240862757228 9.76910270419767 0.5598984067724346 0.0 2.3916804205207574 0.0
206110 15.606836170573969 0.6688146155532236 0.6688146155532236 3.99555460249013 0.6664834100103691 6.065372139225366 0.6158900372148103 0.0 0.9759637282078816 0.0
206213 14.82227325143026 0.6692260485711203 0.6692260485711203 3.050373842001359 0.6149914042993523 6.029131841741004 0.5465890823254148 0.0 3.232381060930444 0.0
206314 15.609226897641578 0.4758036444042423 0.4758036444042423 7.4083954130956 0.7362201111444894 9.532804134123337 0.5539267202109516 0.0 0.5034478015257474 0.0
206393 14.627886381026851 0.6621089716003814 0.6621089716003814 2.340931030192287 0.6539952815788328 4.071659536231489 0.5577287607719914 0.0 0.99014340748186 0.0
206472 15.423088569090034 0.6618925853746949 0.6618925853746949 4.355826984266022 0.7019154472893447 5.565529365842055 0.6094712956505356 0.0 1.8094248514295548 0.0
206915 15.221093245479365 0.658515493024438 0.658515493024438 5.504689583556906 0.6576909677043531 7.064862743228675 0.5809268852263254 0.0 0.9741183749597478 0.0
207166 15.172240824151134 0.6568956162481269 0.6568956162481269 1.6451633115936088 0.617603265540683 3.386584569836677 0.5773586343451729 0.0 2.606333410972119 0.0
207222 15.204791927751394 0.6576041819969327 0.6576041819969327 2.7272100513190822 0.6311952023042129 3.920796499200731 0.5641668807285242 0.0 0.9741183749597478 0.0
207231 15.526929909578442 0.6563733636671885 0.6563733636671885 5.331183442402901 0.6310202149290378 6.823076547243059 0.5724119037840416 0.0 1.2864543020749832 0.0
208057 14.70493901535134 0.6479941088326342 0.6479941088326342 4.494618248620593 0.6103306648798441 8.318830909405717 0.544796651859585 0.0 1.1244695682063468 0.0
208373 15.59275216779372 0.6491667207575129 0.6491667207575129 2.315741437938219 0.637764690572002 4.764655694076973 0.6052593731222186 0.0 0.9759637282078816 0.0
208460 15.58531118503735 0.6455180284647896 0.6455180284647896 3.035309942552455 0.7127347032559184 5.922460294744259 0.6233063088820882 0.0 0.9759637282078816 0.0
208762 15.383787938004891 0.6427956886365908 0.6427956886365908 3.394607610511776 0.6588408529110082 6.423835828137141 0.6205473279888519 0.0 2.025483783313594 0.0
208763 15.37979123646758 0.6440082445194962 0.6440082445194962 2.910805768075405 0.6331629626271634 4.860769043154965 0.5865650059208062 0.0 2.0254837833135944 0.0
208902 15.035758396245676 0.6412375326137221 0.6412375326137221 6.580760439142242 0.6664929373535156 7.8840248531623915 0.5904114172059134 0.0 0.7865846435782633 0.0
208944 15.82415037736675 0.6416024144549576 0.6416024144549576 4.243256809178009 0.72416819048385 7.4743095014305805 0.6467994870630629 0.0 0.3874610186149275 0.0
209034 15.48217198664329 0.6417496674755487 0.6417496674755487 2.752868394649666 0.6472681227988739 5.4026756749864235 0.6075838917486289 0.0 1.1990635832132914 0.0
209103 15.824877978529296 0.6466335384774453 0.6466335384774453 3.365033222444037 0.687128329937979 6.043304206385952 0.6451371944115539 0.0 0.3874610186149275 0.0
209112 14.633075268191645 0.639088759885264 0.639088759885264 2.9579489542165596 0.6096396093843116 5.363875884603013 0.5720551611023784 0.0 0.5199333120583861 0.0
209270 14.821223653240349 0.6393054402049083 0.6393054402049083 10.052689573024947 0.6385873722623105 11.826209818252728 0.5618148203206917 0.0 0.9210722654156949 0.0
209339 15.230510064288246 0.6372596850447957 0.6372596850447957 3.5793628761815888 0.6414059028450673 5.628712839129743 0.5976945123209484 0.0 0.9741183749597478 0.0
209457 14.653101407109396 0.6383066687600147 0.6383066687600147 3.059653194791157 0.6544925862821366 5.780089757645564 0.5915178912138307 0.0 1.0427454344383125 0.0
209473 15.115567198791636 0.6382028385024037 0.6382028385024037 2.393799275834917 0.6613198279254767 4.077270900581044 0.5974443701107169 0.0 1.607967753727708 0.0
209675 15.095982629111674 0.6369705878346485 0.6369705878346485 3.4786683721657163 0.6886856526060193 6.2507050226205605 0.6382059877231114 0.0 1.6079677537277082 0.0
209735 15.100481554472832 0.6555294667816403 0.6555294667816403 26.745982313786584 0.7330300851859362 45.3653197281377 0.6502415530643952 0.0 1.9113984587477966 0.0
209750 15.13881210837036 0.6523920493300411 0.6523920493300411 5.271115963086284 0.6489636811723285 6.18963772127149 0.573755785630135 0.0 1.8604584400171342 0.0
209961 15.344122499239385 0.6323888345087336 0.6323888345087336 3.983222991969579 0.6725364983950219 6.478070347004029 0.6066460419433775 0.0 1.1189701550344093 0.0
210065 14.72652022180026 0.6328251492469839 0.6328251492469839 3.2849403314600347 0.6290798820218865 4.689513885744855 0.5701289102838986 0.0 1.4950720881591804 0.0
210159 15.263537150775598 0.6332121717831106 0.6332121717831106 4.280468987757152 0.688072609520791 7.236727322104283 0.6016764950958134 0.0 1.4161769854224269 0.0
210374 15.26107219572153 0.6296033874592826 0.6296033874592826 3.602910648637099 0.627802253770644 6.5150772820133405 0.5786757083423084 0.0 3.3017805662565722 0.0
210448 15.77168691950441 0.6296921702507431 0.6296921702507431 3.4899911474481145 0.7012394531890777 6.269224842655561 0.6477799950832984 0.0 1.2194252051572119 0.0
210721 15.451680268513153 0.6261051007664503 0.6261051007664503 3.6952267341530716 0.6451431858049471 6.952518155803359 0.6032682787267208 0.0 1.1990635832132914 0.0
210788 14.579504647265688 0.6254863306849083 0.6254863306849083 2.635563325086522 0.6350972367899693 4.627251690839937 0.5798402917749838 0.0 0.5199333120583861 0.0
211116 14.731053953312305 0.472016565757347 0.472016565757347 2.3469996215910687 0.6152794366224688 4.1104631894173425 0.5493990522109048 0.0 0.6405102107154247 0.0
211175 14.757678941504611 0.6212879205490363 0.6212879205490363 7.576195551240186 0.6333113876979091 14.055943642105497 0.5610898495581003 0.0 1.2516248623649702 0.0
211210 15.19165717316362 0.6283523375165501 0.6283523375165501 4.637584069327843 0.6637806874955765 5.344756686388868 0.5867969800835451 0.0 2.160842398243933 0.0
211299 15.761459755537896 0.6309204997117385 0.6309204997117385 3.8063681873773247 0.8264809348184873 6.242581291561768 0.6377764955954295 0.0 1.2194252051572114 0.0
211533 15.610206518642476 0.6226312550619991 0.6226312550619991 2.9678873011032154 0.6840325208440012 5.790980156574455 0.6089534226029469 0.0 0.6989400297615929 0.0
211694 14.731163416899683 0.618024954351274 0.618024954351274 2.8470692702378932 0.6988204509823684 5.349562913949121 0.5722003638462286 0.0 1.4950720881591804 0.0
211944 15.825506983145376 0.6179136061716968 0.6179136061716968 8.244311012266998 0.7266999281179 11.797181501690416 0.6485208419639327 0.0 2.5788398535678456 0.0
212039 15.72534899169608 0.6179806600455228 0.6179806600455228 3.2247569680701145 0.6533920262512793 5.2400261976199705 0.6249491973893228 0.0 0.5302136057206939 0.0
212415 15.38712965314209 0.6148946637719329 0.6148946637719329 2.430313574772604 0.6639245797489846 4.5438822420632965 0.6335264472069954 0.0 1.6927920615546799 0.0
212566 15.197758058543592 0.6110979580964866 0.6110979580964866 2.8174899892870595 0.6631768318922345 5.689752199541139 0.5938743294644323 0.0 2.160842398243933 0.0
212585 15.063602628432612 0.613895275788734 0.613895275788734 2.3728442163794687 0.6455620093052102 4.611689103595581 0.5816237991671691 0.0 1.6079677537277082 0.0
212754 15.399123858754358 0.6108190394880832 0.6108190394880832 5.588386469220671 0.7019843848112205 9.383559611316397 0.6193244548673045 0.0 1.6927920615546797 0.0
212837 14.590548473761093 0.6118145445757474 0.6118145445757474 2.2782747006780526 0.6203072485699275 4.391208709527282 0.5769248673827868 0.0 0.5199333120583861 0.0
212874 15.545185346030578 0.6106189331341287 0.6106189331341287 3.169167506866137 0.7187624741280837 4.802698761461707 0.5941927531458562 0.0 1.2864543020749835 0.0
213017 15.22515965016726 0.6080906552735863 0.6080906552735863 4.037375876944827 0.6566202821054009 4.823816831180269 0.587235627053018 0.0 2.2073749136732554 0.0
213132 15.881472322435467 0.610262091003701 0.610262091003701 11.797091369633401 0.7113232386593442 23.432442050555217 0.6511603335015841 0.0 0.0 0.0
213189 15.560734484438726 0.6136580066092051 0.6136580066092051 2.4748049470363127 0.6633574953699986 4.955758445481988 0.6100146116902186 0.0 1.2864543020749835 0.0
213250 14.972786984965069 0.606098603288501 0.606098603288501 4.045334151298958 0.6546566518955736 7.489933635993871 0.5706501697216294 0.0 1.8545624296989898 0.0
213454 15.82654236688711 0.6064899435264389 0.6064899435264389 2.4145202494622913 0.6465009763583167 4.320449250567288 0.6069773030049218 0.0 2.578839853567846 0.0
213489 14.878068602903683 0.603115228943227 0.603115228943227 2.2372937145148932 0.5957327376090341 4.338696871790104 0.537713817299228 0.0 1.1256520770732927 0.0
213532 15.224412185997656 0.6093219957099489 0.6093219957099489 5.696263081819698 0.6854401378880285 6.961203924617678 0.5914320597435366 0.0 2.2073749136732554 0.0
213550 15.72377578641566 0.6083727577889702 0.6083727577889702 2.913391141750823 0.7039122453127239 5.967894963364664 0.6207619839206359 0.0 1.2238669804198077 0.0
213742 15.197275486085688 0.6026117948347325 0.6026117948347325 16.036292622526005 0.7355152621529444 18.88895329930083 0.5932005279582088 0.0 2.160842398243933 0.0
213902 14.596767584886411 0.5990438570688692 0.5990438570688692 6.787985691005794 0.6434534808526408 12.555808218171531 0.5785471542769896 0.0 0.5199333120583861 0.0
214414 14.915713357655632 0.5984118060214244 0.5984118060214244 1.8437996866041333 0.579681414081873 3.646795818437344 0.5416927613361708 0.0 1.1256520770732927 0.0
214551 15.850079821450734 0.5955241147795375 0.5955241147795375 3.200584580459495 0.6743726870749428 6.578683474648425 0.615309200487393 0.0 5.652495323597742 0.0
214665 15.356844931430158 0.5940114612176106 0.5940114612176106 5.050173243069534 0.7180111715951958 5.484049342500601 0.6401766221416668 0.0 1.1189701550344093 0.0
214852 15.832289130604856 0.5943811892935811 0.5943811892935811 4.5227071316286525 0.6947241397521555 5.499684679190976 0.6089922566435121 0.0 1.486248554595869 0.0
215277 15.633927649113494 0.590865261459432 0.590865261459432 4.499467739568213 0.6542091124680857 6.676328682415418 0.6231260447680593 0.0 0.6989400297615929 0.0
215380 15.133205786370832 0.5919075112784735 0.5919075112784735 4.63074018772664 0.6880973707386648 6.5615398423639535 0.6005999191788086 0.0 1.4566073042080983 0.0
215408 15.56864934303372 0.5880001414818123 0.5880001414818123 3.0754729159181675 0.7107847162139064 4.716260573663888 0.6042747061513523 0.0 0.7227302526506356 0.0
215639 15.60349994193847 0.5873734636690541 0.5873734636690541 2.69799689965985 0.6710577375802463 5.475825049818197 0.6255824008418654 0.0 0.6989400297615929 0.0
215751 15.828145537898417 0.5867577104658063 0.5867577104658063 11.747530712963039 0.6963495143028355 18.86001575859594 0.6292492819454081 0.0 1.486248554595869 0.0
215863 14.549632587060696 0.5820237149968223 0.5820237149968223 2.5714518778918305 0.6654238797366403 5.005154160488014 0.5761689169445986 0.0 0.3854163318638695 0.0
215935 15.854839109973852 0.5830064013929385 0.5830064013929385 5.902541110144069 0.6567977382970631 8.62379014911242 0.602885346244491 0.0 2.8054688621899873 0.0
216057 15.313620547292 0.5826997216050945 0.5826997216050945 7.826681550888995 0.7214162074407853 12.586551619018746 0.6334101124734061 0.0 1.5830879735306302 0.0
216791 14.920979176241008 0.5762568082619209 0.5762568082619209 3.6008996736850256 0.576122564644767 6.902603537669093 0.5407692167759683 0.0 0.6928349382765094 0.0
216981 15.494378014681626 0.5838586784121437 0.5838586784121437 6.29995614005512 0.6775164715108499 7.714106225397724 0.6118618166946967 0.0 0.8027524020550545 0.0
217008 15.282721388889856 0.5739756389391046 0.5739756389391046 4.387473508324522 0.7033405960976742 7.099769086269223 0.6004525146375655 0.0 1.7411228639128316 0.0
217695 15.723228217636446 0.5733960266563053 0.5733960266563053 3.289141257877397 0.6601268271163837 5.525109001073526 0.6012323243188463 0.0 1.2238669804198075 0.0
217706 15.85872888115862 0.5697690519577738 0.5697690519577738 2.3823393710657768 0.6011848229911235 4.662696122260863 0.5612092874096526 0.0 2.805468862189988 0.0
217823 15.408374548332617 0.567569267844295 0.567569267844295 3.7263183022605273 0.6835954606065718 6.531465865180193 0.6507025656600159 0.0 0.8989396805251383 0.0
217847 15.038259409400084 0.5696456437171428 0.5696456437171428 2.888076909737913 0.650677819676835 5.101012435844655 0.585249129392428 0.0 1.6529724019932166 0.0
217939 14.915660789053955 0.5662828652813617 0.5662828652813617 2.461269429754211 0.6010621626590563 4.534569540412402 0.5367312233656729 0.0 0.6928349382765094 0.0
218011 15.222761288280166 0.5657997042302569 0.5657997042302569 3.1961119702702754 0.6714502136636527 4.700738932125433 0.5868328268902205 0.0 4.094874478553145 0.0
218051 15.630900512994543 0.5675747886024589 0.5675747886024589 8.975412364236515 0.6767249409524781 10.059741891446002 0.6026598873418735 0.0 1.1164147767514547 0.0
218300 15.806048789997543 0.5649786445367302 0.5649786445367302 3.335933057756276 0.6457785424482683 4.589569409203425 0.5844485120819851 0.0 1.4862485545958688 0.0
218339 15.919006498710017 0.5645864555499281 0.5645864555499281 2.4265582869971385 0.62203398848664 4.181763440719424 0.5630002371345456 0.0 0.4744029581192491 0.0
218456 14.52991008977447 0.5635002830150451 0.5635002830150451 6.200329700914868 0.6291877984923846 7.333063039842938 0.560317005797226 0.0 1.3836791658614707 0.0
218465 14.45355206976588 0.5624563405889528 0.5624563405889528 3.2495902811788118 0.6820711869459222 6.238171001251971 0.6512596976564384 0.0 0.0 0.0
218754 15.165831591982611 0.5615628503426652 0.5615628503426652 8.022475032061203 0.6710290495021335 10.060694716048726 0.6015501943319199 0.0 2.557554358837272 0.0
218783 15.517855996822844 0.5599351477722022 0.5599351477722022 2.4275922304511757 0.6605811358548234 4.969474999438607 0.6050101837365899 0.0 0.8027524020550545 0.0
219017 15.192943114470513 0.5581643963598413 0.5581643963598413 7.95384629492903 0.685098190831948 11.691699955366426 0.6023234372490467 0.0 3.390349218691597 0.0
219359 15.211202965318146 0.5572556087623685 0.5572556087623685 5.197900276812564 0.6766935588816472 8.11479768434133 0.5943456171145527 0.0 4.094874478553145 0.0
219758 14.670695469304148 0.552160078861192 0.552160078861192 3.4237914692524787 0.6210145216610438 6.995273198368726 0.5665091424941583 0.0 1.0293196460867704 0.0
219856 15.312456744289086 0.5503986098624926 0.5503986098624926 3.84431906254374 0.6867277061427566 5.954726798594937 0.6137309881690702 0.0 2.448894643531201 0.0
219909 15.206310586871668 0.5529898456354788 0.5529898456354788 4.002269054457462 0.6413438310654401 5.454773034021417 0.5871337392005673 0.0 4.094874478553145 0.0
220047 15.73843961640206 0.5571180706195498 0.5571180706195498 2.7887028403573013 0.6553381988853731 4.837570339280265 0.5954087633550623 0.0 1.2238669804198077 0.0
220356 15.23039266792513 0.5479993321894083 0.5479993321894083 4.882534518563055 0.6682057708736144 7.4685482603462185 0.6045609784404382 0.0 2.189803530100498 0.0
220479 15.724630859352088 0.5484463500740586 0.5484463500740586 3.6907635234497995 0.6330621668634681 6.252721534256136 0.5947307900221998 0.0 1.2238669804198077 0.0
220569 15.057002067882197 0.5472199418024082 0.5472199418024082 3.2923239495706573 0.6709120772595767 6.232629939906886 0.6115656685073636 0.0 1.6529724019932164 0.0
220689 14.48791269858496 0.546806458638537 0.546806458638537 17.805825168031305 0.7147770525003846 21.046815177089883 0.6230682314914886 0.0 1.7783767055306654 0.0
220696 15.475442975100083 0.54488912186598 0.54488912186598 5.233903964771256 0.6900553177193396 5.932861920403969 0.6223000874735872 0.0 0.5477581678082507 0.0
220790 15.101863755205214 0.5432903149213597 0.5432903149213597 5.22271028434652 0.6853784439360678 6.886568143405655 0.6236792753340139 0.0 5.252660128459741 0.0
220923 15.100141370244131 0.5432510209514302 0.5432510209514302 7.091339292496826 0.7177784321051108 10.927097354745174 0.6276501203618335 0.0 4.284425961754754 0.0
221058 15.701015209739907 0.5424858219098354 0.5424858219098354 16.61428877378645 0.6637557263587497 20.484322898476652 0.5945239240753435 0.0 1.8211655884380602 0.0
221368 15.583666566620316 0.5399506379751557 0.5399506379751557 3.539517167656567 0.6689272304022338 4.824277792271857 0.6108879140666396 0.0 1.124744540530901 0.0
221463 15.048907492619511 0.5404516443288531 0.5404516443288531 5.2262025152755855 0.6919923779081564 7.711369172346359 0.6247175708788039 0.0 0.6410936351011194 0.0
221508 14.930203635861176 0.5427867124483882 0.5427867124483882 2.797509901168344 0.6145935470911749 4.009878260230783 0.561694803048773 0.0 0.6928349382765094 0.0
221601 14.553031380138291 0.536382168730602 0.536382168730602 2.5059659168276687 0.6644650163104974 4.496178434527512 0.5685849481472414 0.0 1.3836791658614707 0.0
221654 15.835598766847424 0.5389575755317122 0.5389575755317122 2.409323492575002 0.5846071848324856 4.373447930172425 0.5300069341281193 0.0 1.513632730261862 0.0
221689 14.658491275249268 0.538448520922402 0.538448520922402 4.570343855162002 0.6600934359743803 6.294032918788295 0.6035018495144697 0.0 10.686771032086028 0.0
222198 15.846123800425026 0.538070751222452 0.538070751222452 20.03203122317253 0.61693440949509 26.500702084230767 0.54200011165059 0.0 1.513632730261862 0.0
222240 14.662090786661928 0.5322194176304583 0.5322194176304583 25.845494177568828 0.6319924710120911 26.81234010936224 0.6121873608086248 0.0 1.4699004920973389 0.0
222243 14.54724409668977 0.5322657568295752 0.5322657568295752 2.6041923476023223 0.5890319352622022 3.9561940619520093 0.570216724659447 0.0 1.3836791658614704 0.0
222281 15.540766584592667 0.5325657524072162 0.5325657524072162 4.765356148920057 0.6943388964104394 7.63621577560691 0.6275402236323167 0.0 0.7247003964390109 0.0
222512 15.113274001877128 0.5302225821230422 0.5302225821230422 2.8316180604639904 0.6992452581117843 4.652934820486199 0.6121083664986557 0.0 2.99618486343436 0.0
222704 15.124992917326134 0.5302270876124392 0.5302270876124392 5.216281808520088 0.6788917709181675 6.150203658726862 0.6237218176649246 0.0 2.99618486343436 0.0
222720 15.121608841478176 0.5292291698487223 0.5292291698487223 2.863993881623819 0.6624927161588545 5.626434171968336 0.6216039460932321 0.0 2.99618486343436 0.0
222786 15.71395998663062 0.5291268094993937 0.5291268094993937 3.812470127637202 0.6514211233061886 5.2631458428046605 0.5957732573936286 0.0 11.029087901211682 0.0
222802 15.702468437528031 0.5292019342451061 0.5292019342451061 14.586997344191763 0.7158001294024875 18.13941897597125 0.5925849903888408 0.0 2.341890064914811 0.0
223063 15.934132258756396 0.5268403362516029 0.5268403362516029 3.342759144714223 0.5563976814670926 4.78069276222147 0.4825411782309181 0.0 0.4744029581192491 0.0
223141 14.565791461814326 0.5244223329786725 0.5244223329786725 4.884656355945256 0.6217818306286976 6.132145829864101 0.545670932812625 0.0 1.2252782727933649 0.0
223471 15.721871794042798 0.524363670446419 0.524363670446419 3.09472602461702 0.6332131436964096 5.430470598728534 0.5645060476590694 0.0 11.208140861322859 0.0
223602 14.628352294429993 0.5219886554053919 0.5219886554053919 2.5794064182035985 0.6830973494101815 4.410511262097412 0.6057930064037765 0.0 2.2567352470326663 0.0
223694 15.110027851952244 0.5212569915844371 0.5212569915844371 2.6196201230414022 0.647156074589544 5.409713701038436 0.5936415312371722 0.0 1.1177406395044915 0.0
223828 14.577780411892087 0.5194264269228229 0.5194264269228229 2.8666082263175636 0.605170236372655 3.928070156201796 0.5467996436866086 0.0 0.849125349191528 0.0
223931 15.171367438802282 0.5297342212420466 0.5297342212420466 3.3878836302984174 0.6701063198687406 5.176773580168544 0.5958140228354155 0.0 2.557554358837272 0.0
224145 15.880141885749904 0.5219290851968504 0.5219290851968504 7.7948793558920215 0.5737631900812694 10.462791205001105 0.5199527031681593 0.0 2.5389031459167013 1.0
224208 15.121138742592883 0.5178974383570079 0.5178974383570079 3.7304856222966296 0.7046715807807044 5.60140990765885 0.6209309428995134 0.0 1.1177406395044913 0.0
224339 15.038104137541188 0.5170442178727989 0.5170442178727989 2.7763783116412295 0.6311950909613059 5.746431099794258 0.5786943141740779 0.0 0.6410936351011194 0.0
224413 15.907305024028249 0.5190458279058937 0.5190458279058937 3.323828708779482 0.5116368013990098 4.297054831368785 0.4909714612916246 0.0 3.400193101357253 0.0
224583 15.589238755480036 0.5168417514850865 0.5168417514850865 29.56752953324011 0.7021869959065945 33.43403588921876 0.6229706571017664 0.0 1.1247445405309011 0.0
224712 16.085022634160442 0.5224433741441286 0.5224433741441286 14.081379681155461 0.6137157742023786 19.713270190335287 0.5522262888233173 0.0 0.5078757895411341 0.0
224867 15.104618193573998 0.5160140780162216 0.5160140780162216 2.822082603872189 0.6448149528961848 5.345142580352971 0.5929438318598316 0.0 1.1177406395044913 0.0
224909 15.310468035636692 0.5145628416643587 0.5145628416643587 3.994274469760363 0.6904430174594168 7.339139228086525 0.6137744962005919 0.0 2.5182377236450244 0.0
225517 15.474764777215054 0.5091949695408083 0.5091949695408083 3.7921067207560126 0.7329121490634791 7.229784578512542 0.6068973429943418 0.0 0.5477581678082507 0.0
225777 14.414502962384976 0.5066974992658825 0.5066974992658825 3.050926351510857 0.6994940370020429 6.304535234831698 0.625869342683375 0.0 1.4339571180765724 0.0
225781 15.881489492388138 0.5102982322593725 0.5102982322593725 5.936977865167574 0.5755861270611465 8.605161784328759 0.5039281118755552 0.0 8.176332673906963 1.0
225857 16.055898266044544 0.5083660738868715 0.5083660738868715 2.4450632996227717 0.5380558026025373 3.4682885069597713 0.4768487594100902 0.0 0.5078757895411341 0.0
226197 15.44668154729797 0.5049248302100456 0.5049248302100456 3.4275913080161255 0.6563964047648186 5.988235193431193 0.6042441127559999 0.0 0.5477581678082507 0.0
226209 15.739141758456942 0.5061424636289691 0.5061424636289691 2.5795875836381974 0.66678817722049 4.151640663464794 0.5473682095782638 0.0 4.176674439271169 0.0
226237 15.406979937131364 0.5074963587198167 0.5074963587198167 4.257137583742509 0.6660454079655376 5.572925859960822 0.6044515194951982 0.0 0.9865004955625878 0.0
226242 14.518518050473867 0.5067017086253971 0.5067017086253971 2.5209882267702644 0.6428046010957161 4.68689760964989 0.5587429138015096 0.0 1.2252782727933649 0.0
226315 15.820501501043069 0.5057717509125079 0.5057717509125079 5.718545361566701 0.5635658184265009 6.013101984161068 0.49805262197092276 0.0 1.8495832129239376 0.0
226331 14.40558925721845 0.5046481479900222 0.5046481479900222 3.481035239982915 0.6849237413713158 7.18145190673896 0.6361872099101021 0.0 0.0 0.0
226437 15.238962258429884 0.5029667445712431 0.5029667445712431 11.933787372686583 0.6508245417579487 12.631457985024966 0.60752676090049 0.0 1.8761750318485753 0.0
226583 15.909901774765572 0.5044695694926565 0.5044695694926565 5.640601643730191 0.5335841701149984 9.604802007546711 0.48016823293787464 0.0 3.400193101357253 1.0
226831 15.759445264022258 0.5029233437233203 0.5029233437233203 2.1024698057899354 0.593697601374435 4.28339209912621 0.5352926513556819 0.0 4.176674439271169 0.0
227058 15.741152112199384 0.5016019464172566 0.5016019464172566 2.9127263534503007 0.6147429400338216 4.528871906808276 0.5499888248879746 0.0 4.176674439271169 0.0
227072 15.220926111695974 0.5076073013266285 0.5076073013266285 7.396151616950598 0.8011391300622988 10.039830818730943 0.5871690967189332 0.0 1.8909918350785688 0.0
227151 15.37991806008269 0.5003755145544156 0.5003755145544156 12.537333979205362 0.66785372527101 17.831570360036824 0.6138256268289354 0.0 0.9865004955625878 0.0
227264 14.500969173435283 0.4955649570576583 0.4955649570576583 3.343279528583401 0.6293901868834989 4.088948281127753 0.56701644433906 0.0 1.2287644647450608 0.0
227268 15.891873152477636 0.4984833988354141 0.4984833988354141 11.754358087521801 0.5342346113800741 15.776422974421424 0.4770500500454196 0.0 6.170848551644386 1.0
227353 14.687373206763972 0.4972227849133116 0.4972227849133116 5.11369968171017 0.6009100063540349 5.981071626299768 0.5436457427475596 0.0 1.4699004920973382 0.0
227358 15.321612093144452 0.4958591951510512 0.4958591951510512 4.308214338867904 0.6825499853189575 6.8252268406032615 0.5982850446824988 0.0 5.788993051964655 0.0
227371 15.54810441939288 0.4991652944988445 0.4991652944988445 2.2856784053613812 0.6187221247775054 4.118881781062654 0.574339455079344 0.0 0.7247003964390109 0.0
227377 14.483006092265825 0.4945361793067044 0.4945361793067044 4.0580300884699705 0.6325330885177014 4.676400444009745 0.5633749289715627 0.0 1.2304219266327867 0.0
227428 15.843115286537389 0.4958486112842726 0.4958486112842726 2.148110876820904 0.5812038654843542 3.8363358087338093 0.4899708666986829 0.0 6.780716199279093 1.0
227715 14.467957151125823 0.4936965555805065 0.4936965555805065 2.9315764430942184 0.6532528788649173 4.415932319046585 0.5772046630397759 0.0 1.2304219266327867 0.0
227777 14.567426392518808 0.492887193828099 0.492887193828099 3.4898690828908996 0.6158044948987248 4.973597124686121 0.539123328158836 0.0 0.849125349191528 0.0
227784 14.811433377957382 0.493399545915496 0.493399545915496 2.0326392220575147 0.6155100922140253 4.204389677272001 0.540217878983211 0.0 0.6249719735040037 0.0
227843 14.90105787676058 0.4935022402811898 0.4935022402811898 2.410200606249834 0.6001166931904487 4.491711876062122 0.535841671466973 0.0 0.6609708949332257 0.0
227938 15.019197570361804 0.492039354419102 0.492039354419102 3.4798063537655644 0.5877270028666546 5.75409824760423 0.5529481950959704 0.0 0.6410936351011194 0.0
228130 16.078302993021545 0.4913031894383156 0.4913031894383156 4.6125688439760735 0.582002152144836 6.102013395603362 0.49272626806165487 0.0 1.8030102985908327 0.0
228410 15.714863026560929 0.4919865825435305 0.4919865825435305 7.362415703050421 0.6254480896267401 10.668757762688452 0.5623312383793602 0.0 1.7094936513014907 0.0
228543 16.01010771737271 0.4888741688503196 0.4888741688503196 3.857189276484995 0.5157539819626232 5.323060998944923 0.455370393231616 0.0 1.1354918052125107 0.0
228614 15.831499464140654 0.4880029907115608 0.4880029907115608 6.546690457210746 0.5568804074347293 8.558896355662844 0.4933421146552182 0.0 1.8495832129239376 1.0
228727 15.743444359779389 0.487254367241458 0.487254367241458 11.182862517733401 0.6070648941771396 12.593672824083376 0.5375371069634471 0.0 3.33389871978166 0.0
228985 15.800363196601191 0.4857977427504405 0.4857977427504405 3.2316764060871113 0.5365121517147852 5.998507286448964 0.49252620064709907 0.0 1.8495832129239376 0.0
229132 14.615871385471102 0.4896396778388682 0.4896396778388682 3.2310010594599103 0.6215748874294488 5.696188014692213 0.5546163849592097 0.0 0.8491253491915279 0.0
229197 15.03067797740815 0.4836868560737086 0.4836868560737086 2.5099730593224487 0.583125106110567 4.503019457654908 0.5444001995688029 0.0 0.6410936351011195 0.0
229287 15.849086698474885 0.4862677999036972 0.4862677999036972 4.181318188357773 0.5482709879848255 5.875169678309845 0.4934094046737836 0.0 6.780716199279093 1.0
229307 15.870678004065605 0.4827925558731466 0.4827925558731466 7.807842663372163 0.5614119099973339 11.767678704227963 0.4910438759614317 0.0 12.25469947899292 1.0
229581 15.051913966275812 0.4811826113181074 0.4811826113181074 2.003953021031613 0.6053230109653361 4.097316398821135 0.5522739300534535 0.0 0.6410936351011193 0.0
229594 15.978984969302402 0.4827958253833894 0.4827958253833894 3.3006499627174053 0.5118676779468332 5.752181525031777 0.4680858375549678 0.0 2.1362937246648985 0.0
229731 14.767539257553413 0.479823618463556 0.479823618463556 2.3671442650938763 0.6110535550795704 3.7259868738108763 0.538190319732647 0.0 0.6249719735040037 0.0
229861 14.788417767230332 0.4776545454961736 0.4776545454961736 2.168396383852816 0.5978268340924391 4.445386702718413 0.5447890292627632 0.0 0.6249719735040037 0.0
229880 14.94593669233079 0.4779049858475572 0.4779049858475572 3.6012984436572735 0.6294528765615437 6.77083652203782 0.578745148654234 0.0 0.492072248589179 0.0
229902 15.871588781529285 0.4790222910646197 0.4790222910646197 2.2353983661159615 0.5328110028943842 4.580299069619327 0.4815705203569134 0.0 13.571495684444125 1.0
230016 15.323494706558431 0.4797481530859881 0.4797481530859881 5.318419841809088 0.6877904356182168 8.9511479775477 0.6005452605242334 0.0 2.783150858770547 0.0
230382 15.861401424428552 0.4741977039501525 0.4741977039501525 4.9814984870842505 0.5355185343129003 5.902205690131894 0.48643503760603934 0.0 37.82311547810358 1.0
232776 16.980154483495532 -0.9153734236913968 -0.9153734236913968 4.260794704831877 0.6835361962404226 8.358586872153968 0.6438000853457448 0.0 0.0 0.0
233990 16.982999177938126 -0.891133141662386 -0.891133141662386 3.146873213803535 0.6485383136565255 5.045343658430506 0.5802305507058482 0.0 0.5190375162272177 0.0
235751 17.14749153880468 -0.8617917181419298 -0.8617917181419298 7.009910644427869 0.6733219688694329 12.382794326808906 0.5945574016965203 0.0 0.0 0.0
237238 16.384004991053736 -0.8347798015808132 -0.8347798015808132 4.890014964254926 0.7161713834576049 7.46892423978405 0.6542230851789752 0.0 0.0 0.0
237918 17.081225906153044 -0.8240560390643703 -0.8240560390643703 5.4629191693343815 0.6330722659805816 6.735224444990847 0.560217049345997 0.0 0.4239202618635056 0.0
238477 17.147843624176172 -0.8152731165673914 -0.8152731165673914 4.166258280471394 0.6666675292226197 6.414372734711114 0.5705824032907627 0.0 0.42392026186350557 0.0
238677 16.47742937121373 -0.8112928058539157 -0.8112928058539157 3.560344239591055 0.6873897895016816 6.32263413816044 0.6487706751499686 0.0 0.0 0.0
238686 16.386665484269475 -0.8109972574008705 -0.8109972574008705 3.449664520018879 0.6944475043240547 6.938906541313122 0.6377578253836194 0.0 2.6400551395199208 0.0
238830 16.991496201311712 -0.8096802885475958 -0.8096802885475958 4.157633672695765 0.6281132521715227 5.04061636080018 0.5770951525905034 0.0 1.2899779395244584 0.0
238907 16.896385076274207 -0.8083894497246783 -0.8083894497246783 3.1520419009930682 0.7291828712306541 5.271477907675238 0.6433664857714646 0.0 0.3606610631342522 0.0
238920 16.46704637349951 -0.8076245093158382 -0.8076245093158382 3.311217560122104 0.6849041661899631 5.828588401164135 0.6235814176721124 0.0 0.0 0.0
239078 17.004826441825347 -0.8076154726527931 -0.8076154726527931 22.790766184653187 0.6649866844867415 47.019138678686566 0.591740388634575 0.0 0.6468361901287792 0.0
239635 16.903874567392833 -0.7970692245658385 -0.7970692245658385 2.8641050015741096 0.7400461413952468 5.697905674178745 0.64193772527968 0.0 0.3606610631342522 0.0
240565 16.3642754832825 -0.7846722820566777 -0.7846722820566777 12.748447270488356 0.663097822046522 13.840977398525261 0.6354811411274675 0.0 0.487080797999364 0.0
241729 16.94566450034965 -0.7690947676924846 -0.7690947676924846 3.273870183457441 0.7025226721642883 6.40832525996569 0.6355005323957337 0.0 0.8744344448601188 0.0
241765 17.065591005197106 -0.7684948789795476 -0.7684948789795476 4.007561608845349 0.6513825036454278 6.359430164156338 0.5716561336099674 0.0 0.6891795075750679 0.0
241875 16.912084634935216 -0.7667014955960657 -0.7667014955960657 5.9681541574086205 0.7126791222727444 6.657397602680269 0.6396343748106599 0.0 0.3606610631342523 0.0
242106 16.87958612784566 -0.7635438176005941 -0.7635438176005941 5.956434414795117 0.7417933091344551 8.82257253805531 0.6383027380483123 0.0 0.0 0.0
243358 17.099262683290405 -0.7446227365964323 -0.7446227365964323 4.067233537191754 0.6884858676145366 7.321225352994825 0.6349622379992271 0.0 0.689179507575068 0.0
243558 17.125195876251976 -0.7419778186523383 -0.7419778186523383 3.899863715239374 0.6850300996425123 5.456207163808599 0.6107625017473081 0.0 0.6891795075750677 0.0
243889 16.330863527566628 -0.7366682703450322 -0.7366682703450322 4.271046711276943 0.6772065572122695 5.137274880063028 0.6343120768439576 0.0 0.5518616590002732 0.0
244273 17.27054522641518 -0.7326855911783196 -0.7326855911783196 4.219315545913591 0.6952043308266932 5.930483850459684 0.6361308129944274 0.0 0.0 0.0
244348 16.470234551622998 -0.730744787529675 -0.730744787529675 4.706415706596364 0.7144558299651331 5.619762597108128 0.6530000317933138 0.0 0.6082539287761488 0.0
244655 16.3083406429646 -0.7265671874259666 -0.7265671874259666 2.5504417091215212 0.6824971052036337 5.28353860698442 0.6387206932726964 0.0 0.5518616590002732 0.0
244957 17.25611154441865 -0.7238045980150277 -0.7238045980150277 3.1182683891491085 0.6526740853145031 5.068081014933374 0.6072463214430935 0.0 0.0 0.0
245224 16.270699328051478 -0.7193778856888023 -0.7193778856888023 4.663621134685994 0.6812136873337302 5.649266424651232 0.6135842789322671 0.0 0.6376581379261022 0.0
245317 16.214502933319295 -0.7193190258036832 -0.7193190258036832 16.271669656697405 0.7067555156965717 25.760537632028242 0.626952961776835 0.0 0.0 0.0
245379 16.456479957503426 -0.7180224341209888 -0.7180224341209888 4.15114004426812 0.6692195294257895 8.593150400130773 0.6297974007361291 0.0 0.6082539287761487 0.0
245415 17.039579093562004 -0.7178772373880343 -0.7178772373880343 3.391290107013238 0.6763210419052417 6.3353591107298195 0.6024550815563204 0.0 0.9668433585624364 0.0
245611 17.20626515247281 -0.7159455770575344 -0.7159455770575344 2.8171156837302873 0.6504264016934912 5.6584634997489855 0.5939887456728081 0.0 0.37432124877650746 0.0
245739 16.28736557632711 -0.7136106338922633 -0.7136106338922633 5.5497068119932536 0.7001350744705092 7.758719404698484 0.5997433427369678 0.0 0.6376581379261022 0.0
245740 16.344371305066577 -0.713350615797219 -0.713350615797219 4.740969118253663 0.6581022142067479 6.249677259650433 0.6146347036767296 0.0 0.5518616590002732 0.0
245947 17.193858710041027 -0.7117624726096552 -0.7117624726096552 2.158208113648068 0.6181891469055973 4.040935835676735 0.5773337836494532 0.0 0.3743212487765074 0.0
246257 16.711349302855936 -0.7070921753019108 -0.7070921753019108 3.571996125641637 0.6959978531581197 6.765663070725274 0.6350021021204438 0.0 0.0 0.0
246854 16.56077255561485 -0.699960343567487 -0.699960343567487 3.349434711136957 0.6407929125687191 5.823341685365243 0.5838114715790153 0.0 1.9028708591200205 0.0
247493 17.100924679902526 -0.693065505982261 -0.693065505982261 3.007854559145126 0.7400073113033526 4.942613200006758 0.6173735593692352 0.0 0.3743212487765074 0.0
247513 16.1992971552357 -0.6923133198934369 -0.6923133198934369 6.697608152896077 0.6873545531973966 7.138720298508417 0.611744812408684 0.0 2.8773568613332237 0.0
248231 16.713516001939173 -0.6838023009436409 -0.6838023009436409 3.6564197847091333 0.6854592081155272 5.067061492608459 0.6322150901574761 0.0 1.3005818579794222 0.0
248261 16.19732431344922 -0.6828533966500447 -0.6828533966500447 4.540346696242833 0.6581097216092999 5.433793123870249 0.6023192396703915 0.0 1.7708751928723054 0.0
248424 16.153538933745768 -0.6811801957775169 -0.6811801957775169 7.597858018583113 0.6961464244797025 9.13212336226649 0.6304973276628788 0.0 0.0 0.0
248431 16.407046342641273 -0.681051657271126 -0.681051657271126 4.165180944869909 0.6546515228936531 6.36336996512852 0.6119305101981499 0.0 0.6242720104706219 0.0
248566 16.29346570256156 -0.6793625078326964 -0.6793625078326964 3.182048150373987 0.6421456726544255 5.989704989760935 0.6044231665252631 0.0 0.6376581379261022 0.0
248570 16.45695801465426 -0.6793843165231612 -0.6793843165231612 3.526825930228528 0.674186192313949 5.800918117180866 0.6059010361121125 0.0 0.6082539287761487 0.0
248640 16.68852697399073 -0.67913337918944 -0.67913337918944 5.874127017798294 0.7009915851365814 6.3861096393128545 0.6354980859541861 0.0 0.0 0.0
248666 16.411163075650485 -0.6785055491303743 -0.6785055491303743 5.11094885133009 0.6807899320049219 5.682755762995434 0.6105754519769868 0.0 0.6242720104706219 0.0
248776 17.26473094282687 -0.6779411047943592 -0.6779411047943592 2.48031162943965 0.6236712131576463 4.1953832958548745 0.5890660031148508 0.0 2.5990989121588615 0.0
248779 17.134603143753434 -0.6782564995554549 -0.6782564995554549 5.096428448184982 0.6504971847101063 8.24600729758001 0.5721324429032643 0.0 0.37432124877650746 0.0
248853 16.5588234226175 -0.6761044626136206 -0.6761044626136206 2.7748582988797215 0.6549699229697912 5.57194033029741 0.5868223458195906 0.0 1.9028708591200205 0.0
249040 16.905411355246624 -0.6744784845464129 -0.6744784845464129 4.159325760430121 0.68823677290093 5.439526552777019 0.6222112430173872 0.0 0.6014274183265935 0.0
249104 17.271491993238122 -0.6742674769723883 -0.6742674769723883 2.845651621741138 0.718776553858227 5.502711957465928 0.6154443213168658 0.0 2.5990989121588615 0.0
249121 16.510600283115213 -0.6742109693737782 -0.6742109693737782 15.466711843908836 0.7019394836917475 19.31290874348043 0.6219474779905385 0.0 1.4291667283672185 0.0
249440 16.731825302875432 -0.6698222296825255 -0.6698222296825255 4.237469301037032 0.6871092319616411 7.038947974195884 0.6299720895386312 0.0 1.3005818579794222 0.0
249466 16.324766096284627 -0.668926349928932 -0.668926349928932 2.139184326654276 0.6452794283896418 4.257488918500751 0.6002906245871594 0.0 0.6376581379261022 0.0
249694 16.55919376508656 -0.6667285059339554 -0.6667285059339554 6.956024421581302 0.6738011318068615 8.306186669407406 0.5920332276878149 0.0 6.634230320063084 0.0
249705 17.270197669474694 -0.6672304995344562 -0.6672304995344562 3.5262825626848127 0.67426697068771 4.796804639973288 0.6200969123479345 0.0 2.5990989121588615 0.0
249899 16.755447556595996 -0.6664398105279962 -0.6664398105279962 15.581092643262187 0.7009432720914702 23.846309142353274 0.6398732247617481 0.0 0.8762349141636079 0.0
249903 17.11382257905259 -0.664821583897439 -0.664821583897439 3.0418306105972044 0.7051443045928597 5.433850293346413 0.6454807906889011 0.0 0.37432124877650746 0.0
250063 16.125926975650312 -0.6620585818698997 -0.6620585818698997 4.277459092093196 0.77945665513355 7.470127502745193 0.6301291768379993 0.0 0.0 0.0
250201 17.310434412880166 -0.6621251150605186 -0.6621251150605186 3.75687757619127 0.723303190421212 5.748775820877447 0.6387558447749321 0.0 0.0 0.0
250523 17.287300060301824 -0.6621823455305568 -0.6621823455305568 5.966439588164045 0.7167813575472379 9.754119537319834 0.6399799668692695 0.0 2.599098912158861 0.0
250620 17.30745347537256 -0.6569137539883604 -0.6569137539883604 3.6124377358236046 0.7489066495430493 5.783730320188458 0.640220619461498 0.0 0.0 0.0
250958 16.311663306959048 -0.6518777125403503 -0.6518777125403503 2.7629208229684856 0.6515543912002449 5.43997360777981 0.592936312271075 0.0 0.6376581379261022 0.0
251048 16.872937142814973 -0.6513675996693434 -0.6513675996693434 2.8637878654935007 0.6929433651377541 5.065536200683612 0.6390738049200627 0.0 0.8541881596882112 0.0
251118 16.405148928928078 -0.65018369324732 -0.65018369324732 2.3174581961041816 0.6574675222703468 4.478499160304213 0.573315979819929 0.0 0.6242720104706219 0.0
251214 16.55894455515979 -0.6494194893793273 -0.6494194893793273 5.474531010999632 0.6510883328694704 7.348530988427428 0.5903082417526482 0.0 2.711503345981405 0.0
251237 16.96335197097896 -0.6494124623776513 -0.6494124623776513 4.23235314796073 0.6763475766949472 5.916673816683932 0.6372429138179041 0.0 0.8316748281162513 0.0
251348 17.284773641812734 -0.6485531363304629 -0.6485531363304629 5.344693774213072 0.6951453116638918 6.032852750574722 0.622205976730056 0.0 0.674354727156656 0.0
251358 16.7346466208579 -0.6477287009025541 -0.6477287009025541 3.494963861793682 0.6589732387704433 6.64328111991067 0.6046215085547275 0.0 1.3005818579794224 0.0
251454 16.56556355361547 -0.648098545559187 -0.648098545559187 25.08758851754383 0.7003683836800634 38.11927146373731 0.6082645046631612 0.0 1.759634584481136 0.0
251541 16.417169842329347 -0.6452567143381649 -0.6452567143381649 2.838857338523308 0.6137617908797056 5.177352743014902 0.5717121442453978 0.0 0.6242720104706219 0.0
252095 16.47831946524351 -0.638804078542079 -0.638804078542079 2.2263131835289873 0.6735908662498628 3.8023701868483273 0.5755238933165789 0.0 0.9333647327330364 0.0
252203 16.112802678185652 -0.6382039927566405 -0.6382039927566405 4.373605017471793 0.6837765680124284 5.562905750422447 0.6020860294108706 0.0 1.5034311087075338 0.0
252268 16.49707917049043 -0.6376436234409523 -0.6376436234409523 7.334612409903016 0.6534582435455548 9.570886730853076 0.5901977140987321 0.0 0.9333647327330363 0.0
252509 17.11305433314103 -0.6350070715693887 -0.6350070715693887 2.3692359726170182 0.6777333613066548 4.8928852839905925 0.644433778086597 0.0 2.5439551399567906 0.0
252644 16.444349616076053 -0.6329104126891494 -0.6329104126891494 3.569273879999638 0.6314167642755032 5.055840309030325 0.5787257831379841 0.0 0.9573867199654746 0.0
252762 17.106872170672496 -0.6324502194751018 -0.6324502194751018 4.559746205154293 0.6762076520650938 5.432838754146547 0.6392589619171867 0.0 2.5439551399567906 0.0
252808 17.08389047328243 -0.6318903081156232 -0.6318903081156232 3.728506579844756 0.6913033171795068 4.609049521925872 0.6170640201334314 0.0 1.086760416231628 0.0
252979 17.110204295097624 -0.6300517624062283 -0.6300517624062283 2.9080774707095784 0.6934452921654328 3.8150240838527467 0.643358167870203 0.0 2.5439551399567906 0.0
253006 16.848193731980956 -0.6296155802279714 -0.6296155802279714 3.9267204930280464 0.670039099135848 6.116068846094356 0.6416191213341421 0.0 0.854188159688211 0.0
253023 16.472237214204682 -0.6288782866704695 -0.6288782866704695 3.2474720490788904 0.6421527034369048 4.611490169269741 0.5888761206227378 0.0 0.9333647327330362 0.0
253136 16.904128186119138 -0.6281477152755929 -0.6281477152755929 4.223045081672768 0.6457695045257829 8.21268238585982 0.6151011241957711 0.0 0.9424117453856735 0.0
253173 16.905708157937063 -0.6275343907667736 -0.6275343907667736 3.7533007498886928 0.6487233693563815 5.641151964318304 0.6187351972305605 0.0 0.9424117453856734 0.0
253317 17.17668318721944 -0.6261744551026508 -0.6261744551026508 3.627801775022367 0.6547620641241998 4.5564296544803575 0.5924264609765606 0.0 0.37432124877650746 0.0
253438 16.250885417555757 -0.6236970686630966 -0.6236970686630966 2.2482925294323644 0.6382845565446555 4.650017632080886 0.568281048603005 0.0 0.5065953727639472 0.0
253451 16.656841690031396 -0.6240160667170144 -0.6240160667170144 2.5922543566507614 0.6509016276595471 5.197885598163279 0.6124899985040629 0.0 0.6622289187960461 0.0
253503 16.727139349186015 -0.623534932779851 -0.623534932779851 2.828419660040793 0.6559076725579214 5.0044434048384145 0.6031848421939419 0.0 1.3005818579794222 0.0
253785 17.043208621006144 -0.6209238646867672 -0.6209238646867672 3.8377633073767954 0.6360466605558823 4.488622149147666 0.6040506249816061 0.0 1.0867604162316278 0.0
253832 16.142781550773165 -0.6209451700161369 -0.6209451700161369 5.049397927115096 0.6917221581385432 10.062868701263914 0.6032498660350737 0.0 2.208030798432952 0.0
253838 16.100550208384885 -0.621132930513701 -0.621132930513701 9.410896149168549 0.6729340741983636 12.175463169778363 0.6056950586098182 0.0 0.0 0.0
254024 16.21476722302011 -0.6172966184620022 -0.6172966184620022 5.483297254864856 0.6336987151507739 6.81624582492218 0.5524962987141163 0.0 0.5065953727639472 0.0
254370 16.976001654892634 -0.6146306759315417 -0.6146306759315417 5.73533494225521 0.6808540241032421 10.357989254387004 0.6158433745612931 0.0 0.8316748281162513 0.0
255344 17.243906749333718 -0.6046626431737326 -0.6046626431737326 4.936425441152596 0.6125724432797595 5.624731963691579 0.5857781530630702 0.0 0.6743547271566562 0.0
255604 17.064316991332692 -0.6019760127862495 -0.6019760127862495 4.474326174824526 0.7846891095304266 6.903078533609559 0.601786636469485 0.0 1.086760416231628 0.0
255685 16.67673403060713 -0.6007608732974793 -0.6007608732974793 2.689496931643063 0.6611639903079796 5.074316350637632 0.6058294455068267 0.0 0.6622289187960461 0.0
255860 16.145175368066536 -0.5982928168041091 -0.5982928168041091 3.457421027325379 0.6237584347430003 6.120013668709714 0.5628576997243814 0.0 2.960001647409147 0.0
255890 16.96030891236932 -0.5988392342605131 -0.5988392342605131 2.5406607070543967 0.659126834913158 4.277926233668692 0.6314556116930562 0.0 0.8316748281162513 0.0
255951 17.10411221572597 -0.5982509661599421 -0.5982509661599421 3.095067882633268 0.6739213108042141 4.900311006647849 0.6156393542122369 0.0 2.5439551399567906 0.0
256260 16.24058407312281 -0.5940534308245415 -0.5940534308245415 3.798036895067237 0.7080223157395746 5.212882799889992 0.5757204198288948 0.0 0.5065953727639472 0.0
256342 17.11172857782176 -0.5955101953242675 -0.5955101953242675 2.821119607223031 0.7064833897143561 5.169070508295846 0.6441061094313251 0.0 0.9665179072116272 0.0
256424 16.449223433295508 -0.5943960122119626 -0.5943960122119626 13.926785692004628 0.6433664813991701 22.661192339489233 0.6084867960677751 0.0 0.9573867199654746 0.0
256440 16.607381871572475 -0.5932832015614233 -0.5932832015614233 2.193759802216841 0.7115838913419738 4.470278344144008 0.6430084297369707 0.0 1.2633012020414889 0.0
256447 16.284340361234626 -0.5922515436250457 -0.5922515436250457 2.668394119994151 0.6916671831860445 3.9352518785047055 0.6437731744887218 0.0 0.4417201008447589 0.0
256503 16.108245909751044 -0.5918043393777761 -0.5918043393777761 4.791269759112113 0.6940025676353526 6.202325224657168 0.611111055287791 0.0 0.0 0.0
256504 17.082279461547998 -0.5925445954879552 -0.5925445954879552 3.4942578702670954 0.7279405180248134 4.549817824297942 0.6468229986539356 0.0 5.419909132169428 0.0
256540 16.682642552830885 -0.5917554006411478 -0.5917554006411478 3.0227502979276566 0.6901446906293148 4.385561292354921 0.6395836433385689 0.0 0.6622289187960461 0.0
256741 17.061604678447033 -0.5902972537635983 -0.5902972537635983 3.213217489570637 0.6926061230823825 5.239092944549626 0.6442883822026245 0.0 1.086760416231628 0.0
256834 17.093282039463517 -0.5892203777163455 -0.5892203777163455 3.306840361153238 0.6992957114529109 4.725693537230856 0.6417828655297211 0.0 2.5439551399567906 0.0
257252 16.296680964839375 -0.5840348443780727 -0.5840348443780727 3.402048784378806 0.6967874997868633 6.35704024828456 0.6455185817728064 0.0 0.4417201008447589 0.0
257562 16.60905537956824 -0.581501259263846 -0.581501259263846 4.343749288626089 0.6746506562233605 7.432073104473292 0.6428211868265273 0.0 2.64728916139337 0.0
258479 17.075728739053808 -0.5727121366635278 -0.5727121366635278 3.871882604419487 0.6837580201130746 4.684690661853851 0.6199383829356542 0.0 6.692035616560839 0.0
258482 16.464004140403723 -0.5717803599751361 -0.5717803599751361 3.293775848249078 0.6475288007502971 6.019675443839212 0.6113978812452272 0.0 0.9573867199654746 0.0
258536 17.07687194259352 -0.5723350888339351 -0.5723350888339351 4.2730045083153785 0.6493779385906888 5.543535212529312 0.6200366268777999 0.0 6.692035616560839 0.0
259120 16.301988150510827 -0.5649721552036778 -0.5649721552036778 3.144082339038124 0.6980068201044003 5.352132965174848 0.6278029328264975 0.0 0.4417201008447588 0.0
259239 16.98212237163197 -0.5644673896981566 -0.5644673896981566 2.831559732147094 0.6818322910570465 5.490525588317251 0.6280405209287875 0.0 1.4661267047281537 0.0
259393 16.98128232856556 -0.5631177967847651 -0.5631177967847651 3.3744094028150857 0.6718176566727717 6.164346408553078 0.6314972011993643 0.0 1.4661267047281537 0.0
259405 17.095705884981484 -0.5628555087368655 -0.5628555087368655 2.89148763553542 0.6629336173834803 5.124044524173961 0.6236453599285602 0.0 2.1231937326325507 0.0
259620 17.082861088756317 -0.560530036480233 -0.560530036480233 2.442596900262613 0.6488804901636505 4.651896756709556 0.6033916308847492 0.0 2.1231937326325507 0.0
259812 17.272327702789728 -0.5586891752504856 -0.5586891752504856 1.7958536813551433 0.6547674267502741 3.7130489320667808 0.6048543840380365 0.0 0.42442864995185264 0.0
260116 17.096502049444755 -0.5559509210428338 -0.5559509210428338 2.853013788422191 0.6660697958474378 4.168413724234854 0.6182733605704185 0.0 2.1231937326325507 0.0
260268 16.983472774146424 -0.5545783484595096 -0.5545783484595096 2.8532758924439885 0.6628531676717058 5.790659672731728 0.6079883657924853 0.0 0.9416577694020097 0.0
260331 16.39555325625758 -0.5531035686865806 -0.5531035686865806 2.9186843399391185 0.627139121962969 5.27468377618316 0.5998960521935667 0.0 1.0860325567148776 0.0
260431 17.09518497603701 -0.5528889183317389 -0.5528889183317389 3.8543922212356736 0.6161448677366743 5.792300977489961 0.5925308467745914 0.0 2.1231937326325507 0.0
260532 16.894032130511423 -0.5516809375428458 -0.5516809375428458 3.0168221837777356 0.6524130727139376 5.436324675831622 0.6090205581094146 0.0 0.9904068764614598 0.0
260643 16.138927147195982 -0.5499263704587644 -0.5499263704587644 2.6335586593784392 0.5602952404603659 5.108135186030261 0.5121559712122153 0.0 0.7515777350520706 0.0
260671 17.454381092736362 -0.5516152517626868 -0.5516152517626868 4.245102069905259 0.700208239991331 8.384016988240184 0.6146074451674868 0.0 0.0 0.0
260674 16.58566566903623 -0.5504181668037866 -0.5504181668037866 4.849858042613042 0.6727588142202232 7.4381531555193225 0.6063206394655392 0.0 2.1198768943230943 0.0
260729 16.883052251661294 -0.5497585635165291 -0.5497585635165291 3.2330093304502743 0.6437596242000798 6.44208010159784 0.6020350404186168 0.0 0.9904068764614598 0.0
260780 16.8845002176997 -0.5492600311587871 -0.5492600311587871 4.969332333268361 0.692571762714053 5.574105044786735 0.6193592329653039 0.0 0.9904068764614599 0.0
260794 16.720708421141975 -0.5489825430248741 -0.5489825430248741 4.411595164463051 0.662769697739197 7.449707441428165 0.5843561267235453 0.0 0.8697306495972623 0.0
260802 16.55800423336785 -0.5487493262770746 -0.5487493262770746 5.895790154693648 0.6757574193865025 7.077554109416795 0.5864857669666823 0.0 0.9564780043746952 0.0
260835 17.115904082606434 -0.5488011278888597 -0.5488011278888597 2.7295155649574707 0.6699579667749951 5.604761532578972 0.5957898931961519 0.0 1.2818336767926615 0.0
260943 17.272184401382205 -0.5478194956011545 -0.5478194956011545 2.908707880068353 0.6664038070773387 5.678729048968273 0.6034557534053109 0.0 0.42442864995185264 0.0
260960 16.39700561970048 -0.5476665840019689 -0.5476665840019689 15.75402348437228 0.674490211612165 21.134520106569 0.591690365342932 0.0 1.0860325567148776 0.0
261017 16.637803910175997 -0.5465970618407315 -0.5465970618407315 4.283718763452847 0.7088389511695716 5.612069439761703 0.6195804041572092 0.0 1.73001947364029 0.0
261030 16.331575727985317 -0.5462645863390742 -0.5462645863390742 6.0730727646565175 0.7005082814510701 7.278680575642466 0.6138934318878265 0.0 0.4417201008447589 0.0
261648 16.44527715557951 -0.5411740314053025 -0.5411740314053025 6.0253594932547445 0.6456431679226913 7.388762075876228 0.5706633933819942 0.0 1.026084414967176 0.0
261956 17.127851449078467 -0.5393621068921984 -0.5393621068921984 11.884771062136554 0.6354792860961263 13.28651717379283 0.5828349164932801 0.0 1.2818336767926612 0.0
262446 17.468327876542133 -0.5354958718438861 -0.5354958718438861 3.8369478054009383 0.7017205200068203 6.642267778069664 0.6239950465577598 0.0 0.0 0.0
262505 16.874796949378485 -0.5341819344093713 -0.5341819344093713 6.162398783561078 0.7202710028694084 8.832214092954224 0.6036990069511847 0.0 0.9904068764614598 0.0
262633 16.63709868512014 -0.5323247821216567 -0.5323247821216567 5.925028620584893 0.6771758324031274 6.685058615937673 0.6092863961735746 0.0 1.73001947364029 0.0
262987 16.41468512005062 -0.5286640863846999 -0.5286640863846999 3.1006751266602173 0.6010878832290425 4.069806549899353 0.5545597562753883 0.0 1.0860325567148776 0.0
263055 16.81356921791121 -0.5285212535144309 -0.5285212535144309 2.7232888561786694 0.6609791351763235 5.240889405206005 0.6017033286967874 0.0 0.9497311675794211 0.0
263110 17.440208218846216 -0.5289557041841868 -0.5289557041841868 3.147677320512185 0.6380175240545345 6.1439752760670014 0.6027421264058951 0.0 2.1837625872322377 0.0
263151 17.285222157063362 -0.5281897057749257 -0.5281897057749257 3.549140567383998 0.742753565527629 6.049744528139878 0.6004716998897015 0.0 0.4244286499518527 0.0
263278 16.363480453824106 -0.5261254796754057 -0.5261254796754057 2.4440141624791236 0.6084571733342389 4.686807348832793 0.5683240158421846 0.0 0.4417201008447589 0.0
263458 16.685124883284274 -0.524997983479161 -0.524997983479161 5.277541863711087 0.6903077167560056 8.874954328110224 0.6021045966146157 0.0 2.098126087443847 0.0
263498 17.261310175012596 -0.5247718515688344 -0.5247718515688344 3.180025458254502 0.6728721720848365 5.542847504934292 0.6213867535878436 0.0 1.3251474813928976 0.0
263739 16.709631437218796 -0.5221709239067135 -0.5221709239067135 5.0795415635029215 0.6361859200368989 6.889551128212589 0.5897717371212738 0.0 8.475093140315698 0.0
264449 17.138345478520623 -0.5162759299826339 -0.5162759299826339 5.60796353828445 0.7001704951327709 6.763604840823308 0.6022054157583904 0.0 3.3760831264488456 0.0
264466 16.24215614887157 -0.5152960088622662 -0.5152960088622662 2.6734034665828914 0.6332148668799339 5.324673075164667 0.5715565119349502 0.0 0.5985271404540444 0.0
264494 16.712299410682167 -0.5161483712059463 -0.5161483712059463 16.070258244411487 0.6087701350509673 16.305986149804838 0.6087552608375967 0.0 1.858945433515838 0.0
264503 16.165744332257695 -0.5148486881516046 -0.5148486881516046 2.194341282744665 0.6093458450242539 3.96310397172298 0.5500880731587557 0.0 0.929007432141153 0.0
264666 16.592460430151593 -0.5136550229734492 -0.5136550229734492 3.1050352005382496 0.6664915146813397 4.878692446492693 0.612269123460345 0.0 1.725183360934723 0.0
265079 16.469596332531303 -0.5101334996147544 -0.5101334996147544 4.458932224658843 0.6682778323072215 4.955732178425372 0.5995336698203361 0.0 1.4434767444621799 0.0
265188 17.424973414018595 -0.5108873955532381 -0.5108873955532381 3.6426321036835216 0.6663192011138175 7.343647118538061 0.6013846474952006 0.0 1.4663009250269132 0.0
265221 17.462792744304807 -0.509711147425864 -0.509711147425864 2.8364938184682273 0.6722097576486947 5.4630268127624735 0.6188864903262632 0.0 0.1294647646691673 0.0
265340 16.646868788017162 -0.508807162688795 -0.508807162688795 5.298909341707417 0.6913568456163869 7.64554058070546 0.6176090229301814 0.0 1.8300438038338263 0.0
265508 17.436420007305728 -0.5075208163155178 -0.5075208163155178 5.328597502183125 0.6802110978018674 5.776908611073281 0.6084113426600459 0.0 2.8361014441793966 0.0
265628 17.250620989257442 -0.507113551376146 -0.507113551376146 4.239663244064845 0.6740398129388385 7.814496984381458 0.5963875974942391 0.0 1.3251474813928978 0.0
265816 16.80127217126588 -0.5042310236504914 -0.5042310236504914 2.574365332254781 0.6572431707678885 5.053057417389963 0.6065450296594807 0.0 0.9497311675794211 0.0
265853 16.926954960132168 -0.504092142910875 -0.504092142910875 4.477572345237942 0.6441095397176361 7.403821211202119 0.606086605141497 0.0 0.9363032953486905 0.0
265906 16.17503261261763 -0.5046342417160787 -0.5046342417160787 5.638441950884044 0.6071541281185995 7.740391308424761 0.5385473456864893 0.0 0.9290074321411529 0.0
266079 16.315629522263592 -0.5016506047634567 -0.5016506047634567 2.5161876646535934 0.648091859233961 3.3711137885303937 0.5867379693382169 0.0 0.5950204424249717 0.0
266153 17.190518967341315 -0.501814830557836 -0.501814830557836 4.6552765800875155 0.706700474819668 7.745988380405276 0.6071837440435093 0.0 1.0702040301978584 0.0
266415 16.49741920892009 -0.4992472717730429 -0.4992472717730429 4.062107984629505 0.6343949873173307 8.37028678571493 0.6048427827546978 0.0 1.4944687044560077 0.0
266484 16.511329013544817 -0.4984773853864762 -0.4984773853864762 3.036609131774277 0.6387155841986186 6.143248425407221 0.5989931221224041 0.0 1.4944687044560077 0.0
266947 17.20046763123471 -0.4953095432499266 -0.4953095432499266 3.019134328560319 0.6747442847814158 5.9033497234555705 0.6041768098614264 0.0 1.0702040301978584 0.0
267031 16.748114031313605 -0.493987201094952 -0.493987201094952 3.9163802859271866 0.6773699897227436 6.644310685521937 0.6041414523430605 0.0 1.858945433515838 0.0
267036 16.564968620664146 -0.4941034924912962 -0.4941034924912962 4.449818367201732 0.6810644916613239 5.948337208313102 0.6077972472035903 0.0 1.725183360934723 0.0
267254 17.23474333349749 -0.4927332764897381 -0.4927332764897381 3.2244274710216856 0.6578701625619084 5.431578192949161 0.5790857190696671 0.0 5.058167708046397 0.0
267351 16.472458806252597 -0.4909619423807768 -0.4909619423807768 2.6440810619945494 0.6246842474625077 4.8512317839220245 0.5825832806661041 0.0 1.4434767444621799 0.0
267393 16.80723278718588 -0.4921304349567127 -0.4921304349567127 5.3999952763708965 0.6724841578433867 8.592428056073842 0.6169274571910464 0.0 1.3815103478205994 0.0
267723 17.001804210329745 -0.4882406777519633 -0.4882406777519633 2.0498128554409636 0.6356100260977124 4.002021191300672 0.6019033188552944 0.0 0.7781171241556315 0.0
268028 16.48129911001186 -0.4861323826574851 -0.4861323826574851 8.641048506629463 0.6649167168007225 16.469838503852188 0.5862263669065948 0.0 1.4434767444621799 0.0
268328 17.12917446764087 -0.4832593097004212 -0.4832593097004212 2.5548012679592285 0.6486918904122875 4.770767420103041 0.5848139975731788 0.0 2.4669134008087585 0.0
268511 17.23196797045413 -0.4823336925889266 -0.4823336925889266 6.838187830401936 0.6563006818334668 8.8957662063551 0.5882867342259122 0.0 6.056381288460506 0.0
268663 17.04815054787413 -0.4805798457550386 -0.4805798457550386 3.4721871047058896 0.6267162008285311 4.671879291269819 0.5729785382744751 0.0 1.152766719518058 0.0
268830 17.376679674664903 -0.4797050352366145 -0.4797050352366145 3.381241541496861 0.6692459911569902 4.257935200943054 0.5695647866150534 0.0 1.491187989730076 0.0
268950 16.321522732955884 -0.4777599027356691 -0.4777599027356691 2.669837456127156 0.6163114568182949 4.476968460455945 0.56321919365305 0.0 0.9574147617124746 0.0
269013 16.720090122956975 -0.4774460405510783 -0.4774460405510783 4.983001632275089 0.6130319324369343 5.635411582367137 0.5767445517647254 0.0 1.5065967973015788 0.0
269044 17.33933979833145 -0.4776469497517479 -0.4776469497517479 2.796181419027993 0.6057155120574859 4.384479063870341 0.5626170213801366 0.0 1.086460011436026 0.0
269070 17.286329897639902 -0.478605180799403 -0.478605180799403 25.390185524796266 0.6850140029642956 36.12964879597059 0.5980079143591956 0.0 2.112260331573068 0.0
269077 16.99383371009106 -0.4770802948212816 -0.4770802948212816 2.1604597411923696 0.5993640758534222 4.176355903578802 0.583661285820013 0.0 0.7781171241556315 0.0
269105 16.57781270105797 -0.4782766624264488 -0.4782766624264488 17.665080098200825 0.6890743566282473 27.665088513981487 0.6096185971837135 0.0 1.6429691074401072 0.0
269117 17.01712281624103 -0.4768223553867579 -0.4768223553867579 3.4383347916920837 0.6545398037245977 4.710827928307384 0.5827987735384174 0.0 0.7781171241556315 0.0
269134 16.444042931451683 -0.4761822607192174 -0.4761822607192174 3.348535321968034 0.6509718984823668 5.92530267354225 0.5836243445526452 0.0 1.4434767444621799 0.0
269150 16.223650776229213 -0.4758442778231695 -0.4758442778231695 4.503951938164763 0.5903806092543944 5.178066073866131 0.5499230156103461 0.0 0.5985271404540444 0.0
269195 17.375524018194 -0.4765701483197196 -0.4765701483197196 5.007290805279583 0.6452889029572928 7.851530057687304 0.5679740073127812 0.0 1.4911879897300757 0.0
269311 16.49414555040107 -0.4749916980058004 -0.4749916980058004 3.8754387647289925 0.6685624079191475 5.464104792164366 0.5847960355418166 0.0 1.609025409106396 0.0
269398 17.416575705183686 -0.4746496167975605 -0.4746496167975605 3.070880172572956 0.6182945509417804 5.274040877096484 0.5745344364706826 0.0 3.316803832878337 0.0
269399 17.408130199043462 -0.4746342719757914 -0.4746342719757914 3.984997949692356 0.6496350905710462 5.412852743064086 0.5914110976022768 0.0 3.316803832878337 0.0
269428 17.179341623903394 -0.4748700739602552 -0.4748700739602552 4.036908748245338 0.6373498440331621 4.403117085660111 0.5682838298207643 0.0 2.569445124452979 0.0
269557 16.760788176089864 -0.472837487332231 -0.472837487332231 3.1951228353245824 0.6367160490129185 5.630035205166226 0.5949899969421651 0.0 1.875492673101552 0.0
269928 16.35374067381362 -0.469632352364942 -0.469632352364942 4.424042787816989 0.6635790539474742 7.030205164665484 0.5935213980811801 0.0 0.9574147617124745 0.0
269974 16.08923390677901 -0.468939348204884 -0.468939348204884 4.074977554770353 0.5445202676648142 5.986929437445216 0.4947610765048046 0.0 0.6148024316153154 0.0
270174 16.21541084970836 -0.4672067625027859 -0.4672067625027859 3.875113452383211 0.6493627370532961 4.486853114388636 0.5781304480253956 0.0 0.5985271404540444 0.0
270184 16.9194519006247 -0.467674982722786 -0.467674982722786 2.5102110079529667 0.6289996470148678 5.020189475198836 0.5887325788839382 0.0 2.0767181119067155 0.0
270474 16.37144510263292 -0.4691470321893834 -0.4691470321893834 34.243551808890636 0.7089417438672866 42.537801131146885 0.6250744809485728 0.0 1.9733458786590399 0.0
270549 16.471569284478484 -0.4642071956911621 -0.4642071956911621 2.169149630329294 0.6609070181536756 4.483378008550404 0.5808324783346068 0.0 1.5493241403220872 0.0
270668 17.107416467439695 -0.4635911480583382 -0.4635911480583382 2.4465049618747177 0.6603831531157917 3.9036016204038435 0.5864820844283529 0.0 3.691353916552707 0.0
270707 17.09618000025465 -0.4637636479131415 -0.4637636479131415 10.554540617398622 0.7313743112305645 13.55462012778552 0.5893563957265432 0.0 2.344324386965571 0.0
270804 17.140864450746765 -0.4625138258809092 -0.4625138258809092 2.538142159861251 0.612059979757984 5.093115580049377 0.5887398924565644 0.0 2.4669134008087585 0.0
270871 17.11782397542908 -0.4617331309059107 -0.4617331309059107 3.474351947955295 0.6296457826694598 6.469449859551005 0.5913368030352806 0.0 3.6913539165527065 0.0
271009 16.109594408561286 -0.4607683370785908 -0.4607683370785908 9.430865678960586 0.5480835656338549 13.334781602723247 0.5042948720915551 0.0 0.6148024316153154 0.0
271013 17.048373543954597 -0.4604976352545324 -0.4604976352545324 3.0921148989253124 0.6604000360235803 4.80892302379896 0.5996752672819057 0.0 1.152766719518058 0.0
271246 17.246062338675735 -0.4587620262247058 -0.4587620262247058 3.9322959333148773 0.6799500878093263 5.491975813114613 0.5866259738193723 0.0 5.466339189434957 0.0
271396 17.215722359264376 -0.4572148509567632 -0.4572148509567632 3.1931557675602833 0.6277772841717681 4.883594729073708 0.5756097634148973 0.0 3.9145293160643164 1.0
271416 16.702156160783606 -0.458958280998247 -0.458958280998247 10.92037813865483 0.6692004780925477 16.07029210831291 0.6042182062276124 0.0 1.5065967973015788 0.0
271466 16.936293917266 -0.4566154664942367 -0.4566154664942367 4.907756172077405 0.7228709962526907 8.364837787828083 0.6014951751491167 0.0 2.0767181119067155 0.0
271580 17.46910915184006 -0.4558876298527381 -0.4558876298527381 3.862517497415443 0.6393505786980471 7.906630616862018 0.6060814289862227 0.0 1.071640375309838 0.0
271695 17.077776109145233 -0.4546164477536394 -0.4546164477536394 2.432008830004964 0.6446510291375843 4.539545216239843 0.5866175786620619 0.0 1.152766719518058 0.0
271858 16.538638146044704 -0.4525700101984654 -0.4525700101984654 2.4235035828248384 0.670664151466816 4.271938117320817 0.6236605664941793 0.0 1.2732029703000167 0.0
271896 16.37988046923756 -0.452109617707112 -0.452109617707112 2.512192883126633 0.6531006786230579 5.202649206136574 0.6135443118029852 0.0 1.0079772367670123 0.0
271917 17.40032585914407 -0.4527592124922288 -0.4527592124922288 5.668399400194094 0.6460415479808135 7.437734170214287 0.5822836044525391 0.0 3.3168038328783367 0.0
272117 16.632220648830874 -0.4523623399724226 -0.4523623399724226 7.880648248786469 0.6804261253612304 9.632403276126322 0.5974496492740564 0.0 1.6651873106415918 0.0
272454 16.809542117524366 -0.4477229931611656 -0.4477229931611656 3.9713710127524253 0.670974814782593 6.287229879884927 0.607453110133901 0.0 1.2555783973841783 0.0
272624 16.9988240671226 -0.4463815272917364 -0.4463815272917364 9.110543520267829 0.6576725299759446 9.493690684181518 0.5862684328252042 0.0 0.7781171241556314 0.0
272672 16.48128646640975 -0.4453474862069982 -0.4453474862069982 2.4146819721245913 0.6287427907821073 4.218115115674241 0.5713796599630797 0.0 1.609025409106396 0.0
272704 16.8636081828311 -0.4454262639656857 -0.4454262639656857 3.021981085201079 0.6878795612117079 5.582552993730616 0.6154343037825291 0.0 1.0516760735827224 0.0
272893 17.260142281189324 -0.4445645676936888 -0.4445645676936888 4.0327759230350555 0.642490010692227 5.507766563223297 0.592193971773496 0.0 5.562580116926355 0.0
272928 16.952601926332797 -0.443404636953728 -0.443404636953728 2.479427949000664 0.6802437905665296 4.252409075767417 0.6186226609193739 0.0 3.2966882324725266 0.0
272977 17.214866188313806 -0.4432237683615769 -0.4432237683615769 3.62369986510764 0.6148425484121884 4.749085123707567 0.5751772454253014 0.0 3.7498613210174656 1.0
273019 17.40980490440097 -0.4431425524589894 -0.4431425524589894 6.464576380600209 0.6679441380505294 7.10183105021355 0.5995245021025368 0.0 5.9394415741356426 0.0
273063 17.428741456577143 -0.4426771624755264 -0.4426771624755264 2.1627199956621292 0.6604382885846969 4.056759934646514 0.5966142538656141 0.0 3.105752277129423 0.0
273084 16.8328041521718 -0.4421196068782495 -0.4421196068782495 3.5671605407828126 0.6577900041216409 4.946911340285614 0.6106139641173484 0.0 1.0516760735827224 0.0
273220 16.730970897488845 -0.4409488405125947 -0.4409488405125947 3.8482577046751896 0.6826400844548721 7.777866028809978 0.6094939574248706 0.0 1.875492673101552 0.0
273373 16.923796933256888 -0.4396291838596449 -0.4396291838596449 3.9650570046384015 0.6558646934729307 5.038349282046104 0.5876302380746353 0.0 3.815361052427339 0.0
273388 16.944928837747355 -0.4396757608495424 -0.4396757608495424 5.798911391311481 0.677602670007791 6.6559969505142655 0.5951871028748476 0.0 3.2966882324725266 0.0
273485 17.183576241675386 -0.4388243887024846 -0.4388243887024846 3.6416441275785623 0.6480599761776382 5.941452406758015 0.5891980465783769 0.0 5.032800336967626 1.0
273684 17.435254526409672 -0.4372217796603352 -0.4372217796603352 3.703813357704675 0.6434068608679253 7.18402582076713 0.6047796130587388 0.0 3.1057522771294224 0.0
273835 16.642191834326074 -0.435707308679472 -0.435707308679472 2.97606189239418 0.661693675943634 5.604639596781839 0.6283606571192946 0.0 1.9487471513364922 0.0
273924 16.509140894191646 -0.4346668218548062 -0.4346668218548062 2.621465641288813 0.6253623888937855 4.726626404020955 0.5820960010138677 0.0 1.2732029703000167 0.0
273979 16.29754251960334 -0.4338620196930362 -0.4338620196930362 2.0464468093917185 0.6859377205091749 4.018675792795799 0.573585732190565 0.0 0.8564642981400212 0.0
274002 17.237547931046926 -0.4342037447632748 -0.4342037447632748 3.04893108528872 0.634598857041263 5.388005910146836 0.5816845224215805 0.0 3.707968187311355 1.0
274126 16.984376700720322 -0.4330020329780771 -0.4330020329780771 2.68626968896162 0.6429936841630047 5.341715502025119 0.5814347536155855 0.0 0.7781171241556315 0.0
274164 16.932331671484764 -0.432621971171365 -0.432621971171365 3.149500692025587 0.6534396209894582 6.032474839735668 0.6058038222506184 0.0 3.815361052427339 0.0
274215 16.88727310687977 -0.433862126531121 -0.433862126531121 3.4580945713114395 0.6593937403813499 6.257182427277944 0.5960895951617331 0.0 1.9072412697528018 0.0
274233 17.445091455078213 -0.4323282768213711 -0.4323282768213711 2.1029328270428267 0.6390584616461443 3.981190642843985 0.6041361216756884 0.0 3.1057522771294224 0.0
274273 17.219038313059897 -0.4323849147643036 -0.4323849147643036 4.953964431267156 0.6259035344216816 6.680071737983146 0.5884192154737152 0.0 3.749861321017465 1.0
274285 16.662451001422042 -0.4312969047544424 -0.4312969047544424 3.027296558883464 0.6571374539979996 5.584083951099046 0.5929039291105905 0.0 1.9487471513364922 0.0
274357 16.5432765100211 -0.4306754196098553 -0.4306754196098553 3.069612014530763 0.6807609022642603 4.641347443236424 0.6251944467164591 0.0 1.2732029703000167 0.0
274360 16.8995983777404 -0.4318337581346039 -0.4318337581346039 3.701160127466333 0.6465547359594864 6.0484512618818025 0.5868608965879764 0.0 1.9072412697528016 0.0
274425 17.009765693297137 -0.43045804527639 -0.43045804527639 3.6503974954356404 0.6569658653673781 5.044591828314924 0.5936645792917516 0.0 0.7781171241556316 0.0
274428 16.409605622737445 -0.4300010687421345 -0.4300010687421345 2.3916769234123905 0.6780771207135808 4.778201898445835 0.6112462533733127 0.0 2.2119328732042343 0.0
274487 16.12048672471021 -0.4297440889014526 -0.4297440889014526 7.173122288309932 0.5761135911064557 9.785358020680222 0.5117569437198044 0.0 0.9450732742566337 0.0
274910 17.295574920485038 -0.4272099564919648 -0.4272099564919648 9.775445297049774 0.719779571146503 12.5325625168671 0.6205480876733325 0.0 1.4321324393601067 0.0
275093 16.933171435749305 -0.4245518858135834 -0.4245518858135834 3.9206085094818155 0.6882952353789162 6.6622989839407145 0.6277720432829578 0.0 3.815361052427339 0.0
275187 17.43349704232381 -0.4241036942568623 -0.4241036942568623 3.0019118951060006 0.6614078603830613 4.951087544767336 0.6254625252060362 0.0 3.1057522771294224 0.0
275233 16.77235222230646 -0.4232309483606996 -0.4232309483606996 4.148922023105075 0.7156479059844988 7.846804176417874 0.6436172846581114 0.0 1.5889679024998187 0.0
275351 17.252876241478635 -0.4228992116393387 -0.4228992116393387 3.018305371155949 0.7048463203806441 5.4578249054719254 0.6153159217636446 0.0 3.707053792815543 1.0
275472 16.964326271604666 -0.421355962243209 -0.421355962243209 4.24276636202777 0.7025623934299176 5.207715271541192 0.6197723210586092 0.0 3.2966882324725266 0.0
275595 17.485766515631816 -0.4208935048398695 -0.4208935048398695 8.952717369800443 0.765782708126134 10.386451284111102 0.6487975602549751 0.0 3.3688959899416195 0.0
275639 16.27501104217557 -0.4196033785543931 -0.4196033785543931 2.5695466149666273 0.6579974266616373 4.905886318174599 0.6355999995586531 0.0 0.8564642981400212 0.0
275755 16.79913481380062 -0.4186739437690784 -0.4186739437690784 4.162115167330604 0.6974569541475033 6.685471935799126 0.6396400402542437 0.0 1.2555783973841783 0.0
275837 17.38386188158549 -0.4183057063629628 -0.4183057063629628 6.981908159434464 0.6992507520829598 7.5908909393359805 0.623774004125936 0.0 2.236237102187769 0.0
275889 17.19118169885543 -0.4176811697482204 -0.4176811697482204 3.7445545925961756 0.6708994649162864 5.075355444494927 0.6192231593112285 0.0 5.032800336967626 1.0
275898 17.059560332639183 -0.4173540205101051 -0.4173540205101051 4.008481342107141 0.683228808934675 5.856994033972558 0.6363682465846198 0.0 1.2040639285937929 0.0
276025 16.24781303147616 -0.4166627893971241 -0.4166627893971241 5.024584443058941 0.6816085878662201 10.281859469949925 0.6234288884796277 0.0 2.235283398276111 0.0
276038 17.434427026927768 -0.4162982711732531 -0.4162982711732531 3.72696628737042 0.6530073478194736 5.2642155815613405 0.6252861238944508 0.0 3.4176302096707416 0.0
276058 16.715520672262905 -0.4156155468559067 -0.4156155468559067 4.39703973857579 0.7193046593996354 6.707871812128515 0.641179560168091 0.0 1.3035971757960334 0.0
276064 17.465943640438336 -0.4160938832351741 -0.4160938832351741 2.687508747225406 0.7115763568026683 5.2538632710128255 0.6517649908440695 0.0 5.221617505929779 0.0
276169 17.101976293459394 -0.414884630720125 -0.414884630720125 3.2853454106762743 0.673507065938007 5.502954798979541 0.6382125158592409 0.0 2.259989777815781 0.0
276330 17.17289270703641 -0.4148038517131284 -0.4148038517131284 22.538605016344718 0.6931608610568539 29.217741956136543 0.6339089290289401 0.0 2.904459402613194 1.0
276523 17.472879794593275 -0.4122908003345161 -0.4122908003345161 3.3080396325518566 0.6940403744400383 4.993946882998677 0.6080997432629388 0.0 5.221617505929779 0.0
276544 17.415418123603935 -0.4142413740726705 -0.4142413740726705 9.210719159783483 0.6895326748968301 11.088775723577337 0.6286152158003196 0.0 3.4176302096707416 0.0
276645 16.314814097940335 -0.4100543482526488 -0.4100543482526488 4.119598717196163 0.6603466990987813 5.059150344444139 0.6042173692870829 0.0 0.8564642981400212 0.0
276809 16.31600017051469 -0.408825178196279 -0.408825178196279 3.800426939699097 0.6831599033572275 5.207049968200344 0.6116164386074792 0.0 0.8564642981400211 0.0
277053 16.165436410824498 -0.4069431391416032 -0.4069431391416032 3.4533562003141087 0.6042239699001025 5.333875815706004 0.5767007604610245 0.0 0.9450732742566337 0.0
277508 17.030425549288474 -0.4034479825618915 -0.4034479825618915 3.1514356985296055 0.7069152051109648 5.23315195439156 0.6265792098884125 0.0 1.2040639285937929 0.0
277664 17.190063173476908 -0.4021867464568459 -0.4021867464568459 5.010300314663294 0.6151586880614506 6.783026238948614 0.5886368457633807 0.0 8.663364236304432 1.0
277687 17.49424991707294 -0.4021988045334217 -0.4021988045334217 5.525702327528844 0.6626801542618097 6.7852841757369085 0.5907153296261579 0.0 1.5111680654501671 0.0
277949 17.432343761744477 -0.4000488807853902 -0.4000488807853902 2.6539057137292854 0.6435937432375317 4.753434124218596 0.6107384236120771 0.0 2.049669851329571 0.0
277978 17.576649387981107 -0.4009938963091473 -0.4009938963091473 6.767692973409319 0.6934472629945214 14.009714910062792 0.6367605785527954 0.0 1.1769549761801137 0.0
278035 17.268792703672162 -0.3992237159637999 -0.3992237159637999 3.1155408643437705 0.6685528301667619 6.09946317343018 0.6061622516893485 0.0 2.4345433245177017 0.0
278104 17.586684548184586 -0.3992045699740681 -0.3992045699740681 5.788078548138998 0.6484101380293048 10.058701509987893 0.6364897961015078 0.0 0.0 0.0
278115 16.982582868468366 -0.39842807607221 -0.39842807607221 3.278662195904703 0.6900705475096791 4.8046293901229555 0.6160348923064406 0.0 1.8698411385211084 0.0
278172 17.035720386376266 -0.3979501531127536 -0.3979501531127536 3.419717371515345 0.6965650504317689 6.8396737217418595 0.6372557254460083 0.0 1.2040639285937929 0.0
278454 16.6590070353041 -0.3951175956325646 -0.3951175956325646 2.631371411874863 0.6598567346130614 4.849401588124305 0.6063939812079325 0.0 0.8732221529483971 0.0
278501 17.423761835413874 -0.395163081789823 -0.395163081789823 2.091746794966928 0.6725463975611716 4.152273132984871 0.6098888645946753 0.0 3.417630209670741 0.0
278558 17.311628319669094 -0.3945206480037215 -0.3945206480037215 2.181680175175685 0.6355525866662659 4.454925635832414 0.6051998087085402 0.0 2.3992661273487084 0.0
278594 16.5638986317085 -0.3936253264747167 -0.3936253264747167 3.9976858908623103 0.6245235142196618 5.497612543200214 0.5776780881072483 0.0 2.0198832868842924 0.0
278614 17.18490542100054 -0.3939439247476941 -0.3939439247476941 3.4856098281566426 0.6234595327021049 6.634104388905786 0.5830618947648588 0.0 6.973485620931781 1.0
278696 17.092684708848445 -0.3938345225675733 -0.3938345225675733 12.250594548543884 0.6749731898961913 14.70278922527772 0.5982976245424564 0.0 5.787739616237976 0.0
278932 16.236883171858768 -0.3915536116630497 -0.3915536116630497 6.870226622048571 0.6637090508314731 8.407610985564933 0.6031296942510571 0.0 1.3130744980044033 0.0
278968 16.409555531747557 -0.3904515000413451 -0.3904515000413451 3.501433927126422 0.6730935842209689 6.650171844429504 0.6187382874725152 0.0 2.4062740460594876 0.0
279066 17.380424533198344 -0.3906298199390242 -0.3906298199390242 6.0111517839674375 0.6403728026215594 9.196419708938144 0.5948691298537088 0.0 3.8266193490812963 1.0
279070 16.48128336891592 -0.3896921231381959 -0.3896921231381959 6.128405349498002 0.6893846620849089 8.728531324968078 0.6356159014287122 0.0 2.95161310958049 0.0
279095 17.088548318175988 -0.3898984503446396 -0.3898984503446396 3.114285453549641 0.6536319474719209 5.573028224225575 0.593856972605453 0.0 5.7877396162379755 0.0
279098 16.41120059892969 -0.3895851636680085 -0.3895851636680085 3.472124784826469 0.6740608036474003 5.896060615244732 0.6195809835775757 0.0 2.4062740460594876 0.0
279228 16.48534054337718 -0.3891815439259234 -0.3891815439259234 12.59663108695467 0.7850246412865292 14.582356058295847 0.6434125818806234 0.0 4.044354359949075 0.0
279262 17.095238358549338 -0.388446764787581 -0.388446764787581 2.4824538109147203 0.6544565153512849 4.930972516083263 0.5901617900360079 0.0 5.828300080170271 0.0
279372 16.941258749910624 -0.388711910529493 -0.388711910529493 11.39040831781972 0.690340786788983 16.04642900241793 0.6045491840169774 0.0 1.8698411385211087 0.0
279394 16.433351749569194 -0.3871243736058001 -0.3871243736058001 3.3480392093742104 0.694025622952891 5.395762674973498 0.6173734048571375 0.0 1.9430783063806523 0.0
279407 17.24611103191347 -0.3871622570534006 -0.3871622570534006 2.6887725274248298 0.6101191503677771 4.8278085224652765 0.5620098532160629 0.0 3.7468951101110317 0.0
279468 16.58163574512423 -0.3869422999891891 -0.3869422999891891 10.870559575541325 0.8497037890441809 14.076108758461254 0.5741549805106518 0.0 1.13957797057834 0.0
279503 17.061092277889443 -0.3862838397925051 -0.3862838397925051 2.9831251554221567 0.6448460137312922 4.905645794342451 0.5668276305556228 0.0 3.7850119067766737 0.0
279520 17.100711343145854 -0.3865206922021295 -0.3865206922021295 7.1647197916748 0.6631620571179756 8.006720334775324 0.592234402439071 0.0 5.828300080170271 0.0
279541 16.1434172956195 -0.3854080002567428 -0.3854080002567428 5.096283026548994 0.5548715079123336 6.221680053820365 0.5079113307472022 0.0 1.5508418343507353 0.0
279553 16.56039915532861 -0.3871450543212461 -0.3871450543212461 5.633464214895299 0.6156155612315625 8.92814035363387 0.5831148022823263 0.0 2.0198832868842924 0.0
279651 17.224942903161427 -0.3853551731594261 -0.3853551731594261 3.7830173663424005 0.6099677954577428 5.065493709856734 0.5579823280003893 0.0 4.298490924943485 1.0
279707 16.51500980671034 -0.3848887852385491 -0.3848887852385491 5.856448735027621 0.6621961563422855 8.436898753691365 0.5768512809962386 0.0 2.294395944331066 0.0
279855 17.276937823481333 -0.3838278583509611 -0.3838278583509611 6.354162473340178 0.6351579516247496 6.729576126497916 0.5663236635968306 0.0 2.4345433245177017 0.0
279874 17.511735303372465 -0.3839563657526348 -0.3839563657526348 4.434661245453859 0.6405743962695686 5.52494058288699 0.5488884669839262 0.0 1.5111680654501671 0.0
280055 17.36489282080195 -0.3827517540875346 -0.3827517540875346 2.998042912178616 0.6362111263281468 5.924960042965513 0.5697792880347395 0.0 1.9492687133752864 0.0
280237 16.456415567107413 -0.3804894867470209 -0.3804894867470209 7.084547326960462 0.6985099654576075 8.049118454394913 0.5989142565725165 0.0 2.395867002135952 0.0
280356 16.919856668892056 -0.3800602561581087 -0.3800602561581087 5.477675203428541 0.6329729465007149 9.338785481913826 0.5687720751736114 0.0 4.145826118449725 0.0
280447 17.056995078340574 -0.3789395118115147 -0.3789395118115147 2.1774516941008937 0.6639290636874926 4.210157613880599 0.5838632331317578 0.0 3.785011906776674 0.0
280544 17.22335274531117 -0.3785294788885393 -0.3785294788885393 3.4105692252485436 0.6339016629662985 6.250235305843434 0.5527757595948936 0.0 4.298490924943485 1.0
280650 17.033026711522623 -0.3771710420842539 -0.3771710420842539 2.8249866587491943 0.6450979666969638 4.43780221888073 0.5872425929734244 0.0 1.2040639285937929 0.0
280657 17.08479171088334 -0.3778571752414252 -0.3778571752414252 8.075042751673731 0.7075068443191076 11.305437093629854 0.584297540886486 0.0 3.785011906776674 0.0
280808 17.094216023011864 -0.3764915013645051 -0.3764915013645051 7.748695947397988 0.6830488008844424 15.54919233308315 0.5756095831507834 0.0 15.171596902865005 0.0
280934 17.260380076983388 -0.3748467555864188 -0.3748467555864188 2.7891419122350434 0.6120303721663787 4.372764471660093 0.5713328814254892 0.0 2.434543324517702 0.0
280979 17.040322467078393 -0.3743263829806527 -0.3743263829806527 2.3588734900220687 0.6590218818190028 3.448913462463786 0.5858823199689626 0.0 1.2040639285937929 0.0
281093 17.20042913857181 -0.3738812675474933 -0.3738812675474933 4.398792935844803 0.6311128251008687 7.0746183795597535 0.5578614866639492 0.0 2.9010673557244653 1.0
281168 17.360223570651712 -0.3729338561270904 -0.3729338561270904 3.492819877677471 0.6314403832775911 5.684034350604224 0.5675445666891319 0.0 1.9492687133752864 0.0
281284 17.51722400891523 -0.3720837077436028 -0.3720837077436028 3.77991983656701 0.6301182984351505 4.66217078112855 0.550159354739846 0.0 1.5111680654501671 0.0
281375 17.431487841551778 -0.371212560328245 -0.371212560328245 3.1341885431396497 0.6716636931263413 4.557215477257442 0.5734161551632964 0.0 1.9086841119495088 0.0
281412 16.528864717950093 -0.370452148104632 -0.370452148104632 4.925052513818474 0.6451654305172914 5.756159696508233 0.5757153338056775 0.0 2.2943959443310655 0.0
281471 17.00597573112246 -0.3702488928930294 -0.3702488928930294 4.1945224059503055 0.6549189104346379 5.241432128949314 0.6139181538234648 0.0 1.9673411115835835 0.0
281477 17.48184561665686 -0.3705184265445556 -0.3705184265445556 3.780379638817865 0.602216949301834 4.748544331365481 0.5416524594306773 0.0 1.5111680654501671 0.0
281498 16.19750170351292 -0.36949850785096 -0.36949850785096 4.098458758263754 0.6267231846997545 5.499749445511945 0.5572503913173913 0.0 2.1478609617399966 0.0
281777 16.25166344470322 -0.3668774951803191 -0.3668774951803191 2.659231488218186 0.6271058942035813 4.50168164040865 0.5953703928507905 0.0 4.028566335055776 0.0
281875 16.897664910088356 -0.3665445287875268 -0.3665445287875268 6.073384879093949 0.6309212569012331 8.251397323349554 0.571825710637236 0.0 2.7633394780871114 0.0
281902 17.359834556164834 -0.3665399885583051 -0.3665399885583051 2.593690289079083 0.6214319209547069 4.8280402906118844 0.5749069908903477 0.0 2.546932337743423 1.0
281982 16.852932248819055 -0.367150602550948 -0.367150602550948 13.821783133183631 0.6804463191851091 20.92092387025538 0.585955919231519 0.0 1.1407093694427555 0.0
282055 16.106161249518955 -0.3651519229433081 -0.3651519229433081 6.081376631069257 0.5434914487508158 8.74755948980464 0.5031862606662857 0.0 1.5508418343507353 0.0
282082 16.24074633916719 -0.3643126171719155 -0.3643126171719155 2.9142798438329853 0.6539114683614182 5.470828901137805 0.5778776919855109 0.0 1.454197989996492 0.0
282095 16.271610460554097 -0.3652607340799277 -0.3652607340799277 17.955901223444247 0.6639863213090628 19.510995827983496 0.6028239276856397 0.0 4.028566335055776 0.0
282188 16.422620052574587 -0.3635652417217603 -0.3635652417217603 3.3686891074366243 0.6666751052361892 4.664055828720966 0.5997132128779088 0.0 1.1573859534270232 0.0
282269 16.279298778584717 -0.3637493928340649 -0.3637493928340649 9.947775472379904 0.6932092602891594 14.058141576695833 0.5865765685761203 0.0 1.9059556733947154 0.0
282546 17.275785018101097 -0.3615717907835138 -0.3615717907835138 5.227572651302285 0.6342150882500754 7.790691820523131 0.5678404187282777 0.0 1.8301731867928843 0.0
282812 17.422904707950465 -0.3594698408839696 -0.3594698408839696 4.317887414234758 0.6574334114545103 5.093197728981341 0.5846094493077885 0.0 1.908684111949509 0.0
282878 17.531496205310546 -0.3588241306991614 -0.3588241306991614 3.4896229579952096 0.6158894751882604 4.84086891504683 0.5425213968403371 0.0 1.1257768972783124 0.0
282991 16.32860252001824 -0.3570888691268412 -0.3570888691268412 3.356338697944181 0.6744222813732608 4.668687328850694 0.623200571103202 0.0 1.4199388903374155 0.0
283141 16.981527919852237 -0.3560873321039495 -0.3560873321039495 2.349089912753315 0.6405812373436586 4.162275473632008 0.6074012842011177 0.0 1.575012341266404 0.0
283197 17.100242839804853 -0.3558753057268953 -0.3558753057268953 4.944712633134787 0.6683118549569348 8.083696974268094 0.61646558190288 0.0 2.8511957415627864 0.0
283221 16.22057514305498 -0.3549276165777924 -0.3549276165777924 3.514370194989459 0.6462592728090276 5.627397039857414 0.591182677217786 0.0 2.1478609617399966 0.0
283283 16.67495260686068 -0.3547790096672009 -0.3547790096672009 4.631822853995498 0.6406893658448422 5.197085483017154 0.5896069242170189 0.0 0.8732221529483971 0.0
283335 16.925540362115832 -0.3547046369724277 -0.3547046369724277 5.395618206162111 0.6682207206182206 6.551827984460568 0.5862531747555525 0.0 2.1114121488784585 0.0
283373 16.2762429299687 -0.3542133382626336 -0.3542133382626336 6.750962145945975 0.6785203164348776 9.834190281569827 0.6104592202514626 0.0 7.135272463903588 0.0
283491 17.102969255952026 -0.3532475282282525 -0.3532475282282525 3.6180064548341853 0.6969211974450787 4.066134183616341 0.6283150374224371 0.0 2.851195741562787 0.0
283524 17.53138246194069 -0.353129861707002 -0.353129861707002 5.237255242039159 0.628769186888177 5.54297085709232 0.5553835246484758 0.0 1.1257768972783122 0.0
283641 17.367217408080958 -0.3523962955037684 -0.3523962955037684 6.415701023711344 0.6697218127326922 7.412201561103239 0.6038471840529165 0.0 7.1808568001102415 1.0
283748 17.367941554190335 -0.3521659661874979 -0.3521659661874979 5.385419377630685 0.6865965528694997 11.135052096850176 0.6105451547298218 0.0 7.180856800110241 1.0
283822 16.85154995175976 -0.3502023971477649 -0.3502023971477649 3.0497069935395325 0.66111820670862 5.629454625958972 0.593654922285643 0.0 1.1407093694427555 0.0
284008 16.49551502817684 -0.3493135726091867 -0.3493135726091867 6.639474070582461 0.715003744233244 10.625468623305233 0.6364263688853858 0.0 3.217402183332025 0.0
284012 16.13177856803174 -0.3481959878856639 -0.3481959878856639 2.308220175300528 0.5507560007372883 3.7734898156196004 0.4966619487112308 0.0 1.5508418343507353 0.0
284087 17.13848584989947 -0.3485314066647274 -0.3485314066647274 5.6275672606850895 0.6528964256690273 9.834258524412995 0.5765823398141157 0.0 2.171805308788266 0.0
284147 16.76862790841326 -0.3474880215329523 -0.3474880215329523 3.2409032247636795 0.6802577082086847 6.6587155908739835 0.6024487980643457 0.0 1.2041404520023113 0.0
284245 17.032647326311263 -0.3471460217507243 -0.3471460217507243 8.851158692497926 0.7001530663591337 11.854180370745937 0.6063865517512329 0.0 1.967341111583584 0.0
284273 17.612466000423836 -0.3467981653736707 -0.3467981653736707 3.3241609097896205 0.6582810685971403 6.5850022468854625 0.6238693767182655 0.0 0.0 0.0
284342 17.368278913703236 -0.346264673653989 -0.346264673653989 3.434651995842474 0.6922945057284294 5.4527945066098695 0.6010569530879125 0.0 7.1808568001102415 1.0
284535 16.608675332410183 -0.3441435493603847 -0.3441435493603847 2.7424596871854763 0.6461770021539424 4.703477659057857 0.5768465297492331 0.0 0.7206200592633585 0.0
284598 16.097819091202556 -0.3443765764265384 -0.3443765764265384 7.759680276806298 0.5348455519220038 9.167915188387166 0.47976874190917046 0.0 3.140159570239459 0.0
284649 17.61118897342304 -0.3438452822765513 -0.3438452822765513 2.889052911155297 0.658741227510859 5.639561777312407 0.6207126688094409 0.0 0.0 0.0
284676 16.10266784469823 -0.3426613728158336 -0.3426613728158336 2.4163021602294665 0.5259589777319332 4.317589489158301 0.49136645859348627 0.0 3.140159570239459 0.0
284710 17.224816071112173 -0.3435265105081293 -0.3435265105081293 10.157996649438576 0.6170891204316142 13.190963029748573 0.5698591064092299 0.0 2.1905128621730015 0.0
284820 17.18742721908168 -0.3420950756752265 -0.3420950756752265 3.258456957907565 0.5924272863226163 4.340432557688039 0.5563663632261856 0.0 2.9010673557244653 0.0
285008 16.987026644270923 -0.3406391181019351 -0.3406391181019351 4.690701826256306 0.6648693709486113 6.897868128153637 0.6031577510728049 0.0 1.575012341266404 0.0
285168 17.400480859502366 -0.3400738875913963 -0.3400738875913963 6.292765662066672 0.6680006489661848 11.48596967242854 0.5786322003107868 0.0 4.293490592343086 1.0
285246 16.20957361964552 -0.3384840905126426 -0.3384840905126426 4.825116664202499 0.693076268823343 7.944755833178716 0.6208891860050996 0.0 2.1478609617399966 0.0
285376 16.50079663392343 -0.3370649511177583 -0.3370649511177583 3.48422617232139 0.6611610054323297 6.65722969953406 0.6065156723609102 0.0 3.7243084145878953 0.0
285418 16.51336567759608 -0.3368597078764351 -0.3368597078764351 4.438489540195507 0.7422882247751931 7.172599651139329 0.5956608755945398 0.0 1.0595640715388572 0.0
285495 16.19487306793657 -0.3360113920538927 -0.3360113920538927 3.3214242430184995 0.6504549949515614 4.709730892413437 0.576720525133527 0.0 4.533945704646877 0.0
285673 16.19020768289326 -0.3345067236879212 -0.3345067236879212 3.311154725202356 0.6195949228560392 5.169722420588223 0.5577963469387441 0.0 4.533945704646877 0.0
285728 16.18414157400063 -0.3343567411155905 -0.3343567411155905 4.366589395673953 0.6357940809635703 6.376767065323064 0.5700043477811046 0.0 1.3274288628780593 0.0
285809 17.193264083328984 -0.334070515882015 -0.334070515882015 2.8451315597721645 0.6144944706268625 5.606194117245176 0.5762963894252333 0.0 2.1905128621730015 0.0
285832 16.283211937974766 -0.3343528055628353 -0.3343528055628353 5.4618890886827876 0.7043869616140347 10.619127189293861 0.6208805462036343 0.0 3.0683688810271157 0.0
286318 16.892488489897126 -0.3296669783978906 -0.3296669783978906 3.531843066802196 0.6619919926691661 6.337163039470922 0.5915623906979796 0.0 1.2700886756925982 0.0
286459 16.212683667846758 -0.3281606330507376 -0.3281606330507376 3.25286516509039 0.6607063323494999 5.187481011021696 0.589271967741137 0.0 2.1478609617399966 0.0
286662 17.24436921187351 -0.3273647421306042 -0.3273647421306042 2.294347177844948 0.6142648565298939 4.46541842362979 0.5568899274693744 0.0 2.8096172331525553 0.0
286911 16.75334620053915 -0.3259944232091569 -0.3259944232091569 4.740354675144987 0.6721178740248206 9.820781206687709 0.5897985578462397 0.0 5.636658698497328 0.0
287272 17.380051494087386 -0.3226155523030544 -0.3226155523030544 3.9015862676090007 0.6567983794282856 5.526665452938084 0.567807662163557 0.0 5.458153145105042 1.0
287383 16.72895797213963 -0.3212166988151081 -0.3212166988151081 3.490815211969389 0.6264228775229862 6.542198017968984 0.5766626732289318 0.0 1.1327897590573868 0.0
287480 17.193673274121227 -0.3203301725082542 -0.3203301725082542 2.46265089666808 0.6167924728664342 4.53720448671918 0.5530407220904997 0.0 2.1905128621730015 0.0
287493 16.745197851294613 -0.3206022676033221 -0.3206022676033221 4.098028442071549 0.6664585934390563 7.294630730731984 0.5709977446854932 0.0 11.04900109136733 0.0
287532 16.353441816868568 -0.3200658975046655 -0.3200658975046655 5.549448261749703 0.6896639579760048 6.64824173080858 0.6171645817570433 0.0 1.4199388903374155 0.0
287652 17.558301149495424 -0.3204481222544881 -0.3204481222544881 6.63507678504089 0.6558324203826738 8.168167450501205 0.5561912366394066 0.0 1.1257768972783124 0.0
287730 17.422789555861364 -0.3188864921491369 -0.3188864921491369 3.4901607244753823 0.6850276280200878 4.858027741020912 0.5865328159004439 0.0 1.9745128807109817 0.0
287823 17.046691731511174 -0.317967069211848 -0.317967069211848 7.7238994596725865 0.6629236495611128 8.999179865771017 0.5939490103116729 0.0 3.026730794014644 0.0
287992 16.255665668426566 -0.3163816483394066 -0.3163816483394066 6.534478851086103 0.7208104696792741 8.99894294722115 0.5999417233944566 0.0 1.5472646534024757 0.0
288080 16.35010576512599 -0.3154110573380611 -0.3154110573380611 3.442806114280488 0.692074966372713 6.923935606643025 0.6150073353524435 0.0 4.5283635153579045 0.0
288186 17.027589042373645 -0.3148431468265202 -0.3148431468265202 3.7614655554134675 0.6461894623812339 5.545365794607275 0.5870486287867294 0.0 3.0267307940146444 0.0
288328 16.087408310377832 -0.3132301010220166 -0.3132301010220166 4.980173365582024 0.5136883309219475 5.758130498314894 0.4694311615139734 0.0 2.850461673272416 0.0
288371 17.08095455093519 -0.3139133738303356 -0.3139133738303356 3.6121941861295443 0.6768560827465067 4.897153294410389 0.5794604881627332 0.0 2.6142618900514036 0.0
288469 17.38513087523329 -0.3127714338112667 -0.3127714338112667 3.6036852177830645 0.6204612583393547 4.220453141233195 0.5620965345028945 0.0 2.9438760529109724 1.0
288578 17.378784583832836 -0.3121994193900565 -0.3121994193900565 5.300435534952835 0.6551883831680468 9.876975969034579 0.576915467896841 0.0 2.943876052910972 1.0
288791 17.482030417794984 -0.310369535439212 -0.310369535439212 3.9369534429810567 0.619485606388531 6.02331549134178 0.5497942812809131 0.0 1.1981071782567274 0.0
288811 16.95762865594165 -0.3100082490908726 -0.3100082490908726 4.239218893023762 0.642524459647096 7.923574799780324 0.5891658694340228 0.0 1.6170784155417715 0.0
288866 17.589240023068136 -0.3106154868373169 -0.3106154868373169 6.126672238801697 0.6671399367886137 10.280256921976209 0.5836064082732992 0.0 3.2018112827612475 0.0
288944 17.146309264405488 -0.3098971240735669 -0.3098971240735669 11.68628044353823 0.6379679360616348 21.360414218261827 0.5809269882343905 0.0 1.5213172121397602 0.0
288968 17.536100718415753 -0.3089049434332023 -0.3089049434332023 2.971614647941007 0.5813758875145696 5.23103282097107 0.5477783748177202 0.0 1.1257768972783126 0.0
289002 17.5767479341203 -0.308589688703934 -0.308589688703934 2.8911666366523674 0.6067101486460176 4.781921905958984 0.5626492371525151 0.0 3.201811282761248 0.0
289066 16.61730677126542 -0.3086302090544339 -0.3086302090544339 7.880209176908726 0.6240100836090231 10.68803366192172 0.5701006731980368 0.0 0.7206200592633585 0.0
289332 17.459727816332304 -0.3059720229848913 -0.3059720229848913 2.7213971130620185 0.6114378345088154 5.119007687307832 0.5496444302981226 0.0 1.1981071782567274 0.0
289406 16.304185455346495 -0.3057314722262197 -0.3057314722262197 4.0038515158584715 0.6477622539913654 6.945697348008752 0.6044736791052157 0.0 2.427781607862311 0.0
289679 17.295682758523178 -0.3034459324672485 -0.3034459324672485 11.108243089051722 0.6878840230436595 13.334193169151023 0.5922515661579282 0.0 1.3768712566326236 0.0
289696 16.211902920121673 -0.3021807443090349 -0.3021807443090349 4.920205340552319 0.649151264838706 5.982323818091861 0.592727785319168 0.0 1.4265666225637026 0.0
289786 16.78905576697255 -0.301941598058087 -0.301941598058087 5.737239303859844 0.6808185632282554 7.060785168969341 0.6090052485357302 0.0 4.687570096946061 0.0
289892 17.576479732045048 -0.3013928531570037 -0.3013928531570037 2.598791505985937 0.6037082663238535 3.982992253903622 0.5618883552032075 0.0 3.2018112827612475 0.0
289893 16.80608416211861 -0.3009796530316524 -0.3009796530316524 3.4797032169403233 0.6769735829474995 5.447540322726253 0.5936274963882943 0.0 2.572221426315406 0.0
290054 16.457536947125607 -0.2999885431856288 -0.2999885431856288 3.270752258085149 0.6695050740422734 5.954712892506141 0.6050798815686784 0.0 0.9591221815427968 0.0
290124 16.298446939031706 -0.2988252698535629 -0.2988252698535629 2.566686596037477 0.6667935231563533 4.030986286662993 0.6041370873762993 0.0 2.427781607862311 0.0
290164 16.093941840843833 -0.2996056901467022 -0.2996056901467022 14.921752954346625 0.5637210181877008 20.086062816151053 0.4965417898032224 0.0 2.850461673272416 0.0
290172 16.795805603183133 -0.2987726616539654 -0.2987726616539654 3.892287729567066 0.6841132298725273 6.69312672264128 0.6094391571342059 0.0 2.572221426315405 0.0
290269 16.411445716389643 -0.2978184117702502 -0.2978184117702502 5.5769135596833035 0.6772628343534717 7.395132609666008 0.6125484040770083 0.0 1.3739838472306591 0.0
290316 16.75769530390206 -0.2985543933003317 -0.2985543933003317 13.96240021549315 0.7155674517844225 17.174810250593016 0.593839821762604 0.0 9.19162466089775 0.0
290564 17.27256917388426 -0.2959213792875339 -0.2959213792875339 3.3329617901167556 0.6233423018107764 6.5790118128561215 0.5826784472423031 0.0 3.5837619976946824 0.0
290703 16.881156366601637 -0.2947493538460306 -0.2947493538460306 3.785928425767836 0.631584855375411 5.1299497190293835 0.5706500795895723 0.0 1.4852311684614683 0.0
290705 16.297616644133292 -0.2944387390077039 -0.2944387390077039 2.6156626819380606 0.6604504920495698 4.990077385030966 0.6091239009507856 0.0 2.427781607862311 0.0
290819 17.070374313448056 -0.2941892284532274 -0.2941892284532274 4.583778038260002 0.7644481272157176 6.921644964794043 0.5982363089916702 0.0 6.557643475997752 1.0
290893 16.764598029291633 -0.2933346370254244 -0.2933346370254244 4.55414197411325 0.6762896275595177 6.925938469709967 0.585613056886636 0.0 6.221127954482156 0.0
291045 17.227740406710907 -0.2922597969704866 -0.2922597969704866 4.198035753532729 0.6516474739239368 5.991693302938674 0.560669473644185 0.0 1.4349721120044467 0.0
291060 16.334822869763666 -0.2917276059138521 -0.2917276059138521 3.495178504849457 0.6424455312081135 6.509077062217807 0.598886933683233 0.0 8.444330583791592 0.0
291307 16.756169142316615 -0.2899842409010331 -0.2899842409010331 3.0000128126647065 0.6865807455963922 4.822465751645623 0.5922979584152743 0.0 6.221127954482155 0.0
291329 17.59546359207966 -0.2904785712747588 -0.2904785712747588 6.989076104408658 0.6787818943257549 9.59884904270107 0.6053893435484333 0.0 0.9912101254865618 0.0
291335 16.188620295967894 -0.2894688933955179 -0.2894688933955179 2.9820574768267805 0.625266163980615 4.651278965838763 0.5785596697569065 0.0 1.4265666225637026 0.0
291367 17.474541304851208 -0.2900260142604212 -0.2900260142604212 6.412614258278762 0.6622030909858292 7.821559474848946 0.5599897362982066 0.0 1.1981071782567276 0.0
291386 16.32768260526412 -0.2896154557356942 -0.2896154557356942 8.581911705181561 0.7294525067944044 11.940460054883491 0.618842583138489 0.0 9.492961497455196 0.0
291461 16.106612470941826 -0.2896948637769646 -0.2896948637769646 3.2513412895264393 0.49419872679119287 6.100411362669971 0.48268330360882167 0.0 1.690776903147933 0.0
291718 17.226352855240876 -0.2879562618997247 -0.2879562618997247 15.789343662314607 0.6691791186631924 20.37967700508127 0.5720349457695909 0.0 1.4349721120044467 0.0
291747 17.127315670496323 -0.286693484921079 -0.286693484921079 5.6055998250892465 0.647736825131394 6.348284949026259 0.5780322298352661 0.0 1.52131721213976 0.0
291798 16.97763867510427 -0.2861135294150504 -0.2861135294150504 2.6382902060914533 0.6319655247027676 5.380558684555978 0.5941182010586972 0.0 2.5742987692891828 0.0
291800 16.648629310414986 -0.2859691359858561 -0.2859691359858561 3.5864670591634504 0.6488781608035367 4.2352345410634 0.5815039621593643 0.0 0.7887115864480008 0.0
291831 17.0492945995367 -0.2863957861928938 -0.2863957861928938 5.860448023157433 0.6846576572397207 11.730758811033711 0.6066706351189343 0.0 6.358265499018167 1.0
291957 17.277586081342182 -0.2848658008933817 -0.2848658008933817 4.1442636121183245 0.6536991808445535 4.686691464759489 0.5858671262793516 0.0 3.583761997694682 0.0
292064 17.17898728270917 -0.2841053006204806 -0.2841053006204806 2.495424715239668 0.6061378260666394 4.623815341786221 0.5717275954551717 0.0 2.8009062902226205 0.0
292079 16.7390960720498 -0.2840382561050351 -0.2840382561050351 4.913193710317002 0.6452220369461008 10.049067680693863 0.6085322998805592 0.0 1.505457650847065 0.0
292122 16.49582524016116 -0.2832104965075917 -0.2832104965075917 2.5489676637090914 0.6689557034673616 3.463459488865101 0.5966751702601477 0.0 0.9591221815427968 0.0
292258 17.119076220440377 -0.2823731348073961 -0.2823731348073961 2.8919286388143837 0.6238818989303527 5.74794892363438 0.5882424922619263 0.0 2.3387578684521886 0.0
292787 16.363417209942043 -0.2777423056002067 -0.2777423056002067 3.459855236665175 0.7045243714128117 4.248065225659648 0.6185131504701014 0.0 2.0224995881121486 0.0
292792 17.543827851326334 -0.2785904854487766 -0.2785904854487766 7.113110562108581 0.6313135115542055 9.734176789624739 0.5600312871764902 0.0 4.910869007984059 0.0
292815 17.131404467770174 -0.277960438915066 -0.277960438915066 3.052179187103358 0.6421644041752427 4.8420846677358735 0.5808483158246251 0.0 2.738185230336886 0.0
293022 17.52552171095099 -0.2771374377673019 -0.2771374377673019 5.544530527958915 0.6208948389417357 9.180144434642967 0.5612749808032079 0.0 1.994102104676465 0.0
293025 17.095638520208297 -0.2761891362619429 -0.2761891362619429 5.830374561013998 0.7042141403147895 7.555523892724006 0.6017621720540097 0.0 2.3387578684521886 0.0
293062 17.05209129955598 -0.2758119762268424 -0.2758119762268424 3.6433937195652932 0.6606551277466978 7.039641347234487 0.6081176409142602 0.0 6.06755172311599 1.0
293162 17.357898820116603 -0.2750346738175621 -0.2750346738175621 9.521479942480045 0.6206640482005189 9.918294306611134 0.5921634170061681 0.0 2.8874493605902867 1.0
293181 16.794000850475825 -0.2746334488710426 -0.2746334488710426 5.444869323596672 0.6734899822615513 7.764894223164461 0.5987800113115976 0.0 4.039663563923169 0.0
293243 16.350427665861773 -0.2738771141536427 -0.2738771141536427 3.9701522985815085 0.6830320192158224 7.056707852230171 0.6173495713660613 0.0 2.0224995881121486 0.0
293331 17.434693263668393 -0.2736035156361299 -0.2736035156361299 4.664857231467906 0.6571538999779025 6.400122083936643 0.5705619304378122 0.0 3.8688634718428783 1.0
293341 17.368334555266514 -0.2734403239923664 -0.2734403239923664 5.34951107514033 0.642177184032889 6.398062695193945 0.5821317705644943 0.0 6.9336196741446 1.0
293427 17.447247428296727 -0.2733756087327549 -0.2733756087327549 6.618336558091598 0.6329763053784739 9.983097968003698 0.5655060628316446 0.0 6.547152309960192 1.0
293652 16.849829402543627 -0.2726386291036466 -0.2726386291036466 30.137846948283247 0.7078671380121597 40.3841831856424 0.6300632516762972 0.0 1.4852311684614679 0.0
293691 17.085146896647338 -0.2715991329818322 -0.2715991329818322 5.502690068252082 0.6733883718222734 7.787987858812699 0.5809769085179683 0.0 3.6148126133083878 0.0
293735 16.31810555839608 -0.269986669856069 -0.269986669856069 4.960877431280082 0.6965726055204734 8.7355380623203 0.6146179648661412 0.0 4.746032482574002 0.0
293787 16.753889129446108 -0.2696758535836173 -0.2696758535836173 3.8499926180126365 0.7121243187532273 4.957829680152179 0.599903906558535 0.0 1.5054576508470652 0.0
293798 17.160500711946973 -0.269830486729339 -0.269830486729339 5.442794226124037 0.6762062681040392 6.9075374952301445 0.6079658070262154 0.0 2.80090629022262 0.0
293879 17.182854348411418 -0.2691349228481428 -0.2691349228481428 4.928551569031855 0.6311749952978668 5.575596987850486 0.5938949310774643 0.0 2.80090629022262 0.0
293912 17.154890187224932 -0.269041440297692 -0.269041440297692 5.458303249174509 0.6638587231791088 7.441889773082978 0.5931477878288471 0.0 2.7381852303368865 0.0
293947 17.10252323728001 -0.2686515454416595 -0.2686515454416595 2.624324372617148 0.7104828428454886 5.257685642790726 0.6412438243247421 0.0 2.3387578684521886 0.0
293976 17.26540279244226 -0.2686320637534227 -0.2686320637534227 3.7733221699935533 0.6527344736478133 5.330002068655604 0.5897941800034704 0.0 3.0701865211144566 0.0
293990 16.339722738046344 -0.267991556190415 -0.267991556190415 2.3729455505635695 0.6727835663934632 3.660878952345849 0.6270404156241554 0.0 2.0224995881121486 0.0
294076 17.48410324253836 -0.2678433862564942 -0.2678433862564942 2.964463699297563 0.6222253694544455 4.296799113847026 0.5706830292944152 0.0 1.1981071782567274 0.0
294144 17.023075679523327 -0.2681526484448933 -0.2681526484448933 7.6297002579654185 0.7138788599946706 12.590046167629277 0.6250629826732994 0.0 5.223873359718908 1.0
294290 16.658421285814697 -0.2661632819215022 -0.2661632819215022 5.68461776253327 0.672838733306203 7.050799052092467 0.6187804177711653 0.0 0.7887115864480008 0.0
294356 17.554484484417728 -0.265633728691808 -0.265633728691808 5.378793641359473 0.6217778103235362 6.575309960514457 0.575401635619243 0.0 4.098289859413687 0.0
294361 16.99371519387452 -0.2651320426405245 -0.2651320426405245 5.553823271797184 0.7199451697649212 7.353534605192545 0.6263568927317823 0.0 2.7047087888901795 0.0
294390 16.956269211209786 -0.2661952610517297 -0.2661952610517297 12.836199905577649 0.6907548354036692 15.795315941172463 0.610857655447499 0.0 1.681255236196562 0.0
294466 17.193896829855007 -0.2645462550220589 -0.2645462550220589 3.6576527397450582 0.6693007226436912 5.747015284283792 0.5807725276406841 0.0 2.8009062902226196 0.0
294467 17.040731531195373 -0.2644187221289654 -0.2644187221289654 2.7283168085991787 0.6613131762372055 4.688711452917263 0.6187808040514098 0.0 5.6999365728039955 1.0
294518 17.38793838804337 -0.2644890542925171 -0.2644890542925171 6.72455911868433 0.6681733257717535 8.659195308708505 0.5993068460608552 0.0 3.6311367799126417 1.0
294532 15.911228250868746 -0.2633565666333142 -0.2633565666333142 3.336758152358203 0.4729830312141304 4.19188745964353 0.4222771852779932 0.0 3.576350961923781 0.0
294533 16.056132390357995 -0.2636465960589776 -0.2636465960589776 5.226649827798539 0.4691867837791381 6.220865002504792 0.42272505146929795 0.0 2.409484622605211 0.0
294829 16.14768859996 -0.2611435301127847 -0.2611435301127847 4.03988695605325 0.6112783773404621 6.637100636001108 0.5281571925500366 0.0 1.2696274098113132 0.0
294953 17.577486869164378 -0.2605749442655736 -0.2605749442655736 4.7508531283859465 0.6827969887866241 6.091013679365321 0.6109597106880557 0.0 2.073336052665732 0.0
295037 17.18166495537265 -0.2597629773364419 -0.2597629773364419 2.6409614627411977 0.6285366582642404 5.159137054292286 0.594367055668114 0.0 2.80090629022262 0.0
295070 17.460733855461356 -0.2595782812476608 -0.2595782812476608 3.7984650223380547 0.6480998633889423 5.013861560996015 0.604280371594936 0.0 4.623975299008113 1.0
295126 16.765376140458905 -0.2587219124302568 -0.2587219124302568 2.5083233851589215 0.6813728924615539 4.1675345503987185 0.6224282938866861 0.0 1.6661600745537652 0.0
295206 17.033647659134438 -0.258202647096279 -0.258202647096279 3.605198200244125 0.6879141849755239 6.622678219277985 0.6504323626290948 0.0 5.699936572803996 1.0
295214 17.306495668047454 -0.2582649648622314 -0.2582649648622314 2.325471966053416 0.6817090308713114 4.760294590118289 0.6337582153536039 0.0 2.9924290746404982 0.0
295461 17.449817507046326 -0.2567539441948602 -0.2567539441948602 6.648005713579285 0.7568115737892179 9.529233102024426 0.6012825793786359 0.0 4.623975299008113 1.0
295740 16.78850167540498 -0.2539802544062832 -0.2539802544062832 2.931609663195232 0.695375055130732 5.887629147591276 0.6549785205768377 0.0 1.6661600745537655 0.0
296009 16.20812502212451 -0.2509028643255039 -0.2509028643255039 2.2175563391497097 0.6074879006258919 4.107388656192499 0.5792862242684998 0.0 2.710278874019262 0.0
296010 17.58306936769549 -0.2513463092730313 -0.2513463092730313 2.3036798373084664 0.6712565865203339 4.296929290289371 0.626809638930174 0.0 2.073336052665732 0.0
296164 16.81376245561352 -0.2498030412173754 -0.2498030412173754 3.044552469958959 0.6626822947179202 5.397586175246982 0.6150145459170047 0.0 2.9919634468871985 0.0
296277 16.135973947160622 -0.2486488569486517 -0.2486488569486517 2.764071320048251 0.5905719678999273 3.268978201682942 0.5212975507148636 0.0 1.2696274098113132 0.0
296307 17.350832966169143 -0.248986639188173 -0.248986639188173 3.3459966882021814 0.6937090223378942 6.543160499577815 0.6332740388193305 0.0 4.908546509778402 1.0
296339 16.285597730284827 -0.2494059037162936 -0.2494059037162936 4.5803759393879515 0.6883313488165611 8.708384235023724 0.6257333076573239 0.0 2.473359936393407 1.0
296442 16.31985011093251 -0.2475790842168113 -0.2475790842168113 8.811200318901635 0.6795556282242838 9.651435046245163 0.6208484076873045 0.0 4.310519932554214 0.0
296484 16.317285003753128 -0.246929308475724 -0.246929308475724 3.68502301273855 0.6666834766016834 6.356142275476532 0.6192626242761926 0.0 4.310519932554214 0.0
296951 17.263895861848034 -0.2438399185260185 -0.2438399185260185 7.058696937968399 0.6825298909192482 10.380559866584395 0.5956312221477822 0.0 2.4285424133804776 0.0
297119 16.479470050754518 -0.2416582707204669 -0.2416582707204669 2.9700919312177883 0.6629942668241727 5.504483953706831 0.6255422663244777 0.0 1.3534447987554483 0.0
297147 16.230392553847164 -0.2413225484636249 -0.2413225484636249 3.202508513596508 0.6509761921803865 4.593363711283569 0.6114364062615968 0.0 3.4746401985612034 1.0
297222 16.222394790370448 -0.2417370587270228 -0.2417370587270228 9.966173614137935 0.681085882916163 13.85361005011624 0.6062660966950372 0.0 2.710278874019262 1.0
297231 17.417082905914814 -0.2417825804313515 -0.2417825804313515 7.544429666586181 0.7695687660302319 10.243421366635307 0.6189381874989651 0.0 2.5623857237845358 0.0
297302 17.211772013719226 -0.2403808964260987 -0.2403808964260987 4.391367084427465 0.6519869047191638 5.565486746255096 0.5950832578691587 0.0 2.140203767171971 0.0
297373 16.847769852289613 -0.2395780846845758 -0.2395780846845758 3.0684431305113673 0.6880719455077339 5.0324950761829355 0.6272107394598964 0.0 2.9919634468871985 0.0
297491 17.469701862127938 -0.2390147874362531 -0.2390147874362531 2.9013379105263644 0.661832992772059 4.29672314539897 0.6083079998186748 0.0 1.4135612305471268 0.0
297508 17.33420133989503 -0.2389630300977115 -0.2389630300977115 8.382699901367038 0.6655293730368649 9.234501790627556 0.6075931109704606 0.0 3.107174942060393 0.0
297509 16.828450691584326 -0.2395095269234908 -0.2395095269234908 9.5086992167954 0.6759554442310785 13.631214349836386 0.6078355790798378 0.0 2.9919634468871985 0.0
297751 17.38756885033825 -0.237000264841601 -0.237000264841601 6.059555788826144 0.6769452007863627 7.466262768900497 0.6141655791959776 0.0 4.015574097738492 1.0
297824 16.834437750286376 -0.2360644456414549 -0.2360644456414549 2.8102321697760138 0.6563094016028647 5.075226169373153 0.5886290686544612 0.0 2.9919634468871985 0.0
297897 17.026216789269395 -0.2364842713072961 -0.2364842713072961 7.932682129101306 0.7109962730322822 10.399576185493462 0.6292670250846317 0.0 4.874763729032067 1.0
297918 16.26666586633734 -0.2350851887855656 -0.2350851887855656 3.0633591674554275 0.6733810336419119 5.514834461614206 0.6200079906356857 0.0 5.790204334321402 1.0
297980 17.471289731448415 -0.2352985781796656 -0.2352985781796656 2.1610328523149005 0.6793225887985368 4.421233242839768 0.6185350139319314 0.0 1.4135612305471268 0.0
298072 17.190959677444646 -0.2342273535512685 -0.2342273535512685 3.879963587131238 0.646990846603846 5.57962756468009 0.6040636297498325 0.0 2.140203767171971 0.0
298143 17.01830255614356 -0.2337563095095263 -0.2337563095095263 2.6858738804712456 0.6812274296898877 4.788776062614687 0.6305652872338676 0.0 4.874763729032067 1.0
298268 16.945887332151056 -0.2326512714790569 -0.2326512714790569 3.3973548356095757 0.6686123554911066 5.059687660264027 0.601279656524787 0.0 2.588135419851941 0.0
298352 16.202790777904795 -0.2316367150406992 -0.2316367150406992 3.9054713455465673 0.6447894049059479 5.934337124657132 0.5704303376345712 0.0 2.710278874019262 0.0
298365 17.171815931002307 -0.2326089479073047 -0.2326089479073047 8.125905816567952 0.6994610800097498 13.378288346644114 0.6172897108041955 0.0 2.7258933017553195 0.0
298502 17.305498629627913 -0.2308565901337626 -0.2308565901337626 5.099227692355687 0.7022719503255493 7.0622104143109015 0.6404354427813879 0.0 2.9924290746404982 0.0
298511 16.338893033735495 -0.2318422982840221 -0.2318422982840221 13.104701500782504 0.7134359257258057 26.00776857681802 0.6424981664101957 0.0 2.94391055350084 0.0
298563 16.324190781371158 -0.2300309731543073 -0.2300309731543073 3.594027233097756 0.6611420138043903 5.295199635000785 0.6076659505485364 0.0 2.932519755525106 0.0
298597 17.386246935433256 -0.2301540139963148 -0.2301540139963148 2.4567247139193804 0.7015497923323963 5.034003500537112 0.6101505565842127 0.0 4.015574097738492 0.0
298644 17.527887356091505 -0.229929089128076 -0.229929089128076 4.967815925789134 0.6410895595771353 6.239579379022862 0.5822872097348198 0.0 1.598060501828814 0.0
298760 17.029103700244544 -0.2290440774195112 -0.2290440774195112 4.573071508727422 0.7591208423327827 6.9093947306449675 0.6088174519569366 0.0 4.411494902117723 1.0
298763 17.536551639274684 -0.2290960058622301 -0.2290960058622301 3.276982700906312 0.6376764321200541 6.663388294229774 0.5742105147337809 0.0 1.598060501828814 0.0
298930 17.27843571013876 -0.2282472418975505 -0.2282472418975505 10.017763529691937 0.7042914909336571 13.936562444989065 0.6115785831435331 0.0 3.176918154990478 0.0
299036 16.93654660227461 -0.2267190905789882 -0.2267190905789882 5.9857526990608525 0.677023664760392 8.148228951888798 0.5906153345469045 0.0 2.588135419851941 0.0
299054 16.336838126453273 -0.2274081101858045 -0.2274081101858045 7.067989810566749 0.6786150900117462 10.872849573589896 0.6059110536464493 0.0 2.932519755525106 0.0
299077 17.420169857461133 -0.226642511413754 -0.226642511413754 4.718641643718071 0.6919077579755246 5.264846505960441 0.6204967252768424 0.0 2.5623857237845358 0.0
299085 16.091261492808663 -0.2259032543100778 -0.2259032543100778 2.921166576789296 0.5138490489993017 3.877646678225642 0.4579482730702939 0.0 1.611705824469298 0.0
299094 17.29396194930979 -0.2263486952061702 -0.2263486952061702 3.0149460206309393 0.6416200291603374 5.458840693754478 0.5807030744527504 0.0 2.9924290746404982 0.0
299187 17.484465926898586 -0.2256412700314034 -0.2256412700314034 4.0733576241856415 0.6538011355746635 4.537571710471472 0.5850233614656151 0.0 1.4135612305471268 0.0
299312 16.26291259099938 -0.2251243883694171 -0.2251243883694171 4.284528020564754 0.6748530384016336 5.886444168561699 0.5998808585039556 0.0 25.585315502009337 1.0
299462 16.09103888299458 -0.2232209668505786 -0.2232209668505786 3.4177156672891362 0.49820940195161295 4.325621800559264 0.4603921394161995 0.0 1.611705824469298 0.0
299476 16.904023355585572 -0.2232200093256 -0.2232200093256 3.2880028899973035 0.6351995717355202 6.677872515791994 0.585737529257373 0.0 2.6149365059527234 0.0
299548 16.11276778048247 -0.2224763559015235 -0.2224763559015235 1.9759003196064409 0.5829044249423063 3.492047832229102 0.47610215695381514 0.0 1.5808261148300655 0.0
299577 17.19437194500901 -0.2250387276548494 -0.2250387276548494 6.503081349025126 0.6443507411946203 9.539011657650002 0.5867579271508415 0.0 2.140203767171971 0.0
299590 16.640884271124552 -0.2224059077023515 -0.2224059077023515 3.432995626154712 0.6384205264373538 4.256143890689933 0.579485261602404 0.0 1.372666710168409 0.0
299609 16.633165660763268 -0.2221790129915878 -0.2221790129915878 2.7926968879517986 0.6221495904247514 3.5790577147885547 0.5709225874259515 0.0 1.433569661608091 0.0
299657 16.268751804507396 -0.2216481599665071 -0.2216481599665071 2.4969162720231752 0.6450286470331688 4.663781054707154 0.5890443714211674 0.0 4.4347279195894505 1.0
299676 17.52279235288476 -0.2219537335708094 -0.2219537335708094 3.209781655557247 0.646221512769041 6.024841684587197 0.5767336200338103 0.0 1.598060501828814 0.0
299760 17.292697348464554 -0.2211942760727342 -0.2211942760727342 2.951971267435281 0.6386437937931504 5.122863407946827 0.5896701840450349 0.0 2.992429074640498 0.0
299763 16.281991698235373 -0.2207371774841178 -0.2207371774841178 5.066970459230874 0.6340475195919968 5.511930664257364 0.562812968472086 0.0 4.43472791958945 1.0
299766 16.26231830714056 -0.2211066296505811 -0.2211066296505811 4.265455691020257 0.6790819619851395 6.3215058135667 0.5735142703453607 0.0 81.26211616073853 1.0
299768 16.171190707840534 -0.2207574862281745 -0.2207574862281745 3.976419399397861 0.5638078259100991 4.742104782172044 0.5175532075463212 0.0 2.868249800174629 0.0
299893 17.31124314075698 -0.2201792613153255 -0.2201792613153255 2.6037118149783547 0.6292824991851984 4.672129858388319 0.5673133135828491 0.0 2.992429074640498 0.0
300113 17.369454255800328 -0.2193171693148981 -0.2193171693148981 4.814126604970567 0.6634576761417943 9.326767402191603 0.591833160273259 0.0 2.488368671546481 0.0
300133 16.92194094129809 -0.2181868467782825 -0.2181868467782825 4.299777978331353 0.6067653429015805 5.864103650629858 0.5541047696515795 0.0 2.5881354198519406 0.0
300201 17.115851794776333 -0.2178324488903064 -0.2178324488903064 4.639808760263106 0.7327340156866293 6.126171619605022 0.5859225446184073 0.0 1.9864234966528198 0.0
300306 16.25772416023198 -0.217052425586979 -0.217052425586979 4.123341515243728 0.6332647936547845 6.223648537945561 0.5599602116115302 0.0 20.251497185146377 1.0
300307 16.224149443133765 -0.2170612517819385 -0.2170612517819385 5.320795851592068 0.6034091759935052 7.1457222717376245 0.5434141033610325 0.0 4.634012757766953 1.0
300385 16.998544572755236 -0.2164596483427564 -0.2164596483427564 3.331376495993952 0.6366271682884183 4.949311685723989 0.5721819511545815 0.0 2.716826071494531 0.0
300461 16.827972578824255 -0.2160504938494387 -0.2160504938494387 6.660375565844028 0.6128167163234878 8.274688090682492 0.5597152198045569 0.0 2.766490719272217 0.0
300629 17.154526230626285 -0.2145582707509619 -0.2145582707509619 3.1464176606353678 0.6347818431653663 5.693342674412349 0.5642379691694923 0.0 5.140171399247329 0.0
300680 16.176932435266504 -0.2137530108679464 -0.2137530108679464 2.4951407992600716 0.5918318122867781 4.0810963626009 0.5411769484498854 0.0 2.868249800174629 0.0
300765 16.49181958210579 -0.2131715835119521 -0.2131715835119521 2.3445023198113617 0.614184162323671 4.843332352925116 0.5813192558225255 0.0 1.3138198884937295 0.0
301077 16.25463361517057 -0.2110488629993393 -0.2110488629993393 4.779861744655797 0.6164149032577795 5.9923365883055935 0.5536193441445161 0.0 7.4001028009473435 1.0
301105 17.31203786983152 -0.2107087106590842 -0.2107087106590842 2.451158801878577 0.6309176151089102 4.404643278905528 0.5758669101735595 0.0 3.462337596331705 0.0
301111 17.080651399356473 -0.2110823139432856 -0.2110823139432856 11.395898776452794 0.6565785186061921 11.872126307097917 0.5784540993661262 0.0 1.7906599062883377 0.0
301119 17.417386997918076 -0.2106304543194296 -0.2106304543194296 3.36453942753168 0.6410026483139243 4.680900995136637 0.5849812826709975 0.0 1.315530845261659 0.0
301289 17.02524773842437 -0.208973949790891 -0.208973949790891 4.5264046705075875 0.646552047290128 5.317549037378247 0.5731597938411311 0.0 3.677078767819719 0.0
301434 17.047464079216013 -0.2078877023677504 -0.2078877023677504 4.87339847574391 0.6489358058684803 6.820093176155883 0.5892312409273746 0.0 3.012188419721351 0.0
301635 16.739029768356055 -0.2061647544626137 -0.2061647544626137 4.424523256060916 0.6628771262412216 5.116917138625422 0.5898529461046438 0.0 0.7519835667847437 0.0
301674 16.063117754739142 -0.205529335881157 -0.205529335881157 1.9086691443983168 0.46223594921614125 3.875814937306946 0.42863759852537137 0.0 5.128150346386876 0.0
301877 16.84431996697401 -0.2049661910685225 -0.2049661910685225 8.450120225134812 0.6837160194199314 12.6875252748912 0.5863052195804743 0.0 3.9202573231355466 1.0
301928 17.00322551447355 -0.2038977181551458 -0.2038977181551458 4.196847426741034 0.6602126808230673 5.071464314833532 0.6002558593651682 0.0 2.716826071494531 0.0
301962 16.79352541541867 -0.2036915902248231 -0.2036915902248231 5.104843563308095 0.6645944692216169 6.040880941653079 0.5986579338783756 0.0 1.2266138167756664 0.0
302168 16.956100729780893 -0.2037697357525763 -0.2037697357525763 19.67895511358875 0.6968231218808687 28.248110299980976 0.6034415254163108 0.0 1.814029572140576 0.0
302193 16.53582308665262 -0.2019482013133908 -0.2019482013133908 4.431845468488696 0.6627125937266994 5.903652309646976 0.581071405541744 0.0 1.0118493548162844 0.0
302214 16.147640220950226 -0.2022246936498068 -0.2022246936498068 7.426494573944504 0.5709603242153293 14.129846778454072 0.49286153052721726 0.0 1.580826114830066 0.0
302289 16.21755832326467 -0.2007453137868406 -0.2007453137868406 2.087728707865225 0.6056135121273977 3.7338865623279474 0.5485234836570504 0.0 3.6768757903948317 1.0
302392 16.441822398231636 -0.200710991646602 -0.200710991646602 5.163229255696871 0.6778038344564139 6.7488450726867875 0.5965734884238273 0.0 1.3534447987554483 0.0
302531 16.16181784134901 -0.1989135025409828 -0.1989135025409828 2.1723117204095237 0.5361302599144927 4.424489971579861 0.5079014806009713 0.0 4.317098111813474 0.0
302542 17.39502754646996 -0.1993268651616958 -0.1993268651616958 3.2747480696927607 0.6708572154509179 5.643879617883725 0.5996431673936004 0.0 3.9173146267600414 0.0
302692 16.60793323492554 -0.1979230358314017 -0.1979230358314017 2.7214201224885732 0.6087089434918936 3.4153088838466883 0.5645450490877405 0.0 1.433569661608091 0.0
302727 16.181590479430664 -0.1980738183166005 -0.1980738183166005 3.769411082519534 0.622377161379674 5.573522534178259 0.5435331678083486 0.0 2.8682498001746293 0.0
302868 16.602089316507254 -0.1967166272864784 -0.1967166272864784 2.700689788003278 0.6225371101171501 4.330864396035549 0.5644997255390704 0.0 1.433569661608091 0.0
302890 17.166838108279737 -0.1967106387963138 -0.1967106387963138 4.725318330353513 0.6741190481338151 7.25783238705462 0.5775465596840479 0.0 5.140171399247329 0.0
303093 17.127719261963275 -0.1960189708456525 -0.1960189708456525 18.421212989424433 0.6842079545483752 24.24969130071893 0.6042486193588505 0.0 1.98642349665282 0.0
303121 17.19359579942778 -0.1992527372623232 -0.1992527372623232 7.485042040499616 0.6185871570647595 8.926772277768473 0.580093266707007 0.0 2.538009372023863 0.0
303148 16.21520215772774 -0.1943632160708446 -0.1943632160708446 6.226721268529264 0.640056908372524 8.30249254267063 0.5618927716740012 0.0 3.6768757903948313 1.0
303284 16.736095233222727 -0.1935243232884707 -0.1935243232884707 3.4206007944341685 0.6672859553770362 5.952438474427423 0.6080605486941457 0.0 0.7519835667847435 0.0
303453 17.29764466733364 -0.1932420739764936 -0.1932420739764936 10.400954690925456 0.6847032498884797 13.339753029467998 0.6150569466118259 0.0 3.5855774269911067 0.0
303549 16.557722023839418 -0.1916662658753683 -0.1916662658753683 4.606352770779999 0.6486426951681178 6.78544074799595 0.5740399462538852 0.0 4.047087595837223 0.0
303565 17.237796123305934 -0.1914397323282305 -0.1914397323282305 3.4269019265400473 0.6558829173335246 6.341596764115543 0.585976443588502 0.0 1.3539685251316953 0.0
303621 16.285487603718185 -0.1907812823826645 -0.1907812823826645 3.8197009075311446 0.6294038251246902 6.451332672290697 0.5622854255423805 0.0 3.8782876625726805 1.0
303698 17.318486978729393 -0.1904223619598996 -0.1904223619598996 5.111669650266042 0.6769494632291595 6.565161605934957 0.6225580840487869 0.0 3.4623375963317056 0.0
303801 16.169055655222948 -0.1905926468524614 -0.1905926468524614 7.7151960507271085 0.5988340849706186 12.30519860884453 0.5290852952171222 0.0 4.317098111813474 0.0
303904 16.327460573084803 -0.1884431221482729 -0.1884431221482729 3.7026318551972963 0.6767866218281738 5.867753998938942 0.5985150359399833 0.0 1.406207975052648 0.0
303975 17.028195999658294 -0.1882127545161571 -0.1882127545161571 2.7494149205051177 0.6823688146540708 5.388203814392024 0.607123033665106 0.0 6.652041126079323 0.0
304018 17.522596279241267 -0.1881378321203827 -0.1881378321203827 5.165027003954065 0.6545155702786555 6.651436783469661 0.5906292921397336 0.0 0.7098971905224831 0.0
304194 16.880274617353606 -0.1866003594990007 -0.1866003594990007 5.111925754068043 0.690430345269247 7.9742045514069595 0.5875358054309004 0.0 4.726139638188493 1.0
304257 17.00355115091445 -0.1862437301021313 -0.1862437301021313 4.61163309296015 0.6782783709789479 7.058775739138245 0.6155158089140864 0.0 2.716826071494531 0.0
304280 16.87203181549911 -0.1857326895738848 -0.1857326895738848 2.164271039603266 0.6249827200433904 4.470998370519472 0.5836774065822105 0.0 10.892804020034625 1.0
304363 16.263207182805466 -0.1854591392487837 -0.1854591392487837 5.486813177648908 0.6267779906150526 6.998649287704324 0.569637433053007 0.0 3.8782876625726805 1.0
304392 17.15870059708635 -0.1858900539383354 -0.1858900539383354 5.493242941076155 0.7305022134642628 7.379284046280754 0.6181062943647382 0.0 4.564671372997805 0.0
304403 16.13954680590627 -0.1845532955551959 -0.1845532955551959 3.3445924307538966 0.5307950520648592 5.801871328063835 0.4735576517282489 0.0 1.5808261148300655 0.0
304437 17.333424367219315 -0.1844967102927147 -0.1844967102927147 2.6646397979192966 0.6514424985567953 5.265432879371361 0.6035676845441147 0.0 3.4623375963317047 0.0
304506 16.858556791984277 -0.1839044024743153 -0.1839044024743153 3.401565161512883 0.6506089708142935 4.699984784328385 0.5882330026439234 0.0 9.23594234530666 1.0
304679 16.478297545473968 -0.1833178320959278 -0.1833178320959278 2.9121829859065858 0.6345411872114025 5.551653149384439 0.5905521519749374 0.0 1.3138198884937295 0.0
304738 16.738156842792563 -0.1819859623752253 -0.1819859623752253 3.009365944981176 0.6869069336170858 5.3484980680755365 0.6068994031556451 0.0 0.9493086201151804 0.0
304759 16.562190313275362 -0.1825008459791333 -0.1825008459791333 9.497113127146438 0.6630227441665049 14.852488271172176 0.5854498148553747 0.0 2.94241977605554 0.0
304826 16.728995385232114 -0.1812511489256952 -0.1812511489256952 3.561558447159122 0.6741985414445171 5.466824720124898 0.5958996997936118 0.0 0.7519835667847435 0.0
304898 17.428709367692132 -0.1812417508257844 -0.1812417508257844 6.112162393983268 0.6820647928143252 8.93070100537365 0.6190168470327224 0.0 1.315530845261659 0.0
305040 16.333411277607926 -0.179473867169174 -0.179473867169174 6.4149641297652105 0.6875836642070743 8.280744964913861 0.5979882655707666 0.0 1.406207975052648 0.0
305388 16.942519632967848 -0.1766527259318015 -0.1766527259318015 2.8511846999611725 0.6775194492547689 4.890031059265109 0.5997857048037647 0.0 4.780500179909077 0.0
305591 17.02416819990511 -0.1764198559014488 -0.1764198559014488 24.77901626995166 0.6907748852371505 33.435274561202306 0.6281691136221308 0.0 5.818611451346687 0.0
305648 17.025419488265683 -0.1758789120746823 -0.1758789120746823 6.153683399928026 0.6733548097261546 11.677312303865293 0.6106412998826399 0.0 5.220207745179715 0.0
305756 16.14040752461102 -0.1735990745481104 -0.1735990745481104 3.450226815294568 0.5122906251311423 5.207795489071935 0.47920819777058954 0.0 2.6446943637085263 0.0
305803 16.237360302651936 -0.1732225964656502 -0.1732225964656502 2.9546141968671074 0.6067996104010812 4.531313712992879 0.5555375603339134 0.0 2.708986683631138 1.0
305996 16.775767488752972 -0.1725667196587036 -0.1725667196587036 6.5223290498005575 0.6576072575602955 11.244512329690945 0.5897848835255898 0.0 1.2266138167756664 0.0
306098 17.318167102143647 -0.1713567441856357 -0.1713567441856357 2.419583095864873 0.7127589602570783 4.32884312027696 0.628440745889956 0.0 2.021606819676429 0.0
306107 16.260683767146357 -0.1713330527854763 -0.1713330527854763 4.681444877720679 0.6461303679766135 7.36497184818735 0.5755200176381272 0.0 9.109558050224285 1.0
306305 17.262912164194383 -0.1705327501071135 -0.1705327501071135 9.466046023454457 0.6780216841862501 10.693022600037551 0.6088359934086652 0.0 1.353968525131695 0.0
306308 17.394691893441813 -0.1697377108204899 -0.1697377108204899 3.230115833899948 0.7235526544326715 4.5946277490031555 0.6179689202338401 0.0 3.9173146267600414 0.0
306499 17.379430016553485 -0.1687171689327854 -0.1687171689327854 3.300202392674289 0.7075849860800101 4.611477164501515 0.6046600721991214 0.0 2.2481234056171933 0.0
306593 17.1026909977396 -0.1681782875363335 -0.1681782875363335 10.392499660177098 0.6999161861664284 13.82370938400211 0.631763013511508 0.0 3.695105282181461 0.0
306692 16.838896998766568 -0.1675470290053856 -0.1675470290053856 9.6799891394275 0.6704138677891652 11.933588129336549 0.598174529904591 0.0 5.547257711370458 1.0
306811 16.864493424793984 -0.1656028568626197 -0.1656028568626197 3.562395645208704 0.6557111711542435 6.356491859097668 0.6017476221648059 0.0 8.127506744388006 1.0
306861 16.26814032835164 -0.1662634793205029 -0.1662634793205029 20.20336659811338 0.6752779411622213 30.056321601393122 0.5919815176391048 0.0 2.185848712381738 0.0
306871 16.906157670451982 -0.1661740117051969 -0.1661740117051969 20.873935711252287 0.7077026253961748 26.375726261575366 0.6042797406705368 0.0 2.6244181119224628 1.0
306887 16.908106822718754 -0.1650354814048978 -0.1650354814048978 3.7023695709113844 0.6744403462516448 6.0255018375247875 0.5895297454241982 0.0 2.6244181119224628 1.0
306961 16.229447351853324 -0.1645848812900554 -0.1645848812900554 5.261095467267664 0.601537283805502 7.002580976791375 0.5587252736703511 0.0 2.7089866836311387 0.0
306988 16.623601662722713 -0.1641417685355084 -0.1641417685355084 3.5224854278828763 0.6436313814661937 6.918112560719567 0.5858056433404596 0.0 1.7720489028328148 0.0
307018 17.003709497497052 -0.1639423281337803 -0.1639423281337803 3.0444072285870845 0.7262207507726443 5.164669874992158 0.6101546254027864 0.0 2.8618279956863844 0.0
307039 16.50969714063504 -0.1636510415828364 -0.1636510415828364 2.020692990460741 0.6620340174892586 3.985980775394058 0.5990379950107892 0.0 1.3093811152458954 0.0
307135 16.839732300494155 -0.1637709074722859 -0.1637709074722859 3.3406622867878237 0.6395197067780312 6.828084026810619 0.5959080434468896 0.0 8.938910123588277 1.0
307415 17.498030159252174 -0.1610188896811872 -0.1610188896811872 3.649377844350645 0.6413035919275067 6.06494774599691 0.5862875665733076 0.0 0.7098971905224832 0.0
307516 17.096967775516568 -0.1616311102256487 -0.1616311102256487 13.99447615442328 0.7190834108745924 25.845628731853942 0.6278523123177332 0.0 7.182909766727962 0.0
307524 17.46136689745033 -0.1601025573958001 -0.1601025573958001 3.434519887998907 0.6798750565701435 5.443518501582188 0.5793336594825056 0.0 1.3155308452616588 0.0
307557 17.11556946006777 -0.1596794604489639 -0.1596794604489639 2.825242376270952 0.6715004962471238 5.552205272613693 0.5966588949858526 0.0 3.695105282181461 0.0
307617 16.86206747390684 -0.159200723610503 -0.159200723610503 3.6410413630092737 0.6542277728211873 4.0705130564662655 0.5814634928657649 0.0 8.127506744388006 1.0
307759 16.98198440626575 -0.1586124724260866 -0.1586124724260866 2.6972036087980413 0.669876660020956 5.103743437172192 0.6000652815686153 0.0 2.669623922714485 0.0
307930 16.71514394515009 -0.1569862555350808 -0.1569862555350808 3.8623633715979486 0.704404834542445 6.279181087193538 0.5832882936160709 0.0 3.0923698939026734 0.0
308023 16.115111414298173 -0.1559268487884888 -0.1559268487884888 3.8426545809708474 0.5146236033220033 5.365817972911512 0.46211328830093895 0.0 2.6446943637085263 0.0
308102 17.20832409316319 -0.1558795795600911 -0.1558795795600911 2.6339351538565974 0.6285560459758714 4.4639080678743905 0.5858060296207039 0.0 1.8187188934665683 0.0
308162 16.51744918330192 -0.1550754043404248 -0.1550754043404248 2.825417618741805 0.6061587959489289 3.8969800044552376 0.5529264346422055 0.0 1.3093811152458952 0.0
308364 16.10514317358863 -0.1536161384016308 -0.1536161384016308 3.237521985024823 0.5473279623137863 5.926154421481036 0.4505283059886785 0.0 1.8651124970998862 0.0
308459 17.05270321100517 -0.1532006841379594 -0.1532006841379594 4.627811797194241 0.6683483889548126 7.578767533867133 0.5862410455558801 0.0 2.9850696113544677 0.0
308520 16.840940701085117 -0.1524541083859909 -0.1524541083859909 3.1972092636843854 0.6309826344515918 4.14376028895994 0.5720869648424964 0.0 8.938910123588277 1.0
308533 16.126631936912336 -0.1520932554673467 -0.1520932554673467 2.997271896810898 0.5008885181269429 4.726477943647044 0.4558275559008013 0.0 2.6446943637085267 0.0
308700 16.128742458704146 -0.1514178484629157 -0.1514178484629157 8.935320659575885 0.5089034645132271 10.418876549142208 0.4602914619085144 0.0 2.644694363708526 0.0
308968 16.099027023379968 -0.1527307758281628 -0.1527307758281628 23.642804734943407 0.559042742221289 32.02673712781007 0.49419218871294573 0.0 1.8651124970998862 0.0
309035 17.096250241788923 -0.1492963451366254 -0.1492963451366254 2.9335414506972146 0.6566162134093726 5.472487846027197 0.5916559735251768 0.0 5.08320895711807 0.0
309123 17.345751920775445 -0.1478361535026009 -0.1478361535026009 2.9743719163251594 0.6485093049267113 5.896500717203125 0.5920145703520129 0.0 1.3978471565611685 0.0
309140 16.86880957943605 -0.1475254466392686 -0.1475254466392686 4.01819075356898 0.6314433445348127 4.794974959215896 0.5766246375008718 0.0 4.531317783212464 1.0
309228 16.555694571974875 -0.1467314421318638 -0.1467314421318638 2.518111340270445 0.6304216745099368 4.934682866590303 0.5712978715593432 0.0 1.3093811152458952 0.0
309261 16.81237104386579 -0.1468383082555933 -0.1468383082555933 6.89252509981382 0.6598191200414243 8.924509834377329 0.5750942080487749 0.0 3.4711120423717707 1.0
309277 16.66127040199158 -0.146526142323813 -0.146526142323813 6.825293885977671 0.6558517100779087 7.333243303956966 0.5809742431842825 0.0 1.9326517014089235 0.0
309297 16.534235359838767 -0.1460933955774612 -0.1460933955774612 5.2524654515686136 0.6720770676386286 7.183879034274278 0.5914155269490786 0.0 1.3093811152458952 0.0
309303 16.939152390944702 -0.1466936077042706 -0.1466936077042706 10.177740462807831 0.657997563268332 13.046856034191455 0.5847263892137606 0.0 4.780500179909076 1.0
309361 16.18022440979806 -0.1468285559486362 -0.1468285559486362 13.63234589343216 0.5900394035105827 17.672930214086538 0.5313159863721807 0.0 2.549899993339265 0.0
309533 16.443571194561695 -0.1443146747309075 -0.1443146747309075 3.652211338703016 0.6470482829584059 4.850501714260207 0.5755772643703396 0.0 3.946013033060689 0.0
309751 17.574246313245787 -0.1429827850661007 -0.1429827850661007 2.952396175704064 0.6390566864646824 5.721731310890022 0.590546782679541 0.0 0.0 0.0
309830 16.753979115607436 -0.1422694202832707 -0.1422694202832707 3.4575523626084563 0.6228852710426287 5.187490539267723 0.5540623560807502 0.0 3.880053893022759 0.0
309873 17.47692882907919 -0.1420128837880141 -0.1420128837880141 3.4081109892775476 0.7033949600157987 4.9831825401895244 0.5829755997582716 0.0 0.5738094776684068 0.0
309893 16.817802278560727 -0.1417995198437489 -0.1417995198437489 3.1136894231326124 0.6072588808107828 4.990196101826062 0.5736953971519353 0.0 4.0457903026472355 1.0
309935 16.955286271829287 -0.1424393037257606 -0.1424393037257606 6.1076658344189 0.6511968086562837 10.50051533366409 0.576948430477692 0.0 4.347539136095737 1.0
310050 16.455574706103203 -0.1407255430980632 -0.1407255430980632 6.913254700366651 0.6387441038864231 7.960289449404747 0.5852624689368663 0.0 2.8814789543124344 0.0
310267 16.279553573609757 -0.1389402331298965 -0.1389402331298965 3.1363107668020955 0.6237336401524745 5.71915533670055 0.5565013295435607 0.0 2.185848712381738 0.0
310303 16.20645966743998 -0.1386372045821367 -0.1386372045821367 3.2811937993701084 0.556797405429466 4.619214744076041 0.5017868317210552 0.0 1.6496178472199508 0.0
310403 16.445858332548685 -0.1379450888339998 -0.1379450888339998 6.327175300217022 0.6680926166038926 7.2617241605164216 0.5885633623848976 0.0 3.946013033060689 0.0
310533 16.63497740441189 -0.1383788444990649 -0.1383788444990649 8.555902168728823 0.6987849189858298 11.396171876585548 0.6057084110302645 0.0 2.719779962814188 0.0
310568 16.193646284425462 -0.1365630151000599 -0.1365630151000599 2.010917010036793 0.5627040882817408 3.5661044505947666 0.5067236220038985 0.0 2.549899993339265 0.0
310704 16.217648569627762 -0.136797510091857 -0.136797510091857 3.865370563300195 0.5810979099136708 5.596409252375608 0.5324471050596874 0.0 1.6496178472199505 0.0
310777 16.826218468969667 -0.134923435087238 -0.134923435087238 5.73081700851732 0.7046020735993537 8.471423966890825 0.5883195809226899 0.0 6.587528878257706 1.0
310822 16.936798893988517 -0.1345215523420559 -0.1345215523420559 2.7521034310057764 0.6344648178486169 4.498757498958939 0.6031609700748412 0.0 14.497577034797152 1.0
310968 16.365268629272883 -0.1360582337872961 -0.1360582337872961 31.067253053673518 0.7329270199665667 43.78962466940732 0.6473507862277958 0.0 1.8389581155958146 0.0
311281 16.15690858161432 -0.1312837251603695 -0.1312837251603695 7.76052281839926 0.5386922815125258 9.931845790143337 0.4832421609903356 0.0 3.408169785147139 0.0
311313 16.092521894516707 -0.1307504312735796 -0.1307504312735796 3.6552664291555605 0.5121303837572119 5.240241741996315 0.4599401013982558 0.0 1.845127896702166 0.0
311344 17.05483172216615 -0.1315291341156528 -0.1315291341156528 6.609949383906162 0.7028962869802886 9.585401983594926 0.5990664252367731 0.0 3.6851270321341847 0.0
311365 16.659982100614684 -0.1316889342077621 -0.1316889342077621 11.815275512136063 0.6732997393062892 19.62006205497503 0.5988041667028775 0.0 4.260745098879059 0.0
311369 16.74867011374515 -0.1302538523983845 -0.1302538523983845 2.3589683862020974 0.592412392132378 4.319504151569451 0.5628245697554245 0.0 3.8800538930227595 0.0
311424 17.111771333191562 -0.1300709618272039 -0.1300709618272039 7.1481907312590875 0.8037147623820876 9.268356678842991 0.6407053110360973 0.0 2.7780605782132586 0.0
311511 16.146038771142045 -0.1290242825483576 -0.1290242825483576 2.911725887617441 0.5061649594975718 4.730698956637111 0.4689935317491438 0.0 3.4081697851471384 0.0
311585 16.89597661423121 -0.1293539212352178 -0.1293539212352178 9.822073957905458 0.6842239010638755 14.418031154749576 0.6133860656628842 0.0 5.471424820899978 1.0
311724 16.339203784168042 -0.1273972833761587 -0.1273972833761587 3.584708737243197 0.6843705691244638 5.82207532996419 0.5985028037322456 0.0 2.0961305844395253 0.0
311752 16.91624389235812 -0.1285595260258968 -0.1285595260258968 14.902186829889768 0.7239241671051972 19.60442800588547 0.6223839360386269 0.0 10.747966708688267 1.0
311813 16.324650327013522 -0.1275079306419145 -0.1275079306419145 8.244288479252745 0.6621630971337735 14.190344702722976 0.5947038019091281 0.0 2.0961305844395253 0.0
311841 16.83803030450982 -0.1272244163588162 -0.1272244163588162 4.379583219293397 0.6544711767451408 7.293756063498699 0.5882806438740596 0.0 3.586212032121085 1.0
311912 17.60444931352641 -0.1264264153221004 -0.1264264153221004 6.0370583123550166 0.7103925863345472 7.56810890308485 0.6372620990700401 0.0 0.0 0.0
311961 16.743674978461463 -0.1263966525582106 -0.1263966525582106 5.725221996698109 0.6246570442376912 9.174502167873863 0.5727684919536069 0.0 3.880053893022759 0.0
312120 16.908844792590315 -0.124901631420402 -0.124901631420402 9.956827821146106 0.7276866483450317 13.777682805287279 0.6049262965435258 0.0 35.95310066751258 1.0
312133 16.714494520281658 -0.1245954354848112 -0.1245954354848112 8.77636286250466 0.6612379157424754 9.73187043904582 0.5588429603847956 0.0 2.1611661380793374 0.0
312235 17.1327185884522 -0.1238769131390377 -0.1238769131390377 4.4707192186628895 0.6963389771939646 6.827008493850273 0.5973712730124784 0.0 2.560452203830732 0.0
312243 17.173386425325276 -0.1235013187334505 -0.1235013187334505 9.601897566389463 0.6700150519110016 11.736204074878197 0.6004250372361843 0.0 9.196807417085635 0.0
312262 16.416390977896896 -0.1229783272366992 -0.1229783272366992 4.223704462049868 0.6235520962692646 5.912825564129661 0.5871491002782842 0.0 3.6820758155421833 0.0
312495 16.72058561068905 -0.1215153753649956 -0.1215153753649956 3.493164182135266 0.595348733259568 6.0977246548104524 0.5600327035373862 0.0 2.1611661380793374 0.0
312560 17.170150586863805 -0.1211138133075231 -0.1211138133075231 6.0709675373248215 0.6613146013215945 7.1842086600827875 0.594283361615172 0.0 3.9430097977929757 0.0
312601 16.93548384356732 -0.1220081523741359 -0.1220081523741359 9.685373757273624 0.6814294269784692 15.457453350252232 0.6074776518054252 0.0 15.600704851706627 1.0
312721 17.006493342622136 -0.1196794926323453 -0.1196794926323453 3.7588656318488463 0.7513350353302869 6.7032915585112045 0.614495514028683 0.0 2.4247260159538517 0.0
312762 16.574464167404816 -0.1202880080352879 -0.1202880080352879 13.514198475416174 0.6676361716378267 20.51767433477362 0.5922159382433912 0.0 1.6965912319469454 0.0
312913 17.353426819227547 -0.1182383464199996 -0.1182383464199996 3.2185504746241 0.63949259210775 6.452158668213194 0.5821765146927979 0.0 1.3978471565611685 0.0
312935 16.235323054264445 -0.1186584424449778 -0.1186584424449778 7.971463249272907 0.5826063496404519 12.302452800107625 0.5246948854639004 0.0 1.5120940866249002 0.0
312946 16.435672413085463 -0.117762117398001 -0.117762117398001 2.321037726368469 0.6707122962955264 4.1513064022933515 0.5868833652221893 0.0 3.6820758155421838 0.0
312956 16.929005737441305 -0.1178225334749535 -0.1178225334749535 5.022319038185925 0.6852072864235158 7.1845524495002575 0.5793687723567168 0.0 7.517766368845319 1.0
313119 16.429275226982288 -0.1186568217594804 -0.1186568217594804 10.530425978684534 0.6365267971563177 11.835761884895037 0.5973085797288207 0.0 3.6820758155421838 0.0
313141 16.909182321456548 -0.1195376385863794 -0.1195376385863794 3.181423663978959 0.6512302470136336 5.27363978944277 0.5985432987778614 0.0 6.910877075586926 1.0
313231 16.20837811321637 -0.1157008699209145 -0.1157008699209145 5.177821172191215 0.5989449765807704 6.392397895410588 0.48989775672443614 0.0 1.649617847219951 0.0
313250 17.44225284913604 -0.1156238252815202 -0.1156238252815202 3.4829932945415134 0.6576732990511349 5.769302753062077 0.5998630509846912 0.0 0.5738094776684068 0.0
313263 16.83772144029696 -0.1154878589049592 -0.1154878589049592 3.283264454619933 0.6348977737317508 4.835596833511893 0.5839080416401021 0.0 3.586212032121085 1.0
313387 16.787396045854848 -0.1147910012894961 -0.1147910012894961 5.708276526178989 0.6553642381855864 9.75526807724636 0.5699107649539074 0.0 4.3014338375134615 1.0
313388 17.27391653495997 -0.1145715885404213 -0.1145715885404213 2.4112333908631376 0.7051831463454116 4.553909948446479 0.6253815737428292 0.0 2.204088018377476 0.0
313467 17.190523895622075 -0.1141205492320315 -0.1141205492320315 4.518068420934363 0.6501498452890739 8.64116297434187 0.6042161460663091 0.0 1.9604119391834605 0.0
313738 16.739029169487583 -0.1117561683310086 -0.1117561683310086 3.354712586875559 0.645992702780092 5.016379721908918 0.5678692996145468 0.0 3.8800538930227586 0.0
313790 16.412484618720843 -0.1112442298602113 -0.1112442298602113 3.101157976965652 0.6444391897633194 4.911848167465859 0.5828391269479436 0.0 8.491499729215567 0.0
313868 16.121283896111034 -0.112015614148186 -0.112015614148186 5.767620502597943 0.5253657722814717 10.321545258453789 0.4715923608530736 0.0 4.3926989964133965 0.0
314000 16.554902999811986 -0.1097069604125121 -0.1097069604125121 2.6728384673454926 0.6563212879200392 5.315635405047749 0.5905324388064674 0.0 1.6965912319469454 0.0
314127 16.104455921951438 -0.1088374559125222 -0.1088374559125222 2.902113857405202 0.48451756891401115 3.424602271485364 0.4623918736131624 0.0 4.3926989964133965 0.0
314272 17.296557061545265 -0.1087668450004194 -0.1087668450004194 6.886401527860259 0.6937003220478546 12.60999316440706 0.6267093090747088 0.0 1.9928771883751166 0.0
314284 16.395401039660122 -0.108711590468631 -0.108711590468631 16.10282334289105 0.7151916954429643 22.934510076780615 0.6365519099647988 0.0 7.431243763122267 0.0
314324 16.09723415528521 -0.1072775585544818 -0.1072775585544818 3.4435721080050294 0.5172800653800325 4.477617668786612 0.46968046678367525 0.0 1.845127896702166 0.0
314336 17.32374413016401 -0.1074203120856695 -0.1074203120856695 3.0258904987940394 0.6732601364459856 5.977768930210596 0.6234883241332247 0.0 1.9928771883751164 0.0
314412 16.1302271988505 -0.1077864664910395 -0.1077864664910395 8.677729807392788 0.5296499629723709 13.464315532261944 0.48196389528174877 0.0 6.996910213537047 0.0
314444 16.396906162541814 -0.1067696201969976 -0.1067696201969976 2.4647216162979455 0.6803937964484394 4.5530015460718545 0.6234731175676055 0.0 8.491499729215567 0.0
314458 17.400820523426333 -0.1064605107692777 -0.1064605107692777 3.51848665479339 0.6544184059495249 5.422327553657524 0.5757621638473006 0.0 0.8336901257631235 0.0
314585 16.95174756423657 -0.1054295108471956 -0.1054295108471956 5.783297686314789 0.6910368893984528 7.169447604345452 0.6097559326865872 0.0 4.36853547214736 1.0
314629 16.457693188708355 -0.1058259850571902 -0.1058259850571902 6.487186432010549 0.6642459567126229 8.870242739209834 0.596977189907195 0.0 5.249873022483273 0.0
314652 17.256792595786806 -0.1056351595256521 -0.1056351595256521 7.428711951307142 0.6953382760704344 10.746137421236156 0.6189511793911833 0.0 2.204088018377476 0.0
314654 17.474116565070673 -0.104969323376827 -0.104969323376827 3.257804788095026 0.7209783366684387 4.432272230902651 0.6525481354114597 0.0 0.5738094776684068 0.0
314700 17.053041896485233 -0.1052539105926035 -0.1052539105926035 9.759810732919888 0.7067812651994788 16.211729907381585 0.6283061916048416 0.0 4.477888168074053 1.0
314720 16.79150688348164 -0.1050562729236583 -0.1050562729236583 8.333959060135264 0.6821991046908391 11.969950105097881 0.5890568353970517 0.0 7.073735595154664 1.0
314743 16.868704731971974 -0.105349911366774 -0.105349911366774 5.3500277378431536 0.6908541455477034 8.995202466855053 0.6178328852077889 0.0 5.268399847239655 1.0
314814 17.03013188042796 -0.1041520661982783 -0.1041520661982783 9.949935293986133 0.6797580120493263 12.779000685835394 0.6128273499174598 0.0 4.099794417387588 1.0
314846 16.321679606841982 -0.1043293999851365 -0.1043293999851365 15.721595644139544 0.7144428576419165 21.20539995620515 0.6368926863963622 0.0 2.312187232881422 0.0
314945 16.111551501308817 -0.102746898810036 -0.102746898810036 4.01712989925792 0.5361415898415399 5.838225964500525 0.48076078683270385 0.0 4.3926989964133965 0.0
314985 16.478611239144897 -0.1022294800371135 -0.1022294800371135 3.4190102211480258 0.6670709942015915 6.890661426394924 0.6064476612858887 0.0 1.4145131576220327 0.0
315108 16.586395069673216 -0.1013441229204899 -0.1013441229204899 3.8405812217593116 0.6956534448369106 5.058212971051189 0.627783168153995 0.0 2.462407530989563 0.0
315177 16.778785219606192 -0.1007540618325623 -0.1007540618325623 6.0335602872222855 0.651731809664229 7.035113498970327 0.5820432093804736 0.0 13.616269201673965 1.0
315309 16.873055269734984 -0.1006130969445615 -0.1006130969445615 8.50926449466744 0.7183141131947614 13.673918918449823 0.6225768572686622 0.0 9.488093804581442 1.0
315349 16.870983432999147 -0.0994817751801662 -0.0994817751801662 6.727800782494894 0.6927318410919963 9.016159457711723 0.6201552921688636 0.0 3.9708650367363387 1.0
315436 16.949429296744682 -0.0985734414462264 -0.0985734414462264 2.2339641075686987 0.6809566166257882 4.626332343858389 0.63587106528212 0.0 4.36853547214736 1.0
315449 16.770716193772003 -0.0985762665270051 -0.0985762665270051 3.4296026692484434 0.6952751180475953 6.594522638547734 0.5860133977318779 0.0 4.6059028191311056 1.0
315490 16.907991727477178 -0.0981750858672371 -0.0981750858672371 3.55825047190661 0.6896671252650746 5.976996627242063 0.6197274739222405 0.0 6.910877075586925 1.0
315504 16.561531764204503 -0.0979715012947565 -0.0979715012947565 3.7190546885458153 0.6459270144291284 5.2512945073879145 0.6044470772723882 0.0 2.462407530989563 0.0
315611 17.260117311369644 -0.0973920119667175 -0.0973920119667175 3.723482554606731 0.7017145908124401 4.7388023436030355 0.6409978153131254 0.0 2.7050367040144208 0.0
315618 16.14793740807542 -0.097516381428527 -0.097516381428527 2.9483824664451292 0.5147763818560545 4.808834951903249 0.4763847467045717 0.0 3.1051503877730133 0.0
315752 16.665985589744565 -0.0967986198448116 -0.0967986198448116 5.90166695795111 0.6991201609528541 8.892211655546614 0.6281257601027068 0.0 8.11685968686231 1.0
316060 16.249030332674025 -0.0935651443889646 -0.0935651443889646 2.6257089297729714 0.5879842849242815 4.580755395347983 0.5359771785766901 0.0 1.5120940866249002 0.0
316136 16.970869722765393 -0.0930725147357486 -0.0930725147357486 7.268752272042162 0.7057862940924368 8.051497425659768 0.6354220917541148 0.0 4.813913993435564 1.0
316175 16.661825647558246 -0.0932922861625557 -0.0932922861625557 3.560060581131623 0.6600483477255603 6.733693873902661 0.6243246723662698 0.0 8.055853002490764 1.0
316277 16.210227392525045 -0.0921762458584943 -0.0921762458584943 2.756108642099335 0.5853471355073503 4.269595070118686 0.509851886810731 0.0 1.6496178472199508 0.0
316427 17.051803263470475 -0.0907614703368751 -0.0907614703368751 4.13896513476669 0.684635977719207 7.484858299863387 0.639129982943599 0.0 6.079308994895706 1.0
316438 16.50502364080737 -0.0907011565875278 -0.0907011565875278 2.5605165416945135 0.6959229031256144 4.917360386552699 0.6338452829206799 0.0 1.4145131576220327 0.0
316628 16.425901522845074 -0.0895684332867525 -0.0895684332867525 5.6475709118987085 0.6997189356106099 6.989136492886857 0.635586930410386 0.0 3.4886440829536416 0.0
316756 16.67935502075783 -0.0887065256190407 -0.0887065256190407 6.636189143384529 0.7185644422713705 8.473225835470625 0.6380938891962018 0.0 4.537344731885765 1.0
316959 16.726196652050206 -0.0860368358919553 -0.0860368358919553 4.30193947381864 0.6999618249441675 5.321275096615223 0.6147500984617243 0.0 2.858002336797687 0.0
316969 17.392844162320642 -0.0860625680830995 -0.0860625680830995 5.754959832813239 0.7336621777634006 7.342169596603431 0.6525155333588368 0.0 0.8336901257631236 0.0
316971 16.66038984955486 -0.0859646698100183 -0.0859646698100183 3.3886063606355923 0.6760472882903988 6.367165812329642 0.6432641472587288 0.0 11.353898571231412 1.0
317124 16.291220101362057 -0.0852273389769136 -0.0852273389769136 3.1264134300013806 0.6424970637509372 4.525384697522387 0.6089976259389084 0.0 1.6623817380683565 0.0
317172 17.341458783780187 -0.0845560697513317 -0.0845560697513317 2.45202715986787 0.6648653860493154 4.3017155600370005 0.6420978770689866 0.0 2.093098864206444 0.0
317269 16.662006944712605 -0.0846982476446399 -0.0846982476446399 4.2501022101481745 0.6972420316722017 6.881433577637706 0.6327941757477857 0.0 12.606481648217743 1.0
317363 16.73347912926154 -0.0829692635229991 -0.0829692635229991 5.6653405756991875 0.7113758524238611 7.347003121300953 0.6054200657038672 0.0 2.8580023367976874 0.0
317441 17.141507372165904 -0.082123854600957 -0.082123854600957 4.499607959296911 0.7047821995906963 5.327754561433909 0.6394191265825012 0.0 3.096060707637985 0.0
317494 16.70843118535333 -0.0817057431935689 -0.0817057431935689 2.4483147491995263 0.6696069767585532 4.81961963880527 0.6057601725830071 0.0 2.95208277720784 0.0
317504 16.871983125142467 -0.0816544279668104 -0.0816544279668104 2.7447057780462765 0.7032328791591963 4.779752169826484 0.6430009359002304 0.0 3.9708650367363383 0.0
317678 17.302726822741356 -0.0803673013996887 -0.0803673013996887 4.057396910769444 0.7016025049552671 8.062750928018346 0.6532826086680622 0.0 3.572275056778034 0.0
317680 16.21822531023013 -0.0802278248575961 -0.0802278248575961 2.894882266322747 0.539412646479869 5.529030003073816 0.5034117453209195 0.0 1.6496178472199508 0.0
317730 16.80187252373892 -0.0800877305675702 -0.0800877305675702 4.04048852315378 0.6300059652806307 5.434658391617588 0.5931053742580178 0.0 1.9320369510136162 0.0
317889 17.454523919180694 -0.0795121164094501 -0.0795121164094501 3.867851898829802 0.7007296880952796 7.25960412577536 0.6423285507549028 0.0 0.36406500491343147 0.0
318014 16.75359546619853 -0.0778559527886212 -0.0778559527886212 2.598445012606757 0.6470951011025854 4.409370447775772 0.586348817744053 0.0 2.858002336797687 0.0
318077 16.38975064165634 -0.0780122775199652 -0.0780122775199652 11.284104767135759 0.708374693504433 16.027147180220915 0.6150512425402177 0.0 3.860577126143741 0.0
318115 16.860572394094472 -0.0768665053188529 -0.0768665053188529 2.8024933026006726 0.700287891081807 5.2596342978633785 0.6309936462728328 0.0 3.9708650367363383 0.0
318196 17.31282677742513 -0.0767355974928467 -0.0767355974928467 2.8187200343451435 0.6957583793757318 5.778023287098386 0.6361628742547083 0.0 2.0930988642064445 0.0
318235 17.13367105534771 -0.0760714680010545 -0.0760714680010545 3.317535431038571 0.7086415691140999 6.00868190808508 0.6171229278706944 0.0 3.096060707637985 0.0
318239 16.455329076386473 -0.076269298960891 -0.076269298960891 7.066506494428454 0.6751596698437228 7.794642952382481 0.6200739157973877 0.0 2.016668825229028 0.0
318242 16.98249285976685 -0.0763346857531224 -0.0763346857531224 4.630971312072842 0.7030143499013751 8.21957182277784 0.6330357425365926 0.0 3.9698932656497545 1.0
318573 16.97686978333308 -0.074693880624993 -0.074693880624993 17.5930242827408 0.7346714932867134 35.728704065946765 0.6539716038638969 0.0 8.989374221826523 1.0
318597 16.60604072704556 -0.0731487248631164 -0.0731487248631164 3.7067268120676244 0.6873638470919615 4.539925573520445 0.6112972423655666 0.0 3.8888217664210316 1.0
318658 17.25234773076662 -0.0728184702314808 -0.0728184702314808 3.129251752856806 0.7009454729868634 4.601286319095138 0.6483238776673399 0.0 2.7050367040144208 0.0
318667 16.893984004880075 -0.0730512295026978 -0.0730512295026978 2.573720888047128 0.6749244563345086 5.1854749289527176 0.6374102246677391 0.0 1.07959426675376 0.0
318762 16.704975253797382 -0.0717537625546559 -0.0717537625546559 5.54023251644014 0.6703166508638227 6.565548658739793 0.6025974000743461 0.0 2.95208277720784 0.0
318808 17.0590152757965 -0.0714268813061227 -0.0714268813061227 2.5206804901756 0.6988996692111836 4.745137725890579 0.6294805736797152 0.0 4.119056958048567 1.0
318812 16.606567370819835 -0.0714100320510079 -0.0714100320510079 2.9256879870493844 0.6656047303502096 5.473588487203425 0.6171540491823807 0.0 3.8888217664210316 1.0
318833 16.45784804147189 -0.0712270667824615 -0.0712270667824615 3.645046741490939 0.6620507188782528 4.992559750641225 0.6249437765898938 0.0 2.016668825229028 0.0
318853 17.05591927021164 -0.0717843944932222 -0.0717843944932222 8.928516513335817 0.7063182419869705 9.76061677102976 0.6316040720669671 0.0 4.119056958048566 1.0
318967 17.362433398532485 -0.0703171349028527 -0.0703171349028527 3.304136528202888 0.6948745700688241 6.226070386317539 0.6375841924137852 0.0 0.8336901257631236 0.0
319031 16.438548853194508 -0.0697628174377281 -0.0697628174377281 3.2824324713536495 0.6652311426840591 5.965327744860731 0.6155894210526508 0.0 2.016668825229028 0.0
319138 16.818309291528685 -0.0689465952247013 -0.0689465952247013 3.6309776424313114 0.7056473710718983 6.1019788879015335 0.6113364369343597 0.0 1.9320369510136162 0.0
319313 16.184251656834498 -0.0675164805252817 -0.0675164805252817 3.6939311502135306 0.5491360520501333 5.031571351358619 0.4846246708608637 0.0 2.5892892350565804 0.0
319477 17.129386515864365 -0.0663699862680651 -0.0663699862680651 4.66789712823084 0.7137324545238811 6.632836102103511 0.6359082383176343 0.0 3.096060707637985 0.0
319530 16.947747094065953 -0.0659089073596866 -0.0659089073596866 4.669097300950027 0.7289378091707335 9.350008596893181 0.6474289693492516 0.0 2.6480154056455096 0.0
319537 16.436032750651385 -0.0656401742226476 -0.0656401742226476 2.6387836147235664 0.6806190833541037 4.551057655122216 0.6125266436232434 0.0 2.016668825229028 0.0
319538 16.391858563806064 -0.0656254030280376 -0.0656254030280376 3.5506818255589447 0.709317350748371 6.48569294382582 0.642774961957287 0.0 3.569192467836376 0.0
319542 17.03397967846895 -0.0656728481707687 -0.0656728481707687 2.451171034086314 0.6711143198527505 4.840230007522679 0.6314340315034053 0.0 5.167689033478762 1.0
319636 16.721027826033282 -0.0646249446528868 -0.0646249446528868 1.9305700754120907 0.6399223599732793 3.8588478350941413 0.5967363828028687 0.0 2.95208277720784 0.0
319671 16.13040322850916 -0.0651955495213716 -0.0651955495213716 6.450657711943739 0.5326301859690631 8.268107162919621 0.48889539811837857 0.0 3.247887173687502 0.0
319693 17.339040512931604 -0.0643131809767703 -0.0643131809767703 2.492888656675445 0.6715262898161446 4.573449419566475 0.6160654470737685 0.0 2.093098864206444 0.0
319737 16.618140646082836 -0.064384466461543 -0.064384466461543 5.986882440015488 0.7204473665219996 11.970220887549168 0.6256449138614091 0.0 8.052205299757032 1.0
319792 17.119554014184097 -0.065433575598873 -0.065433575598873 13.431028476005702 0.7247153854451879 25.2258536682056 0.6496609609811327 0.0 5.359849987850478 0.0
319903 16.62024160234929 -0.0626047094421012 -0.0626047094421012 6.129242367283472 0.6637041139603966 7.591464565498837 0.5906326914058838 0.0 6.645967552484652 1.0
320198 16.785833280795714 -0.0602988552565377 -0.0602988552565377 3.2859326854077637 0.67217905484429 6.173179350140492 0.6036901353815729 0.0 2.7359318165745656 0.0
320293 17.217029143908682 -0.0599409030896329 -0.0599409030896329 2.7040098667034456 0.7048208189022724 5.052513406045841 0.6370548339669313 0.0 3.0119529676487766 0.0
320365 17.106582939350083 -0.0591470668636062 -0.0591470668636062 3.6361010060721757 0.6669971350478248 7.456740960877329 0.6145952644637817 0.0 2.8556131549007273 0.0
320535 16.160776791681087 -0.0578210166522087 -0.0578210166522087 4.691168839071722 0.5330243449791972 7.9852083879676075 0.48037211165084137 0.0 2.5892892350565804 0.0
320589 17.394952338466396 -0.0569979827905771 -0.0569979827905771 2.233038322583079 0.6564024979745563 4.582152570991788 0.6023561809377592 0.0 0.8336901257631236 0.0
320618 17.218164350212362 -0.0572950507655091 -0.0572950507655091 3.871880286738021 0.707071569193384 7.1884023759355875 0.6396543970033252 0.0 3.9224962615811005 0.0
320822 16.30477673311253 -0.0562256505124748 -0.0562256505124748 4.651029171280752 0.6543599497528685 9.52785717179406 0.5955091060865357 0.0 3.2684804828655993 0.0
320826 16.577692048524142 -0.0557126818168032 -0.0557126818168032 6.794115572203344 0.697759489388 9.29630147931991 0.5902378872441443 0.0 1.3879341991019531 0.0
320964 16.643436887095717 -0.0542550697506717 -0.0542550697506717 2.3832193174624003 0.6535341227290341 4.426902935506219 0.5756617309837703 0.0 4.557342287272238 1.0
321104 16.762352625940984 -0.0532836760413261 -0.0532836760413261 6.19174513752457 0.6401710871857705 8.31209727218625 0.5521448609478088 0.0 2.8642687826100945 0.0
321137 16.655595510185524 -0.0535991129975093 -0.0535991129975093 9.461268895672612 0.6988208132594264 12.486853975553453 0.5870190654720286 0.0 4.645723200692328 1.0
321173 17.21761765559507 -0.0527251093150057 -0.0527251093150057 2.776371873637157 0.6852839353477338 4.434362007024571 0.6067106151242242 0.0 3.9224962615811005 0.0
321206 16.357386618932 -0.0525655399006507 -0.0525655399006507 2.384643017682984 0.630275835958594 4.723935318318667 0.5874401624424 0.0 1.6194636315642315 0.0
321358 16.908754162288346 -0.0512052025972488 -0.0512052025972488 2.0005710859883177 0.6380246920200983 3.4261100520391348 0.583629482079895 0.0 1.07959426675376 0.0
321408 17.329282732801133 -0.0507675041527455 -0.0507675041527455 2.8891351888473435 0.6418079844571911 4.820660664063787 0.5877436757063921 0.0 1.9520349544556053 0.0
321607 17.498206740886406 -0.0492356934595752 -0.0492356934595752 2.770991118593477 0.6854632539272547 5.264006990229393 0.6387726737175775 0.0 0.3640650049134314 0.0
321662 17.040774804465435 -0.0489333802046442 -0.0489333802046442 6.926217364046386 0.6603005248569808 8.00652719465315 0.5873962810066421 0.0 11.909192016539459 1.0
321809 16.79968224597996 -0.047538742630293 -0.047538742630293 2.432916073538855 0.6448333321107335 5.037458262282476 0.5665890381246975 0.0 2.9241814794503824 0.0
321849 17.026005592858837 -0.0477885428943667 -0.0477885428943667 6.282138706264425 0.6605419167621803 8.262916200235999 0.5883116364256644 0.0 3.850158721947235 1.0
321890 16.960334208187014 -0.0478450007816485 -0.0478450007816485 17.742154209075252 0.859572627290214 21.3944055921636 0.6310708250656534 0.0 1.5064500409843766 0.0
321893 16.986878028757598 -0.0469567683869228 -0.0469567683869228 2.4045494550351103 0.6416888268237151 3.9925291268563194 0.5827052550912608 0.0 1.5064500409843768 0.0
322117 16.313257385762743 -0.0453344128012134 -0.0453344128012134 3.193743943612343 0.6627480571948804 4.84320745564611 0.580464482021825 0.0 3.2684804828655993 0.0
322140 16.63544015851884 -0.0452186018691449 -0.0452186018691449 3.577169963234428 0.6748995805972572 6.601485082431936 0.5765922157123629 0.0 4.307675193393741 1.0
322274 16.294218287251848 -0.0446869634572034 -0.0446869634572034 4.519857928546343 0.6355721601473849 6.891804429637949 0.5454213957747766 0.0 5.035700188343161 0.0
322366 16.13353755620664 -0.0436374998135298 -0.0436374998135298 5.112462941127851 0.5243278440529638 6.64514170308761 0.4750795443869457 0.0 1.96911779133579 0.0
322416 17.152342170048684 -0.0430780679608824 -0.0430780679608824 3.4232911075759684 0.701928620461203 6.446501465274642 0.5827569265119464 0.0 1.4732950331349508 0.0
322455 17.036812830708737 -0.0432957016047247 -0.0432957016047247 6.785031419697023 0.688137909728709 10.194130719855742 0.5859160551103023 0.0 8.421987583342709 1.0
322552 17.262275523349096 -0.0420472795607938 -0.0420472795607938 4.246470326034769 0.7446425972781457 5.65973629315411 0.6261137421939736 0.0 1.6701705615356506 0.0
322571 16.68687875562616 -0.0418646433189801 -0.0418646433189801 2.9526772589618675 0.6218422722249058 5.505560001707503 0.5703526953054573 0.0 2.2780182356991916 1.0
322930 16.607215426898875 -0.0388605127666762 -0.0388605127666762 3.991799443474747 0.647627967338126 5.352995400200394 0.5732092377124076 0.0 6.623771992977999 1.0
322987 16.34950903621393 -0.0383416741577894 -0.0383416741577894 2.6043343699721615 0.6086362556004621 4.82172975902006 0.5770373006859083 0.0 1.6194636315642312 0.0
323302 16.65401408286263 -0.036512617611155 -0.036512617611155 5.806894645121411 0.6728250424835854 7.596812615481828 0.5965975665590583 0.0 10.135540694534647 1.0
323824 17.194476851652045 -0.0328881373195123 -0.0328881373195123 3.1427504447556136 0.7022970641471837 5.9699081272381225 0.6142472130876163 0.0 1.6675210260330435 0.0
323849 17.07635052581695 -0.0337780203979656 -0.0337780203979656 12.28095501690887 0.6880446889760329 19.69045132870086 0.6266750588930433 0.0 9.922239305930436 1.0
323850 17.064265733986296 -0.0330511796520602 -0.0330511796520602 4.077740746118253 0.6794078779741092 5.465362263119799 0.5971528186582916 0.0 7.715279026999907 1.0
323864 17.305753379808298 -0.0327761931475834 -0.0327761931475834 5.536080132573485 0.7068609147258087 8.366189253642972 0.6366987737136998 0.0 1.9520349544556055 0.0
323921 16.807293782188513 -0.0321655763589095 -0.0321655763589095 2.7109378801418678 0.6456854944083852 3.5083474421796734 0.5752730300498914 0.0 1.5447337130472447 0.0
323938 16.160425309208886 -0.032123345061774 -0.032123345061774 2.5433689178475176 0.523267174941577 4.546165673347717 0.47932994042759974 0.0 7.6491529644362455 0.0
324002 17.26699948049698 -0.0316674553927513 -0.0316674553927513 2.6618373347465556 0.7254597531578066 4.57284218702236 0.6545642736427992 0.0 1.6701705615356501 0.0
324018 17.084228509318525 -0.0315596429630363 -0.0315596429630363 3.3676443481357445 0.6789378210011893 6.6606769931946985 0.6176581835292787 0.0 5.133324951272164 1.0
324233 16.751279715704328 -0.0313471878227904 -0.0313471878227904 6.387333890167273 0.6608326499409701 11.857090992387095 0.5889769783945369 0.0 3.677012106601306 0.0
324240 16.53550379575341 -0.0309060066617361 -0.0309060066617361 4.870998645345859 0.6998163968177014 9.767054775102219 0.6291804081778408 0.0 1.4136893487344855 0.0
324395 16.185326624658458 -0.0295902032500114 -0.0295902032500114 5.901851599907909 0.5947194625955674 10.432237081473621 0.4857888680132947 0.0 2.423488453810708 0.0
324442 16.99128239249236 -0.0286251961436738 -0.0286251961436738 4.910741680581934 0.6836615941187325 6.202865501958929 0.6155273973214168 0.0 2.5952163761127673 0.0
324445 16.820211415009354 -0.0286379714792085 -0.0286379714792085 4.020373880749951 0.6627169009715583 8.03489947860048 0.6131393227188031 0.0 1.5447337130472447 0.0
324454 16.634464082354434 -0.0284616573369115 -0.0284616573369115 3.124843265188149 0.6929665462444495 5.015130234078535 0.6072994993567321 0.0 4.291863161493576 1.0
324484 16.097403290749938 -0.0283840892092166 -0.0283840892092166 3.9301597263075854 0.5333735166918304 5.027988473332213 0.4788158271743894 0.0 1.96911779133579 0.0
324529 16.474981627677444 -0.0279323440279874 -0.0279323440279874 2.6649499809555075 0.6172497888719518 4.756207358852848 0.6020038547268898 0.0 1.418841429465243 0.0
324580 17.21980336929465 -0.0275298879630983 -0.0275298879630983 3.273766402831792 0.6715700863971099 6.642916213839841 0.6235301454076794 0.0 2.3932371710898055 0.0
324608 16.690800985123342 -0.0273467859173348 -0.0273467859173348 3.106363747058642 0.6755804659996556 5.236737150099431 0.5898049958503122 0.0 2.278018235699191 0.0
324631 17.05454211633862 -0.0271767926988987 -0.0271767926988987 2.22419160366695 0.6858149694253752 4.503210923896023 0.5997173332005151 0.0 7.715279026999907 1.0
324646 16.29646960088927 -0.0284644470303786 -0.0284644470303786 9.215652602304209 0.6313053933648615 14.43967443684037 0.5652795480963592 0.0 4.07980976201303 0.0
324681 16.957513603823894 -0.0268331510742174 -0.0268331510742174 4.484492298295265 0.7105930459966484 6.244093964998633 0.6327267827211552 0.0 1.5064500409843768 0.0
324738 17.205324497474138 -0.0264973636373821 -0.0264973636373821 4.229613777227897 0.6638382082784337 6.934049067240451 0.6405830790907775 0.0 1.6675210260330435 0.0
324741 16.78954601818306 -0.0263273203783517 -0.0263273203783517 4.738863272873577 0.6474596637547958 5.536151723178771 0.5885776547539384 0.0 2.9241814794503824 0.0
324887 16.2712655346017 -0.0252749063500064 -0.0252749063500064 2.5781228089516315 0.600337743569755 3.4642021770149 0.5387937023503261 0.0 1.6041341514193834 0.0
325007 16.64598872101847 -0.0243711542866389 -0.0243711542866389 3.658133967673467 0.6468676319147311 4.548470221285495 0.6072864044564487 0.0 4.291863161493576 1.0
325096 16.264811448516802 -0.0237394551617384 -0.0237394551617384 5.685712738265914 0.6070437561148786 6.45170878048861 0.5370176115388322 0.0 1.6041341514193834 0.0
325106 16.399991147185318 -0.0239722545361941 -0.0239722545361941 4.147251489808354 0.6608571224613282 6.540998489050202 0.6020991758151867 0.0 2.0603184865716755 0.0
325196 17.31363676628279 -0.0230801189470251 -0.0230801189470251 3.0401705068670806 0.6475936579280883 5.149877659315112 0.6259091553005591 0.0 3.4588588357912706 0.0
325451 17.001219768392907 -0.0210526717989315 -0.0210526717989315 4.26876469635342 0.7052212711624352 4.990380228742534 0.6384648212388405 0.0 2.5952163761127673 0.0
325465 16.79698514441846 -0.0211285667048776 -0.0211285667048776 4.441732749127048 0.6436308762423049 8.583702500394356 0.6086159424294686 0.0 2.9241814794503824 0.0
325476 16.468083576552168 -0.0217116605480625 -0.0217116605480625 4.670158155261087 0.6571801577343895 9.177348151954135 0.599995068696201 0.0 1.4188414294652432 0.0
325725 16.600660784598485 -0.0190983161415134 -0.0190983161415134 2.0624824611753194 0.6890356699926977 3.8657128075966862 0.6005455695484289 0.0 4.200815332822998 0.0
325767 16.52541366763313 -0.0191532946066607 -0.0191532946066607 4.847696804645919 0.7093463996039476 6.5647793172531355 0.6223668109477941 0.0 1.8284681560204126 0.0
325843 16.66645813459656 -0.0188959032274517 -0.0188959032274517 10.135921506034599 0.7658472756269655 14.16718205167108 0.5993153184742145 0.0 7.194133424911564 1.0
325873 16.738025010119955 -0.0179362339029763 -0.0179362339029763 5.354217204613265 0.6656345737279254 6.275002822550512 0.5967800324704798 0.0 2.0295298066233287 0.0
325936 17.069327003829493 -0.0173696432936848 -0.0173696432936848 3.7836411316809726 0.7039263009049883 6.069846423295644 0.6243401622040681 0.0 4.281210467989883 1.0
325985 16.16047292579325 -0.0173265817190321 -0.0173265817190321 4.935463023923803 0.5310020458283211 6.447745545181604 0.49502336079071657 0.0 2.2977324125600047 0.0
325996 17.048101403162754 -0.0169602571213821 -0.0169602571213821 3.4250408283227802 0.6864903475643893 5.283608523708647 0.6232539550329709 0.0 4.404229461299073 1.0
326480 16.201309086822327 -0.0134559539555201 -0.0134559539555201 2.1442255413631743 0.5184469114471967 4.006401222991329 0.4895625684804076 0.0 3.559576743907537 0.0
326600 16.813460247362418 -0.0132840934798074 -0.0132840934798074 9.387327388819761 0.7246508929051205 11.000630434619666 0.616407472478122 0.0 2.146466431764929 0.0
326610 16.210219766223517 -0.0130611270331067 -0.0130611270331067 4.098536786873112 0.5649730087413599 5.619053515339588 0.5124836269914792 0.0 3.1320228365677227 0.0
326748 16.209667698951847 -0.0124023023913972 -0.0124023023913972 6.537508962082847 0.5708304402159243 8.307841622734273 0.5158873611165641 0.0 3.5564103493231602 0.0
326779 16.227020684650853 -0.0116280419750529 -0.0116280419750529 3.976578327966394 0.5949616575825618 5.343758409477392 0.533699592999968 0.0 2.893735825764164 0.0
326804 17.054754383065283 -0.0116160112144665 -0.0116160112144665 4.277454585490345 0.7861902020673783 8.314483969055992 0.6218494400645231 0.0 4.404229461299073 1.0
327030 17.079224234590082 -0.0100805331922172 -0.0100805331922172 4.9021852383934235 0.6907296260344999 8.90147117928387 0.6166488203747904 0.0 4.281210467989883 1.0
327133 16.415746381934298 -0.0090790784418138 -0.0090790784418138 4.952441457023775 0.6449859917721824 8.01149926519831 0.6035808695764551 0.0 2.3295831510475846 0.0
327228 17.310534781028768 -0.0089679714312668 -0.0089679714312668 16.04370830189691 0.677951176448962 22.564829582133473 0.6426451717951863 0.0 3.855656326856307 0.0
327537 17.385081114589646 -0.0055031963449513 -0.0055031963449513 2.305602740364829 0.726217220374695 4.3447787254772745 0.6301035535817908 0.0 0.6535280960933485 0.0
327658 16.66422399359503 -0.0050279602193453 -0.0050279602193453 7.154486584201627 0.7061821318507744 9.152637418442977 0.6061849907197324 0.0 7.065222658807041 1.0
327733 16.151113469274613 -0.0043233212893551 -0.0043233212893551 2.1745016718748116 0.5342018789792309 3.6732667022619134 0.4869726882021385 0.0 2.2977324125600047 0.0
327801 16.986456683004498 -0.0039652742169884 -0.0039652742169884 2.707387629920102 0.6785614582449616 5.517906677157584 0.6233252366140611 0.0 2.5952163761127673 0.0
327863 17.001295052751363 -0.0045182431804276 -0.0045182431804276 3.2754060337089674 0.699529906739371 4.976264776053585 0.6388692309026562 0.0 2.5952163761127673 0.0
328295 16.728171667076346 -0.0001234595206119 -0.0001234595206119 2.9525052354930508 0.6733284344467744 6.056640660582134 0.6017886322507475 0.0 2.0295298066233287 0.0
328394 17.34253614525293 0.0007856232321683 0.0007856232321683 2.5738741125440527 0.7146487821142486 5.112811494668334 0.6229638971974902 0.0 1.2425537352447664 0.0
328395 16.44503921405554 0.0008226141950829 0.0008226141950829 4.161162986528287 0.6923650418823698 5.661756281311885 0.6101478654985104 0.0 2.00935333932648 0.0
328471 16.213642534723913 0.0013644105270178 0.0013644105270178 4.902698862358323 0.5670761845166727 5.740082326458242 0.5066629373775116 0.0 3.5595767439075376 0.0
328518 16.316456680955945 -7.224114160633595e-05 -7.224114160633595e-05 18.3481133159841 0.7080030021682079 22.774077590496553 0.6091727525256875 0.0 1.2243339819792753 0.0
328538 16.843870390367318 0.0021644106323411 0.0021644106323411 4.96472439623354 0.696435061774037 5.54041200799368 0.6253885267872273 0.0 2.1464664317649294 0.0
329029 16.875075214662274 0.005812999882593 0.005812999882593 2.0190850345636036 0.6535898323655428 3.6613954090325422 0.613694008273678 0.0 0.7969896251638391 0.0
329244 16.649752518858918 0.0074611953262888 0.0074611953262888 3.327424849094277 0.6641133060448792 6.56201033170157 0.606359112977876 0.0 5.942609273828124 1.0
329256 16.99860391393953 0.006800279169394 0.006800279169394 6.0440426454530645 0.7037701191688253 8.773967538709462 0.640028354907878 0.0 4.111295329790595 0.0
329422 17.120536982019093 0.0084465866110826 0.0084465866110826 5.534933266528018 0.6965960491512246 8.71809789556825 0.6349300994828974 0.0 1.6953844811791816 0.0
329759 17.05984829170427 0.0112378176141912 0.0112378176141912 3.885074976084527 0.6828294094374019 5.956023798895375 0.6185774275027608 0.0 3.1613110095335157 0.0
329911 16.763454623737484 0.0126022986329024 0.0126022986329024 2.694333289062376 0.6181125068607132 5.528930600290938 0.5800027483697482 0.0 1.2943505920895328 0.0
329973 17.34871286307684 0.013034840245278 0.013034840245278 2.328358509559344 0.6671067702581415 4.7086449298864945 0.603796323820744 0.0 1.2425537352447664 0.0
330296 16.744474020856888 0.0157470665734569 0.0157470665734569 2.949494824788769 0.6389877767050666 4.514790704300993 0.5781436073057197 0.0 1.294350592089533 0.0
330576 16.282397760044184 0.0175109730300117 0.0175109730300117 6.491925833088532 0.6132585715398757 10.866716087110065 0.5481615390680966 0.0 2.3713062372310207 0.0
330693 16.484253416083327 0.0187212474784776 0.0187212474784776 4.1644517765286615 0.7589923239672567 6.128645100769661 0.6039709224911891 0.0 2.397492462243691 0.0
330875 16.159679531772007 0.0202470191987761 0.0202470191987761 3.607513358012614 0.5310537598619989 5.013563095127217 0.5025843716655515 0.0 1.0380579040160125 0.0
331046 16.9722047942001 0.0210995971544635 0.0210995971544635 4.6447425890640766 0.6386414834380699 9.000882074047777 0.5961219268181849 0.0 1.4291390664973669 0.0
331418 16.48478637159879 0.0239517240590435 0.0239517240590435 4.090855411074138 0.6130724487323872 5.568320240607466 0.5957764248916324 0.0 2.397492462243691 0.0
331524 16.73667878745247 0.0254084822360595 0.0254084822360595 2.884573219161599 0.620565776634907 5.2923138640553455 0.5821445693165903 0.0 1.2943505920895328 0.0
331536 16.504551645463714 0.0254174132606167 0.0254174132606167 3.2816498675786008 0.705209859298271 4.271565485645103 0.6030841518102485 0.0 2.4148250497158816 0.0
331592 16.258704138685687 0.0257211131354746 0.0257211131354746 3.0386784350432468 0.6145931459180475 4.466119393513199 0.541642673664487 0.0 1.7583532058643565 0.0
331605 17.301533532786472 0.0257516305618283 0.0257516305618283 3.2816093854089936 0.6673762956956434 4.322500398664773 0.605046352443469 0.0 3.0306507877110227 0.0
331654 16.297937921051272 0.0263442318480627 0.0263442318480627 2.4445633242265044 0.6163601603192128 4.3931192516158255 0.5470884139212747 0.0 2.3713062372310207 0.0
331660 16.766819360164853 0.0262080058947571 0.0262080058947571 3.9481729526781315 0.6188939368930441 8.170226324203577 0.5863582172299988 0.0 1.2943505920895328 0.0
331815 17.33658590782991 0.0275626946201675 0.0275626946201675 3.3538041845009348 0.681870568501299 4.979103420809214 0.6237117743785716 0.0 2.343156627929909 0.0
331900 16.619540179095004 0.0278449696983325 0.0278449696983325 3.191420210422429 0.6662868723693421 5.255188727291263 0.6077880923617992 0.0 3.178409281460808 0.0
332068 16.3921178562533 0.0290436534185261 0.0290436534185261 6.885089977670617 0.7199727542842023 8.812764882651324 0.6062087727067761 0.0 1.0284802634964612 0.0
332135 16.24174044519553 0.0290489828613592 0.0290489828613592 2.3060975653578377 0.5871034621209313 4.7320012361008885 0.5544911915320166 0.0 1.7583532058643565 0.0
332175 16.638419312243336 0.0298215584716552 0.0298215584716552 4.16238491970124 0.6951662654468138 6.768607169987608 0.6245951586693701 0.0 5.909137898455258 0.0
332266 16.43711848982877 0.0311000626591465 0.0311000626591465 2.5985236850165228 0.6567129043209974 4.976093653905339 0.5970355954801403 0.0 1.614159251320443 0.0
332314 16.402301160981317 0.031396352176097 0.031396352176097 3.410547722314941 0.6656941385208658 6.102795870618329 0.6080257705961463 0.0 1.0284802634964614 0.0
332377 16.391678623045465 0.0318233733324266 0.0318233733324266 2.994013622949826 0.6486330697353351 6.135094049449044 0.6043632029553322 0.0 1.0284802634964612 0.0
332403 16.25676651540638 0.032067441821198 0.032067441821198 4.968908648220353 0.6152862518643445 5.879643962380123 0.5583410149592822 0.0 1.7583532058643565 0.0
332740 16.164972924758157 0.0333921222135873 0.0333921222135873 10.98113010656443 0.6345438452032618 13.769528429329105 0.5251592586976469 0.0 1.0380579040160125 0.0
332931 17.035743208140893 0.0363510000614561 0.0363510000614561 3.903028380521232 0.6466604824644505 6.3530271828260325 0.610353430968544 0.0 3.4258514013218933 0.0
332963 16.86732743218731 0.0366301829951628 0.0366301829951628 2.424837279748489 0.6787705925682891 4.886280921892901 0.6226990763379737 0.0 0.7969896251638391 0.0
332975 17.385630634794047 0.0367357306454797 0.0367357306454797 6.642202367948289 0.7464718061945733 8.183640549488954 0.6128878156517085 0.0 0.6535280960933484 0.0
333004 16.19879476136461 0.0367410548691461 0.0367410548691461 4.382493454654312 0.5908866219408334 6.236573861201674 0.5285150168163839 0.0 1.0380579040160125 0.0
333018 16.610305718759527 0.0359448725028785 0.0359448725028785 11.550743332722124 0.7152723308141694 20.322176615508504 0.6259833597354982 0.0 2.1492131360928646 0.0
333152 17.075292862308896 0.038401801607899 0.038401801607899 3.30453310925375 0.6381235922101789 5.1015085484384795 0.6142040398323064 0.0 1.8752968343480494 0.0
333196 17.276946560760642 0.0387184312416698 0.0387184312416698 3.597655434672831 0.7178481450576933 6.0048843870029 0.6438467995032946 0.0 4.472806730702136 0.0
333272 16.425958914722766 0.039153634738853 0.039153634738853 6.271339598233283 0.7483421423265477 7.921226215894691 0.6131436876855643 0.0 1.614159251320443 0.0
333513 17.315828027745013 0.0410997501914153 0.0410997501914153 2.6027549988131056 0.6802824825903523 4.060819482494444 0.6290649747648217 0.0 3.0306507877110227 0.0
333648 16.78898899281329 0.0420900348763063 0.0420900348763063 3.0487063989465915 0.6941547699034935 5.1305178085087375 0.6029638255141343 0.0 1.294350592089533 0.0
333733 17.030504777033173 0.0428308920409202 0.0428308920409202 3.831022008932483 0.6683346977338355 4.934857078980503 0.6027245635307854 0.0 2.3729209003826046 0.0
333788 17.38373217381523 0.0430963584187394 0.0430963584187394 7.153190395089703 0.6690269153193721 7.9451798401269285 0.6115975108755061 0.0 3.070020406932194 0.0
334215 17.101076128705493 0.0461422544760642 0.0461422544760642 8.385408627200485 0.7149744816164167 11.405688534205458 0.6102627066151548 0.0 1.8752968343480494 0.0
334261 17.145418492066035 0.0471184545335214 0.0471184545335214 3.192239639580772 0.6787280277036959 6.40221237509889 0.648555607185924 0.0 3.145252957659559 0.0
334310 17.154500105095416 0.0465782481830661 0.0465782481830661 4.992063123007076 0.6944450706708309 9.138772532872528 0.640219460620765 0.0 0.9028534054703501 0.0
334364 17.348242562927382 0.0473161973381939 0.0473161973381939 3.9763420532169347 0.6626881665756026 7.603350279857331 0.6071505239424955 0.0 2.343156627929909 0.0
334389 16.855679796053444 0.0478797563003851 0.0478797563003851 3.0182193594215407 0.70363112210201 5.471249817844062 0.6481922204840581 0.0 0.796989625163839 0.0
334443 16.876774522297197 0.0483661137404344 0.0483661137404344 3.4618256521915924 0.6502794006770974 4.464738055359413 0.6100800733156273 0.0 0.7969896251638391 0.0
334611 16.271062663912602 0.0496975240255664 0.0496975240255664 5.319112313527121 0.6900068329002784 7.725212168702962 0.577807067080836 0.0 2.996070020169334 0.0
334654 16.807159818853126 0.0500777043189307 0.0500777043189307 3.0181629625058664 0.6377283216929044 5.259959674589201 0.6058348534302476 0.0 1.2943505920895328 0.0
334831 17.251791422438192 0.0512065917867643 0.0512065917867643 6.08668038758423 0.7064329991968298 9.246433987375452 0.6274252923836151 0.0 1.1128205829694093 0.0
334918 17.08393835577832 0.0521166359458985 0.0521166359458985 3.0781270474770794 0.6874585376529893 5.6185903653266145 0.6122830295491416 0.0 1.875296834348049 0.0
334937 17.15880108928618 0.0522720316047627 0.0522720316047627 3.0009376963297565 0.7211652332053904 5.623413460457539 0.6542252998523761 0.0 0.9028534054703501 0.0
334974 16.926768466325314 0.052587138771326 0.052587138771326 3.2469132303254016 0.6629581192091186 6.247161545179079 0.6085318620962823 0.0 2.0710779268849078 0.0
335065 17.163165013296897 0.0533168903189061 0.0533168903189061 4.026008936954494 0.6883512443403206 5.556013480782634 0.6517902278200336 0.0 0.9028534054703502 0.0
335097 16.702700893833324 0.0535136446186109 0.0535136446186109 3.638570830450501 0.6374749966766385 4.845664455520324 0.6046422260518326 0.0 0.7996661333375036 0.0
335305 16.959661521014098 0.0550548261543748 0.0550548261543748 3.118621063012198 0.6620923135353798 6.336690489972003 0.6144445250364291 0.0 1.7138951903306423 0.0
335318 16.63858860288685 0.0547656701824842 0.0547656701824842 5.275667631965513 0.7031078526317107 6.883510091471237 0.6390253138733889 0.0 1.4995286968091772 0.0
335379 17.28871615368811 0.0556628895306436 0.0556628895306436 6.427256919121205 0.6927531059503831 7.961317469895036 0.6031808506314168 0.0 3.292068664542573 0.0
335848 17.27810641056285 0.0594771205343619 0.0594771205343619 2.5047947151268066 0.6918432457540806 5.050968027548287 0.6327074687089378 0.0 3.292068664542573 0.0
336185 16.51910051722117 0.0601544929376308 0.0601544929376308 11.624512687346078 0.7150515183704391 13.997163377323128 0.6427146378591281 0.0 1.7916736816649665 0.0
336252 16.698493129279584 0.0628915676497624 0.0628915676497624 3.484941820854084 0.6802985148708672 5.820034225153058 0.630191973129722 0.0 0.9435593093785999 0.0
336264 17.37707020757022 0.0630714551879273 0.0630714551879273 3.195732514310244 0.6721320300779261 5.430522102761114 0.632784595997726 0.0 5.226766911900965 0.0
336408 17.338334264261434 0.0642384136037881 0.0642384136037881 2.4180754440711847 0.7035051289864335 4.901679983833817 0.6448566004420598 0.0 2.343156627929909 0.0
336548 16.88806904273959 0.0650425695304544 0.0650425695304544 5.7314072447306845 0.7022693324465835 10.549714818305988 0.6462070104242826 0.0 2.9298692250026033 0.0
336667 16.577138333958963 0.0661963865594461 0.0661963865594461 2.8351329531673906 0.7014372701049519 5.608387158952418 0.6416467661236293 0.0 1.1323712208742582 0.0
336941 16.47020487862644 0.0685661800254894 0.0685661800254894 4.357778085780222 0.706484750912684 5.4425246025134815 0.6399955854671493 0.0 1.3869726350750893 0.0
337477 17.363844716182307 0.073754100989334 0.073754100989334 3.4990818667185897 0.7395830859559841 6.484398905007256 0.6550603089805742 0.0 5.226766911900967 0.0
337514 16.249784342982892 0.0726246070259687 0.0726246070259687 15.04128917860112 0.6935845917511801 29.15362973638136 0.6268720875696768 0.0 2.374411181530558 0.0
337518 16.88358341257091 0.0739595027752431 0.0739595027752431 3.081546271439963 0.7001293743339388 5.385556120837184 0.6504750981001278 0.0 2.9298692250026033 0.0
337519 16.35180723651211 0.0739345858914708 0.0739345858914708 2.882020164266624 0.657410710864622 4.994126503312298 0.6005067226318557 0.0 1.5535053603569051 0.0
337581 16.912790954053598 0.0742404784346906 0.0742404784346906 5.259341754958325 0.7237118589814305 6.090510227446854 0.6506218330889473 0.0 2.0710779268849078 0.0
337626 16.774360675114657 0.0748124085892679 0.0748124085892679 4.030990406985599 0.674867977548748 5.261623641121768 0.6234374767770604 0.0 0.7996661333375036 0.0
337849 17.334279875569997 0.0768988525178823 0.0768988525178823 3.9795713560596795 0.7135244640049269 5.781003439183528 0.6521721302216118 0.0 2.1362203644155975 0.0
337927 17.33329679966218 0.0774596484476018 0.0774596484476018 2.995881674211491 0.6900774694095948 6.1675032194699675 0.6526097857384576 0.0 2.1362203644155975 0.0
337951 16.71789766740059 0.0775284880164101 0.0775284880164101 3.7616860570529496 0.6984684580813462 4.492247646761031 0.6291910952646012 0.0 0.7996661333375036 0.0
337986 16.97536078975553 0.0779582257373776 0.0779582257373776 4.727513432222058 0.6742297179220881 5.463872251457269 0.6257971726577227 0.0 2.1097638562590633 0.0
338147 16.994324196426717 0.0794769299346132 0.0794769299346132 3.6918861825999545 0.7139714819221677 6.408024862695669 0.6517290024013044 0.0 2.1097638562590633 0.0
338191 17.362746290221374 0.0799691603536445 0.0799691603536445 4.595975738295846 0.7014915504211195 6.591558710232855 0.6481998430808799 0.0 7.125112891468351 0.0
338218 17.277836628589835 0.0793185905947315 0.0793185905947315 2.7802385388830766 0.7322055921570598 5.490285837045593 0.6524487970086217 0.0 3.2616666331071396 0.0
338328 16.994977682667972 0.0811489355713721 0.0811489355713721 3.8890260693158525 0.7176985076845405 4.660228692820052 0.6504567884165458 0.0 2.1097638562590633 0.0
338438 16.715038292361793 0.0823036413924515 0.0823036413924515 2.841502199356356 0.6797544862708365 4.174436863324884 0.6324221363684464 0.0 0.7996661333375036 0.0
338937 16.12616360568397 0.0865125951909214 0.0865125951909214 6.546013694222649 0.6134210933575045 8.866939399320257 0.548767355251315 0.0 1.4833254545957306 0.0
338945 16.94894689531625 0.0870398275565271 0.0870398275565271 3.119550749428286 0.714892582140006 3.7238349065696164 0.6470076277347255 0.0 1.7138951903306423 0.0
339320 17.06015334866644 0.0902138728727385 0.0902138728727385 2.659555706103275 0.6776811476610306 5.44030323358832 0.6275033724970059 0.0 1.4814373300044574 0.0
339411 16.20509265330327 0.0896891514090794 0.0896891514090794 8.691770965514742 0.6519805981710581 13.729661732910806 0.5789373617038214 0.0 1.5339730083158176 0.0
339419 16.214127825821684 0.090801047539015 0.090801047539015 3.85197554901897 0.6108839850178365 4.239859603189054 0.5816128931882704 0.0 1.5339730083158176 0.0
339459 17.220840537553666 0.0912368975061823 0.0912368975061823 4.5286707835610525 0.7202456523739975 4.898179769779701 0.6484250830913589 0.0 1.1229690383656294 0.0
339721 17.350014173186352 0.0935955522132716 0.0935955522132716 3.1924116630495885 0.6842867401297271 6.011054441345863 0.6356932476096386 0.0 2.1362203644155975 0.0
339819 17.353488210435714 0.0941829782437789 0.0941829782437789 3.070194653899321 0.707932731540956 4.495455704190339 0.6325087919032617 0.0 2.1362203644155975 0.0
339862 16.861306967403372 0.0945077319704214 0.0945077319704214 4.003767693045448 0.7287854389647024 7.769930544990264 0.6509211487742841 0.0 1.506312257571028 0.0
339864 16.890989556236804 0.0946869878198301 0.0946869878198301 2.457340959669196 0.7082304810142803 4.7023613091516925 0.6334913600848004 0.0 2.993340094299788 0.0
339953 16.114696923351218 0.0952405010250223 0.0952405010250223 2.765598131342059 0.5989442524834437 4.777570716526571 0.5418083878893122 0.0 1.4833254545957304 0.0
340060 16.1578872689627 0.0953326773900266 0.0953326773900266 9.071547151868069 0.6209729322176666 12.224857468423494 0.5578301335841164 0.0 2.119048985972976 0.0
340141 16.39210533657291 0.096982855635362 0.096982855635362 2.559040564880861 0.6997832063475216 4.864135475484455 0.6229409263989597 0.0 1.5535053603569051 0.0
340225 17.13505954215544 0.0977197969924527 0.0977197969924527 2.7800880183478616 0.6593777735089712 4.4550607051578535 0.6224188557727158 0.0 1.745857539678043 0.0
340271 16.394255891261928 0.0981400071283136 0.0981400071283136 3.2633058050547796 0.7085427075716422 5.402973110774571 0.6239234559524741 0.0 1.5535053603569051 0.0
340363 16.14940956899965 0.0988024154897561 0.0988024154897561 3.003728699855249 0.6161091607537138 4.7509414578018205 0.5482061415603107 0.0 2.1190489859729764 0.0
340440 16.458033464723297 0.0996808329432106 0.0996808329432106 3.1124721253225918 0.7494049378113117 6.095833426734127 0.6304662063511924 0.0 1.401310350568811 0.0
340574 17.42624126360868 0.1007771991762349 0.1007771991762349 2.9224415591158057 0.7104346556031664 5.960057208446771 0.6247428851108168 0.0 3.456513416598041 0.0
340647 17.27582221807701 0.1011893193924626 0.1011893193924626 4.8465850901026855 0.7294930782411453 8.144770456101073 0.6399255013548165 0.0 3.5828121571952027 0.0
340657 17.408308928009262 0.101485455439397 0.101485455439397 2.8843538119828094 0.6556367686802638 4.898228827370734 0.6104915519079146 0.0 1.3334905530586478 0.0
340734 16.63187864744495 0.1017355863466718 0.1017355863466718 4.055472205071942 0.6711100005679377 5.368775720742481 0.6146220208087068 0.0 1.9826447112216838 0.0
340855 16.19065219398392 0.103046877960841 0.103046877960841 2.7746906532536744 0.6135661639740259 4.7848401244449486 0.5579770874650742 0.0 1.5339730083158176 0.0
340975 16.515539219414087 0.1041304123237198 0.1041304123237198 4.0699112833496045 0.6651333747797349 5.491044491445491 0.6057580866696877 0.0 0.766149584881402 0.0
341033 17.40718219199329 0.103994995116328 0.103994995116328 3.9874313864716644 0.6675531493836723 7.157893962237017 0.6128311354638545 0.0 1.3334905530586478 0.0
341169 16.52693800223502 0.1049772152128442 0.1049772152128442 2.422891972437954 0.6883888591815603 4.281557525485722 0.6280955401115907 0.0 0.7661495848814018 0.0
341355 16.401541871114375 0.1070920582706428 0.1070920582706428 4.928668225665649 0.6813909749656348 6.674230536888204 0.6024844903589234 0.0 1.5535053603569051 0.0
341462 16.991736977127914 0.1076507030830968 0.1076507030830968 15.847221190165932 0.7048299182145156 21.222257226068475 0.6220512328641703 0.0 1.90610790936279 0.0
341619 17.052812062083955 0.1091946331174361 0.1091946331174361 6.804852489115148 0.6778261128154939 12.394880649374297 0.6162614842977749 0.0 1.4814373300044574 0.0
341677 16.40131599638184 0.1095889681818593 0.1095889681818593 11.618656292561521 0.6972860603613731 13.511199653119224 0.6022578468635565 0.0 3.8564946420447317 0.0
341698 17.026189419202296 0.1105683501564955 0.1105683501564955 3.934454081040047 0.622535223865678 4.702150271378198 0.5844876551467457 0.0 1.4814373300044574 0.0
341843 16.234331664100466 0.1118177668572146 0.1118177668572146 4.067948670684123 0.6364547909903856 5.320783748144413 0.5829347828124523 0.0 1.5007379673245322 0.0
342049 16.404841280974956 0.1130440502977176 0.1130440502977176 4.093687810965816 0.6403023269568072 7.354019258139119 0.5739531748349965 0.0 4.247321359896517 0.0
342140 15.929702044131112 0.1141452105345727 0.1141452105345727 1.5683868940274932 0.48752308436838626 2.978518119707905 0.43695390316197913 0.0 3.267235813159731 0.0
342198 16.099256008154462 0.1145636673979022 0.1145636673979022 4.392141190037138 0.6640742738302222 6.094004132256978 0.5034035561797393 0.0 1.7596810867641146 0.0
342298 16.93189541262233 0.1158140320396757 0.1158140320396757 2.8849260217847696 0.6242670404464886 4.808514339300441 0.5853789968105777 0.0 3.702928542109505 0.0
342431 17.000805478467885 0.1168050797828812 0.1168050797828812 2.0712263007863707 0.6801768382754751 4.046194139882957 0.5968281887409419 0.0 1.90610790936279 0.0
342454 17.256214610199326 0.1170708118786643 0.1170708118786643 5.733594749754424 0.6699007859698493 6.952724686974004 0.6049107938297194 0.0 1.1229690383656294 0.0
342589 17.10848113138662 0.1180930864093403 0.1180930864093403 6.672619233228949 0.6308015187311119 7.200234139819954 0.5788602601670496 0.0 1.222542689969078 0.0
342619 17.028225902330963 0.1183921818210579 0.1183921818210579 2.338789621277706 0.667390431870792 4.840096612078298 0.5734827241254056 0.0 1.4814373300044574 0.0
342665 16.227665716053913 0.1185497774338872 0.1185497774338872 3.6144767804734346 0.7027744478394622 5.225395060804817 0.57259834838198 0.0 1.484466341303946 0.0
342676 16.2812907519451 0.1181872716373226 0.1181872716373226 6.516427588987499 0.6725012288819386 10.466550999379422 0.5779425870665612 0.0 1.5737843417631232 0.0
342760 17.417741326415037 0.11752969222185 0.11752969222185 31.39187395781752 0.7267428179627392 50.18501559291119 0.6481613309405184 0.0 3.456513416598041 0.0
342909 16.163837006156662 0.1207928310201521 0.1207928310201521 4.917583450517802 0.5875468376856774 5.497761904894695 0.5268619948907391 0.0 2.877150530742548 0.0
342979 16.299654579677124 0.1214610025670386 0.1214610025670386 2.4778444575190024 0.6221542101334806 4.465597271382923 0.5676307071836214 0.0 1.183868297043139 0.0
343237 16.129099053622912 0.123494864649065 0.123494864649065 3.69383051133387 0.5810270946070939 4.586827205748801 0.51698287764155 0.0 3.2018068026982345 0.0
343294 16.3050389328167 0.1235924647864658 0.1235924647864658 6.120448942165054 0.6220413107046892 7.002552649573457 0.5697072853971932 0.0 1.183868297043139 0.0
343301 16.778945414529364 0.1227038074611072 0.1227038074611072 15.084046538847954 0.6753939745767681 28.994236343954594 0.5946750884109648 0.0 1.0393423992207265 0.0
343425 16.134721402037506 0.1242671449422148 0.1242671449422148 5.642929754762873 0.6274889900007491 6.838973266898776 0.5177826322594473 0.0 3.201806802698235 0.0
343565 16.357071208210183 0.1263948491695312 0.1263948491695312 2.2419315238886117 0.6071764031131084 4.0864638553561905 0.5623747206588655 0.0 3.8564946420447312 0.0
343796 16.440832923072072 0.128180210632032 0.128180210632032 2.8785523977530345 0.6512319258252425 4.854238589344026 0.576896540164868 0.0 1.4040142615061888 0.0
343807 17.327369005205803 0.1284842517726313 0.1284842517726313 3.7753175649757718 0.645457687773216 6.521828688124048 0.5953804103851272 0.0 2.107462401819289 0.0
343952 16.939831577820303 0.1295170732685732 0.1295170732685732 8.62708349721968 0.6669953713839527 9.817741181164692 0.6007427784891765 0.0 3.3882516599086245 0.0
343992 16.246253355932303 0.1301326639146133 0.1301326639146133 2.3089176686617376 0.6103896383337318 4.785877415661103 0.5735501557800605 0.0 1.5737843417631234 0.0
344090 16.929983201213826 0.1292736791473319 0.1292736791473319 6.1150315548782 0.6761615264843923 8.014375765417885 0.5990243464421555 0.0 3.7029285421095057 0.0
344145 17.31252368640465 0.1311351125479016 0.1311351125479016 10.808422020395247 0.786628041219694 14.681740814763218 0.6435489774349026 0.0 4.209243696211529 0.0
344404 16.79389001767691 0.1338084294646759 0.1338084294646759 3.94100401625131 0.6714951601940911 4.632240500195686 0.6066073881669264 0.0 1.0393423992207265 0.0
344417 16.841296821370573 0.1337214729162169 0.1337214729162169 2.8000226541578255 0.684825093439873 5.651280618605342 0.6119750354343151 0.0 3.3454693965517626 0.0
344447 17.455546927098595 0.1341041456555685 0.1341041456555685 3.47424662220867 0.7129259257715493 7.005426574591402 0.6366375740469871 0.0 0.5860036800917012 0.0
344827 16.206103213249467 0.1372046440327345 0.1372046440327345 3.3330754852686746 0.6566331117540708 6.749423205452494 0.5634461719246286 0.0 1.484466341303946 0.0
344915 16.6616505666031 0.1376827226658245 0.1376827226658245 5.690124316176527 0.6579581503946458 6.770863046614599 0.5932597575956754 0.0 1.639140363947827 0.0
344945 16.72639693817126 0.1383443529150958 0.1383443529150958 2.959089897298281 0.6466184901969516 5.119739817130951 0.5827761503921067 0.0 2.3876761936880753 0.0
344993 17.408569240626687 0.1383484600764949 0.1383484600764949 6.393922801055191 0.7306814045119155 8.295978570150115 0.6255362146006497 0.0 1.5181959547477377 0.0
345026 16.69506116011354 0.1387780013102872 0.1387780013102872 6.046658664027866 0.660574539470014 7.38163211512606 0.6108019924642885 0.0 1.3474853118995374 0.0
345158 17.095908765701584 0.1396302178875535 0.1396302178875535 5.167652473518847 0.7731250935158462 9.624279158787285 0.6002501037895275 0.0 1.0488999171459559 0.0
345247 16.146282090442597 0.1405658969764661 0.1405658969764661 2.473121151451202 0.5937766639045124 5.082082386190159 0.5214273923809969 0.0 3.296149740836375 0.0
345451 17.061193441309545 0.1417501079052296 0.1417501079052296 4.373159121309735 0.6612425530348904 6.41669221881834 0.5929025385017108 0.0 2.747442479506649 0.0
345466 16.826632774797975 0.1416964335906349 0.1416964335906349 11.747745356018815 0.7050307338183783 22.205740891786345 0.6456157698822842 0.0 2.7111515876734753 0.0
345682 17.281229791442698 0.1427573418705657 0.1427573418705657 7.659681012850211 0.704784950221653 14.035209406189733 0.6390909815149279 0.0 4.981264357935787 0.0
345736 16.969276942019317 0.1435725474977168 0.1435725474977168 14.853404656671847 0.725102122099546 17.475723848540586 0.627211512020385 0.0 3.9218249185702865 0.0
345847 16.970591667252478 0.1445827121455175 0.1445827121455175 10.583908474295715 0.7042213029037855 15.967354861198354 0.6271896871865794 0.0 3.3310212889462334 0.0
345944 17.25517390308808 0.1461229138200826 0.1461229138200826 3.076976833669494 0.6512263936880396 5.587722968520963 0.6192355331550558 0.0 4.981264357935787 0.0
346153 16.23718450096917 0.1478643911770053 0.1478643911770053 3.355143508240145 0.687802336158859 4.1083826840212865 0.6191694792332723 0.0 1.4844663413039463 0.0
346462 16.89980169715598 0.1510374056850358 0.1510374056850358 4.815725805182166 0.7130517632246144 7.272137117063299 0.6438833029863854 0.0 3.0499786120388657 0.0
346490 17.463562882850777 0.1513415608338185 0.1513415608338185 3.750915469379847 0.6667980426972925 6.212735606002417 0.6322553920629698 0.0 4.094197238963551 0.0
346597 16.86241469327305 0.1517442851623103 0.1517442851623103 9.259880016400947 0.6841020483102548 15.327112095002846 0.6236226208981762 0.0 2.9896186219280985 0.0
346618 16.175808721871817 0.152316609244055 0.152316609244055 2.566833511290411 0.605854975718275 5.157694683859892 0.553990469327277 0.0 2.4547458089148506 0.0
346662 16.687198580045482 0.1528097640638711 0.1528097640638711 4.795221792292034 0.6826830929670368 6.248691086186614 0.6127894043214568 0.0 4.712450025959129 0.0
346966 16.34632095436156 0.1553990107711545 0.1553990107711545 4.528317272757434 0.6915023674880525 5.925448816234695 0.5892822299196284 0.0 1.7812730807372898 0.0
347013 17.17954547322396 0.1559625867446009 0.1559625867446009 3.292183729841959 0.6791628584035063 4.8445378048076435 0.6064695762517514 0.0 0.7095218312508983 0.0
347047 17.298487808471894 0.1559441462783982 0.1559441462783982 5.322075211761348 0.6771466375891786 10.263496093413886 0.6069848097176702 0.0 9.319935544509859 0.0
347139 17.280644841661495 0.1563375964633303 0.1563375964633303 7.282222379202888 0.7239505739573244 9.886133386027243 0.6307464526684666 0.0 12.356063858370813 0.0
347275 16.131176321864857 0.1572231975789822 0.1572231975789822 7.295054093879789 0.5940850627811315 9.438125944913178 0.540408456779764 0.0 2.3329742790885994 0.0
347367 17.1050136314783 0.159006678174329 0.159006678174329 2.4686249781670777 0.6442598434915628 4.948663249953811 0.6090524391055814 0.0 1.0488999171459559 0.0
347458 16.429838326100768 0.1597240275631063 0.1597240275631063 4.660561151350353 0.6468710340525994 5.80362568417358 0.5901567683928314 0.0 3.257877090557542 0.0
347587 16.48081727692958 0.1609329807935915 0.1609329807935915 3.1383847054339973 0.6363532335862446 4.850217412000368 0.5913720575455814 0.0 1.6041766236726638 0.0
347602 17.366624206532087 0.1613140714736716 0.1613140714736716 2.2004063976212485 0.6883403615178381 4.026281779567085 0.6096218676897823 0.0 2.219181796457846 0.0
347615 16.398230149697312 0.1607351693396284 0.1607351693396284 3.4367586395350638 0.7145310989674717 5.096068821277495 0.5948780142993287 0.0 1.443435549423577 0.0
347777 16.10874202926447 0.1624082148703981 0.1624082148703981 3.3964909842231337 0.5817628839864921 6.061789003678799 0.5224109391391547 0.0 2.3329742790885994 0.0
347994 16.433009971709073 0.1645546458924238 0.1645546458924238 4.8825041311838335 0.6593069761575434 6.8789707835598275 0.5850810459821043 0.0 3.257877090557542 0.0
348006 17.311439074014718 0.1649329199932396 0.1649329199932396 2.534765684245409 0.6861176170112562 5.055596952476386 0.6187812289596785 0.0 3.433176409585431 0.0
348084 16.782187366559036 0.1653879306349244 0.1653879306349244 2.7166036327498277 0.6571290376837128 5.175173478636375 0.5981010078980835 0.0 1.7324984892643298 0.0
348100 17.199101496112142 0.1656381011172604 0.1656381011172604 2.2576445029081005 0.6611943695580591 4.3703708217459525 0.5963980656888609 0.0 0.7095218312508983 0.0
348124 16.19272418214884 0.1655312319695939 0.1655312319695939 2.6881866690542355 0.6705894695814403 4.643844873776212 0.5812251450789943 0.0 2.45474580891485 0.0
348154 16.730450579111043 0.1659387191307992 0.1659387191307992 2.9790936772719827 0.6361450935263719 4.716072583944972 0.590160116154949 0.0 2.3876761936880753 0.0
348191 17.278296051749763 0.1644758714632918 0.1644758714632918 6.23915717471579 0.6755361305490952 7.376614849792312 0.6067564665892283 0.0 2.6854427960945078 0.0
348222 16.314093592700942 0.1652304657907094 0.1652304657907094 2.745251978311784 0.6468826792739188 4.887939995542373 0.5940669545462803 0.0 1.7812730807372896 0.0
348341 16.710965504013927 0.1675054557214234 0.1675054557214234 3.798790914104203 0.6282288579325416 5.7264385219476415 0.5988657784018508 0.0 2.3876761936880753 0.0
348370 16.93369847455113 0.1671439111022994 0.1671439111022994 8.128534067350493 0.6695780083900795 11.501687415571041 0.6081666470012598 0.0 3.0944251066879644 0.0
348385 17.45827833235748 0.1679579411353118 0.1679579411353118 4.981459086499327 0.7349727007853459 7.203986594873627 0.6448748714976175 0.0 1.0995000674666142 0.0
348459 17.029529370660082 0.1685578781500941 0.1685578781500941 4.9332115251395825 0.7208667179717942 6.862268540834564 0.6162460073359848 0.0 2.378566645683933 0.0
348583 16.36287869512417 0.1694734158609096 0.1694734158609096 3.4977040050870016 0.6095660348584376 4.080858027690137 0.5650399255847822 0.0 1.443435549423577 0.0
348688 16.722024759865317 0.1700571904215065 0.1700571904215065 8.362571996674822 0.6785893411513453 15.555146199249362 0.6099521115466832 0.0 2.3876761936880757 0.0
348691 16.737273351846504 0.1705579550688823 0.1705579550688823 2.6455986283145094 0.6334298789664434 4.498253145719904 0.5856101726608116 0.0 2.367550098059232 0.0
348717 16.104099122543452 0.1705718027996972 0.1705718027996972 3.3443909212264287 0.6052445671144322 5.272255361047027 0.5091255254392598 0.0 0.8421248559528782 0.0
348783 17.26145811252765 0.1715175266425579 0.1715175266425579 3.644563762425423 0.6803014857291455 5.136824219777956 0.6082491435854444 0.0 2.685442796094508 0.0
348943 16.979038273523333 0.1728939676240255 0.1728939676240255 2.8545764980267063 0.6575576201875656 3.7684322483803574 0.5782989305919719 0.0 1.6521626840991304 0.0
349035 16.29388066103006 0.1735616553507426 0.1735616553507426 2.5116363820546095 0.628555040928077 5.0857026046401845 0.5590265980129585 0.0 3.7349906801612325 0.0
349115 16.28302405005267 0.1742930539118106 0.1742930539118106 3.071434227203432 0.6359296711405221 4.484615779213375 0.5769194980873904 0.0 3.734990680161233 0.0
349307 17.110404943267664 0.1761939588297486 0.1761939588297486 3.202728049535379 0.7103710964510375 5.141668431562237 0.572810261724029 0.0 1.0488999171459559 0.0
349334 16.798874038942746 0.1747327935275375 0.1747327935275375 24.821704357274673 0.7180230951567379 28.110094943877222 0.6290291150821381 0.0 1.73249848926433 0.0
349405 16.938091273130098 0.1769727862648623 0.1769727862648623 3.0724748661817047 0.658087425657137 5.930482820379033 0.5845676151573257 0.0 3.0944251066879644 0.0
349415 16.33801696059749 0.1768926942102544 0.1768926942102544 4.332299877803585 0.6507071688179225 5.177989719137831 0.5768803163946054 0.0 1.7812730807372898 0.0
349475 16.445884759529072 0.1775034019411751 0.1775034019411751 2.867332244255553 0.6191944239425551 5.183496272781088 0.5613249397148102 0.0 10.414514231921412 0.0
349584 16.889624075839663 0.1785765225426029 0.1785765225426029 4.930363867178252 0.7504281214827558 6.9377044371927115 0.58393005961403 0.0 3.0133317482511996 0.0
349672 16.302175639106444 0.1792086087290188 0.1792086087290188 2.1467789825383936 0.6322411560474369 3.91684433726073 0.5601334840531365 0.0 3.734990680161233 0.0
349725 17.048015752344746 0.1798505152750109 0.1798505152750109 4.07336290334898 0.6516738868688464 6.371842378487877 0.5846695931418334 0.0 1.0067611022970802 0.0
349743 16.097186263957155 0.1796961481610647 0.1796961481610647 2.770026190543097 0.5393442874100731 5.299907618618893 0.5066201890304705 0.0 0.8421248559528781 0.0
349838 16.521492519628673 0.180699256603071 0.180699256603071 2.5505234717732415 0.6160033811480451 4.768986281896354 0.571670039698764 0.0 0.6176938354548044 0.0
349899 17.215212735534777 0.179933793823307 0.179933793823307 5.897404612974898 0.7078502710794367 9.101079306629092 0.5852385195617166 0.0 0.7095218312508982 0.0
349995 16.637010294475033 0.1820867217828204 0.1820867217828204 3.227948029168669 0.6829830908221494 6.018370331653643 0.6025642186013568 0.0 1.3487770073670071 0.0
350048 16.749362150296385 0.1809935318999528 0.1809935318999528 23.67583079451455 0.6972006336266141 40.947276773835995 0.6144784661938991 0.0 2.3675500980592323 0.0
350175 16.45562893744236 0.1831929818983625 0.1831929818983625 6.332749916439332 0.6571008639113687 8.344015608776688 0.5721940417262296 0.0 1.6041766236726638 0.0
350182 16.452726472374085 0.1830626575661216 0.1830626575661216 15.061391331277052 0.7053653780108479 18.261983122301107 0.5914171493261049 0.0 10.080744708616434 0.0
350301 16.403745926071572 0.1848352511035015 0.1848352511035015 3.524420756287098 0.6086094488693651 4.90169891156579 0.572078852957365 0.0 3.4677389337941 0.0
350328 16.301158995791845 0.1842009666253461 0.1842009666253461 4.152782250346921 0.6357693169567004 7.728407221364041 0.567665858685857 0.0 3.734990680161233 0.0
350596 17.301183086951973 0.187315853215872 0.187315853215872 3.120033561105696 0.6660378642862147 5.462838050483069 0.5932208720510778 0.0 1.5650737643024133 0.0
350644 16.67511984867994 0.1872763825794595 0.1872763825794595 7.29960151367633 0.6261624075120585 8.470133919634787 0.5575918630533946 0.0 1.3487770073670071 0.0
350852 16.994093270217746 0.1894496900033692 0.1894496900033692 4.418117120108615 0.6532569889750688 7.999211046825208 0.5855152507287673 0.0 1.6521626840991306 0.0
351086 16.183885343049838 0.1917040134040237 0.1917040134040237 2.281476706383531 0.592847738908531 4.417204726171467 0.5307224539007325 0.0 1.6428159972356318 0.0
351113 16.114415663924294 0.1907702738183442 0.1907702738183442 3.8635975369786393 0.5998639995738444 7.892989130032884 0.5231932467660155 0.0 0.8421248559528782 0.0
351142 16.181232045803664 0.1918855455429023 0.1918855455429023 7.589066602121967 0.6027904698747512 8.321229709723115 0.5310305510236241 0.0 1.642815997235632 0.0
351144 16.926461864688232 0.1923526607050259 0.1923526607050259 5.118232165337263 0.6514878625910158 7.223625983816828 0.5839780098683616 0.0 4.678236038451107 0.0
351167 16.663150688088425 0.1926452974668352 0.1926452974668352 3.619256934117195 0.6207774922891299 4.821432323231912 0.571565911420896 0.0 1.3487770073670071 0.0
351206 16.853546599087096 0.192776135685957 0.192776135685957 3.891580321679584 0.6775258157101639 7.63215983304126 0.6382698398475021 0.0 1.7777150897798049 0.0
351302 16.92163795117598 0.1927357914305716 0.1927357914305716 3.8768514559626106 0.6483500343150379 7.174967033996853 0.5879415155715388 0.0 4.1739804767101045 0.0
351371 17.24260506993723 0.1944776474247143 0.1944776474247143 2.8298113633811366 0.6930172502202627 4.337923281220757 0.6108036277173229 0.0 0.7095218312508983 0.0
351445 16.566333897040664 0.1943290745063503 0.1943290745063503 3.4531150326815543 0.6608604869412318 6.3170838060894905 0.5785810696824434 0.0 0.6176938354548043 0.0
351569 16.311602294676096 0.194226122760461 0.194226122760461 21.018270354633415 0.6783904805207002 40.51475363383677 0.6039438313700521 0.0 3.627405598324629 0.0
351768 16.578382819169278 0.1974405494383695 0.1974405494383695 5.263078501282063 0.6379906738082824 6.154352566071317 0.5704810691066622 0.0 0.6176938354548045 0.0
352121 17.360573244027478 0.1999989666911226 0.1999989666911226 8.130419114942908 0.7422889368286366 14.231425606709339 0.6427448578502443 0.0 2.219181796457846 0.0
352193 16.412451171123934 0.2012180145032356 0.2012180145032356 4.864786383448196 0.6438046109694417 5.467620071148009 0.5794147268297861 0.0 3.4677389337940996 0.0
352214 16.258296554579996 0.2013363145333481 0.2013363145333481 3.3526620825784805 0.3369259479847505 6.726941695231466 0.30677707453660397 0.0 3.078936591478567 0.0
352389 16.522011824739693 0.2030389782226385 0.2030389782226385 2.812854497594807 0.6643012995936916 4.841037333233365 0.5763260943760237 0.0 1.0457829169964175 0.0
352425 16.449635169241795 0.2024074926106536 0.2024074926106536 5.230762038519782 0.6522374972907591 7.980063135112899 0.5936935116820532 0.0 1.7946060715069385 0.0
352446 16.69720140447939 0.203661922843972 0.203661922843972 4.480018400505232 0.6624306103152245 6.933187018495149 0.5970023625031182 0.0 2.9874641817269905 0.0
352555 16.701248895194905 0.2045229481694469 0.2045229481694469 3.202570318435604 0.6968448618805216 4.758249622504714 0.5960969344863757 0.0 2.9874641817269905 0.0
352589 16.392178634631758 0.2047054649154097 0.2047054649154097 2.4106320812827695 0.6365563583271427 4.2526193409804245 0.5699237954741501 0.0 3.4677389337940996 0.0
352611 16.65903097227044 0.2050659247436589 0.2050659247436589 2.431329491815238 0.6152680920798588 4.965347595027753 0.5831701948693657 0.0 1.3487770073670071 0.0
352614 17.38260760212983 0.205249468099214 0.205249468099214 2.514780445723436 0.6847732087286266 4.4976990910894274 0.6228697349499266 0.0 1.9548433619279777 0.0
352623 16.24012784193097 0.2040212641229253 0.2040212641229253 8.41169087750573 0.6525516479997882 11.157410512433339 0.6004768374169512 0.0 1.7979532949961539 0.0
352792 16.309958572597893 0.2064646688395696 0.2064646688395696 3.195317391807652 0.6401948551190608 5.492133801734551 0.570662401929367 0.0 3.627405598324629 1.0
352936 16.25514537388361 0.2076712450052931 0.2076712450052931 5.213870904755034 0.6265783438988011 6.795930059271128 0.5591910761410017 0.0 5.578611200523622 0.0
353000 17.38135163481784 0.2083698434695564 0.2083698434695564 6.380500850164927 0.6833294317803008 9.195016867850754 0.6268155361419043 0.0 1.755890431074747 0.0
353213 16.62099444023722 0.2104239443272635 0.2104239443272635 3.5873691780460994 0.6405606056036814 5.635876792541413 0.5703461285413034 0.0 0.8340735314486325 0.0
353340 16.42409500223843 0.2107846866394379 0.2107846866394379 6.095851710665694 0.6734222387504842 7.680027680920812 0.6013930555285193 0.0 5.6335119943514425 0.0
353381 16.413548110947414 0.2075397766343329 0.2075397766343329 4.618604550050053 0.6452522920594175 9.18469739112301 0.5856232289330705 0.0 3.4677389337940996 0.0
353411 16.672328213184286 0.2120191956824415 0.2120191956824415 4.111150639492199 0.6383121098322357 5.695719456755819 0.5483563530713292 0.0 2.2458508757062368 0.0
353682 16.290592555690964 0.2135440734115148 0.2135440734115148 6.605183200731238 0.6440250299001445 10.896193647596553 0.5686035668550189 0.0 4.08022941917241 1.0
353731 16.74866794809895 0.2147254356971519 0.2147254356971519 5.16530273079248 0.6967316995237137 10.263431327092919 0.6130126485506734 0.0 2.524487188388936 0.0
353777 16.231654086332522 0.215266720609494 0.215266720609494 2.595707702035229 0.6370506481611857 5.374585118097306 0.5807700811991365 0.0 1.7979532949961539 0.0
353791 16.355530239765343 0.2151072007918537 0.2151072007918537 6.654347920151145 0.6490601250357941 8.949446284311268 0.5770017113993957 0.0 2.1681551572611215 0.0
353846 16.41812771223472 0.2146937242918456 0.2146937242918456 31.00682903769137 0.7308981201707926 35.58229226493171 0.6171132322365613 0.0 3.339430594822919 0.0
354130 16.310662885844888 0.2183934667832147 0.2183934667832147 3.389284411224504 0.6358320677930207 5.184467510075459 0.565917374035826 0.0 4.08022941917241 1.0
354414 16.490947857887413 0.2212543668050626 0.2212543668050626 5.625624528576184 0.6679001253648651 6.057249953287552 0.6004576006607828 0.0 1.0457829169964175 0.0
354449 16.2871899435425 0.2214164677644722 0.2214164677644722 3.1775555823721437 0.6136026912720505 5.001209466632737 0.5501668872046107 0.0 4.08022941917241 1.0
354484 17.17449539464738 0.2219482182913395 0.2219482182913395 2.7032224988053835 0.699757902652765 5.233263975662421 0.5957256419155088 0.0 1.8824727749549726 0.0
354500 16.948909208885997 0.2221146364871529 0.2221146364871529 2.4657491217479093 0.6525572122877809 4.651377467301071 0.5920818217425537 0.0 1.3966221992689052 0.0
354591 17.31920161786718 0.2229727006841036 0.2229727006841036 2.9407204690384137 0.7362086988627483 5.549264649873557 0.6381988930426236 0.0 3.1932787220661463 0.0
354662 17.3426703355896 0.2231140057040262 0.2231140057040262 5.432383072218299 0.7306717734158967 6.508686532890772 0.6227118235860372 0.0 4.366959814292975 0.0
354684 16.320012165981318 0.2234911632046785 0.2234911632046785 2.9445799237197723 0.5978636837940997 5.717235137605898 0.5493845023217011 0.0 4.217788515511927 1.0
354706 17.09114998296761 0.2239223626108593 0.2239223626108593 3.216302838642323 0.6998277774366367 4.703099233178478 0.5890373668727364 0.0 1.1574614930347833 0.0
354950 16.390214375160696 0.2257342802387586 0.2257342802387586 3.1804188203033297 0.6645320434805014 5.031475811378184 0.6014694102568187 0.0 3.42869580289931 0.0
355089 16.81450892354987 0.2264565251903638 0.2264565251903638 4.984445676588541 0.7133998879423213 8.911348751412081 0.6476276461549278 0.0 1.511498844606246 0.0
355157 17.19168057422243 0.2274880249118395 0.2274880249118395 3.7443207642882643 0.6849641406410018 6.285185813591921 0.6108625483305941 0.0 1.8824727749549726 0.0
355198 16.359823851405963 0.2277325185992395 0.2277325185992395 4.334869607129107 0.6704219238176513 6.952981305816332 0.5800357109505992 0.0 4.256020286260726 1.0
355205 17.3338370709259 0.2281800982890148 0.2281800982890148 2.88476880572532 0.7086488476589634 5.245897657334052 0.6478172582508699 0.0 3.1932787220661463 0.0
355263 16.306548836989435 0.2284575159794 0.2284575159794 2.4747171326607647 0.6052958992191794 4.6541953816835875 0.5654230383311262 0.0 5.1275937921240295 1.0
355456 16.90047059588799 0.2306046617998763 0.2306046617998763 2.60382512385003 0.6909225684719894 4.738281637833654 0.6170897721497212 0.0 1.4324858944045908 0.0
355499 16.78995433956628 0.2307858504907455 0.2307858504907455 3.5048742677426628 0.6996242473201865 4.4669372775505645 0.6398418073018745 0.0 1.5114988446062458 0.0
355506 16.637359194446812 0.230798121506586 0.230798121506586 5.123571678526854 0.7047571059860817 5.4600704812924 0.635524996811209 0.0 1.1467034549252377 0.0
355531 16.371602966081838 0.2309450647634856 0.2309450647634856 3.6484653216534144 0.6196039264090861 5.429875984672401 0.5850422505695636 0.0 4.256020286260726 1.0
355541 16.947171307140803 0.2311001161231896 0.2311001161231896 2.909651691465376 0.6951085967090699 5.939374991603914 0.6475226036804815 0.0 1.3966221992689052 0.0
355649 16.747333673957304 0.2321486710386147 0.2321486710386147 2.4758306498451375 0.6979691493241681 4.937097375637638 0.6238492901455593 0.0 6.630329732937985 0.0
355690 16.543564385365865 0.2324000235555254 0.2324000235555254 2.5648669585664376 0.6778456247764182 4.741678457542366 0.6091741431345671 0.0 3.68569132294624 0.0
355849 16.034968574919453 0.2333467663207956 0.2333467663207956 2.27540373714198 0.5024992725073631 3.4409294360933664 0.4590443690156464 0.0 1.2435937207357775 0.0
355871 17.212115569945592 0.2341829422602323 0.2341829422602323 3.2995912973277313 0.6818622675259972 6.622785476425832 0.6156992920301515 0.0 1.6712408320626229 0.0
355947 16.715124826855195 0.2346447382304215 0.2346447382304215 2.5849075639234336 0.7155481130319473 4.633299809385768 0.6388854417969106 0.0 2.9248454335270386 0.0
356045 16.525486052021392 0.2350526169710703 0.2350526169710703 6.6225865420999925 0.6950586288339592 9.014635324627607 0.6328463235807726 0.0 1.0457829169964175 0.0
356046 17.188357911428966 0.2344746579235749 0.2344746579235749 6.236520425767873 0.7743295836694429 8.07070958865272 0.6322707145126621 0.0 1.82931591540811 0.0
356114 17.21040843087246 0.2363443491175929 0.2363443491175929 2.410039784908104 0.6840399499080397 4.947051173734068 0.6192603709747673 0.0 7.372669973260083 0.0
356157 17.08408837346765 0.2369112797645279 0.2369112797645279 3.728554671735177 0.7123823881151302 4.733313301330856 0.638591546911003 0.0 1.1574614930347833 0.0
356376 16.281234274123364 0.2384426118492102 0.2384426118492102 5.80572962390446 0.6554726090111131 8.039820688913467 0.5950232942992278 0.0 3.599158986256298 1.0
356571 16.99584535693617 0.2407439587446842 0.2407439587446842 3.2846061990486755 0.720210577225557 6.461480254309708 0.6458054334822589 0.0 1.2541010349709671 0.0
356704 16.535365723078048 0.2422431274160208 0.2422431274160208 2.8313105813894897 0.6538137959396043 5.092289326606717 0.6160546054749105 0.0 3.68569132294624 0.0
356754 17.065511551441244 0.2431253589748506 0.2431253589748506 3.887487940010885 0.6800985403022417 5.59630109390719 0.6264066713792706 0.0 3.3885923428067546 0.0
356813 16.225577473754054 0.2431830478165069 0.2431830478165069 3.074865039573645 0.6768441938256481 4.2385635042091865 0.5878265328188046 0.0 1.797080116607447 0.0
356930 16.617966566240636 0.2445904234323559 0.2445904234323559 2.999563697500612 0.6922806027730275 5.72419938413124 0.5968231928497817 0.0 2.6896893790487613 0.0
356931 16.88851098321104 0.2446703534732658 0.2446703534732658 2.7648415371034636 0.6866028237798658 5.535505347569896 0.6204127737037375 0.0 1.4324858944045906 0.0
356950 17.25245197269111 0.2449519091161228 0.2449519091161228 4.31531571487999 0.6712071205056444 6.064825681439696 0.6053131948362643 0.0 1.6712408320626229 0.0
357001 16.237804948124445 0.2450525266219463 0.2450525266219463 3.2145020001431743 0.6366895238366955 5.5488971686011 0.5929983746303336 0.0 5.578611200523622 0.0
357032 16.893307991667687 0.2450408653353634 0.2450408653353634 6.623656538376835 0.6947292660815079 8.195113072746077 0.6235328364933816 0.0 1.4324858944045908 0.0
357158 17.33587753829642 0.2470773107364652 0.2470773107364652 5.412138819916483 0.7163193545124609 6.491729216444159 0.6438022098870887 0.0 1.7207787112629127 0.0
357162 16.547144929269972 0.2460005690822718 0.2460005690822718 4.222712236862222 0.6326607038922786 6.501907700882717 0.6095398475178991 0.0 3.68569132294624 0.0
357164 16.751180171948665 0.2462151657294546 0.2462151657294546 6.317915853735815 0.6933914611480005 9.107734915239199 0.6262417812189668 0.0 6.630329732937985 0.0
357300 16.677348070115524 0.2466626750885482 0.2466626750885482 5.316320923721384 0.6523365481950435 6.225689256476449 0.5895261916459502 0.0 1.1467034549252377 0.0
357403 16.94679131952863 0.2493974163706929 0.2493974163706929 3.2772590200411016 0.7061850090348013 5.744118053691103 0.6417017209263918 0.0 1.3966221992689052 0.0
357505 16.760818734925582 0.250127777815081 0.250127777815081 3.9912437149632116 0.7122396667726625 7.593512494594286 0.6351436867060054 0.0 3.4644666126919548 0.0
357543 16.36962640297751 0.2504589411516687 0.2504589411516687 3.558882426386363 0.6365005178964768 5.207954765292687 0.5878833288907319 0.0 7.090730302549324 1.0
357678 16.3045983511046 0.2511083750166898 0.2511083750166898 3.4123610505419903 0.661602525597358 6.909120085391236 0.5769074847717912 0.0 5.12759379212403 1.0
357816 16.5661566013011 0.2527007629249934 0.2527007629249934 6.01153754917146 0.6511684144414358 7.682028998866776 0.5768226318781161 0.0 2.592713433027743 0.0
357865 16.36077543546331 0.2524395590966808 0.2524395590966808 6.803062723983004 0.6593591766935776 12.830181788130794 0.5684920477484758 0.0 7.090730302549324 1.0
357942 16.861770369492312 0.2542863292861777 0.2542863292861777 3.1474104008633406 0.6467083284915416 4.334221428879093 0.6106258100448416 0.0 4.201326165982038 0.0
357993 16.256851939583882 0.2544914248913081 0.2544914248913081 3.077967256216001 0.6458728454639183 5.888377501184658 0.5644376503038037 0.0 2.5295173676131593 0.0
358045 17.514924409446422 0.2555772186739257 0.2555772186739257 4.145678041613044 0.6928095840176973 6.561298932251563 0.6512345636885395 0.0 1.1097289240606354 0.0
358334 16.336868115037827 0.2573155542528171 0.2573155542528171 2.155736950164895 0.6054758396620418 4.2029494957609925 0.5682783703933109 0.0 5.468360993685233 1.0
358529 16.43561647843808 0.2591640186865129 0.2591640186865129 4.199799380368337 0.6777982066043382 5.434317306161828 0.6087907986200767 0.0 1.7802990526540516 0.0
358632 16.343629593993153 0.2594326233673399 0.2594326233673399 11.090428101702575 0.6402670109319173 12.890841306301915 0.5724559397318972 0.0 4.226913579720504 1.0
358677 16.568145396576963 0.2602578857734935 0.2602578857734935 4.8078700238528675 0.6789972578515083 7.5639993963253165 0.592275180756866 0.0 2.6896893790487613 0.0
358742 17.543352401328825 0.2614795917801032 0.2614795917801032 2.887379673896865 0.7015804933904581 5.296694282026246 0.6308735903728896 0.0 3.1774711676430023 0.0
358772 16.33503556249161 0.2528277273846389 0.2528277273846389 15.556189928469589 0.6383391100220877 17.249395815373273 0.5777952211533426 0.0 6.027197536565982 1.0
358800 16.318676637002984 0.2613741296667459 0.2613741296667459 5.540342220029536 0.6304418144621314 6.864210757903144 0.5630055549259094 0.0 2.765052313733578 1.0
358940 16.57847539999093 0.2627756707770548 0.2627756707770548 3.8085581388426126 0.6616979171041996 5.341013244540895 0.5708434386038845 0.0 2.6896893790487613 0.0
358965 17.23967503548766 0.2633494047265458 0.2633494047265458 4.030773575008439 0.6643778599901764 4.480591640387844 0.5890672005836083 0.0 1.857638248399357 0.0
359065 17.51313093268054 0.2643436807290348 0.2643436807290348 2.8502847957519237 0.7027537355321113 5.034669318918286 0.6425408117491717 0.0 10.698139480834383 0.0
359085 16.99902827938186 0.2642381286859497 0.2642381286859497 2.8999444689249216 0.6400712442710468 5.27596146247138 0.5936172857138353 0.0 1.2541010349709671 0.0
359183 17.19933479230191 0.2644273498550508 0.2644273498550508 6.300989182188587 0.6730652912236763 11.212655282899277 0.5973952095116197 0.0 2.983412707464784 0.0
359285 16.28175387170796 0.2651198924737034 0.2651198924737034 6.113604893175744 0.6444320361388389 7.38477643631505 0.5656181871105705 0.0 7.995132473059219 1.0
359366 16.61849419639079 0.2664972870908962 0.2664972870908962 4.383037723518599 0.6480594223571992 5.945531268618162 0.5785949242672072 0.0 1.3306897396723623 0.0
359419 16.373183414386162 0.266115078480066 0.266115078480066 5.225658117651217 0.6819530191456761 7.134190518843035 0.5906024714147677 0.0 1.9508122114227047 0.0
359455 17.514135865611827 0.267495742953071 0.267495742953071 5.192854426740734 0.7131406106422686 7.158366511735935 0.632127919582335 0.0 10.698139480834383 0.0
359528 16.905023745268476 0.2679658085037253 0.2679658085037253 3.5426567247225433 0.6683529504796549 5.2826779746000145 0.597840101345043 0.0 1.4324858944045906 0.0
359591 16.289994928485502 0.2683259849308195 0.2683259849308195 2.33160120345056 0.6248662699444558 4.006292678242667 0.553166919846328 0.0 7.995132473059219 1.0
359600 17.100405557344104 0.2687630751283202 0.2687630751283202 2.369595342004343 0.6356338247911708 4.687375567072229 0.5840809664294885 0.0 1.1574614930347833 0.0
359669 16.27859503996622 0.2685694839185982 0.2685694839185982 4.967823393873858 0.6646541242410553 8.254510098318589 0.5513928634441211 0.0 2.5295173676131593 1.0
359874 16.739143599372436 0.2695152430817526 0.2695152430817526 6.685182225615865 0.6862265920094593 11.052662383533283 0.6111268283977686 0.0 4.265202023753243 0.0
359891 16.440286401992253 0.2706973317319802 0.2706973317319802 3.0569779465788876 0.598646210519804 5.693019100327668 0.5642628069892038 0.0 1.7802990526540516 0.0
359950 16.89240091926241 0.2713734120624894 0.2713734120624894 2.9624367580953894 0.6500934444855735 5.954705295661335 0.5934428801835123 0.0 5.292455186065395 0.0
359971 16.831928892446577 0.2712662287839095 0.2712662287839095 6.059248438511724 0.6636160059092856 7.048735027986837 0.5936357112814906 0.0 2.2618149681663473 0.0
360063 16.867192755790953 0.2724606830640662 0.2724606830640662 4.314515857254027 0.6788863961609679 6.073335435222672 0.5947580356554344 0.0 4.201326165982038 1.0
360132 16.469616529108276 0.2730029314899507 0.2730029314899507 2.7959309162895334 0.662820291609014 5.376512398996437 0.5747458218963977 0.0 1.257166869966087 0.0
360244 17.596432168911587 0.2745203257686711 0.2745203257686711 3.0217849835970316 0.7317894674604116 5.059242150382213 0.6328572166836631 0.0 0.0 0.0
360295 17.43122658023831 0.2749185550270083 0.2749185550270083 3.0518965587245765 0.6781019798515113 5.179375306374307 0.6333498270032716 0.0 0.7938908120016389 0.0
360308 16.914004506897818 0.2744384216808275 0.2744384216808275 2.1039773288235426 0.6559677273459388 4.223003878446703 0.5984301186662676 0.0 2.928815534022957 0.0
360405 17.509676456343353 0.275042620006952 0.275042620006952 9.7028699346611 0.7081832340136909 14.609154894047865 0.6149053187399113 0.0 2.687097474594651 0.0
360474 17.20600333247909 0.27649345291383 0.27649345291383 2.9465223339284736 0.5897107738375271 4.5229587288278035 0.5491956499102396 0.0 2.9834127074647845 0.0
360495 17.209080259418755 0.2766269545633488 0.2766269545633488 4.557617723751889 0.6649857362700068 5.999375901958421 0.5496471085078167 0.0 2.9834127074647845 0.0
360585 16.216435458853123 0.2769072945128975 0.2769072945128975 2.5421598606827103 0.5908778844887598 4.942075497906627 0.5337813041476557 0.0 1.3198034295538676 0.0
360780 16.46969145203311 0.2788795004433529 0.2788795004433529 2.4720049303051184 0.6110011543571843 4.125753835369678 0.5507214826274288 0.0 1.2571668699660874 0.0
360781 16.853676009531476 0.2780843513572704 0.2780843513572704 7.432622394980756 0.6530087768771486 12.468743355057299 0.5771890830699206 0.0 4.201326165982038 1.0
360835 16.239027197643946 0.2792720538334335 0.2792720538334335 2.3036788072278145 0.5651457282992146 4.321027383332994 0.5270436367376394 0.0 1.3198034295538676 0.0
360885 17.17023324366767 0.2801009776878324 0.2801009776878324 2.1168790889847515 0.5966236953623545 4.345184706014084 0.5601496563193665 0.0 1.6502779187482934 0.0
360905 16.551772220823572 0.2800980867028323 0.2800980867028323 2.6022906899594003 0.5968394177507372 4.754677817845313 0.5285138708516589 0.0 5.503863921165102 0.0
360907 16.39847469180051 0.2800006051293636 0.2800006051293636 3.8823329013899848 0.6277890979053565 5.462445847274974 0.5421640232342749 0.0 1.7802990526540519 0.0
360947 16.757764516818376 0.2798364857680253 0.2798364857680253 8.791873173155949 0.6473284412685792 15.240495188211979 0.5676173805151914 0.0 3.67574690156021 0.0
361017 16.890620628960754 0.2811103402289275 0.2811103402289275 2.933132894958776 0.6450268859622479 4.22476634644158 0.5654353091668883 0.0 5.292455186065395 1.0
361153 16.424770682081935 0.2820546842592975 0.2820546842592975 2.7521499133951792 0.5896100377714881 4.283066078599981 0.5467917893216402 0.0 1.7802990526540516 0.0
361194 16.645436039415337 0.2825164164922992 0.2825164164922992 2.2655161217274156 0.5937277121849894 4.445905863366817 0.529353335078675 0.0 2.090099440408893 0.0
361315 16.41624493539942 0.282788698543808 0.282788698543808 4.155592310364469 0.6252574672001765 8.454849711686522 0.5500781972605086 0.0 1.7802990526540516 0.0
361381 17.089534487146164 0.28377734957697 0.28377734957697 7.4120182067472555 0.662083574506294 8.69964721969699 0.5862670808443491 0.0 1.1574614930347833 0.0
361506 17.367116464134302 0.2844260249490621 0.2844260249490621 8.472953765418524 0.6884160553214541 11.396623051910947 0.6035697060773935 0.0 3.4796130770540517 0.0
361763 16.555349547278876 0.2864734909617407 0.2864734909617407 5.369516735011222 0.603900443588908 6.579227743512711 0.5198349391976659 0.0 5.503863921165102 0.0
361872 16.851302054097623 0.2862664642965992 0.2862664642965992 22.53801787037331 0.6987241437046828 26.03136257414277 0.590687092540296 0.0 6.647251814414299 1.0
361927 17.067333847047088 0.2886826644515925 0.2886826644515925 3.7159428148973506 0.659443510254148 7.364628573810206 0.5759672786570492 0.0 3.3885923428067546 0.0
361933 17.379025152635684 0.2890159120248872 0.2890159120248872 7.513142640675086 0.6613733133886586 8.311796746156148 0.5783934662437719 0.0 1.2661096824779015 0.0
361934 16.708203456362934 0.288672585913904 0.288672585913904 4.139847012564537 0.618990025617643 7.3836168230215184 0.5796118327624685 0.0 1.4088623618338552 0.0
361963 16.173068273837714 0.2885253393920815 0.2885253393920815 3.791541206478288 0.6555553287716304 6.177898407125605 0.525475300317564 0.0 0.9484913387233982 0.0
362058 16.692990459589204 0.2898772887221773 0.2898772887221773 2.2177086623260642 0.5897091505964952 3.948485839676054 0.5436877700381445 0.0 1.4088623618338552 0.0
362070 17.534362397016977 0.2901000342451539 0.2901000342451539 5.1787600907051425 0.7013557735190686 7.560334884407273 0.6004339603098288 0.0 3.31756005823765 0.0
362076 16.900629433441754 0.290122722705344 0.290122722705344 2.3243645005928717 0.6180781202565017 4.719281027654524 0.5624643891795866 0.0 5.292455186065394 1.0
362156 16.60228551301038 0.2905421123015765 0.2905421123015765 2.9272064546899137 0.6041882195882788 5.655999804350536 0.5279631639833008 0.0 1.3306897396723623 0.0
362348 16.312404352514186 0.2918373484453456 0.2918373484453456 2.049862428072321 0.5851521977043646 3.555472730669506 0.533269740344058 0.0 2.7650523137335785 0.0
362353 16.327364119227305 0.2918437863228598 0.2918437863228598 2.313443585524677 0.6099048808386514 4.357145358739981 0.5460244178642275 0.0 2.7650523137335785 0.0
362371 16.230472919541384 0.2913961454288437 0.2913961454288437 7.926393744243492 0.6178488064796632 10.427199987087327 0.5309572607852633 0.0 1.3198034295538676 0.0
362493 16.606745883076613 0.2931896614662365 0.2931896614662365 1.7252362447649863 0.5914386690817117 3.4882351174573096 0.5372300656732234 0.0 1.3306897396723623 0.0
362544 16.17624133097801 0.2933345626431434 0.2933345626431434 3.1387788400433125 0.6834206097437487 5.4619888777459105 0.5379272757622545 0.0 0.9484913387233983 0.0
362589 16.889832506850574 0.2936789096405451 0.2936789096405451 5.902072165927431 0.6769871158032821 9.557205457158773 0.5939692642724849 0.0 5.292455186065395 1.0
362840 17.328361964528966 0.2961527154642415 0.2961527154642415 6.568111370640876 0.7361904907591585 7.925920808464328 0.6200724093044347 0.0 2.1409216574463623 0.0
362937 17.049559200179 0.2969778022870292 0.2969778022870292 3.8802194334130786 0.6458827172769587 7.821719137349943 0.6044677303894527 0.0 6.9782205676669165 0.0
363017 17.081294245390698 0.2969561514587311 0.2969561514587311 2.7171253685998593 0.6408426668185929 3.7259150256854277 0.5793005681415732 0.0 1.1574614930347833 0.0
363045 16.423509966148323 0.2978261256959262 0.2978261256959262 2.4535197467320287 0.6106941379678558 3.864069700197313 0.5575601623213418 0.0 2.6272095372634636 0.0
363053 16.559259114607585 0.2970554362382366 0.2970554362382366 10.091376569577008 0.6555699554357608 13.7214957685453 0.5486722401791486 0.0 2.349510141648212 0.0
363101 17.126439622470173 0.2982621156293805 0.2982621156293805 2.9087305418426883 0.6313800413033094 5.77897521038054 0.5919038109299503 0.0 1.9488722069555768 0.0
363276 16.885455960599437 0.2997081513422405 0.2997081513422405 4.531699864477144 0.6679267820185454 7.8046159357310465 0.5901699019211392 0.0 8.253857169815745 1.0
363331 17.007610618875656 0.3007102000746338 0.3007102000746338 2.8884588121394907 0.678448821156496 4.238495261366018 0.6247179442830401 0.0 6.355347683465547 0.0
363380 16.911822703929776 0.3003500902283757 0.3003500902283757 6.081746816303423 0.6553055888426618 10.805016831281243 0.5873231452803791 0.0 2.928815534022957 0.0
363410 17.233308724425758 0.3015304322812944 0.3015304322812944 3.670424194703841 0.630742027761591 6.333587887049404 0.5653987155517404 0.0 1.8576382483993568 0.0
363434 17.532205132714434 0.3015420606602075 0.3015420606602075 4.266844497258768 0.6524940960172806 5.294317113402532 0.6030683400722466 0.0 3.3184195488714296 0.0
363458 16.530825979817664 0.3002362152573328 0.3002362152573328 13.80203481321152 0.6283578799305585 19.19350694475097 0.5556621099606993 0.0 1.1261811742819914 0.0
363552 16.665270436770893 0.3016096691390171 0.3016096691390171 12.614810594094399 0.660161084985295 15.654818090698365 0.5761471307388174 0.0 2.0900994404088933 0.0
363635 17.356874192792535 0.3034509155169677 0.3034509155169677 4.161315438464723 0.6947532522908108 4.979439484621797 0.6214392877010748 0.0 6.144343878519769 1.0
363795 17.362023447574536 0.3050153142924576 0.3050153142924576 3.5805439924087232 0.7271558921332474 6.755588238152282 0.6208255785248636 0.0 6.144343878519769 1.0
363840 16.654624387981954 0.3042672126570165 0.3042672126570165 4.025111260294654 0.6121269033293176 4.727580001184168 0.5420705434151428 0.0 2.0900994404088933 0.0
364045 16.508881126961967 0.3067493640449844 0.3067493640449844 2.310930188734789 0.5958019443276305 3.6375924340956005 0.5458393509991606 0.0 1.1261811742819914 0.0
364094 16.152758124256714 0.3065594809477712 0.3065594809477712 3.251948779590716 0.5669983698813511 4.76532614782108 0.49440059978077944 0.0 0.9484913387233983 0.0
364114 17.207044328561288 0.3071767648846158 0.3071767648846158 7.398134908485159 0.6447976451884263 9.088187847274398 0.5706651445191019 0.0 1.929172946330972 0.0
364150 16.250518263104674 0.3072407380704129 0.3072407380704129 4.9910757907025225 0.6168568910585003 8.346840604963685 0.5457469785167289 0.0 2.4312508597459073 0.0
364174 17.257924963967746 0.3081466366287606 0.3081466366287606 4.954398739021884 0.6426754811600178 5.80600323907754 0.5861397113717796 0.0 1.8660331470582003 0.0
364208 16.61238164428162 0.3075282719842582 0.3075282719842582 7.245075610745122 0.6125027200279105 10.33150626711478 0.5390511195051593 0.0 1.3306897396723625 0.0
364330 17.10378655361842 0.3096060461452876 0.3096060461452876 2.687627464020502 0.670712951577184 5.417533172024764 0.6149396590536339 0.0 1.9488722069555768 0.0
364377 17.469871608437558 0.3102483656921713 0.3102483656921713 3.6231411751142324 0.69963312357189 6.607671746825407 0.6099581117664787 0.0 0.7938908120016389 0.0
364431 16.84041676756879 0.3104385381263769 0.3104385381263769 4.710921575514622 0.669295358897896 5.3926766821014045 0.6210466982127363 0.0 2.6336512679515596 1.0
364487 17.05692183102095 0.3110006093849105 0.3110006093849105 3.221751450248927 0.6902241275622792 5.869181433201888 0.6246500490920919 0.0 2.629097319428661 0.0
364504 17.013704155221447 0.3110670335722754 0.3110670335722754 3.1243229456990123 0.6873880711371804 5.804561126165308 0.6502269259191427 0.0 6.355347683465547 0.0
364662 17.154674433581643 0.3126566113262028 0.3126566113262028 2.7441288041213023 0.6088029657958575 4.919812364783736 0.5787592607591608 0.0 1.3852395011112633 0.0
364669 16.59034610573477 0.3124276136770745 0.3124276136770745 3.2770651073584394 0.6059211555647169 4.164526457375903 0.5350495523219058 0.0 1.3306897396723623 0.0
364857 17.11545804493047 0.314204207886368 0.314204207886368 2.299659175005134 0.6221832066153512 4.036686752988912 0.5955596701705208 0.0 1.9089193615409974 0.0
364867 17.184586801693126 0.3142696979533207 0.3142696979533207 3.9286967027581277 0.6204807190958028 5.935638889080583 0.5773019284053026 0.0 1.929172946330972 0.0
364906 17.002610287031246 0.3142798812670748 0.3142798812670748 5.357917898114197 0.6692080124866178 6.5865597288306725 0.606117790833224 0.0 1.0649150020397522 0.0
364997 16.932681251432058 0.3147697732424789 0.3147697732424789 4.40464083246398 0.6606173421318989 6.487044924681037 0.6036917191305747 0.0 2.311069448959063 0.0
365073 16.841902598642243 0.3156371932630804 0.3156371932630804 7.521665785506533 0.7036761100385684 9.823846984227012 0.6241094885181518 0.0 2.63365126795156 1.0
365106 16.14975959330987 0.3158641507459921 0.3158641507459921 2.808632840804332 0.5757286085535196 4.783142937811366 0.4922904023099412 0.0 0.9484913387233983 0.0
365130 17.353978826368056 0.3167923891463903 0.3167923891463903 3.532349093922291 0.7082806212826109 4.962337570603715 0.5876135636440877 0.0 7.4761986502271505 1.0
365159 17.25741734600644 0.3169908112357394 0.3169908112357394 3.2314839097653443 0.63723468160237 4.816047061585381 0.5853168056912378 0.0 1.8660331470582006 0.0
365206 16.991930997944415 0.3172749895939984 0.3172749895939984 3.1396593014802625 0.6547260459395758 5.586999723143463 0.5867454631749572 0.0 1.0649150020397522 0.0
365219 17.105012820661855 0.3173725965054709 0.3173725965054709 3.4824988558287484 0.684382308523686 5.463767054470725 0.6217277489115455 0.0 1.6526028789596319 0.0
365365 17.197844072681455 0.3186766061939884 0.3186766061939884 4.594448257449616 0.6301124225036324 5.467208038887373 0.5654980024505459 0.0 1.9291729463309717 0.0
365373 17.315272657961767 0.3184614213440226 0.3184614213440226 3.2750318569122756 0.7035123354170829 4.600405857658188 0.6321988663872136 0.0 3.6792233841493864 1.0
365377 16.09872071358694 0.3176430331767931 0.3176430331767931 6.677861442424989 0.5092672272353702 9.96267790668667 0.4584495360673756 0.0 1.9132305528508715 0.0
365516 17.040255773996 0.319568442548217 0.319568442548217 4.622886080278402 0.6540334133095265 9.527051133684187 0.6003131704774213 0.0 3.1517586054557545 0.0
365533 17.56521547605716 0.3201971888365676 0.3201971888365676 4.129012881791239 0.6510070010013482 7.997190801147269 0.6005892707200727 0.0 0.8942055112012032 0.0
365654 16.872567591411766 0.3201585794858291 0.3201585794858291 3.9202900858003917 0.6737638169185307 6.748595278128776 0.5950182082760106 0.0 6.911140956457293 1.0
365700 17.068522936700692 0.3207660458398417 0.3207660458398417 6.6567615278779115 0.6763788385386903 13.263116316590256 0.6183046878982351 0.0 2.6290973194286607 0.0
365781 16.658128040627666 0.3216487808309335 0.3216487808309335 3.613554472010014 0.624855268682626 5.424117190029587 0.5595854167664479 0.0 1.9221289125799155 0.0
365932 17.345973022794496 0.3228475203065977 0.3228475203065977 5.792518710787691 0.6753578325659353 8.812565304525078 0.5963840694680074 0.0 7.4761986502271505 1.0
365980 17.116410056928427 0.3239871102896692 0.3239871102896692 3.267653389204911 0.6418243406452572 5.526412954418362 0.5976111530442182 0.0 1.3852395011112633 0.0
366002 16.929626549158918 0.3234264761818458 0.3234264761818458 7.804728987082561 0.6750592720845277 11.862285174072756 0.5919117683029838 0.0 5.245260526019132 0.0
366066 17.045016998531054 0.324719304957282 0.324719304957282 2.999943024700561 0.6649157907764888 6.0141274294497284 0.6101990476308864 0.0 3.1517586054557545 0.0
366122 16.907780729878763 0.3250066986427551 0.3250066986427551 3.5504794147109067 0.6436887309961156 4.902642594202731 0.5907046940434302 0.0 1.1895417716191303 1.0
366178 15.918969656024272 0.3248418395112113 0.3248418395112113 1.9115814399205342 0.46668047617548486 3.3652979531714964 0.39792150769143103 0.0 1.9460745758443678 0.0
366300 16.386358582819895 0.3262553008158431 0.3262553008158431 3.7318369593514387 0.6174734779231913 4.15649337341445 0.5899137208630878 0.0 3.1325390675899896 0.0
366568 17.360221536424945 0.3282535762748959 0.3282535762748959 6.932373769820715 0.6587862615081829 11.33737925083536 0.5783381380367731 0.0 14.072767600521782 1.0
366622 16.887954621057368 0.3288282536570816 0.3288282536570816 11.385212719773163 0.6478099105100393 20.679781989717338 0.6094900946224272 0.0 7.175447226248768 1.0
366639 17.1322775824572 0.3291202959970232 0.3291202959970232 8.68241306907526 0.6899251988774446 11.240889793559456 0.5787355689041742 0.0 1.3852395011112633 0.0
366831 17.547493759324567 0.3314501527787363 0.3314501527787363 5.6411974166270555 0.6945122084634563 8.544093452899038 0.5927931696885279 0.0 1.8556708625473026 0.0
367074 16.92353205953887 0.3334318503228418 0.3334318503228418 2.9617710684742975 0.681481382373107 5.2825703311719225 0.5972507278242255 0.0 1.18954177161913 0.0
367102 17.288212930491408 0.3316718795727112 0.3316718795727112 11.890930686912919 0.701254211723261 17.46723727157227 0.6058596268699185 0.0 3.6003448187731024 0.0
367208 17.368765480643976 0.3335286395714484 0.3335286395714484 17.8674510306137 0.6912560150729343 23.816631231180054 0.6129579126400494 0.0 3.8656880524714254 1.0
367477 17.028307583756177 0.337152555248047 0.337152555248047 2.376052917609183 0.6683740516543437 4.71879560214746 0.5861964301876579 0.0 3.1517586054557545 0.0
367489 16.270564912574514 0.3360780367159006 0.3360780367159006 4.920070271226878 0.6359063007689122 9.401552545098106 0.5554164743533186 0.0 2.215585270346454 0.0
367564 17.467252091126156 0.3380724556427231 0.3380724556427231 2.8082630418504113 0.6588674535970052 5.761505428809759 0.6041668953351548 0.0 0.7938908120016389 0.0
367658 16.248427235136518 0.3383408164674255 0.3383408164674255 2.891038520371325 0.5924613906083335 5.733274780952023 0.5460104087673658 0.0 2.215585270346454 0.0
367699 16.633137164574354 0.3384963681258138 0.3384963681258138 4.251229375901181 0.5777514252949796 5.6058414433820865 0.539183575000946 0.0 1.7662258150345491 0.0
367863 16.87713354870429 0.3401582681444349 0.3401582681444349 4.591810607181129 0.6509739626017976 7.7452536753805274 0.590313469411955 0.0 17.308191102893062 1.0
368047 17.18926012272814 0.3424005238693415 0.3424005238693415 4.525249023024565 0.6158608273764815 5.185134744817528 0.5404146887677062 0.0 3.385890590021089 0.0
368049 17.157907971405162 0.3423985765425375 0.3423985765425375 2.599099371340682 0.6026877831761341 4.9331579609457 0.5640995263299181 0.0 1.385239501111263 0.0
368174 16.675166087070636 0.3431904396506114 0.3431904396506114 1.826628757182395 0.6057907172784031 3.601439178426297 0.5447282030002867 0.0 1.9221289125799157 0.0
368188 17.317154394969723 0.3437346993687445 0.3437346993687445 2.735577847112262 0.6727672930544895 4.044868297324275 0.6034880979377709 0.0 4.966101737133889 1.0
368277 17.364334585741922 0.3443605334145986 0.3443605334145986 5.318614475548207 0.6860161851662717 6.60227875957399 0.5781125503740742 0.0 10.588541716037419 1.0
368540 16.577465071287087 0.3463773125975781 0.3463773125975781 2.514194072312516 0.6097218710168271 4.442702055020198 0.5469845431635696 0.0 1.5365799054760125 0.0
368550 17.046478796697166 0.3467192301616101 0.3467192301616101 2.2849740233358133 0.6575508717122917 3.854849705805063 0.580317515264859 0.0 1.198706281513279 0.0
368551 16.351310489088576 0.3454215437599964 0.3454215437599964 5.25970730482956 0.6518062496604682 7.468704575085098 0.5494235166263802 0.0 1.4540385876968063 0.0
368567 17.334504382356975 0.3461325501439951 0.3461325501439951 6.454298145726552 0.656409414266665 10.92469366154468 0.5847694465849973 0.0 4.966101737133889 1.0
368582 16.88335617317143 0.3451177306205826 0.3451177306205826 10.668966354020398 0.6415226159389417 16.77544154396614 0.5838369660751422 0.0 2.536247250840211 1.0
368585 16.860106595076175 0.3464037456816778 0.3464037456816778 5.549225378048715 0.6543968401203369 9.841517374004694 0.5850164084212168 0.0 4.651139737444735 1.0
368623 17.462296957238607 0.3475479820500566 0.3475479820500566 2.4538402305747558 0.6502941514032896 4.378385364255676 0.596592918320118 0.0 1.41640673143573 0.0
368859 17.170066233551854 0.3496646597112861 0.3496646597112861 3.1106828752307742 0.6225145276693602 5.364376761319851 0.5608973274843174 0.0 2.514089246580929 0.0
368862 16.36807815075037 0.3488577663577549 0.3488577663577549 2.989243963252704 0.6264100593643063 5.888017487996927 0.5443145483626229 0.0 3.1325390675899896 1.0
368869 16.150298559040436 0.3490660535285129 0.3490660535285129 1.7408419666366284 0.5266789598214858 3.5101329582291294 0.46628640254070725 0.0 0.9484913387233982 0.0
368878 17.208917153452578 0.3497616784920399 0.3497616784920399 3.513639481527235 0.594532512396181 4.234103383747868 0.5508989526476902 0.0 3.3858905900210896 1.0
368885 16.363448647018924 0.348853738779348 0.348853738779348 3.84888862907429 0.6398698891283376 6.231886221676436 0.5599449277898623 0.0 15.972833703671267 1.0
368938 17.400991699929957 0.3503542146569056 0.3503542146569056 2.9898432126717682 0.6543759226471482 5.9646739011671315 0.5786468789600719 0.0 2.4353871658122763 1.0
368984 16.274586195791205 0.3497721074116526 0.3497721074116526 3.1783259539394546 0.583129316838665 5.344680717940813 0.5384859013756218 0.0 6.314347909571304 0.0
369013 16.10303818933821 0.3502263795216387 0.3502263795216387 2.1727093315410384 0.5124484414881818 3.4465948796771304 0.4521094154088338 0.0 4.042437111561294 0.0
369527 17.294165214414807 0.3544614491183257 0.3544614491183257 14.997564315102279 0.6688392522696028 17.9045580122063 0.5907071404849779 0.0 4.0457423860272455 0.0
369780 16.82758956000707 0.3560460423612729 0.3560460423612729 7.1620709392792286 0.6565693293372885 11.163725293107852 0.5926985825326954 0.0 1.6863055078871563 0.0
369914 16.28181397712558 0.3575065860439911 0.3575065860439911 3.5375104417871817 0.6212273617841375 5.392359674780877 0.5418314359438916 0.0 2.25113959275105 0.0
369969 17.302217788136495 0.3590736619244753 0.3590736619244753 2.1020955002331627 0.6371139374589521 2.9507728973572336 0.5753967813641723 0.0 3.3507351324632095 1.0
370250 17.011289392242404 0.3611813986254044 0.3611813986254044 4.176957470679333 0.7055243694531232 5.68860623481624 0.6351730440045757 0.0 1.064915002039752 0.0
370253 16.24452943632877 0.3605593582356239 0.3605593582356239 4.757306068627853 0.6235231798532607 5.646668561247914 0.5564636028396961 0.0 1.0491317878164779 0.0
370352 17.31222630827459 0.3614834422762177 0.3614834422762177 8.201800871376548 0.6541727474427239 12.386115950630051 0.5799149339941999 0.0 3.3470384164953813 1.0
370393 17.370861164421022 0.3619945043383625 0.3619945043383625 7.309010656628228 0.7121348859770944 9.431889707888349 0.6090402712778844 0.0 17.148561859585968 1.0
370574 17.366503845455043 0.3635659261159583 0.3635659261159583 9.040628766070165 0.6801952089397966 13.142814484891465 0.6132351073433931 0.0 31.739929910668977 1.0
370576 17.22814563608349 0.3636703056573255 0.3636703056573255 5.248965495034661 0.6401505640800182 7.614603395935664 0.5645838960043137 0.0 6.102137744780499 1.0
370594 17.482912417964528 0.3642939702649663 0.3642939702649663 3.244665774607738 0.6458578224373079 3.910059196008683 0.5923626861082188 0.0 1.41640673143573 0.0
370718 17.17732337052155 0.3651741395510605 0.3651741395510605 2.9611467108393503 0.6285152842003958 3.5803280617521325 0.5643985716190838 0.0 2.5140892465809284 0.0
370722 16.12614875542419 0.3644780873625769 0.3644780873625769 1.9692208903812638 0.5262555572125719 3.693412762125616 0.48059970797081086 0.0 1.77545088224423 0.0
370751 17.36099717772805 0.3647841694979847 0.3647841694979847 5.696775546943866 0.6805819293672699 10.256511760315838 0.6063304252317292 0.0 10.548848911622802 1.0
370796 17.215452800378067 0.3646073024334219 0.3646073024334219 6.540180347492674 0.6497530782829336 13.439442947328406 0.5753027478766899 0.0 3.385890590021089 1.0
370839 17.24100623687739 0.3660975530062805 0.3660975530062805 2.9236986437909938 0.6385795983007782 5.090906057051709 0.5628726358938295 0.0 4.128120956085792 1.0
371050 17.240150949017554 0.367761579193435 0.367761579193435 1.760002883117164 0.6089410445063368 3.5115243396692692 0.5500237446220637 0.0 4.128120956085792 1.0
371164 17.38535073962852 0.3675511440419744 0.3675511440419744 35.803157007843126 0.7066877015436638 46.85330599458652 0.6217749652334129 0.0 5.695034997834449 1.0
371203 17.223552360194716 0.3683652399839252 0.3683652399839252 9.2490379025026 0.656577425932124 12.767684348557069 0.5641000156182276 0.0 28.393047958439062 1.0
371226 16.369840128430862 0.3683550220808627 0.3683550220808627 3.554529048032566 0.6327132357435944 5.851712681711757 0.5644034645021789 0.0 5.875631851723358 1.0
371235 17.21587307944946 0.3690449327921372 0.3690449327921372 6.443653292272986 0.6254500058912293 7.12296650254311 0.5567777259343996 0.0 26.202799790118764 1.0
371297 17.15419141670804 0.3696673666471507 0.3696673666471507 3.3316721291409594 0.6135204355776414 5.008523425539295 0.5644915621499065 0.0 2.514089246580929 0.0
371343 16.654986129420283 0.3697624011934389 0.3697624011934389 2.9114563927669685 0.6266001070978543 4.383527140588187 0.5594565794289499 0.0 1.7662258150345493 0.0
371363 17.465994991853073 0.3702317729724431 0.3702317729724431 6.2701754783369 0.6620935257716993 7.91054814234011 0.6043841135925595 0.0 1.41640673143573 0.0
371364 17.499658787188434 0.3706159859803062 0.3706159859803062 2.540697339297569 0.6105891948212675 3.948875467682519 0.5934684776877045 0.0 2.400462639067606 0.0
371395 16.373768433660423 0.3700686213001743 0.3700686213001743 3.139787160241142 0.5981450204242704 6.3121497197683585 0.5566302183850914 0.0 3.5077178724214515 1.0
371458 16.225698786850593 0.3693992726532175 0.3693992726532175 6.68188635381101 0.6263505572066824 10.925839497509495 0.5611901922895737 0.0 1.0491317878164779 0.0
371461 17.406321251523153 0.3713198499085745 0.3713198499085745 3.776642892494128 0.6657299295751721 6.968856908818692 0.6298620640490329 0.0 2.5264106407606923 1.0
371490 16.522079444510634 0.3690066659779057 0.3690066659779057 28.394239472617258 0.6721530586305898 37.82469543699867 0.5913049992951627 0.0 0.9902417312924845 0.0
371524 17.243388125510407 0.3709944164579838 0.3709944164579838 6.440213724217234 0.627952319565459 8.648264350353957 0.5578457135539716 0.0 4.128120956085792 1.0
371559 16.874657558377287 0.3717706978656034 0.3717706978656034 3.012444212248382 0.665166842918735 5.50664287399249 0.5992991204559681 0.0 1.1999299190906734 0.0
371722 16.66715883123198 0.3730532112547138 0.3730532112547138 3.3412840048411008 0.5972901722995305 4.647654369545968 0.5750017711863025 0.0 1.197078167139971 0.0
371809 17.40517042046706 0.3741488416910544 0.3741488416910544 3.813359087239527 0.6657194151540413 6.873739003930384 0.6272107394598964 0.0 4.117264945889433 1.0
371924 17.576753158510613 0.3750811423388031 0.3750811423388031 2.6648907513180413 0.677811610066617 5.071895661106387 0.6016897316321864 0.0 0.0 0.0
371958 16.250699996047725 0.3744810425583397 0.3744810425583397 2.661160185478214 0.6440567400221233 4.34964019111247 0.5506048259936357 0.0 1.0491317878164779 0.0
371971 16.118631077666404 0.3745345904477061 0.3745345904477061 3.795980339046331 0.548206414165615 4.735800946104455 0.4975069367457411 0.0 1.7754508822442303 0.0
372070 16.58400590445049 0.3754932510889497 0.3754932510889497 3.224718855086005 0.6727442666548179 4.838089886208913 0.5512395230631233 0.0 1.5365799054760123 0.0
372154 16.66697265452428 0.3767457402896031 0.3767457402896031 2.703457485954028 0.6447399043289724 4.634653979162369 0.5697607852110353 0.0 1.1970781671399713 0.0
372216 17.215510596371978 0.3776262007416213 0.3776262007416213 4.364303646708067 0.6481719411303517 6.741568840484094 0.5694124376866827 0.0 4.606731374733586 1.0
372235 17.237771038382427 0.3778203895541518 0.3778203895541518 2.270488321032657 0.6634241057731016 4.400442481248248 0.579781409789737 0.0 4.128120956085791 1.0
372279 17.592823914617178 0.3782028155156265 0.3782028155156265 3.777794651422691 0.6605396850071619 6.832035673710295 0.6179213305077363 0.0 0.0 0.0
372315 16.662770607281253 0.3781001234312806 0.3781001234312806 3.4594256930334613 0.6243463275944009 5.99168583485395 0.5714165883544393 0.0 1.1970781671399713 0.0
372325 16.788716695795635 0.3782324541435719 0.3782324541435719 3.3509972147253424 0.6342130779406836 5.03611967247573 0.5837459326975576 0.0 1.6863055078871563 0.0
372353 17.400384034471994 0.3788140250547693 0.3788140250547693 4.919074530889008 0.6340945485649537 5.566096167720595 0.5884347310635298 0.0 4.117264945889433 1.0
372783 17.501796708427324 0.3824830165167647 0.3824830165167647 2.451842646671153 0.6520521383787401 4.789648025886262 0.5957058128629656 0.0 2.4004626390676065 0.0
372874 16.696420040380662 0.3828019384146773 0.3828019384146773 3.6096666901107373 0.6760034556778428 5.1180011697511425 0.6197522731139276 0.0 1.197078167139971 0.0
373005 17.35642901490233 0.3839540953349927 0.3839540953349927 3.355400551990742 0.6785120103137978 5.498506138165472 0.6128481189185976 0.0 4.978194281084083 1.0
373215 16.60314654884411 0.3853224955315311 0.3853224955315311 4.157785480831793 0.6268426609323754 6.297328790593149 0.5539167284286312 0.0 5.566193451317593 0.0
373218 17.15828100372913 0.3858520446828317 0.3858520446828317 3.6906099126726297 0.6667600079056812 6.246714490176287 0.5857341171152146 0.0 2.5140892465809292 1.0
373322 16.965851891099337 0.3865476133394708 0.3865476133394708 3.3858743292274034 0.6581455303664123 5.43601629543655 0.6094390670021489 0.0 1.18954177161913 0.0
373328 17.56175434309712 0.3870075385844715 0.3870075385844715 2.4759568347249576 0.6385877430394615 5.104146713747292 0.5924388863244205 0.0 0.0 0.0
373346 17.507420913814684 0.3863922925309261 0.3863922925309261 10.253321986818097 0.6796547082835773 14.032123027037395 0.6069151891416307 0.0 2.411807159655471 0.0
373366 17.45411004016413 0.3872122854517078 0.3872122854517078 2.6892503560870873 0.6807665932386346 4.277731805945704 0.605415353084886 0.0 1.41640673143573 0.0
373425 16.97765555860055 0.3874149473412256 0.3874149473412256 4.335261424056958 0.6569917219943929 6.239992183843988 0.6189583384517119 0.0 1.1606047981800265 0.0
373434 16.263225105131458 0.3869403180873571 0.3869403180873571 2.340889054405735 0.6290301574992108 4.274669118648354 0.5466518271131049 0.0 2.988728232551427 0.0
373458 16.85120980048959 0.3845461076145245 0.3845461076145245 20.26537294673646 0.7192527967696061 23.045036443095782 0.6291430420022043 0.0 1.1999299190906734 0.0
373541 17.50781827461395 0.3887105253865709 0.3887105253865709 4.578432434718557 0.6879465587904855 6.426711169515983 0.6019687032246542 0.0 2.43345828715111 0.0
373657 17.13567188102375 0.3886039878292134 0.3886039878292134 3.730742241138958 0.6254545211271882 4.939860309465375 0.5572838689385681 0.0 2.4453298226473477 1.0
373659 17.547676970727927 0.3899803952222272 0.3899803952222272 2.9915845640132877 0.6541963460953761 5.619899211554546 0.6076291766692746 0.0 2.4334582871511095 0.0
373843 16.605851121814517 0.3897717849784261 0.3897717849784261 6.906729010678725 0.6166971482488988 10.079308659703266 0.5557526669259826 0.0 2.9915175525386397 0.0
374248 16.609527949444047 0.3942391563830362 0.3942391563830362 3.859646662639452 0.6332259057354918 4.924732287495909 0.5915068178468261 0.0 2.9915175525386397 0.0
374259 17.27361087767794 0.3948236363667962 0.3948236363667962 4.365072473154401 0.6743608749597741 6.271001474259396 0.6129865746341799 0.0 2.658285295571333 1.0
374321 17.108053999986204 0.395271841411779 0.395271841411779 4.83014204142138 0.7111551673194944 5.965542645436669 0.6438065619778417 0.0 2.445329822647347 0.0
374331 16.73083357401903 0.3950976805799637 0.3950976805799637 2.198548389645936 0.698759654813069 4.2472432212996765 0.6167384245154709 0.0 1.3569576658570979 0.0
374384 16.14138279614932 0.3949975985759268 0.3949975985759268 3.0305303683290608 0.5413791498327295 5.555093232480517 0.5013699065773227 0.0 1.9840254474124281 0.0
374418 17.14158772116081 0.3957169592578685 0.3957169592578685 2.515418580687098 0.6405230398330002 4.81796790448044 0.6064121106274006 0.0 19.34450202335516 1.0
374570 16.6980454027926 0.3971282409038373 0.3971282409038373 3.472107015935229 0.6994561190031107 4.978733364335129 0.6093363164571525 0.0 1.197078167139971 0.0
374632 16.637321393452417 0.3976141995963297 0.3976141995963297 4.101076193199452 0.6530471931884502 5.473071515476406 0.5814688106571287 0.0 2.2560796434207235 0.0
374800 17.37028148261162 0.3991733306565988 0.3991733306565988 7.704439562282926 0.8775033524972156 12.129424230095715 0.6535701170539301 0.0 3.0364214635283004 1.0
375030 16.293915117016837 0.4003138636067318 0.4003138636067318 8.67328912970377 0.6744905546223001 10.691674481984778 0.6028283055284089 0.0 2.988728232551427 1.0
375261 16.4543324709909 0.4033233571460384 0.4033233571460384 3.6399394728602563 0.6519306685605071 5.189100812846327 0.6102761362916501 0.0 1.580614838336492 0.0
375508 16.104701537009834 0.4022280945940018 0.4022280945940018 7.205722795811888 0.5612376340129183 14.687498965605625 0.5100781697778699 0.0 1.7754508822442305 0.0
375606 17.14325105788449 0.4059802066998743 0.4059802066998743 3.4656996567621543 0.6578300591566605 6.403837069806616 0.5939360055434465 0.0 4.341487389317769 1.0
375658 16.43757358634817 0.4065328717729395 0.4065328717729395 2.9923589271431226 0.7066461829134638 6.046052590324486 0.6232577405793654 0.0 1.580614838336492 0.0
375728 17.064354177243175 0.4076149607884508 0.4076149607884508 3.5068544690352703 0.6860177322101974 6.69010858633211 0.6400390033666139 0.0 1.328117103856284 0.0
375793 17.254311643653363 0.4085546083391786 0.4085546083391786 4.4384406113645545 0.6636992447428631 6.508919974918439 0.5938534703312376 0.0 5.097520247164805 1.0
375821 16.7690144716652 0.4083417890109198 0.4083417890109198 2.367334572494258 0.6965986376806478 4.7057110026705935 0.6375721147181452 0.0 1.8571395243645488 0.0
375857 16.32555286333383 0.4081695705835471 0.4081695705835471 2.3758120074967914 0.6366472011132028 4.869896845328899 0.5883630503261871 0.0 3.9709731981611656 1.0
375989 16.344059863796577 0.4096292548312185 0.4096292548312185 2.961356718532194 0.6694806466308907 5.56424768799131 0.6041183527844484 0.0 5.9511929261119185 1.0
376068 17.177648361567805 0.4101948178585738 0.4101948178585738 3.033044666439519 0.6554829884453433 5.346285068555669 0.5840504889182093 0.0 6.391643912391108 1.0
376073 16.808783139833885 0.4105818406111096 0.4105818406111096 4.393075859468378 0.6975820190769146 5.975319140900943 0.614627544616201 0.0 1.8243431940467554 0.0
376319 17.182986514919342 0.4118087132090712 0.4118087132090712 17.81961704663557 0.6634497570325529 21.829223236814254 0.5978481230981173 0.0 4.15490274993741 1.0
376401 17.336358939864827 0.4130072326459642 0.4130072326459642 5.486432434088062 0.6798309309070696 7.676334455504604 0.6086146548286541 0.0 2.439124554230193 0.0
376410 16.344430770261745 0.4127543627176355 0.4127543627176355 5.009496851755051 0.7292406565812708 6.487083552705471 0.6084135830854631 0.0 5.951192926111919 1.0
376490 16.189763835760715 0.4136899370652019 0.4136899370652019 6.8306575545585435 0.6345299646924011 8.439907104234345 0.5680779553265352 0.0 1.643266946831757 0.0
376569 16.341917628266433 0.4140843450504805 0.4140843450504805 5.579729928944842 0.6918658582774754 9.147010602883647 0.6115138683265966 0.0 11.193104722063623 1.0
376795 16.379649904387577 0.4166848524744847 0.4166848524744847 3.4467102487101084 0.6499039137722018 6.421102122847893 0.6036056687681421 0.0 1.962081008442418 0.0
376848 16.490279221214266 0.417070950798571 0.417070950798571 4.917181152519321 0.6905263200714152 7.979491955391589 0.5932008369824042 0.0 2.0771466751762646 0.0
376889 17.230004473842257 0.4170375009256166 0.4170375009256166 8.766896292556435 0.6734755928654149 11.315065128720216 0.6012334187795386 0.0 3.740838549868136 1.0
377047 16.207454491391992 0.4183171500860215 0.4183171500860215 5.499590684331517 0.6410563060163365 8.193381249650585 0.5660177296433074 0.0 2.151598544341343 0.0
377084 16.521523296338 0.4187605306444191 0.4187605306444191 12.231545910854372 0.6704317595708802 14.339774640047205 0.5967536624057991 0.0 2.0921206324174477 0.0
377113 17.450191604650023 0.4206099231739996 0.4206099231739996 4.355898317351145 0.7437336639569988 5.834331487077012 0.633976528071701 0.0 1.5348724426261449 0.0
377168 16.2596757215283 0.4202130737388933 0.4202130737388933 2.8729047230605103 0.6334721091973422 5.792365357530685 0.5901770094776351 0.0 1.7976016801343544 0.0
377212 16.13317803919334 0.4190291649986103 0.4190291649986103 9.39723650716793 0.6037821113687586 18.60589486184782 0.5379194085212778 0.0 1.9840254474124281 0.0
377250 16.311809337543984 0.4192455143694477 0.4192455143694477 34.84602486535433 0.6821358870576092 40.87958502381653 0.6163331779111259 0.0 10.33310952493431 1.0
377300 16.505911958226484 0.4213705701854542 0.4213705701854542 4.678522796432271 0.6986537160668154 5.985203022273146 0.5736999423828104 0.0 4.937232935908672 0.0
377326 17.458695612844977 0.4219735537201988 0.4219735537201988 3.9159297544021965 0.7111699577526457 6.287876255493801 0.6514819761850442 0.0 1.5348724426261449 0.0
377342 17.33818510337085 0.4224350332556874 0.4224350332556874 3.045910631298085 0.6862506856549823 5.399486030248764 0.62825824135051 0.0 2.439124554230193 0.0
377363 16.637120240486333 0.420704319377937 0.420704319377937 5.683899410038865 0.6523031032997191 9.24561893605988 0.5841438271012519 0.0 2.2560796434207235 0.0
377511 16.27305587534231 0.4218775005151734 0.4218775005151734 7.1017124621785355 0.6666711625901446 11.166873863379529 0.5955576100092176 0.0 4.533428772498163 0.0
377564 16.7633077400286 0.4234902780584941 0.4234902780584941 6.744762476784279 0.730716923674593 8.66480924825969 0.6325864857364082 0.0 1.857139524364549 0.0
377593 16.757802620282398 0.4241531433459004 0.4241531433459004 4.161969346538362 0.7141022701678794 5.646646285753823 0.6279247269875402 0.0 1.857139524364549 0.0
377713 17.124884515471482 0.5036072806644889 0.5036072806644889 3.0144947165454603 0.6263807259782269 4.854228031017347 0.5913339703134887 0.0 1.1296830805730707 0.0
377748 16.13194667527369 0.5034978238460898 0.5034978238460898 1.9697063158883277 0.5483552741781428 3.8813692609404193 0.5164541114910708 0.0 1.5091364187845793 0.0
377865 16.102323844643088 0.5020600404204106 0.5020600404204106 5.526279945254225 0.5912791704023825 8.268239785803514 0.5107063129592115 0.0 1.8030102985908327 0.0
378130 17.265904613987516 0.5009518368605558 0.5009518368605558 4.309840707456687 0.6579226113868242 8.702736302811036 0.578246975899107 0.0 1.332817924878388 0.0
378196 16.91361016277685 0.5023487671554064 0.5023487671554064 2.4760604222104834 0.6871835581156054 3.40734455776873 0.623968225832794 0.0 1.74784953085807 0.0
378234 16.4492817126691 0.4990541404419513 0.4990541404419513 2.2541409410918685 0.6218284942007888 4.586060439463771 0.560078709514488 0.0 0.9468441398197966 0.0
378354 16.739189091481194 0.4979353588870144 0.4979353588870144 2.8054169290100575 0.6928275788911661 5.368977616550193 0.6041793464350309 0.0 2.3625594003068278 0.0
378485 17.172243563920382 0.4962483082203201 0.4962483082203201 4.565520502510915 0.6364423966476843 6.366325910318349 0.5754514657707637 0.0 3.7219080371880984 0.0
378670 16.84867905081644 0.5024055443805904 0.5024055443805904 7.577294003495028 0.7130633177876236 8.878975119173637 0.6387131994359562 0.0 2.532645138169904 0.0
378822 16.97063368970815 0.5053634663737089 0.5053634663737089 3.4431611058250433 0.7119724587622169 6.964775729277078 0.6409174175182685 0.0 3.598658556783348 0.0
378836 17.48376862496282 0.4946225384850196 0.4946225384850196 2.581999775004067 0.7078042658091651 5.090426812028555 0.6518377917941208 0.0 0.6282666589855749 0.0
379017 17.029981055553677 0.4959446120744642 0.4959446120744642 3.5966014046460884 0.6670608483133836 4.632197623088563 0.6001942605422029 0.0 3.4958452780969544 0.0
379069 16.896187624015326 0.4923479161692531 0.4923479161692531 3.464464976341138 0.6860102044481179 4.740757822960004 0.6107185945595339 0.0 1.74784953085807 0.0
379212 16.99606173298319 0.4929987231620711 0.4929987231620711 7.768908189943557 0.7769785974781426 9.775346151787058 0.6368441438456559 0.0 3.894071028601479 0.0
379410 17.025736068654673 0.4890987025859811 0.4890987025859811 2.9439193845019376 0.6834939576816922 5.981407046311943 0.619454399541503 0.0 3.495845278096954 0.0
379461 16.56266852916006 0.4934104412111452 0.4934104412111452 2.6467635207713798 0.6104318227539283 5.247373762907786 0.5731926276619006 0.0 1.0779665027997065 0.0
379477 16.772704645431407 0.489046779026637 0.489046779026637 8.96237181358351 0.664319440718232 9.854652833713732 0.6252206365170258 0.0 4.290904571658128 0.0
379580 17.030499867895664 0.4884042789469132 0.4884042789469132 3.9746501843747164 0.692376284395067 4.685264803057032 0.6210136583758364 0.0 3.495845278096954 0.0
379657 16.920269071458627 0.4874923761501936 0.4874923761501936 2.956203868832679 0.7063479163123609 5.4483309096263515 0.6372008092712702 0.0 4.011412947147155 0.0
379701 17.19050280481586 0.4886179646247732 0.4886179646247732 4.859084475009365 0.658625966079418 7.228086748078553 0.5782676032641553 0.0 1.9614213627019108 0.0
379739 16.4237333956737 0.4873968230114768 0.4873968230114768 2.835085698217499 0.6448936720410623 5.077532391191989 0.5775193140508134 0.0 0.9468441398197965 0.0
379797 16.638009811991513 0.4867161009076393 0.4867161009076393 3.777416354303393 0.650732960383916 4.584181701115345 0.5749581215186912 0.0 2.104317370451359 0.0
379864 17.21267297907461 0.4857128266485867 0.4857128266485867 2.5009584372601097 0.6246493297923511 4.593549769601263 0.5769730751572815 0.0 1.9614213627019108 0.0
379932 17.091223687066513 0.4851077541337966 0.4851077541337966 2.5970269778297568 0.6418109473800563 5.210965948557457 0.605817560951309 0.0 2.20951507353591 0.0
380244 16.35314175469283 0.4841637128447907 0.4841637128447907 3.2105603965298517 0.6456051303220833 6.27725329125408 0.5825588677546613 0.0 0.9643363216791454 0.0
380310 16.936860151276118 0.4826537714548816 0.4826537714548816 4.391113555827091 0.7013263344036982 7.111683771646042 0.6405519577790912 0.0 4.011412947147155 0.0
380320 16.731333957805198 0.4852434738440503 0.4852434738440503 2.4766660452535794 0.7058200160150975 4.539408988073671 0.6193109350587523 0.0 2.3625594003068278 0.0
380335 16.31025538187322 0.4811055164151698 0.4811055164151698 2.6419289659932073 0.6276647472149356 5.325554952962513 0.5753166539654864 0.0 1.5719598187592703 0.0
380374 16.70516480750857 0.4805951254862958 0.4805951254862958 2.763990432965084 0.6958117916691253 5.071601444320276 0.6261774913102991 0.0 1.5318176782711654 0.0
380463 16.519356036884748 0.4834621834421219 0.4834621834421219 2.7399153879760405 0.6368033455325414 4.899366165170174 0.5583215335589591 0.0 1.2418965228770644 0.0
380529 16.509140953673015 0.4825166415301294 0.4825166415301294 2.32652071691682 0.6556194863765696 3.354361458133447 0.5774208512165291 0.0 1.2418965228770644 0.0
380581 16.91272821096751 0.4792012454427613 0.4792012454427613 3.1098889405685584 0.6715726951376534 5.098476377280432 0.6162733302252683 0.0 2.10739459430901 0.0
380926 17.032092331031443 0.4761921445774096 0.4761921445774096 3.66388485644728 0.6950349227274031 7.218128829659517 0.6285253412634682 0.0 7.518182656463109 0.0
380943 16.877135945129744 0.4752290269244235 0.4752290269244235 4.271586216018216 0.6862087616442829 7.4147754751314086 0.6274947069435244 0.0 2.4356686451527274 0.0
381013 17.413057737116475 0.4755831506897798 0.4755831506897798 3.103760990772229 0.6946420333130774 5.685444531016256 0.6380947518887474 0.0 1.1080691536471354 0.0
381034 17.06172503169209 0.4745820298574427 0.4745820298574427 3.2122051778102834 0.6688206045169763 5.265511938061371 0.6092162605572092 0.0 3.6671568738250735 0.0
381067 16.76000164799097 0.4748208687208419 0.4748208687208419 5.502390443542549 0.6882014559920949 6.073997648321566 0.6124582720199939 0.0 3.5285892834192314 0.0
381083 16.270705400812492 0.4810791289516299 0.4810791289516299 2.003811384942019 0.6034785045016913 3.9019515599600725 0.5729444297288991 0.0 1.5719598187592705 0.0
381181 16.63179246750271 0.4749745759595764 0.4749745759595764 3.3080266277836308 0.6673773414344285 5.641429442293828 0.5960593236665844 0.0 2.104317370451359 0.0
381273 16.97223957020563 0.473524445275769 0.473524445275769 4.461692879433139 0.7045130183125657 5.817385630277648 0.6427378017977808 0.0 2.921828536542377 0.0
381281 16.461613393701196 0.4737786937289336 0.4737786937289336 2.9632127951062843 0.6100953819628083 5.658882871334265 0.5679171726128296 0.0 0.9468441398197964 0.0
381358 16.81392313701905 0.4723585365381252 0.4723585365381252 2.7239472064751187 0.7102397161233006 5.3463123656929366 0.6148608578837869 0.0 2.4852857707839675 0.0
381425 16.563782013720243 0.4728648640573474 0.4728648640573474 2.3495459809618087 0.630558675213095 4.2128702025164895 0.5647766112182186 0.0 1.0779665027997065 0.0
381427 16.899824780947345 0.4723999746801378 0.4723999746801378 4.79903419803963 0.6885611179587224 5.444834687134762 0.6141351660647393 0.0 1.841248868157842 0.0
381577 16.491521491593737 0.4698567626659449 0.4698567626659449 3.901166896023721 0.6723840191572159 6.703742991356765 0.5878368465013287 0.0 1.2418965228770644 0.0
381668 17.003402688300966 0.4691231704409241 0.4691231704409241 6.219282463847733 0.6962719095029404 7.397826785610251 0.6299051858003102 0.0 12.08161554958073 0.0
381697 16.265226944881917 0.468241913684758 0.468241913684758 2.7287045052044223 0.6198909419296194 5.54787713123586 0.5625772087629525 0.0 1.5719598187592705 0.0
381723 17.090901256885466 0.4692189483683169 0.4692189483683169 3.153692347717084 0.6657344679970393 5.034991734162236 0.606158221498799 0.0 4.730044443779416 0.0
381783 17.174043242021057 0.4686574177912616 0.4686574177912616 2.33618673623121 0.6587556444499448 4.784662435532549 0.5790512113678387 0.0 4.44551016918227 0.0
381793 17.00509016537376 0.4679603949978004 0.4679603949978004 8.249311796310321 0.7006258221972926 10.663418082110752 0.6344354676300104 0.0 20.535966251105805 0.0
381811 16.659447568128304 0.4726312728203093 0.4726312728203093 2.6436473980402284 0.6491887294795238 4.26431333157764 0.59848097889844 0.0 1.7719378172576583 0.0
381908 16.90574512347991 0.4679252376062168 0.4679252376062168 2.8872907006805835 0.7082368240708418 5.406466243024206 0.6156342295609951 0.0 1.6697000794316377 0.0
382059 16.8044720327617 0.4665748767108095 0.4665748767108095 2.719338754399971 0.7097790253062409 4.984197427151507 0.6199672123178908 0.0 1.6722261456535565 0.0
382120 16.281739216803174 0.4695309815336251 0.4695309815336251 2.4096175806010316 0.6187116690913681 4.827985438817187 0.5665735225348828 0.0 1.5719598187592705 0.0
382464 16.13003814134668 0.4659203082064552 0.4659203082064552 3.479589006748078 0.5578392606803317 4.136626207887166 0.5127415720626463 0.0 2.2993071299492027 0.0
382510 16.51726739402487 0.4613206135344407 0.4613206135344407 2.002209094488465 0.634389539278993 3.6057589503988363 0.5612944750795393 0.0 1.2418965228770644 0.0
382558 16.60989754759352 0.4619953771014018 0.4619953771014018 3.190510082662714 0.5806659410487192 3.7421378946274557 0.558613226647474 0.0 2.8585898000440966 0.0
382625 17.29298797680341 0.4645257622604117 0.4645257622604117 3.3854848299810194 0.6453671848830529 4.314140521616603 0.5868830433219857 0.0 2.9113956068529565 0.0
382691 16.515631858882344 0.4605534355729225 0.4605534355729225 2.6070414219245497 0.6316895328951291 4.614635649299464 0.5588979151875582 0.0 1.2418965228770644 0.0
382746 16.704496689423014 0.4616432097546407 0.4616432097546407 3.5257498822278577 0.6547545936646816 4.96226958528071 0.6132285405792393 0.0 1.5318176782711654 0.0
382757 16.925407070504672 0.4600215214143764 0.4600215214143764 6.030881820007978 0.6774791633665161 7.663635878751921 0.6082585945754228 0.0 1.8898415924976129 0.0
382793 16.805326068053244 0.4619488227281887 0.4619488227281887 2.1948138322435837 0.6474183032312512 4.199124033741137 0.6047848793460702 0.0 1.6722261456535565 0.0
382822 16.884714758133523 0.4607670144877804 0.4607670144877804 3.3471908091975417 0.7071427119886706 5.733715784230987 0.6126255313657963 0.0 2.435668645152728 0.0
382866 17.143970276606737 0.4621012609787698 0.4621012609787698 6.400425828968782 0.6524021852774315 8.205240825712545 0.5571923849006984 0.0 2.6082181606594217 0.0
382886 17.32173780326395 0.4616085764877324 0.4616085764877324 8.778497524390973 0.6544603557542071 9.250549159578568 0.6164788699432855 0.0 2.6867764933192917 0.0
382946 17.07829054376628 0.4585793679408101 0.4585793679408101 3.3626604702911163 0.6461322250533158 4.0648955116328 0.5752156674336059 0.0 3.766178670059359 0.0
382975 17.01860873543737 0.4585575725572873 0.4585575725572873 3.300893448031427 0.6765115385506217 6.672086037731668 0.6372821470147216 0.0 4.307508369860739 0.0
383000 17.222600104465684 0.4585381765273889 0.4585381765273889 2.6928531146700685 0.6264100682161994 4.167175438531557 0.5641202567030313 0.0 1.830047832611455 0.0
383034 17.182111088818594 0.4622051050134627 0.4622051050134627 2.605647336522699 0.6220939668322268 4.503604028424687 0.5576516334832033 0.0 3.313013087946861 0.0
383172 16.55558288986738 0.4584241467728006 0.4584241467728006 3.6245942326333864 0.6094984892713351 4.886556339707121 0.5557991106873612 0.0 1.349340513896159 0.0
383215 16.22828497507865 0.4562919069396953 0.4562919069396953 3.407191848312131 0.6551243869762086 5.639631050236226 0.5571080727993656 0.0 1.7976016801343544 0.0
383260 17.49328259718323 0.4560384398284596 0.4560384398284596 14.650496537199167 0.7066988274906305 17.68241854448853 0.633820239084838 0.0 0.6282666589855749 0.0
383370 17.360329473837012 0.45611439214669 0.45611439214669 3.3936612239131243 0.6648626846515816 4.529421712356064 0.5946483063140234 0.0 1.6611964649854263 0.0
383500 16.51449495240632 0.4549578496348257 0.4549578496348257 2.248441247326438 0.5842145407939011 4.400692533326422 0.552332979426806 0.0 1.2418965228770644 0.0
383502 17.31369347825988 0.4568038995392826 0.4568038995392826 3.0790630045091336 0.6212494164114836 3.888822538255106 0.578543458862652 0.0 2.686776493319292 0.0
383527 16.309920656602895 0.4531071651775658 0.4531071651775658 2.161354623758442 0.5899964960954756 4.407077230725162 0.5357483332839306 0.0 3.0981357095320936 0.0
383543 16.294884037095372 0.4531781516425834 0.4531781516425834 21.07234958884207 0.6307233553002345 26.675148817779757 0.5734218463588964 0.0 1.5719598187592705 0.0
383608 16.99977307767033 0.4529221240280477 0.4529221240280477 6.027151382928234 0.6889502824250698 8.290554422958987 0.6097245667307462 0.0 1.1606047981800267 0.0
383783 16.81011635210117 0.4526990821349578 0.4526990821349578 2.94191690771524 0.6734937286143794 4.926756009696046 0.5962133464760139 0.0 1.6722261456535565 0.0
383789 17.073767566997216 0.4533647489489082 0.4533647489489082 5.075332396440348 0.6452125042972406 6.6316121087692546 0.5669347589433885 0.0 3.7661786700593596 0.0
384062 17.04716157986783 0.4509853194783472 0.4509853194783472 2.7733145942632267 0.6661791941943632 5.731417159256956 0.594719085730796 0.0 3.667156873825074 0.0
384075 16.710006735085933 0.4511198063307251 0.4511198063307251 9.544196311089635 0.717540125342244 12.239705437215806 0.6200227980450523 0.0 1.5318176782711652 0.0
384216 16.524571447248768 0.4500434890577728 0.4500434890577728 1.861842193017201 0.6144854719435738 3.666822260185381 0.5401128751367893 0.0 2.0921206324174477 0.0
384303 16.906828570076353 0.4511242799252501 0.4511242799252501 2.507613917110137 0.6562475794956859 5.180085289463418 0.6017469783643987 0.0 1.6697000794316377 0.0
384305 16.784976690089522 0.4554363395646129 0.4554363395646129 8.858212813560119 0.6953361396742666 11.204052693097575 0.5927173300005544 0.0 1.6722261456535568 0.0
384420 17.346564272654234 0.4495566325434729 0.4495566325434729 1.7705995803002692 0.6245448023933229 3.260585877094247 0.5692787589701221 0.0 1.6611964649854263 0.0
384461 16.133580943765974 0.4467188086800328 0.4467188086800328 2.2923234556448104 0.5293284695533493 4.357843753421761 0.493473591574386 0.0 2.2993071299492027 0.0
384494 16.134687260792205 0.4519818136713049 0.4519818136713049 3.43208838262082 0.5568810871224813 6.6994436922371765 0.5103008474627281 0.0 2.2993071299492027 0.0
384542 16.322448049132575 0.4455237993107304 0.4455237993107304 5.894240720253528 0.6369395266850073 8.4272172831672 0.5639653196970237 0.0 3.0981357095320936 1.0
384557 16.767692211058105 0.4468005948842043 0.4468005948842043 3.347848386933503 0.6520930355647021 5.764207716639133 0.5892793070657796 0.0 9.05128780630595 0.0
384558 17.293464650270145 0.4486764641942096 0.4486764641942096 2.508738893941758 0.6385459331834002 4.377193174661538 0.5636794851922146 0.0 14.175398575404643 0.0
384750 16.448430517946168 0.4434426210496761 0.4434426210496761 4.141841506226184 0.6327449373995779 5.60350419038362 0.548907987012274 0.0 1.498024511587894 0.0
384789 16.872328187720424 0.4438875421564142 0.4438875421564142 2.475501925357197 0.6781231142302697 4.684584434786655 0.598285327954678 0.0 1.41858822796998 0.0
384817 16.115836248304525 0.4429883280491714 0.4429883280491714 2.8487788178392943 0.5342903465244284 4.927374315607166 0.48872491977053983 0.0 3.676870689018495 0.0
384832 17.072716321006865 0.4488688056647277 0.4488688056647277 4.194137413306772 0.6076386382428655 4.805898320725638 0.5773132077884375 0.0 3.7661786700593596 0.0
384954 17.51346619072271 0.4424896904633867 0.4424896904633867 4.412139497707377 0.6807129138219833 5.185051952085157 0.6047513373448526 0.0 2.0924304477072466 0.0
384967 17.512792607464345 0.4423103347307804 0.4423103347307804 5.932464051752291 0.709860396223594 6.957430739190891 0.6076441900947716 0.0 2.0924304477072466 0.0
385058 17.291304941190035 0.4435520103745666 0.4435520103745666 4.459106733197232 0.6698399098710648 6.678228279897038 0.5670773607335935 0.0 4.529732120837012 0.0
385070 17.37999704845239 0.4426678232331127 0.4426678232331127 2.8862167128412164 0.6449452270515091 4.555262315581939 0.5834503253025666 0.0 1.6611964649854263 0.0
385119 16.752153084197992 0.4414341018457038 0.4414341018457038 4.117502245550007 0.6946273515676868 6.820095107557104 0.5862662181518034 0.0 3.9559639599045457 0.0
385175 16.79267368176655 0.4403790590418279 0.4403790590418279 4.178352457401753 0.7018178241593106 6.222345099641051 0.5914928860060134 0.0 1.6722261456535565 0.0
385236 17.019277967417906 0.440169774623094 0.440169774623094 3.2525269123564224 0.7090507795846581 5.503412669829174 0.6306875191791873 0.0 4.307508369860739 0.0
385296 16.780449528657748 0.4390944454324763 0.4390944454324763 2.298151136931201 0.6557021487241573 4.121122979040358 0.6015799250347266 0.0 1.6722261456535565 0.0
385314 16.63049388387229 0.4383064222594372 0.4383064222594372 2.5899101506078974 0.6158324041325219 4.762633774517977 0.5645294562418769 0.0 2.8585898000440966 0.0
385341 17.511232843143937 0.4399563514257955 0.4399563514257955 3.390176976109109 0.6835837315142943 4.023606016314488 0.6216496816741629 0.0 29.463326951922657 0.0
385352 17.108202752450563 0.4402498875741614 0.4402498875741614 4.0307901850589465 0.6896773426444067 5.588307024250417 0.5983756016477819 0.0 3.9395193625196847 0.0
385474 16.9127282109675 0.437776658107065 0.437776658107065 2.801805981285897 0.643220003393456 4.841669802753445 0.6091065569678145 0.0 1.6697000794316375 0.0
385495 17.20914024019597 0.4379923460258307 0.4379923460258307 2.061098676579985 0.6458566995836638 4.146024663752305 0.5580067924158646 0.0 1.8300478326114549 0.0
385507 17.512573673622907 0.437827109880493 0.437827109880493 2.4200739292953575 0.6706561312782258 4.985319442501256 0.6218763380455379 0.0 3.070757456993468 0.0
385551 17.165343969417854 0.4390066058595989 0.4390066058595989 2.784432769776202 0.6210717582332003 5.16475266772453 0.5632346448628239 0.0 3.313013087946861 1.0
385595 17.310133342358345 0.4365977943811794 0.4365977943811794 7.131338148262724 0.6322286143382025 7.756339918393302 0.5828429639983708 0.0 3.9757673944244445 0.0
385710 16.572572373919094 0.4347259694556127 0.4347259694556127 5.485490296572099 0.6423258157754189 7.116667559358614 0.5619710062994897 0.0 1.349340513896159 0.0
385820 17.11084070936036 0.4348655420631563 0.4348655420631563 7.885293011204584 0.7129580183551599 10.594412206700015 0.5998903481219584 0.0 3.939519362519685 0.0
385858 16.552615141446797 0.4349998468510767 0.4349998468510767 2.4760693710361443 0.6381434069212711 4.751432419992386 0.5710360636857326 0.0 1.349340513896159 0.0
385929 17.5751647016661 0.4340504653726456 0.4340504653726456 3.1386039838527053 0.7006531236600301 6.306566811396803 0.6366723006409538 0.0 0.0 0.0
385955 17.237718220718538 0.4410213679077128 0.4410213679077128 5.31197488469223 0.6898078768568449 7.801235983593006 0.561639449089758 0.0 1.830047832611455 0.0
385979 16.62711729893249 0.4341986012023979 0.4341986012023979 2.5557105716544224 0.6145353432109085 5.088664987834085 0.5605443961010652 0.0 2.8585898000440966 0.0
386097 16.63508316876663 0.432237503530857 0.432237503530857 10.090317260386925 0.6966846371085663 15.97266492695732 0.5703346946460707 0.0 5.5431336495207795 0.0
386216 16.58110670819662 0.4321505610763664 0.4321505610763664 2.2178152756735043 0.6082116405765308 4.366432437134667 0.568678736990569 0.0 1.3493405138961587 0.0
386279 17.140662050317303 0.4308636142774547 0.4308636142774547 4.595867966107674 0.6418363652620513 5.001924857645268 0.5661265576641482 0.0 4.355595748979974 1.0
386292 16.248513873969486 0.4308772582662356 0.4308772582662356 3.390475828258153 0.6766926500686078 4.600869136431243 0.5582623425495168 0.0 1.7976016801343544 0.0
386408 17.142333040170975 0.4303286143927708 0.4303286143927708 2.2054687289835044 0.6298236277425848 4.195751034647494 0.5644166366585112 0.0 4.531547975403903 1.0
386420 16.3634962412469 0.4292602111294232 0.4292602111294232 2.2909023306258565 0.6423554390528078 4.590771255803671 0.5634939934188788 0.0 2.764334981120018 0.0
386440 17.07728262439172 0.4294888925934853 0.4294888925934853 4.458752836113368 0.6777129233992178 5.828149071766229 0.5929282905180008 0.0 3.6214542174272744 0.0
386560 17.410780633333722 0.4289786628962901 0.4289786628962901 3.308322132170557 0.6755840827355991 6.837281874468861 0.6108195939674226 0.0 1.4157268618963568 0.0
386601 16.262129342828537 0.4284522439902337 0.4284522439902337 3.180769047724872 0.6112872544977511 6.551766179621473 0.5788755826167421 0.0 1.7976016801343544 0.0
386624 17.337842228627107 0.4280585131764757 0.4280585131764757 2.7000090334526563 0.7704872155906659 4.987668541427214 0.6164350786395847 0.0 2.439124554230193 0.0
386747 17.101758075774335 0.4269800667581946 0.4269800667581946 3.685980858984451 0.6677712144688486 4.468157150562214 0.5987815435565669 0.0 3.3975061417764993 0.0
386774 16.764046382580933 0.4335317618734607 0.4335317618734607 26.495988177648915 0.7386128057496655 47.887288076647955 0.6429078938653753 0.0 9.05128780630595 0.0
386995 16.895976460273392 0.4257099832677107 0.4257099832677107 2.984351208917716 0.7336205046781727 5.513819574652223 0.627770549666013 0.0 1.6697000794316377 0.0
387058 16.100515238118017 0.4235302942022129 0.4235302942022129 7.089431454369995 0.561800018573767 13.046445289531633 0.505501624450905 0.0 6.361391449876262 0.0
387099 17.15846737540886 0.4268304651639613 0.4268304651639613 3.2673769413100393 0.6616860513723656 4.576308665935135 0.5842877551202958 0.0 3.313013087946861 1.0
387180 16.112160718870435 0.4243197969262206 0.4243197969262206 4.408993051977044 0.5988811528880419 6.428642828257884 0.5058227778460556 0.0 11.935434279724515 0.0
387618 16.301666518608805 0.4238693443891738 0.4238693443891738 7.675017754911706 0.6651693183639245 9.914988005239682 0.5880137499772318 0.0 8.093376181989976 1.0
389659 16.70909906585094 0.9347220656207778 0.9347220656207778 3.6553093062626827 0.6949426100047555 5.950431619797955 0.6478289239142493 0.0 0.0 0.0
391401 16.727992724357296 0.90953901251806 0.90953901251806 2.510960520387082 0.721341709795756 5.014478965586565 0.6490763902113534 0.0 0.8940851971459356 0.0
393283 16.48294256049703 0.8857472027053095 0.8857472027053095 4.21416655901652 0.7137363781419174 5.765231359286653 0.6526704059848039 0.0 0.0 0.0
393302 16.656899490330467 0.8844792116021778 0.8844792116021778 3.317366626571792 0.7149088451370167 6.429545050148598 0.6479717188445764 0.0 0.0 0.0
393611 16.656149007961943 0.8781966980205054 0.8781966980205054 5.624186664746641 0.705576872294447 9.783817406305683 0.6364514642252603 0.0 2.2938293211117657 0.0
393624 16.488074616866676 0.8782826441429242 0.8782826441429242 4.002003808689677 0.7183219643012975 6.729570461054332 0.6500400950409598 0.0 0.0 0.0
394224 16.50253018802924 0.8687785575989457 0.8687785575989457 2.7788951849533166 0.6579996366635321 5.491481503161929 0.6139355750624849 0.0 0.0 0.0
394378 17.022220643606154 0.8717899901711829 0.8717899901711829 7.68630293225032 0.7147045470088933 9.543777068264438 0.6372586482998571 0.0 0.0 0.0
394438 16.613499014399995 0.8681810172242956 0.8681810172242956 2.087911418420801 0.664196697839905 4.19929052052645 0.5979431480382268 0.0 2.2938293211117657 0.0
394683 16.87727559263082 0.874266991293044 0.874266991293044 7.862842532163186 0.6957677312055885 15.64878568088247 0.6118652803408878 0.0 0.0 0.0
394725 16.425437132973382 0.8655561675320939 0.8655561675320939 3.62367231045021 0.6933858669189378 6.65984275662699 0.6181606697471341 0.0 0.0 0.0
394881 16.684395440366558 0.8659519595972601 0.8659519595972601 5.785260118716156 0.6720759799925807 7.018262667111071 0.6020785999541711 0.0 0.8940851971459356 0.0
394981 17.129080633444705 0.8622832835434434 0.8622832835434434 5.551241503404046 0.7121535951739218 6.7692540606368095 0.635065645220639 0.0 0.0 0.0
395036 16.876811269338884 0.8627645955374398 0.8627645955374398 3.045717104895667 0.604257756820113 5.414070427154351 0.5729191026208781 0.0 0.0 0.0
395341 16.92826523708291 0.8599273629377183 0.8599273629377183 5.079064378641071 0.6870588463675795 6.816470382504228 0.5715614563220778 0.0 0.605946232008134 0.0
395445 17.036394708365677 0.8590139767390401 0.8590139767390401 2.512891149048331 0.6767129658202816 4.822237846301459 0.6102007730159779 0.0 0.0 0.0
395534 16.450294953575494 0.8538068353006917 0.8538068353006917 3.2553385174949483 0.6642390689462024 3.9871611190607026 0.5913303264031837 0.0 2.314238074553856 0.0
395580 16.67357129495441 0.8568466513455559 0.8568466513455559 2.5374929515305844 0.7037594671909255 4.81009139277803 0.5970826444139018 0.0 0.8940851971459356 0.0
395759 16.69560815825624 0.8555900358795049 0.8555900358795049 3.4295829689559825 0.6991004239098125 6.785394909406955 0.6304499439529055 0.0 0.9966306312124946 0.0
395786 16.389522663640754 0.8552483618115917 0.8552483618115917 3.200946138768203 0.6938947633531456 4.591872154500061 0.6437028071042099 0.0 0.0 0.0
395828 16.589369533335944 0.8522443873769044 0.8522443873769044 2.8386657435221117 0.6378311679776597 5.008982197709499 0.6008213865189012 0.0 1.1434860415827917 0.0
395899 17.082479997147054 0.8515950025124398 0.8515950025124398 4.959176896884382 0.6880221436635799 7.254726693890065 0.6283354716473631 0.0 1.0701911660970425 0.0
396119 17.073421851343788 0.8523755619452633 0.8523755619452633 3.244361978071567 0.6565236732170999 5.368412359792631 0.5898038370095792 0.0 1.0701911660970425 0.0
396332 16.91091847087638 0.8607976911466514 0.8607976911466514 4.762832065043408 0.6729441767915126 6.050774480031389 0.5907310383560948 0.0 2.2822816584388077 0.0
396846 17.140227837495907 0.8433059368595245 0.8433059368595245 3.4037179013146326 0.6947857820421124 6.64771561711578 0.6296030888972142 0.0 0.5320115492786981 0.0
396885 17.1243790826387 0.8384485231645882 0.8384485231645882 5.431780475037117 0.7145206404727689 5.925101679055108 0.6348508605287736 0.0 3.0413319537589873 0.0
396901 16.933789857398153 0.838517318243914 0.838517318243914 4.42806379777254 0.6639675304196313 5.16223115904951 0.5845660056563076 0.0 1.5239690994608048 0.0
397329 16.710237490107946 0.834064414997272 0.834064414997272 2.610717651010005 0.6868531722934227 4.592786608598514 0.6176146754977571 0.0 1.972643891197167 0.0
397407 17.118251344306465 0.8345489458928573 0.8345489458928573 5.228665824393789 0.7435551128775948 6.934117310083619 0.61549516867303 0.0 3.041331953758987 0.0
397422 16.46435777439116 0.8313328053766522 0.8313328053766522 3.440993507109895 0.7226509473511694 4.910738641844011 0.60660805771935 0.0 3.046294622744949 0.0
397479 16.44554195338356 0.8309032361148845 0.8309032361148845 3.2008979824977417 0.6669691335615625 5.614987400727504 0.6174622750653538 0.0 3.0462946227449494 0.0
397626 16.664078481784827 0.8293211418405709 0.8293211418405709 3.336802832106465 0.628666703164966 5.473517669158627 0.5984890392795388 0.0 4.123824882176647 1.0
397716 16.923829294019527 0.8298301689391994 0.8298301689391994 2.8180054158931007 0.6474573998078551 5.533810221097617 0.5847748802604344 0.0 1.5239690994608048 0.0
397901 16.69940779075955 0.8273454747341388 0.8273454747341388 3.1424790185039186 0.7106327917848482 5.368804563000725 0.633463509279183 0.0 1.972643891197167 0.0
397945 17.093426539580896 0.8304888828476088 0.8304888828476088 2.848859807930526 0.6954315198460095 3.9294335967042615 0.6072699489180395 0.0 1.0701911660970425 0.0
398117 16.865721294279325 0.8304603372000545 0.8304603372000545 3.016491656648656 0.6441135507604706 6.120289215284016 0.5733761751580064 0.0 1.4824043087723122 0.0
398215 16.420213986631573 0.827533658194989 0.827533658194989 2.9004331134340213 0.6841823269897382 5.460330319136764 0.6113184877790057 0.0 1.3575789183994897 0.0
398262 16.530406586997174 0.6655540463572102 0.6655540463572102 2.7101464434252325 0.6350983737140313 5.543105797657679 0.56820188690493 0.0 2.05154059625956 0.0
398344 16.475136447245564 0.8259032389554416 0.8259032389554416 6.104438720497538 0.6806295098297583 7.296302036589194 0.6151976427528254 0.0 2.142615775121385 0.0
398448 16.734080657078735 0.8221873816663062 0.8221873816663062 3.4145014293759197 0.6635196755053967 4.544434880332877 0.5975665891800286 0.0 1.9726438911971673 0.0
398578 17.000698204457528 0.8225761733142645 0.8225761733142645 5.4450144362084645 0.6625134124584259 6.349419711624071 0.5887772843842173 0.0 2.2246846104769373 0.0
398621 16.602142617601906 0.8254642741827009 0.8254642741827009 7.1516990185703095 0.6361342624159443 7.934492882126728 0.586587114026791 0.0 1.1434860415827917 0.0
398776 16.62228678813592 0.8224977245922197 0.8224977245922197 3.8392076735904523 0.6990841104410815 6.12518789258275 0.5946481002978932 0.0 3.56830551097058 1.0
398913 16.94471094691868 0.8162941316548749 0.8162941316548749 5.302817622211661 0.6415503993188368 5.961862682308851 0.610279059145499 0.0 1.5239690994608048 0.0
399036 16.622914736994197 0.8155960603196373 0.8155960603196373 4.485431603089437 0.6518008200472453 6.494740914749255 0.5989136514001338 0.0 8.781114217137862 1.0
399161 16.68926352960451 0.8128872650849731 0.8128872650849731 4.474873533930766 0.7057540828297041 6.663425634653395 0.6073592440345245 0.0 10.925933495053645 1.0
399547 16.7499840826461 0.8093256656495602 0.8093256656495602 4.3263391744770505 0.6428920628600742 5.542794970821061 0.594981988065099 0.0 1.841462517272676 0.0
399663 16.57561052457465 0.8066183490159416 0.8066183490159416 14.038174750865506 0.7085523211915513 20.00660625748957 0.6286516549033697 0.0 1.7300852135230473 0.0
399667 16.988173899135592 0.8080196265342177 0.8080196265342177 7.891674232081125 0.6663842395815935 9.686223702571269 0.598022515752432 0.0 3.547858461415268 0.0
399753 16.67377398813847 0.8108661782775539 0.8108661782775539 3.7114347956857334 0.6648474859595962 6.6164070882710835 0.608480834476004 0.0 4.123824882176646 1.0
400179 16.649310658508846 0.8030552126052524 0.8030552126052524 3.9685269600733752 0.7013536511916123 6.071525325997659 0.6121143538424432 0.0 3.6402480227998666 1.0
400297 16.845088000185584 0.8053191454660004 0.8053191454660004 2.909157252752611 0.6735553430732616 4.512084167388931 0.5965797075357613 0.0 1.4824043087723122 0.0
400341 17.091355737712355 0.8013982139841686 0.8013982139841686 7.068235742322316 0.7172399146846391 7.792233851258567 0.638150595136072 0.0 3.389679023545605 0.0
400372 16.799199338853757 0.8072091710152076 0.8072091710152076 4.700320719380885 0.667389517683355 6.394005465027481 0.6234874099366464 0.0 1.4687360886791982 0.0
400468 17.068677163864052 0.7981235359377797 0.7981235359377797 2.643184891827663 0.6835236940312112 5.236896555080266 0.6262859845549283 0.0 2.6487888106964013 0.0
400782 16.693276229685 0.7967538377304948 0.7967538377304948 11.159084908532503 0.7030113131482184 13.149381249045371 0.6160222738184585 0.0 4.5004570636531795 1.0
400800 16.792600501473796 0.8032866125725469 0.8032866125725469 5.82022363123287 0.6654094000899079 6.6828890085652555 0.5967149828773318 0.0 1.841462517272676 0.0
400866 17.085398949230637 0.794584348669116 0.794584348669116 4.279828148831778 0.728508608614275 6.350194847314395 0.6391069735170439 0.0 2.6487888106964013 0.0
400873 16.336008800007995 0.7925353215257745 0.7925353215257745 7.005257770124622 0.704122294322905 8.427619915941893 0.6500813883990806 0.0 0.3591109159888726 0.0
401005 16.566254423705868 0.792030858130412 0.792030858130412 4.0925142915834885 0.6391023357362107 6.626247448735756 0.573038591976463 0.0 1.9586685256240524 0.0
401193 16.98441820213958 0.7911402136404108 0.7911402136404108 5.594610989078088 0.6580084332349831 6.441658798611338 0.6032823779556395 0.0 3.6541941763147214 0.0
401238 16.622907362360472 0.7891256371845198 0.7891256371845198 2.987201184560513 0.7000941122379648 4.980363080686032 0.6026357834546262 0.0 4.7270951907384475 1.0
401426 17.011836755356924 0.7916148237181135 0.7916148237181135 2.7294407553501494 0.6737549448711323 5.488345680138316 0.6374405862949448 0.0 3.654194176314722 0.0
401561 16.565663819191798 0.7898740643711661 0.7898740643711661 3.590358600857105 0.6290461511175903 5.901430168161325 0.5724317070845685 0.0 1.9586685256240524 0.0
401564 16.505308174038895 0.7873226758337944 0.7873226758337944 7.164901343389644 0.6672495713513069 7.587333942085947 0.585672492540233 0.0 1.547009806220322 0.0
401626 17.239764240467974 0.7877944346670379 0.7877944346670379 3.188723974316883 0.6992839927776552 6.171797110666135 0.6430023007570937 0.0 0.0 0.0
401632 16.977664012338202 0.7887968619730391 0.7887968619730391 3.2258984905722015 0.5968307189982445 3.6629150355138056 0.582158668545509 0.0 3.6541941763147223 0.0
401726 16.752936041593138 0.7849368640163275 0.7849368640163275 4.965723960745828 0.6367055400371394 5.486215215830658 0.5590429247912863 0.0 2.987959873914645 0.0
401892 16.76107632558132 0.7870356407803442 0.7870356407803442 5.379144576961462 0.6448946843093877 5.731110581503025 0.5691566815369001 0.0 4.016580774310746 0.0
401963 16.66211154922219 0.7830685568942437 0.7830685568942437 3.343440543065252 0.6505349505188539 4.361705654544666 0.6006833299595714 0.0 4.754268020644192 1.0
401965 17.105680422801044 0.7838513222189308 0.7838513222189308 4.6708963368080365 0.7100026642359635 6.019425263000956 0.6133299777714049 0.0 3.389679023545605 0.0
402000 16.375088124042044 0.796227205674082 0.796227205674082 2.4014441481507998 0.6820456852235471 4.958568505499534 0.6389598007439475 0.0 1.3199707021725975 0.0
402025 17.085896834721822 0.789139060435966 0.789139060435966 5.034125462086261 0.6657880243649079 5.618998921065053 0.6237378482950651 0.0 2.6487888106964013 0.0
402155 16.495566243526483 0.7838020198219845 0.7838020198219845 2.5763123134463743 0.6604321339760363 4.601490403824235 0.6113835502481619 0.0 1.547009806220322 0.0
402165 16.4463689787176 0.7826815455613025 0.7826815455613025 39.05813589843059 0.7227307257644893 66.54433674365391 0.6331524893024425 0.0 2.2854206589539827 0.0
402257 16.68367470358499 0.7787718280296473 0.7787718280296473 2.25352984574531 0.669638085097635 4.119864735524437 0.5972231474147792 0.0 4.754268020644192 1.0
402407 16.390071373443263 0.7769486193267224 0.7769486193267224 3.4776901818269463 0.8199345574374314 6.317979847496296 0.6333619175749197 0.0 1.3199707021725975 0.0
402521 16.849541457199418 0.7792260762828745 0.7792260762828745 4.566240915166623 0.6399882156945845 8.282194288390652 0.5555557155053978 0.0 1.7286225044748078 0.0
402623 17.189191332251486 0.7754656883582086 0.7754656883582086 2.9609996668263356 0.7176527598788041 3.8610608346140087 0.6351139946312232 0.0 1.2404655535456062 0.0
402629 17.131489133618913 0.775644080892213 0.775644080892213 2.3359780161391814 0.6837914315916256 4.614989224483123 0.6430540494338282 0.0 1.8740760916179287 0.0
402646 16.29094686442231 0.7751079596320248 0.7751079596320248 6.059087488409912 0.6746117708824085 8.10291493146471 0.6442680896137881 0.0 0.0 0.0
402727 16.61253427130063 0.774495663662729 0.774495663662729 2.1230293142751715 0.6652328604778738 4.386750391707104 0.5847201314738023 0.0 2.6620610738522825 0.0
403067 16.987850049499624 0.7696318055070674 0.7696318055070674 1.9789161382341438 0.6461098197141447 3.8982919409251235 0.5774457791682976 0.0 2.2745122997497917 0.0
403077 16.70912062817561 0.7693353740522484 0.7693353740522484 5.267512483446846 0.7118383524824052 9.369784857802962 0.6196269895546775 0.0 4.289612009997232 1.0
403184 16.887211151840752 0.7678927487304984 0.7678927487304984 3.4057308849239765 0.641810823283747 4.763607973294222 0.5703811770354739 0.0 1.6664022045120392 0.0
403207 16.85502982767818 0.7805894232127019 0.7805894232127019 2.993050883820831 0.6080566409821078 5.465276637665635 0.5624409805967792 0.0 1.728622504474808 0.0
403356 17.07157509813721 0.7683100015824734 0.7683100015824734 3.041736229457502 0.6772463470601773 6.071847998761772 0.6163074258948359 0.0 1.819048290512664 0.0
403371 17.04952603794098 0.7673935072949796 0.7673935072949796 3.12178431193316 0.7294435916558564 6.466548894915954 0.6498636679773582 0.0 1.819048290512664 0.0
403411 16.682151741068086 0.7720557277452367 0.7720557277452367 3.3181574709920527 0.6609493249076623 4.491782179066592 0.6136585219952306 0.0 4.754268020644192 1.0
403456 16.792924657666553 0.7673937659803097 0.7673937659803097 1.9456983549017188 0.628256671473971 3.9983485674974966 0.5658414570918034 0.0 2.585362999243463 0.0
403529 17.22352044919171 0.765624605355108 0.765624605355108 3.8963544879795564 0.7010586618223905 6.494019858293139 0.6412782547705217 0.0 1.2404655535456062 0.0
403537 16.743822709805208 0.7663165161799389 0.7663165161799389 19.709269614604658 0.7047259396024533 33.897254145034665 0.6329507480068278 0.0 2.987959873914645 1.0
403691 17.13372005867717 0.7659469819824961 0.7659469819824961 5.72742109012918 0.721096414165096 7.112424914674864 0.6430471607694707 0.0 1.2550491856109074 0.0
403719 17.238649526610892 0.7658837602176883 0.7658837602176883 16.294933384413238 0.7382978195692934 27.478701858079713 0.6485205458157454 0.0 0.0 0.0
403732 16.3287878920136 0.7659644126635069 0.7659644126635069 3.6138349114674106 0.6887228274578614 5.28944354431968 0.6303319482142654 0.0 0.35911091598887257 0.0
403806 16.781213060405715 0.7677977392269604 0.7677977392269604 3.712003915245739 0.6508910824600228 5.045859342556709 0.578855496044036 0.0 5.714149156917176 0.0
403956 16.73043069532177 0.7613543902913499 0.7613543902913499 3.0471132504588203 0.7093625813536326 6.036360947753886 0.6222024229518079 0.0 3.1556346544701173 1.0
404359 16.75311865670816 0.7571237469689964 0.7571237469689964 7.586009644648241 0.6938805618712954 12.810738372031558 0.6132342446508474 0.0 5.392478059361184 1.0
404578 16.791279821766494 0.7640279715523146 0.7640279715523146 6.134196205401099 0.6847771308752604 10.139972298196993 0.6064977360815643 0.0 2.585362999243463 0.0
404702 16.76698523782239 0.7547373839616676 0.7547373839616676 3.4953014707272416 0.7031044230296493 5.464649962349221 0.6367053919818862 0.0 4.543050847093917 1.0
404739 16.998322348047125 0.7588701787152549 0.7588701787152549 4.0371224771045355 0.7148466671514822 7.198364157157068 0.6270708158793855 0.0 2.2745122997497917 0.0
404862 16.67368486153991 0.7517817544278232 0.7517817544278232 3.2885132949601683 0.6762269236352193 6.789765412851584 0.6191143699184121 0.0 4.3660228120578015 1.0
404959 16.661443533414616 0.7520350446917956 0.7520350446917956 3.8516112609965347 0.7314152933417649 5.980936943254572 0.6381919399982253 0.0 4.3660228120578015 1.0
405016 16.424251563041125 0.7625223136711227 0.7625223136711227 3.5563291139712256 0.6559514815905654 5.745792707310432 0.6191370059407307 0.0 2.2854206589539827 0.0
405218 16.853934358808768 0.7467915840201728 0.7467915840201728 2.047171728650278 0.681332750119375 4.02436492823455 0.6065884861869697 0.0 1.666402204512039 0.0
405366 16.45039397084448 0.7461394081511483 0.7461394081511483 2.375175288894025 0.6680979530247103 4.219681868345314 0.6223343376552526 0.0 1.388729198248179 0.0
405534 16.35703840239822 0.7439866125702349 0.7439866125702349 10.832957382675472 0.7471929954471388 12.704203568241315 0.6434083843019682 0.0 0.9201839952667923 0.0
405550 16.775908851045507 0.7486071407771514 0.7486071407771514 5.966898875374573 0.697334307222671 7.351491182699945 0.6308587700875148 0.0 4.543050847093917 0.0
405571 16.48430278367917 0.7442868135489473 0.7442868135489473 2.4195515496449183 0.7219551955608857 4.25046969142063 0.6492731999958484 0.0 2.4476622490016493 0.0
405579 16.684565535308927 0.7439210887205385 0.7439210887205385 3.5289193116327295 0.6877533515636778 7.024763248583116 0.6444893638137585 0.0 4.434243966792524 1.0
405668 16.498444983417578 0.741630387182869 0.741630387182869 5.0674262699192045 0.6652675622071026 6.674201565869878 0.613740207390902 0.0 2.4476622490016493 0.0
405909 16.676589445215576 0.7415585347365928 0.7415585347365928 2.473209352106994 0.6542104465218218 5.012958695304894 0.6203861589949019 0.0 31.019515916427764 1.0
405990 16.97549816626933 0.7419444405433602 0.7419444405433602 21.030057052489273 0.7034430542533736 34.915831370951516 0.6248316008069352 0.0 1.7055989645508252 0.0
406046 16.87105994061546 0.7426894625203607 0.7426894625203607 4.632245830863058 0.6710388757103798 5.302048898773394 0.6061718443154164 0.0 1.6664022045120392 0.0
406056 16.5478318958724 0.7377626907704895 0.7377626907704895 4.799114982114731 0.7091403019448645 7.871950247764412 0.6213012182657369 0.0 1.703960029009056 0.0
406128 16.516707255621228 0.7381533132315931 0.7381533132315931 3.366160774477288 0.7327022066428227 5.949196038056368 0.6459136949587414 0.0 2.4476622490016493 0.0
406337 17.209892867744355 0.7432920616693879 0.7432920616693879 8.181945371512644 0.7359916099642746 9.169216051490048 0.6512470791684564 0.0 1.2936158823353312 0.0
406367 16.72620342779807 0.7547507558687556 0.7547507558687556 3.9267779200243726 0.7660382166351513 6.704147298012516 0.644011831299688 0.0 3.155634654470117 0.0
406782 16.259865825652263 0.7303319892338982 0.7303319892338982 4.07042292440925 0.7409447018953655 5.457537512970131 0.6402514961290295 0.0 0.75776705230085 0.0
406877 16.437304002600925 0.730402034426897 0.730402034426897 3.319562243480663 0.6829917840831591 3.9820654388373504 0.6532496460872111 0.0 1.388729198248179 0.0
406931 16.671798582439415 0.732765697961564 0.732765697961564 4.632347371063287 0.8045566868878504 7.005452326607691 0.6538876007867593 0.0 2.4057972771766103 1.0
407110 16.62670907709188 0.7263659545375319 0.7263659545375319 4.2059042821100885 0.6811659407513899 5.498093719624589 0.6219399455257738 0.0 3.2163417073412095 0.0
407246 16.882494130880392 0.730124611917882 0.730124611917882 2.9068287554396837 0.6800645035924896 4.009733533899234 0.6301092834054154 0.0 1.6664022045120395 0.0
407409 16.28823990953429 0.7225964311786197 0.7225964311786197 3.4772778920461467 0.7032016504876603 4.960388142970574 0.6218007172497028 0.0 0.75776705230085 0.0
407678 16.59754430676808 0.7262060851085627 0.7262060851085627 6.935146746934804 0.7246783251701596 13.118850946132953 0.623903369379768 0.0 1.7945918635006173 0.0
407895 16.8635366970423 0.7182472150185687 0.7182472150185687 11.477114841627278 0.7248434692138265 20.68263531312225 0.6530032765473663 0.0 2.2132164755290575 0.0
408141 16.865764916454488 0.7208580402179022 0.7208580402179022 2.950333310439166 0.6808340305990435 4.854696073913415 0.6361410622969107 0.0 2.2132164755290575 0.0
408266 16.77455842251772 0.7139442814939025 0.7139442814939025 6.002854806219056 0.6855816077829254 7.527562868476825 0.6169261695902319 0.0 1.3631413618140367 0.0
408304 17.206240125082697 0.7162195930258021 0.7162195930258021 2.7906513666698722 0.7121861237001981 4.672787049844036 0.6536168183354718 0.0 1.2936158823353312 0.0
408321 16.762257607785088 0.7140424289346992 0.7140424289346992 2.486117807792439 0.6867755250361097 5.128942815192451 0.6120592445275829 0.0 1.3631413618140367 0.0
408392 16.263411347206986 0.7121611488524471 0.7121611488524471 2.673102811792708 0.6466041749450964 5.1307142963930294 0.5744780395550079 0.0 0.75776705230085 0.0
408772 16.50182835566119 0.707767210081757 0.707767210081757 5.920285536968582 0.645476673149399 7.322218865783287 0.5927868218165124 0.0 1.8829109422297632 0.0
409034 16.902417438314913 0.706198789893034 0.706198789893034 3.455479067776961 0.642181696197828 6.928613074121828 0.5940039908664517 0.0 1.790531006765677 0.0
409359 16.878655411680192 0.7033140939122193 0.7033140939122193 4.842440818121162 0.6558195177311822 6.939742838042133 0.593435296214715 0.0 8.005134606999743 0.0
409532 16.626976704948948 0.7019454213701123 0.7019454213701123 3.453869309238684 0.6885083880094558 7.132882831455838 0.5992552647722266 0.0 3.2163417073412095 0.0
409563 16.422372882852486 0.7031897066559681 0.7031897066559681 2.565584796020516 0.622405531038117 4.887007772552681 0.570053328116088 0.0 1.586119355235987 0.0
409816 16.638676964472886 0.6994188072002511 0.6994188072002511 4.955635994644529 0.7027140032248592 7.1078719581948215 0.6197324440613844 0.0 3.111962768886574 0.0
409837 16.56496862716147 0.7044780320820268 0.7044780320820268 4.244910655168175 0.6569755557170182 5.23645709692228 0.5785556910703896 0.0 2.0022028354995287 0.0
410068 16.568164011221196 0.6994976565006757 0.6994976565006757 5.187065888519103 0.6493452749866947 6.689677240059256 0.5794883132163343 0.0 2.0022028354995287 0.0
410131 17.089460692822907 0.6987909610268016 0.6987909610268016 5.361227160967523 0.7120886661709568 8.101058983650702 0.6354783084056755 0.0 2.0966282408702037 0.0
410219 16.331567865890474 0.6948443795905763 0.6948443795905763 3.2288240612588166 0.6698505544563759 4.578791804105883 0.609966764443952 0.0 1.132718533655515 0.0
410254 17.294411820317343 0.6959905960440398 0.6959905960440398 3.4556316484734793 0.7094045681065947 5.099165501236349 0.6339837386362622 0.0 0.0 0.0
410342 17.021723861726855 0.6951113806068954 0.6951113806068954 5.887955683157831 0.6994973888131841 9.403704126059122 0.6259123227985627 0.0 1.7205663930664667 0.0
410398 17.094874792824502 0.6993810875023254 0.6993810875023254 3.2496066337091554 0.7026242377118515 6.405000545902591 0.6444071247497369 0.0 2.0121647111153163 0.0
410540 16.88977257297793 0.6931817617355008 0.6931817617355008 4.285478244213834 0.6658951213403124 4.639998295102999 0.5996343473280211 0.0 3.5789486765087357 0.0
410669 16.49979402977813 0.6917432893571285 0.6917432893571285 2.2289152960149945 0.6905952630341382 4.5254089044177 0.5873339611272207 0.0 1.8829109422297632 0.0
410869 17.224267137738742 0.6887177517528906 0.6887177517528906 3.5699530894292817 0.6986001417678178 6.652899497994923 0.6220508980879585 0.0 1.6124205340987956 0.0
410981 16.972912360419258 0.6879399131152448 0.6879399131152448 3.204128701701383 0.6772746246465665 6.02204849214032 0.610647969654859 0.0 9.272992582192353 0.0
411145 16.9359443491968 0.6879103013516373 0.6879103013516373 2.9384154060603103 0.6590348478585457 5.831297642037907 0.6078196514577624 0.0 2.192842894742605 0.0
411205 16.59952410481563 0.6852180573642361 0.6852180573642361 2.1902745243321737 0.6441202673799196 4.1329481761605695 0.5891068200606703 0.0 4.601428264217988 0.0
411264 16.728836196532193 0.6851394531464778 0.6851394531464778 4.107356981212463 0.6709251669689499 6.694165816498575 0.6078447339216286 0.0 1.6480314715584157 0.0
411643 16.66760418400712 0.6834112715812496 0.6834112715812496 2.5754847724029006 0.676016297469796 4.733028226510528 0.6147717301554078 0.0 2.311802058817421 0.0
411832 16.956502621096803 0.6806241646318367 0.6806241646318367 4.115256669729534 0.6970132760102966 8.350146133774649 0.6321352589069776 0.0 2.192842894742605 0.0
411843 16.6653117180493 0.6804138484897915 0.6804138484897915 2.8917703926742826 0.6766796587289733 5.919397092406583 0.6024738934042201 0.0 2.311802058817421 0.0
411943 16.864232162957478 0.6826977833436525 0.6826977833436525 15.121291164967621 0.7237767893350513 19.957168824217153 0.6330437900416831 0.0 1.516154992782675 0.0
411948 16.47745506368879 0.6799193267086008 0.6799193267086008 7.36906513117662 0.6598772909507141 9.208255335624953 0.5792283337358802 0.0 2.1857934049736483 0.0
412214 17.277316844317895 0.6764301687310658 0.6764301687310658 3.3807854732883684 0.7021217374410963 6.528018957799798 0.6183585739923215 0.0 3.9552238909900357 0.0
412564 16.81917146429804 0.6750387181686881 0.6750387181686881 3.334831000219152 0.6739956075520045 5.882158646770825 0.6058849153499151 0.0 1.281543215717965 0.0
412763 16.42371516270611 0.67208312066457 0.67208312066457 5.229624829480423 0.6403520742034298 6.928408088072162 0.5768136830524555 0.0 1.5861193552359871 0.0
413073 16.588805571214017 0.6700443324661853 0.6700443324661853 5.223552117759035 0.6827938130977244 8.775973749538522 0.600699386341728 0.0 4.601428264217987 0.0
413118 17.19295303911437 0.6725419706271089 0.6725419706271089 5.179977903555489 0.7570982155678766 7.238984486332088 0.6382695179472985 0.0 1.6752249490124322 0.0
413345 17.111132929956852 0.6662505769233337 0.6662505769233337 2.6078117934918597 0.6614805813901297 4.771968107862555 0.6213067935772637 0.0 3.48105653379646 0.0
413368 17.015980312961972 0.6677738188048472 0.6677738188048472 2.8632411501876676 0.6497822701371966 5.396289174946544 0.6089140606460479 0.0 2.2411705169483587 0.0
413374 16.42113055827765 0.6661072532715541 0.6661072532715541 6.83053278603962 0.6615106567239247 9.502370401272008 0.5722152098836198 0.0 1.49971413643066 0.0
413403 17.278017331945904 0.6661161535051932 0.6661161535051932 2.4811824338704915 0.6844577002591762 5.082299990727808 0.615113021627297 0.0 3.5940017965748803 0.0
413413 17.27214761688545 0.6797336074102762 0.6797336074102762 3.4837770571572944 0.6581611268372453 6.085740052709406 0.6205589550242068 0.0 3.9552238909900357 0.0
413550 16.501722806312635 0.6648971641193101 0.6648971641193101 2.3658388953881437 0.6358711184332675 4.810540765462288 0.578153586212032 0.0 2.05154059625956 0.0
413576 16.35392036440569 0.6635958144714817 0.6635958144714817 2.650379361378636 0.6270196303242883 4.6731679221649625 0.5749670960963682 0.0 1.1327185336555152 0.0
413721 16.702776653808908 0.6638437488836825 0.6638437488836825 2.70619595536629 0.6748221721993759 5.27736971148219 0.6193465500972812 0.0 3.9464744320600564 0.0
413794 16.65752067242155 0.6620352532982886 0.6620352532982886 5.092818530541472 0.7053502235171104 8.692980666479956 0.6208388150612366 0.0 2.311802058817421 0.0
413821 17.14163333636075 0.6681602316816831 0.6681602316816831 4.168848160749663 0.6889005084308918 8.219894238021787 0.6439764222772895 0.0 1.5350805350287446 0.0
413916 16.203525659860528 0.6610520918568725 0.6610520918568725 2.978842723873238 0.6670427898871175 4.27116375419098 0.6039724676121665 0.0 0.6768186793918425 0.0
414229 17.043010632793095 0.6594199354451475 0.6594199354451475 4.633603747558029 0.6476561644518815 5.278847877217227 0.618076074373622 0.0 1.8942687533079474 0.0
414240 17.021514986512464 0.6623330007052637 0.6623330007052637 7.143506310735885 0.705166387072202 11.361830790302562 0.6292828368226338 0.0 2.241170516948359 0.0
414285 16.35258194803739 0.6581777762739205 0.6581777762739205 3.4972292666666984 0.636837750520561 6.353329897777519 0.5782181980209032 0.0 1.1327185336555154 0.0
414308 16.593672113737775 0.6619783402167807 0.6619783402167807 6.334174131700242 0.7022324915068892 8.438036992811377 0.6152621000495989 0.0 6.825896033165982 0.0
414345 16.891482314118726 0.6595730809366012 0.6595730809366012 3.25764705699525 0.7620176524996551 4.907557108991483 0.6061154860277661 0.0 2.7379654948491283 0.0
414470 16.94066222411455 0.6576132201763674 0.6576132201763674 4.194369567733625 0.6994612830893924 5.072842047705039 0.6109310229419088 0.0 2.192842894742605 0.0
414633 16.7793363559333 0.6562838476831473 0.6562838476831473 2.8917391039744906 0.6839156103346673 5.90264244432817 0.6164904325985997 0.0 1.068489984123001 0.0
414682 16.697519074063777 0.6536051546898959 0.6536051546898959 3.842979442656343 0.6700850551283803 7.340229439696155 0.6279675525906302 0.0 9.18678309822166 0.0
414768 16.71163875623258 0.6542013250461852 0.6542013250461852 4.03630549438774 0.7524401429320655 6.015097121623123 0.629248032972618 0.0 3.598062892295132 0.0
414837 16.23332187472704 0.6539273545070811 0.6539273545070811 4.319258219813883 0.6625694944619096 8.503999494936982 0.6170031552429304 0.0 4.505376101236529 0.0
414850 16.552504178673637 0.6523164125954157 0.6523164125954157 4.495022426516262 0.6901153391242202 5.459095252435504 0.635615000108142 0.0 3.219910076788145 0.0
414883 16.47803015932525 0.6517223219476619 0.6517223219476619 11.653662424665194 0.6849597287627005 16.410105414467093 0.5926842000315975 0.0 2.1504176577506935 0.0
414987 17.238626281743112 0.6517027839654229 0.6517027839654229 2.89693676218235 0.6851768960491572 5.165259596165194 0.6251245299922321 0.0 2.0466201231357397 0.0
415040 16.386358582819895 0.6523403182842266 0.6523403182842266 3.8355981422271865 0.6521943703329209 4.2766836988827075 0.5784366394990818 0.0 1.1327185336555152 0.0
415064 16.23321201471599 0.6546387723239186 0.6546387723239186 6.432977742416001 0.6784031363025735 7.741144941181483 0.6077566749019256 0.0 2.620126449974128 0.0
415106 17.163856938947223 0.6511742254863262 0.6511742254863262 3.1195737588548407 0.6972218805334304 4.901159793104762 0.6487435969048397 0.0 4.6981359632514685 0.0
415179 16.526982366375478 0.6497502511380556 0.6497502511380556 3.349529478556903 0.6616390767376585 4.35121814591063 0.5773156027259526 0.0 2.05154059625956 0.0
415194 16.62108636281779 0.6495331735284886 0.6495331735284886 4.117988958657884 0.7016018649246122 7.863651531754931 0.6283579531575841 0.0 1.7493577397058946 0.0
415317 16.974478346300952 0.6554212171331797 0.6554212171331797 2.306590716469788 0.6670678090581019 4.337583354605731 0.6371848430211705 0.0 3.5944885455060493 0.0
415367 16.56949171940817 0.6494112920189082 0.6494112920189082 11.3175276137739 0.7056164106942652 12.391900368529074 0.6019183580328076 0.0 3.219910076788145 0.0
415370 16.890686972094713 0.6481011533099611 0.6481011533099611 3.98276988524296 0.6744795658563821 5.879206950663685 0.6211943087701096 0.0 1.6886713671789535 0.0
415417 16.385083541732165 0.6530550168485777 0.6530550168485777 2.426276044898602 0.6322888619788336 4.980154360594002 0.5790226910097978 0.0 1.1327185336555152 0.0
415459 17.101453336815613 0.6583117038733174 0.6583117038733174 3.3138789022455772 0.706568079035784 6.2899641002145 0.6382264219480375 0.0 3.48105653379646 0.0
415568 16.50400698250066 0.6463761063460389 0.6463761063460389 3.5952953911399494 0.641036028728008 6.323288368134284 0.5807410071727452 0.0 2.05154059625956 0.0
415583 17.254701115488775 0.6467628079854036 0.6467628079854036 14.429170189395748 0.7381671048927375 29.305233143880454 0.6396411604669522 0.0 2.0466201231357397 0.0
415784 16.57716930475479 0.6447401070621442 0.6447401070621442 8.197450712024787 0.6924842484727022 12.87791765692686 0.6154373682724675 0.0 5.080290269941276 0.0
415804 16.20490323213931 0.6457054955632309 0.6457054955632309 3.2635098897838763 0.6550254889015967 5.21979335346137 0.605060026764119 0.0 0.6768186793918424 0.0
415838 16.177932313116486 0.6448982028334087 0.6448982028334087 2.253166356035379 0.6663979774631867 4.117358163018865 0.6169219977635929 0.0 2.2399119388091573 0.0
415850 17.0865317229732 0.6457962750820944 0.6457962750820944 3.4273187229236988 0.6859838249074983 5.804341847746601 0.6250762449616887 0.0 2.846927324634877 0.0
415962 16.304843540953655 0.6444868034827735 0.6444868034827735 3.695742675799439 0.6420204959506224 5.349581712921013 0.5833174577745192 0.0 1.192064245840396 0.0
416260 16.548052046999466 0.6420934573269047 0.6420934573269047 3.110566604877225 0.6611545387293456 6.012743644854394 0.6221177631982552 0.0 3.2199100767881443 0.0
416462 16.21423970782893 0.6447464895588868 0.6447464895588868 2.757810077815605 0.6836556649343104 5.642309259930371 0.6130425208895696 0.0 1.1369406066590078 0.0
416515 16.232765626970796 0.6382128017597478 0.6382128017597478 3.5120149155795906 0.6780138818731862 7.205508152756113 0.6187709925332033 0.0 1.4704556440040895 0.0
416525 16.673987651472572 0.6420145903156214 0.6420145903156214 2.7089333946978993 0.6695231193455516 5.241255985157891 0.6089892822856305 0.0 1.7230153479073578 0.0
416569 16.962126888424123 0.6394203651928014 0.6394203651928014 3.7322891647574883 0.6732085669001557 5.446580673839213 0.6269398282485272 0.0 1.6761473797781137 0.0
416785 16.69320501843533 0.6362752700920729 0.6362752700920729 3.7362551040262053 0.6873262611228655 5.7620097820487945 0.6383792472887094 0.0 4.915496767156939 0.0
416992 17.17814573751686 0.6356256016047879 0.6356256016047879 4.50640571903694 0.694087005855907 7.08004690459365 0.6326215471065868 0.0 4.6981359632514685 0.0
417260 17.23170943796795 0.6332488502059761 0.6332488502059761 2.4655096279964144 0.6988583547873328 4.413001353312558 0.6310178789201615 0.0 2.0466201231357397 0.0
417315 16.361557230379145 0.6302024796146098 0.6302024796146098 2.2175151359236462 0.6483531224350044 4.538534449600467 0.5501584791712921 0.0 2.4207614317544643 0.0
417506 16.74944961310905 0.6285206668475446 0.6285206668475446 2.929652638717286 0.6455660465908285 4.785994844855385 0.6125387470708996 0.0 1.235449710760062 0.0
417611 17.147394298314488 0.6290084394043388 0.6290084394043388 3.3600015359811666 0.7068464480097841 6.529985124243527 0.6525793983592356 0.0 3.7901590750025242 0.0
417660 17.18590864257814 0.6276581766234121 0.6276581766234121 6.240685685642673 0.706129634058731 11.7092898700932 0.6440960403929558 0.0 4.487789076356347 0.0
417687 16.90028796321546 0.6279422589453906 0.6279422589453906 14.939154750594405 0.7173310935807697 23.295884258573466 0.6400309944895478 0.0 1.6886713671789537 0.0
417708 16.164943324123563 0.6252302188241283 0.6252302188241283 38.68262643489625 0.7304921630670288 52.79987790218296 0.6526464179816299 0.0 5.096075857386593 0.0
417774 16.351196174783222 0.6265020474212193 0.6265020474212193 4.337717522610601 0.6687535878928462 6.186918565871447 0.5679594702995856 0.0 2.420761431754465 0.0
417938 16.16709704544508 0.6272807643071544 0.6272807643071544 6.7388033314547275 0.7136772255373307 8.537389559258385 0.5993618008636176 0.0 2.239911938809157 0.0
418035 17.281908838861867 0.6313013814142829 0.6313013814142829 3.4354920266138484 0.7031029238097246 5.997675110042559 0.6307150094565768 0.0 1.3310180227423398 0.0
418132 16.531922668121297 0.6230446143012399 0.6230446143012399 7.115889977226742 0.6724767171702938 9.112700290260126 0.5849087649931253 0.0 1.712372958297772 0.0
418174 17.10327599660169 0.6242951000018607 0.6242951000018607 5.490311717821964 0.7186829088788702 6.413948083962495 0.6452569799153262 0.0 3.7590678660465144 0.0
418182 16.15343353164489 0.6221602176242595 0.6221602176242595 2.138576579069836 0.6432093508795117 4.18922289851802 0.5745195003012346 0.0 2.1567623521993684 0.0
418342 16.68039877366165 0.6249093857735268 0.6249093857735268 3.9417569665795997 0.7303511271817217 6.566859951409271 0.6049996382859192 0.0 1.7230153479073578 0.0
418545 17.11612686748345 0.6217417489152279 0.6217417489152279 3.290739556768424 0.7108651423056298 5.066613665045178 0.6019399253464504 0.0 5.896313975947354 0.0
418849 17.406225945294405 0.6188197038424637 0.6188197038424637 4.840805565086757 0.7236425271431985 6.706891175348198 0.645019829597313 0.0 0.48810505105115787 0.0
418997 16.926640544954115 0.6311761401638628 0.6311761401638628 3.4219044902588407 0.6895188998966932 5.987127470450485 0.6265668360445852 0.0 1.6886713671789537 0.0
419043 17.416294666244355 0.6157263466955557 0.6157263466955557 6.205745736220865 0.7913818678072818 9.175892776753514 0.651774905370341 0.0 0.0 0.0
419080 16.866466625120317 0.616691961767047 0.616691961767047 8.610511121912566 0.7032877061054741 15.787005765515733 0.6342866209758551 0.0 2.408658903210175 0.0
419210 17.412735904345453 0.6138238851634519 0.6138238851634519 3.0447460349894016 0.7300039494144036 3.837407736411874 0.6522348621332938 0.0 0.0 0.0
419532 16.21435161128369 0.6095652434040282 0.6095652434040282 2.044438667161437 0.5874344035590336 3.8947315959129716 0.5502167688601641 0.0 1.4704556440040895 0.0
419533 16.835514954384983 0.6099810152009688 0.6099810152009688 2.3683275702423945 0.7023689982524896 4.574470487012366 0.6096308808954837 0.0 2.824744663424514 0.0
419571 16.694772038641137 0.6121957410385569 0.6121957410385569 2.8352256604260337 0.637804197426383 5.668623185215652 0.5886135788166629 0.0 1.7230153479073578 0.0
419649 16.819881699572377 0.6103153513588094 0.6103153513588094 4.271387024172214 0.6398995355006577 5.842087479343186 0.5951633981438528 0.0 1.8021085458201975 0.0
419814 17.35086210039747 0.6115059808018384 0.6115059808018384 3.9704666019403256 0.6581060317672194 5.79662435474478 0.6097424643820676 0.0 0.7591617551846729 0.0
419838 17.39796894084822 0.6092668112448032 0.6092668112448032 4.963094422362474 0.7012861464002413 7.078091038956438 0.6222087579478153 0.0 3.6075648669083344 0.0
419982 16.780782957672606 0.6062692822254749 0.6062692822254749 5.075914829792774 0.6615457862559834 6.17405968281736 0.5994683755830331 0.0 1.2354497107600622 0.0
420001 17.432990344909644 0.6090292228235397 0.6090292228235397 3.713140480484691 0.7926160294860461 5.532567300031388 0.6537888418042879 0.0 0.0 0.0
420112 17.202524084867342 0.6058648148622782 0.6058648148622782 2.943026948377413 0.679462312899276 5.99430249722916 0.6198410660660949 0.0 3.6002946353260414 0.0
420218 16.740035516257443 0.6047286923844298 0.6047286923844298 7.747773896454733 0.6566422187196878 11.269042412807833 0.5949423299600126 0.0 1.2354497107600622 0.0
420375 16.569819449987932 0.607448586656054 0.607448586656054 5.23309942027833 0.6795463083984576 9.838788304078378 0.5905115796732727 0.0 2.757715910297491 0.0
420390 16.650272560133555 0.6020014741585041 0.6020014741585041 3.023191429966701 0.6865651423589776 5.069580554841931 0.6278220536985927 0.0 1.7230153479073578 0.0
420484 16.36586159142391 0.6045350943707202 0.6045350943707202 3.5001212180960475 0.6357012807609627 7.1628455599292264 0.5510153775133365 0.0 1.221618877754532 0.0
420640 16.811465496792795 0.6017001984868351 0.6017001984868351 3.4415595879319785 0.6763338299166065 6.104629671698328 0.6202451667057152 0.0 2.695414813462844 0.0
420645 16.825516396732553 0.600704739813864 0.600704739813864 4.704683046560344 0.6352408541998216 5.463932382415305 0.5940347902779344 0.0 2.824744663424514 0.0
420771 16.850639390141897 0.6006090595903864 0.6006090595903864 3.4030797663509698 0.6960357637853332 6.6864080215912605 0.6393063585031681 0.0 2.7627294760798664 0.0
420807 16.933992635677985 0.6010612976339577 0.6010612976339577 5.015169119623133 0.6936838986518598 7.251050593564691 0.6168719615959418 0.0 2.565389584106975 0.0
420854 17.13114509883759 0.6013201354265704 0.6013201354265704 4.364238751627018 0.6767542824462778 7.37625303396344 0.6292080272153118 0.0 9.602442332127522 0.0
420970 17.17422634347539 0.5982221758860106 0.5982221758860106 10.766287215142222 0.7309185475753376 12.628014940447015 0.6486717874074156 0.0 2.161906972109364 0.0
421233 17.33047427230255 0.5967366735793359 0.5967366735793359 2.61379759215827 0.7264187719179791 5.018781869988434 0.6411369663331475 0.0 0.759161755184673 0.0
421317 17.140129870770892 0.5981169528220877 0.5981169528220877 2.7508262597578823 0.6817471992912812 5.506016327436159 0.6356730709048756 0.0 3.762803207093053 0.0
421405 16.35555926804009 0.5951445260021934 0.5951445260021934 3.2188915600798587 0.6176994549686942 5.7438490738809564 0.5752415868380015 0.0 1.221618877754532 0.0
421470 16.93000172341876 0.5987127873255507 0.5987127873255507 3.966458558124975 0.701666976673222 6.5749481446855835 0.6393598583170101 0.0 1.8337645361428516 0.0
421508 17.307145456778375 0.594610328308608 0.594610328308608 3.459189547044083 0.7007269678335555 6.1947312125734575 0.6360443634757424 0.0 0.7591617551846729 0.0
421585 17.399198921022812 0.5926083995871524 0.5926083995871524 6.011255307072923 0.713552935099071 10.485076356097924 0.6365174795190194 0.0 3.4760927859999065 0.0
421683 16.832105229087738 0.6171586902900119 0.6171586902900119 2.8720108705750897 0.6603008564511813 5.195629206495964 0.6065518410677893 0.0 1.8021085458201975 0.0
421810 16.568641210136292 0.5903360814525725 0.5903360814525725 4.263623563821317 0.6777812548817198 6.577486005890948 0.6164482894239414 0.0 1.5975036606936595 0.0
421905 16.69181794108198 0.5923103005561116 0.5923103005561116 3.4384738525800485 0.6607409310384411 5.718446126171927 0.6064059043914748 0.0 1.8236011231326017 0.0
421924 17.341867676874998 0.5910511735882504 0.5910511735882504 3.221079322623762 0.6931317289343867 5.590834842169428 0.6319561021296493 0.0 0.7591617551846729 0.0
422371 17.376884270242858 0.586801921334007 0.586801921334007 2.6623861102136916 0.7365821805008034 5.026004924277489 0.6516780777890913 0.0 2.7702380087951317 0.0
422373 17.11462297454849 0.5857458279545875 0.5857458279545875 3.527500890575484 0.711053208366248 6.30089171080693 0.6399284628366898 0.0 1.7330574868653756 0.0
422487 16.3320612947609 0.584864860750579 0.584864860750579 3.90252711752415 0.76311222774261 6.2641952163539925 0.6144876596637147 0.0 1.2214916892564054 0.0
422536 17.420361946235936 0.5886739505426299 0.5886739505426299 4.868103861194719 0.7175221638329444 5.7778583454340495 0.6408247875156738 0.0 3.4760927859999065 0.0
422787 16.714379347442424 0.5828216000696277 0.5828216000696277 4.125129220214568 0.7176773932961159 7.226005470122009 0.6361868751338904 0.0 1.8236011231326015 0.0
422841 16.62618935255202 0.5815920782564933 0.5815920782564933 3.4091425635460855 0.6777674601810426 5.6840060233863055 0.6384457904988023 0.0 1.0306451822585072 0.0
423078 17.418763193761865 0.5860423206471633 0.5860423206471633 2.7235028554340377 0.7269388015425978 5.5152539619595675 0.6421997906734536 0.0 3.4760927859999065 0.0
423087 16.794854915239473 0.5797903197071913 0.5797903197071913 4.733144857392305 0.693313337228611 5.178958381230574 0.6221822719990612 0.0 2.8247446634245135 0.0
423630 16.15028955484226 0.5744576324016019 0.5744576324016019 7.4275086239659585 0.6622799253424642 8.37531666953666 0.5948192997021879 0.0 1.0561523027820934 0.0
423860 16.26022342218444 0.5719737419030383 0.5719737419030383 3.3555425743605802 0.6799624201980263 5.080973761888881 0.6239196317780551 0.0 1.0669938162203043 0.0
423915 16.431556286745487 0.5726418033620514 0.5726418033620514 2.9252494302119683 0.6254205553044979 4.726064623785593 0.6072449050821976 0.0 0.6743708633005738 0.0
424022 17.315719949125757 0.5752074797170679 0.5752074797170679 2.8568872264483938 0.6761944752147389 5.533098306607285 0.6353397754340443 0.0 0.7591617551846729 0.0
424160 16.415426692608534 0.5690821037966379 0.5690821037966379 2.422475948614792 0.6674271060223953 4.075702087748668 0.5960814060205529 0.0 0.8318188287187783 0.0
424697 16.323932167577137 0.5628708052872722 0.5628708052872722 3.0082887381397723 0.6732573965397777 4.939142729531459 0.6270533560123409 0.0 1.2214916892564052 0.0
424704 16.820438390851173 0.5632652498061169 0.5632652498061169 4.4079650314867544 0.7269815152055599 5.886648253290796 0.6500157851375823 0.0 1.1616341109618535 0.0
424795 16.620601925987945 0.5616309409228042 0.5616309409228042 3.7717787228972224 0.7337196651352347 5.733665052758896 0.6475176077893214 0.0 1.0306451822585072 0.0
425162 16.538206368047252 0.5593654531693814 0.5593654531693814 2.96445365601121 0.6634876624151642 5.115540693354731 0.631480462388776 0.0 0.894770054873709 0.0
425173 17.39067403639092 0.5623015805713739 0.5623015805713739 4.432674915181375 0.7054805540048213 5.21896259341586 0.6379395058585442 0.0 3.6682982224324125 0.0
425701 16.98878185121653 0.5562686840367788 0.5562686840367788 4.909894233229868 0.7220366916922015 7.94657135032715 0.6425877190468436 0.0 1.2600623334046186 0.0
425879 16.278430480431435 0.5563298957444067 0.5563298957444067 4.170880509875257 0.6627432042192194 6.304013756501829 0.5840652576995515 0.0 1.0669938162203043 0.0
425894 16.89660793105606 0.5533011405337313 0.5533011405337313 2.8842186138972874 0.7161013879223751 5.8101384978533615 0.6524027008994628 0.0 1.1616341109618535 0.0
426475 16.758248115898663 0.5531306834862237 0.5531306834862237 2.570048393004034 0.6593702242925131 5.172761158510425 0.5915231703771702 0.0 1.7440259991404043 0.0
426525 16.94551747136684 0.550367417639896 0.550367417639896 3.9451204374272164 0.7213238744250331 5.823256446191323 0.6487598979311513 0.0 2.2926407805908977 0.0
426654 16.29213148523067 0.5444596890063853 0.5444596890063853 3.181095712051508 0.6258375328984791 4.959454632380068 0.5757387938925176 0.0 1.0669938162203043 0.0
426659 17.38341961994968 0.5459741132764763 0.5459741132764763 2.4873197831527665 0.637776729340811 4.372486607404325 0.6007232455848206 0.0 2.3257234512687486 0.0
426698 16.285607017640082 0.5456449930942785 0.5456449930942785 2.9914326271171774 0.6335814064395543 5.704209639006416 0.5771472360434496 0.0 1.0669938162203043 0.0
426794 17.01947280814612 0.5487079841112913 0.5487079841112913 5.10872864124566 0.7129447167702013 6.538832744480226 0.6387639566600634 0.0 1.9093591910175578 0.0
426814 16.692481885845865 0.5451540273163608 0.5451540273163608 3.8908659607477047 0.6624118673766937 7.306319570925941 0.6037372873233995 0.0 1.4127939427333212 0.0
426998 16.200259683508072 0.5426098448948863 0.5426098448948863 4.078879242758426 0.6110497271945048 7.6902344925772885 0.5565855386368285 0.0 1.8852481999072408 0.0
427011 16.801464493597187 0.5434346894515019 0.5434346894515019 1.7852907193133774 0.6917990967696412 3.5607341251176834 0.6429896822691117 0.0 2.206851562788994 0.0
427250 16.413041991338655 0.540932253004086 0.540932253004086 3.0870378889137706 0.6231003391460092 5.847043454878165 0.5572990240001547 0.0 0.8318188287187782 0.0
427322 16.764336625778782 0.542205552449855 0.542205552449855 3.290676721848678 0.6760465243428975 4.524131346889562 0.6058262908848312 0.0 1.744025999140404 0.0
427573 16.74464764934338 0.5393632581336101 0.5393632581336101 4.078712949113235 0.641907373270056 5.042963657084998 0.5829031207084239 0.0 5.133872112951921 0.0
427592 16.823326848120836 0.5404849246415313 0.5404849246415313 2.0186221420707935 0.674540900365393 3.9738029044107566 0.6150389588284475 0.0 2.206851562788994 0.0
427620 16.965403870324074 0.5372795659080296 0.5372795659080296 2.4128410892401124 0.6883825134825243 4.6466886689350995 0.637848601241041 0.0 1.50073742117794 0.0
427638 16.860684807527267 0.5458779225967721 0.5458779225967721 5.912742333613012 0.6963879564808847 7.407489714682687 0.6306584580288043 0.0 1.1616341109618535 0.0
427663 16.497866693113117 0.5376207265719969 0.5376207265719969 3.003195761878131 0.6578756264477348 5.470921865916612 0.5574565104557753 0.0 0.894770054873709 0.0
427870 16.97602929740189 0.5366553839784459 0.5366553839784459 1.8491206969700213 0.6777501688183176 3.7671075646624086 0.6459015142550363 0.0 1.2600623334046186 0.0
427935 16.74219845522705 0.5350334924648393 0.5350334924648393 2.80684848359561 0.6749363085811384 5.308313720536304 0.5965630331052136 0.0 3.231990513249091 0.0
427996 16.91428828519089 0.5355542255852075 0.5355542255852075 3.5120046147730744 0.7181484992661176 5.643995115676784 0.6401408783430566 0.0 1.74784953085807 0.0
428116 17.240876084930566 0.5332358891547853 0.5332358891547853 13.42655483573583 0.679411917482211 16.604154582815912 0.5901053416163006 0.0 1.2202794419117664 0.0
428206 16.772340150408777 0.5323278403214886 0.5323278403214886 5.713024940462672 0.6851717896018613 8.883031190499368 0.6119270980559915 0.0 1.7440259991404043 0.0
428216 17.363554477311897 0.5341558139745299 0.5341558139745299 3.590498949345885 0.6421671472735984 5.3472958351950455 0.5852779587746646 0.0 2.325723451268748 0.0
428316 16.52967325235978 0.5306387355300809 0.5306387355300809 10.926669871274763 0.6479348819480517 15.7622670910669 0.5859495971115198 0.0 0.894770054873709 0.0
428362 17.0490064846164 0.5319053028219665 0.5319053028219665 3.1194129375131103 0.6408793755374838 5.131611496640566 0.6030791816711045 0.0 1.958982287895568 0.0
428409 16.540658175134798 0.5318689081476191 0.5318689081476191 2.681388651794044 0.6497614518774376 4.855356870651412 0.5743412963485088 0.0 0.894770054873709 0.0
428593 16.207405377036437 0.5302106894828766 0.5302106894828766 8.21121477845146 0.620454678971318 14.040358521846885 0.5494697801236449 0.0 3.207651898521072 0.0
428615 17.069433176910323 0.5296788324163152 0.5296788324163152 6.0509078754757715 0.6782775054211689 7.506142341326938 0.5993190782685928 0.0 1.9589822878955676 0.0
428642 16.192766888589187 0.5365109731420625 0.5365109731420625 7.69766523687772 0.6385282157475631 12.936345119086058 0.5706004812061981 0.0 3.897273107028437 0.0
428817 16.828756343911266 0.5287598215591864 0.5287598215591864 5.11976453906659 0.6993668765260642 6.056491298887653 0.6073350371392121 0.0 2.206851562788994 0.0
428842 16.389723728540616 0.5301246699512145 0.5301246699512145 5.88095061968667 0.6616416671265621 10.460579750602216 0.5983978513898564 0.0 0.8318188287187782 0.0
428979 16.260977413196947 0.5293058732381373 0.5293058732381373 3.8129745323802706 0.6307951541610378 4.505692903226037 0.5617409635379725 0.0 1.1360449251054032 0.0
428987 17.426476894345743 0.526244244493383 0.526244244493383 5.771628932693537 0.7182028573709373 10.585528018600185 0.6362011675029313 0.0 0.7415559946743411 0.0
429162 16.72435232167902 0.5270472048501691 0.5270472048501691 7.601075861778611 0.6970544465909349 14.568473146313995 0.6059712103565023 0.0 3.231990513249091 0.0
429216 16.14511205912965 0.5243140820672715 0.5243140820672715 3.714100515651976 0.5566882946423936 4.707034398787728 0.523800221789967 0.0 1.509136418784579 0.0
429262 17.30567744182335 0.5248460251035602 0.5248460251035602 3.2842840413248884 0.5986045852772972 5.628253809439377 0.5820551196880076 0.0 1.3328179248783885 0.0
429556 16.324042341655467 0.521192979007231 0.521192979007231 2.407672917090905 0.6175927339168459 4.8032459918078665 0.5667636367951425 0.0 0.9643363216791454 0.0
429589 16.114445066967658 0.5230699875091901 0.5230699875091901 1.7414448213379732 0.563406295374423 3.5641892731432905 0.5031662642256366 0.0 1.803010298590833 0.0
429855 16.757446034305506 0.5185818807162106 0.5185818807162106 8.36990127803107 0.6571209265369148 9.707397654165181 0.5854094356938323 0.0 5.236726448524629 0.0
429927 16.804746906544253 0.5176131780113321 0.5176131780113321 5.807852491367313 0.693979764078015 7.409290295661672 0.6137815393770473 0.0 2.206851562788994 0.0
429936 16.51347116607191 0.5169680653113027 0.5169680653113027 4.178949904179677 0.5887497004186061 5.035236378316989 0.5460075760455739 0.0 0.894770054873709 0.0
430046 17.1571926398447 0.517518956127274 0.517518956127274 4.834774056591433 0.692546600404573 6.4902120364044436 0.5957821289632406 0.0 1.1296830805730707 0.0
430179 16.947149830362587 0.51630028089138 0.51630028089138 2.598878290280833 0.6896923482563821 4.655853038972164 0.6427875546932528 0.0 2.2926407805908977 0.0
430241 16.772285941962654 0.5155548614871653 0.5155548614871653 6.936796936138659 0.6873316117982661 8.957926938315838 0.6061728100160273 0.0 8.028012851047627 0.0
430247 17.06147812883995 0.5156804168958731 0.5156804168958731 18.553736728054382 0.7028244917577894 35.87985295035834 0.6102798703340121 0.0 3.4720577084246473 0.0
430356 17.240622543667545 0.5147168585858334 0.5147168585858334 6.511208041565792 0.648538516686683 7.99303442571809 0.5616936055800156 0.0 2.755586184106608 0.0
430381 16.794149931817948 0.5176459619503846 0.5176459619503846 3.0972658944796545 0.7010462343823116 4.680509178208788 0.6303710397749934 0.0 2.206851562788994 0.0
430472 17.415404025462024 0.517785724960177 0.517785724960177 4.4865533609190225 0.679231440770864 5.8326467901713315 0.613410478574327 0.0 2.942169326253227 0.0
430662 16.72533002831925 0.5116926954416622 0.5116926954416622 22.440661085188765 0.7305725834738327 29.707328989032426 0.6394637677027397 0.0 2.3625594003068278 0.0
430721 17.093008328658872 0.5165645464384597 0.5165645464384597 4.994292346297205 0.6531583562165072 5.7595030807831415 0.5951422943665032 0.0 1.9589822878955678 0.0
431031 16.916937142095133 0.508949501370049 0.508949501370049 4.229318916641379 0.6879191291896818 7.842260619423777 0.6152858820366425 0.0 1.74784953085807 0.0
431296 16.661110358981638 0.5061845165908571 0.5061845165908571 3.333584782894839 0.653894291139494 4.712414767551164 0.5900555629688123 0.0 2.104317370451359 0.0
431343 16.232157771231645 0.5058501985018224 0.5058501985018224 2.656272324026321 0.6507834574333895 5.471095176986242 0.5824581258669354 0.0 3.2076518985210716 0.0
431445 17.23211903522612 0.5052189175271539 0.5052189175271539 3.6619687132951944 0.6134398549618422 4.755629998647629 0.5760933605288042 0.0 2.755586184106608 0.0
431455 17.356294165163327 0.5057746977438818 0.5057746977438818 4.160481073136932 0.6132221227261365 6.939851640310959 0.5744906580429899 0.0 1.1063994588830555 0.0
