Galaxy_name RA DEC Dec Lya_flux Lya_flux_e NB_flux NB_flux_e dist Density Protocluster
2947 24.68464021962773 -0.9144183506765732 -0.9144183506765732 9.475620880631183 0.6662558775264847 12.446685980544563 0.5672758959031801 0.0 0.0 0.0
5279 24.73947326883696 -0.8750992739134875 -0.8750992739134875 5.680192922334268 0.5880070508510644 7.389528584641095 0.5465124829529606 0.0 2.8163708816454482 0.0
5869 24.73307082943334 -0.8661667176287849 -0.8661667176287849 2.1980756470068954 0.6111270266033582 3.747952313625457 0.5444990229313152 0.0 2.816370881645448 0.0
6339 24.84588895687293 -0.8594278695353558 -0.8594278695353558 3.7099926312694698 0.5697495422019468 4.26447595556051 0.5311054250109868 0.0 0.0 0.0
6960 24.71176345750337 -0.85170997285233 -0.85170997285233 4.7512173906563655 0.6108295789813527 5.606116603676143 0.5692000865603567 0.0 1.3169196185328922 0.0
6987 24.81848371874477 -0.8507903808650177 -0.8507903808650177 3.1426044952032908 0.6177049797664133 4.655554058063038 0.5473637416034375 0.0 1.3794040325577144 0.0
7527 24.869650779462336 -0.8432647134704434 -0.8432647134704434 3.3794394153968974 0.6012845333661778 5.655314028156738 0.5489384516475447 0.0 0.0 0.0
7875 24.815563499591537 -0.8388794628809902 -0.8388794628809902 2.5727685012286807 0.5668069928755209 3.8679511728525995 0.5266237887400581 0.0 1.3794040325577144 0.0
7920 24.127292514764388 -0.838916674080397 -0.838916674080397 4.337841003528711 0.6812187763278786 5.74448373232242 0.5934839288974784 0.0 0.3698208369419104 0.0
7958 24.85669737699923 -0.8378612644061385 -0.8378612644061385 1.948711984608037 0.5739089949108915 3.82391380863608 0.535536561577971 0.0 0.0 0.0
8023 24.637445566722725 -0.8371453049407379 -0.8371453049407379 2.3944907174722996 0.6704580097167473 4.787212013905324 0.5960688776646279 0.0 0.0 0.0
8047 24.64655310060949 -0.8368584107331325 -0.8368584107331325 3.4078857363910604 0.7039807149209891 4.602245195421689 0.6160279392620424 0.0 0.0 0.0
9616 24.18090396553717 -0.8167180642029919 -0.8167180642029919 2.3966704968911525 0.6209110245137432 3.9876155133881364 0.5850000816428891 0.0 0.36982083694191037 0.0
10386 24.164702929375327 -0.8080293843482339 -0.8080293843482339 5.869195983091091 0.6255839862830185 8.925632107247239 0.5946063691554955 0.0 0.3698208369419104 0.0
12163 24.90102671541956 -0.7882998611175599 -0.7882998611175599 9.6144715033833 0.6752049399947669 12.541429708636182 0.5954023253509899 0.0 1.0020595466138449 0.0
12583 24.956956241933945 -0.7797219206437233 -0.7797219206437233 2.9920121762437804 0.6720433240705632 5.014164790987829 0.5778955252567916 0.0 0.0 0.0
13248 24.96446827732577 -0.7727875500161822 -0.7727875500161822 6.218650200343785 0.6616177731996391 8.434441110016746 0.6019023917827079 0.0 0.0 0.0
13260 24.69372797123572 -0.7719244848289742 -0.7719244848289742 3.6679617869062064 0.6560050637969468 5.344212160004419 0.6088844715793309 0.0 1.1055784876464048 0.0
13337 24.339005139399912 -0.771381450082516 -0.771381450082516 2.7508766049497284 0.6337119503368897 4.54121613581681 0.5847698328652415 0.0 0.36301120830492195 0.0
13358 24.9018177861105 -0.7708756325357764 -0.7708756325357764 2.4395473464935695 0.5970181339598475 4.837806742789805 0.5587078653073392 0.0 1.0020595466138449 0.0
13877 23.935405303559783 -0.7656795841917757 -0.7656795841917757 3.009008378234992 0.6915155760330001 4.747391413596185 0.6276541505523829 0.0 0.0 0.0
14089 24.97570904794165 -0.7624585008956936 -0.7624585008956936 2.545115496848344 0.6267116286831301 3.9985052685166207 0.5820933871842143 0.0 0.0 0.0
14130 24.00145621192673 -0.762443109242664 -0.762443109242664 2.125994401430784 0.671733224114047 4.175938334634663 0.6193774138888045 0.0 1.361247249317455 0.0
14206 23.9861887321558 -0.7619387870296462 -0.7619387870296462 5.043324957873546 0.6937599405806475 6.976198036102436 0.6164176187725402 0.0 1.361247249317455 0.0
14674 24.112491646014703 -0.7572847733283767 -0.7572847733283767 4.344827654308225 0.6845140386812771 5.687293783306029 0.5935816964273227 0.0 0.9072458430221594 0.0
15100 23.95596167207617 -0.7522267646369647 -0.7522267646369647 4.005256545867246 0.6597606208106926 6.38141530426338 0.6046655831306075 0.0 0.0 0.0
16334 24.55429917560845 -0.7391938692741191 -0.7391938692741191 4.785324957655637 0.656608670973711 5.418800557506468 0.6248389401315778 0.0 0.48422793915439444 0.0
16633 24.08550889130193 -0.7362326344765808 -0.7362326344765808 4.004212301606693 0.639206458703726 6.230107658671378 0.5887714386765195 0.0 0.9072458430221593 0.0
16645 24.08621883466967 -0.7361028006043262 -0.7361028006043262 3.071415943271866 0.6641273081146482 5.96343432786302 0.6202016715502016 0.0 0.9072458430221593 0.0
16702 24.36852451927473 -0.7355065067825074 -0.7355065067825074 2.6918579280005477 0.6367467029430978 4.2921213888480585 0.5694781053282219 0.0 0.363011208304922 0.0
17202 24.041865464837123 -0.7303789109322325 -0.7303789109322325 4.787355452636058 0.6401731913812962 6.124215753967809 0.5855691754508782 0.0 2.958412099427536 0.0
17438 24.795276564168795 -0.7285994011463248 -0.7285994011463248 12.830905677308703 0.7210799944297069 14.501805038942049 0.588532653105472 0.0 1.3473244379002098 0.0
17486 23.941233797023777 -0.7276021359424849 -0.7276021359424849 3.7946333798342904 0.604386157806351 6.692744948999783 0.5824853328721457 0.0 1.2152824218208005 0.0
17641 24.622613031521485 -0.7252855803635866 -0.7252855803635866 5.122087113415771 0.7369125444141086 6.675161472277082 0.6255621855090779 0.0 0.4842279391543944 0.0
17723 24.328685308260685 -0.7245426610559556 -0.7245426610559556 2.269763401774098 0.6286624838596964 4.662787541918691 0.5622375010400651 0.0 0.363011208304922 0.0
17770 24.078650402031045 -0.7239992056568293 -0.7239992056568293 2.464272629893932 0.6303431369167052 4.633216887893315 0.5994380525838519 0.0 0.9072458430221593 0.0
17821 24.002066884108995 -0.7237527531818255 -0.7237527531818255 3.1516350191356888 0.652057771948739 5.085598566494373 0.5822192501638309 0.0 2.9584120994275365 1.0
18024 24.59297808587188 -0.7211750161205293 -0.7211750161205293 2.810013020117387 0.6426150396120678 3.736921437447705 0.6088300704449185 0.0 0.4842279391543944 0.0
18071 24.583668088797424 -0.7206486024303747 -0.7206486024303747 3.2088442049082477 0.6353194847446906 4.221700311382111 0.5974327430753622 0.0 0.4842279391543943 0.0
18420 24.14869281697852 -0.717572729011334 -0.717572729011334 4.462272042279498 0.6407543554577595 7.579966290225424 0.5821484063670176 0.0 2.103544999709519 0.0
18451 24.844315900056067 -0.7163625810158123 -0.7163625810158123 2.5450796886696927 0.6252311215893618 3.890542000382778 0.5763015398284913 0.0 1.5098366079432308 0.0
18607 23.99897878006355 -0.716522033930626 -0.716522033930626 21.81670415161511 0.697752181713254 25.53186745297937 0.6105585457782925 0.0 19.88601024266469 1.0
18692 24.78171803411266 -0.7142212543146563 -0.7142212543146563 2.8804071867263104 0.6572944198228204 5.0486732653767 0.5865030723216291 0.0 1.3473244379002096 0.0
18726 23.998860508688058 -0.7150115361778457 -0.7150115361778457 7.3851970955011454 0.6484827322566833 10.756691498832303 0.5914522235722917 0.0 15.72350003696987 1.0
19246 23.96862631416773 -0.7098784202622058 -0.7098784202622058 6.992709070106748 0.6533718055701337 9.685160788098907 0.5830970462670945 0.0 4.29445446736043 1.0
19347 24.36755053520457 -0.7080748546098196 -0.7080748546098196 3.3804158030945284 0.6149406577663776 5.67772472033297 0.5789612466989301 0.0 0.363011208304922 0.0
19472 24.46421598262077 -0.7067168507551933 -0.7067168507551933 2.465139056482004 0.7164710590610281 4.2505788799697 0.6286897936394951 0.0 0.0 0.0
19831 24.140213766196663 -0.7034751301791118 -0.7034751301791118 3.7298781064803364 0.6543198482655673 4.443559725922731 0.6020594790820759 0.0 2.103544999709519 0.0
20017 23.98669125649758 -0.7019151844751298 -0.7019151844751298 2.609587523775126 0.6088961585218562 4.919278911766292 0.5784997319389918 0.0 8.61591040199398 1.0
20160 24.59646160637368 -0.7001243697946148 -0.7001243697946148 2.7684294882770777 0.7228123556863647 4.081970514793858 0.6146472577846709 0.0 1.3152081746939333 0.0
20693 23.990700583171822 -0.6952798174258094 -0.6952798174258094 3.427425722551382 0.5880293667328966 6.949529248032679 0.5620849203435478 0.0 8.615910401993983 1.0
20763 24.983455937150303 -0.6943382234693779 -0.6943382234693779 2.6701742925002274 0.6425978609882798 5.006195314506613 0.5753875235143161 0.0 0.0 0.0
21032 24.01902520473308 -0.6922959968676144 -0.6922959968676144 6.142483873795591 0.6354123013515154 6.934480284753224 0.5703435533396743 0.0 1.740706846560029 1.0
21188 24.61617375055696 -0.6911807828623748 -0.6911807828623748 6.307821063350199 0.6785484482017097 8.543482486312561 0.609339921739433 0.0 1.3152081746939333 0.0
21212 24.365237424016566 -0.6903224055449182 -0.6903224055449182 5.554419379470261 0.6077802246682464 6.091864397223455 0.5540420119878812 0.0 0.36301120830492206 0.0
21415 24.45501814985377 -0.6889624305443564 -0.6889624305443564 5.378139926425955 0.7597615872485635 8.447533048818254 0.6125709628432783 0.0 0.0 0.0
21417 24.098622465349905 -0.6885737282316098 -0.6885737282316098 2.537487157326919 0.6142465332625394 4.834320048544243 0.5711224617003849 0.0 2.107069271566281 0.0
21469 24.83487807074776 -0.6883284822744973 -0.6883284822744973 5.767588827617907 0.6770678523901422 9.829673764192833 0.5707080216262245 0.0 2.3748905107839526 0.0
21836 24.174950645008337 -0.6853829504345701 -0.6853829504345701 7.731217925181996 0.6532061231681296 8.793853503208638 0.5881268142047523 0.0 2.096353659558757 0.0
21850 23.91803539829243 -0.6846576595011874 -0.6846576595011874 3.5887956337324267 0.6292496210098605 4.582225835478133 0.5656609354576118 0.0 1.5275717656632026 0.0
21856 25.03046591644957 -0.6841247044316803 -0.6841247044316803 2.8510729362104743 0.6495030394627063 5.042922582619016 0.5827968678892119 0.0 0.0 0.0
22289 24.67373386577585 -0.6807405626858816 -0.6807405626858816 8.125845814369997 0.6469075372396484 9.130311707920502 0.5879031321912587 0.0 1.3145583030217431 0.0
22456 24.801411498075403 -0.6788074685840118 -0.6788074685840118 2.425181326686121 0.6793930146844028 3.88642039017559 0.5561352646320007 0.0 1.7088151060546062 0.0
22614 24.41923943219232 -0.677500598430337 -0.677500598430337 1.8078713747971213 0.6197498981999955 3.6042281217904866 0.5775875955220058 0.0 0.363011208304922 0.0
23044 23.941219102742 -0.6749587503927911 -0.6749587503927911 15.331231902568897 0.6724977372640077 24.90810340200773 0.589852508320367 0.0 1.5275717656632026 1.0
23091 23.988790042690606 -0.6734039545182479 -0.6734039545182479 4.14463984907632 0.6028776630327026 6.656453276242922 0.5372288810804741 0.0 4.333912242544494 1.0
23628 24.39327755862878 -0.6688275513257433 -0.6688275513257433 2.5372036276275676 0.6005236391540197 4.9363309956328525 0.5464163249241344 0.0 0.36301120830492195 0.0
24043 24.04436473114985 -0.6652263474463059 -0.6652263474463059 3.464174557977429 0.610117996291287 4.805195805721251 0.5449421507516226 0.0 5.147811919962293 0.0
24058 24.754824702702965 -0.6660652665309421 -0.6660652665309421 15.615483688456779 0.6754940560902585 22.50796269216144 0.5996283084802011 0.0 2.0608699078760937 0.0
24286 24.81973529143804 -0.6643973165045959 -0.6643973165045959 14.53039776014882 0.6597828452774485 19.237837753193112 0.5839157929970055 0.0 1.7088151060546062 0.0
24981 24.662647366668523 -0.6566162255784328 -0.6566162255784328 2.963616844241872 0.7197932794259628 5.046020936458929 0.5879381034293804 0.0 1.314558303021743 0.0
25083 24.02094199162303 -0.656313311197828 -0.656313311197828 5.7162632565111196 0.620855872681982 6.467143380212006 0.5579153727580357 0.0 5.147811919962293 1.0
25230 23.94733667349292 -0.6556355810030708 -0.6556355810030708 3.721597700154437 0.6187577691666799 7.209668906028062 0.5446896908599251 0.0 5.427954651558794 1.0
25445 24.75790544513581 -0.6526033277745255 -0.6526033277745255 2.2843668551717395 0.6191041542772389 3.9462733551965123 0.5743026683240741 0.0 2.0608699078760937 0.0
25647 24.021138924130263 -0.6522087863476399 -0.6522087863476399 4.449448053207484 0.6063019911412955 6.74862231774588 0.5658219756914803 0.0 3.6046941019766674 1.0
25723 24.04230237845798 -0.6506240652585094 -0.6506240652585094 2.271289916919719 0.5832008725421529 3.709741471854595 0.5495569378227778 0.0 3.6046941019766674 0.0
25983 23.945573305550887 -0.6488006738202191 -0.6488006738202191 2.8225435649637776 0.596592434738724 5.321417505265306 0.5385122585642944 0.0 5.280171849842226 1.0
26118 23.822140737432825 -0.6476249937686855 -0.6476249937686855 2.876451290743947 0.6318952753569079 5.6905273352314625 0.5813166677448883 0.0 0.5427097162405651 0.0
26175 24.97503435895912 -0.6465806552492225 -0.6465806552492225 3.239313552798108 0.6181194624915806 5.118089627927099 0.5615327584862693 0.0 0.7589840199764808 0.0
26334 24.43289342286135 -0.6459305448710897 -0.6459305448710897 7.638841579947903 0.6206677047082845 10.082882009483644 0.5518862592002263 0.0 1.3917676938776373 0.0
26404 23.951969857211257 -0.6460023536733209 -0.6460023536733209 10.469249166886188 0.6666011786149475 16.15640813838694 0.5480416119282349 0.0 5.280171849842226 1.0
26508 23.97309704445756 -0.6441872478361347 -0.6441872478361347 3.653029737780707 0.6359932967522245 5.326240986676474 0.5268764288958696 0.0 4.121180991815267 1.0
26796 24.03195982602381 -0.6417436911778022 -0.6417436911778022 3.8889756597439646 0.571568629008589 4.526844450565777 0.5368679279441475 0.0 3.6046941019766674 1.0
26880 24.43988155848636 -0.6409681279595134 -0.6409681279595134 4.612611798339246 0.6619758042832399 6.245664194191907 0.5673395548874485 0.0 1.3917676938776373 0.0
26994 24.74333534375294 -0.640716342478934 -0.640716342478934 4.940566300991961 0.6227427916429914 8.919550768600395 0.5746298863190609 0.0 1.6750731928390148 0.0
27032 24.204135280322426 -0.6400026675467158 -0.6400026675467158 2.4516166727282096 0.6310929953129402 4.955293364067793 0.5627489747116057 0.0 1.8870685622486918 0.0
27256 23.802754088694968 -0.6383849657389905 -0.6383849657389905 3.1690259995366237 0.676529645878447 6.370062270361841 0.5891008713449073 0.0 0.0 0.0
27483 24.83948689851221 -0.6361558661262157 -0.6361558661262157 2.613500156370122 0.5827994312672269 5.07513449219516 0.5524763924055242 0.0 1.708815106054606 0.0
27651 24.587077332141376 -0.6353281714706694 -0.6353281714706694 3.431965287982955 0.6773360020230103 5.655906582051568 0.5993221298825232 0.0 0.5280610722024383 0.0
27737 24.13847902538645 -0.6341829555672651 -0.6341829555672651 4.505988665133127 0.6099166279833979 6.493301377038653 0.5619011410792953 0.0 1.3243078912728479 0.0
27795 24.07450966047347 -0.634463006338375 -0.634463006338375 10.949592513534833 0.6463388662325892 15.735396149669267 0.5714505037598931 0.0 0.970659622583318 0.0
27995 23.97136423782274 -0.6316410703782769 -0.6316410703782769 3.1598956221610615 0.5933808311383051 3.9406232340624405 0.5315701587729613 0.0 4.121180991815267 1.0
28053 24.26383348316321 -0.6309507739873499 -0.6309507739873499 2.498795139131681 0.6694037796326378 4.336286740585537 0.5623640850761378 0.0 0.6708898677615369 0.0
28296 24.01783224562763 -0.6290410945157012 -0.6290410945157012 2.9711625712950385 0.6269621654336541 5.94522546342472 0.5771137069182402 0.0 3.6046941019766674 1.0
28384 24.25991502021588 -0.6292881293978708 -0.6292881293978708 12.366105346372033 0.6601875729292573 15.679791108495436 0.6054365598703008 0.0 0.6708898677615369 0.0
28779 23.9831241962844 -0.6261998140939877 -0.6261998140939877 19.775594962639786 0.6521451945114557 24.521512845863867 0.5871257560755174 0.0 4.121180991815267 1.0
28840 24.478738351524218 -0.6238790274510019 -0.6238790274510019 3.3873346488151506 0.6325781726402319 4.493039650022025 0.5753928026776555 0.0 1.3917676938776373 0.0
28902 24.238366172892736 -0.6233636506164183 -0.6233636506164183 4.636304168366221 0.6168449549241286 5.429237463428495 0.5638186877162693 0.0 1.887068562248692 0.0
29178 24.92396075770308 -0.6252961774524881 -0.6252961774524881 6.124834188639009 0.6835775901281815 10.668306587363054 0.6039063750623587 0.0 0.7589840199764808 0.0
29307 24.13770384933751 -0.6201973273551376 -0.6201973273551376 2.1712101779127257 0.576868184758482 4.13304152721962 0.5407585683172326 0.0 1.3243078912728476 0.0
29320 23.84645041205577 -0.6202930574268922 -0.6202930574268922 3.68980323076235 0.6149862912078252 6.643845089067416 0.5499971814172608 0.0 0.5427097162405651 0.0
29333 23.8462935680039 -0.6217597519540685 -0.6217597519540685 2.200222528224938 0.604416287925923 4.282293518111286 0.5483633061157276 0.0 0.5427097162405651 0.0
29408 25.12503786079672 -0.6188254993747606 -0.6188254993747606 2.2065164497662564 0.6510190535652234 4.095157221015314 0.604675755177042 0.0 0.0 0.0
29426 24.47471773308733 -0.618883160602114 -0.618883160602114 2.200139735492567 0.5836854598084965 4.101059840669109 0.5603703124709459 0.0 2.1591870975335055 0.0
29480 24.226077948609184 -0.6184207107545041 -0.6184207107545041 3.3591929226696653 0.5977955039501747 4.72694225250075 0.5513826012656297 0.0 1.887068562248692 0.0
30026 24.886508283185165 -0.617433035655251 -0.617433035655251 7.524078620672809 0.6299931266856632 14.847686807734934 0.5598624827097104 0.0 1.5254417571955285 0.0
30208 24.78808290107765 -0.6118635056508793 -0.6118635056508793 2.2674544759935515 0.5864199941629558 4.197640073802435 0.5325103648877033 0.0 1.8969085376446397 0.0
30449 24.23553451194816 -0.6109599768779449 -0.6109599768779449 11.036465009087381 0.6318364527122364 22.572595102645675 0.5782155069352009 0.0 1.887068562248692 0.0
30485 24.293114364187325 -0.609578348310275 -0.609578348310275 3.7082949295955627 0.6028875743777999 4.228505539206865 0.5631435986092312 0.0 0.6708898677615369 0.0
30501 23.84533988074181 -0.6095461605817556 -0.6095461605817556 3.483966553369163 0.571512719156732 4.152798474117184 0.5365100392977594 0.0 0.5427097162405652 0.0
30547 24.345036987938123 -0.6091110896864659 -0.6091110896864659 2.4990878107968157 0.598356647227023 4.744364521601478 0.5659404092143971 0.0 1.4264936751709956 0.0
30555 24.622072312667697 -0.6089627956986846 -0.6089627956986846 3.745525057330058 0.6391840001201964 4.200983071797101 0.5793896958699524 0.0 0.8256010763679029 0.0
30683 24.303097437114623 -0.6080759133454943 -0.6080759133454943 3.531767870914629 0.6706915205477186 5.113491605418548 0.5705620591978937 0.0 0.6708898677615369 0.0
30938 23.962323508563912 -0.6073491993166018 -0.6073491993166018 14.092987016217858 0.6146621158709307 16.99791836309731 0.551059670981355 0.0 7.645862692617126 1.0
31033 23.84892571629956 -0.6053966734198819 -0.6053966734198819 3.0622254349382674 0.6288817491132443 4.861013687309719 0.5343666989819563 0.0 0.5427097162405651 0.0
31036 23.92270936072212 -0.6084787660585369 -0.6084787660585369 5.610190057612869 0.6366801869208092 8.981489518180712 0.5496987799285022 0.0 2.8863504415973775 1.0
31044 24.718216698684603 -0.6050525789476884 -0.6050525789476884 4.0564845168322945 0.6290990682270253 6.296840274844131 0.5581023323962999 0.0 1.654247055555645 0.0
31110 24.20428147673814 -0.6046314277335015 -0.6046314277335015 3.2809235319591457 0.6105513073370508 6.003492104242189 0.5607716576448231 0.0 1.9738347984280773 0.0
31160 23.784312623627564 -0.6053839602587693 -0.6053839602587693 16.176530248875498 0.6424473967388026 20.354616430428813 0.5786117532098526 0.0 0.0 0.0
31293 25.07521504764907 -0.6028688603931555 -0.6028688603931555 2.2763348012909392 0.6231402704785306 4.065196552703228 0.5598739809849838 0.0 0.0 0.0
31485 23.916719747194385 -0.6019378606703805 -0.6019378606703805 2.2312576994167177 0.5988569199357378 4.217034818590881 0.5419843127885963 0.0 4.84727853371547 1.0
31549 25.08573091079713 -0.6007271191806589 -0.6007271191806589 4.688844307569303 0.5805611605910399 5.052853718941111 0.5612244424712391 0.0 0.0 0.0
31576 24.81763687644631 -0.6008613434770078 -0.6008613434770078 2.6021781536482136 0.6343685480455712 5.1227391544682295 0.5705912233563418 0.0 1.8969085376446397 0.0
31635 24.691752546104468 -0.6005198104207501 -0.6005198104207501 2.817837165094671 0.6260488497781179 3.566505151968236 0.5612791011258143 0.0 1.654247055555645 0.0
31708 23.977950099944128 -0.600220172715494 -0.600220172715494 3.198169556371834 0.6517102352972968 5.788502683847292 0.5515872267870686 0.0 10.676967675581423 1.0
31829 23.9651057482048 -0.599146619485953 -0.599146619485953 4.054271646072509 0.605507474027694 6.973732280542684 0.553211342074428 0.0 10.139917025930718 1.0
32124 23.911886370487583 -0.5978303835248943 -0.5978303835248943 8.315348335482762 0.6277027380187046 12.927165812879547 0.57245814152929 0.0 4.84727853371547 1.0
32220 24.4201104134818 -0.5957837002596229 -0.5957837002596229 5.345555127653934 0.6111712459535918 8.389806041502139 0.5607402659369658 0.0 1.762803872160383 0.0
32256 23.8771307268624 -0.5963904095756054 -0.5963904095756054 20.31070216085016 0.7020514470845204 29.522175854710934 0.5930550290661712 0.0 3.6742060244317982 1.0
32423 24.00022970047937 -0.5943471800333006 -0.5943471800333006 4.3309258145944005 0.6222779662647662 8.288536623722596 0.5625470016478445 0.0 3.75091408012921 1.0
32453 25.16634853725389 -0.593335706942562 -0.593335706942562 1.8045406090101936 0.6161447787342224 3.4097244303541547 0.5880425278554356 0.0 0.5680484593404455 0.0
32578 25.31884792312457 -0.5922723113910859 -0.5922723113910859 2.719435066940895 0.6103065200526994 4.8240559386515205 0.5520926101067567 0.0 0.0 0.0
32618 24.39572097687936 -0.5921924417673646 -0.5921924417673646 2.387014134582871 0.6404592395996895 4.803551925761389 0.5739353801917403 0.0 1.7628038721603831 0.0
32705 23.90822897770217 -0.5916872330499284 -0.5916872330499284 3.7072766819954537 0.5944177065798877 4.895019611100694 0.5306009816398933 0.0 4.84727853371547 1.0
33036 24.426951273502898 -0.5889806013421091 -0.5889806013421091 5.202208653517895 0.6501003125586023 6.522032000292655 0.582622629746995 0.0 6.966505569542187 0.0
33133 24.207442785395045 -0.5886205583157543 -0.5886205583157543 2.342135580754244 0.6134646589998392 4.662563756897133 0.5514699521048847 0.0 1.9738347984280773 0.0
33572 24.729199419120924 -0.5841380000533659 -0.5841380000533659 2.855027802112186 0.5826950553406751 5.032975093766578 0.5351119108293516 0.0 2.479192392570509 0.0
33596 24.238790780109163 -0.5842007853428719 -0.5842007853428719 4.243013967664396 0.5929497535830648 5.0272970316948316 0.565913562737415 0.0 1.8870685622486922 0.0
33909 23.99829136409026 -0.5817957328359888 -0.5817957328359888 3.7817976735948644 0.629891118518642 6.65819024974167 0.5500325518116348 0.0 7.515398131385866 1.0
34044 23.879720827043165 -0.5808804822631071 -0.5808804822631071 5.985237529974973 0.6033955201429824 8.666370593007342 0.5260022767029111 0.0 3.8411196206730285 1.0
34300 24.67815000650293 -0.5783371828854807 -0.5783371828854807 2.194789367828108 0.5859178609577984 4.2624878999029345 0.5503271548779907 0.0 0.6568483437435519 0.0
34340 24.44280742956399 -0.5803801243516591 -0.5803801243516591 12.163367190206863 0.6709501607236344 15.8421163679768 0.5755860200558781 0.0 2.1591870975335055 0.0
34398 24.82545832154532 -0.5781263484015006 -0.5781263484015006 5.247268256897047 0.6203543643611962 6.529782970915652 0.5510340477251466 0.0 4.003303736148992 0.0
34647 24.185225028309688 -0.576458308792022 -0.576458308792022 7.187981587989411 0.6067685082952007 9.418441103661227 0.5411690168288682 0.0 2.0513154862577836 0.0
34753 24.5124686997076 -0.5748001783379617 -0.5748001783379617 4.204578310791325 0.6234778641747714 5.247025466887466 0.5636880734896472 0.0 0.9693876282722034 0.0
34790 24.96919878752705 -0.5750909429431023 -0.5750909429431023 4.96992038056034 0.6423776254950767 7.064390966290244 0.5693420574261625 0.0 0.5805208185577155 0.0
35219 24.18034307794081 -0.5712353154576303 -0.5712353154576303 3.0807770587133856 0.5949823980364027 4.265182462127422 0.5455313182563096 0.0 2.0513154862577836 0.0
35220 24.60040837956257 -0.5710783052730194 -0.5710783052730194 3.075031268838796 0.6284233503954637 6.278424492954942 0.5945529723497184 0.0 0.5280610722024383 0.0
35385 25.184020602355936 -0.5697807191830334 -0.5697807191830334 3.9360276579954374 0.6446028442180401 6.355785352530756 0.5444387760892052 0.0 0.5680484593404455 0.0
35399 25.16129674832976 -0.5695539973744784 -0.5695539973744784 2.225569336538456 0.5889869489126585 3.9314193346803705 0.5486003791776918 0.0 0.8377413774078227 0.0
35706 24.74939832812697 -0.5670698105219664 -0.5670698105219664 2.4741338494917997 0.634873333356415 4.629040812171674 0.5459674286521781 0.0 2.479192392570509 0.0
35849 23.96206151743754 -0.5668001349485119 -0.5668001349485119 4.513494734081207 0.6375690430189969 6.227349746486818 0.5466600291302933 0.0 2.757561060799707 1.0
35921 24.51469477723085 -0.5654070089782988 -0.5654070089782988 2.447481542712469 0.6158395776920149 4.9134396420725714 0.5748747107379284 0.0 0.9693876282722035 0.0
35961 25.28759466458943 -0.5653475657509865 -0.5653475657509865 9.071866940406355 0.7116017784731448 10.621066316120485 0.5863940511606661 0.0 0.692430940324582 0.0
36057 24.397293560444783 -0.5644215185030673 -0.5644215185030673 3.506080492185679 0.5679180649083108 5.692430924275608 0.5522695007066517 0.0 3.0943483607802653 0.0
36204 23.756889419329795 -0.5632920523659981 -0.5632920523659981 3.3023494670324545 0.5795692365765805 5.854877990794023 0.5444347072706314 0.0 0.0 0.0
36492 24.023394141653583 -0.5610032272333292 -0.5610032272333292 3.3692264232565114 0.6041321659566254 6.780878005749716 0.5736068102158982 0.0 1.8402047551671268 0.0
36710 24.13962487679459 -0.559723727831966 -0.559723727831966 4.922358466634312 0.6553962334260358 6.57480650859599 0.5640040764815398 0.0 2.1705760868544073 0.0
37139 23.91494565668207 -0.5564214266797746 -0.5564214266797746 3.4562646330338835 0.6143009303260017 5.438166202516507 0.5724402052499441 0.0 3.76781557084229 0.0
37220 24.776957463173765 -0.5551532367527028 -0.5551532367527028 3.1091444497776193 0.6256190369585947 4.829004188581613 0.5609733860644295 0.0 4.914816095663425 0.0
37228 25.27746232830036 -0.5550558094606992 -0.5550558094606992 4.306447106750014 0.5979550819741435 6.850027319891189 0.525760954558259 0.0 0.5680484593404455 0.0
37266 24.47411731017537 -0.5548752272524599 -0.5548752272524599 4.1263588789924075 0.6255851942010915 7.233920996129098 0.5696573522376073 0.0 1.4866522204919534 0.0
37304 24.99449770758177 -0.5542320112766507 -0.5542320112766507 2.8569630661363674 0.5924036312924007 4.201218058945745 0.5466800770749749 0.0 0.5805208185577155 0.0
37460 24.11004781944078 -0.5533559065010492 -0.5533559065010492 4.961396849448647 0.6184536063105959 7.086163909783057 0.5543684445463711 0.0 1.7232748471277695 0.0
37622 24.80381741354735 -0.5532471364414551 -0.5532471364414551 10.581667662598255 0.6497301004272272 15.897684068727012 0.5747410964014085 0.0 2.681253797156997 0.0
37709 24.00160069669887 -0.5520317115937832 -0.5520317115937832 7.0180149327143635 0.639758414979402 9.847115218545698 0.5666244085190716 0.0 2.898171069601295 0.0
37774 24.84789304077346 -0.5532745937403164 -0.5532745937403164 3.597436671294449 0.6391243919239398 4.908838786842229 0.5798198060460252 0.0 1.9481864956789352 0.0
37841 24.890618492964045 -0.5518185792473587 -0.5518185792473587 9.275423547153249 0.654627020423253 14.513772000911935 0.6042695815001105 0.0 1.4526246619434109 0.0
37896 24.43096940633225 -0.5497959164364175 -0.5497959164364175 2.4728793400182405 0.5987309193228662 5.044306238454269 0.5595176632115894 0.0 3.0943483607802653 0.0
38171 24.65849356407321 -0.5475540925528776 -0.5475540925528776 4.805483069462964 0.6573748344232897 6.308625170058849 0.5693999222067658 0.0 0.6568483437435519 0.0
38181 24.27716135544539 -0.5477493976866489 -0.5477493976866489 3.734016481250129 0.6376095880717951 5.328946364747803 0.5735388635209175 0.0 0.9133776370748573 0.0
38670 24.50273378282107 -0.5433643247842165 -0.5433643247842165 2.8608039793659974 0.6447393937821747 5.852483697079475 0.6098933068174853 0.0 0.9693876282722034 0.0
38716 25.044558306292885 -0.5433135425941471 -0.5433135425941471 7.788654192234198 0.6316847368748478 9.794542477289992 0.5435184891590633 0.0 0.0 0.0
38839 24.40414802234263 -0.5421598868900196 -0.5421598868900196 5.735341354507266 0.6358240595665012 6.390677660722427 0.5749352022241933 0.0 3.0943483607802653 0.0
38876 24.762361698816136 -0.541848352144897 -0.541848352144897 2.903787828596098 0.6015221399778103 4.7471313182316575 0.550966731954565 0.0 5.894782139583462 0.0
38948 23.86956310253136 -0.542300297913994 -0.542300297913994 4.999740365607434 0.5922772968597664 6.028509673027441 0.5452733989371588 0.0 1.5872734173870733 0.0
39133 24.51208727283491 -0.5406489718881629 -0.5406489718881629 8.830292219978514 0.6548996749146813 10.819840464418162 0.5909399644642541 0.0 0.9693876282722035 0.0
39308 24.318793789017047 -0.5386660642192012 -0.5386660642192012 3.5491061884422512 0.6581647648897375 4.945472317615337 0.5860448538197759 0.0 1.1977539956420753 0.0
39357 24.762118118981373 -0.5385079778898534 -0.5385079778898534 3.2048149929355074 0.6426069845861445 5.158350845234957 0.5463854225045865 0.0 5.894782139583462 0.0
39666 23.969689695606966 -0.5360012138740398 -0.5360012138740398 2.6076832909305736 0.610703529727495 4.300116102305238 0.5703859154064712 0.0 2.757561060799707 0.0
40198 24.049286994260363 -0.5316604755132501 -0.5316604755132501 2.9259391979682916 0.671595996079085 5.261523723298564 0.593896501950458 0.0 1.5860183608081195 0.0
40224 23.90385268687489 -0.5319277089418788 -0.5319277089418788 5.25936261409152 0.6326100148056916 7.9094214916274295 0.555059860431737 0.0 4.360090431893804 0.0
40534 23.991982636293763 -0.5290200318987854 -0.5290200318987854 2.6002560231523404 0.6368443821911401 5.3045110490508645 0.5699159024811572 0.0 2.898171069601295 0.0
40855 24.768275599660832 -0.5268720376885387 -0.5268720376885387 3.424805712414055 0.6154540954708418 6.517613855617889 0.5614307805017614 0.0 1.2006045183280185 0.0
40985 24.7032889586104 -0.5266900716196111 -0.5266900716196111 2.7257090306695884 0.6177252674491638 5.207246327324554 0.5759191223865873 0.0 0.6568483437435518 0.0
41028 23.92361126467243 -0.5250768556961066 -0.5250768556961066 5.947341545231281 0.6098492165958919 6.545328561829257 0.5525759497005007 0.0 3.0646389976627972 0.0
41323 25.09215548017545 -0.5223004076010821 -0.5223004076010821 3.2359860060132157 0.6085602411438303 4.684881484294558 0.5156529662642939 0.0 1.6511030607769932 0.0
41462 24.428446892369056 -0.5216055742158394 -0.5216055742158394 4.161483727891177 0.6258145585539768 5.718256591332034 0.5762050727754695 0.0 2.4752174828822464 0.0
41860 24.41639763179973 -0.5186205937473242 -0.5186205937473242 2.61659014080474 0.5948677157231181 4.923653921813773 0.5568088987501183 0.0 2.4752174828822464 0.0
41893 24.72957818824983 -0.5183478729842909 -0.5183478729842909 3.961080120762762 0.6035562859464876 5.837577013690021 0.536572011524961 0.0 0.6568483437435519 0.0
42140 24.00599589233253 -0.5165352032887692 -0.5165352032887692 3.4922839782184796 0.6116497677506876 5.905521133469129 0.5674227210240566 0.0 2.801008809186593 0.0
42312 23.913350557705147 -0.5150799077008751 -0.5150799077008751 2.421540120342819 0.5697132204132123 4.33045133369426 0.5282976311708731 0.0 3.0646389976627972 0.0
42330 24.605463189536287 -0.5147753302342579 -0.5147753302342579 3.1701807199470595 0.6010039809527253 4.736610074456281 0.573940337454876 0.0 0.7348085472284668 0.0
42424 23.805581687473143 -0.5143244240859675 -0.5143244240859675 2.18739274494926 0.5623792945569143 3.886805897859449 0.5359365032669604 0.0 1.01623864242198 0.0
42515 24.17516798905364 -0.5138386670174764 -0.5138386670174764 3.6579183717930888 0.6684076329066323 6.468536306773124 0.566557543408775 0.0 1.0539531907739168 0.0
42651 24.96273373049902 -0.5120881912036873 -0.5120881912036873 2.220692548453568 0.5866904060320512 4.055864665800199 0.5442097376563233 0.0 2.016838394173444 0.0
42758 23.75748207639369 -0.5118094784702911 -0.5118094784702911 4.065584249308472 0.6748177395339846 6.244266503507775 0.5465551669199611 0.0 0.0 0.0
42992 25.10637768199568 -0.5094310447605869 -0.5094310447605869 4.012304872725775 0.5428217950987049 5.558133258003532 0.501078870165223 0.0 0.8377413774078227 0.0
43028 23.700716984634084 -0.5103402355936438 -0.5103402355936438 5.9421094694536505 0.6719729950481332 7.917747118493935 0.60790330688268 0.0 0.0 0.0
43246 24.37385150346341 -0.5080439375801693 -0.5080439375801693 5.465031735990718 0.6592458176532164 7.744927912374461 0.5630174008534028 0.0 2.6137404745051622 0.0
43700 23.829998543345496 -0.5044137302886645 -0.5044137302886645 2.9901536789801586 0.5713618214941448 3.6714515713937237 0.5367258411942684 0.0 2.2089721927876043 0.0
43950 24.04245771137113 -0.5030804154311035 -0.5030804154311035 6.410682857057025 0.5947923705047935 7.422377470340169 0.5499914773456526 0.0 1.5860183608081195 0.0
44008 24.43641048929364 -0.5026671723400771 -0.5026671723400771 4.0568418260583154 0.590920326637568 8.360648321057969 0.5513710128582991 0.0 2.4752174828822464 0.0
44009 24.923005938670183 -0.5021056787863838 -0.5021056787863838 3.6730314575931056 0.5721060998967438 7.294907564907099 0.5448580704184363 0.0 2.0841371153248938 0.0
44398 24.80747667608677 -0.4990823572561699 -0.4990823572561699 3.179048169236303 0.5892354029074135 3.858414557420065 0.5503990931354962 0.0 1.2006045183280185 0.0
44468 24.511669054331136 -0.4986268561197253 -0.4986268561197253 5.698862747864158 0.6268561109909964 6.839376285953713 0.5637895364338292 0.0 1.3782486297577181 0.0
44735 24.33510117093308 -0.4984709749087587 -0.4984709749087587 3.91080252795889 0.6266557032975997 5.560776058675277 0.5569960257764885 0.0 1.1505906017176883 0.0
45324 24.757531531618778 -0.4924686622523686 -0.4924686622523686 3.431065255013625 0.5637000781626937 5.240388013448842 0.5357749479927661 0.0 1.2006045183280185 0.0
45384 23.831847245748666 -0.4926479229659039 -0.4926479229659039 2.5299822472195714 0.5810976860912398 4.031472098450301 0.5240443251523784 0.0 2.2089721927876043 0.0
45518 24.927334934167487 -0.492114208356759 -0.492114208356759 7.479380845998538 0.6405742688581854 12.515917701138164 0.568779324366197 0.0 2.016838394173444 0.0
45520 25.06345152365489 -0.4917255268242138 -0.4917255268242138 3.5148198251938796 0.5484779931678262 5.082350207159573 0.48859094490579197 0.0 1.6511030607769932 0.0
45531 24.604060529739133 -0.4915541933444761 -0.4915541933444761 5.033358541289134 0.6446051993929608 9.279235618124634 0.5725358997424772 0.0 0.7348085472284668 0.0
45599 23.82780551039829 -0.4912931524519794 -0.4912931524519794 3.795904370598276 0.6052642243100651 5.2419340357468025 0.5210284035166103 0.0 2.2089721927876043 0.0
45733 23.81872031127036 -0.4902816118572247 -0.4902816118572247 4.106695926954302 0.6139928910439998 5.440096702417676 0.554862342466794 0.0 1.01623864242198 0.0
45746 25.02869382462364 -0.489482636464692 -0.489482636464692 6.516035514539484 0.6037927882797234 8.080908030903904 0.5266655585104802 0.0 0.8023610601134433 0.0
45748 23.97597292688496 -0.4896138277133455 -0.4896138277133455 2.7534474287359427 0.6104498335326397 4.6280924941718 0.5544727788403695 0.0 2.1923725715955404 0.0
45926 24.418880289788696 -0.4889730697455317 -0.4889730697455317 4.85082721974611 0.6483801650655135 6.7342826937551274 0.5598774188791584 0.0 5.118935130308279 0.0
46371 24.08012109198059 -0.4853712453841909 -0.4853712453841909 3.318391428060045 0.6082079029193372 5.624899995597869 0.5602823307072917 0.0 1.5860183608081198 0.0
46394 25.24504891233008 -0.4847967056841201 -0.4847967056841201 3.1313272366096854 0.49461102182422456 5.329010229748202 0.4365817865265909 0.0 0.8083691805587081 0.0
47047 23.946113991564083 -0.481325809464648 -0.481325809464648 6.0597685777367465 0.6151962316574138 7.429530607904997 0.5530907968861752 0.0 8.861242294487575 0.0
47260 24.49523150335111 -0.4785621869299176 -0.4785621869299176 3.7469612472785423 0.6250414394015168 5.571066950664941 0.5386215758734447 0.0 1.3782486297577181 0.0
47270 24.9323247336247 -0.4783575083709503 -0.4783575083709503 2.4923888100392584 0.5747845383169335 5.058319198118385 0.5431301101253881 0.0 2.016838394173444 0.0
47294 23.93988767079186 -0.4791921732770489 -0.4791921732770489 4.496863180640659 0.6161775267279074 8.081632950162463 0.5295027096491642 0.0 5.876216415099229 0.0
47529 24.47365998079113 -0.4768043285032903 -0.4768043285032903 4.275722247354526 0.6245800391721932 5.5290760991829755 0.5590930897190188 0.0 1.8363965310621804 0.0
47652 24.024615054197405 -0.4760704450087462 -0.4760704450087462 4.697104318298301 0.6269721860131141 5.006671211767649 0.5608836789156839 0.0 2.7869630501252174 0.0
47757 23.901213342709163 -0.4756848686619199 -0.4756848686619199 2.6954516991298436 0.598843629172199 5.438510378214222 0.53722585521856 0.0 1.4893272633067767 0.0
47759 24.68414140885952 -0.4751436584979295 -0.4751436584979295 3.540568751241763 0.6312446141821008 5.332305200232486 0.5552003891846307 0.0 0.774492144795216 0.0
47784 24.406484058796742 -0.4754185819695506 -0.4754185819695506 3.7532589028622225 0.6575684246491503 5.452266075235602 0.5834127016067672 0.0 2.0261576411720137 0.0
47825 25.103808328373265 -0.4751358074327279 -0.4751358074327279 6.24581284770594 0.524263974108496 7.722922814454795 0.4699677691534129 0.0 0.8377413774078227 0.0
47926 24.575825158473343 -0.4742657084747061 -0.4742657084747061 2.5561500298124082 0.6341763106375767 5.094472067507444 0.5648768766936432 0.0 1.5090853860469946 0.0
48099 24.58273216765011 -0.4730015721035441 -0.4730015721035441 2.96667669881743 0.6222800499393355 4.916413999954047 0.5712635441216288 0.0 1.5090853860469946 0.0
48168 25.16904268831296 -0.4722764013144502 -0.4722764013144502 2.0088791242276955 0.4751832383127629 3.6512415177695403 0.4408777765120861 0.0 1.0308686015694495 0.0
48251 24.023629900266144 -0.472439631311961 -0.472439631311961 6.2814274355745 0.6928378341942575 10.228151837336329 0.5981003125936437 0.0 2.7869630501252174 0.0
48255 24.615123280635764 -0.4719432561359625 -0.4719432561359625 5.209026345318532 0.6193899902000567 5.852198493499065 0.5598516668628686 0.0 0.7348085472284669 0.0
48315 24.105030028991955 -0.4714793007561741 -0.4714793007561741 2.3205671082707715 0.5897590132474229 4.317966756196947 0.5757438799157348 0.0 1.300704275225967 0.0
48417 25.103706223548336 -0.4704282615126171 -0.4704282615126171 2.148331056560182 0.5070933450818049 4.157061334133723 0.4822325145636681 0.0 0.8377413774078227 0.0
48510 23.952137253237424 -0.4700519157932171 -0.4700519157932171 3.6442846363208568 0.6376532965577902 4.383771140942533 0.5769457265159815 0.0 3.9739212965168225 0.0
48702 24.88588293675224 -0.4698294223008234 -0.4698294223008234 3.624741534166564 0.6020219314729427 5.8848704628462265 0.5689230334931025 0.0 2.9026439569524047 0.0
48714 24.855781751950666 -0.4684965871377203 -0.4684965871377203 3.3227736486720874 0.6244826300357915 4.930237682298432 0.5678409723966279 0.0 0.8933200931552084 0.0
49080 24.586494053208657 -0.465738438967778 -0.465738438967778 3.164192474839102 0.6173360999960523 3.980639807215545 0.5586014708520377 0.0 1.5090853860469948 0.0
49121 23.86351816555964 -0.4655080770260902 -0.4655080770260902 3.4006174873134167 0.6359791734746241 5.457733228293934 0.5647943801094587 0.0 1.4893272633067767 0.0
49339 25.07503042686693 -0.463704829906704 -0.463704829906704 2.973116763051193 0.5452869198647046 4.757622174627811 0.4988295216743628 0.0 0.8377413774078226 0.0
49696 24.46222731933961 -0.4623960704352158 -0.4623960704352158 14.75690322470837 0.7002403182209732 19.350455183231016 0.6086600298813568 0.0 1.8363965310621806 0.0
49998 24.90642000433041 -0.4601559696474139 -0.4601559696474139 6.5594393791552745 0.6065362969263053 10.014408041969372 0.5667821267428387 0.0 3.7133831315464194 0.0
50139 25.12264081363008 -0.4582086327333502 -0.4582086327333502 5.225984138177447 0.5347756817367018 7.707456153471118 0.4813321210661102 0.0 1.0308686015694495 0.0
50164 25.19877634341088 -0.457763837278416 -0.457763837278416 3.353546728718078 0.48628696500510094 3.9291142717022676 0.44532961770016743 0.0 0.8005212129108288 0.0
50166 24.914508186614444 -0.4577064544644237 -0.4577064544644237 6.667789313813708 0.6631897930750951 8.782167624496553 0.5586722245167941 0.0 1.4642810744999613 0.0
50329 24.059720078565896 -0.4567152064342458 -0.4567152064342458 5.198547862766205 0.6367553152397849 5.999035846583314 0.5745235948718246 0.0 2.309801316873648 0.0
50393 25.190145170332137 -0.4563791661420414 -0.4563791661420414 3.9674323706209766 0.514262558707643 5.8653625379461864 0.4423848746374245 0.0 0.8005212129108288 0.0
50468 24.64474768186322 -0.4554461231348723 -0.4554461231348723 2.9147596554004975 0.5677872715342729 3.6750260800148347 0.536488665124239 0.0 1.1113305910377624 0.0
50699 24.20690270225027 -0.4557653678604645 -0.4557653678604645 9.262795015884874 0.6497077712139641 14.206334129637334 0.5859798557306604 0.0 1.1081023306724673 0.0
51318 24.70310148578762 -0.4492700644379053 -0.4492700644379053 4.032354748808635 0.5985278141130536 4.58885028414853 0.5538312317345488 0.0 0.7744921447952162 0.0
51443 24.077376368919776 -0.4485830980337201 -0.4485830980337201 3.1762402981401405 0.640998574702344 4.837948636399563 0.5771804561444634 0.0 2.309801316873648 0.0
51505 25.22032997769687 -0.4486753273069477 -0.4486753273069477 3.016803771086088 0.4814258948040686 5.775636075188317 0.4339274231995322 0.0 0.8005212129108288 0.0
51624 23.69854152755441 -0.4474070373616033 -0.4474070373616033 3.6448295232335344 0.668499186734664 5.611111722275883 0.6123682043430202 0.0 0.9118089943666242 0.0
51685 24.853584597242182 -0.4474757787172671 -0.4474757787172671 4.212480445749943 0.6404322058455897 6.439768471855582 0.5411459172702562 0.0 0.8933200931552085 0.0
51891 24.04659937267931 -0.4453855514753354 -0.4453855514753354 3.8399582161052197 0.6179573468672704 6.697815649767334 0.5722694178779099 0.0 2.309801316873648 0.0
52015 24.637646116800383 -0.444391723883339 -0.444391723883339 2.778266706995763 0.5704973644678121 5.402097027180391 0.5364105592588319 0.0 1.1113305910377624 0.0
52017 24.4404071084477 -0.4443738093162628 -0.4443738093162628 5.124270137588676 0.6222164470641794 5.5578596428304525 0.564023364741741 0.0 1.636226410584936 0.0
52274 24.36130186531252 -0.4427876896591181 -0.4427876896591181 3.618573926265148 0.6235270961606947 5.518792675278036 0.5728180388329486 0.0 0.8637845118706289 0.0
52449 25.274724233440864 -0.4414058112969488 -0.4414058112969488 5.106866770467906 0.49137306802940495 7.5133091274604 0.43835889454272825 0.0 1.7816024887915853 1.0
52679 25.240273931872487 -0.440924445394097 -0.440924445394097 1.9654800237349213 0.47320794274160427 3.842705569963101 0.42943049023092733 0.0 0.8005212129108288 0.0
53009 25.171076317754583 -0.4371806509713863 -0.4371806509713863 2.192438916921294 0.4789491390939148 2.981475867538874 0.43215183455235595 0.0 0.8005212129108288 0.0
53130 23.826441288447853 -0.4367682268277113 -0.4367682268277113 5.83224943655998 0.6518815251864288 6.693948211960926 0.5908828464921233 0.0 1.0297975522242973 0.0
53313 24.6972811133244 -0.4351293455466269 -0.4351293455466269 2.265740550549381 0.6379005556257592 4.6178237489161456 0.5736215789972404 0.0 0.774492144795216 0.0
53766 24.481096363064665 -0.4320524210296124 -0.4320524210296124 2.08126263409501 0.6540033935296965 4.101824546792835 0.5845823581866516 0.0 1.5844707858028222 0.0
53942 25.285300349773383 -0.4304448081406647 -0.4304448081406647 3.103196377815074 0.5037042271657325 5.475434520491161 0.42687025052340793 0.0 19.320001223414106 1.0
54327 24.42998505904721 -0.4284511562382638 -0.4284511562382638 6.260552078609469 0.6519516028852731 11.30816101315291 0.5806707556723066 0.0 1.6362264105849362 0.0
54479 24.605972182215822 -0.4268997302665457 -0.4268997302665457 2.6904278670319406 0.5704575355437694 4.6026317331862 0.5530848481704124 0.0 1.1113305910377624 0.0
54513 25.32670812579672 -0.4269034208435736 -0.4269034208435736 7.485648886763486 0.623494945219005 10.603605805275569 0.4654309205595588 0.0 3.9948094058046966 1.0
54557 25.29814716630505 -0.4264820743109028 -0.4264820743109028 2.537095984199476 0.48251987439546 4.362881749128623 0.4398219824722272 0.0 11.307714951476576 1.0
54564 24.25965848658176 -0.427452859679837 -0.427452859679837 13.81205865679226 0.6685309668612942 24.227572893927587 0.5854968766651445 0.0 0.8600014957935151 0.0
54806 24.44673149987639 -0.4248834027381801 -0.4248834027381801 3.597129707260274 0.6388457202546013 6.358876367046025 0.5867865118889233 0.0 7.575528280148945 0.0
55077 25.296742775893065 -0.4251504463297402 -0.4251504463297402 9.637330795683303 0.5139489239022901 16.397968489189694 0.47253730533881294 0.0 19.287851303744695 1.0
55251 24.84244403477988 -0.4211402067122813 -0.4211402067122813 2.267979945885945 0.6166387198684682 4.372293982322478 0.555430715218327 0.0 0.8933200931552085 0.0
55393 23.624555574734373 -0.4203614758447155 -0.4203614758447155 2.3215486463716593 0.6753739294123176 4.65905839243976 0.6235100459589652 0.0 0.0 0.0
55509 24.025965543227205 -0.4229076731096824 -0.4229076731096824 8.186545763206691 0.675741300188488 11.930392819155305 0.5893805124897986 0.0 4.984023729719207 1.0
55749 25.299292419958512 -0.4176987063835259 -0.4176987063835259 2.136849520097358 0.4900781882645635 4.289739971141656 0.420476269522796 0.0 6.717588166857038 1.0
55820 24.10762729322327 -0.4174080709526339 -0.4174080709526339 4.955496161196076 0.6522291478485794 6.755795541883415 0.5755779983028039 0.0 1.1303300288315152 0.0
56061 23.65281940786109 -0.4155585813089257 -0.4155585813089257 2.653927087902806 0.6650628864481878 4.7263824036666096 0.6052806700396903 0.0 0.0 0.0
56205 24.150293478564247 -0.4144957703156863 -0.4144957703156863 2.942374778564873 0.6770976108565138 4.598647381225836 0.5908904175849126 0.0 1.1303300288315152 0.0
56347 24.45702560327507 -0.4133341664245576 -0.4133341664245576 3.142833237487985 0.6365115483638486 5.15139419555442 0.5768094983498083 0.0 1.584470785802822 0.0
56586 23.88951469322181 -0.4117339656666281 -0.4117339656666281 4.8880179340196745 0.6198715664369145 5.578743240440697 0.5556800462400452 0.0 1.8846459606803247 0.0
56849 24.010038814491068 -0.4100235133417964 -0.4100235133417964 6.465104721842422 0.6152011501781166 7.062296039765067 0.5670913698304552 0.0 8.53796824909065 1.0
56952 24.100142996635736 -0.4094110131709623 -0.4094110131709623 4.916748647405734 0.6742427240338381 6.04941773505316 0.6101322211486143 0.0 3.7932341917912344 0.0
57238 24.07284175517702 -0.4091629927487233 -0.4091629927487233 5.800052591913365 0.6251461269217572 6.650527737294629 0.5612794101500098 0.0 3.1050934503493157 0.0
57557 24.017092946319 -0.4051505456127389 -0.4051505456127389 4.304179899235856 0.6450320283420692 7.059917197260292 0.5898214256367051 0.0 20.910495491550474 1.0
57592 24.16539241079808 -0.404710117555257 -0.404710117555257 2.5406976611977727 0.6663688755625986 4.552959827805465 0.5886790533180798 0.0 1.3889172365216407 0.0
57764 24.574193743005143 -0.4033405889490975 -0.4033405889490975 4.418652890807525 0.6138699572366595 5.324144386270237 0.5554959064475647 0.0 1.7862937329065036 0.0
57780 23.62477193447651 -0.4036781179710608 -0.4036781179710608 6.0393309277925935 0.6697387229380637 8.85450967361764 0.6230425181032232 0.0 0.0 0.0
57836 24.53161816051923 -0.4032486084347056 -0.4032486084347056 6.370441983842036 0.6672989842129138 8.69407641477309 0.5839240078902018 0.0 1.221439624819621 0.0
57905 24.138753262973253 -0.4022603457377871 -0.4022603457377871 2.555058273081801 0.6452374938052434 4.4114983368818015 0.5881274837571758 0.0 1.1303300288315152 0.0
58162 24.56168487779616 -0.4002728304990544 -0.4002728304990544 2.9134324737369686 0.5873574687826122 5.328170714017153 0.5489688132747504 0.0 1.7862937329065038 0.0
58212 23.881936786588227 -0.4002121748695694 -0.4002121748695694 7.151711418166153 0.6097696556517637 7.682602882549795 0.5697608238390598 0.0 1.884645960680325 0.0
58227 23.84356060574196 -0.4003546103910344 -0.4003546103910344 2.993757853924035 0.6818428860058803 4.462852363966588 0.6010538370939414 0.0 3.584055911111452 0.0
58398 24.026377088315527 -0.3989003779887045 -0.3989003779887045 3.754440662889763 0.6616067411464319 6.678438545110045 0.5629349944012754 0.0 3.2894404320705846 1.0
58477 23.70319810257533 -0.398305741563321 -0.398305741563321 3.3418401840129213 0.6657417422739401 5.392890037556366 0.6191350874155173 0.0 0.9118089943666242 0.0
58525 25.3061277442748 -0.3984547466153566 -0.3984547466153566 4.096931148657441 0.522732564741009 7.139321608088786 0.4632943530240398 0.0 2.1258680540603296 1.0
58552 24.00022043134874 -0.3977324509691731 -0.3977324509691731 2.7903065471717508 0.6870697758034165 4.13783140224953 0.58143125134137 0.0 4.736489204212506 1.0
58677 24.026413552373096 -0.3968654392740696 -0.3968654392740696 2.471276405764279 0.634090300901577 4.782802882436259 0.5726166194375377 0.0 3.2894404320705846 1.0
58780 23.91924428822938 -0.3967182366633946 -0.3967182366633946 4.1454256718534035 0.6570725773291562 6.038494116023255 0.5951730422739533 0.0 1.9981592862898634 0.0
58843 24.459105937633847 -0.3955825991009071 -0.3955825991009071 3.35249814524278 0.6314520087120616 4.136238640042005 0.5794302810476252 0.0 1.584470785802822 0.0
58865 25.112801471880204 -0.395910447686237 -0.395910447686237 7.000480513582694 0.5205880471201679 11.12899651021962 0.4690053776766372 0.0 1.1109343581562454 0.0
59249 24.6804352837128 -0.392878123392586 -0.392878123392586 4.355851834961743 0.5713859115902338 7.720690114642466 0.5522776640958156 0.0 1.4054774588542833 0.0
59253 24.804481565620616 -0.3925621564138521 -0.3925621564138521 4.260328335816869 0.6998219744964747 6.271226675641851 0.5581997522739244 0.0 0.7561429570143731 0.0
59527 25.184274852358705 -0.390911307036722 -0.390911307036722 4.726167889370915 0.46640094670819876 6.17781265291136 0.4185609504352311 0.0 1.1900117582608096 0.0
59547 24.91688837979308 -0.3904195673066764 -0.3904195673066764 4.0386767142956925 0.6305133150572323 4.820640319970918 0.5542363495788125 0.0 0.7934741138198562 0.0
59845 23.992894567270906 -0.3893186324958204 -0.3893186324958204 3.6191377666618143 0.6614007674349193 6.868496665974262 0.6003668505553774 0.0 4.736489204212507 1.0
60105 25.20196000043156 -0.3871158614540551 -0.3871158614540551 3.7136080083404335 0.47060770901167503 4.334907462593054 0.42449104749040617 0.0 1.1900117582608096 0.0
60201 23.8097598113934 -0.3861183312115417 -0.3861183312115417 3.1535095084014264 0.664366297547193 5.6620687820295625 0.6159683619723558 0.0 1.3074627644892978 0.0
60316 24.8264257144418 -0.3852414155745106 -0.3852414155745106 4.29787812332957 0.685034823738876 6.233874277334011 0.5714447996882849 0.0 0.7561429570143732 0.0
60415 24.155614140973345 -0.3845830788524605 -0.3845830788524605 5.482244744207074 0.6663164495397439 6.215275527369083 0.5935700436399517 0.0 1.1326545085430568 0.0
60488 23.84530003323033 -0.3844785042230744 -0.3844785042230744 7.94908307323598 0.690587090035576 12.205894327428064 0.6119966671279986 0.0 2.895683039188432 0.0
60729 24.71861685879276 -0.3816697250494572 -0.3816697250494572 3.1738123980443342 0.7007445518517794 5.26760248674378 0.581527396494188 0.0 1.3999044302831656 0.0
60956 23.94655664243476 -0.3804241231341896 -0.3804241231341896 3.701214979261029 0.6764034640347374 6.899345006287858 0.5937735103206576 0.0 4.332032857050381 1.0
61220 23.95097489830209 -0.3785115242795214 -0.3785115242795214 3.9212440692438495 0.6421572075677866 6.568101971154931 0.5927963500625397 0.0 6.530849763414587 1.0
61455 25.05449301808717 -0.3763820263436092 -0.3763820263436092 2.3447947339563333 0.5557354633639289 4.610688251482476 0.4888361556049038 0.0 1.9866237064475198 0.0
61491 25.264041931544288 -0.3760192573056991 -0.3760192573056991 2.5189052749326604 0.49447465110107636 3.9477135367075213 0.41156936814459716 0.0 1.0632941557659894 0.0
61644 25.27422978130181 -0.3752749872374041 -0.3752749872374041 2.909191245414114 0.4850204961569905 3.8760982094861336 0.4280245202735592 0.0 2.1258680540603296 0.0
62051 23.693320178817626 -0.3726574613844924 -0.3726574613844924 6.548995520188848 0.6567731486105524 7.984395268053256 0.5960462545183173 0.0 4.63138152764742 1.0
62185 23.86613384688472 -0.3714198140416868 -0.3714198140416868 2.148462906883586 0.6670929132973927 3.967404172163139 0.6000595259929745 0.0 2.895683039188432 0.0
62272 24.52711562130054 -0.3705999113809446 -0.3705999113809446 4.781125009814895 0.6473403634145564 6.2319027029668606 0.5631782865751735 0.0 1.7862937329065038 0.0
62381 24.87226012181608 -0.3697214474915519 -0.3697214474915519 2.716010821334836 0.6048564000714579 4.852583249736915 0.5461455811008712 0.0 0.7934741138198562 0.0
62410 24.83383339012985 -0.3695880502417371 -0.3695880502417371 2.115909268051276 0.6014327123226907 3.7333328939777157 0.5551144289542552 0.0 1.3431112340200024 0.0
62422 23.751925725321065 -0.3697315881366261 -0.3697315881366261 3.20778299006896 0.6384301010399468 4.359363122382861 0.6016949077874606 0.0 1.5286318667914003 0.0
62532 24.71580521751022 -0.3686894579408205 -0.3686894579408205 3.6355558358873186 0.6367092775586191 4.575841266839475 0.5710970830883314 0.0 1.1312979022760496 0.0
62582 25.25869863493169 -0.3683640795262566 -0.3683640795262566 2.703236791174424 0.4695996845379225 4.479441297820176 0.40410085851227534 0.0 1.0632941557659896 0.0
62902 23.736972473000893 -0.3660223366751141 -0.3660223366751141 3.334732369996763 0.6779344888245584 5.847773009499657 0.6132982384113277 0.0 1.5286318667914003 0.0
63099 23.990936466951585 -0.3644648557024747 -0.3644648557024747 4.7417308628955155 0.6731835953819517 7.936155174778237 0.5859618936992982 0.0 2.4020521091990887 1.0
63228 24.0838820894378 -0.3634612637030789 -0.3634612637030789 3.137380634318856 0.658040267259396 5.167449161350238 0.599659391163863 0.0 0.9435252950258343 0.0
63559 23.818946562961003 -0.3616729073010842 -0.3616729073010842 5.693012018523188 0.6684287051840109 7.237673193662609 0.6050195445945113 0.0 1.307462764489298 0.0
63595 25.30245625805553 -0.3603814010602333 -0.3603814010602333 2.4562622077068146 0.4569492780937166 5.07183643146892 0.41943960923104034 0.0 1.4507849900939362 0.0
63678 23.62952962805604 -0.360755801749305 -0.360755801749305 9.661091923593773 0.7250783484641097 11.649371752471064 0.6022500440026207 0.0 0.7976643744122589 0.0
63705 24.905925732891703 -0.3596131089989772 -0.3596131089989772 5.17044978628833 0.6156894705449182 6.368707714304996 0.5387984922253559 0.0 0.7934741138198562 0.0
63767 25.11119070153931 -0.3598753495575644 -0.3598753495575644 14.746072956737512 0.5621813447546964 16.95152224294872 0.481189236003726 0.0 2.34659146914097 0.0
63792 23.71236405262159 -0.3595962056820046 -0.3595962056820046 11.536443675860653 0.6686279910887009 11.739972109901727 0.6093443382102267 0.0 5.114223129026689 1.0
64055 24.995314699035937 -0.3580204086018962 -0.3580204086018962 6.434480552830626 0.6037516635248625 7.505342741221139 0.5431942326459499 0.0 1.1447916312209014 0.0
64145 23.739264824981024 -0.3571770531080379 -0.3571770531080379 4.498780675773601 0.6897985783585332 5.841091262593014 0.6002128277459479 0.0 1.5286318667914003 0.0
64260 24.988884360256822 -0.3557374277647266 -0.3557374277647266 3.3529956999495156 0.5915859547155413 5.105779134059905 0.5173569771821925 0.0 1.1447916312209014 0.0
64301 23.692239609234377 -0.3564138736709993 -0.3564138736709993 4.295935777500909 0.6653295674218905 6.3822577814763015 0.5826451627612484 0.0 11.02884110124731 1.0
64442 25.24568023200165 -0.3545406118591548 -0.3545406118591548 3.6170638280299117 0.44341256408138013 5.224059174959781 0.4022961829626998 0.0 1.0632941557659896 0.0
64652 23.73548304905904 -0.3543668341127055 -0.3543668341127055 7.917242121454489 0.6755067527751862 13.175403661506252 0.6053087397374461 0.0 4.62761016944058 1.0
64658 24.202336947627145 -0.3533438452812869 -0.3533438452812869 5.2293245609704835 0.6613397580061122 7.491154667846253 0.572904617111715 0.0 1.1326545085430568 0.0
64702 25.32949588445494 -0.3531666496093641 -0.3531666496093641 3.580429782216477 0.5003370057601043 6.007740156849361 0.4518483800957119 0.0 1.4507849900939365 0.0
64885 24.18592602044561 -0.3514058060295454 -0.3514058060295454 2.652141443093268 0.5979678747628486 5.445619222311032 0.5584602081666799 0.0 1.1326545085430568 0.0
64911 24.660213013542023 -0.3511208936929489 -0.3511208936929489 2.9912452811986685 0.6184329290153476 4.418568295434013 0.5412889697207461 0.0 1.4742406290549126 0.0
64942 24.657487181354824 -0.3510688205290676 -0.3510688205290676 2.4753754829572143 0.6948132773833696 4.614497876012313 0.5538827357671284 0.0 1.4742406290549126 0.0
65096 24.620483770350315 -0.3510700946320069 -0.3510700946320069 6.441657382250442 0.6614216387866672 8.280233787390507 0.5820705065177408 0.0 1.037998658688299 0.0
65153 24.883315317062525 -0.3493923706505351 -0.3493923706505351 2.851754205801422 0.5630631143033568 5.400424691242528 0.5297191295940641 0.0 1.1570037811474152 0.0
65205 23.96497681381492 -0.3503501159195602 -0.3503501159195602 6.162325647834813 0.6466253556006524 8.535276606321805 0.5966573756168915 0.0 4.672956502065184 1.0
65360 25.05328971005915 -0.3499539442930698 -0.3499539442930698 61.00868975999442 0.6623344731424896 94.76346186169985 0.6006860210452737 0.0 1.9866237064475198 0.0
65395 25.191792914905182 -0.3478355786143344 -0.3478355786143344 2.800113172495084 0.4627449020632116 5.195256832340412 0.412366779329012 0.0 2.3292675368607534 0.0
65486 24.57893723601721 -0.3471481904598932 -0.3471481904598932 3.722859033912313 0.5933859872334443 6.237197832556378 0.5469575679265061 0.0 1.4177973613193349 0.0
65507 25.232349101941725 -0.3490407924904827 -0.3490407924904827 10.233532592380008 0.49737916768279694 19.062739493631987 0.4511444616064373 0.0 1.0632941557659896 0.0
65818 25.23865032117944 -0.3451480731903524 -0.3451480731903524 1.996398409532826 0.4661278955465146 3.769806375969583 0.40760278507547343 0.0 1.0632941557659894 0.0
66067 23.68770061571552 -0.3436123952440559 -0.3436123952440559 4.411476782444167 0.6551503762695208 5.079410485740007 0.5861950782068027 0.0 2.9007505106574905 1.0
66167 24.98962411337683 -0.3423733655084223 -0.3423733655084223 4.901291463164052 0.5847669740760211 5.346299232164629 0.5210449234350603 0.0 3.17786172211559 0.0
66245 25.06482722171083 -0.3422668215394722 -0.3422668215394722 6.655877332398599 0.5416364225807767 9.496576197606794 0.47939464236852797 0.0 3.7159773485590533 0.0
66347 24.994589957652288 -0.3420048942667077 -0.3420048942667077 7.5246114298898465 0.5813767587822262 9.543927717559733 0.5251591943176063 0.0 3.1778617221155896 0.0
66444 24.1877077843912 -0.3404507388459294 -0.3404507388459294 2.6802956074626225 0.5818829361849923 4.233773757939358 0.56595309208242 0.0 1.1326545085430568 0.0
66475 25.132772578490265 -0.3399517291727364 -0.3399517291727364 3.98175116123055 0.4853017465187227 4.653585960218088 0.4355594314798844 0.0 3.556033601781353 0.0
66548 24.430894946431373 -0.3401626002843091 -0.3401626002843091 3.603662993793006 0.6682733882279835 5.116120886281741 0.5510730234018013 0.0 0.654700192016364 0.0
66623 24.88703111995133 -0.3390771449553711 -0.3390771449553711 2.5324422085756577 0.5402524701946484 4.2399771611434165 0.5133830161604017 0.0 1.157003781147415 0.0
67144 24.554600144854337 -0.3359529525354235 -0.3359529525354235 3.9492499019993734 0.6325752230570496 6.205340528244545 0.5609522307830475 0.0 1.4177973613193349 0.0
67218 24.110600131318225 -0.3349886414728178 -0.3349886414728178 2.3252287382595584 0.705929622090616 4.195771765020607 0.5666267648285621 0.0 0.9435252950258343 0.0
67282 25.04613762129965 -0.3356020955735014 -0.3356020955735014 21.796890679041795 0.6485261427006979 27.391850607940608 0.5215028457887261 0.0 3.156006077146006 0.0
67339 23.7324191354752 -0.3340892751134947 -0.3340892751134947 2.7184402665516187 0.6205406382924922 5.498484635231869 0.5756616537277214 0.0 4.62761016944058 1.0
67360 24.80785186569261 -0.3344848934584904 -0.3344848934584904 6.538644239720985 0.6180872682426507 8.127031179679818 0.5530165023191791 0.0 1.3431112340200022 0.0
67543 23.72366392021778 -0.3325454102842862 -0.3325454102842862 2.5842284832538702 0.6660249603404769 5.214871241827812 0.5780188516628036 0.0 4.62761016944058 1.0
67632 25.188110032218013 -0.3322708961667238 -0.3322708961667238 3.5595580305337267 0.4576144434142249 5.612814188072804 0.4065960099986222 0.0 2.329267536860754 0.0
68419 25.10483632336707 -0.3263418134873272 -0.3263418134873272 2.760906371494213 0.4968557013859448 4.383703155619528 0.4426244456449688 0.0 3.044753809023282 0.0
68445 25.11958064235595 -0.3270014265587461 -0.3270014265587461 8.966987012686927 0.4694460354158273 11.49120376973945 0.43759675074462234 0.0 3.556033601781353 0.0
68455 23.96084172272158 -0.3266616993623857 -0.3266616993623857 4.726241411377423 0.6306825798678098 7.175620362650126 0.5686713976659263 0.0 2.7317857137131125 0.0
68601 25.21185953927732 -0.325398661249156 -0.325398661249156 4.8424112033024285 0.466131367437899 6.308654269837257 0.3996053419045665 0.0 2.329267536860754 0.0
68687 24.15055580200898 -0.3245366531689279 -0.3245366531689279 2.515049296773501 0.6001939653712509 5.0813541191694815 0.5601944519517026 0.0 1.599038700683781 0.0
69483 25.176872728111505 -0.3192718807260555 -0.3192718807260555 3.184730480390737 0.4606164852761913 4.916231418158553 0.40884243563563366 0.0 2.0619604246501564 0.0
69965 24.0790251173549 -0.315701876661536 -0.315701876661536 3.613978092677982 0.6312026853876412 4.427687084402245 0.5684799571768276 0.0 0.9435252950258344 0.0
69966 24.647369000878268 -0.3156363241456196 -0.3156363241456196 2.9660862050839043 0.6076316404600924 4.0539167832880345 0.5304762903770179 0.0 1.4742406290549126 0.0
70084 24.93984178194109 -0.3146799660686608 -0.3146799660686608 3.4528026607239592 0.6190771617132934 4.287084938262174 0.5442495502735074 0.0 1.8845652091412373 0.0
70129 24.188604103728338 -0.3159038305998514 -0.3159038305998514 9.158928636022583 0.6793999671161716 11.860458068516992 0.5702405839025395 0.0 1.599038700683781 0.0
70481 25.11331602363704 -0.3128811458979197 -0.3128811458979197 3.867011996818509 0.5087862722958532 6.191459032623589 0.45608168967355756 0.0 1.8809354877991606 0.0
70546 23.91529226510545 -0.3117314711607614 -0.3117314711607614 4.418212402568888 0.6529589699628364 7.120425293575629 0.5967508683120317 0.0 1.9909935529807898 0.0
71117 24.01397329302866 -0.308103363797978 -0.308103363797978 3.912213159031206 0.6268741100078389 5.065295419331302 0.5758620172904645 0.0 1.0866462592337107 0.0
71256 24.81211917590037 -0.3070217697518387 -0.3070217697518387 3.4001638655464705 0.6115983990252611 5.663196720343057 0.5553989629822416 0.0 1.995634697584253 0.0
71263 25.271688945129902 -0.3069363525189102 -0.3069363525189102 2.781159817265845 0.4639755059943182 3.5967599083063524 0.40462768038552477 0.0 1.5830052524779499 0.0
71381 24.952880447004333 -0.3090262170038533 -0.3090262170038533 9.950213415762065 0.6317156562819106 14.579734503037542 0.5546870999959416 0.0 1.8845652091412373 0.0
71400 25.34088649847535 -0.3070017270411642 -0.3070017270411642 4.154039206262029 0.5120508279668099 7.706417059613822 0.4551494151798329 0.0 3.4611340660813057 0.0
71416 24.886429267130687 -0.3070275738946815 -0.3070275738946815 10.684116780244036 0.6127786432929414 16.26744181942302 0.5579424510031644 0.0 1.157003781147415 0.0
71588 24.467667058394586 -0.3047181524294564 -0.3047181524294564 4.621238079995934 0.6338209009746738 5.442875344975349 0.5713515516372993 0.0 0.654700192016364 0.0
71632 24.93820215408568 -0.3043713332942515 -0.3043713332942515 2.195302605512765 0.5950511146698227 4.049018363509464 0.5585513960563622 0.0 1.8845652091412375 0.0
71686 25.32214050062277 -0.3039780279622309 -0.3039780279622309 1.7432725706941443 0.46562158003301113 3.325318462921849 0.4195151527708267 0.0 1.58300525247795 0.0
71832 24.60645461298828 -0.303203584380531 -0.303203584380531 5.905398334979451 0.598776423084189 6.245385428615569 0.5410570213100236 0.0 1.037998658688299 0.0
71914 24.164793641638887 -0.3024944515454982 -0.3024944515454982 2.8480115365139382 0.6161348285962892 4.68580662547977 0.5869165209431625 0.0 1.599038700683781 0.0
71938 23.75746423245636 -0.3024476559884958 -0.3024476559884958 3.347750142991357 0.6257837281817651 5.054055565541358 0.5942627986301646 0.0 1.6605538657722545 0.0
72032 25.12447423753765 -0.3015188023911292 -0.3015188023911292 2.224387834031078 0.4768695541305837 3.9763401218157126 0.4391511681998932 0.0 1.8809354877991604 0.0
72050 23.767427335626024 -0.3019949547600821 -0.3019949547600821 6.553125886081575 0.6899545679904454 8.46328491338234 0.607469539920294 0.0 1.6605538657722545 0.0
72160 23.914513361511343 -0.3009173942803419 -0.3009173942803419 3.4151237268495636 0.6396966808096486 6.929371857281809 0.6068762649690086 0.0 3.8257140457564267 0.0
72488 24.82431061821279 -0.2995141731958973 -0.2995141731958973 19.973184003147807 0.643331208446224 36.086756237638234 0.6105037326116196 0.0 1.995634697584253 0.0
72599 23.93380026722369 -0.2976290488244009 -0.2976290488244009 2.7417168702755963 0.6348342886836539 5.1483749004045185 0.5782226144916969 0.0 5.365183611679298 0.0
72604 23.65903825796344 -0.2979967781242033 -0.2979967781242033 4.5164607225573885 0.6251155946275444 8.742588063059886 0.5917603979512321 0.0 2.216029266166233 0.0
72654 25.31779848682715 -0.2978272415396962 -0.2978272415396962 3.820166890265909 0.5195717652107577 5.382792414448958 0.4376879643863209 0.0 1.5830052524779499 0.0
72830 24.705982590654965 -0.2964355951610244 -0.2964355951610244 6.715246545793517 0.6770804617891915 8.137203869914712 0.5788661831307962 0.0 1.0611173718212692 0.0
72918 23.93819786650796 -0.2956292169822753 -0.2956292169822753 5.046443012005919 0.6562063951257044 5.898385636035459 0.5935783872932295 0.0 5.365183611679298 0.0
73037 24.54278383507244 -0.2952013776731715 -0.2952013776731715 4.673855500999901 0.6500565502132016 7.846741856538452 0.5668181538136281 0.0 1.5622351645167678 0.0
73162 23.828656284912665 -0.2946683771163981 -0.2946683771163981 15.149008961420945 0.685814003422656 16.789372097178127 0.625269256323781 0.0 3.6579055957437903 0.0
73196 24.510890262641723 -0.2935425175984384 -0.2935425175984384 4.168806184963111 0.6198294343183901 5.4326852721294605 0.5629487588539823 0.0 1.2677833925267665 0.0
73290 23.79624155024704 -0.2931019335887432 -0.2931019335887432 3.1181252079385375 0.7332718499367457 5.964178561133797 0.6153122392253152 0.0 2.133958268486511 0.0
73521 24.016091642940108 -0.2914437769094964 -0.2914437769094964 4.407424754184993 0.6646434694432235 6.712604775202424 0.5875940564917481 0.0 1.0866462592337107 0.0
73576 23.94013092954003 -0.2921868974508799 -0.2921868974508799 8.258905323698857 0.6591744256668918 11.501843215269597 0.6058033072102925 0.0 5.365183611679298 0.0
73646 24.208481197458443 -0.2904933158081804 -0.2904933158081804 2.602410565595229 0.6012381233826921 5.123445532275059 0.5725100447181222 0.0 2.6585146058463165 0.0
73821 23.62275533478269 -0.2890851019294871 -0.2890851019294871 2.6966061620201165 0.6250227471275354 5.167416585049631 0.5911824712016556 0.0 0.0 0.0
73833 25.11708573485016 -0.289059678067871 -0.289059678067871 3.1537828660543425 0.48187198917122226 5.325823417732334 0.4350418417044749 0.0 1.8809354877991606 0.0
73859 23.90585518901198 -0.2887732128023603 -0.2887732128023603 3.273910742883097 0.6704659825997484 5.712641879220361 0.5835801669687 0.0 3.8257140457564267 0.0
74052 23.845243542102484 -0.2879676636660207 -0.2879676636660207 3.8807264906138252 0.6865278977439114 5.568447326807857 0.61120976276623 0.0 3.2516666484796373 0.0
74335 24.904249739409728 -0.2855339667739975 -0.2855339667739975 3.628404629723712 0.5793069691599986 4.3253586149527825 0.542491717641563 0.0 1.157003781147415 0.0
74592 23.837886324139937 -0.2849242432946681 -0.2849242432946681 5.169015141460823 0.6881739557560763 9.991124356440915 0.6245346800591134 0.0 4.577792642577732 0.0
74941 24.540029223245888 -0.2823233322541789 -0.2823233322541789 9.449025614567935 0.6463079208751471 13.46152787649857 0.5690265437225795 0.0 1.2677833925267668 0.0
74949 24.19235732039605 -0.2815996784485555 -0.2815996784485555 2.5351224784311044 0.6280245439886973 4.61422928248241 0.544204999285326 0.0 2.6585146058463165 0.0
75006 24.12874304834946 -0.2812800378423988 -0.2812800378423988 6.62423718196413 0.640521138218108 7.42947858883209 0.5823821059148478 0.0 1.4228550426345188 0.0
75126 24.10962995371947 -0.2804059242605535 -0.2804059242605535 2.9776171854180045 0.6383026295182694 5.64759679267508 0.5705178944899565 0.0 1.4228550426345188 0.0
75295 23.90755768801344 -0.279177722812532 -0.279177722812532 2.6242532970521886 0.6250787282079986 5.379472335748791 0.5850419029173437 0.0 3.8257140457564267 0.0
75519 23.858969712748504 -0.2776224955802825 -0.2776224955802825 3.7181117784693636 0.6523406624933203 5.6590866985432 0.6089635946493814 0.0 2.8440762229626535 0.0
75631 23.63182411852894 -0.2769706002799857 -0.2769706002799857 3.4834577965353417 0.6104354966267596 4.749363503003661 0.5932160435480234 0.0 0.0 0.0
75728 23.943332654020857 -0.2762846823790143 -0.2762846823790143 5.424983230337415 0.6436581658238327 6.991142703715918 0.5850842649841406 0.0 2.4324661235721283 0.0
75789 24.253948594105857 -0.2758678815250843 -0.2758678815250843 3.4956088725456937 0.5781804336996488 5.102773616238718 0.5427761486614844 0.0 3.7266962015215417 0.0
76068 23.606564753350927 -0.2742712141041497 -0.2742712141041497 8.1845883524485 0.7036856978459317 10.010589017953587 0.6179564562579557 0.0 0.0 0.0
76326 24.73631999371648 -0.2785429618673963 -0.2785429618673963 19.6528360023067 0.6812197094776172 28.665267211860062 0.609725983091642 0.0 2.507471686212157 0.0
76565 23.974069337353217 -0.2709001159749156 -0.2709001159749156 2.4458376627526075 0.7062376079716759 5.059794788651793 0.5697160153307155 0.0 1.9147747076566861 0.0
76644 23.87077615731461 -0.2704828073408241 -0.2704828073408241 2.5346152924702756 0.6495922184358164 4.638589144771619 0.5866819458267784 0.0 2.8440762229626535 0.0
76718 24.24328685303592 -0.269873037963601 -0.269873037963601 2.4466615985138 0.6003764555991107 4.729728105622985 0.5349165817857932 0.0 4.184687233240339 0.0
76901 24.20079218526848 -0.2695526909599717 -0.2695526909599717 3.8813480155269797 0.6419554240356983 5.581854212768591 0.5701773240745235 0.0 2.658514605846316 0.0
76984 24.18686244558536 -0.2682317472016848 -0.2682317472016848 2.390119698987344 0.589705880454137 4.216117016730313 0.5545012219423615 0.0 2.6585146058463165 0.0
77223 23.80765996426742 -0.2665536390744102 -0.2665536390744102 2.419280638433549 0.6480811841951141 4.207765380327355 0.5853366347437808 0.0 2.133958268486511 0.0
77283 24.902964641911808 -0.2659893465217557 -0.2659893465217557 2.148358353697449 0.5628443642794442 4.068104985423002 0.525445003070399 0.0 1.2907964242819876 0.0
77479 24.36950851945801 -0.2648796390802601 -0.2648796390802601 2.9036440035851196 0.6169631498929067 5.753059411267099 0.5475198760782027 0.0 1.268031036032726 0.0
77512 24.935195517811675 -0.2666967467500832 -0.2666967467500832 7.736783450942555 0.6047628689227103 10.914472557519161 0.5409288277729328 0.0 1.2907964242819876 0.0
77534 24.19458072089777 -0.2646323328935103 -0.2646323328935103 2.6889733158958418 0.6013722518463825 3.914984784164441 0.5567537894352581 0.0 2.658514605846317 0.0
77712 23.662536900724884 -0.2637131361208724 -0.2637131361208724 3.8996513898650638 0.627610690505359 5.385267569494656 0.5851437006377375 0.0 5.850993985137198 0.0
77813 24.60058328429592 -0.2627957601196241 -0.2627957601196241 2.1541980096714144 0.5909497946105626 4.256797476863369 0.5457478927133071 0.0 1.2677833925267665 0.0
77824 23.868360536265588 -0.2629518201125248 -0.2629518201125248 6.018931789988802 0.6495650409384092 6.890333989507799 0.6159670228675087 0.0 2.844076222962654 0.0
78001 24.76277507112323 -0.2629141676497531 -0.2629141676497531 5.3586822179576785 0.6580722421862691 7.95238486800458 0.5895245563929159 0.0 2.058596728112241 0.0
78295 24.485355019186088 -0.2592300920470557 -0.2592300920470557 2.0164916777631343 0.5942977594987788 3.3951593474607855 0.5500957472596101 0.0 1.6014604817279912 0.0
78308 25.200013083971648 -0.2599669862233172 -0.2599669862233172 3.545736279590563 0.46179107697785643 4.731059742385332 0.4185179059400027 0.0 1.4283526912992845 0.0
78388 23.6236943689105 -0.2593703433120815 -0.2593703433120815 2.159153598926149 0.6916986599254468 4.0224156293614906 0.5993465041659415 0.0 0.0 0.0
78417 24.079874609096223 -0.2596677761715492 -0.2596677761715492 5.892202190644025 0.6911125980589172 11.43233208529925 0.6166184587475847 0.0 1.4777808977157845 0.0
78542 24.816363876186063 -0.2577869198267097 -0.2577869198267097 6.7987684980106255 0.6294868289148899 7.416339910121016 0.5650886612756107 0.0 2.6493827561473617 0.0
78601 24.262693656981444 -0.2574364588070822 -0.2574364588070822 2.368854198975521 0.590933087995289 4.666409176729613 0.5431673217889269 0.0 3.7266962015215417 0.0
78620 24.396527279060297 -0.2592742356823739 -0.2592742356823739 4.347892659287042 0.6330284853038425 8.73780282339291 0.573225719002833 0.0 1.614896456982692 0.0
78731 24.152782302289165 -0.2566103942640295 -0.2566103942640295 2.7996935433896417 0.6204275500045092 4.685049129920605 0.5640237510219853 0.0 2.766093835946502 0.0
78762 23.760218568404355 -0.2562580994157798 -0.2562580994157798 3.5016761248396278 0.6768322256997998 6.344416867419444 0.5971232295915746 0.0 1.909130842676693 0.0
78784 23.68079237616863 -0.2564027181366882 -0.2564027181366882 4.160309770724571 0.7004999381298816 5.697210627259082 0.5894931003050178 0.0 2.920656472762644 0.0
79012 23.84560313443032 -0.2543684056765597 -0.2543684056765597 3.1812802252482246 0.6612818397855835 4.188373339500618 0.5959447915741354 0.0 1.9423756719992378 0.0
79062 24.237758591443143 -0.2546943646126141 -0.2546943646126141 10.443043013789081 0.6174249157248923 11.783378935999389 0.5444439136164549 0.0 4.184687233240339 0.0
79220 24.50389479476874 -0.2527814136082788 -0.2527814136082788 3.183458382290052 0.6111995163551417 3.9738992169516805 0.5440276966531704 0.0 1.6014604817279912 0.0
79320 24.04376427892337 -0.2521696586694817 -0.2521696586694817 2.2841303229021177 0.6054619803131378 4.544060703536186 0.569951247123515 0.0 1.4777808977157845 0.0
79353 23.761302511483592 -0.2520401044745203 -0.2520401044745203 3.8593331318411233 0.630448311791329 5.955714130899489 0.5927522497346434 0.0 1.9091308426766926 0.0
79638 24.135755440172577 -0.2500214860655106 -0.2500214860655106 3.2680379955681995 0.6218741270521312 4.182998764940847 0.5657782745198363 0.0 2.766093835946502 0.0
79784 25.284062405161706 -0.2508068707013614 -0.2508068707013614 21.40119472497817 0.5308166725909425 25.698020749682218 0.47009764944757065 0.0 1.3306887482412904 0.0
79926 24.4851643551417 -0.2482380393289733 -0.2482380393289733 4.585324112061996 0.6289549043270527 5.537906208048598 0.5624005499312041 0.0 1.6014604817279912 0.0
80032 23.67460672476044 -0.2481837875744324 -0.2481837875744324 3.0371898397416133 0.6440893367574946 5.732802875253512 0.5767877765240679 0.0 6.732733453073907 0.0
80060 24.47374389022045 -0.2470894491499316 -0.2470894491499316 2.578960779561703 0.5925584061012032 4.75875307442318 0.5555523677432802 0.0 1.6014604817279912 0.0
80140 24.13872291983497 -0.246774625971989 -0.246774625971989 4.66381703027391 0.654038959036159 6.155624715676035 0.5897196279163114 0.0 2.7660938359465024 0.0
80155 23.741376349028485 -0.2478224362544462 -0.2478224362544462 18.63347398369342 0.6510544852273722 32.57034802807959 0.6202305524364706 0.0 1.909130842676693 0.0
80168 24.1323827856993 -0.2464461607737791 -0.2464461607737791 2.735930778495514 0.6384402853245277 4.404812083372308 0.5620670355682345 0.0 2.7660938359465024 0.0
80232 24.85545901937909 -0.2468387817193666 -0.2468387817193666 10.73961533683051 0.6332274084130204 13.167966479201748 0.5520426769471707 0.0 1.3144300217892488 0.0
80396 23.65532840578292 -0.2453705124285878 -0.2453705124285878 7.134822473322788 0.6965778729270949 8.667913138783103 0.5823506884549743 0.0 4.451438541814579 0.0
80568 25.199831125856548 -0.2443259533726837 -0.2443259533726837 6.102948193794683 0.4665410876371422 7.120641095472137 0.42316472851942244 0.0 2.11419702852666 0.0
80641 23.98025348812575 -0.2434950970743319 -0.2434950970743319 6.678817099749505 0.6451970743203079 7.506149423131418 0.5766445051814394 0.0 1.914774707656686 0.0
80779 24.797780337790435 -0.2422420348652279 -0.2422420348652279 2.3603394235493678 0.6704897814948008 4.429411825693257 0.5743678466773037 0.0 3.757136981563111 0.0
80803 25.34039644822343 -0.2425501616625871 -0.2425501616625871 3.0360667943112127 0.5215987219299264 3.785165007244924 0.46991223493028383 0.0 2.8676166724288525 1.0
80828 24.3081384459029 -0.2436088980430576 -0.2436088980430576 14.420655542729675 0.6353039620192356 20.688793907817967 0.5668897701709301 0.0 2.643007794335181 0.0
80881 24.713274464840808 -0.2416825754257601 -0.2416825754257601 2.4700997961399964 0.6724150988146261 5.032084846563438 0.5916188906217195 0.0 1.3039229194576587 0.0
80919 24.507924461666462 -0.2412764866121944 -0.2412764866121944 4.157798459848003 0.6042512967029483 4.905871124484987 0.5405861714441802 0.0 1.6014604817279912 0.0
80939 24.21734972199549 -0.2418813050857072 -0.2418813050857072 4.657433568971952 0.5975937873819235 6.231885449115947 0.536235715944232 0.0 4.066322000911188 0.0
81367 25.195441650731823 -0.238236697716667 -0.238236697716667 5.091104296073108 0.5043226282784756 5.793415653515067 0.43728097952087636 0.0 2.11419702852666 0.0
81434 24.489227326915767 -0.2379701992621591 -0.2379701992621591 4.086691825080397 0.6214628229152673 5.461130048002645 0.5699052025183887 0.0 1.6014604817279912 0.0
81530 25.17659380133433 -0.2369922885544286 -0.2369922885544286 2.8901391312024027 0.5039232809840656 4.270990700641513 0.42850631474632583 0.0 2.11419702852666 0.0
82035 24.68287392052164 -0.2338168474466296 -0.2338168474466296 3.658813640639405 0.6448287419842702 5.0308611107493455 0.5608634893349126 0.0 1.3039229194576585 0.0
82064 24.266440119436343 -0.2335876486019527 -0.2335876486019527 2.1609335782921026 0.6028475496935835 4.039557845285065 0.5406977935587886 0.0 3.7266962015215417 0.0
82390 24.925138268215647 -0.2313162180441999 -0.2313162180441999 3.586748425693433 0.6026035371307621 5.460797718232424 0.525096810058144 0.0 1.3058873910542896 0.0
82562 24.08239759817652 -0.2303475126500904 -0.2303475126500904 1.921148571492372 0.6152463649337084 3.551982044861419 0.5767093230064408 0.0 3.2044322992410073 0.0
82768 23.65551831239571 -0.2290771847147499 -0.2290771847147499 2.198688480614553 0.6112824257983505 4.371583741713204 0.5818568677906003 0.0 3.288914337578448 0.0
82781 24.11859428881517 -0.2289955863926672 -0.2289955863926672 2.5556875235998433 0.6584313231170631 4.976368041638908 0.5910845362837054 0.0 6.271121402399615 1.0
83084 24.32796996069136 -0.2272245270383433 -0.2272245270383433 4.072574762890429 0.5938273578903859 7.533922328899601 0.5515895830965591 0.0 2.7601701528802227 0.0
83171 23.7526002172128 -0.2277979625369151 -0.2277979625369151 14.70048055701733 0.6916726213760076 26.84684523598899 0.6273002405925117 0.0 1.3707161419635245 0.0
83174 25.308893752213265 -0.2264329056417797 -0.2264329056417797 3.4919390299602773 0.492932354590312 4.629115106738669 0.43256640338659796 0.0 4.36040271632057 0.0
83182 24.611942990725872 -0.2263449687588623 -0.2263449687588623 2.6276767700977595 0.5857254634263671 4.827407048531318 0.5504072951526846 0.0 1.3202445738727628 0.0
83270 24.32435751472301 -0.225860724500655 -0.225860724500655 3.820535594759139 0.5930653624081559 4.510752788146746 0.5395780958905063 0.0 2.7601701528802227 0.0
83359 23.9369453788346 -0.2253349969872358 -0.2253349969872358 3.9190049314274473 0.6302373265250901 6.407911940104238 0.5921283427599813 0.0 2.5447471812765503 0.0
83414 23.787073827846672 -0.2250262378402318 -0.2250262378402318 3.1874896801761117 0.6543270779578454 5.684590722916166 0.5885414345430269 0.0 1.3707161419635245 0.0
83546 23.66017122080607 -0.2250101269978032 -0.2250101269978032 6.334893900555543 0.6429892899935186 7.443619020976841 0.5891581438291359 0.0 3.288914337578448 0.0
83699 24.09509039526109 -0.2237378263206162 -0.2237378263206162 7.269461353810703 0.6552731309357541 9.889100533344159 0.5898445509473333 0.0 3.2044322992410077 0.0
83747 24.470726987223504 -0.2231115724149456 -0.2231115724149456 3.6886330591421412 0.6629377645104756 6.140564936549739 0.5754654748676254 0.0 2.6486967495208047 0.0
84048 24.373716400257752 -0.2213408369960455 -0.2213408369960455 5.086481603132952 0.6460432294924817 7.45068601804718 0.571308429886022 0.0 4.147557688078198 0.0
84101 24.79434604063575 -0.2202403086204667 -0.2202403086204667 4.860508303990031 0.7430697281700497 7.048095862942524 0.6110057552931819 0.0 3.757136981563111 0.0
84182 25.33593612123748 -0.2196575814884117 -0.2196575814884117 2.085518927347394 0.4958151333228369 2.9526318066531156 0.44117536681233144 0.0 5.4750059938711475 1.0
84192 23.778649533429466 -0.2197691844664344 -0.2197691844664344 4.10903836898405 0.6667880926331394 4.888534609598506 0.6089014550340741 0.0 1.3707161419635245 0.0
84222 23.955619714077127 -0.2200507645545514 -0.2200507645545514 13.109048054851982 0.7578379488971996 15.472804127162604 0.5992632736492927 0.0 2.5447471812765503 0.0
84380 25.330415422614827 -0.2189859177009839 -0.2189859177009839 4.93969729920226 0.479694858372669 9.291263097332802 0.44917915785525386 0.0 5.475005993871147 1.0
84385 24.16423225320662 -0.21843850718651 -0.21843850718651 17.918847291005207 0.5383664343272625 26.091212835201983 0.48955716055698667 0.0 3.096845771257989 0.0
84761 23.58965613415338 -0.2160192553708398 -0.2160192553708398 2.9225779160420595 0.6654424624791423 5.824020894794887 0.6093095086081947 0.0 0.0 0.0
84794 25.172373284057457 -0.2156134931806028 -0.2156134931806028 2.2859426210485148 0.46755598380183744 4.4349826306171565 0.4239675862552826 0.0 2.000305812591377 0.0
84822 24.124325878915123 -0.2158796391924841 -0.2158796391924841 6.28043752806832 0.6594048212547505 7.28486041575162 0.5969610948970138 0.0 7.4275618847545 1.0
84830 25.325400355602515 -0.2163477007805074 -0.2163477007805074 5.77274682772068 0.5011808021623799 8.600520112152598 0.45394431094952553 0.0 4.360402716320568 1.0
84871 23.85904506304032 -0.2152259450855243 -0.2152259450855243 3.2117559338861077 0.6494416125426025 5.159737076271839 0.6053215899935748 0.0 1.7238515888364452 0.0
84884 24.387821357737657 -0.2154648375017765 -0.2154648375017765 4.546484354549303 0.61873530460932 8.285493636717707 0.5616846953823793 0.0 9.742520574874248 0.0
84912 24.72298326116707 -0.2148375702038109 -0.2148375702038109 3.0205813858596775 0.6585428467111267 4.329405158032486 0.577670774534622 0.0 1.4859325959403986 0.0
85143 24.42565757044376 -0.2146095946775979 -0.2146095946775979 6.32478880936341 0.6473776149148923 9.680034849256414 0.5870195290083219 0.0 1.6789314750199835 0.0
85169 24.8339829183456 -0.2132530628689088 -0.2132530628689088 3.2610795432465225 0.65308689765271 5.076003107704617 0.5834503253025666 0.0 2.058745925929205 0.0
85323 23.76748117423565 -0.2123100623401172 -0.2123100623401172 3.7267833836747215 0.6474340725369729 5.5729008805050215 0.6015486105829181 0.0 1.3707161419635243 0.0
85329 24.125431501924584 -0.2131253622924652 -0.2131253622924652 11.565990586527011 0.7258253512923644 15.001307885710334 0.611923402641654 0.0 8.550283663444452 1.0
85903 24.511084575813825 -0.2090599145397625 -0.2090599145397625 8.41579729402331 0.6206775674754595 11.172071907867632 0.5767041210991504 0.0 5.56475160836849 0.0
85942 24.51161444370665 -0.2081776254548771 -0.2081776254548771 7.6243773161983075 0.6000113371622006 9.117612873647655 0.5751287415026195 0.0 5.56475160836849 0.0
85969 24.3942039547806 -0.2079121020624639 -0.2079121020624639 3.1243338903059352 0.6639880618963263 6.449501575172407 0.5699400192444126 0.0 3.501882824069483 0.0
86075 24.058125466176303 -0.2073046112869458 -0.2073046112869458 7.0633500697918095 0.675818674861242 8.578919835929007 0.5973116442187592 0.0 1.4391115456895398 0.0
86152 24.37234615513847 -0.2066272153733229 -0.2066272153733229 1.7862002805287345 0.5776449390744673 3.6392256269687024 0.5382794989650588 0.0 1.4079571766971462 0.0
86166 24.29210601443199 -0.2071144924544824 -0.2071144924544824 6.869296909880468 0.6183181751420835 10.435349212642247 0.5510605723019252 0.0 3.592667601257707 0.0
86337 24.22942417692925 -0.2055175495806612 -0.2055175495806612 4.213929035294271 0.6253378937210118 4.565804676010673 0.5614391885350801 0.0 1.8070859075091656 0.0
86495 25.263521037576588 -0.205002544563823 -0.205002544563823 4.235352871578251 0.4856112296908422 6.2140748396095695 0.4208580431642928 0.0 1.2567059895908512 0.0
86578 23.970626356549385 -0.2054343679184971 -0.2054343679184971 8.256166210486187 0.6788927100561957 14.482447248296976 0.6147775372350811 0.0 5.698526474205214 0.0
86596 24.22655318707817 -0.2069097847086357 -0.2069097847086357 5.080427561623374 0.6096171864117632 7.588660814725281 0.5483016944167541 0.0 1.8070859075091659 0.0
86646 24.242087962826563 -0.203492604566749 -0.203492604566749 2.9632495561095373 0.6230530193825063 3.7636713443687735 0.5604984673800123 0.0 1.8070859075091656 0.0
86678 25.182883047576752 -0.2036794338607644 -0.2036794338607644 2.398447514775233 0.5066118581985098 4.242192735864913 0.4432318970812217 0.0 2.000305812591377 0.0
86796 25.31569514969096 -0.202334789696218 -0.202334789696218 2.681262338154143 0.46814104605552215 4.8654781856138065 0.43362370391940985 0.0 4.360402716320568 1.0
86885 24.242930589513684 -0.2019464983094838 -0.2019464983094838 2.53528291349259 0.6286722263569288 4.63980026209773 0.5620089132674684 0.0 1.8070859075091654 0.0
87005 25.18998669384648 -0.2021473447946333 -0.2021473447946333 10.069697620943652 0.6555986968952414 12.609937797572037 0.4610330684736291 0.0 2.000305812591377 0.0
87113 25.109767428069723 -0.2012518454480277 -0.2012518454480277 9.887835980584248 0.5121635363844699 12.774098918294705 0.4550743866803724 0.0 0.9386825407277308 0.0
87164 25.18166352295773 -0.2000845144744766 -0.2000845144744766 4.046063358268229 0.49252043658958106 4.820452330252002 0.44057643929347057 0.0 2.000305812591377 0.0
87167 24.24242541838578 -0.2002315584516505 -0.2002315584516505 4.060662073294873 0.6241406693586458 4.744989651796913 0.5619041411891932 0.0 1.8070859075091656 0.0
87281 24.87086886118562 -0.1999630969789858 -0.1999630969789858 4.351060672331018 0.5846361292234651 5.929284321540903 0.5364822271201665 0.0 1.369503362469512 0.0
87373 25.344322031271417 -0.1996255915055731 -0.1996255915055731 9.314801341542283 0.5228914644050254 12.083859385032964 0.45970937620830704 0.0 7.1909201214275065 1.0
87401 23.623805863424906 -0.198785958290594 -0.198785958290594 2.8901814932691994 0.7412705017975478 4.764464227835858 0.6189850432926045 0.0 1.1596411504433057 0.0
87420 24.72586150527891 -0.1997451045916319 -0.1997451045916319 9.902618668015267 0.6460562075431913 11.976112047555713 0.5909004479952574 0.0 1.4859325959403984 0.0
88111 24.55873821008493 -0.194188103949031 -0.194188103949031 2.74086512233681 0.6226532306954639 4.922461860979716 0.5603047349614638 0.0 2.6116061930619403 0.0
88114 24.910611886998424 -0.1946886224458918 -0.1946886224458918 7.793432092576532 0.572961533656177 9.986614534588155 0.5123583820602535 0.0 1.369503362469512 0.0
88115 23.90147073194545 -0.1941161749632225 -0.1941161749632225 3.212753695757257 0.6578960257168439 5.443895124820426 0.6007675004248147 0.0 1.7238515888364447 0.0
88142 25.189745400295024 -0.1952411923450606 -0.1952411923450606 3.5578999869649053 0.4758927432150546 5.444972074141668 0.436751672578055 0.0 2.000305812591377 0.0
88227 25.16874333877833 -0.1932894013555004 -0.1932894013555004 1.7433106836782537 0.5077856193706322 3.0169206852400445 0.43731408373781694 0.0 2.43972749412541 0.0
88241 24.855505812373405 -0.1932238629715721 -0.1932238629715721 3.822535303204085 0.6114193059231928 5.5720822239071675 0.5600997875398213 0.0 1.2025130552382748 0.0
88242 24.240268239446173 -0.1936106334983957 -0.1936106334983957 3.6060633392313814 0.6036257259742129 6.165061413285365 0.5534402903752528 0.0 1.8070859075091659 0.0
88259 23.73788240765775 -0.1932047606938867 -0.1932047606938867 2.841527693852483 0.6302111728863043 5.338510148557523 0.5955943838884795 0.0 1.2672918401440596 0.0
88284 24.369465364860392 -0.1930584027846159 -0.1930584027846159 6.058730694224217 0.6198813315982097 6.799551436561886 0.5567230544038162 0.0 1.4079571766971462 0.0
88300 25.33014723030449 -0.1927249399805933 -0.1927249399805933 2.331311235747137 0.49211057887541226 4.375189023993781 0.43194423467303544 0.0 3.096919206954336 1.0
88347 23.96471097616181 -0.1927325571879486 -0.1927325571879486 6.29748974069496 0.6393771781335607 7.01066324710394 0.5766347194152492 0.0 3.294930344018594 0.0
88366 24.595403266800773 -0.1926089324197685 -0.1926089324197685 6.664438461454075 0.6453148326176331 7.3884530516807505 0.5609733860644295 0.0 2.2749536743514933 0.0
88409 24.2908665644123 -0.192205350995456 -0.192205350995456 2.1288706441301954 0.5981704149210265 4.0334909277673425 0.5508111640241581 0.0 3.707265641047817 0.0
88461 24.5014675665254 -0.1919687206439637 -0.1919687206439637 3.5631163153845744 0.6253545686108871 5.097085253360455 0.5576294223691534 0.0 1.3867374226836564 0.0
88471 24.29248524691537 -0.192278939832742 -0.192278939832742 7.318198396620076 0.5987664878673222 7.770989467900103 0.5562420067395221 0.0 3.707265641047817 0.0
88504 24.043201726102136 -0.191629756461288 -0.191629756461288 2.910246305521508 0.6912498029891172 5.463003120907486 0.5894344243359014 0.0 1.4391115456895398 0.0
88544 23.918035398292417 -0.1914156485539097 -0.1914156485539097 3.4113663531607785 0.6419946821526731 4.13357897179959 0.586066446885435 0.0 1.723851588836445 0.0
88556 24.18734488462129 -0.1914095317733884 -0.1914095317733884 5.50417724719282 0.6131735787437235 6.330971997234682 0.5515484442505362 0.0 4.00705952498524 0.0
88630 23.676026114314062 -0.1920300417261304 -0.1920300417261304 6.683567574194493 0.6720631568895412 9.75809268715311 0.6047421953790698 0.0 2.1300757187757196 0.0
88651 24.56827398987033 -0.1908991162106639 -0.1908991162106639 3.361680374303141 0.6242309281369458 4.192914063772924 0.5808770937028289 0.0 2.6116061930619408 0.0
88775 24.615487039126748 -0.1900433867080265 -0.1900433867080265 4.780684006535931 0.6120583153289972 6.631236901891912 0.541260256222583 0.0 1.3202445738727628 0.0
89104 25.335090683825765 -0.1882228110032796 -0.1882228110032796 3.2950556590786424 0.5349509462270797 4.472004501795916 0.4405926115597006 0.0 3.0969192069543365 1.0
89282 24.958922841907995 -0.1866632147088824 -0.1866632147088824 2.567609805821468 0.554808859773303 3.614537941512123 0.4869607521425882 0.0 1.8958720681463193 0.0
89295 24.61433972765728 -0.1864723027438279 -0.1864723027438279 2.6279882407347848 0.6117416108891501 4.8529610318158865 0.5403265782439706 0.0 1.320244573872763 0.0
89306 24.16412702777484 -0.1868093747776136 -0.1868093747776136 3.047340125722334 0.623341206654127 4.229137107406373 0.5546807134959018 0.0 5.335821212370623 1.0
89383 25.274678002664643 -0.1862746229492883 -0.1862746229492883 2.92583953766525 0.4851448227552652 5.47988395386572 0.4268778859962379 0.0 1.2567059895908512 0.0
89529 24.221894029269293 -0.1851657059066429 -0.1851657059066429 1.6123028374872053 0.5896685454785362 2.987528363927475 0.5429856670660185 0.0 1.8070859075091656 0.0
89673 24.124154577624456 -0.1851358496755494 -0.1851358496755494 6.274958400322411 0.6224092007678659 8.400964905200851 0.5696050756445389 0.0 2.774605874092746 1.0
89972 24.489502596879884 -0.182385997727758 -0.182385997727758 4.551824163887083 0.6256561031495123 8.201952293232333 0.5617831968446879 0.0 1.3867374226836564 0.0
90506 24.55584695973011 -0.1803479460922547 -0.1803479460922547 9.203065660542146 0.6550254632359334 17.870067049188506 0.5861827172389835 0.0 7.181631462338683 0.0
90557 24.682110103397125 -0.1783054898413575 -0.1783054898413575 2.6702211611698754 0.6317031002547884 5.043751540023386 0.5682606530061035 0.0 2.0597402855063263 0.0
90569 23.98568194182564 -0.1788951083811217 -0.1788951083811217 7.944532434437402 0.6002408463591182 10.533523624343996 0.5742997068422008 0.0 6.155312304059342 0.0
90629 25.13531540381128 -0.1778194544756804 -0.1778194544756804 3.850843541886902 0.4701533913765809 4.436797117684938 0.4249069296774789 0.0 0.9386825407277308 0.0
90631 24.07267678253322 -0.1779067914641546 -0.1779067914641546 4.181441501887777 0.6166191812595204 4.808487814723662 0.5546583607457621 0.0 1.4391115456895398 0.0
90659 24.303360901325064 -0.177838971284492 -0.177838971284492 4.412768941365542 0.6211999548024788 6.690259235627406 0.5439382083965633 0.0 4.501202266921746 0.0
91008 24.19907677526592 -0.1752723585370974 -0.1752723585370974 4.168308269728147 0.5846361871776463 5.061850314592047 0.5487232677994269 0.0 2.610134422770225 0.0
91107 24.27790414499921 -0.1746653341827545 -0.1746653341827545 2.8868939136135903 0.5808940681627117 4.315175237631129 0.5275444748264524 0.0 3.707265641047817 0.0
91114 24.004464026079297 -0.1748395966205993 -0.1748395966205993 4.57793683716506 0.6726904050472444 6.570275956370119 0.5653103217558255 0.0 2.279204269397391 0.0
91177 24.303443199494584 -0.1763252488003094 -0.1763252488003094 5.390590124981521 0.5796910528627159 9.148927840496425 0.5535440452488846 0.0 3.7206133880698635 0.0
91408 25.182369269206585 -0.1734768201864048 -0.1734768201864048 4.999013205923458 0.49913620412959103 6.18804907938657 0.4401607244945037 0.0 3.14864697167815 0.0
91471 24.740171590306183 -0.1724554934822147 -0.1724554934822147 3.510430136497114 0.6300931470957958 5.483487175984994 0.5591748652467473 0.0 1.4859325959403986 0.0
91581 24.969715212936546 -0.1729681680333817 -0.1729681680333817 4.007830588655496 0.5443613727545598 7.044144731083173 0.48836287217352103 0.0 1.8958720681463195 0.0
91945 23.85517536453447 -0.1699732279205545 -0.1699732279205545 6.035491302163779 0.6992459897272094 10.18299490421161 0.5922049936364681 0.0 2.489226297195807 1.0
91983 24.167215458771658 -0.1701239749906032 -0.1701239749906032 10.228794865183087 0.6089639551207617 14.82486537089888 0.5657204741192738 0.0 5.335821212370623 1.0
92133 23.756528800177385 -0.1684928665662457 -0.1684928665662457 4.084321416360958 0.66486123180897 7.0727552211811835 0.5982059473644645 0.0 1.2672918401440594 0.0
92156 24.521311104475387 -0.1680449711867623 -0.1680449711867623 3.1907747361341245 0.6237672026219945 5.4617129448913655 0.5491552192446645 0.0 3.967099649114976 0.0
92239 23.86529112574415 -0.1687708407186941 -0.1687708407186941 8.166209138422445 0.6463077466969834 10.74626927155956 0.5897418519063695 0.0 4.452373116910929 1.0
92302 24.081148559047605 -0.1671199163209322 -0.1671199163209322 2.398299440681566 0.6126919312166496 4.8788125796486845 0.573095722824602 0.0 2.4959885258480665 0.0
92376 25.176676052132606 -0.1666175462336849 -0.1666175462336849 2.4342732047973294 0.4745398073727367 4.802564078416511 0.43293298333848373 0.0 3.14864697167815 0.0
92465 24.332899500087404 -0.1662644218898178 -0.1662644218898178 2.8690367702137767 0.6052967431207692 4.221967359791037 0.5512623007215316 0.0 1.685314848269352 0.0
92648 24.66432457846143 -0.1658569168880526 -0.1658569168880526 12.299496468637551 0.6677273949614958 19.676057239195654 0.5967042957905715 0.0 2.0942812662323247 0.0
92668 23.65870527580854 -0.1649285200673894 -0.1649285200673894 2.6924372968630363 0.6279968079028468 5.016120656625042 0.583040584971379 0.0 3.9988869133504448 0.0
93008 23.66542880025126 -0.1630569984288363 -0.1630569984288363 8.288723712120941 0.6559244292188944 9.387678646321957 0.5937566813780122 0.0 3.998886913350444 0.0
93026 24.54043544516172 -0.1629090153920257 -0.1629090153920257 2.6258925416491175 0.5736267953038231 4.865760298952262 0.5405103832602393 0.0 3.967099649114976 0.0
93151 24.586787528988424 -0.1627025221703605 -0.1627025221703605 4.76301696452037 0.6275744375516042 8.036784526192896 0.5687928055467248 0.0 4.286862827197269 0.0
93174 24.18809558206492 -0.1620834174964643 -0.1620834174964643 3.690533300424168 0.625217079151829 5.119534959841366 0.5492755712927951 0.0 2.6101344227702254 0.0
93190 24.82379998419942 -0.1614167204709998 -0.1614167204709998 2.694409901310838 0.6157361651955581 5.1466477126719585 0.56420577914913 0.0 1.0547566901503018 0.0
93341 23.850973262228298 -0.1604929699207837 -0.1604929699207837 3.0207840027238455 0.6370150206724589 5.529457872824472 0.5781206365071891 0.0 3.130225143641981 1.0
93342 23.92751709452652 -0.1605261598106769 -0.1605261598106769 2.289878687978335 0.6230016977623698 4.439367812711071 0.5838384210640626 0.0 2.982161290669108 0.0
93451 24.698456090353616 -0.1605168643882097 -0.1605168643882097 10.694963400745234 0.7451060182407017 12.894929438887926 0.5602356294257501 0.0 2.0207483928034926 0.0
93530 25.220051769705023 -0.1596468790909928 -0.1596468790909928 4.002210545876451 0.4531529983478246 4.379669359787887 0.41542243632591525 0.0 0.8913908552422765 0.0
93604 25.211485168120504 -0.158737042312209 -0.158737042312209 1.5722159613296294 0.4240194510363218 2.998378589710954 0.40041820429875524 0.0 0.8913908552422765 0.0
93619 24.94014797792641 -0.1587060107148805 -0.1587060107148805 2.7428507315528377 0.5239546721052963 4.474175268009067 0.48187031245455153 0.0 2.028021136160602 0.0
93679 24.84992520294969 -0.1583635880507114 -0.1583635880507114 3.8859593003239206 0.5919804242179408 5.750511506775382 0.5285462926401678 0.0 1.0547566901503018 0.0
93745 23.73487194093014 -0.1579504200734851 -0.1579504200734851 3.55169606872052 0.657781101216472 4.504749993149585 0.5911387957820281 0.0 1.2672918401440596 0.0
93857 24.81523337858404 -0.1580016920386147 -0.1580016920386147 5.937507069102329 0.6456964202882441 9.425320754813056 0.5677830046079595 0.0 1.0547566901503018 0.0
93915 25.151007355447263 -0.156993775207553 -0.156993775207553 3.2927838805815934 0.4553325391666891 4.653633987728468 0.4054103871686381 0.0 1.278915703528772 0.0
94248 24.89959480698986 -0.1548397740363312 -0.1548397740363312 6.098020159197378 0.5702507881932304 7.50157998536095 0.5154341256298629 0.0 1.7391231962314793 0.0
94346 24.25272805998847 -0.1538652482013691 -0.1538652482013691 2.188661933072104 0.5982094906557462 3.9027847664471293 0.5544342538239999 0.0 3.7206133880698635 0.0
94497 24.721121115566607 -0.1528393019716238 -0.1528393019716238 3.235793895971694 0.6077606676945188 4.8725884460715125 0.5506609911411638 0.0 2.0207483928034926 0.0
94689 25.346319091722265 -0.1518366645827915 -0.1518366645827915 3.874228935003695 0.45852532408940816 5.457567771589272 0.4270188139053841 0.0 1.2599326338707257 0.0
94694 25.182224334328065 -0.1516069621031701 -0.1516069621031701 4.863708893334612 0.4708572727331506 7.211610093015989 0.41983749075872656 0.0 1.2789157035287722 0.0
94740 23.89303803761976 -0.1510423068495292 -0.1510423068495292 4.073727680659726 0.6298421761171272 5.333268711921971 0.5659967159980149 0.0 5.078545776036012 1.0
94819 24.14630438214155 -0.1513760059893407 -0.1513760059893407 6.845862832576879 0.603780454148038 10.78657323721446 0.5461392976088965 0.0 6.433918470834243 1.0
94902 24.82048070301902 -0.1498264544910635 -0.1498264544910635 2.5276697161567436 0.5933833999830994 4.980851210154805 0.5514138899654217 0.0 1.0547566901503018 0.0
95033 25.04382694651943 -0.1503077678307805 -0.1503077678307805 4.722976441992116 0.49737343780093557 8.574223955758555 0.4440616785501128 0.0 1.0036088989781446 0.0
95041 24.686762591562008 -0.1490660282732721 -0.1490660282732721 2.6977061593959375 0.6145365611824447 4.672913492244019 0.5574549653347978 0.0 2.0207483928034926 0.0
95086 23.856573581998784 -0.1491816834419871 -0.1491816834419871 7.461114940844157 0.6352787162383106 10.164410446615722 0.5837958272291192 0.0 7.4981123837216614 1.0
95115 23.790540503265 -0.1497879121085692 -0.1497879121085692 8.201654986204266 0.6486717346391148 10.573330576084501 0.5928820527727523 0.0 1.3725738254306359 0.0
95426 24.92126372245521 -0.1475349068988514 -0.1475349068988514 5.402791301539565 0.5772791549302315 7.975492152221453 0.5089286641507322 0.0 2.028021136160602 0.0
95454 24.524119183414573 -0.1463931068670221 -0.1463931068670221 4.113886147422589 0.6121767629264008 6.976104813803468 0.5700904496475697 0.0 1.5763861715901755 0.0
95456 23.98580927541236 -0.1469983443971802 -0.1469983443971802 9.86501428622803 0.6807311447225576 12.731041547058094 0.5905009698425613 0.0 2.7454395469418484 0.0
95549 24.126988023113103 -0.1455905574963459 -0.1455905574963459 4.09676498377233 0.6419339588705473 5.550900546708369 0.5627230166791856 0.0 2.8197662347298356 0.0
95603 25.01037298427524 -0.1452744601417658 -0.1452744601417658 4.826070853662086 0.4976586909664797 5.064572173953802 0.44948758975435726 0.0 2.313702058790681 0.0
95808 24.370809868242013 -0.1438479825156293 -0.1438479825156293 2.2783117835815094 0.6235421183036084 4.370888437273378 0.5626406617310906 0.0 1.4079571766971462 0.0
95957 24.73184482210064 -0.1428038422566348 -0.1428038422566348 2.3477905947714115 0.6023168200759775 4.736454661037972 0.5732289637568856 0.0 2.0207483928034926 0.0
95982 23.89677236019218 -0.1427325283537862 -0.1427325283537862 4.173248858433393 0.6478886425680456 4.9934668654150345 0.5838906075250739 0.0 5.078545776036013 1.0
96089 24.473993730213778 -0.1420154253628742 -0.1420154253628742 3.9133299595976556 0.586163177845763 5.343227917941821 0.5315298568674678 0.0 1.3867374226836564 0.0
96165 24.60136711372146 -0.1429076094389602 -0.1429076094389602 8.287461090762251 0.6503300598308099 14.095752396487141 0.5809620496045692 0.0 2.6198747532410818 0.0
96192 23.690153794505 -0.1414191974740452 -0.1414191974740452 2.5311604019648315 0.6237650136445215 4.670451857006873 0.5870699514562173 0.0 1.5322643080337826 0.0
96251 23.68255754533069 -0.1410943398272103 -0.1410943398272103 2.2860539985189683 0.6298949719028609 4.45163259674935 0.5985539472365973 0.0 1.5322643080337826 0.0
96314 24.31310214309724 -0.1411503958669623 -0.1411503958669623 8.329457092647475 0.6469774534787242 9.874026075568578 0.5626548639680744 0.0 1.6853148482693519 0.0
96408 25.004178510711284 -0.1402990020546742 -0.1402990020546742 1.7432161737784697 0.48400491790964184 3.3239592715020714 0.44962640599816767 0.0 2.313702058790681 0.0
96586 24.19570678223702 -0.1389030057061391 -0.1389030057061391 3.8025395063554335 0.6206118007920982 5.947294895453771 0.5650960649802941 0.0 3.2877956715554317 0.0
96695 24.14546448174889 -0.1424435806918355 -0.1424435806918355 12.080278567167863 0.6491708726848382 17.926712471820448 0.589243189862933 0.0 2.819766234729835 0.0
96703 25.16152750937368 -0.1382297196175363 -0.1382297196175363 3.7128475899274176 0.47201505781065645 4.438101457310018 0.4252069921712881 0.0 1.2789157035287722 0.0
96711 24.08952230135691 -0.1382626904853392 -0.1382626904853392 2.9747480245230724 0.6568075210360093 5.054979934166082 0.5880167243351133 0.0 2.4959885258480665 0.0
96714 24.66739526668339 -0.1382109615646549 -0.1382109615646549 4.420017361390642 0.6517120449076488 6.67060967463777 0.5935681637427626 0.0 3.881660631882897 0.0
96792 25.05569859062484 -0.1375024339823322 -0.1375024339823322 2.819640797687587 0.4424591864778924 4.011549952368238 0.43074998491759425 0.0 1.0036088989781446 0.0
96807 24.14430565431658 -0.1373919351089431 -0.1373919351089431 4.073678030772319 0.6118529869250782 5.46884264812137 0.5589377664327667 0.0 2.819766234729835 0.0
96846 25.008495990888505 -0.1371182173996317 -0.1371182173996317 1.8981872497038315 0.4779789086925569 3.0611522196593888 0.4487394421771048 0.0 2.313702058790681 0.0
97142 23.924193340273067 -0.1359925363560509 -0.1359925363560509 7.308716568602199 0.6685564024641159 11.068328622643206 0.6154343424105535 0.0 2.982161290669108 0.0
97168 24.917290705138683 -0.134854510913694 -0.134854510913694 2.878903590875187 0.5517652903330362 4.180386222888243 0.49733641976987797 0.0 2.028021136160602 0.0
97172 23.856228593333647 -0.1361575997127874 -0.1361575997127874 24.38423657262763 0.6796516192449087 33.9806778018056 0.6140925207257634 0.0 26.78411219907794 1.0
97210 23.920845331387937 -0.1355825336065874 -0.1355825336065874 6.543035988579054 0.6840503536905553 8.545730637334664 0.6159023080505724 0.0 3.0547493129280476 0.0
97331 23.87765830995269 -0.1347999658955267 -0.1347999658955267 4.670846635416596 0.6868880418053388 8.18534790816897 0.6043145187685363 0.0 5.078545776036013 1.0
97403 25.05783067820061 -0.1333173783907112 -0.1333173783907112 2.3654039438330092 0.46575203794470965 4.436727329720793 0.4301795777567743 0.0 1.0036088989781446 0.0
97515 25.293430259317496 -0.1326218188024172 -0.1326218188024172 1.7873163085346953 0.46927378232171557 2.9848041868842543 0.42179974289597966 0.0 1.2599326338707257 0.0
97523 23.871782587264267 -0.1333091237630114 -0.1333091237630114 7.523081888882312 0.6972854234706872 10.335477743066999 0.60881722018879 0.0 23.84618990615094 1.0
97577 25.16806997601818 -0.1322502832364883 -0.1322502832364883 2.4502829758045594 0.4962498931461312 4.532342892323903 0.43651933788708813 0.0 1.2789157035287722 0.0
97588 24.05511053604148 -0.1322786236542587 -0.1322786236542587 4.882696756265681 0.6347102330723999 5.413149277531664 0.5728950244856471 0.0 2.287677987394799 0.0
97799 24.981622018091617 -0.1307520333948846 -0.1307520333948846 2.0975328867470107 0.5017228729979695 4.2210011441398425 0.4573180439756327 0.0 1.8958720681463195 0.0
97823 23.854247957914748 -0.1313271357715993 -0.1313271357715993 3.630466979948284 0.631410443191963 5.090571795880266 0.5841613384723291 0.0 6.143660814549465 1.0
97937 24.108651839637464 -0.1298987241617785 -0.1298987241617785 2.4117558992736585 0.653794851764415 4.908142194801589 0.5884871364166797 0.0 2.4959885258480665 0.0
97999 23.66570376560197 -0.1301753820117889 -0.1301753820117889 7.154992353801559 0.6418385417180542 9.219185263898849 0.6014964627499312 0.0 3.7917165368295067 0.0
98092 23.68404399208067 -0.1295075678835051 -0.1295075678835051 6.6483805341763835 0.6491264392373258 11.149778387365519 0.616294099226406 0.0 1.5322643080337826 0.0
98194 24.066027532477424 -0.1293316121560757 -0.1293316121560757 5.314635196735051 0.661371902447695 9.742792512954749 0.6109854627043455 0.0 2.2876779873947988 0.0
98505 23.760046047585544 -0.1262196297380629 -0.1262196297380629 2.4236749624932474 0.6510905164982126 5.019638768330478 0.6041192541050187 0.0 1.3725738254306359 0.0
98956 25.11614563367325 -0.1235820356939356 -0.1235820356939356 1.6991699251163312 0.4923633683864379 3.2002114337434544 0.4241680270740746 0.0 0.5305816865894473 0.0
99121 25.057439508472328 -0.1222641824258702 -0.1222641824258702 2.778611655253965 0.48216713748243184 4.634142029078527 0.42473525386088273 0.0 1.0036088989781446 0.0
99247 23.88757387873737 -0.1214795522283651 -0.1214795522283651 4.095144473767251 0.6072209478190141 5.28029295161133 0.570147863767888 0.0 5.078545776036013 1.0
99435 24.77508660961527 -0.1211818349246088 -0.1211818349246088 16.149990735927513 0.7182663499785913 18.805362254424015 0.5828220018571109 0.0 1.898208013128084 0.0
99446 23.581296597133345 -0.1202778351301992 -0.1202778351301992 2.732173688078908 0.6455755796748301 4.766951872609456 0.5888018904357822 0.0 0.788028078422887 0.0
99574 24.617524110927032 -0.1204654947632991 -0.1204654947632991 11.980221683075325 0.6500547838770353 14.493341638788392 0.5867535106800479 0.0 1.8238409900406762 0.0
99722 24.250878426595698 -0.1186033511965086 -0.1186033511965086 3.230722293883574 0.7244432916671639 5.548632695393804 0.5622297368071537 0.0 1.2010160590445875 0.0
99797 24.76097566570008 -0.1180701248634158 -0.1180701248634158 3.298788735740058 0.6147042308196285 4.89224264242408 0.5690556563769952 0.0 1.8982080131280838 1.0
99850 23.801551072837245 -0.1177944345730165 -0.1177944345730165 2.935214430435484 0.6459845221624599 4.867866942644852 0.590705749876098 0.0 0.9462795260147729 0.0
99902 23.507218027614144 -0.1178333678215235 -0.1178333678215235 3.9948186098645664 0.6604138050018978 5.61446553611739 0.6030103980355944 0.0 0.0 0.0
99916 24.064898122409748 -0.1173689936762985 -0.1173689936762985 3.1296948162970724 0.642690863751627 4.017935551087548 0.582405849273867 0.0 2.287677987394799 0.0
99997 23.84974110955462 -0.1169571554948758 -0.1169571554948758 3.5437304550417474 0.6123019371219276 5.165364793151738 0.569409270188679 0.0 5.703638295828993 1.0
99999 23.86359400206057 -0.1168978005440295 -0.1168978005440295 5.848845606730146 0.6350914058236771 6.496565445103391 0.5731499179428838 0.0 5.703638295828995 1.0
100018 24.30072903463208 -0.1168486180715495 -0.1168486180715495 2.7957943018431157 0.6825022208235632 4.520694997835846 0.5818902424037119 0.0 1.108337210028096 0.0
100146 25.32644151814113 -0.1158087876340493 -0.1158087876340493 2.6780408124203166 0.4587381278157864 3.483065786467369 0.4289381503074901 0.0 1.2599326338707257 0.0
100186 24.591795129367245 -0.1156477273929777 -0.1156477273929777 3.4331722849864597 0.5972337984230136 4.987076245052548 0.5618722988210507 0.0 1.8238409900406762 0.0
100298 25.28327186737984 -0.114876172975053 -0.114876172975053 1.7750612458825652 0.4631495613586624 3.3278845225850504 0.4150490063376963 0.0 1.2599326338707257 0.0
100385 23.51158834669299 -0.1153453010802352 -0.1153453010802352 5.489047808862458 0.6499441754612928 6.103208031639048 0.6072705798424386 0.0 2.9584931044943086 0.0
100443 23.61555803614125 -0.1141282133408244 -0.1141282133408244 2.3940051632051547 0.6216077653161095 4.673921426161603 0.6019062932131758 0.0 2.14725994849802 0.0
100683 24.19834345495548 -0.1150174681093363 -0.1150174681093363 13.922452013943293 0.6545078097236895 16.908094042677536 0.5860559400627887 0.0 3.2877956715554317 0.0
100686 24.591720229285738 -0.1126876269620292 -0.1126876269620292 3.311831874470698 0.6296477285299618 5.867698632103918 0.5612438723675298 0.0 1.8238409900406762 0.0
100776 24.76136447700788 -0.1118423388531908 -0.1118423388531908 2.2836434810341584 0.6291545378378482 4.604683267563931 0.5755615942684272 0.0 10.565134592939833 1.0
100784 25.0448964973402 -0.1117256272597297 -0.1117256272597297 2.9952086452657563 0.48388739708537853 4.080309767263326 0.4257087702086956 0.0 1.0036088989781446 0.0
101052 24.59096987578836 -0.1098395768288729 -0.1098395768288729 2.8972223520430047 0.5978980532554861 4.888120259656403 0.5616522092138296 0.0 1.8238409900406762 0.0
101077 24.67741586922993 -0.1100531778588279 -0.1100531778588279 2.612557890094077 0.6641880846766437 4.5743373490881485 0.5791053936101126 0.0 5.023776580197448 1.0
101131 24.851878814855404 -0.1093510417146879 -0.1093510417146879 2.90238769147042 0.6324250399205312 4.731235886176755 0.5481324650417054 0.0 1.7450351945241842 0.0
101389 23.607666396649066 -0.1081029265820337 -0.1081029265820337 1.972273663152343 0.6371482866548115 3.9728865189110825 0.5938666682395861 0.0 0.788028078422887 0.0
101422 23.77873755133872 -0.1077725302790341 -0.1077725302790341 3.723414633663766 0.6443161434091735 5.485633091502426 0.596192654730925 0.0 0.9462795260147729 0.0
101536 24.387242281267216 -0.1069601273307463 -0.1069601273307463 3.618976816560003 0.5776995665272091 5.212321663455037 0.5513958893060352 0.0 0.6382986713972196 0.0
101707 23.96587028768284 -0.1069971628849795 -0.1069971628849795 6.964447391069383 0.6656855774842135 12.576585202434334 0.6048643243163243 0.0 2.029688459365082 0.0
102076 24.00565288818964 -0.1043880744260006 -0.1043880744260006 4.3052225983754315 0.6372688147512531 4.95332951530553 0.5892204508325491 0.0 3.4889083385369974 0.0
102330 24.79214149206297 -0.1017665894908221 -0.1017665894908221 5.3556888035841475 0.6017298885327795 5.975087759034579 0.5706941670414606 0.0 6.045660252189963 1.0
102361 24.832410751719728 -0.1015407008097031 -0.1015407008097031 2.4810311407747885 0.6203125834856583 5.094042395115648 0.5623455693764253 0.0 1.8128208929517418 0.0
102445 25.05247983214576 -0.10121480376379 -0.10121480376379 1.8968779399396072 0.482760207909539 3.786139206021169 0.42057523452139783 0.0 1.0036088989781446 0.0
102578 23.65670210384075 -0.1016504309221993 -0.1016504309221993 5.724274322498643 0.6638191766789919 8.949259582193166 0.5882876870505149 0.0 2.14725994849802 0.0
102597 24.568458210669466 -0.100276275654535 -0.100276275654535 2.428556128420904 0.6063562385587411 4.35121196542672 0.5718312473207383 0.0 1.8238409900406762 0.0
102607 24.76885626553424 -0.1003853029462073 -0.1003853029462073 5.886283862260295 0.6527176773071408 8.639059807171481 0.5907105011231035 0.0 10.565134592939835 1.0
102761 24.29601077670187 -0.0989605240147235 -0.0989605240147235 1.8604815852365275 0.6415134436734072 3.4074292819023233 0.5743063508624034 0.0 1.108337210028096 0.0
102862 24.738922088537723 -0.0983046320427786 -0.0983046320427786 4.6340553735437116 0.6426442093588464 6.867620711140162 0.5776651863470871 0.0 3.7779569177035475 1.0
102987 24.44325454328402 -0.0974438339130408 -0.0974438339130408 1.9654771910131286 0.5929945887546207 3.848634971713836 0.541310987694674 0.0 0.9872793537402937 0.0
103031 23.99947269651885 -0.0977072033324909 -0.0977072033324909 9.020792670350533 0.6646226626392219 9.379118676107215 0.5994060299515954 0.0 4.889094149642983 0.0
103047 25.00797199636678 -0.0969944627086683 -0.0969944627086683 2.97852551053658 0.4786718431378978 3.4654189597845946 0.43206243642780584 0.0 0.9720808468245645 0.0
103090 24.23087197551345 -0.0973795555937646 -0.0973795555937646 2.87259724398601 0.6302671188802199 5.322647807843553 0.5740938194719635 0.0 1.2010160590445875 0.0
103215 24.102229745181223 -0.0966885247624421 -0.0966885247624421 7.724322436540147 0.7107371404418386 9.953121333441512 0.5723838469622938 0.0 1.5938937381972456 0.0
103252 24.66263912494823 -0.0960282679183303 -0.0960282679183303 3.94012209982544 0.6393668141009643 5.093718821030966 0.5881206852248753 0.0 4.340000783980208 1.0
103455 23.81014519613522 -0.0947790028765374 -0.0947790028765374 3.5369759586890868 0.6539626429759569 6.113222733254003 0.5799997868878749 0.0 0.9462795260147729 0.0
103491 25.30812236218656 -0.0940313738575614 -0.0940313738575614 3.777737610706609 0.4957105134358885 5.605384473853023 0.4446853408806202 0.0 0.8207152865724935 0.0
103623 24.54779791772174 -0.092835824353732 -0.092835824353732 3.015669266008439 0.5971474258099919 6.016465841288928 0.5639703542162082 0.0 1.9097117675143775 0.0
103837 24.01891907418152 -0.091505186795567 -0.091505186795567 3.1108135667134453 0.6230894614265381 5.3686088476769225 0.6079382266167689 0.0 3.488908338536997 0.0
103859 23.901431960705576 -0.0912855563745473 -0.0912855563745473 3.3918057525114174 0.6144107902191766 4.032923482088396 0.5740895703892757 0.0 2.041625538274487 0.0
103973 23.814219469401326 -0.0905011119586319 -0.0905011119586319 2.66649973729583 0.6224749058538326 4.7910428838486006 0.5619925607371243 0.0 0.9462795260147729 0.0
104063 24.053412275604487 -0.0903892098360673 -0.0903892098360673 3.7569389947501217 0.6566629969972353 7.627890921300895 0.5704091952291972 0.0 2.0619224442640194 0.0
104092 24.690557329159724 -0.0898090334045662 -0.0898090334045662 6.347991118520391 0.5996034424793852 8.952222351667313 0.5064809092503668 0.0 6.786268623126252 1.0
104218 23.875471252069577 -0.0892700598526911 -0.0892700598526911 4.295502499826833 0.6016589862110534 5.863192544293523 0.5568333631655937 0.0 2.041625538274487 0.0
104325 24.17521043236838 -0.0881994219740362 -0.0881994219740362 2.8024544170560755 0.6002227399095916 4.297367074566298 0.5373908612629371 0.0 2.1846007184280785 0.0
104330 24.780232092336664 -0.0886678658121904 -0.0886678658121904 6.312666176455051 0.6348989725101648 11.504310258430163 0.570034760912343 0.0 6.045660252189963 1.0
104351 23.540550796351297 -0.0883837008694768 -0.0883837008694768 2.71576154181715 0.6360457808737495 4.881941063347655 0.5783889982689455 0.0 1.9814540523280022 0.0
104386 24.720786211390408 -0.0887800946485336 -0.0887800946485336 12.615624615329324 0.6354498115784453 18.614033786596224 0.5733133402382592 0.0 4.763765387339989 1.0
104775 24.56887460638631 -0.0852194849859846 -0.0852194849859846 3.645905313714042 0.6721841406880533 5.978091087934382 0.5590983560063502 0.0 4.334315107785556 0.0
104811 24.490388113471003 -0.085137404751432 -0.085137404751432 3.9423931701420414 0.5809511932759523 7.359263141216219 0.5370344147294613 0.0 0.9872793537402937 0.0
104996 24.99471592771973 -0.085780194335352 -0.085780194335352 3.071426501598545 0.4950215172848895 5.573515967414104 0.44372054159032137 0.0 0.9720808468245646 0.0
105111 25.22552777038321 -0.083225027710721 -0.083225027710721 2.8969014819200325 0.4895138397222825 4.612102680977195 0.4312010314829107 0.0 0.8777622049826894 0.0
105141 24.864651793280927 -0.0828946496106665 -0.0828946496106665 2.222139039208568 0.6250426572614732 4.5454958634040175 0.5400087468589213 0.0 1.134781601996703 0.0
105355 24.888849948439223 -0.0816110793248887 -0.0816110793248887 5.90725192648397 0.6049178270482685 7.3798140227759985 0.5133574959122585 0.0 1.5029851556471145 0.0
105370 24.00280528423325 -0.0814219298205838 -0.0814219298205838 2.7884848495394077 0.7133260574405019 4.569952038234152 0.5843438558877833 0.0 4.889094149642983 1.0
105429 23.66732113986192 -0.0853220346231104 -0.0853220346231104 3.103339945305889 0.6198522592575051 6.2920677824252165 0.5812904779443216 0.0 1.3194542726547633 0.0
105493 24.75907751267242 -0.0845219107393844 -0.0845219107393844 12.464454871784552 0.6783348312166436 23.144615627286143 0.6003158615631236 0.0 5.855534626298874 1.0
105665 23.911206215419018 -0.0795066516613168 -0.0795066516613168 4.819178635526307 0.6368909095738652 5.97975157794475 0.5746667245783634 0.0 1.7068338163747634 0.0
105820 24.947978888119795 -0.0790149034857461 -0.0790149034857461 2.9771631773708154 0.5141481615746651 4.958417341163913 0.47638127018237253 0.0 2.1583018330747086 0.0
105848 24.18058803825747 -0.0782178863321074 -0.0782178863321074 3.3948621691928014 0.6288715747217508 5.658014384584891 0.5608887778149093 0.0 2.1846007184280785 0.0
105971 24.70384643018936 -0.0772522038033501 -0.0772522038033501 5.180193447931835 0.6453146495263439 5.823951750631149 0.5795305851510741 0.0 3.528701006533841 1.0
106246 24.759253348445547 -0.0753913078984342 -0.0753913078984342 3.831147962044156 0.6225157344479091 4.306521787597254 0.5607329266123232 0.0 5.855534626298875 1.0
106293 23.57969649327083 -0.0751956901583855 -0.0751956901583855 3.5579459543139826 0.6743159965525669 6.276117884855862 0.5942239774656076 0.0 1.4980337161175123 0.0
106510 23.875596002427603 -0.0735834526503233 -0.0735834526503233 3.05597683694562 0.6013507259528985 5.379897115257492 0.5745949279569474 0.0 2.041625538274487 0.0
106591 25.14329887501477 -0.0735346431781478 -0.0735346431781478 2.3083918124891 0.4928381263174316 4.718002697565896 0.433777430580652 0.0 0.5305816865894473 0.0
106719 24.399659966671617 -0.0725305840993971 -0.0725305840993971 3.534461660578628 0.6456733413565718 5.34263433396634 0.5585954320042177 0.0 0.6382986713972196 0.0
106803 25.21102500872777 -0.0715822620875477 -0.0715822620875477 1.7967622124898488 0.46307725195798927 3.4079947961800485 0.4295083514521797 0.0 0.8777622049826894 0.0
106852 24.495271904888472 -0.0713264907125975 -0.0713264907125975 3.9151002819575003 0.5996285614870281 6.3729360666197055 0.5431955202467643 0.0 0.9872793537402937 0.0
106982 24.83889730367557 -0.0705624968147941 -0.0705624968147941 2.899365563598726 0.6126562392073094 5.958487751813987 0.5535696556290848 0.0 1.8128208929517422 0.0
107028 24.5846795897224 -0.0702658658265068 -0.0702658658265068 3.0169809449581626 0.6929721763395648 5.243162020643584 0.5861011606033937 0.0 4.334315107785556 0.0
107195 24.399091585443816 -0.0691100441054989 -0.0691100441054989 4.186656800226794 0.6033981000432813 4.800878351430178 0.5554728841450015 0.0 0.6382986713972196 0.0
107211 24.83282233082673 -0.0691854581180345 -0.0691854581180345 5.76312453532995 0.6166798624987097 6.663025190800089 0.5544816890380058 0.0 1.8128208929517422 0.0
107238 23.66547104344503 -0.0692105891845775 -0.0692105891845775 3.05021585338142 0.6703104235663582 3.837259276037963 0.5965301735324278 0.0 1.3194542726547633 0.0
107266 24.69605716030469 -0.0690122549671737 -0.0690122549671737 4.493452583603235 0.6258662322711604 6.530913484430776 0.5703794516503824 0.0 3.528701006533841 1.0
107543 23.557228740209627 -0.0667856167683601 -0.0667856167683601 3.552298923421866 0.6058140971935142 6.0773320193907745 0.5807976101045504 0.0 1.4980337161175123 0.0
107713 24.974421237625847 -0.0661365984280829 -0.0661365984280829 4.45456854549853 0.4942340249717124 4.9833527610172 0.444486664074944 0.0 1.4630784269312018 0.0
107732 23.72190212289112 -0.0657810943452895 -0.0657810943452895 4.432459576821159 0.636465032054891 6.043223087534639 0.5719200917769383 0.0 0.86931474125707 0.0
107865 23.574025621146777 -0.0646767244840745 -0.0646767244840745 3.5636698549747248 0.613552459248217 6.176011299371885 0.5996801215369764 0.0 1.4980337161175123 0.0
107894 23.606662768602337 -0.0645125225131813 -0.0645125225131813 3.3038094775960065 0.6319781323615341 4.714674249460434 0.5887354631097627 0.0 1.4980337161175123 0.0
107979 24.005128682631124 -0.0638029525858904 -0.0638029525858904 4.007386752654741 0.6659650750615765 4.558782873728923 0.597998965533535 0.0 3.308007130690245 1.0
108037 24.647842705806497 -0.0637988419812046 -0.0637988419812046 6.62098965956986 0.6658528369565014 8.66536291660992 0.5923215601382039 0.0 2.1951568257663494 0.0
108082 23.78728960013036 -0.0631657567679677 -0.0631657567679677 4.198939649304502 0.6263172272420003 6.076867710537068 0.5791691556024462 0.0 0.9462795260147729 0.0
108196 24.95612548599103 -0.0630440051686243 -0.0630440051686243 8.677739464398897 0.5563046078420845 10.895072404807292 0.4890885124885361 0.0 1.4630784269312016 0.0
108363 24.86540931206254 -0.061320216283836 -0.061320216283836 8.164793859111189 0.625816426191487 8.465139702355616 0.568544041069365 0.0 1.134781601996703 0.0
108389 24.014097784171387 -0.0612034125780092 -0.0612034125780092 2.9235797982358167 0.64760493620357 4.5643646232597455 0.5897017302649898 0.0 3.3080071306902457 1.0
108872 24.020634655911515 -0.0586586988124254 -0.0586586988124254 5.902234146109895 0.6741110256921252 10.353712230761507 0.6132178019884464 0.0 3.3080071306902457 1.0
108952 24.83716521702484 -0.0573272536600296 -0.0573272536600296 2.6931286097403375 0.6287244338220297 4.344201107751894 0.5586108703379835 0.0 1.8128208929517422 0.0
109142 23.810606116470726 -0.0560403924823531 -0.0560403924823531 3.1981036312101314 0.6621080108683496 5.3930204715188745 0.5853347033425592 0.0 0.9462795260147729 0.0
109184 24.899894315894976 -0.0557598741248084 -0.0557598741248084 2.6089070267446663 0.570002931492828 5.077430799487725 0.5184624597374827 0.0 1.5029851556471145 0.0
109208 24.47928728820995 -0.0556167805206542 -0.0556167805206542 2.203010312748395 0.5965892704195461 4.423262501723406 0.5549003266908215 0.0 4.526629273497963 0.0
109262 23.53927366748095 -0.0552658899808376 -0.0552658899808376 2.85216984334434 0.6216172233618991 5.042753005591748 0.5685309075410572 0.0 0.4946567485067064 0.0
109671 23.57538252829924 -0.0531311288737446 -0.0531311288737446 7.094567178978676 0.6537617191128621 13.770889423390022 0.5971372901924689 0.0 1.4980337161175123 0.0
109699 24.03477934002062 -0.0522240555411773 -0.0522240555411773 1.9361459019791663 0.6404423946208335 3.9610252689680645 0.5906501512729284 0.0 3.3080071306902457 0.0
109929 24.13003540156369 -0.0508041507965451 -0.0508041507965451 2.7812320516715374 0.6354710223341377 4.446417427170414 0.5680993423760639 0.0 3.900483896758492 0.0
109930 24.0424522697848 -0.0508315614329903 -0.0508315614329903 2.843137838671005 0.631743462134136 5.480897681986969 0.5970441451495485 0.0 3.308007130690246 0.0
109956 24.47159350696459 -0.0505936304033923 -0.0505936304033923 4.392965512078575 0.609631736277303 5.20742285739622 0.5562393027778116 0.0 4.526629273497962 0.0
110100 23.853228254563938 -0.0494713184383997 -0.0494713184383997 4.488776712749439 0.6258355547425974 5.439126623964038 0.5730858855543792 0.0 1.8545804063746172 0.0
110121 24.63680923522928 -0.0493368181855248 -0.0493368181855248 3.7901449321550533 0.6358385591436598 6.457381949677261 0.6179125490701816 0.0 2.1951568257663494 0.0
110165 24.741393860251463 -0.0490124609693848 -0.0490124609693848 4.135036870697806 0.6355838896460712 4.810967218852047 0.5741130047240994 0.0 3.769227442270812 1.0
110209 24.786146534428536 -0.0491162201566926 -0.0491162201566926 4.94347692263312 0.6563053149755816 8.75189432670671 0.5940946379637919 0.0 1.6630950095273955 0.0
110335 23.895901776348712 -0.0491420218973893 -0.0491420218973893 7.281549350257153 0.6513685004940477 14.861515640482578 0.5936058646946109 0.0 1.7068338163747634 0.0
110351 23.9310406690606 -0.0478721022370501 -0.0478721022370501 2.544337451180178 0.658011359071737 4.00949944807116 0.5896211650820272 0.0 1.6961397139414451 0.0
110408 24.593940997414165 -0.0473600466782693 -0.0473600466782693 3.556306194676727 0.6615432828571745 5.5767224797224335 0.5948234200247944 0.0 2.1996487529482383 0.0
110534 24.73166363719799 -0.0469385104588263 -0.0469385104588263 5.404257106306783 0.6520094963201872 8.942254518722004 0.5847141570060229 0.0 3.7692274422708123 1.0
110719 24.15410922881724 -0.0463489008476274 -0.0463489008476274 11.586926589490407 0.6931446453264096 15.53963189703555 0.6152514902188875 0.0 1.417701227507977 0.0
110727 23.99822506053549 -0.045250611203346 -0.045250611203346 4.297155521752478 0.6670562094445333 8.319008598318117 0.61653950306564 0.0 6.001199399405305 1.0
110922 24.579969095060648 -0.0440927619989427 -0.0440927619989427 5.760656384832682 0.6324661649625049 6.350631859030833 0.590964995424088 0.0 4.334315107785556 0.0
110942 25.221364540548183 -0.043737275481553 -0.043737275481553 2.5424857524488575 0.48944024204943554 5.068769881369127 0.46276981020423213 0.0 0.8777622049826894 0.0
110971 24.46010997055097 -0.043549495108358 -0.043549495108358 3.4497505317532875 0.6197653753450234 5.680946812611155 0.5671993866627829 0.0 4.526629273497962 0.0
111037 24.901105895439617 -0.0431249470532312 -0.0431249470532312 2.212289279257949 0.5414841404124079 4.37122797760816 0.49416211035791924 0.0 1.2127632311317003 0.0
111170 23.970390313664897 -0.0422853084307834 -0.0422853084307834 4.189493346193096 0.6538709985728972 5.554947476068317 0.6014079273179267 0.0 3.6881260808941385 1.0
111296 24.106115928553365 -0.0413469991924202 -0.0413469991924202 2.867682729197257 0.6279809403995609 5.331627149643575 0.577715029374616 0.0 3.900483896758492 0.0
111356 24.318728873504657 -0.0410141340116388 -0.0410141340116388 2.610537129375813 0.6568540451074371 5.103986793726132 0.5783960028173764 0.0 2.350169805726971 0.0
111368 24.77610244928838 -0.0409170408628749 -0.0409170408628749 3.2748918174476906 0.7004918927818683 4.833153095926069 0.5765446388622674 0.0 1.6630950095273955 0.0
111383 24.894904746478502 -0.0407397082196581 -0.0407397082196581 4.072090547728132 0.5610157822244572 4.808270596466258 0.5014604120385733 0.0 1.134781601996703 0.0
111407 24.55700643521853 -0.0409526880542365 -0.0409526880542365 6.6980350569461224 0.6814963658237564 8.625764041161037 0.585012700130871 0.0 1.9097117675143773 0.0
111466 23.92974628703632 -0.0410777812727862 -0.0410777812727862 4.986471973990307 0.6803710732576153 5.992490070322681 0.5974485805653804 0.0 1.6961397139414451 0.0
111473 24.575853407069733 -0.0401853352944869 -0.0401853352944869 4.121779784215831 0.7202616495012485 6.900730464764252 0.5878466837715515 0.0 4.334315107785556 0.0
111507 24.74991204750765 -0.0399720065947514 -0.0399720065947514 3.9703010937316314 0.6044363418665417 5.339990889494189 0.5650779613128423 0.0 4.590364866430141 0.0
111561 24.079887102552664 -0.039599967437671 -0.039599967437671 2.972018568316513 0.638975756374955 5.985959358991578 0.6020869049794246 0.0 2.260805980021976 0.0
111676 24.572159466992527 -0.0393653436408608 -0.0393653436408608 10.48361531545372 0.7019246363368948 12.683527274362204 0.5941025180807766 0.0 14.343423058083733 0.0
111761 24.50411642833955 -0.0387211658892545 -0.0387211658892545 4.885694033441655 0.610416929484239 9.255507324034932 0.556773502603728 0.0 4.296205076305561 0.0
111781 24.60729656779926 -0.0392228360623483 -0.0392228360623483 7.73540417295007 0.6929993849479974 13.369333082979319 0.6253051803865053 0.0 2.1996487529482383 0.0
111808 25.17844945760529 -0.0381543830234829 -0.0381543830234829 2.485112964116809 0.525468006901292 3.6920750736394403 0.4566105717081101 0.0 0.8777622049826894 0.0
111881 25.29987901375538 -0.0378588232693712 -0.0378588232693712 4.453490347204499 0.5239116470107409 4.929668305218264 0.47311758839787993 0.0 0.8207152865724936 0.0
111896 24.487765174421284 -0.0381339399898206 -0.0381339399898206 6.402104989190962 0.6454166402342959 8.146848643815664 0.5706980040918878 0.0 4.526629273497962 0.0
111961 24.89166351430147 -0.0376713912889417 -0.0376713912889417 3.5739823786580724 0.5735039633940845 4.044933192405325 0.5267693648881446 0.0 1.134781601996703 0.0
112048 24.8886441199006 -0.036554382255921 -0.036554382255921 4.676615396089716 0.5789009847219492 6.21196999855812 0.5270734704485113 0.0 1.134781601996703 0.0
112274 23.97478115915713 -0.0350243214396244 -0.0350243214396244 6.838249892761195 0.6207098091172534 8.062672641888826 0.5936047058538778 0.0 3.6881260808941385 1.0
112312 23.549034460552445 -0.035591091543328 -0.035591091543328 6.572756648099318 0.6493574084334716 11.495203057869261 0.5918605990466159 0.0 0.4946567485067064 0.0
112369 24.274276384825143 -0.0346535436413183 -0.0346535436413183 4.745693840682358 0.6705906121240252 6.801043122105474 0.5828841672244345 0.0 1.4494860128481983 0.0
112396 24.015041215771404 -0.0366157726087358 -0.0366157726087358 5.719173363111952 0.6492619579522099 9.076624676919936 0.590386862658381 0.0 10.829115382002525 1.0
112431 24.134345588403622 -0.0342235376714216 -0.0342235376714216 6.71843374408963 0.6210517958444298 7.707363446212475 0.5628067751121683 0.0 3.9004838967584914 0.0
112441 24.610819517743305 -0.0336897370076215 -0.0336897370076215 3.3125345182351666 0.6714382654464612 5.4639616109537945 0.5859830103526559 0.0 2.1996487529482383 0.0
112566 23.983212717810392 -0.0337322868181945 -0.0337322868181945 7.630697118515999 0.6872358077797466 12.069914668212018 0.6212912136074082 0.0 7.226860662035861 1.0
112750 24.627544668554123 -0.0317352503125916 -0.0317352503125916 2.8921018211239327 0.6514082085811685 5.594305183884646 0.5951955366601825 0.0 2.1996487529482383 0.0
113210 25.03289927880512 -0.0288464688385351 -0.0288464688385351 2.0059664424252337 0.44089480202943404 3.1646305166361928 0.41591664327053357 0.0 0.7695266738904075 0.0
113224 25.31895954760686 -0.0291214752479021 -0.0291214752479021 2.5926763034376705 0.535089695314458 3.246994477936796 0.48570942304304054 0.0 0.8207152865724935 0.0
113365 24.743166141307096 -0.0286086386363183 -0.0286086386363183 6.056626368213093 0.6630516537186271 8.110799040011926 0.586830380448673 0.0 4.590364866430141 0.0
113422 24.34406299809816 -0.0275486653011524 -0.0275486653011524 2.4257405317198546 0.6258600303532963 4.4654502273699075 0.5626800494400059 0.0 1.816478793237318 0.0
113746 24.13181080188388 -0.0257611285786794 -0.0257611285786794 3.1024446764595734 0.6301800296614319 5.900509662339045 0.575345315959617 0.0 4.628242154328941 0.0
114062 23.84028123065076 -0.0242857453129092 -0.0242857453129092 9.525287120568334 0.6852399879264222 12.799698482648106 0.5802965016195665 0.0 1.8545804063746172 0.0
114224 24.679225850508715 -0.0234699113418514 -0.0234699113418514 4.295861482933913 0.6431473977656151 5.871887970113949 0.5871921190214964 0.0 1.4841977148562822 0.0
114363 25.203337365979667 -0.0217561837303109 -0.0217561837303109 6.452857835455462 0.4901763167659114 7.911142627636161 0.4331424502389853 0.0 0.8777622049826894 0.0
114392 24.812597566269783 -0.0213257520728305 -0.0213257520728305 3.64118638548901 0.6182976902450009 5.210255579188103 0.5569937080950224 0.0 1.6630950095273955 0.0
114409 23.6918021224229 -0.0214760646465531 -0.0214760646465531 4.465331253054648 0.6621028076851567 6.664733064520429 0.5757456439288507 0.0 0.8693147412570699 0.0
114560 24.641265180227748 -0.0203108826567071 -0.0203108826567071 3.0524034871652415 0.740173233804586 5.28705169704668 0.5917568441729841 0.0 1.484197714856282 0.0
114579 23.83539165373533 -0.0204746895230061 -0.0204746895230061 7.205741272883577 0.6047646649958223 7.744589273360249 0.5622633174363957 0.0 1.3278024485589461 0.0
114581 24.438593487279466 -0.0202829589949099 -0.0202829589949099 6.003852117429921 0.6328451007441384 8.325772751676887 0.5545117287650078 0.0 2.380132436090046 0.0
114609 24.58862047729303 -0.020469649733645 -0.020469649733645 7.612689763605166 0.7404231914242817 10.164469418733026 0.560820071435448 0.0 2.4600892726440917 0.0
114772 24.477983569974548 -0.0204219372558871 -0.0204219372558871 6.54629979912363 0.6361067234652851 13.229251127568306 0.5671637458722377 0.0 4.861625564278552 0.0
114888 24.28645971742332 -0.0189903451524599 -0.0189903451524599 7.733785272446011 0.6834075064682176 11.416446181490375 0.6174101014803506 0.0 2.3501698057269715 0.0
115033 24.11783283707429 -0.0173050335380906 -0.0173050335380906 2.546789043130971 0.6338788497669309 4.809325141533326 0.5645924843017462 0.0 4.628242154328942 0.0
115035 24.80657813445784 -0.0173109624289764 -0.0173109624289764 3.179185813763372 0.5940708361232475 4.381690893066639 0.5554796182972613 0.0 1.6630950095273958 0.0
115071 24.510347505658203 -0.0176152385103321 -0.0176152385103321 5.019449877290992 0.6166276272048057 7.917342168037776 0.5644614451668555 0.0 2.7941779571425815 0.0
115339 25.006565795096723 -0.0158611939309511 -0.0158611939309511 4.317705244471524 0.4820392898580123 5.7344463689331295 0.4233914106428138 0.0 0.9338726859495368 0.0
115371 24.4492527367686 -0.0156865500647453 -0.0156865500647453 3.787469168902457 0.6214436396673538 5.619404129041373 0.5597995962859306 0.0 8.215077714783675 0.0
115447 24.889304411902703 -0.0149904541891201 -0.0149904541891201 4.56942772718249 0.5393433702491122 6.208247802123586 0.48797894823866395 0.0 1.134781601996703 0.0
115526 25.2629914125708 -0.0144628225238432 -0.0144628225238432 3.1156358892838796 0.4943257831258004 3.68111102394396 0.4524394918776288 0.0 2.5242018579994037 0.0
116352 25.03795906269869 -0.0092846435863202 -0.0092846435863202 5.2380042136809335 0.4751041158558957 6.759824959872286 0.41901985136551606 0.0 0.7695266738904076 0.0
116397 24.678561632955848 -0.0085069662820874 -0.0085069662820874 4.52447333366589 0.6252326889913334 7.285196479564201 0.582979192164544 0.0 1.484197714856282 0.0
116541 24.91089839032014 -0.007567353901213 -0.007567353901213 3.7078559092218537 0.5045815696281094 4.226399539314682 0.47223339291856836 0.0 1.210269680035154 0.0
116565 24.90563411565265 -0.0074171602795151 -0.0074171602795151 3.6390369934493787 0.5445591851688575 4.7202184010474735 0.4778902095768756 0.0 1.134781601996703 0.0
116580 24.81044131655465 -0.0073590534696887 -0.0073590534696887 3.795071743531584 0.6185502496682512 4.725404213327839 0.5732211480199416 0.0 1.6630950095273958 0.0
116728 23.962232895026133 -0.0063224343851909 -0.0063224343851909 2.5291683547447312 0.7232814749709654 4.390107810830892 0.5682196944241944 0.0 1.0908125268233395 0.0
116921 24.13675696957294 -0.005132912917434 -0.005132912917434 5.794728813205727 0.6284271692836028 6.995336162048555 0.5673951406146102 0.0 2.305801490493619 0.0
116956 24.716067825589548 -0.0065493929502353 -0.0065493929502353 4.657658641594325 0.649741201208164 8.586990517834241 0.5808448135504096 0.0 2.5787670293052987 0.0
117148 24.141525717844345 -0.0034485841710518 -0.0034485841710518 3.6516113424754786 0.6227244793690669 4.202081137771699 0.5652803850368886 0.0 2.3058014904936193 0.0
117752 25.25728493234235 -0.0006503823541513 -0.0006503823541513 7.106133697095256 0.48691594752554207 10.596313478062694 0.4613904807077158 0.0 2.5242018579994037 0.0
117759 25.11167758124207 0.0004856621252172 0.0004856621252172 3.2101837089115723 0.44830505190916575 4.162238261968469 0.40390395859572326 0.0 0.9754083388417492 0.0
117772 24.06453804731327 -0.0001021247771533 -0.0001021247771533 9.102623912566155 0.6687918666546099 15.579185706455926 0.5857858786679572 0.0 2.2608059800219764 0.0
117873 24.93179344977752 0.0011342473604126 0.0011342473604126 2.7448480579362777 0.5044709393897903 3.235895616436039 0.45425363129319085 0.0 3.04186073305819 0.0
117927 23.59099389017714 0.0012274118359091 0.0012274118359091 7.7971721866623875 0.6258848334294403 8.872015121730984 0.5700443149103865 0.0 2.3178755282976526 0.0
117974 24.795609045093386 0.0018734952513545 0.0018734952513545 2.6648207058337334 0.6059595116793124 5.117687638952814 0.5631104042602336 0.0 1.4422564703853922 0.0
118097 24.570423349160908 0.0026734910127114 0.0026734910127114 3.8946772591586 0.6010300606443698 6.2256750928674895 0.569260526542589 0.0 1.7844358551118014 0.0
118201 24.38100771141014 0.0033098004678361 0.0033098004678361 2.6257959715880306 0.6223045801582258 5.290194859394936 0.5517942086179982 0.0 1.9476213944783347 0.0
118217 24.361754596042463 0.0031276183895984 0.0031276183895984 4.545013270618747 0.6309210141547759 5.186568102044221 0.5703026076337735 0.0 1.8164787932373179 0.0
118447 24.792388161284688 0.0047589682649563 0.0047589682649563 2.5917700899844314 0.586360923813071 5.204414249333079 0.5560487764852912 0.0 1.4422564703853922 0.0
118638 24.07198482055188 0.0052340510154638 0.0052340510154638 7.846300080699001 0.667374381678066 13.264262281315153 0.5981879982091105 0.0 4.552049938007561 0.0
118761 24.358496892145496 0.0066628045275266 0.0066628045275266 3.324878360963456 0.6425638621427163 5.889276504073337 0.570783951446255 0.0 1.816478793237318 0.0
118928 25.15220405088449 0.0077167251144655 0.0077167251144655 1.8448602190149899 0.4629700003922144 3.1326535942086937 0.41340033650280467 0.0 1.1106787146703787 0.0
118977 24.320013620907893 0.0080435487450404 0.0080435487450404 3.190821733563854 0.6395629644809783 5.863001850612896 0.5833829322759361 0.0 5.227007815291931 1.0
118995 24.25724260332595 0.0074597937260359 0.0074597937260359 8.186357902247858 0.6636439147658968 10.375044428495519 0.5981131113457396 0.0 4.3356381243919735 1.0
119050 24.44849673193314 0.0080110640471624 0.0080110640471624 9.916119935115702 0.6387355249239258 12.317448199193198 0.563324841299879 0.0 2.2159404646712932 0.0
119223 24.98615625804813 0.0091969599199652 0.0091969599199652 5.847563259326976 0.48522072629561885 7.620301415820035 0.4285515867909633 0.0 2.56829473861533 0.0
119283 24.571377977614087 0.0101341801121614 0.0101341801121614 4.3557741282525875 0.6158225628946173 5.027083933760033 0.5731528021687083 0.0 1.7844358551118014 0.0
119330 24.289616688593867 0.0100895037034467 0.0100895037034467 3.126964330009861 0.6412304933495777 5.945473584101673 0.5809569120773193 0.0 5.288193965831588 1.0
119409 25.347728834205736 0.0109352844372116 0.0109352844372116 3.734999693232075 0.5380405281280177 4.875591131170908 0.4709499381786991 0.0 2.3930096127845575 0.0
119590 25.27361908866394 0.0123605425770967 0.0123605425770967 2.706895380128721 0.492806515099019 4.604585409902028 0.465276871998113 0.0 3.143281313152473 0.0
119703 23.94700487075921 0.0130840290106236 0.0130840290106236 2.837062938028232 0.6014833458481268 5.473368049943983 0.5587458109033422 0.0 1.0908125268233395 0.0
119724 23.962716348397468 0.0123764140466032 0.0123764140466032 9.990611891316744 0.6558786293773707 14.361208043205233 0.5860821298633554 0.0 1.0908125268233395 0.0
119762 24.25493837679804 0.0135686324602135 0.0135686324602135 2.516375911892673 0.6067893916822134 4.94747608200285 0.575105229911747 0.0 7.3367035633542255 1.0
119776 24.98474704357149 0.0129399735774395 0.0129399735774395 3.4306822581513545 0.5231516933485444 4.91399846082606 0.4310893964922943 0.0 3.04186073305819 0.0
119832 23.564693551172795 0.01350748858616 0.01350748858616 4.5956449536466035 0.6532376889169548 6.437764964988233 0.5581418617413049 0.0 1.3907914211242034 0.0
119838 25.28324949330295 0.0130900329210827 0.0130900329210827 3.9676865430217565 0.5053223996302405 5.230338417851814 0.45979538794271513 0.0 3.143281313152473 0.0
119844 24.28296985527196 0.0141091365071749 0.0141091365071749 2.8392696283041086 0.6330687721188281 5.782330311822862 0.5812355488935754 0.0 5.288193965831588 1.0
119887 24.38758322011069 0.0143372133999839 0.0143372133999839 4.338482872534735 0.6485909279392064 6.8441437567294505 0.5597523928400713 0.0 1.9476213944783347 0.0
120435 23.624930430244685 0.0183714578522982 0.0183714578522982 2.8083969523351175 0.6273559211956923 4.115143875898183 0.5778603093745153 0.0 2.0194948349108315 0.0
120491 23.991712862584844 0.0186686703948478 0.0186686703948478 2.242889241374431 0.6296958707962639 3.8841959310084735 0.5995907620404506 0.0 1.0908125268233395 0.0
120526 24.25559747615847 0.0176318343551554 0.0176318343551554 17.6488308334421 0.683209145841225 23.70156349679217 0.608929704995944 0.0 7.336703563354226 1.0
120546 24.49709928152059 0.0189636017762802 0.0189636017762802 4.665719022693045 0.6273329023859628 5.380574522045996 0.5680443746972932 0.0 1.4330283155728274 0.0
120579 23.599834605831845 0.0185967137925032 0.0185967137925032 3.952802135126394 0.66741828987677 5.808104346086627 0.5782082191145909 0.0 2.0194948349108315 0.0
120777 24.19351329230149 0.020390809945457 0.020390809945457 2.948671532827983 0.6309100095165947 4.576508887861789 0.5716943238501252 0.0 1.759829631561523 0.0
120826 24.22662390099562 0.020131322207801 0.020131322207801 3.519913831536172 0.6313467450096389 5.4687813583226 0.5802043609052814 0.0 1.759829631561523 0.0
120928 24.998974987843404 0.0202078578879111 0.0202078578879111 4.182722445806058 0.49999067257284957 8.5773394346893 0.4461496906589173 0.0 3.859583982053776 0.0
121137 24.08829026408428 0.0228085225492309 0.0228085225492309 4.558579046519988 0.6975306319496626 6.932985251447517 0.5749494945932341 0.0 2.433961028470738 0.0
121417 24.342395992670053 0.0242109214920012 0.0242109214920012 7.3574858658119755 0.6825758750437941 9.04716153756257 0.5812242308824159 0.0 5.227007815291932 1.0
121434 25.238690442577195 0.0241403126539491 0.0241403126539491 4.302243862651187 0.4930342866257124 5.825300254964167 0.45519109481819797 0.0 3.34335821979885 0.0
121445 24.291765684984448 0.0250377505662033 0.0250377505662033 2.5124764128259836 0.612844081571393 4.449683812916617 0.5777439488889096 0.0 5.779328959118328 1.0
121465 23.97278812108077 0.0252666486301504 0.0252666486301504 2.3657165733107672 0.6070648255735962 4.776915327711995 0.5604621570370437 0.0 1.0908125268233395 0.0
121487 25.31489323334672 0.0254033881240907 0.0254033881240907 2.6658446060014174 0.5093646369431138 4.617377466473843 0.48346449102297395 0.0 2.1023167215428327 0.0
121736 24.15209198404131 0.0271768143875531 0.0271768143875531 2.1608870959027 0.6576659279393579 4.206525163222836 0.5729740316716243 0.0 2.179477816141324 0.0
121825 24.758879691692496 0.0277824423565715 0.0277824423565715 2.5796359974288223 0.6321303985226043 4.754631721736154 0.5710426433258946 0.0 1.4422564703853922 0.0
122003 25.269550796973263 0.0284848548218283 0.0284848548218283 7.38965785976287 0.5710068046576652 9.45661202980684 0.5003582772454008 0.0 9.68832953457754 0.0
122265 24.8775952689784 0.0309093041149078 0.0309093041149078 3.212164412368497 0.576602335831179 4.171817110707718 0.5209249834191904 0.0 0.8354945923461102 0.0
122392 24.757781699584644 0.0306109993150806 0.0306109993150806 18.634552349375557 0.6686969144608331 21.75237793260456 0.5949944649169914 0.0 1.4422564703853922 0.0
122483 24.56813563734189 0.0317293700926697 0.0317293700926697 5.0485157917970875 0.832440290976051 7.801108124832126 0.6149747590518369 0.0 1.7844358551118014 0.0
122555 24.351909675386988 0.0324551644397072 0.0324551644397072 9.07760054957724 0.7992507069796351 12.268278586890196 0.5938159625195114 0.0 4.368543358202464 0.0
122570 24.928619460068003 0.0330819359722414 0.0330819359722414 2.9008954908865054 0.5170141458227026 4.66503440533998 0.4782703093373136 0.0 2.8273206757252756 0.0
122620 24.70806889528535 0.0334251595962665 0.0334251595962665 4.329727212748207 0.6069640735670702 5.020032902939794 0.5757348023299927 0.0 2.578767029305298 0.0
122701 24.991922657401243 0.0332410929949297 0.0332410929949297 4.453003247816378 0.47455040558051226 7.880044879044798 0.4302625636292683 0.0 2.220118140335264 0.0
122874 25.269988455682697 0.0349083474317801 0.0349083474317801 4.112896754956732 0.5352644696363691 5.77488192739127 0.4856904438070349 0.0 5.146808728745412 0.0
122916 23.83901928090747 0.0353954484915306 0.0353954484915306 2.361586207418041 0.6164190961962189 4.24959978831036 0.5567888508054367 0.0 1.086235651578588 0.0
122917 25.181888010824423 0.0346820667955635 0.0346820667955635 6.685465497795052 0.5154143386856925 9.999296758810495 0.4497799523952957 0.0 1.1106787146703787 0.0
123158 25.21021473268557 0.0369481848921948 0.0369481848921948 2.8251286811190326 0.46528288123716965 4.7038617503808196 0.4323567819739987 0.0 1.1201588174505956 0.0
123275 23.82801213368418 0.0377523901674535 0.0377523901674535 2.166272615069394 0.5928209381771606 4.207552411152638 0.5578999215482618 0.0 1.086235651578588 0.0
123497 24.23395251469181 0.0385828748091179 0.0385828748091179 4.813733886722146 0.6489677003552411 5.755011929142194 0.5833422054621737 0.0 3.788702905587115 0.0
123641 24.31585425503845 0.040144683595321 0.040144683595321 4.161764939909062 0.6914482040431089 6.791603720534435 0.5915001738266232 0.0 6.090249980126746 1.0
123731 25.235449335525683 0.0411569536322547 0.0411569536322547 2.639440355518998 0.5049442047038611 3.3513176985680695 0.4450467318012236 0.0 3.3433582197988496 0.0
123805 25.04000362434996 0.0416842701354473 0.0416842701354473 2.5026122317462423 0.4396525978796737 4.004191699993661 0.4132324333565948 0.0 3.8595839820537763 0.0
123834 25.25031063873239 0.0418393990977053 0.0418393990977053 3.5026334560452024 0.5370920783593628 4.3123631174522785 0.4833280697166785 0.0 2.8954108268228436 0.0
123945 24.948162755200062 0.042658375314507 0.042658375314507 1.7380982180610276 0.5213379040137579 3.3096542839732295 0.4639372778627319 0.0 2.8273206757252756 0.0
124000 24.15386287581406 0.0423193763064744 0.0423193763064744 5.451796615978638 0.650864985154327 7.400445121866521 0.5845150424160699 0.0 2.1794778161413237 0.0
124048 25.273108127428543 0.0422803169825662 0.0422803169825662 4.500421336731425 0.5537088728801622 8.160231966681492 0.4942481220923273 0.0 2.7677335874874354 0.0
124271 24.828180008266106 0.0448878731972255 0.0448878731972255 2.9765805380022576 0.5816334996795962 5.180778662502021 0.5407054676596429 0.0 0.8354945923461102 0.0
124331 25.117390206370665 0.0447138215675558 0.0447138215675558 3.5658294963168395 0.4770231774439824 4.967248222590024 0.41644920784341555 0.0 0.9754083388417492 0.0
124472 25.07208340532729 0.0461905445478001 0.0461905445478001 1.9162194295583663 0.5015302285964909 3.4269936037180386 0.41160936102589524 0.0 0.9754083388417492 0.0
124491 25.206759184785696 0.0462611558796714 0.0462611558796714 2.699368967087772 0.4792670970739858 3.998936614789475 0.4234537691502596 0.0 1.1201588174505956 0.0
124666 23.568523958107573 0.0474671004182611 0.0474671004182611 3.9703874144902356 0.6286407824171888 6.031388104648237 0.5670405997303398 0.0 3.9329489053190274 1.0
124694 24.12967450598116 0.0476602107128154 0.0476602107128154 3.872423989057949 0.6075075607769997 5.414265627437828 0.5629522096241651 0.0 3.856637197969872 0.0
124781 24.01382370404594 0.0479449641790336 0.0479449641790336 10.394583899615515 0.6388377498717128 11.543516930670952 0.5930162722816549 0.0 3.6435163173018914 0.0
124880 24.011275835320664 0.048260589336951 0.048260589336951 7.4114132918846085 0.6603990878247576 13.627028359588472 0.6055255459625903 0.0 4.289433937139341 0.0
125115 23.571928445973235 0.050419650902753 0.050419650902753 4.920746261654487 0.624592843030137 8.386419651360026 0.5647708813945942 0.0 19.13262738728804 1.0
125193 23.692777548798947 0.0511572543796108 0.0511572543796108 2.9018759989067413 0.6431516051651056 5.580429353707274 0.561601323229641 0.0 1.3250795505075847 0.0
125272 25.21081096435568 0.0505086875950657 0.0505086875950657 13.843210742137996 0.508982431206384 16.35299516794112 0.4440998301622462 0.0 1.1201588174505954 0.0
125416 24.46430504648045 0.0526940026294898 0.0526940026294898 3.0825881078869926 0.5965145066984936 3.7608419703390092 0.5533770949272776 0.0 1.952263121399266 0.0
125457 25.09895057491946 0.0525353434933805 0.0525353434933805 3.5715452078364014 0.4614095266468106 5.211814348734126 0.4108367490331676 0.0 0.9754083388417492 0.0
125608 24.955629180599527 0.0541295787792155 0.0541295787792155 3.1331948500870737 0.5257569723125236 3.81469381424383 0.46985249025249143 0.0 2.827320675725275 0.0
125629 24.81845495708957 0.0543762889768212 0.0543762889768212 4.671441120712647 0.6250107563722015 5.681732377868076 0.5614478283365453 0.0 0.8354945923461102 0.0
125742 23.593071205532624 0.0550919610096165 0.0550919610096165 3.994462137579075 0.6691082758350114 5.2550684653751905 0.5867027792079569 0.0 5.549781763720503 1.0
125747 25.3084352738417 0.0547326823853696 0.0547326823853696 3.8226943219046747 0.5791119326238005 4.539801963842253 0.503233026327868 0.0 2.1023167215428327 0.0
125852 23.58371736368461 0.0554909579824148 0.0554909579824148 6.721610255298981 0.6526169300363646 9.660150429878216 0.573222783272976 0.0 5.549781763720503 1.0
125865 24.647426221229843 0.0555916829172464 0.0555916829172464 6.453388584511195 0.6590522049808907 9.001987479347017 0.5738367113413257 0.0 1.422244669922346 0.0
125890 24.182591858640546 0.0559639861925704 0.0559639861925704 3.097732314998696 0.6136509451038291 5.87512126451922 0.5663081222549998 0.0 2.467296310654151 0.0
125960 25.020547748823944 0.0564203430084151 0.0564203430084151 1.783429028799736 0.4763607982647399 3.271301806112774 0.4227781521268876 0.0 2.2201181403352637 0.0
125976 24.01148513602105 0.0560733591819177 0.0560733591819177 5.623720682011877 0.6489327889510512 10.349812602934737 0.6059802621902282 0.0 2.0597617672389577 0.0
126248 24.925989319778857 0.0584156105400383 0.0584156105400383 3.6258214449696786 0.5310040818756145 6.004736699189476 0.4896270386531892 0.0 2.8273206757252756 0.0
126403 24.31177708509908 0.0590902176599933 0.0590902176599933 4.505200653434657 0.6521750444940674 7.877370532153098 0.5733619471690063 0.0 2.775817195147383 0.0
126533 24.027638292349906 0.0605880419641488 0.0605880419641488 4.638387377723989 0.6595945856751082 5.465735667356001 0.5936066372550994 0.0 2.0597617672389577 0.0
126585 24.08189788596149 0.0609018591805718 0.0609018591805718 3.273822413467223 0.6359773305186128 5.365605132496876 0.5857040516361962 0.0 3.8659893308393016 0.0
126830 24.563748275502235 0.0606095050181291 0.0606095050181291 10.168536434665679 0.6810675198515153 14.049183737829413 0.6168958594670587 0.0 3.600453070109935 0.0
127090 24.266019339538897 0.0636338318683329 0.0636338318683329 4.657791393238299 0.6480930066514705 7.62368355687946 0.5815053141402196 0.0 3.198853424766937 0.0
127268 24.79644142561433 0.0655047103623354 0.0655047103623354 4.722095813167059 0.5913297209813065 5.509961021291436 0.5495294475453885 0.0 1.7449749332379 0.0
127323 24.4022757291666 0.0658886395734562 0.0658886395734562 2.3173971638255746 0.6075415450657934 4.762992500104895 0.5542124130796711 0.0 2.2882263371442693 0.0
127437 24.84993622992756 0.0662967471042715 0.0662967471042715 2.8307918070213307 0.5848966605242686 4.858921335986169 0.5283513112488293 0.0 0.8354945923461101 0.0
127465 24.480221776123702 0.0668009282182203 0.0668009282182203 3.544831611258301 0.6830494940763924 6.002339443993056 0.5618530491888741 0.0 1.644381758873479 0.0
127603 24.338668573541668 0.0676151379139972 0.0676151379139972 2.679809538155151 0.6051502130836388 5.2219825323661695 0.569150977465292 0.0 2.238019640086516 0.0
127674 24.126312778344843 0.0673618342080771 0.0673618342080771 5.6385090348864795 0.6251469108819632 7.291558000148281 0.5708602160424974 0.0 3.8566371979698726 0.0
127806 24.91404791267276 0.0687885331474863 0.0687885331474863 6.299643381817279 0.5556626618778869 8.191225805887125 0.49521114449350206 0.0 1.8618792138005817 1.0
127926 24.933468818541645 0.0692106217333637 0.0692106217333637 5.140535214085403 0.5685712958046207 6.739673492085162 0.4903557949621753 0.0 2.827320675725276 1.0
127958 24.24796234258209 0.0699135713057942 0.0699135713057942 5.679872696011706 0.6823472918646328 6.579704542094317 0.6186148323064218 0.0 4.203788044295556 0.0
128178 23.845166732823504 0.0707011604421898 0.0707011604421898 9.375967401873824 0.6254459865014772 14.395333327591713 0.5477963754771068 0.0 1.086235651578588 0.0
128303 24.5136320683736 0.0724802813927007 0.0724802813927007 3.511174498527971 0.6141061130135484 5.4574760944112795 0.5482465207218531 0.0 1.534255868647614 0.0
128417 24.655014805315503 0.0730849305054351 0.0730849305054351 3.4181689027758373 0.6549173299654216 6.08320463794559 0.5592225451049079 0.0 1.4790156261175078 0.0
128444 24.58587699263526 0.0724875705685885 0.0724875705685885 13.572748903453158 0.6879647866320038 22.893086670977596 0.5994128156078878 0.0 1.9503052262411262 0.0
128480 23.577881875276248 0.0732631619132876 0.0732631619132876 4.59187660959888 0.6580241769918603 6.07326320081698 0.5837245971520616 0.0 6.238689692541785 1.0
128499 23.670648869557912 0.0732530406891633 0.0732530406891633 4.389574100293285 0.6823407571822862 7.768474268469074 0.5906041581718348 0.0 2.0662356640660446 0.0
128503 25.08431151383678 0.0734462889562736 0.0734462889562736 4.83931220566211 0.4560945476398527 6.336130126097537 0.41470964626702883 0.0 1.2865737068269874 0.0
128505 25.279351322471715 0.0737775778847701 0.0737775778847701 2.7923069637971456 0.5609108417767183 5.606333693173466 0.5112536720654521 0.0 2.767733587487436 0.0
128569 24.170061861495427 0.0736383640265459 0.0736383640265459 6.353691327326148 0.6327447471686566 7.711997907824076 0.5720732518938221 0.0 2.4672963106541506 0.0
128643 23.69864226464319 0.0743294010867677 0.0743294010867677 3.0666274846028525 0.6247803281686639 5.110210798543223 0.5686309154963187 0.0 1.325079550507585 0.0
128991 24.088380491987024 0.0767282598998976 0.0767282598998976 2.37411842614549 0.6075362854423433 4.792974928870746 0.5607071488440171 0.0 3.8659893308393016 0.0
129010 24.758391611756647 0.0768542271878038 0.0768542271878038 6.462191653759715 0.6233232915524682 10.968779439551824 0.5498243081319071 0.0 1.7449749332379 0.0
129077 24.133732088188307 0.077593398259976 0.077593398259976 3.841327579571432 0.6075689821069645 4.773412152176007 0.560977609395101 0.0 3.856637197969872 0.0
129284 24.376847241071367 0.0785185576802366 0.0785185576802366 6.333921504420438 0.649099788355157 9.425610851276561 0.5584371858641167 0.0 2.2882263371442693 0.0
129298 24.63778412644601 0.0783852140185129 0.0783852140185129 6.872435256601677 0.6407181377258527 8.259357529104905 0.5745539049949978 0.0 1.4790156261175076 0.0
129357 23.57878538073914 0.079374188786227 0.079374188786227 2.87221881810663 0.6192792615030452 5.226096159448308 0.5709011359963819 0.0 6.238689692541786 1.0
129363 24.7646449366494 0.0794005384042169 0.0794005384042169 2.8036674657834078 0.5822781810214027 3.7832985011042366 0.5411770257059343 0.0 1.7449749332379 0.0
129368 23.63364323853728 0.0786146359410417 0.0786146359410417 3.8089624454983624 0.6350597333108314 6.8818516616221705 0.5939305074879686 0.0 2.7537809873838213 0.0
129422 25.0806745684395 0.079624949630679 0.079624949630679 3.734347703683649 0.45613248410888113 4.690496711446557 0.4213111885189369 0.0 1.2865737068269874 0.0
129495 25.0994032904794 0.0792237869737596 0.0792237869737596 3.2518222084306516 0.47177669054663174 5.385948710325522 0.4221082906791563 0.0 1.2865737068269874 0.0
129574 24.45154320028293 0.0808489838396665 0.0808489838396665 3.2546051000710134 0.6491483949199948 6.43032971408495 0.5414737404376258 0.0 1.952263121399266 0.0
129587 24.065689513509675 0.0802457848112973 0.0802457848112973 7.277707020666627 0.6621344127427389 11.454721403301962 0.5676587768813773 0.0 2.286315589907662 0.0
129683 24.36458221921954 0.0816767509878179 0.0816767509878179 3.3435765137112634 0.6060995387264935 6.912800434799299 0.5748323100431072 0.0 2.2380196400865167 0.0
129832 24.30977909596615 0.082448684376152 0.082448684376152 5.070129896853425 0.6290197235497909 6.219454435812516 0.5721393701956462 0.0 2.7758171951473836 0.0
129854 23.552074537204444 0.0826430189889182 0.0826430189889182 4.137981794024662 0.6636981612792439 6.7951170681168565 0.5711107574089812 0.0 0.0 0.0
129886 24.838026412898586 0.0829558270540481 0.0829558270540481 3.825332796237683 0.5946926171106021 4.850011395870049 0.5510122100153328 0.0 0.8354945923461101 0.0
129908 24.722849436969305 0.0818238845074336 0.0818238845074336 8.470286757851465 0.617027668406068 14.224001300412977 0.567829512749379 0.0 1.6637828635222964 0.0
129994 24.44761279668809 0.0828950268280315 0.0828950268280315 10.597974740633552 0.6199676663540683 12.66168145266329 0.549895203432753 0.0 1.952263121399266 0.0
130147 24.90034476458165 0.0843420085286006 0.0843420085286006 4.896677731925564 0.5771336842692426 5.908018950289162 0.5269953130790717 0.0 13.221393740939362 1.0
130498 24.90297926220146 0.0863997378465614 0.0863997378465614 3.7732980918583237 0.608521920020593 6.452538510453469 0.5372726208801424 0.0 16.34921907538019 1.0
130556 23.726212754865152 0.0874299058898971 0.0874299058898971 2.327962057268562 0.6108806470798906 3.8204004610536577 0.5521581747402307 0.0 1.3250795505075847 0.0
130772 24.436381561254525 0.0888992737600723 0.0888992737600723 3.110911166855183 0.6002596752068029 5.685185594492461 0.5588939493770495 0.0 1.952263121399266 0.0
130800 24.114009281426657 0.0884284214699273 0.0884284214699273 12.386595195653204 0.6469106470773636 16.226648050418287 0.577872026541927 0.0 4.018788790774824 0.0
130853 24.04282699800948 0.0895174634224071 0.0895174634224071 3.4603492890976955 0.6552544764130253 4.674098471273595 0.5850184685825199 0.0 2.2863155899076624 0.0
131107 24.928686808729125 0.0905040883518459 0.0905040883518459 3.81139832871922 0.574977474525231 6.196297450204206 0.5070466424202301 0.0 9.537257795513192 1.0
131208 24.0771904688318 0.0917288804663548 0.0917288804663548 3.622944815990022 0.6580569507748518 5.573675629915101 0.5816920033823128 0.0 2.286315589907662 0.0
131275 23.640694961447053 0.090826853130477 0.090826853130477 5.720926431620883 0.6316274885793287 8.598946792717369 0.5763455242723143 0.0 6.888892876744213 0.0
131525 23.86074924356481 0.0924383543081494 0.0924383543081494 11.19515305378797 0.6446748785810864 21.225510993326697 0.5755471345112805 0.0 2.1478137571313343 0.0
131730 23.8122980207618 0.0954495825594245 0.0954495825594245 5.19499364673393 0.5833557778743367 6.146340598763223 0.539918086885573 0.0 1.0368553029980534 0.0
131858 24.412753663998693 0.0965558679299247 0.0965558679299247 4.84735320836857 0.6424502601952303 5.3236865154206034 0.5794337575698243 0.0 1.4558123600247972 0.0
132013 24.139443667405377 0.096765939026311 0.096765939026311 5.7872873174384925 0.6667429154448404 8.692259610023843 0.5850759213308626 0.0 2.8383843912180797 0.0
132039 25.16436145693959 0.097265595108799 0.097265595108799 3.944135937844455 0.4657902204074229 5.898327693998807 0.4219724487932274 0.0 1.110678714670379 0.0
132089 24.54561207607284 0.0958069296509067 0.0958069296509067 13.135698172709928 0.6679837203495028 19.374614437313326 0.6028404476040896 0.0 1.5342558686476142 0.0
132140 24.21332355759011 0.0984217871855611 0.0984217871855611 5.61101631105553 0.6493430082281478 6.838970305416904 0.5822132628200435 0.0 2.4076028098651214 0.0
132159 23.57356830319318 0.0980381344010535 0.0980381344010535 3.6466903639306376 0.643755967443099 6.78299559404923 0.5848403933898757 0.0 5.473874394558857 0.0
132260 24.12228051033842 0.0994235715569402 0.0994235715569402 3.052253996710679 0.6074705098198985 6.203736692670014 0.5717816746893805 0.0 4.018788790774824 0.0
132299 24.45539787697596 0.0980073654095006 0.0980073654095006 6.386889667886273 0.6464218431295946 7.370988034232982 0.5606894185808015 0.0 4.199129860499914 0.0
132369 24.86966894915596 0.0997859547794877 0.0997859547794877 7.626039686105867 0.6295417152577545 9.173132160607244 0.5707486068038973 0.0 1.9407963544243707 0.0
132439 24.82451651743751 0.1008187007353774 0.1008187007353774 2.9679241264865097 0.6113401639000343 6.0871360695124785 0.5759797297569254 0.0 0.8354945923461103 0.0
132492 23.798035674082584 0.1008843290900401 0.1008843290900401 6.466117484263059 0.6011250028347966 7.133390918737236 0.5493145083414254 0.0 1.0368553029980534 0.0
132789 24.9148138933156 0.1027794926001885 0.1027794926001885 7.654781047950661 0.5944497204350344 9.47250836318231 0.5374001577408177 0.0 10.245602287585777 1.0
132831 24.811482306095925 0.1033407343768462 0.1033407343768462 2.3100405853320565 0.6187246128862127 3.685324053808978 0.571302558426308 0.0 2.0013390232416826 0.0
132918 24.847984741468945 0.1040497347506879 0.1040497347506879 3.069806828533996 0.6291271376207354 5.206874854489573 0.5604247779853989 0.0 1.9407963544243705 0.0
133106 24.99696547152605 0.1053507740405158 0.1053507740405158 3.588957498030816 0.487491951857048 4.4578742416976 0.4456671751296946 0.0 4.2396158579018435 0.0
133157 23.55111169647165 0.1056628365044873 0.1056628365044873 3.3136171329999917 0.6678115816153944 6.505528434373068 0.6055238592055234 0.0 0.0 0.0
133192 24.91589902184163 0.1044911431072033 0.1044911431072033 5.176697869240651 0.5841914121837819 6.744756940100775 0.5309536168749581 0.0 5.133415303975026 1.0
133240 24.98661366862951 0.1058098124725658 0.1058098124725658 6.558855580945982 0.5204260976869947 7.461601653952035 0.47176000647912036 0.0 4.2396158579018435 0.0
133361 23.592880033900222 0.1072681391759886 0.1072681391759886 2.8477419129033836 0.6221088121779772 5.063688493514816 0.5954969640108551 0.0 5.473874394558857 0.0
133373 24.899421460432777 0.1073619633873018 0.1073619633873018 2.890523222525366 0.5595248589997689 4.286070308820354 0.5159329293093889 0.0 15.013214339424193 1.0
133389 25.34139306887869 0.1067055090864452 0.1067055090864452 4.931415837043692 0.5766143713719516 8.340365517987767 0.5215367096901473 0.0 2.7498335797413778 0.0
133734 24.454416966408026 0.1091348108382611 0.1091348108382611 6.9415651794748845 0.6921318713549317 8.620161174976857 0.564707080774236 0.0 4.665023958814823 0.0
133821 23.66542019901006 0.1102877878281073 0.1102877878281073 2.8686372276810395 0.6398374821881733 5.5753540175767915 0.5781413540042943 0.0 2.34682199393196 0.0
133842 24.944110442473846 0.1100671501068412 0.1100671501068412 5.8587831553042955 0.5579997297291326 7.529858660729065 0.4967310284949283 0.0 4.496658459070322 1.0
134035 24.707581945168258 0.1115919768183047 0.1115919768183047 3.972199429364453 0.6187331225583533 4.511178082695773 0.5547839275771914 0.0 3.1661531402679244 0.0
134079 25.20960319501484 0.1118496660099642 0.1118496660099642 1.5203160558795379 0.4660487694380914 2.9967170696199337 0.4312413333884043 0.0 0.9010778844802243 0.0
134182 23.767116197852623 0.1126280914348434 0.1126280914348434 5.25782963518981 0.6183006656667032 5.849224135617589 0.5555670850205898 0.0 1.0368553029980534 0.0
134187 23.83460857097792 0.1126942749790403 0.1126942749790403 2.3024908667163646 0.6206904320489497 4.47834258804517 0.542320943145537 0.0 2.1478137571313343 0.0
134296 25.306150298336068 0.1128721518973112 0.1128721518973112 5.242034082330089 0.5514706518872858 7.764256088200799 0.5111396035092963 0.0 1.9462325301976604 0.0
134386 23.639413662878177 0.1135019918115709 0.1135019918115709 4.89017333915511 0.6579113212001818 6.539683333578281 0.5713410963186857 0.0 2.3468219939319606 0.0
134695 25.10924474583002 0.1162791611954438 0.1162791611954438 2.368836430084281 0.471868036912702 4.053035806810759 0.4304576995327046 0.0 1.2865737068269874 0.0
134768 23.65995300195872 0.1168019723153907 0.1168019723153907 2.2524765882790554 0.6155925323569087 3.29530423041588 0.5616207531259316 0.0 2.34682199393196 0.0
134823 24.245603259826268 0.1160907375174741 0.1160907375174741 6.872456038478824 0.6578955215024299 13.130340208200666 0.6017250891505523 0.0 2.3849432424535206 0.0
134845 23.697875440133533 0.1173491847034336 0.1173491847034336 3.536037426455403 0.611943601044332 4.398196905427774 0.5656710688760218 0.0 2.1979483652781404 0.0
134905 25.34014445878364 0.1176874898963754 0.1176874898963754 2.963636415774252 0.5916588637042093 5.71059111740312 0.5378299975207196 0.0 2.7498335797413778 0.0
134938 24.875295050271568 0.1178896001186444 0.1178896001186444 3.13834144204663 0.5880871747182813 5.603844760799054 0.5598126525581895 0.0 1.9407963544243705 1.0
135021 24.35024487392338 0.1184006674806843 0.1184006674806843 2.8296046390703693 0.59799383237041 5.236715260885585 0.5335596307914328 0.0 1.0109712485226277 0.0
135036 24.315936974335585 0.1185742761437202 0.1185742761437202 2.6093885894492863 0.6479130650874964 5.1807974614739125 0.5645024810048134 0.0 1.0109712485226277 0.0
135093 23.910725600456857 0.1188947192097449 0.1188947192097449 3.3672476383248005 0.5819108310889815 6.814032439122069 0.5535176108041631 0.0 2.544557217108848 0.0
135179 24.730116307545703 0.1187293750743755 0.1187293750743755 13.846700011585186 0.6353147618457883 16.165604183404042 0.5810674268552272 0.0 3.1661531402679235 0.0
135191 24.93629187074473 0.1196496593915943 0.1196496593915943 2.546311214468713 0.5545997873189361 4.659478922865773 0.5086905996361408 0.0 4.496658459070321 1.0
135198 24.53449449583344 0.1197368390231894 0.1197368390231894 3.2301468650795764 0.6547276138121304 4.960741589394153 0.5875596775500012 0.0 1.5342558686476138 0.0
135206 23.77674853843254 0.1198566629860645 0.1198566629860645 4.350591084313972 0.6144197207179244 5.41477938016281 0.5496552847729886 0.0 1.0368553029980534 0.0
135225 25.014187637325136 0.1191699600357747 0.1191699600357747 4.718720663780057 0.5296799682672558 8.944491596377103 0.47901191590242836 0.0 3.1561470223107344 0.0
135252 24.61969724874133 0.1200398731723517 0.1200398731723517 4.971215063179311 0.6903949869080176 6.248423651497444 0.5934023465098722 0.0 1.4790156261175078 0.0
135259 23.62118153002447 0.1201797866967168 0.1201797866967168 3.034459997254808 0.6318209914510374 4.984478252889148 0.5711800689608254 0.0 2.34682199393196 0.0
135405 23.832546928878585 0.120980008930865 0.120980008930865 2.280973254465065 0.6171755747872487 4.557503642319725 0.5354448071439304 0.0 2.036687332357964 0.0
135433 23.709789876216767 0.1207515881357701 0.1207515881357701 3.037909994877158 0.6298439479689115 5.668834609269392 0.557446093765186 0.0 2.197948365278141 0.0
135492 24.15531429820776 0.121674020423496 0.121674020423496 1.9002105083676752 0.5827603190218167 3.812468067475899 0.55002217374907 0.0 2.83838439121808 0.0
135539 24.0310639790364 0.1203513371313476 0.1203513371313476 18.349393577473947 0.6856079524250945 28.835830541352546 0.6160777179095306 0.0 2.446938876691025 0.0
135585 24.937715775322992 0.1221380911840675 0.1221380911840675 2.3902116336854986 0.5524139244707621 4.198810116662564 0.5081918345846392 0.0 4.496658459070322 1.0
135684 23.852599641894805 0.1228374628507175 0.1228374628507175 2.5861340036992373 0.5705894561152424 4.828552884496134 0.5458946663301512 0.0 2.2938667239116843 0.0
135806 24.2525032704512 0.1235419953377654 0.1235419953377654 2.507602586222969 0.6227657875232406 4.588763113573389 0.5589108169477194 0.0 2.3849432424535206 0.0
135819 24.323457830216288 0.1236502293191754 0.1236502293191754 3.1101035836243347 0.6249451063039191 5.927078275065434 0.546633350041417 0.0 1.0109712485226277 0.0
135832 23.5755014510979 0.123547512558628 0.123547512558628 3.9245793416336276 0.6867395821404896 6.677669589903631 0.6194179475624447 0.0 1.7618212212325264 0.0
135894 24.312709454712625 0.1238822944678804 0.1238822944678804 7.0438431749724195 0.6547836627052852 9.505018996147417 0.5680815477328076 0.0 1.0109712485226277 0.0
135942 24.23096176498813 0.1240391356268895 0.1240391356268895 3.670175558986563 0.6343503513370065 5.9103501515638 0.5608884430386974 0.0 4.5214550638999516 0.0
136238 25.26969392569673 0.1260273829941 0.1260273829941 4.675630329962596 0.5212769697156054 6.200721517842718 0.4754968171828981 0.0 0.9010778844802243 0.0
136262 24.753234855524283 0.1267565514743939 0.1267565514743939 3.4181503613241087 0.5967451476468092 6.508188617655808 0.5552216861021024 0.0 3.0663544304937065 0.0
136286 25.00213216996457 0.1257720655565602 0.1257720655565602 7.983908297425216 0.5479805584363894 10.86789037905288 0.48968689921505487 0.0 9.639764250437032 0.0
136652 24.13726211117993 0.1292368007258285 0.1292368007258285 2.568045143656848 0.6290260989009342 5.310771364210924 0.5661815124669108 0.0 2.0183348049286307 0.0
136903 23.74481203604663 0.1308188156039095 0.1308188156039095 4.17166002340835 0.6308565049713933 5.359121804875746 0.5526984005379588 0.0 3.427362405444727 0.0
136909 24.65769656922048 0.130835812047272 0.130835812047272 3.2840002541053743 0.5925571072305681 6.185305459571051 0.561549883577102 0.0 2.6375513206708594 0.0
137109 25.0136349405386 0.1317702279155995 0.1317702279155995 2.687195087666996 0.528507647617952 4.207460605214565 0.4739707913255867 0.0 10.639974912549462 0.0
137157 24.20706327067147 0.1324000451865819 0.1324000451865819 4.740586057011351 0.6375905634869473 6.102859606858646 0.5681887018725896 0.0 1.850474759142975 0.0
137162 24.02231193436266 0.1320108006185096 0.1320108006185096 4.405232613798321 0.6758740558997234 5.861983744648878 0.5658972359590873 0.0 1.9413037825028858 0.0
137187 24.636210437217933 0.1326360197640327 0.1326360197640327 2.6465766898931973 0.6227868036676529 5.175711824536914 0.5560309303380023 0.0 2.637551320670859 0.0
137389 25.05467202683543 0.1333550045069229 0.1333550045069229 4.159943628556963 0.5122310814357502 7.916346852608175 0.4509540898260146 0.0 2.729407793266592 0.0
137397 25.14707574798372 0.1335497490475879 0.1335497490475879 2.762640254751008 0.48709544452193687 3.6736457719416995 0.4180827226167207 0.0 1.120998979296475 0.0
137411 24.87845784008504 0.1339827103968319 0.1339827103968319 2.59396725201428 0.6141093683606741 5.176721046055313 0.5349185003110067 0.0 3.6647292708006782 0.0
137466 23.807352730927192 0.1342986414075741 0.1342986414075741 4.811731409935449 0.58486349129528 6.208421241953299 0.5216730151123694 0.0 2.036687332357964 0.0
137612 24.79665637641071 0.1353048441175361 0.1353048441175361 4.900969962116681 0.6151856566225206 5.577599335877102 0.5714503106197709 0.0 2.0013390232416826 0.0
137616 25.00924565722584 0.1347951390970157 0.1347951390970157 3.0037512328695026 0.5152724612272019 4.728639825414576 0.4674378524450747 0.0 10.639974912549462 0.0
137624 24.13485794417475 0.1353443680706444 0.1353443680706444 1.8222194969532493 0.6064695464266576 3.750839500931792 0.5314442314133041 0.0 2.0183348049286307 0.0
137804 24.75083839904054 0.1362878518761635 0.1362878518761635 4.3918291399797456 0.6187427569882399 5.510072398761889 0.5466638661807204 0.0 3.066354430493706 0.0
137867 24.42975672999368 0.1368856312188644 0.1368856312188644 5.478563004190132 0.6184097722274403 6.574333959097071 0.5519869367079114 0.0 1.4558123600247976 0.0
137956 23.734133926854355 0.1374674737035986 0.1374674737035986 2.5714296023977394 0.5964210569824188 4.622724486376183 0.5442849592959059 0.0 3.427362405444727 0.0
138183 24.508819808159448 0.1382618230168597 0.1382618230168597 4.733892850457458 0.6443734315826528 7.557233826605651 0.5880316476285532 0.0 3.9172459813621305 0.0
138274 23.89973876019128 0.1396731899040151 0.1396731899040151 2.3954493362786886 0.5795176029432448 3.2291618504564905 0.5241425562185159 0.0 2.5445572171088475 0.0
138295 24.75262538453387 0.1396916908395608 0.1396916908395608 2.132122479987195 0.6039857272604778 3.8075366851164762 0.5520760129322579 0.0 3.0663544304937065 0.0
138352 23.873049312012217 0.1398004570167533 0.1398004570167533 5.683242862383556 0.5795125946816201 6.695885407386328 0.5336454622617268 0.0 2.2938667239116843 0.0
138455 25.071871011617592 0.1408081794627049 0.1408081794627049 2.324023543897194 0.46232566283750043 4.416607279393542 0.43187747257080406 0.0 2.729407793266592 0.0
138459 24.49585557067239 0.1403205778988389 0.1403205778988389 6.874506671535984 0.6326125784268029 10.628858876249792 0.5773201093288033 0.0 5.603144520958274 0.0
138527 24.661973327591056 0.1412740792928783 0.1412740792928783 2.454059637753545 0.5848015623418119 4.850752023858544 0.558125972747254 0.0 2.637551320670859 0.0
138530 23.667730021220656 0.1409859887754641 0.1409859887754641 3.905761957050398 0.7869002909121202 7.295953096768467 0.5653931144881974 0.0 4.1477243936997885 0.0
138669 24.34848340495662 0.1422006713763589 0.1422006713763589 3.2189142733582266 0.5618665742707076 4.443427360559001 0.5263622641386266 0.0 1.0109712485226274 0.0
138770 24.24043948629728 0.142883757056984 0.142883757056984 1.8920843308673352 0.6361589793611203 3.7035571251425905 0.5598776763993213 0.0 4.521455063899952 0.0
138906 23.73757338907834 0.1434646867439767 0.1434646867439767 7.140454271897269 0.5975337611686402 7.89814468369411 0.5540796356836806 0.0 3.427362405444727 0.0
138948 24.68894065810397 0.1431587854229978 0.1431587854229978 11.410845890507822 0.6319180017543894 14.131310780580149 0.5589639176053091 0.0 2.5270607819860667 0.0
138967 24.78866400577414 0.1434832421064841 0.1434832421064841 3.4900622230130742 0.6419238987429572 5.829876645779034 0.5567056717928206 0.0 2.0013390232416826 0.0
139192 23.70014168267612 0.1455714746848191 0.1455714746848191 2.235695801904109 0.6302671454684664 3.8127167031931775 0.5310047475033016 0.0 2.197948365278141 0.0
139282 24.95590698111544 0.1448885416814624 0.1448885416814624 14.18348951598662 0.5741546093467995 25.320478164461793 0.5389285399076196 0.0 2.4833645226195378 0.0
139334 24.68312600526489 0.1461322307602438 0.1461322307602438 2.6663463840388237 0.6058464521634144 4.420824172061003 0.5446737632378499 0.0 2.637551320670859 0.0
139430 24.621329633962585 0.1469588059527737 0.1469588059527737 2.869032006090763 0.5879649434658366 5.676728117302553 0.5575336377445633 0.0 1.7865013268865018 0.0
139600 24.464303764275083 0.1479404227213216 0.1479404227213216 2.9648817832820287 0.5685757043025996 5.25830343366152 0.5364481700786232 0.0 4.511189119719241 0.0
139612 24.68791316062002 0.147987259451529 0.147987259451529 1.8626419218830819 0.5804853950790606 3.858501856755287 0.5481552942041464 0.0 2.5270607819860667 0.0
139755 23.782760311839965 0.149012132823996 0.149012132823996 3.9355923201600573 0.6276415332100386 5.647659756354909 0.5668452706867814 0.0 1.9989694905345177 0.0
139923 24.132692445986187 0.1487778215895928 0.1487778215895928 18.9417504693785 0.6367268535447552 24.77312678382617 0.559779110556972 0.0 2.0183348049286307 0.0
140099 23.6927019900697 0.1512037735601175 0.1512037735601175 3.511051532650188 0.6111351845196616 4.978925989416978 0.5317351004372978 0.0 1.5917749628907778 0.0
140169 23.82681844336599 0.1510874055887316 0.1510874055887316 7.044506804432209 0.6037406359144857 9.35079660859165 0.5189566666821009 0.0 2.036687332357964 0.0
140268 23.66884333670735 0.1515156845615883 0.1515156845615883 7.553334327538961 0.6232147813104054 11.375243084186716 0.5500835408038887 0.0 1.5917749628907776 0.0
140270 24.3174282506784 0.1521567111987967 0.1521567111987967 3.4783526524460027 0.5913539774823303 6.462149162932835 0.5470175701244614 0.0 1.0109712485226277 0.0
140286 24.21140455055364 0.1517300987194428 0.1517300987194428 3.492508535800527 0.6207304897450142 6.2473403929322116 0.5519562918085265 0.0 1.850474759142975 0.0
140310 23.73274113224308 0.1520194969907249 0.1520194969907249 2.7656393345681223 0.5826326691468829 5.55192251547483 0.5252589833807293 0.0 2.268053710299731 0.0
140317 25.00507291055122 0.1514103129131799 0.1514103129131799 8.977112963012255 0.5269605110255616 17.615522531772417 0.4935856772252875 0.0 4.368891803738496 0.0
140394 24.47601454126395 0.1521512459493389 0.1521512459493389 5.110991985957375 0.6075607799696543 7.841866871094705 0.5424031564575423 0.0 4.511189119719241 0.0
140457 24.141204694258967 0.1531384828378153 0.1531384828378153 3.679615346837847 0.626364095187935 4.848961743686075 0.5276364610286397 0.0 2.0183348049286307 0.0
140535 23.712710239839403 0.1536588138941974 0.1536588138941974 5.5964209051629785 0.6014366475608747 6.002141797268031 0.5349262259158938 0.0 2.268053710299731 0.0
140657 24.49297148427949 0.1545058300099441 0.1545058300099441 2.0602836252644114 0.5985681006777166 4.262554211344881 0.5597073010595478 0.0 5.231100414312263 0.0
140733 24.085375928435628 0.1534481944295553 0.1534481944295553 24.03819462629342 0.6599732576652966 33.44439463777135 0.5815298429357356 0.0 2.065257036407618 0.0
140857 25.164776630203985 0.1555790996062023 0.1555790996062023 2.7247883960872263 0.45150106471884593 4.044141189144331 0.40515698732834604 0.0 1.120998979296475 0.0
140964 24.964778441190184 0.1564547321816502 0.1564547321816502 3.2449554332869663 0.528228839774847 3.7692192299981753 0.4968313325983772 0.0 2.4833645226195378 0.0
141053 24.67575362798001 0.157147930353019 0.157147930353019 3.129673055843308 0.6449924550858883 5.997286640876827 0.5652869518010426 0.0 2.637551320670859 0.0
141098 24.14206277985026 0.1575431786679035 0.1575431786679035 4.519914673114239 0.5924826057551607 4.931468628677087 0.5287128824335467 0.0 2.0183348049286307 0.0
141336 24.527109807786623 0.158608403878866 0.158608403878866 6.783470589989696 0.6939530222516022 8.350455673010451 0.5695884269660075 0.0 3.04978293547197 0.0
141434 24.62946895833821 0.159639265888115 0.159639265888115 2.7681503621725123 0.6063494322999163 4.084054239191951 0.5597473711968948 0.0 2.133287003781665 0.0
141499 23.91843950527876 0.160047153971959 0.160047153971959 3.2676488826020607 0.589713643891237 5.698467068133864 0.5275180790097553 0.0 3.8633780338979453 0.0
141656 24.81871234286464 0.160735690972814 0.160735690972814 3.1761202937442294 0.6320454607007279 5.760866907565852 0.548212476556318 0.0 1.98348288740743 0.0
141684 24.652911178613472 0.1611203125342792 0.1611203125342792 3.23284644894724 0.6112698016605629 5.627590437499751 0.5522410447286513 0.0 2.2026365262669114 0.0
142006 24.84034755259792 0.1631599607644356 0.1631599607644356 3.010482166127259 0.5609848793795833 4.682344910690008 0.5346913804033385 0.0 1.98348288740743 0.0
142007 24.3622436445446 0.1632124842083287 0.1632124842083287 3.7264459550052753 0.5663658791954478 4.757476804495855 0.53464014676693 0.0 1.0109712485226277 0.0
142093 25.10335961526772 0.1633580179820764 0.1633580179820764 2.7283792572386814 0.49859391177535556 4.239942009641181 0.43807836495327485 0.0 1.8874656459851886 0.0
142261 23.772801522518552 0.1646968139409495 0.1646968139409495 3.0505059498449247 0.577973567285441 5.515251386757939 0.5287485103480838 0.0 1.998969490534518 0.0
142923 24.5627613094208 0.1686287608259042 0.1686287608259042 4.1343926067542665 0.5882582295767749 8.523932843146131 0.552139375768339 0.0 1.6591950021601913 0.0
142963 23.940514670652984 0.1691737754492821 0.1691737754492821 5.093093111415164 0.6052310675748109 6.486648343630174 0.513426665828013 0.0 2.913510759689233 1.0
142977 24.870012199533537 0.1687644150823527 0.1687644150823527 10.198081143534646 0.6216353895091798 11.381548594135365 0.5402721771095582 0.0 3.6647292708006787 0.0
143077 25.02765892993314 0.1698218430118748 0.1698218430118748 2.62062213399524 0.4864177696127821 4.038986794323839 0.4431322754062044 0.0 1.4499688046520707 0.0
143088 25.126074319001983 0.1699114187604556 0.1699114187604556 1.7985115469564172 0.4572019644267916 3.4407526485015367 0.3980288807233515 0.0 1.120998979296475 0.0
143229 23.978376134745176 0.1700980189688725 0.1700980189688725 5.740371264081014 0.6194701998614051 10.20248145493813 0.5507820642457506 0.0 2.547980987343519 1.0
143255 23.9441841321939 0.1709536367802692 0.1709536367802692 2.668428563315939 0.5474264000660273 4.866532730680875 0.5102020884802566 0.0 2.9135107596892325 1.0
143290 24.442702393555024 0.1707831926958424 0.1707831926958424 5.8594098306207085 0.5825046322169303 7.123399908977267 0.5343074693444897 0.0 3.2608194341923005 0.0
143587 24.494594771677527 0.1724315978558152 0.1724315978558152 6.926473725368551 0.6408842216414493 10.067498913792827 0.5575733859817067 0.0 2.548780730940667 0.0
143764 25.116218513711257 0.1732162022135179 0.1732162022135179 2.4865165777646863 0.4567856911815967 4.706121489810253 0.409655092013692 0.0 1.120998979296475 0.0
143872 25.279507253380427 0.1745919721895855 0.1745919721895855 2.6764071817629382 0.4873513747586517 5.37573520314481 0.4298159592867618 0.0 1.1272922544046573 0.0
143888 23.805280906200128 0.1749193880715059 0.1749193880715059 2.665335488639366 0.5657236512425103 5.299404939260915 0.5312978698287207 0.0 4.641953004005552 0.0
143939 23.98309459295359 0.1752519183591365 0.1752519183591365 2.8710866307104475 0.6032049040424096 5.883301778773931 0.5434808525872558 0.0 2.547980987343519 1.0
143968 24.3449422870674 0.1751554338096052 0.1751554338096052 3.415797914636032 0.561598563858986 6.368366113808912 0.531162839131305 0.0 0.6646211093878147 0.0
144332 25.201138312350896 0.1777282326119582 0.1777282326119582 2.9150808602996814 0.4863440667543595 4.0712624401403 0.40351250219610146 0.0 1.2141219994003438 0.0
144360 25.183982216899217 0.1769764364134802 0.1769764364134802 1.7163082782374623 0.4435663546788667 3.5059559811869176 0.4025172768985562 0.0 1.2141219994003438 0.0
144373 25.10502389915265 0.1769316677384673 0.1769316677384673 6.932382010465929 0.47555395897370606 8.512919607099537 0.44004440263692257 0.0 1.8874656459851886 0.0
144558 25.308747890859383 0.1789591692556853 0.1789591692556853 2.0247028369172315 0.45285638595558103 3.4209413648496017 0.4231807333975466 0.0 1.4058611746941032 0.0
144715 23.975946180905524 0.1782961999287132 0.1782961999287132 2.811958005527717 0.6174925271559439 4.187188360471041 0.5374792164308275 0.0 2.547980987343519 1.0
144728 23.74248020239529 0.1801070501788469 0.1801070501788469 2.9871576636529826 0.6054211804633521 3.8515990287887965 0.5452850130965055 0.0 2.268053710299731 0.0
144808 24.66364225500149 0.1801291586430985 0.1801291586430985 6.278276547621357 0.6115607880343769 10.122777676920267 0.550934387422105 0.0 2.202636526266911 0.0
144840 24.859685078334586 0.1805696163043895 0.1805696163043895 6.024663648022578 0.5984032407249926 6.426914481684592 0.539922979768668 0.0 3.7186844843104523 0.0
144962 23.549572955220725 0.1815353702135188 0.1815353702135188 1.9226470813202776 0.6649484065185967 3.813219768831399 0.6056169656204192 0.0 0.0 0.0
144988 24.650887561630284 0.1815804439426051 0.1815804439426051 4.455774937329653 0.6539544995603751 5.611316965845713 0.566843468045641 0.0 2.202636526266911 0.0
144996 24.977348209367104 0.1814630478564749 0.1814630478564749 4.560217261036268 0.5523155562934806 6.475164231965721 0.4865932708701322 0.0 3.614213521418297 0.0
145048 24.12995889778284 0.1812937477469559 0.1812937477469559 11.230451342516451 0.6218086114216989 14.561541991129586 0.5383505874060268 0.0 4.138398327647651 0.0
145052 24.755151199157343 0.1810642716062164 0.1810642716062164 5.186648705855208 0.604719784297188 8.156273881777743 0.5375028567817816 0.0 2.262986731322857 0.0
145064 25.0333994311904 0.1810932849582489 0.1810932849582489 9.005708388180736 0.5367833293589598 13.323623254064858 0.48756047797395413 0.0 1.4499688046520705 0.0
145212 25.226486932226003 0.1826350861249421 0.1826350861249421 2.5292416964871243 0.457308514853061 3.669664638983372 0.4146202095144542 0.0 1.1272922544046573 0.0
145232 23.935349658291248 0.1832044363457898 0.1832044363457898 2.3904892404211027 0.5784763927111115 4.355714705474998 0.5310573073685492 0.0 2.9135107596892325 1.0
145235 23.914425020754635 0.1824228216171023 0.1824228216171023 6.270398233277806 0.62593785850107 10.422086151692492 0.5542705868844697 0.0 4.1413718205575965 1.0
145383 23.926780238520102 0.184091475283386 0.184091475283386 2.7195111641490324 0.5760337312549803 4.455059546317122 0.5218430685519394 0.0 4.141371820557595 1.0
145534 24.6006456054688 0.1846045409016713 0.1846045409016713 2.9248130622959367 0.6155218660383543 5.842714927220088 0.5583919524475035 0.0 1.7865013268865018 0.0
145537 23.547578160646115 0.1849888428145839 0.1849888428145839 3.6026014956815393 0.6657008743990969 6.484102113019516 0.6190471829079118 0.0 0.0 0.0
145562 24.80467611180209 0.1852346148719707 0.1852346148719707 2.9893500615598176 0.6092268312725169 4.267016649487665 0.5467786944213568 0.0 1.98348288740743 0.0
145615 23.84855245522734 0.1855107386668154 0.1855107386668154 2.808358710590927 0.6158317207629145 5.810178027198366 0.5513772319702331 0.0 11.740013687664865 0.0
145888 24.43869985199443 0.186665848822863 0.186665848822863 4.718462242296588 0.5890040434313988 6.898078522126724 0.5451200070521284 0.0 10.720334869946456 0.0
146077 23.764145333232843 0.1886676365900776 0.1886676365900776 3.0529986162617 0.6298865356337334 6.201515194984771 0.5513392091181812 0.0 1.9989694905345177 0.0
146265 24.20061364913185 0.1883850594792783 0.1883850594792783 12.256802587110876 0.6633318373353849 16.359500127255934 0.5822958366602768 0.0 1.6580643161766329 0.0
146309 23.75719881291519 0.1900220117330646 0.1900220117330646 3.8977005458710274 0.5858760641622962 5.473001985032424 0.5413073051563445 0.0 1.636998299352877 0.0
146452 23.974508342947164 0.1902640065295128 0.1902640065295128 5.106536758379152 0.5962041032955867 7.3589682806297 0.5284631780075923 0.0 17.83589963413992 1.0
146496 24.901532159441825 0.1900955241617499 0.1900955241617499 8.123799172875362 0.5930958257358404 12.575034802293606 0.5468136785354866 0.0 5.119236387884191 0.0
146563 24.06478214029707 0.1908062760321738 0.1908062760321738 6.431342540885629 0.6277489623433432 8.494339141066176 0.5375018782051626 0.0 2.40325187440026 0.0
146622 24.48345824005832 0.1920590361618591 0.1920590361618591 2.7507925246165423 0.613873066357631 4.03841831856424 0.5772282518866974 0.0 2.5487807309406665 0.0
146624 24.592893042003546 0.1920958189425684 0.1920958189425684 3.2139395761074043 0.6193043279440781 3.7229810984695266 0.5606429876954309 0.0 1.786501326886502 0.0
146666 23.89021270303065 0.1924383280642417 0.1924383280642417 2.461311791821008 0.6448275389951014 4.611144834731295 0.5342799146870595 0.0 8.984174129067162 1.0
146782 24.097304382868607 0.1896383577538841 0.1896383577538841 4.067292251788896 0.6416733682427711 7.861585833768241 0.5820528148825497 0.0 5.1511752989883774 0.0
146809 24.298663462379373 0.1930220007724982 0.1930220007724982 5.588328784704182 0.610722042258572 8.560312716558785 0.5366660965164759 0.0 0.6646211093878147 0.0
146813 23.572075142000124 0.193486799277114 0.193486799277114 2.6254346707994842 0.6310351992928743 5.278204334330143 0.5714891575363441 0.0 0.0 0.0
146870 25.00916299769825 0.1935337708076167 0.1935337708076167 4.7294359489981765 0.5502498038515851 5.752581968885085 0.4984232964933987 0.0 1.4499688046520707 0.0
146889 23.963091620352017 0.1929877413808541 0.1929877413808541 10.313003443410532 0.6407259112651954 13.228169542884132 0.5442131111704572 0.0 5.127872532666663 1.0
146939 24.14987066341706 0.1939986200545312 0.1939986200545312 4.008168841389464 0.597039978840213 6.271364835209246 0.5661278195129464 0.0 1.423070037748797 0.0
147008 24.43158243778745 0.1945353341408492 0.1945353341408492 4.511874545976331 0.6327823606793622 7.5265302126236024 0.5709265789884763 0.0 1.1987537570967786 0.0
147319 24.377791820198464 0.1967385997326649 0.1967385997326649 3.243805992039869 0.5750916872105254 4.973482785733794 0.5455287301786725 0.0 1.1987537570967786 0.0
147511 23.914297764369024 0.1965725047414031 0.1965725047414031 3.609980735949392 0.588668853209196 7.053085831139005 0.5488817585836827 0.0 8.984174129067162 1.0
147517 23.867220630312502 0.1980471648206776 0.1980471648206776 4.060115808649324 0.6146028156551203 6.367179589658357 0.5651164090731631 0.0 2.760115813714748 0.0
147557 23.88358344963289 0.1983094218929305 0.1983094218929305 5.2232645578691335 0.6014705152478806 5.732731413408308 0.5377789183964087 0.0 2.7601158137147475 1.0
147572 23.827466146169066 0.1982258810486473 0.1982258810486473 6.285795363817502 0.6031310868563664 7.099857930725423 0.5436150205921259 0.0 4.641953004005552 0.0
147593 24.11035982714987 0.1980942876043851 0.1980942876043851 5.6787380621739745 0.6128495589007246 6.836597257115795 0.5435771908801961 0.0 2.921072191687059 0.0
147693 24.9678774974106 0.1979780585600789 0.1979780585600789 13.824854318646356 0.6097181833668105 17.74392852299762 0.5331189751646892 0.0 2.3997685436493215 0.0
147838 24.0276502023583 0.1993781633299146 0.1993781633299146 9.529996263027176 0.6093902458633602 13.27377765133425 0.5480466850754441 0.0 3.8296093769862427 1.0
147844 24.11851934865032 0.2001316913034586 0.2001316913034586 3.213680188923325 0.6128060715013961 3.9573410567575587 0.5498499185121073 0.0 2.921072191687059 0.0
147937 23.99012693082039 0.1996624663770663 0.1996624663770663 2.74451778832736 0.6093301451937494 5.495456584396429 0.5351850980596473 0.0 13.882612065900332 1.0
148015 23.892101001439187 0.2012397585034905 0.2012397585034905 2.6846892877219126 0.5609961559655094 4.334436973255438 0.5237359447573076 0.0 8.984174129067162 1.0
148051 25.252328337937204 0.1994950664834532 0.1994950664834532 9.07947078976029 0.4865242261972846 13.45114208832888 0.4442311010652837 0.0 1.1272922544046573 0.0
148080 24.645580823620925 0.201542740879037 0.201542740879037 2.9045458391955896 0.6266402774283687 5.897582044367135 0.5666872048107944 0.0 2.789128503994542 0.0
148242 24.65957064126886 0.2022392638080747 0.2022392638080747 6.995169134470899 0.6049340581982553 7.56314314178368 0.5557562722082631 0.0 2.0569317712438133 0.0
148383 24.902904646811336 0.203314568690504 0.203314568690504 4.0314079759297385 0.5629278070471433 5.100805260873604 0.5054394590835813 0.0 5.838052990835997 0.0
148607 25.22404565628291 0.2045821821741835 0.2045821821741835 4.20821629813259 0.4616051045556092 5.14599657294007 0.41369880237160384 0.0 1.2141219994003438 0.0
148623 24.61466560814577 0.2047608712240399 0.2047608712240399 3.4060778160874325 0.6256307505428456 4.89154785302458 0.540279619442266 0.0 4.7570677505601235 0.0
148655 23.840454443105013 0.2037770612983125 0.2037770612983125 4.894294691842135 0.6195891373460171 7.571464905847741 0.5593706191985744 0.0 11.740013687664865 0.0
148778 24.13667614414655 0.2050550353362701 0.2050550353362701 11.221357275483857 0.6816832418284181 14.0340248134404 0.5678505907747122 0.0 1.423070037748797 0.0
148785 24.781887402767545 0.2057281741509502 0.2057281741509502 7.232716574327223 0.6627230685017665 8.455142769631902 0.5651549984695734 0.0 1.5750751295241503 0.0
148983 24.462619558584404 0.2070275813326797 0.2070275813326797 3.67365465638732 0.6014459882544031 4.79607611543245 0.5579214244818638 0.0 3.174345940358123 0.0
149020 25.256397954453817 0.2072005449056564 0.2072005449056564 3.0936822953967935 0.45675511668851393 4.047699860275424 0.4088503930086672 0.0 1.1272922544046573 0.0
149021 25.108421684128675 0.2072341555533567 0.2072341555533567 3.142391010988248 0.4770028319176736 3.906954017884455 0.4187649064042467 0.0 1.8874656459851886 0.0
149047 23.91957947002024 0.2071486738374549 0.2071486738374549 2.5656572879463724 0.6044068248023 4.876091235327256 0.5308894814783883 0.0 5.197268035631078 1.0
149148 23.81298206863082 0.2082943786522541 0.2082943786522541 2.092561073722013 0.5586452735428357 4.220566707625033 0.524983436806428 0.0 7.761159927041544 0.0
149219 25.199307509345296 0.2080494665183133 0.2080494665183133 2.7663408194918575 0.46503791567715436 4.332511494997447 0.4115306886161298 0.0 1.2141219994003438 0.0
149239 23.972849452121213 0.208548254701978 0.208548254701978 2.1443423267570485 0.5664608462584497 3.884656248299654 0.5161005749354358 0.0 4.189981185179111 1.0
149355 24.450861890734792 0.2093144706154429 0.2093144706154429 3.6656783556217873 0.5924331413090319 6.834426104622399 0.5500371356705345 0.0 3.1743459403581236 0.0
149449 24.902704364385905 0.2095718679303511 0.2095718679303511 4.891816832834727 0.5627667642018066 6.001317217706431 0.5266294413076338 0.0 5.838052990835997 0.0
149608 24.752186612137905 0.210628010360172 0.210628010360172 4.703335636688019 0.64096842578805 7.121941572294774 0.5603193234786921 0.0 1.1453282196197074 0.0
149681 24.891934457799035 0.2118393005229304 0.2118393005229304 2.9283909830592063 0.5600700899106635 3.864912048650154 0.5247657936407545 0.0 5.838052990835997 0.0
149855 24.247333096212664 0.2132372915553063 0.2132372915553063 2.376206206486148 0.6067433344142069 3.7867090981416633 0.5314304927126134 0.0 1.6040336299996731 0.0
149881 24.64167349326275 0.2133320564210387 0.2133320564210387 4.791114989494212 0.7064424905756548 7.006213298689057 0.5451327671762 0.0 2.789128503994542 0.0
149921 24.024866042841648 0.2125519818835946 0.2125519818835946 4.527910197759932 0.5854026178312873 7.5285749227170164 0.5180180958203935 0.0 4.759115209435092 1.0
149970 24.40092739860064 0.2138780440433745 0.2138780440433745 2.496897730571446 0.5870986708425474 4.907558654112461 0.5298644224699713 0.0 1.1987537570967786 0.0
149990 23.84086397393764 0.2125778123565619 0.2125778123565619 9.520239081575118 0.6528181349259935 13.12112871197379 0.57186142868383 0.0 5.560669023762441 0.0
150007 23.98624420136169 0.2137918932578347 0.2137918932578347 5.169739584307081 0.5892915356929463 5.69658214930153 0.5354711772086111 0.0 4.189981185179111 1.0
150113 24.992065017629137 0.2146326552355397 0.2146326552355397 1.9543467832924164 0.5258020930147057 3.99813830228449 0.505043689221231 0.0 2.399768543649322 0.0
150140 24.58078474076358 0.2148072612946314 0.2148072612946314 1.77158858648588 0.5991719612846524 3.338243399897719 0.5443016981064943 0.0 3.601790946032243 0.0
150174 25.190184509433927 0.2149368538872896 0.2149368538872896 3.1065474619428546 0.4372808974184708 3.3317421746252682 0.38897484520008063 0.0 1.2141219994003438 0.0
150183 24.62569934436059 0.2151193983830668 0.2151193983830668 3.0930320569854746 0.5792798607203293 5.744581203704076 0.5497158020112698 0.0 2.789128503994542 0.0
150383 24.622503557226093 0.2164503663406201 0.2164503663406201 3.13152259140526 0.6057226410205332 3.508388774165818 0.54823967068552 0.0 4.7570677505601235 0.0
150682 23.81875656637488 0.2177524848511926 0.2177524848511926 4.820926424871899 0.6172441531454084 9.572400434370593 0.544210600348869 0.0 7.761159927041544 0.0
150736 24.708794692720847 0.2187169831110793 0.2187169831110793 3.2324103900554046 0.6262685116161811 4.725771823360377 0.5509235071952225 0.0 1.1453282196197074 0.0
150831 24.63870139278158 0.2190583450096748 0.2190583450096748 2.7091063194872858 0.58307362744459 3.964448613253554 0.5461886771001322 0.0 2.789128503994542 0.0
151007 23.76187479114917 0.2199934022075983 0.2199934022075983 7.7201587217863255 0.6118985254536583 11.566888945615283 0.5397296851343965 0.0 1.4667118758846618 0.0
151084 23.98421791972444 0.2210247240176114 0.2210247240176114 2.6419065617390354 0.5689099344228358 5.011541561848464 0.5182029309173137 0.0 4.189981185179111 1.0
151134 25.24151870733342 0.2213315098432323 0.2213315098432323 1.812057571061165 0.44291414562100334 3.2320153026214857 0.3902141867360454 0.0 1.1272922544046575 0.0
151154 23.79219133260564 0.220762727219826 0.220762727219826 7.8033789376285645 0.6330050632351245 11.69689799985453 0.5712818280531946 0.0 3.4123350830291237 0.0
151189 24.250795638459262 0.2214876920958659 0.2214876920958659 3.2246752054183934 0.6010106526098739 5.317428260421847 0.5377277233880244 0.0 1.6040336299996731 0.0
151518 24.96133478394822 0.2239819700695741 0.2239819700695741 3.0493201982548594 0.6456136740189518 5.244603360995326 0.5245634214207407 0.0 1.7288259851063197 0.0
151521 24.22704517525193 0.2239699500535158 0.2239699500535158 2.951609322846328 0.6104014497977025 5.57834987839187 0.5237374254982443 0.0 2.0696976800862883 0.0
151670 25.016094670183783 0.2251171971211173 0.2251171971211173 2.3211990627505243 0.5468289890494128 4.586189070785139 0.5003145503217408 0.0 1.5666921334625519 0.0
151705 25.25494612484722 0.2250309358417816 0.2250309358417816 3.9883078563460885 0.46789876536313596 5.913062353919446 0.40950788061257115 0.0 1.1272922544046573 0.0
151835 23.885205194527146 0.2262818470720724 0.2262818470720724 3.1067954796117414 0.6087389178710921 5.417627553164466 0.5248114133376119 0.0 3.322768217683954 0.0
151888 23.767443222140137 0.226593366324708 0.226593366324708 3.0933069597593685 0.6127178852678413 3.891725434291377 0.5410538924400443 0.0 1.4667118758846616 0.0
152085 25.22653362995865 0.2276101542134052 0.2276101542134052 2.4818325435217283 0.4550875240550182 4.396527144691541 0.4075668996407735 0.0 1.3900520188534735 0.0
152088 24.741609541877384 0.227839242666036 0.227839242666036 3.866617475928948 0.5954673392076101 4.7312827548464025 0.5577038714482473 0.0 1.1453282196197074 0.0
152098 24.902917612707235 0.2271744332612887 0.2271744332612887 12.431801958929446 0.601645517698975 15.040488290894508 0.5260510123937396 0.0 2.074187607008408 0.0
152144 23.90805904650742 0.2270194855383989 0.2270194855383989 21.219816965004846 0.6242834091226972 27.34509395956396 0.5558773581888579 0.0 3.3227682176839544 1.0
152219 25.23712086465504 0.227321128821399 0.227321128821399 2.4608598439351215 0.4639658052731242 3.722573959091984 0.3935897352793011 0.0 1.127292254404657 0.0
152405 23.945663692413675 0.2300233169552951 0.2300233169552951 3.981257469326257 0.6540344459882066 6.134976233974517 0.52214166318082 0.0 5.197268035631078 1.0
152484 25.192747590193605 0.2292703889088266 0.2292703889088266 4.5026578993461985 0.4545839590394288 8.199396920655891 0.41603467763719804 0.0 1.716016628755388 0.0
152527 23.89261125358245 0.229696904457997 0.229696904457997 4.664471659404006 0.581887763550132 5.711107574089812 0.5238226646721637 0.0 3.3227682176839544 0.0
152572 25.14305799106833 0.2306664536578581 0.2306664536578581 3.5956714220818133 0.4554580433425106 4.5179164840382535 0.41158839888463533 0.0 1.2589118921772193 0.0
152946 23.911728523718 0.2337141051989469 0.2337141051989469 3.5824551782976726 0.545568938185435 6.292064820943343 0.5185341791028499 0.0 3.3227682176839544 0.0
152955 24.727814576921503 0.2338227244389761 0.2338227244389761 3.08479797853688 0.632618574480427 4.811912317849885 0.5466590376776661 0.0 1.1453282196197072 0.0
153056 24.611118895796583 0.234463031825436 0.234463031825436 6.1107925154767315 0.6086553085189644 7.196072613987517 0.5524160940593815 0.0 1.9574268881826897 0.0
153141 24.0033622885675 0.2347613507662262 0.2347613507662262 4.92635472890221 0.5859974962552678 5.840619356894503 0.5230516879324703 0.0 2.14472913649322 0.0
153470 24.33776736767216 0.2372509005663721 0.2372509005663721 4.091087887401194 0.5653656418171705 5.133548563305888 0.5003496503199437 0.0 0.6646211093878147 0.0
153793 24.4641479874027 0.2390631991025535 0.2390631991025535 5.299463267577811 0.6180375914512524 7.357146325477194 0.5557001070607349 0.0 1.9763645533220915 0.0
153827 23.904450224510256 0.239379226097027 0.239379226097027 3.1985793997110865 0.5515741517689574 5.805337163176203 0.512518263453389 0.0 3.322768217683954 0.0
153881 25.09824372697065 0.2398870606543453 0.2398870606543453 2.433921174734648 0.5015709574561527 4.574129787836852 0.44823311890882217 0.0 1.438951159283455 0.0
154078 24.534931600858297 0.2398225817837081 0.2398225817837081 17.997621936275333 0.650972189552431 33.31001031596446 0.5916326550744264 0.0 2.4216802781367117 0.0
154273 24.230863539428647 0.2426330483753837 0.2426330483753837 2.2002536881646493 0.5998241002034157 4.460052991035802 0.5056521707381354 0.0 2.1613672259282217 0.0
154368 24.86611087141599 0.2429665280639319 0.2429665280639319 5.7718341762633685 0.6260701799657775 9.594287073015327 0.5452749955621687 0.0 1.5684179765460498 0.0
154477 24.017582037638427 0.2440032737979624 0.2440032737979624 3.5237659468928886 0.5444760652467676 4.038094615719477 0.506218290188243 0.0 2.14472913649322 0.0
154491 23.979196279568527 0.2441171465360662 0.2441171465360662 3.0784083882550455 0.5936316631145003 4.099692151083954 0.5114989085165802 0.0 2.14472913649322 0.0
154798 24.64038158965068 0.2459771568915457 0.2459771568915457 2.50530589265016 0.5798766349556315 5.164365099879367 0.542121828555584 0.0 1.95742688818269 0.0
154816 24.222427139050243 0.2460840845264974 0.2460840845264974 3.461417353973316 0.6057852511370675 6.756266803781518 0.5281807427689336 0.0 2.1613672259282213 0.0
154820 24.973521935532982 0.2455613453043165 0.2455613453043165 3.2635231520722656 0.5811838165089938 4.868143133019561 0.5311140905644683 0.0 1.7288259851063197 0.0
154856 23.824957686705748 0.2461907350883203 0.2461907350883203 3.828377148099435 0.6027877589193653 7.067460606631992 0.5463465369599889 0.0 3.763874492877875 0.0
154893 25.317371137651307 0.2454624355573084 0.2454624355573084 5.140227477490739 0.49203452221360217 10.459363611632927 0.4406742583273475 0.0 1.1833297363047381 0.0
154903 24.40939284873137 0.2467241089519875 0.2467241089519875 2.9758384936528652 0.580262752106896 4.5811578993625925 0.5293807738520319 0.0 1.1445170198157442 0.0
155021 24.834033505338525 0.2473927684544001 0.2473927684544001 2.4544424414756936 0.5839951785079855 4.603610696085458 0.5456825598479799 0.0 1.5684179765460495 0.0
155075 25.11507094573416 0.2474763082031265 0.2474763082031265 3.065917437133701 0.48530735283626014 4.534710146421346 0.4312936614855053 0.0 1.2589118921772195 0.0
155390 23.95933434650408 0.2498173624146167 0.2498173624146167 1.8970852436707402 0.5804760005263421 3.879774052291345 0.5081648850995919 0.0 2.1354620911271525 0.0
155536 24.215448996732253 0.2507609629286129 0.2507609629286129 2.3658706991282625 0.6039223778487687 4.397234423818942 0.5348854089700743 0.0 2.1613672259282217 0.0
155655 23.73996829301756 0.2516017259440347 0.2516017259440347 2.2021558608478977 0.5697828894787056 3.96283653703381 0.5243492934052908 0.0 1.6028132115350722 0.0
155749 23.985791861948083 0.2522135440199328 0.2522135440199328 2.5766089766740334 0.584140708999205 4.284653947924413 0.510355480365287 0.0 2.14472913649322 0.0
155799 24.28796624823756 0.252473627293016 0.252473627293016 2.09970519808114 0.5695722134619466 3.723357592947684 0.5015810344828749 0.0 1.5987889303112726 0.0
155829 23.978558039450785 0.2527397758084462 0.2527397758084462 3.5365564583437243 0.571189217419748 5.050963134665192 0.5089707043173254 0.0 2.14472913649322 0.0
155992 23.74776414173619 0.2539631017666582 0.2539631017666582 2.125517474089096 0.5833730411051361 4.313927552441886 0.5221901542274937 0.0 1.7582437017001729 0.0
155994 24.606027352332347 0.2538506088974184 0.2538506088974184 2.7794039160351223 0.5828423531047562 5.60171828805392 0.5377340326320155 0.0 1.9574268881826897 0.0
156222 25.18201530840072 0.2552502645768174 0.2552502645768174 3.755059870121452 0.4525048864995611 4.740711855610926 0.4015101927975095 0.0 1.716016628755388 0.0
156395 24.29221524493952 0.2565976994661847 0.2565976994661847 2.477380406185459 0.5511314471323677 3.906283950420593 0.5034486994642955 0.0 1.5987889303112726 0.0
156597 25.268501690451306 0.257515886898886 0.257515886898886 4.878764294618142 0.4758550578785415 6.43929115823365 0.41108986560128036 0.0 2.5269845886545474 0.0
156627 23.966839947722 0.2582223372355638 0.2582223372355638 2.634027732355159 0.569957742109063 4.953559223290835 0.5108435969580527 0.0 2.14472913649322 0.0
156711 24.65312656656912 0.258629725355794 0.258629725355794 2.93069250513507 0.5901988658082744 5.02853634747878 0.5566468670636228 0.0 2.789128503994542 0.0
156967 25.104790498407112 0.2601673660707041 0.2601673660707041 2.3040448721393747 0.48939676002266125 3.4255776291023423 0.4403190478906537 0.0 1.2205700633907643 0.0
156973 23.56266561874934 0.2604040312584477 0.2604040312584477 2.9700339891811365 0.6310568899919367 4.98593375684985 0.5765134789225567 0.0 0.669516964871606 0.0
157004 24.412839011774253 0.2605529318033015 0.2605529318033015 1.9456062914434828 0.6136345134879 3.814191649926178 0.5569517966885107 0.0 1.144517019815744 0.0
157043 24.037376084970617 0.2595835161221109 0.2595835161221109 6.635739126899865 0.6061929196693454 10.893357835562716 0.5328791337609738 0.0 2.6270359729271675 0.0
157181 23.82054782914063 0.2616482447293216 0.2616482447293216 2.498161897051115 0.6139689603792245 4.751325549124783 0.5544741308212247 0.0 2.3902633377645444 0.0
157318 25.246134746539244 0.2621543615271828 0.2621543615271828 4.567369561660565 0.4710216999270768 6.09032146516745 0.4179338502105492 0.0 2.5269845886545474 0.0
157357 24.471841280494377 0.2630024814671859 0.2630024814671859 3.87327874998264 0.6279689204830097 5.857877070611137 0.5547617808431822 0.0 1.9763645533220915 0.0
157523 24.54450467000036 0.264119703740784 0.264119703740784 3.207344871015821 0.6314853203818092 5.847162686713587 0.5676555578793411 0.0 3.189979417741743 0.0
157700 23.922081855032047 0.2636806414753823 0.2636806414753823 12.709630290634072 0.6288221066203442 13.88449701845427 0.5295549862422326 0.0 2.1354620911271525 0.0
157805 24.31848936282166 0.266138588629572 0.266138588629572 2.694596860949102 0.5833556885662438 4.592907128034749 0.5227759739700631 0.0 0.8951448194650415 0.0
157824 24.04954617745104 0.2662323355646397 0.2662323355646397 4.289200208880221 0.5988673230382713 6.249067966945016 0.5226185003904508 0.0 1.1133970613856499 0.0
157840 24.46883705249016 0.2663157714784089 0.2663157714784089 2.6708309689156184 0.5875892964274391 5.140495684740398 0.5515098548541258 0.0 1.9763645533220915 0.0
157870 24.227849980060043 0.2665778517995285 0.2665778517995285 3.7226049258915728 0.5760308162383039 4.495142559672254 0.5123158912333754 0.0 2.161367225928222 0.0
158004 24.508225372262345 0.2666502483383905 0.2666502483383905 5.4603712648426646 0.6285380417325424 10.511465734790935 0.5417469178264284 0.0 3.331433993052943 0.0
158173 25.1056419524342 0.2685108019187296 0.2685108019187296 2.2376497361401 0.4603679220386168 3.6156296982427305 0.43453978039488816 0.0 1.2205700633907646 0.0
158246 25.26363757688806 0.2682878239781916 0.2682878239781916 2.8196008820623377 0.4516909039750245 4.2240903560139715 0.40480722344309744 0.0 4.497582791700745 0.0
158265 24.4955171457325 0.2692272768094233 0.2692272768094233 4.08818833912704 0.6590385491148436 6.234307941288332 0.5600623569841439 0.0 3.331433993052943 0.0
158480 24.16063402808277 0.2707317246586063 0.2707317246586063 2.9715304388477386 0.6063592897184792 5.328987439213785 0.5440656422491735 0.0 2.7929991312350024 0.0
158495 24.519550609803968 0.2708046701466288 0.2708046701466288 2.0012005167704734 0.6188031289280856 3.9049543738195487 0.5731832281759548 0.0 5.820077323670333 0.0
158533 24.00551157255773 0.271093167267214 0.271093167267214 3.006255616453689 0.5561436057101409 4.770655012551935 0.5210262918512746 0.0 2.627035972927168 0.0
158541 23.776783968642484 0.2712333107359666 0.2712333107359666 3.0476549441214775 0.6365032142641639 5.868016411984935 0.5615852925995005 0.0 1.758243701700173 0.0
158652 24.739819596716018 0.2717026686237008 0.2717026686237008 2.434216292841329 0.6335691607336682 4.826929348629141 0.5712806692124616 0.0 0.915438733701977 0.0
158678 25.06313602172053 0.2714097838385965 0.2714097838385965 3.0582732729982656 0.5609952594005737 5.394284509238461 0.49038126370628593 0.0 1.563798567921449 0.0
158706 24.042895232813283 0.271250410238631 0.271250410238631 8.550807003545797 0.6009517683384125 17.524563835035078 0.5481498734047174 0.0 1.1133970613856499 0.0
158898 24.9690526230548 0.2730500829167357 0.2730500829167357 7.696874546969559 0.5759387198486575 8.267041029445224 0.5452529775882409 0.0 1.0364944754639347 0.0
159284 24.066546144252843 0.2757826415679827 0.2757826415679827 3.111911761448125 0.5631329315273265 3.7646197911287285 0.5312839251118998 0.0 1.1133970613856499 0.0
159479 25.32697031030565 0.2769048886103694 0.2769048886103694 1.982507900706169 0.5103488513195225 3.533591757468357 0.4389834710698138 0.0 1.2559876150252005 0.0
159612 24.410741348960613 0.2781302299914712 0.2781302299914712 2.7477658901419977 0.6111902445009352 4.703101035819619 0.5532232781339783 0.0 1.1445170198157442 0.0
159621 25.02792598782843 0.2775488312041212 0.2775488312041212 1.764204067054688 0.5347467981702704 3.187581099833941 0.5035246679123504 0.0 1.563798567921449 0.0
159668 24.576116530479982 0.2780835688046789 0.2780835688046789 4.639270800642811 0.6349592517281866 6.423976691666247 0.5604879605573662 0.0 3.2653758673925433 0.0
159977 23.719497586057265 0.2802484615014269 0.2802484615014269 6.607553712458743 0.6154915586590848 7.098682351181792 0.5461702386564686 0.0 1.6028132115350722 0.0
159990 23.771845115510672 0.2799579533404623 0.2799579533404623 7.954176693298029 0.6316473690795537 15.9498821181457 0.5720936861187481 0.0 1.7582437017001733 0.0
160028 24.74778483945229 0.2808939453874005 0.2808939453874005 2.4202563823307712 0.6216622776556032 5.007960486463199 0.5732846653681205 0.0 0.915438733701977 0.0
160056 24.206859895314185 0.2809653900303179 0.2809653900303179 6.152175490614175 0.6212078022278439 7.711822922873386 0.5528231433048668 0.0 6.898956823462262 1.0
160074 24.2036632279461 0.2797798586656305 0.2797798586656305 24.432154636938947 0.6697357320047299 38.8329293655727 0.5951415861860553 0.0 3.2859405292128985 1.0
160124 24.51360892202394 0.2807312334227784 0.2807312334227784 6.997623584895501 0.6517608022464522 9.577031161939832 0.5840789320202016 0.0 5.820077323670333 0.0
160134 24.081297262294832 0.2817145262616999 0.2817145262616999 3.769341809595715 0.5734139105998322 4.539453152781608 0.5320944054445818 0.0 1.1133970613856499 0.0
160223 24.83088801139164 0.2820656068997849 0.2820656068997849 3.644955965633517 0.6320066430797406 6.703476457988166 0.5712585224784523 0.0 1.9166968176919161 0.0
160262 24.57895698812752 0.2820957908208776 0.2820957908208776 3.496126179048923 0.615551682709853 5.11204176690143 0.567111610915259 0.0 3.2653758673925437 0.0
160362 24.428380651248247 0.2827655111185974 0.2827655111185974 4.8702931688595985 0.6193885444426781 6.804593037551028 0.5520169635589054 0.0 1.1445170198157442 0.0
160531 25.244249595158617 0.2840715214765436 0.2840715214765436 2.0755868897047294 0.44332736709063014 3.5754054350782485 0.40141838685943626 0.0 2.0204575093931245 0.0
160963 24.519191294792503 0.2865122745539288 0.2865122745539288 5.192303719872375 0.6231722857161407 8.86213214167935 0.5606873197914739 0.0 3.7852957369923574 0.0
161074 24.25860363453673 0.2867866477575748 0.2867866477575748 4.310058827034663 0.621198438930322 7.270547445097726 0.5304971623862208 0.0 1.5987889303112726 0.0
161082 24.02134217579321 0.2876201969505144 0.2876201969505144 2.3736330006384265 0.5640881799742327 4.084242228910867 0.5167127261146615 0.0 1.1133970613856499 0.0
161411 24.56453148684476 0.289091708980835 0.289091708980835 3.4606807175473464 0.6295900435379173 5.130060452699429 0.5600670824791331 0.0 5.131910998098648 0.0
161676 25.26316232652148 0.2907462371089503 0.2907462371089503 5.787070163561129 0.4991230146774997 7.373532977242826 0.411270644755635 0.0 2.0204575093931245 0.0
161678 24.00066086693348 0.2914821410993924 0.2914821410993924 1.9143150164497005 0.5555631251384949 3.8311939036412173 0.5139028334852204 0.0 1.1133970613856499 0.0
161880 24.52209685939317 0.2928399814206053 0.2928399814206053 2.279706641543849 0.6298372466797527 3.3715075368594656 0.5651407447285569 0.0 3.785295736992357 0.0
161887 24.532771668067777 0.2929130009000424 0.2929130009000424 3.0067575232511783 0.6109124175142928 5.139752224030111 0.5796986170573653 0.0 3.7852957369923574 0.0
162000 24.02202977938181 0.2937060030629153 0.2937060030629153 2.226759465971291 0.5462620698011333 4.527658729320862 0.5128265537164028 0.0 1.1133970613856499 0.0
162097 24.132373695147184 0.2943367561752923 0.2943367561752923 3.246347329767432 0.5918618390408311 5.589806692919056 0.5592092184364779 0.0 2.7624533457535865 0.0
162103 23.802863009583504 0.2933214931592484 0.2933214931592484 2.453791430503886 0.6386006587739761 5.035057659323937 0.5672141683201333 0.0 0.9658994280913543 0.0
162139 23.94782866155155 0.294728276439554 0.294728276439554 1.9029512954614025 0.5922694573097254 3.408482281848415 0.5144012895125264 0.0 1.1446706813455023 0.0
162176 23.940146636455506 0.2949541955064375 0.2949541955064375 2.7434650459014316 0.5755120796726417 3.8756040282935316 0.5309263197376909 0.0 1.1446706813455023 0.0
162448 24.96646260927051 0.2964974157738704 0.2964974157738704 2.4390155673571847 0.579056314544579 4.6931095110193235 0.5291104549370375 0.0 1.036494475463935 0.0
162464 25.11481540084264 0.2954443619606761 0.2954443619606761 4.1770532681799315 0.5154909048218502 7.012656453164774 0.44859967310869175 0.0 1.2205700633907648 0.0
162562 24.78425531737763 0.2973493397673499 0.2973493397673499 2.3870289419922375 0.616914922403074 4.826274217334728 0.5607146169287411 0.0 1.4867561729979224 0.0
162624 24.432435973010023 0.2976562767413046 0.2976562767413046 6.652453215552621 0.5865039438933353 7.504868904121405 0.5502606116678977 0.0 2.784632674588919 0.0
162898 24.51077837382747 0.2992059883067472 0.2992059883067472 2.9952400627256295 0.6581620351597353 4.553019572483257 0.5785950143992643 0.0 3.7852957369923574 0.0
163124 24.89310807936831 0.3008348776034713 0.3008348776034713 1.9978692359432204 0.56665458069163 3.770974873708735 0.5257026906214033 0.0 1.1790806547632111 0.0
163423 24.8179063109028 0.3027743902330552 0.3027743902330552 4.506366962252425 0.624557206629862 6.581445378395511 0.5609569434020284 0.0 1.4867561729979226 0.0
163449 24.195727833018303 0.3029293603144669 0.3029293603144669 4.439814867713863 0.5976492167351996 7.776040983415517 0.5230159570098681 0.0 5.567776622301313 1.0
163556 24.37669075523172 0.3037719469391456 0.3037719469391456 2.223510334076002 0.5711830744977611 4.412235488348098 0.5155998527306962 0.0 2.7766905796405923 0.0
163759 24.2010360300703 0.3050918917059293 0.3050918917059293 4.8646818045100435 0.5942837256256402 6.319798712406848 0.521040545592291 0.0 5.567776622301314 1.0
163787 23.73640804481395 0.3055509459396635 0.3055509459396635 2.3500612788077677 0.6440978578016285 3.6928387496825157 0.536621764420433 0.0 1.6028132115350722 0.0
163865 23.91709822568935 0.3055141421107207 0.3055141421107207 7.809897030471685 0.6037078730957443 9.849074946985352 0.5447952354986891 0.0 1.1446706813455025 0.0
163897 24.50868965550037 0.3061982605244734 0.3061982605244734 3.408682503775069 0.5990230482792049 5.455600060024565 0.5633030808461141 0.0 3.7852957369923574 0.0
163951 24.243997950743847 0.3063649551735392 0.3063649551735392 2.682908020755145 0.5539837311793331 4.6897408897684505 0.5313557217333159 0.0 3.3037968747678503 0.0
163980 23.70123865360428 0.3067418559012246 0.3067418559012246 3.319117763679501 0.580681606324345 4.376429498618463 0.5269350919889778 0.0 4.706286180872022 0.0
164012 25.33871814607561 0.3065653614375763 0.3065653614375763 2.4232041383794196 0.4873072132756625 3.6032626786997803 0.4207631598602729 0.0 1.2559876150252005 0.0
164015 24.9187381057236 0.3070364285879465 0.3070364285879465 3.4864302873956365 0.5818894871873838 4.214042434298003 0.5242007428993228 0.0 1.0364944754639347 0.0
164060 24.341197845893426 0.307367384923802 0.307367384923802 3.2019933445106297 0.5877989442254832 6.1724322841479236 0.5138365477952902 0.0 0.8951448194650415 0.0
164137 24.628290446869897 0.3080713195100545 0.3080713195100545 3.4427056814169577 0.592520685999737 7.08131647899674 0.5593825166301003 0.0 2.79710350624604 0.0
164170 24.871519831834263 0.3081830571051267 0.3081830571051267 2.5036653604524153 0.5661972037577463 4.918089812414109 0.5383082253392301 0.0 1.1790806547632111 0.0
164308 25.314827389071667 0.3080997007956986 0.3080997007956986 3.0540468520847774 0.447472986169807 5.874219943949075 0.4165438078752563 0.0 1.2559876150252005 0.0
164603 24.697762310251463 0.3110087450666456 0.3110087450666456 5.188912694367328 0.7249572298040515 7.488959308457543 0.5532032688173212 0.0 0.915438733701977 0.0
164624 23.762494518903942 0.3113593535828154 0.3113593535828154 2.233576926003781 0.5563402230504078 4.581321682186196 0.5322468445050095 0.0 1.7582437017001729 0.0
165006 24.55876350311722 0.3135943131445829 0.3135943131445829 2.638419738733391 0.6568371058119643 4.394954340296639 0.561577528366589 0.0 2.455493667693239 0.0
165233 24.651658760657813 0.3133032383193541 0.3133032383193541 16.26447776234806 0.6337690917322226 20.35228329775295 0.5676211789375941 0.0 2.724734501108863 0.0
165329 25.202025881595667 0.314914195909762 0.314914195909762 9.677680342407035 0.5198168111837856 11.491563782927182 0.40517436993934164 0.0 1.8116313932707842 0.0
165357 24.85245435373926 0.3151565958484264 0.3151565958484264 10.088861756426224 0.6348858265759706 14.598918467572657 0.5556104385400138 0.0 1.1790806547632111 0.0
165376 24.59673721114808 0.3154601140163081 0.3154601140163081 7.904740624882476 0.6010799390538808 9.271848652251894 0.551189924679749 0.0 4.203919065943414 0.0
165437 23.956748851164107 0.3165817010054306 0.3165817010054306 3.532821128380884 0.5748547150385305 5.080007932517931 0.5264991232291991 0.0 0.7301926208501203 0.0
165635 24.09173594415365 0.3179024257066981 0.3179024257066981 1.9329552271608554 0.6009356026175853 3.8515354213085606 0.5407337562495372 0.0 1.4622370834355864 0.0
165656 25.205908864442307 0.3162800460965612 0.3162800460965612 7.698679222519134 0.4720496924234417 14.240373144769242 0.42341803822765745 0.0 2.9891606835418005 0.0
165697 24.54916496599897 0.3180268037630961 0.3180268037630961 3.4008236322038172 0.650187820926524 4.644339827529303 0.5727237864533278 0.0 2.455493667693239 0.0
165817 24.812578686832857 0.3189456882467287 0.3189456882467287 3.9149192452829835 0.6330795101039663 5.388444080704008 0.5412099110307365 0.0 1.4867561729979226 0.0
165889 25.27111920417407 0.3194507438305566 0.3194507438305566 4.121832485717167 0.4360555536110018 4.608042360568777 0.3873216558863301 0.0 2.0144716051688714 0.0
166155 24.14229435030023 0.3212449518268712 0.3212449518268712 2.5874347380420373 0.5910065883770054 4.809181574042511 0.5357692825491823 0.0 2.7624533457535865 0.0
166225 25.00804685275273 0.3215882703029299 0.3215882703029299 3.0364635041221577 0.5311678763581459 3.7851092541296563 0.49795656695016166 0.0 1.1815376346763884 0.0
166261 24.32186316336648 0.3208849091563971 0.3208849091563971 13.54890704297162 0.6126776630105439 22.60541218460463 0.5473612565338656 0.0 0.8951448194650417 0.0
166341 23.702547772485424 0.3218860585537226 0.3218860585537226 5.89235451382038 0.6044983968686511 9.545504255996997 0.5421189057017352 0.0 0.737764972674597 0.0
166434 25.14079245037872 0.3229053321220919 0.3229053321220919 1.6762729061124657 0.445786454791095 2.9948401339126485 0.4168539136554185 0.0 1.3525159296759908 0.0
166488 24.835676946349995 0.3234893775624436 0.3234893775624436 4.459335668622048 0.6114577210633954 6.5560152623092955 0.5387084889284229 0.0 5.206872263903026 0.0
166518 25.116233021131887 0.3235777144578332 0.3235777144578332 4.062582723049809 0.4990276317027671 4.884590559543636 0.443332420076809 0.0 1.3525159296759908 0.0
166676 24.21770471012404 0.3245667794822235 0.3245667794822235 6.604954651586667 0.6128269743062527 8.724673672927862 0.5386090861455443 0.0 7.364470266610062 1.0
166759 24.151267669435008 0.325436299006823 0.325436299006823 1.9965055379205914 0.5742166519833904 3.9800513736433225 0.5162166521488623 0.0 5.3297517891070205 0.0
166925 24.479422216893305 0.3263514210890775 0.3263514210890775 3.030917421133897 0.6032435038141768 5.941539319812993 0.5614265314190736 0.0 2.84675624664294 0.0
166928 25.279210685217464 0.3258905275229115 0.3258905275229115 4.951349700293167 0.4605552270270496 6.327527536295834 0.4050829502815128 0.0 1.7795881134572589 0.0
166985 24.94688581405304 0.3266767128267603 0.3266767128267603 3.1474235343916486 0.6137160016261415 4.420697987181183 0.5128389146842219 0.0 0.5789181994324915 0.0
167018 23.88688802914148 0.3250908500780706 0.3250908500780706 3.506986319358674 0.5968861656499916 5.766591065746757 0.542808287177814 0.0 1.1446706813455023 0.0
167134 23.59900993639125 0.3278532792186121 0.3278532792186121 3.7801311318606676 0.6519686994315019 5.175638946330814 0.5865142100686745 0.0 0.6695169648716061 0.0
167157 24.178544624027616 0.3280555841366191 0.3280555841366191 4.103634578761799 0.5932422790877403 4.638928041305994 0.5264737446171454 0.0 2.7929991312350024 1.0
167431 24.109698390236264 0.328557800260916 0.328557800260916 25.598455214060493 0.6311781535120601 34.71677343543433 0.5674618640888172 0.0 1.4622370834355864 0.0
167441 24.66958584793902 0.3298263977075121 0.3298263977075121 3.1897785193839527 0.6154784602054147 5.321132430444978 0.5539927226287024 0.0 3.7358479726829064 0.0
167565 24.15604343299213 0.3291766177157129 0.3291766177157129 3.8543532069309947 0.6189478067681399 5.840880482339681 0.533207987008995 0.0 5.329751789107021 1.0
167754 24.59316561554884 0.3319492718257888 0.3319492718257888 3.7798992349539775 0.6036936737446721 6.142555052368617 0.5549212630800652 0.0 3.132858903239494 0.0
167853 24.88231563498449 0.3325212716172651 0.3325212716172651 2.6362613334880582 0.5588000440677422 4.88285216968399 0.5155860754019811 0.0 1.1790806547632111 0.0
168065 24.46003473429063 0.3341504334538428 0.3341504334538428 2.645593477911251 0.5780017502419431 4.486539197310063 0.5463466657200704 0.0 2.84675624664294 0.0
168154 24.21908138839204 0.3341055155097218 0.3341055155097218 3.62474114788632 0.6117092750870772 5.784503138197317 0.5393125024705012 0.0 3.137439675457922 1.0
168304 24.10465532312063 0.3358272005943739 0.3358272005943739 3.1272675213736494 0.5686458915706011 3.7343894992060878 0.5171128223157485 0.0 1.4622370834355864 0.0
168570 25.04946279204903 0.337461448575719 0.337461448575719 2.6102796092129146 0.5135966662855643 4.068687496031479 0.4750633334926912 0.0 0.847532011837252 0.0
168786 25.24751756791283 0.3388308929938077 0.3388308929938077 2.2294444999497505 0.4179126900147917 4.273947289631749 0.37886865954725596 0.0 1.73681147838815 0.0
168803 24.60349390761778 0.3379407960946525 0.3379407960946525 8.63821385343636 0.63698116832594 13.811694780802085 0.5716230808970594 0.0 3.132858903239494 0.0
168865 25.202269576549817 0.3394431460191312 0.3394431460191312 2.0442530723800365 0.4101405331532135 3.2607025337280398 0.3817547781449151 0.0 2.9891606835418005 0.0
168890 25.20659675061971 0.3393219564772608 0.3393219564772608 2.641869350075496 0.44604631353144975 5.418467841456003 0.3859186860388597 0.0 2.9891606835418 0.0
169092 24.05595292673065 0.3411280850240017 0.3411280850240017 2.3830819304554938 0.5477671257640709 4.874083865657464 0.5142841693424401 0.0 1.4440633047726756 0.0
169218 25.03383554488292 0.340972402299319 0.340972402299319 2.9131829366991204 0.5821630273612082 4.2622592219982804 0.47625104223599485 0.0 1.1815376346763882 0.0
169341 25.24500773209407 0.3424396700907494 0.3424396700907494 3.146349083015988 0.42056780118097625 4.4285054834799364 0.3867118867686112 0.0 1.26651210988835 0.0
169400 24.9997002626107 0.3425472053430588 0.3425472053430588 6.877447809316447 0.5700551308218703 9.612249619417815 0.5126740116479099 0.0 1.181537634676388 0.0
169424 23.598751560647983 0.3431630257105769 0.3431630257105769 8.024866364293878 0.6373526830994538 9.140282502347683 0.581492026099814 0.0 9.11909059854169 0.0
169658 24.42018963197572 0.3439826588656207 0.3439826588656207 9.309643598959674 0.6772904852716624 17.45995846416795 0.5952961240358106 0.0 3.7520216846374117 1.0
169690 24.2947058785156 0.3450326197939547 0.3450326197939547 3.3740559048874754 0.5566648508419825 4.407963615125858 0.5043865363935388 0.0 1.9352305846726026 0.0
169716 25.304423801858324 0.3450017280701031 0.3450017280701031 1.8877537430479543 0.43243675907632856 3.7148677969773316 0.40180449971567794 0.0 1.9169885169909344 0.0
169823 23.9830580080299 0.3450891193447636 0.3450891193447636 15.19343878636572 0.6540726718239449 18.262017887523097 0.5503500226684559 0.0 0.7301926208501203 0.0
169907 25.129443863575005 0.3450892518433116 0.3450892518433116 6.212693243935619 0.49917606801801656 11.101323779794804 0.4481698075767736 0.0 1.3525159296759908 0.0
170061 24.397485860146027 0.3474210599815843 0.3474210599815843 5.441879385745339 0.6027571970940068 6.84396787045819 0.541762163020072 0.0 2.7766905796405923 0.0
170221 24.472733271894665 0.3485406569867398 0.3485406569867398 3.8927189470798393 0.6048487596798454 5.989737179781297 0.5506538964606761 0.0 5.881690343774144 1.0
170222 23.96128308006379 0.34878222438828 0.34878222438828 2.2579316378897323 0.5718940989970627 4.649573152279724 0.5146682349133869 0.0 0.7301926208501203 0.0
170351 25.27163624426046 0.3493115629358977 0.3493115629358977 2.131206558023815 0.4377682597205162 3.270556285241183 0.3937370496884871 0.0 1.7795881134572586 0.0
170458 24.15903148412331 0.3504589045266275 0.3504589045266275 3.245273599448227 0.6385887448569817 5.132040782752118 0.5405223708238222 0.0 5.329751789107021 1.0
170687 24.2929042042914 0.3515865903644978 0.3515865903644978 3.8260191647278563 0.5686430335042771 7.646041457422298 0.5258492195940924 0.0 1.9352305846726026 0.0
170783 25.26963648224996 0.3519080078485849 0.3519080078485849 3.301913614156749 0.45721907724786215 5.419730720334857 0.4150510793750077 0.0 1.7795881134572589 0.0
170877 24.4793608913739 0.3535963127673454 0.3535963127673454 2.8814698436785102 0.6454278220940864 4.553038886495474 0.5875726823182276 0.0 5.881690343774144 1.0
171090 24.82117052203272 0.3549134027191429 0.3549134027191429 3.97682288198909 0.6097186654529272 4.659728717423784 0.5449820663768719 0.0 0.7147079227729476 0.0
171174 24.568613287739723 0.3556385150500534 0.3556385150500534 3.077962105812743 0.6357797461569052 5.003930939714246 0.5853446822488715 0.0 2.0329183176426677 0.0
171184 23.620747565417503 0.3557868649563821 0.3557868649563821 4.050057972407084 0.6724108019911061 6.647527241116619 0.5691506298130721 0.0 1.4059298031128664 0.0
171274 25.03607572051307 0.3560577846160449 0.3560577846160449 2.7361658944042406 0.5608714683253546 4.202465615374907 0.49494564120555384 0.0 0.847532011837252 0.0
171294 24.49857406438861 0.3538354644533038 0.3538354644533038 5.81621301221589 0.6595812056883104 10.870911734364087 0.5806190842516211 0.0 3.1741984605795235 0.0
171377 24.19159269366061 0.3568063069409689 0.3568063069409689 5.211382358660865 0.6113052656345498 9.294816875580802 0.5473968329443699 0.0 4.860064256490769 1.0
171465 24.68725011866524 0.357634812940727 0.357634812940727 3.477417210454275 0.6064291223678012 6.307740073258968 0.5765625365135888 0.0 3.3439359272339373 0.0
171595 24.464199507452943 0.3587192896826993 0.3587192896826993 5.034195185670366 0.6369401201869265 5.828176755183741 0.5758269301682696 0.0 4.341434000127466 1.0
171605 23.740491876204697 0.3586112133951381 0.3586112133951381 3.5842076030061962 0.6781724861924187 5.64631279714287 0.5602850732970266 0.0 0.737764972674597 0.0
171703 24.834649017413863 0.3593720650103991 0.3593720650103991 4.282361966970584 0.6157452189500601 4.997444264331 0.5460908966942797 0.0 0.7147079227729476 0.0
171749 23.590521103239865 0.3599091919687502 0.3599091919687502 6.9558102163098035 0.6612747216184758 7.801775488334277 0.6130577789592213 0.0 15.180620150979223 0.0
171887 23.875560353949204 0.3608797673471721 0.3608797673471721 2.1956050629440895 0.5856568683287423 4.548886888909064 0.5519337974222973 0.0 0.902834198584027 0.0
171988 25.23278679287561 0.3598207485441265 0.3598207485441265 11.800193199995512 0.4911483137289 14.813392847641756 0.4393365569651638 0.0 1.26651210988835 0.0
172041 23.94386936891792 0.3621056572643853 0.3621056572643853 1.9878592984512784 0.6070093669020649 3.744224322987258 0.527696991142929 0.0 0.7301926208501203 0.0
172100 24.76395906006485 0.3622749730305673 0.3622749730305673 3.0330598601291303 0.6046395178546062 5.719652865655269 0.5763951484077049 0.0 1.088897732073457 0.0
172120 23.58708926888704 0.362173839215509 0.362173839215509 5.491286045358289 0.699524077421393 8.954604413174122 0.6198909992256809 0.0 0.0 0.0
172200 24.38575659879469 0.3616588390510688 0.3616588390510688 17.398702143019314 0.6403678446311956 25.42659578558814 0.5611030474664488 0.0 4.263217997694946 1.0
172236 25.33466146354116 0.3625323772073118 0.3625323772073118 6.403336836890185 0.5158744648567855 8.403475211748784 0.4440714128122704 0.0 1.9169885169909342 0.0
172257 24.23212212899696 0.3635039491910788 0.3635039491910788 2.477677970733689 0.5851185076590182 4.274533405522506 0.5492841982182521 0.0 3.1374396754579226 0.0
172416 23.8422210449134 0.3646275418144444 0.3646275418144444 3.2322549251330623 0.5989094508747557 6.111306783242039 0.5561653301110191 0.0 0.902834198584027 0.0
172427 24.47306969064429 0.3645787968779604 0.3645787968779604 3.217499921119556 0.6514079750355385 4.5319112885308845 0.5680621178365169 0.0 5.881690343774144 1.0
172454 24.682488340461948 0.3643920817053003 0.3643920817053003 6.292941805858094 0.6700561076284637 9.084359166252508 0.5854091910496776 0.0 3.3439359272339373 0.0
172473 23.587837037343466 0.3650733875341255 0.3650733875341255 4.1599458818583885 0.6778549749957063 5.344228383774682 0.6104040594325698 0.0 0.0 0.0
172768 24.235793764216183 0.3670264833348016 0.3670264833348016 1.9363109724035845 0.5923018330682572 3.9529190492803497 0.5370775364807386 0.0 3.137439675457922 0.0
172895 24.74232949253852 0.3678130869681741 0.3678130869681741 2.321268464434426 0.6268275213158017 4.437281770631513 0.5778084190616912 0.0 1.088897732073457 0.0
172973 24.454836298418343 0.3682484569332714 0.3682484569332714 5.841782961750559 0.6322659951031783 7.644671450155678 0.5679988966365254 0.0 4.341434000127466 1.0
172974 24.129296760761623 0.3674011817528078 0.3674011817528078 5.243902777392161 0.6143067638993152 7.779372521762934 0.5545314290574695 0.0 2.6061306048086093 0.0
172995 24.336309226447124 0.3685805327627361 0.3685805327627361 2.4026328612227386 0.5588985521452814 4.914093228246007 0.5057509554726233 0.0 2.624837739031473 0.0
173121 25.3042959394594 0.3692641104463233 0.3692641104463233 2.221146685260839 0.4504463372488724 3.4777575233495446 0.4030413690580788 0.0 1.9169885169909344 0.0
173137 24.079732705276747 0.3696681214250047 0.3696681214250047 3.423680349302188 0.6220752189616923 5.600113293638656 0.5573890659251122 0.0 1.4440633047726754 0.0
173170 25.28816205051297 0.3673837188994791 0.3673837188994791 2.980719659580523 0.43107009672926244 5.08437212671857 0.3931937722768285 0.0 1.779588113457259 0.0
173459 24.56848587061084 0.3716328975260743 0.3716328975260743 2.946293334123616 0.6296641082928769 5.644910213575644 0.577359355401629 0.0 2.032918317642668 0.0
173522 24.087398489626512 0.3721225791244211 0.3721225791244211 6.131773841988796 0.6695341274913388 7.990511243162012 0.5644309805315846 0.0 1.4440633047726754 0.0
173618 25.126121144972124 0.372973344534767 0.372973344534767 3.1681778568801175 0.4771591787746692 4.003067238202365 0.4362870547001537 0.0 1.8683548574694864 0.0
173668 24.739147375472875 0.3720784264301595 0.3720784264301595 14.536943665169535 0.6328524613030501 29.05104271668835 0.6067622221648691 0.0 1.088897732073457 0.0
173871 24.182904268973697 0.3743655658064906 0.3743655658064906 7.754160525254695 0.6443895243926552 10.143513200436844 0.5358830163291264 0.0 7.617370369227475 1.0
173924 24.84687194774724 0.375044012178998 0.375044012178998 4.007173010919535 0.5858185862418279 4.981133967293667 0.5227128557781368 0.0 0.7147079227729476 0.0
173931 24.19380223133188 0.3751233487112578 0.3751233487112578 6.6435114201923495 0.596707536023541 7.360142186292272 0.5297600495479486 0.0 5.737749183306137 1.0
173944 25.163844262932024 0.375086127193231 0.375086127193231 2.0560255293708862 0.43556154601185665 3.5844880424635925 0.41695756552098506 0.0 0.8219422782960081 0.0
174216 23.953982670017744 0.37721361956488 0.37721361956488 3.200867080078194 0.5859345181980554 5.060476573283066 0.5208744450872215 0.0 0.7301926208501203 0.0
174327 24.568388661666315 0.7550504727685048 0.7550504727685048 2.6961732706262844 0.601777526793655 4.672810612938941 0.5431772363151985 0.0 0.47599648111450144 0.0
174367 24.564047734732817 0.4776412260105524 0.4776412260105524 6.470251262297945 0.6741989279926786 11.004179835024894 0.6184765439789452 0.0 4.132600939545106 0.0
174458 24.42316290729238 0.4148039646081491 0.4148039646081491 4.147667256111352 0.6291182538316795 7.2502381174507455 0.564482548944205 0.0 5.701401331741817 1.0
174515 25.27577941223309 0.4180885343762242 0.4180885343762242 11.098658574868889 0.511503962018909 15.184389270321308 0.449956521094987 0.0 1.6265634208339648 0.0
174766 23.998393916665663 0.4172918401643132 0.4172918401643132 4.778380617438887 0.5762688312784137 9.88726776234481 0.526422613988802 0.0 0.9850010613906165 0.0
174902 24.083243138199684 0.4115412944896461 0.4115412944896461 5.699336971244135 0.6439674382644114 8.140185309600668 0.535028345536491 0.0 2.1814998119009 0.0
174967 24.230017262453096 0.4122382704700466 0.4122382704700466 9.413555302370638 0.6884439221722048 12.121009243732685 0.5566264843427293 0.0 0.8332993675709106 0.0
175044 24.79482211039345 0.4118247659537831 0.4118247659537831 2.4942009279215416 0.6874527296532298 4.047777373844456 0.5594245310446773 0.0 0.7147079227729476 0.0
175141 24.876660937794764 0.4097402489933217 0.4097402489933217 2.3149360436287547 0.5546827699140349 3.9012373277882735 0.5228511441056132 0.0 0.7147079227729476 0.0
175304 25.144549052930408 0.4081541977000896 0.4081541977000896 5.237300346695691 0.4843428356531146 8.199547569951187 0.42585607174187345 0.0 0.821942278296008 0.0
175387 24.613017697623448 0.4105046276866741 0.4105046276866741 2.9640261725407986 0.6248591848110487 4.214816153627432 0.5745917347069276 0.0 1.7571781086925964 0.0
175755 24.39882586969601 0.4054458534614778 0.4054458534614778 5.88179747474236 0.6372048858926374 7.60497806480701 0.5663737898965389 0.0 11.33205451343471 1.0
176280 24.619391026535432 0.4023001869873077 0.4023001869873077 5.567306898766462 0.6645454819539557 9.863717929728 0.5676856362343676 0.0 1.7571781086925964 0.0
176668 23.88928269975353 0.398546559110142 0.398546559110142 3.250828953162353 0.673560877132388 6.512065583708244 0.5934364164274236 0.0 0.9194342555886175 0.0
176777 24.85716871477021 0.403294138404205 0.403294138404205 4.28522326062454 0.5861102972590511 5.474359245050979 0.51897541414996 0.0 0.7147079227729476 0.0
176808 25.299370972710555 0.4010892505102494 0.4010892505102494 1.9767149846417702 0.4657077390714597 3.909452478504895 0.4224684326269697 0.0 1.6265634208339648 0.0
176888 24.44142809423853 0.3967807442470485 0.3967807442470485 3.3353405038614468 0.6242456294736863 5.741618047949686 0.5664384403334345 0.0 12.250091474597877 1.0
176912 24.16783363845773 0.3963646153266481 0.3963646153266481 3.6150296762631773 0.6063389310859899 4.781374675612825 0.5529190953175628 0.0 2.4860323039475376 0.0
176919 24.187349145144324 0.3970752137215934 0.3970752137215934 2.8266736733363413 0.6133721792593834 4.6178847811947525 0.5355819366306738 0.0 2.735769554962497 0.0
176972 24.433254750951424 0.3990442638231616 0.3990442638231616 5.760048250967998 0.6271023614456351 6.933594672913016 0.5651470797245643 0.0 26.30680612664682 1.0
177023 24.529064357194265 0.7021397280244039 0.7021397280244039 3.934824781314539 0.6053354820373684 5.919785947852559 0.554186030138982 0.0 0.47599648111450144 0.0
177228 24.23248882577435 0.3948642564261282 0.3948642564261282 4.1702744361718755 0.612941122950349 5.594076505979992 0.5439607414108169 0.0 0.8332993675709106 0.0
177352 24.625010359463243 0.3948742335502291 0.3948742335502291 4.462572182029355 0.657230808258553 6.545096793682648 0.5694135192713669 0.0 1.7571781086925966 0.0
177450 24.42590874365217 0.3931670864269325 0.3931670864269325 5.226864728374479 0.6734858658539843 7.230893202813821 0.537084489525137 0.0 7.772243858864658 1.0
177548 24.984267379836243 0.3922322274805555 0.3922322274805555 4.254188797613208 0.5872104033048055 5.856873514536322 0.5217261286459672 0.0 1.182292334786021 0.0
177702 24.001006520787755 0.3919593422016337 0.3919593422016337 1.854778028668654 0.5601273224120691 3.777988177825109 0.5183498847982716 0.0 0.9850010613906165 0.0
177718 25.161000035646023 0.3929551631038652 0.3929551631038652 2.274597879296222 0.4567454616315683 3.5893186056792405 0.4313075160702692 0.0 0.8219422782960081 0.0
177839 24.442523529423767 0.3913127848040411 0.3913127848040411 6.746120071579044 0.6248539001889791 8.047711492984917 0.5639607100861077 0.0 8.954534716338774 1.0
177872 23.90889096576701 0.3908132506749712 0.3908132506749712 2.052096801765709 0.5665377153356126 4.228017280978009 0.5275916653963035 0.0 0.9194342555886175 0.0
178107 24.39596678698049 0.3938055752232166 0.3938055752232166 6.209292561424466 0.6144185617411336 7.783107079165286 0.5522080177677596 0.0 6.18111429315347 1.0
178152 25.127867752238416 0.3886634537353556 0.3886634537353556 6.778723849587071 0.49314560322048456 12.622303143233928 0.44801165156872963 0.0 1.8683548574694862 0.0
178176 25.13410568191617 0.3925968700545081 0.3925968700545081 4.553877887186197 0.47242845031866904 5.568365177875893 0.42304571557613896 0.0 1.8683548574694864 0.0
178282 24.61071721624857 0.3882782937900383 0.3882782937900383 6.505675349626003 0.6489333296972166 8.292684114706155 0.5811139092446302 0.0 7.036932065688579 0.0
178319 24.301742784485025 0.3863219199544117 0.3863219199544117 21.799054749730708 0.6284818859228842 28.53982914051226 0.5603651234396636 0.0 1.6374715989696547 0.0
178451 23.91473741454021 0.3874759416862895 0.3874759416862895 3.022923608997287 0.6097029031441127 4.904923836565766 0.5446614924020878 0.0 0.9194342555886174 0.0
178539 24.44984692839732 0.3853459391161812 0.3853459391161812 3.7343077365543675 0.6313060867061865 4.617877055589866 0.5655278361614177 0.0 8.954534716338774 1.0
178545 23.598605891391184 0.3857137820504845 0.3857137820504845 2.571632399526022 0.6520506706624692 5.082210631231282 0.5930942622629888 0.0 0.0 0.0
178593 23.748158296383625 0.3880828357018629 0.3880828357018629 2.818996224719852 0.5716387645268018 4.951196604556324 0.546787153958708 0.0 0.737764972674597 0.0
178660 24.932512445939384 0.3841727498612014 0.3841727498612014 3.0858656571322576 0.5453068466170092 5.261151864183339 0.5203577308803659 0.0 0.5789181994324915 0.0
178663 24.666122392952936 0.3850849159425614 0.3850849159425614 3.0361047785352406 0.6019240438214277 5.880743830995862 0.5719438480119656 0.0 2.789735233033993 0.0
178739 24.332422945156 0.3837661637477712 0.3837661637477712 39.008582581084866 0.6655711501689059 44.01566299239136 0.5839355061654753 0.0 2.624837739031473 0.0
178781 24.214138373234857 0.3838786128159123 0.3838786128159123 3.420222368554789 0.6014326837097042 5.412083272817346 0.5405185981534357 0.0 5.737749183306137 0.0
178852 24.99596724816434 0.3841540974060171 0.3841540974060171 3.4588837418506415 0.5555562195900128 5.748147214159812 0.5185611414639054 0.0 1.182292334786021 0.0
178940 24.347884029044337 0.3824453267875269 0.3824453267875269 2.032609864758945 0.5482906390412712 3.9475162762627414 0.518225077651323 0.0 3.1570280651256235 0.0
178941 23.827196815935697 0.3844066615573328 0.3844066615573328 2.502032425099477 0.604860555584234 4.98166548890989 0.5611724877783744 0.0 0.902834198584027 0.0
179022 25.0571935033435 0.3813855401100662 0.3813855401100662 3.522518519223809 0.5433032021761934 6.8563487960899385 0.4860451520794112 0.0 0.847532011837252 0.0
179034 24.626975494410345 0.3814527843058381 0.3814527843058381 4.995913744746846 0.6261802470765483 6.2921729794117605 0.5676580558249211 0.0 3.9373968576392753 0.0
179136 23.5932922894062 0.3818628990040364 0.3818628990040364 2.489769186182175 0.7034972218696683 4.9567498981091465 0.619774960640279 0.0 0.0 0.0
179282 24.51313649728112 0.3809587500435683 0.3809587500435683 3.6899458969325973 0.6357673705583021 5.918380531563542 0.5848953739446545 0.0 2.4395646071118287 0.0
179313 24.61198045449984 0.3817020966360713 0.3817020966360713 11.856696342737454 0.6780121907479401 16.383430188393266 0.5787645914265328 0.0 3.9373968576392753 0.0
179465 24.67477873853268 0.3796739178563206 0.3796739178563206 7.123156423663246 0.6514369984080982 10.456582393873626 0.5678940473022013 0.0 2.789735233033993 0.0
179501 24.357004760381496 0.3793875917469914 0.3793875917469914 6.178637541497157 0.6067520285870559 7.607978174704777 0.5281915843677916 0.0 3.1570280651256235 0.0
179786 23.79625944870869 0.3797128093569419 0.3797128093569419 1.719418606764949 0.6052319762869772 3.4740103474592106 0.5440903384327955 0.0 0.5470347991836977 0.0
182399 24.359310218161845 0.9209243758739106 0.9209243758739106 2.9491585034560233 0.668243060765444 4.581998573934374 0.6084832809175516 0.0 0.0 0.0
182480 24.58527762610659 0.9202886182083436 0.9202886182083436 2.963943766088671 0.7143309488283919 5.755125881814277 0.6136035414404518 0.0 0.0 0.0
182834 24.367100804126995 0.9146613900920038 0.9146613900920038 2.729469468848312 0.678633025444708 5.553976238773946 0.6116190138091081 0.0 0.0 0.0
182903 24.528353763422 0.9095907329571666 0.9095907329571666 3.7852812775984725 0.6487227129445131 6.037087669653586 0.5905548945646723 0.0 0.0 0.0
182998 24.665432036241903 0.9078246300150428 0.9078246300150428 3.3334155406437818 0.6651370543296168 6.103621866540825 0.6139933497110311 0.0 0.0 0.0
183182 24.39165347206449 0.9213548828899336 0.9213548828899336 2.9617061733932473 0.678522342844848 5.34287511531865 0.5804229955235821 0.0 0.0 0.0
183322 24.62130532357336 0.9070652500862288 0.9070652500862288 3.9664505749999264 0.6505103348451894 6.400721590875871 0.618941728401205 0.0 0.0 0.0
183450 24.261058446815507 0.90186325443795 0.90186325443795 3.2874629989757875 0.6462551419927294 6.264954900834542 0.6236046846188303 0.0 0.0 0.0
183705 24.32808449519489 0.8992164911586833 0.8992164911586833 2.1625963859839374 0.696086957389432 4.443442167968367 0.6200612329293649 0.0 0.0 0.0
184009 24.73087196945061 0.8928005003172399 0.8928005003172399 4.095450330464725 0.6647324858967336 4.716300231768974 0.6025185474004667 0.0 0.607171323727382 0.0
184131 24.49112306782425 0.8891913645036854 0.8891913645036854 2.19896454222918 0.6159918588419878 3.099087772376112 0.5549344996164381 0.0 1.4943190241810718 0.0
184135 24.43186898552495 0.8974946442426753 0.8974946442426753 3.8750490208384534 0.6332454010885089 4.885206419013207 0.5690338057911732 0.0 0.0 0.0
185053 24.283209389421835 0.8814822784584317 0.8814822784584317 3.922388102567525 0.6389560985063354 5.445123495997453 0.5942996626414835 0.0 2.0208666204219146 0.0
185228 24.488402962663063 0.8748606556669946 0.8748606556669946 5.099129705933705 0.651541601609879 7.173413414854087 0.5608887005588603 0.0 1.4943190241810718 0.0
185393 24.16921591193857 0.8734614935369028 0.8734614935369028 2.9020261331617103 0.6285524130138901 5.188436024545805 0.5685214050470462 0.0 0.0 0.0
185453 24.27599773768112 0.8805984696228768 0.8805984696228768 5.951860084141553 0.7600666641864404 7.718626090536835 0.6240254983170226 0.0 0.0 0.0
185627 24.558746639762337 0.8676430566220968 0.8676430566220968 3.049477671834472 0.6219546171818563 4.981061089087568 0.5566361799768624 0.0 0.5800684452777205 0.0
185650 24.613514637480616 0.8786701130429128 0.8786701130429128 3.2627929536503664 0.6404390707970253 6.108886479991038 0.6022442497989555 0.0 0.0 0.0
186059 24.231684700081377 0.8629343225009889 0.8629343225009889 5.085884671395353 0.5935876503248536 9.707394306403064 0.5801699175834937 0.0 1.897360603756214 0.0
186275 24.22087711918487 0.8620370955212996 0.8620370955212996 3.2328394315228017 0.6496351313770614 4.511931715452495 0.581694063543616 0.0 0.0 0.0
186538 24.80263895387456 0.8568828191066927 0.8568828191066927 3.1657876834881766 0.6633615500047687 4.962693592228923 0.6068282374586281 0.0 0.7511719776712147 0.0
186889 24.059784470267413 0.8524677447348551 0.8524677447348551 8.618786532347306 0.7000816744241296 9.970674165264828 0.614890446950504 0.0 0.0 0.0
187042 24.664669480306905 0.8551507773924211 0.8551507773924211 3.02944363324163 0.6189962188464574 4.766465159501579 0.5828330881001236 0.0 0.5943623175385282 0.0
187210 24.35972162823317 0.8487905565660805 0.8487905565660805 3.0403174221200135 0.6031381510849275 5.298299405201592 0.5672345124130023 0.0 0.8458745029812204 0.0
187350 24.84361622546588 0.8454674636775459 0.8454674636775459 4.471990209426875 0.6931351431970899 6.154465359902667 0.6024806533084962 0.0 0.6202831883278648 0.0
187377 24.3463553140026 0.8493047192971142 0.8493047192971142 4.909495334497539 0.6376397650179072 6.218006914976865 0.5674069221620627 0.0 1.6989132755206584 0.0
187490 24.33685131664956 0.8447696299071578 0.8447696299071578 9.296345579647806 0.6239393374663034 9.925107131280692 0.5637036148314781 0.0 1.6989132755206582 0.0
188225 24.16438168412508 0.8394356084272622 0.8394356084272622 2.871347627395545 0.5819459734155787 4.603816325935533 0.5532809884024839 0.0 0.0 0.0
188252 24.44595143433424 0.8365328165773572 0.8365328165773572 2.2867017904887397 0.6026739789788285 4.587726594917724 0.5492498579045296 0.0 0.8425601421221546 0.0
188369 24.44484363022428 0.8378438895936658 0.8378438895936658 2.9087566801392226 0.5757611954315041 5.084914335421552 0.5474909565639093 0.0 0.8425601421221545 0.0
188549 24.58014834486208 0.8296822125801453 0.8296822125801453 2.233045404387559 0.5745376262919877 4.481053374039921 0.5292141068026041 0.0 0.5800684452777205 0.0
188556 24.34585203515256 0.831590769286652 0.831590769286652 5.995247621979013 0.6138488326966106 6.690879215419584 0.5502878830531486 0.0 0.8458745029812205 0.0
188624 24.83120130325568 0.8293233510703264 0.8293233510703264 2.8341772958428746 0.6301825200433394 5.197580436770244 0.6067540716517134 0.0 0.6202831883278648 0.0
188729 24.83302432313628 0.8284849690578648 0.8284849690578648 3.238539447188435 0.6598726570041559 5.576135333751025 0.6086213503528896 0.0 0.6202831883278648 0.0
189168 24.13328245386031 0.8210480348829801 0.8210480348829801 3.2431230485678633 0.6258300528381118 5.311701011998987 0.5864805393073755 0.0 0.0 0.0
189280 24.311878055203103 0.8198974171951798 0.8198974171951798 1.9690254325776244 0.5735022137725949 3.89321209819179 0.5517572931026468 0.0 1.6989132755206584 0.0
189455 24.70838023905721 0.8184309266820161 0.8184309266820161 5.411361186280579 0.6285750539666369 7.713064942619044 0.5564010254401117 0.0 0.5943623175385281 0.0
189583 24.75879716949178 0.8175345422603065 0.8175345422603065 4.416917282165639 0.6446430936295969 5.091128554472452 0.5834444795948688 0.0 1.9730803368781127 1.0
189603 24.76539240151636 0.823811965336245 0.823811965336245 3.5317480418620857 0.6229099182889674 4.448617293161973 0.5608529953882745 0.0 1.9730803368781125 1.0
189636 24.454137250851588 0.8227128350960184 0.8227128350960184 3.0484358225114336 0.6144313592326623 4.486622118802516 0.5387886678311413 0.0 0.8425601421221545 0.0
190087 24.775801947042247 0.809628699420092 0.809628699420092 4.577178182765162 0.627694292676672 6.623056773917445 0.5723937743645736 0.0 5.064412281788438 1.0
190233 24.80626261814863 0.8091706254726349 0.8091706254726349 2.6579464626053237 0.6293795697394678 4.991915048913409 0.571112869074317 0.0 5.516210850128766 1.0
190668 24.69721282427225 0.804528711917827 0.804528711917827 2.857773868369253 0.6249975942152918 3.937675787037987 0.5471903919057824 0.0 0.5943623175385281 0.0
191263 24.30806238179389 0.7953023879237731 0.7953023879237731 3.4303449711179983 0.5742154054116196 5.960902132101241 0.5503484389194542 0.0 0.8458745029812202 0.0
191633 24.48471870522891 0.8018252736396498 0.8018252736396498 4.145290473767882 0.6181647485733496 6.034525344032747 0.5272773877895024 0.0 0.8425601421221545 0.0
191694 24.1875380130737 0.7896199024704923 0.7896199024704923 4.673022938313251 0.6236366351839875 6.065963791799625 0.5790606108537846 0.0 0.3820600609348508 0.0
191698 24.78486993420254 0.7920998392071681 0.7920998392071681 5.8827209420465145 0.6683996525789483 7.369776401866545 0.6059003021796482 0.0 5.516210850128765 1.0
191956 24.2394762508497 0.7885118673259512 0.7885118673259512 3.8728865467745464 0.6280556430270602 6.126786577754023 0.5818866371214314 0.0 0.38206006093485084 0.0
192093 24.686357597929224 0.7829226247314293 0.7829226247314293 3.251726410930053 0.6307685909296645 4.366028001718834 0.57035205150505 0.0 0.8649785599761872 0.0
192599 24.434278707533185 0.7971552774512523 0.7971552774512523 4.506423513680197 0.6151901891548811 5.084502174400834 0.5650078643245013 0.0 0.7807290725221789 0.0
192610 24.21214317599876 0.779398349333673 0.779398349333673 3.1295323210742843 0.6207934192147777 6.081001295431832 0.5853958643812475 0.0 0.38206006093485084 0.0
192647 24.28521728426388 0.7804564384636762 0.7804564384636762 3.849844672679051 0.6184374650051843 5.048300633700986 0.5614149687637595 0.0 0.3820600609348508 0.0
192683 24.11567161828374 0.7813657750202468 0.7813657750202468 2.7976309356449067 0.6493375596744618 4.620477622954895 0.6189933869458824 0.0 0.5430252034400069 0.0
192915 24.79045829790228 0.7738018219457417 0.7738018219457417 4.552552945948085 0.6779122795152752 7.754078376322728 0.6183963522002188 0.0 7.770970323424635 1.0
192947 24.41445365812101 0.7810793958471562 0.7810793958471562 3.7646221088101948 0.6800372690879736 6.280025753327845 0.597172132670509 0.0 0.7807290725221789 0.0
193306 24.388791824825528 0.7681151841851358 0.7681151841851358 3.4641635489904647 0.6335036332296449 5.587922932927454 0.573152506020521 0.0 0.7807290725221789 0.0
194112 24.75882428896259 0.7611767657359313 0.7611767657359313 2.5493713265644344 0.6121931123136124 4.6686471557052815 0.5939228333871143 0.0 2.5399522887395065 1.0
194172 24.80281353845298 0.758727968786473 0.758727968786473 2.710920033994579 0.7024116928389255 5.252601937254949 0.6253181851547317 0.0 8.654582931142473 1.0
194369 24.696664355308965 0.7559739192961742 0.7559739192961742 4.536925231854532 0.6085496986210545 5.197767653928672 0.5490488247893631 0.0 0.8649785599761871 0.0
194680 24.82253255162709 0.7630627666832199 0.7630627666832199 6.094451573540014 0.6939150197431719 9.614489014754378 0.6232378085187572 0.0 1.8592353736559335 1.0
194764 24.81938339903676 0.7553269196197933 0.7553269196197933 2.654293410334529 0.6719330428670888 5.0467037511708535 0.6177125846636911 0.0 20.13346774231992 1.0
194964 23.98151972784389 0.747682520175765 0.747682520175765 2.991792434288779 0.6484491661486388 4.550538365713732 0.5988451510368028 0.0 0.6380864509595426 0.0
195118 24.927496479203093 0.7575254183135903 0.7575254183135903 3.4125064206739464 0.6691576960912461 4.81668751423051 0.6058865892309739 0.0 0.3765089167366758 0.0
195151 23.94922437036241 0.7466530900763503 0.7466530900763503 3.056889617163013 0.6332147700648086 5.7529574332825915 0.6045122942536422 0.0 0.6380864509595426 0.0
195197 24.92411257204259 0.746672665498357 0.746672665498357 8.525909761056662 0.6560189139176402 9.83975786749169 0.6132625074887256 0.0 0.37650891673667586 0.0
195285 24.02611872592262 0.7496437807131949 0.7496437807131949 4.105937401314485 0.6641918500492332 6.608211251566679 0.6119150589883761 0.0 0.7696631374581273 0.0
195602 23.99297919574228 0.7504721595383499 0.7504721595383499 4.0120807014239706 0.6329374219522305 6.449706432461993 0.6024173033484231 0.0 0.7696631374581274 0.0
195625 24.859265765790287 0.7433026537668971 0.7433026537668971 2.732038747513549 0.7887154846697281 5.033483953608465 0.6157841449238265 0.0 2.575688956448255 0.0
195676 24.729561023756784 0.7428705432704604 0.7428705432704604 2.6308053825568116 0.6485307752373395 4.57064850151471 0.5708028019221792 0.0 2.539952288739507 0.0
195856 24.82221433345621 0.739739171105163 0.739739171105163 2.450438260462786 0.673759242162577 4.657968953390618 0.6122770679573705 0.0 2.5756889564482544 1.0
196181 24.10973747072447 0.7348179440298409 0.7348179440298409 8.461226812240458 0.6930490530165085 11.057053874871189 0.6009634088887397 0.0 0.5430252034400069 0.0
196227 24.570335129259945 0.7349878788333308 0.7349878788333308 2.7796453411878397 0.5791197779027569 5.6004725342659 0.5257891658921044 0.0 0.4759964811145014 0.0
196329 24.55177493729127 0.7413219875729434 0.7413219875729434 5.449909572604959 0.620468230741412 6.655176620035352 0.5427843506786726 0.0 0.47599648111450144 0.0
196448 24.91348479398495 0.732563357776833 0.732563357776833 6.4190362961011225 0.6529072801436642 8.527883717485318 0.5947600958167376 0.0 1.8019677954739959 0.0
196590 24.007626802072053 0.7296580817218641 0.7296580817218641 4.2842903680824245 0.5888851787214391 4.855492455017178 0.5797920968764974 0.0 4.741766927721573 0.0
196691 24.777202142437968 0.7346074535994268 0.7346074535994268 3.004872218138599 0.6550990635844989 5.673496625538422 0.5909237921980242 0.0 3.2946604169764724 1.0
197251 24.25415582316627 0.7225569471499917 0.7225569471499917 3.055875889041763 0.6147764075842728 6.1694924339682755 0.5538452279554025 0.0 0.38206006093485084 0.0
197345 24.97956159362826 0.7263230886447931 0.7263230886447931 4.706790784713626 0.6434420125966304 6.0924050608054605 0.5802793765287337 0.0 0.0 0.0
197676 24.636925062444035 0.7220199844935102 0.7220199844935102 3.449463268011575 0.6155575567413187 6.206502974259868 0.547101946605835 0.0 0.9971163277717529 0.0
197844 24.768689731140068 0.7179609367057465 0.7179609367057465 3.9335661515183733 0.6594138124814637 6.234847446029604 0.5967216011455183 0.0 3.294660416976472 1.0
197880 23.97075895682676 0.7213282880563834 0.7213282880563834 3.4075504451389667 0.63513002551791 6.334986994094431 0.5862669263322513 0.0 0.6380864509595426 0.0
197965 24.592718549945133 0.7304475754950582 0.7304475754950582 2.6381465098405554 0.566363524027669 4.784258772677205 0.5364445004163019 0.0 0.4759964811145014 0.0
197968 24.960586195684 0.7151778116164998 0.7151778116164998 2.242867995960992 0.6169686547032949 4.3864480630358615 0.5725406509894826 0.0 0.0 0.0
198037 24.019079894181004 0.7145810909893202 0.7145810909893202 4.335101375275717 0.6442044981888911 5.330389636500767 0.5766711713943075 0.0 1.9953721642222808 0.0
198063 23.98950214303397 0.7192690808583672 0.7192690808583672 2.565418695515447 0.6037105932362077 4.814876374924845 0.5722711690150176 0.0 0.6380864509595426 0.0
198296 24.43281657531505 0.711574928441011 0.711574928441011 6.072870482568559 0.6634402159414421 7.729338156752919 0.5729590182461274 0.0 1.0303165295351622 0.0
198332 24.449771147552912 0.7172466649573692 0.7172466649573692 3.8114272997375456 0.6436560949615799 6.107622442271452 0.5757840273091307 0.0 1.0303165295351622 0.0
198336 24.95323476129175 0.7164858811093153 0.7164858811093153 3.3501582140346193 0.642780149991261 5.1544913905535985 0.5899004843267148 0.0 0.0 0.0
198575 24.31877592189421 0.7129656234106664 0.7129656234106664 3.085707282232075 0.5668799799609985 4.110209532056888 0.5502664573755954 0.0 0.4804310835167461 0.0
198643 24.717828660947337 0.7095319695464489 0.7095319695464489 5.207440883807623 0.6382349484421617 6.359429777876093 0.5875721157738691 0.0 1.6233033010170423 0.0
198652 24.801297561296764 0.7102592954436888 0.7102592954436888 5.065216489401373 0.6556909616863464 6.904836623761666 0.6081404314486768 0.0 3.4407719853510805 1.0
198682 24.62408560261904 0.7177692031715005 0.7177692031715005 2.4116844374284545 0.6189768458877118 4.343834656560089 0.5306590009325943 0.0 0.9971163277717527 0.0
198765 24.72207365241417 0.7095673663677619 0.7095673663677619 2.6375079885966493 0.638823603629752 5.288688752722225 0.5868450590979581 0.0 1.6233033010170421 0.0
198848 23.881499980480243 0.7070875373604856 0.7070875373604856 5.150445748794466 0.7096147008230761 7.594520686032034 0.6056542416639988 0.0 0.0 0.0
198866 24.99509657073488 0.7077423560296989 0.7077423560296989 2.7565268548438824 0.61599241144673 5.486365607605791 0.5882288436932926 0.0 0.0 0.0
198928 24.991593081814607 0.7061405673260875 0.7061405673260875 3.1988427140776494 0.6515864262288191 5.315770860653433 0.5967426662948433 0.0 0.0 0.0
199056 24.01257152477784 0.7160511215214541 0.7160511215214541 3.1121500963588873 0.6479599785086375 4.733835680981295 0.5761089147466434 0.0 4.741766927721573 0.0
199197 24.923041902830484 0.7037735178026249 0.7037735178026249 5.191878721471536 0.6378264737779542 5.746862961107438 0.5734543969074868 0.0 1.8019677954739959 0.0
199278 24.684147369966063 0.7027521153842065 0.7027521153842065 13.529322248302952 0.6362218359907168 21.327119436400697 0.5720371346909756 0.0 0.9971163277717527 0.0
199376 24.25869799030434 0.7036826058714177 0.7036826058714177 2.139262612783797 0.6272381359917734 4.057765293362469 0.5537636326917881 0.0 0.4804310835167461 0.0
199554 24.789960695727057 0.7014706391137789 0.7014706391137789 4.734254280006087 0.6671252112927999 7.584635774579179 0.6017904091398715 0.0 7.249401261534507 1.0
199861 24.79153301941496 0.6959966145068093 0.6959966145068093 6.038432954984566 0.7002854967688829 7.445238822801471 0.6054418776616647 0.0 4.212751563133954 1.0
200168 24.922480475234817 0.6958308856150999 0.6958308856150999 2.2402646602542107 0.6212880778815882 3.830796034989539 0.5747396800405126 0.0 2.0032383311285953 0.0
200308 24.888200758426024 0.6925474612457044 0.6925474612457044 4.665042517225111 0.7100453094969562 8.291375397238307 0.618093843264862 0.0 2.0032383311285957 0.0
200330 24.88745989565245 0.692078764814859 0.692078764814859 5.378933217287763 0.6872514683271344 7.832925127238466 0.6225182328035784 0.0 2.016127527271423 0.0
200626 24.722814366821048 0.6891018066863343 0.6891018066863343 6.141768457031045 0.6785390733639984 7.432809998419426 0.6176282983143744 0.0 1.6233033010170421 0.0
200775 24.10730876337026 0.6886624596815747 0.6886624596815747 3.1465829885799486 0.6736600714761581 5.824402282156139 0.5783963890976208 0.0 1.5219365899175603 0.0
201022 24.387187616041093 0.6922010067112715 0.6922010067112715 2.8445422248793713 0.6438270703303841 5.389481371920161 0.5751798721309629 0.0 1.0303165295351622 0.0
201047 24.50647936380141 0.6854217733721633 0.6854217733721633 1.9464331886865496 0.6100081655508447 3.909191610579879 0.5754804367890898 0.0 0.9309596948379008 0.0
201249 24.9126814561345 0.6844005659371878 0.6844005659371878 2.953751118041153 0.6770405027780259 6.083814703211496 0.5856457233192996 0.0 2.0032383311285957 0.0
201731 24.77899712669918 0.6782316513195022 0.6782316513195022 3.322272900715331 0.6533026409819036 4.9643612928038525 0.6000090649170546 0.0 0.9975639002158976 0.0
201888 24.92828154215388 0.6776593122254935 0.6776593122254935 3.1031088209596884 0.6487983364982917 4.1124939934219595 0.5825135699580074 0.0 2.0032383311285957 0.0
202024 24.605127229692098 0.6761619447752836 0.6761619447752836 2.997549117266258 0.6228949714928717 5.032699160912032 0.5702981010309228 0.0 1.588665387029498 0.0
202079 24.475242109542908 0.6779402794060018 0.6779402794060018 2.128461573351432 0.6101458382803335 3.8130753000200137 0.5680934709163499 0.0 0.9309596948379008 0.0
202215 25.0109459893858 0.6740360674202146 0.6740360674202146 4.414109591333591 0.6641396290406714 8.83018702299197 0.6042565767318842 0.0 0.46323469974338316 0.0
202518 23.872952311539887 0.6724116792178435 0.6724116792178435 6.963727622214083 0.6391088689391304 13.86587573547509 0.5901156037947921 0.0 1.8685708782965025 0.0
202621 24.72772673576817 0.6703000658242737 0.6703000658242737 2.960501365311127 0.602440536382905 4.421201439099649 0.5650029714414063 0.0 1.6233033010170421 0.0
203065 24.544007434968 0.667269975425772 0.667269975425772 3.454751058276448 0.593535701686781 5.095881861639231 0.5552586144934619 0.0 1.6747803391106983 0.0
203189 24.32067866016535 0.665190136775449 0.665190136775449 5.0718046277288025 0.7069976368054556 7.101014196256838 0.5738741290209949 0.0 0.4804310835167462 0.0
203195 24.097460943804027 0.6675102588015338 0.6675102588015338 3.1448383538563527 0.6413608015597626 4.484345769322577 0.5602089760888901 0.0 3.140075485265104 0.0
203356 23.850885950886468 0.6647024416980543 0.6647024416980543 4.676592940331511 0.6963674265440982 6.35619171934781 0.6163737759648067 0.0 0.0 0.0
203396 24.0458590412052 0.6646990761501591 0.6646990761501591 3.1652588658336644 0.6352658457867555 6.031150542297963 0.5570908575764758 0.0 2.6326822076161633 0.0
203402 24.16629204181051 0.6649013594976395 0.6649013594976395 2.2777640381950253 0.567617637418537 4.719942081912683 0.5357915065392405 0.0 0.6974744222683482 0.0
203454 24.58617728956856 0.6636574756752068 0.6636574756752068 3.001534370547192 0.5752857353177859 5.222500662933921 0.5390031692508276 0.0 1.588665387029498 0.0
203822 24.782217512707145 0.6598191952097404 0.6598191952097404 4.601203140082522 0.6624109452010053 6.929569246486672 0.5820866015279219 0.0 0.9975639002158975 0.0
204112 24.677875098473947 0.6574956530948737 0.6574956530948737 2.401559903464023 0.5914933626220065 4.76455590501385 0.5651720334283492 0.0 1.6497694071370677 0.0
204263 24.5042321189359 0.6554827431467618 0.6554827431467618 3.6817634512766633 0.6063199635540012 5.787993180204997 0.5672036099934544 0.0 0.9743017102129758 0.0
204540 24.570666821607016 0.6558784434334304 0.6558784434334304 3.630264311580083 0.5923466177809749 6.879223668359794 0.5596801584343783 0.0 1.5886653870294978 0.0
204606 24.07208400912505 0.6534538889782685 0.6534538889782685 4.103736376482193 0.5952067476126376 6.1294266744640575 0.5463341759921698 0.0 2.6326822076161633 0.0
204725 24.548665192479504 0.6533145413641559 0.6533145413641559 4.422040336782307 0.6197338546339629 4.906038512590872 0.5571228029526833 0.0 1.6747803391106983 0.0
204945 24.434788802341885 0.6508253623530069 0.6508253623530069 2.703838100754792 0.6139256136930491 4.848190470798194 0.5844436835789308 0.0 0.906214311760006 0.0
205105 24.55742301696393 0.6487565420752552 0.6487565420752552 4.847358294391788 0.6593442633324805 8.77013177588309 0.5786830476669511 0.0 1.6747803391106983 0.0
205202 24.43913352253777 0.6466489333160079 0.6466489333160079 2.7532108964663213 0.6274936990262238 5.057544448708305 0.5554128819470463 0.0 0.906214311760006 0.0
205418 24.436988096036416 0.6521636269675144 0.6521636269675144 3.24150728980979 0.6316389518732041 4.770275942872149 0.5689552621414893 0.0 0.906214311760006 0.0
205490 24.58338425375494 0.6486255104750633 0.6486255104750633 3.283353105936011 0.5863678168235422 5.197257377725888 0.5515965361409575 0.0 1.588665387029498 0.0
205625 24.09596375929452 0.6424750817866266 0.6424750817866266 5.7611306597166925 0.6522532662178833 6.9066354020995115 0.5643935499759073 0.0 2.6326822076161633 0.0
205654 24.416157321318806 0.6452869064030125 0.6452869064030125 4.4036710115305056 0.6501980893431633 5.982623957841719 0.5865393440365734 0.0 0.906214311760006 0.0
205659 24.76843816616658 0.64537635567788 0.64537635567788 3.2526543848370575 0.6442900338044498 5.690567250856712 0.5829881152381885 0.0 0.9975639002158974 0.0
206002 24.69275671125637 0.6411934414637028 0.6411934414637028 5.790252790874349 0.6783679779306716 8.549055866438088 0.5747486031141571 0.0 1.6497694071370677 0.0
206120 24.141160535370307 0.6388690365339618 0.6388690365339618 7.726722009418033 0.6223856041841572 11.048544121088211 0.5405193063338837 0.0 0.6974744222683482 0.0
206168 24.103191045645143 0.6469442974846681 0.6469442974846681 5.493843091815789 0.6424207666658218 7.479864468864463 0.5429601983219078 0.0 3.140075485265104 0.0
206283 24.57018579802137 0.6378223817462018 0.6378223817462018 2.6073002296882626 0.6213104873237282 5.198543690939566 0.573889953635005 0.0 4.132819072341764 0.0
206334 24.77987124065904 0.638551686036128 0.638551686036128 3.0314436635867796 0.6357139900650483 5.3172792850076105 0.5688559237386511 0.0 0.9975639002158975 0.0
206476 23.94725058374254 0.635948423269488 0.635948423269488 2.1283979658711956 0.589153319965099 4.215456606272559 0.5575102935417965 0.0 0.8390760925761525 0.0
206646 24.39111297080592 0.6437970520396212 0.6437970520396212 2.7817186360193342 0.6429219271696576 4.081071769425343 0.5958627070222114 0.0 0.906214311760006 0.0
206703 24.33845267519832 0.6405839523865935 0.6405839523865935 2.8612324929170594 0.6816568466082398 5.515969610492262 0.5862928457366471 0.0 0.48043108351674624 0.0
206755 23.83543312315512 0.6337019839527999 0.6337019839527999 2.264739183395951 0.6794425493993702 4.26787007130751 0.6094370969729027 0.0 0.0 0.0
206858 25.01354388316049 0.6318528441124357 0.6318528441124357 12.778600370742165 0.6954814564794423 17.70859289384552 0.6210166971137586 0.0 1.5757063197883117 0.0
206875 24.697554953528865 0.6315439828180485 0.6315439828180485 2.9692862793881605 0.6676944898519815 4.719346695296062 0.6019813217126363 0.0 1.6497694071370679 0.0
206998 24.768838607660875 0.6318781157596489 0.6318781157596489 3.4812609564056958 0.6460066493254703 4.828478589929138 0.5857480232040111 0.0 0.9975639002158975 0.0
207106 24.1679786405859 0.6303450645610004 0.6303450645610004 2.4444916048611374 0.6514297259788645 4.425067203024998 0.5532304371945069 0.0 0.6974744222683482 0.0
207125 24.590021151510065 0.6302422917120192 0.6302422917120192 4.121960692130266 0.6521939672774762 8.435864810237328 0.5860639489398548 0.0 4.4972201642612095 0.0
207219 24.2380827004238 0.6330298135846155 0.6330298135846155 3.6349449980609236 0.6071434683703147 5.324920552041212 0.5640515631995783 0.0 1.4943156027032423 0.0
207407 24.935450336524056 0.6013098414314983 0.6013098414314983 4.857955326351105 0.6590884576087217 5.513180538367991 0.6103276532002379 0.0 1.100017509428731 0.0
207419 24.98362898902803 0.6249292952212457 0.6249292952212457 4.525321733842558 0.6809313446696152 6.6422646878277085 0.6015926851587982 0.0 1.2871713790763704 0.0
207815 24.200575455406764 0.622501200446458 0.622501200446458 2.2397637191573327 0.6474302373148335 4.5804126360111646 0.5460771708695972 0.0 2.3674479935638435 0.0
207869 24.09076764352297 0.6181246085012988 0.6181246085012988 20.29315666835149 0.6797209393341647 33.97365393936255 0.6141695578824944 0.0 4.143173913477555 0.0
208044 24.430519434202857 0.6200987789165037 0.6200987789165037 2.2503713609473612 0.6324484759894995 4.137290867427606 0.5680427008162343 0.0 0.9062143117600059 0.0
208274 24.4742457141964 0.6234157578093624 0.6234157578093624 6.8184883105007 0.637129534835503 8.527158283186433 0.5720113826746858 0.0 0.9743017102129757 0.0
208316 24.31119625934508 0.622664009391747 0.622664009391747 6.354409370796358 0.6757484071308442 6.88637307188226 0.6044502190183756 0.0 3.2576333490053413 0.0
208449 24.59854267229891 0.6202648942492524 0.6202648942492524 4.46994974841615 0.6769954325920007 8.18139497366848 0.5999966910732273 0.0 7.804952839049734 0.0
208466 24.12200753869904 0.6228234254359855 0.6228234254359855 7.80114572277591 0.6396022125735137 9.241640635823343 0.5467247053192053 0.0 3.4498116805916403 0.0
208526 24.62932334522156 0.6188803805537527 0.6188803805537527 4.45109051680645 0.6771799099987487 8.931730957265163 0.6035887368174316 0.0 2.057781207744381 0.0
208555 24.223239790188423 0.5742171854998929 0.5742171854998929 11.383382008935119 0.5399175768714768 11.84435404513014 0.5257087423452314 0.0 2.3674479935638435 0.0
208732 24.20743902998226 0.6131012375297834 0.6131012375297834 2.914527320709531 0.5777423856242938 5.7121206584106545 0.5349920351935225 0.0 2.367447993563844 0.0
208943 24.37792724578164 0.6207549144760096 0.6207549144760096 3.49840484621033 0.6583976808376736 6.1145075013467025 0.5893447815671965 0.0 1.4829638182915459 0.0
209181 23.80195071671864 0.6140436773130262 0.6140436773130262 3.5836603726600367 0.6178265130873685 5.755975440831678 0.5822028075014298 0.0 0.8268803884486307 0.0
209225 24.24659423770922 0.6096784486784891 0.6096784486784891 3.7491867365263096 0.622171175787323 5.770270385074167 0.5721275500201691 0.0 1.5402947542135421 0.0
209278 24.18740508792376 0.6099182578792952 0.6099182578792952 4.8388896923308415 0.6209492263824966 5.737092131086747 0.5505194838116513 0.0 2.3674479935638435 0.0
209346 24.447660640193845 0.6072893244780683 0.6072893244780683 2.8130459638359224 0.6250766688983914 5.379990852596787 0.5838173687907456 0.0 0.9743017102129757 0.0
209563 24.31345636178128 0.60814699680556 0.60814699680556 3.1039127989082576 0.6467265083463988 6.159361461999772 0.5916143840188687 0.0 3.2576333490053413 0.0
209617 23.86905521971733 0.6056994455416853 0.6056994455416853 6.383479585889174 0.6642950085565872 11.063305691865873 0.5876583592764238 0.0 0.8268803884486305 0.0
209619 24.336800663700338 0.605982549396524 0.605982549396524 2.6006780986993303 0.68272103113361 4.598646222385104 0.5993202371093258 0.0 1.4829638182915459 0.0
209628 24.298122569310493 0.6055901042470506 0.6055901042470506 6.097372753507852 0.6519173129883655 7.760277916724345 0.6004772752012283 0.0 5.988383516952597 0.0
210010 24.9420447360966 0.6010319470294767 0.6010319470294767 2.178221808148041 0.6981073192072882 4.366877947016481 0.6087218089684362 0.0 1.2871713790763704 0.0
210110 24.271803212797447 0.6001751037522202 0.6001751037522202 9.003703464952489 0.662285200179441 13.572452111465417 0.5903937255707222 0.0 1.494315602703242 0.0
210120 24.05710407596717 0.6012927672621371 0.6012927672621371 3.106463149841521 0.6017198924562867 4.879503377485659 0.5475655086510683 0.0 2.2657362040383875 0.0
210166 23.94527910076315 0.6014261606296272 0.6014261606296272 3.0685057079109512 0.641763401111449 3.9167851076232627 0.5756335067739167 0.0 0.6985110243564007 0.0
210304 23.767817274958112 0.6084156344184327 0.6084156344184327 2.9518412197530175 0.6228266665431205 6.098046812534238 0.591078819336089 0.0 0.0 0.0
210344 24.703580559097546 0.607177803880425 0.607177803880425 4.773204333404547 0.6489464769428108 5.5567080126619715 0.602230794370444 0.0 0.9652912470764701 0.0
210512 24.63215076348651 0.5965390378128105 0.5965390378128105 6.289596490181962 0.6823627639637327 12.002309702487446 0.6147254795341512 0.0 2.7382751094870192 0.0
210534 24.33132136844284 0.5971981776548847 0.5971981776548847 4.966683609632869 0.6903256936404354 7.3639615965883 0.6170353066352683 0.0 3.3556634072183913 0.0
210556 25.33530835233477 0.6020149543270215 0.6020149543270215 2.5522451228222995 0.6275920306896602 4.5238815523315505 0.584872493278181 0.0 0.0 0.0
210641 24.598703653081767 0.5955645003331589 0.5955645003331589 2.8784698625408254 0.6669548076424809 5.663554029569079 0.6003310681287427 0.0 3.1906985509608354 0.0
210854 23.954700545909137 0.5930510572514627 0.5930510572514627 2.545970515293199 0.5842515058996283 5.191963406977105 0.5521097094455731 0.0 0.6985110243564007 0.0
210859 25.312089892704524 0.5935387342015941 0.5935387342015941 3.02513532091634 0.6467886864674237 5.469781309115135 0.576186363935635 0.0 0.5806274605070325 0.0
210942 24.04465507204104 0.5933115610688551 0.5933115610688551 8.030399957554238 0.6517002347951412 10.66412239975628 0.5755650321626019 0.0 1.6366619588576863 0.0
211244 25.12791753949237 0.5903944601572882 0.5903944601572882 3.458903570903184 0.6140225091707665 4.536785501414143 0.5520664460582062 0.0 0.0 0.0
211261 24.10499756214908 0.5915793351616181 0.5915793351616181 4.8886062002037916 0.593758186476209 7.5416929998150595 0.5213350971546141 0.0 2.721231151514791 0.0
211620 23.92496897374086 0.5885351147000578 0.5885351147000578 28.024996762247042 0.7080586509749006 34.068698193484266 0.5971377537287621 0.0 0.6985110243564007 0.0
211843 24.99010792751703 0.584870917253761 0.584870917253761 4.324653009706441 0.6640013988442474 6.795077152491608 0.6003205741821046 0.0 1.7779553699019421 0.0
212021 24.2519338031686 0.5842363396146603 0.5842363396146603 3.1087855954306205 0.6157433657285621 4.980275137550402 0.5579077244091977 0.0 3.0077030632482957 0.0
212070 25.1344210811552 0.5836744056449884 0.5836744056449884 6.138687872082372 0.646289870219102 11.505845078601036 0.575546297570751 0.0 0.0 0.0
212337 25.031140853782777 0.5850048123911719 0.5850048123911719 4.228491633118068 0.6245668292830252 7.510897064854613 0.5637099627034936 0.0 2.171964027219119 0.0
212492 23.95920569196432 0.5883557455768237 0.5883557455768237 1.8803349734350965 0.6150942174358291 3.549767371460493 0.5487130184969435 0.0 0.6985110243564007 0.0
212801 24.349457305098404 0.5773485806277994 0.5773485806277994 3.671067222550598 0.6455236861496572 6.303207718391956 0.587010129522376 0.0 3.355663407218392 0.0
213061 23.848475965597263 0.5774704693918457 0.5774704693918457 2.376485293962689 0.565793049152906 4.042261806995498 0.5427103908878882 0.0 0.8268803884486307 0.0
213096 24.38017482665419 0.5769447106121571 0.5769447106121571 2.7489374781231035 0.6339442170409789 5.570061978229229 0.5828804074300562 0.0 1.4829638182915459 0.0
213122 23.96190715496807 0.5777921450936058 0.5777921450936058 2.378456739569758 0.581508105282154 4.881873721825058 0.5497077931342037 0.0 0.6985110243564007 0.0
213150 24.008368058899617 0.5751157293846249 0.5751157293846249 6.613043102383141 0.633162470922527 10.794418588977159 0.5533501583182384 0.0 1.0629743711847046 0.0
213361 24.29407805907955 0.5736241652460407 0.5736241652460407 3.312159697638068 0.6338936281971508 5.3979024100070205 0.567629702854986 0.0 3.891439721826186 0.0
213474 24.22221507852625 0.572488879493798 0.572488879493798 16.90772063844134 0.5692049854278519 25.782537579544655 0.544625169183111 0.0 2.3674479935638435 0.0
214283 25.19810650256941 0.5669600865198295 0.5669600865198295 2.2645132094530074 0.6024082413430073 4.250506516803925 0.5399723978879282 0.0 0.0 0.0
214445 23.961081352837013 0.5674133402949911 0.5674133402949911 2.607297654486633 0.5908678758527359 4.26768079398778 0.5363129977451179 0.0 0.6985110243564008 0.0
214628 25.06056437309181 0.5644375205047564 0.5644375205047564 4.350896374467088 0.606021482209046 6.575325926764555 0.5425092547646564 0.0 1.6268726763279493 0.0
214727 25.193663727378738 0.5651714928829832 0.5651714928829832 3.0694049683197933 0.5606166384327943 6.11346325708615 0.5338293187820281 0.0 0.0 0.0
214865 23.74857194988266 0.5664744977301576 0.5664744977301576 2.6895023395664834 0.6117899133463168 4.4026167239835985 0.5473920044413156 0.0 0.0 0.0
215149 24.49230738150691 0.5601383222992062 0.5601383222992062 5.725503852516403 0.6174430796488053 10.606282727368898 0.5778977270541843 0.0 1.412611749861117 0.0
215709 24.59564113212791 0.5543505758119495 0.5543505758119495 4.993292653024834 0.6587324426248043 8.408146112463434 0.6003841172822998 0.0 2.9515074785786406 0.0
215752 24.183939975827304 0.5563921129579718 0.5563921129579718 2.945131222884505 0.5749490751165155 4.497299934836935 0.501332437393621 0.0 1.3446427432572394 0.0
215781 24.543345036449168 0.5559761072394558 0.5559761072394558 3.51501708563866 0.6638067973276223 5.876494748308039 0.6088058635496062 0.0 2.430422989979862 1.0
216129 25.1554973028704 0.549067992474087 0.549067992474087 2.8662067523836052 0.5880445623836582 5.286869887811674 0.5171672105741527 0.0 0.0 0.0
216362 23.9625816132038 0.5485270198880335 0.5485270198880335 5.083666392712146 0.5682943567476922 6.348624875641285 0.5355572790750762 0.0 1.0629743711847046 0.0
216475 24.28853252776865 0.5476129773282865 0.5476129773282865 3.8041501662142814 0.6665144128389551 7.031980766188668 0.5821055292598949 0.0 4.3423250961239095 0.0
216617 23.91102732350429 0.547297029723807 0.547297029723807 4.131657742624287 0.6444097934079804 6.018053710613359 0.5374892854691968 0.0 0.6985110243564007 0.0
216843 24.66891344845942 0.5515306721402254 0.5515306721402254 4.018694076727364 0.647800886325671 4.894882739134114 0.6156873173425766 0.0 0.9805614802010655 0.0
216909 24.57177332181114 0.5451124255448674 0.5451124255448674 9.938242462229649 0.6588069261001177 10.854555341217596 0.5933427305921611 0.0 5.040874819659692 1.0
216913 24.5451593236546 0.544524868037413 0.544524868037413 3.1284509939102736 0.684441728308953 5.4595183580631454 0.6093870865572678 0.0 15.120287378933087 1.0
217076 24.117590919066 0.5447645437534667 0.5447645437534667 6.703940251801544 0.6223690759953167 8.522351025545527 0.5109850527835328 0.0 0.7655255479571994 0.0
217146 23.85271153640052 0.5448807958679244 0.5448807958679244 2.7811688304715467 0.5632353856982237 5.524574131695186 0.5217666623196073 0.0 0.5372724921167942 0.0
217161 25.034232640617617 0.5420610970365288 0.5420610970365288 11.688314595304963 0.6028346708395717 15.544070257043101 0.5446431698424976 0.0 3.8545781976307554 0.0
217193 24.256525367096906 0.5427199930439844 0.5427199930439844 6.399411135146922 0.6175835360129497 7.7056599503349 0.560248505433895 0.0 1.8725180807008281 0.0
217485 24.4748012422723 0.5407377339613956 0.5407377339613956 2.1165753439526127 0.6046426358293793 3.657168730598891 0.5623327191202968 0.0 4.646437842356601 0.0
217563 24.48628276286145 0.5411502008907842 0.5411502008907842 4.401207612280244 0.6281208746174367 5.090371831473776 0.5640671431694336 0.0 4.646437842356601 0.0
217894 25.062444427691844 0.5369580190900843 0.5369580190900843 2.2689061171518095 0.5686916703167924 4.467747693503205 0.5083160365592051 0.0 4.794588846376232 0.0
218173 24.69992799643275 0.5358926024442519 0.5358926024442519 3.912628474673921 0.655116820225468 6.531476165986709 0.5927605547598969 0.0 0.9805614802010655 0.0
218454 23.873849934059653 0.5331193782124546 0.5331193782124546 5.066495334530327 0.6166108738658989 6.328860975699323 0.5400429970405868 0.0 0.5372724921167942 0.0
218457 25.25884549150953 0.5319972919336793 0.5319972919336793 3.149014107677791 0.5760682392239183 5.4193701921068 0.48246021389170285 0.0 0.6158510531983337 0.0
218665 24.511593817492106 0.5303346742925067 0.5303346742925067 5.299355946049924 0.6638189126975967 6.305625060161083 0.6055816596060859 0.0 6.1062340066153205 1.0
218867 24.55542656807048 0.5285235651952991 0.5285235651952991 4.07451620739852 0.6854572393038288 8.112695032211265 0.6205844495203336 0.0 9.951086792412696 1.0
219061 24.529878259980737 0.5308690471601808 0.5308690471601808 3.7041431122732655 0.6392511016650926 6.770410583688386 0.5794367448037139 0.0 5.708832669051152 1.0
219115 24.35487488703653 0.5312097516911651 0.5312097516911651 5.777860534355434 0.6335243220064299 6.74516163303677 0.5844634868794577 0.0 1.5908846387710702 0.0
219147 24.96577490897396 0.5276143429258705 0.5276143429258705 39.38883041561654 0.6507808212313507 55.45209479868395 0.6134794682259674 0.0 2.4920780923724317 0.0
219171 24.20196248266829 0.5274145937968281 0.5274145937968281 3.678813429050581 0.6137315375051975 4.720639446513812 0.5242668869531634 0.0 1.3446427432572396 0.0
219234 24.270395180318573 0.52738597243498 0.52738597243498 3.757634170429866 0.6150803906420862 4.709091598609042 0.5661916072572963 0.0 2.6133871710055705 0.0
219479 24.493265221535545 0.5278473607495104 0.5278473607495104 6.543740950024988 0.6214820446060119 7.953584911963687 0.5968348070091284 0.0 4.646437842356601 1.0
219654 25.04139677170651 0.5250127920948845 0.5250127920948845 3.401523700766656 0.6095268519862032 6.902634182568478 0.5540684593086108 0.0 4.794588846376232 0.0
219935 25.033682254165072 0.5221311249485149 0.5221311249485149 11.651539685962424 0.6288032535890995 15.742542334189698 0.5668267292350527 0.0 5.758066229617584 0.0
219951 24.52158179670951 0.5224406630081625 0.5224406630081625 4.971048576393997 0.6626865252596768 5.96455299545065 0.6120726870800861 0.0 5.7088326690511515 1.0
220688 24.959470005156923 0.5168168083809225 0.5168168083809225 7.691224657603634 0.6399959682495534 13.17300614878967 0.5655140202046781 0.0 1.8544912211613453 0.0
220689 24.839436558884763 0.5161764379641892 0.5161764379641892 5.390557291160752 0.6471493355394863 9.795036272202351 0.5865204935606492 0.0 1.7445027961195092 0.0
220801 24.398939419189297 0.5150303646613874 0.5150303646613874 4.271629350645502 0.6644437914081618 6.877412014013804 0.5813809447775479 0.0 1.0738092291027337 0.0
220812 24.319470718093115 0.5158732022103083 0.5158732022103083 4.295159482969852 0.7381247752995368 6.436466419566818 0.590578148635382 0.0 2.6603600837718826 0.0
220841 24.622389412012826 0.5148520862389596 0.5148520862389596 9.998345350568666 0.6585190640033632 11.558896807359732 0.6060685529780779 0.0 1.0837930021863456 0.0
220877 25.087269820642867 0.5167963308143073 0.5167963308143073 3.898592209435063 0.6390330176593967 6.335186572220676 0.5286984484284163 0.0 0.6714703776687323 0.0
221183 24.972478428065624 0.5121952088997556 0.5121952088997556 4.14006680602357 0.632326995511577 8.37751640676814 0.5697482053510777 0.0 1.73766018453018 0.0
221274 24.882061660508622 0.5101838089121514 0.5101838089121514 3.5166137106486297 0.6310924026096602 7.257475721629005 0.5826532746463798 0.0 1.0119996280675718 0.0
221310 25.29984696798619 0.5137754905994757 0.5137754905994757 5.054590434919698 0.5422444489966322 5.8152108725019716 0.45820249697510723 0.0 0.6158510531983336 0.0
221403 24.68602829345227 0.5084612144882051 0.5084612144882051 2.9300993074398334 0.6673825604631828 5.769790238730444 0.608789588275311 0.0 0.9805614802010655 0.0
221569 24.56292028468581 0.5094305658770931 0.5094305658770931 3.3337442651317213 0.6598318954697334 6.90577785995706 0.6209809919431728 0.0 3.603807356536799 1.0
221819 24.346172723334647 0.5139819783216427 0.5139819783216427 2.5525452625721576 0.6157544745530728 5.245834049853817 0.5725829486762387 0.0 1.5908846387710702 0.0
221828 25.0535577191187 0.5078701968437389 0.5078701968437389 3.3724884311599452 0.5713177935887158 6.064523739048697 0.5063876483233732 0.0 4.794588846376232 0.0
221898 23.96693180861656 0.5105092194317004 0.5105092194317004 3.676279816927905 0.6085193274758761 6.397863503347943 0.5334175697935699 0.0 0.8818907814839659 0.0
221914 23.84829676808215 0.5074975910711504 0.5074975910711504 6.669720908175568 0.5726469308611833 7.9933685581294505 0.5081540435007339 0.0 0.5372724921167942 0.0
222001 24.82633702162827 0.5061845869205257 0.5061845869205257 2.6573537155703724 0.651671832713234 4.134065942427631 0.5767262292051352 0.0 1.7445027961195092 0.0
222338 25.0448138607412 0.5028020048557372 0.5028020048557372 2.109380488121395 0.5804405379037454 4.336269357974542 0.5178060923462874 0.0 2.350970065260363 0.0
222352 24.76654525100595 0.5030003167192308 0.5030003167192308 3.5816882832525625 0.6333132977632087 6.798689387816584 0.5934565030001298 0.0 0.9547442835055038 0.0
222434 25.096626911978188 0.5039692157009146 0.5039692157009146 8.883570051440234 0.5678002514340335 11.779706569716376 0.5062764253650173 0.0 0.6714703776687324 0.0
222716 23.74161571751302 0.5031941024013553 0.5031941024013553 3.4087848680398207 0.6959939510129952 5.99993729591354 0.5654944100442735 0.0 0.5199244468116122 0.0
222756 24.18101190719736 0.502258914438187 0.502258914438187 2.8699814829313692 0.5822771269827192 5.314575838337503 0.5263833807919844 0.0 0.7655255479571995 0.0
222764 24.48483948230776 0.506788876164389 0.506788876164389 5.134662209250343 0.639118927020943 8.43418024209173 0.568145206717076 0.0 2.694132355654713 0.0
222929 23.951095692942697 0.499823137320256 0.499823137320256 3.5578654792630773 0.623537940282797 5.4407452669479355 0.5521732396697602 0.0 0.8818907814839659 0.0
223027 23.78490955395264 0.4992867810403693 0.4992867810403693 2.0066820909579284 0.6001717179384486 3.2150274700355683 0.535240336134589 0.0 0.5372724921167942 0.0
223146 24.488538432970632 0.4998611066041713 0.4998611066041713 2.7177406486490643 0.6338198449318159 3.94899019291509 0.580559455457902 0.0 2.694132355654713 0.0
223252 25.285828490372666 0.5082029667372635 0.5082029667372635 8.571196935003767 0.5617600900021867 11.467435302504336 0.4674069113975025 0.0 0.6158510531983338 0.0
223293 24.689953779184385 0.4968129684908225 0.4968129684908225 2.582427644754722 0.6528067186673433 4.890707693493124 0.5992014945622134 0.0 0.9805614802010655 0.0
223473 25.25442338761185 0.4965769554274609 0.4965769554274609 5.587847350759643 0.50455214995886 8.029660617166556 0.4483290451695019 0.0 0.900449558533192 0.0
223495 25.26733312047005 0.4957963111477135 0.4957963111477135 2.313038197284242 0.48564210110653216 3.5559033043818724 0.4356305456728687 0.0 0.9004495585331921 0.0
223848 23.663431037250422 0.4935257854343739 0.4935257854343739 5.740583846975487 0.6571528294547421 6.356354729610924 0.6250659441551727 0.0 0.0 0.0
224326 24.84035980418908 0.4896748149475973 0.4896748149475973 6.884737690087772 0.6053834994737473 9.583895361881886 0.5717564892174489 0.0 0.8463583923882187 0.0
224352 25.02954898569378 0.4895383467346841 0.4895383467346841 6.016443952075082 0.6027282587610037 7.373437823542634 0.5396044015751464 0.0 1.0309945201413726 0.0
224535 24.289059045543585 0.4888973725422514 0.4888973725422514 3.511840574429309 0.5726377600464985 7.033492409544882 0.5295806610024737 0.0 1.1890132644101357 0.0
224842 24.208490480901453 0.4936023663115894 0.4936023663115894 3.133018500279521 0.5715716342344672 5.340029517518624 0.5282189716371158 0.0 1.872518080700828 0.0
224903 24.872143259057225 0.485895436640869 0.485895436640869 2.2933374412862237 0.6227146338639683 4.4852141273118695 0.558458354021507 0.0 1.0119996280675718 0.0
224961 23.67820694700685 0.4851508797212022 0.4851508797212022 8.389424782900969 0.6811177284732518 12.517403978758331 0.6237790515211289 0.0 0.0 0.0
225033 24.468680639254377 0.4848859675382762 0.4848859675382762 4.616679458072307 0.6405922106520965 6.821237853279965 0.578131284965925 0.0 1.8130150847042634 0.0
225202 23.97891931338265 0.4846893653823453 0.4846893653823453 12.012204785986736 0.6651400229178229 14.601446027971505 0.5290223830413262 0.0 0.8818907814839659 0.0
225254 23.70199863115865 0.4881681763583018 0.4881681763583018 2.0348349677264683 0.6335379526050715 4.200794051997533 0.5987615857439422 0.0 0.5199244468116121 0.0
225307 25.146810541852776 0.4848486589238653 0.4848486589238653 3.517329616701487 0.5546895334067442 5.180801710556601 0.48257868604264426 0.0 0.6714703776687324 0.0
225483 24.745496666228345 0.4810436113454476 0.4810436113454476 3.8482010502393518 0.64652672285445 6.20801976801934 0.5841483337041027 0.0 1.1351134561623102 0.0
225497 24.923254310559003 0.4813339241435363 0.4813339241435363 2.325715322607355 0.5788484416250501 4.491339373146489 0.5366516753873536 0.0 1.8544912211613453 0.0
225967 25.179931620476022 0.4771415428419898 0.4771415428419898 1.8861354863443012 0.4923028479546233 3.5753455616403746 0.4641618611967956 0.0 1.0052232390481288 0.0
226276 24.846061791074963 0.4747155370539887 0.4747155370539887 2.7736780839731585 0.5892245480050337 5.6304813588484475 0.5404530206439536 0.0 0.8463583923882189 0.0
226552 24.81101685735816 0.473079610209315 0.473079610209315 2.678198363255978 0.6131931965693759 5.020891990203223 0.5546375273645837 0.0 0.8463583923882187 0.0
226575 24.958454499520823 0.4720708344357017 0.4720708344357017 3.1367325848289225 0.6168727082452958 6.2373636755412845 0.5523094678359335 0.0 1.73766018453018 0.0
226652 25.21584164364383 0.4718633820644599 0.4718633820644599 4.365607857573065 0.5035969250993619 6.240855648950186 0.4594194471329079 0.0 1.0052232390481288 0.0
226918 24.493348350671432 0.4720536228923088 0.4720536228923088 3.358917762375608 0.6364617623468921 6.115240790010556 0.5940862170544652 0.0 1.8130150847042632 0.0
227125 23.717253542533506 0.470433240232961 0.470433240232961 2.5680620112275174 0.6414189395557333 4.463413371641463 0.5795187649755971 0.0 0.5199244468116122 0.0
227147 24.49557240517073 0.4681851656280315 0.4681851656280315 3.6469883147591116 0.6707181182141351 6.5363054416015425 0.5918040862468679 0.0 1.8130150847042634 0.0
227435 23.69909194462751 0.4681643235406423 0.4681643235406423 3.3602057494703446 0.6414755165642653 6.849024922657108 0.6169871761168225 0.0 0.5199244468116122 0.0
227498 24.413358567285933 0.4670505972722704 0.4670505972722704 10.217437710958942 0.6461362360887949 14.791189459196659 0.5851392455389194 0.0 2.024729666057859 0.0
227764 24.995305180371496 0.4639045524229589 0.4639045524229589 2.9701595302605495 0.5960507687635587 5.216252966261843 0.5454259023776272 0.0 1.0309945201413726 0.0
227922 24.35208436858594 0.4657179830957291 0.4657179830957291 9.797984878067536 0.6581893059642474 12.58012005295036 0.5765554289570928 0.0 1.3436163585753391 0.0
228146 25.23845993980024 0.4615052726234996 0.4615052726234996 5.493954726806406 0.6276541987454198 7.655755117966824 0.44977467323195636 0.0 1.0052232390481288 0.0
228182 23.85643089002622 0.4616659196558456 0.4616659196558456 3.1769768058060293 0.5524249612662939 6.267069398892101 0.5369815072119939 0.0 0.5470347991836977 0.0
228295 24.558198387055064 0.4660629128571383 0.4660629128571383 3.5859680108397702 0.6521244297625117 4.900578055056775 0.6070315496272364 0.0 2.9415260602304736 0.0
228495 23.98871473605289 0.45942840682983 0.45942840682983 5.541267554354869 0.5808048567804006 7.071527493804565 0.5331338984581292 0.0 1.4821281800356414 0.0
228619 25.034994593001308 0.4613507636836855 0.4613507636836855 2.3155804878364075 0.5736015740072041 4.403919260967538 0.5319959683623138 0.0 1.0309945201413726 0.0
228834 25.264852827715703 0.456436166403283 0.456436166403283 13.534874640535206 0.529837460879075 15.861981473342782 0.46452290446517913 0.0 3.3073644234275443 0.0
228963 25.3163209500785 0.4562841948042826 0.4562841948042826 2.8169034871160585 0.5093917190791067 4.8128719667369255 0.45702189578829955 0.0 1.5122441890378213 0.0
229231 24.17637148780188 0.4541460313398709 0.4541460313398709 2.2987259219347904 0.542344667436058 3.96752507787962 0.5233285607356105 0.0 2.735769554962497 0.0
229373 23.92062740034899 0.4526057906979788 0.4526057906979788 4.587164943442442 0.6258154971924261 5.765115475213349 0.5585971058852766 0.0 0.9194342555886175 0.0
229576 24.09641779956525 0.4507172683446208 0.4507172683446208 5.847034699192627 0.6035830645584147 8.723366758101152 0.5336879659646132 0.0 1.2265495148325356 0.0
229620 25.13327060927287 0.4519502282719161 0.4519502282719161 2.18157227422743 0.5332102468762201 4.19308170939897 0.48617534139776447 0.0 0.8219422782960081 0.0
229721 24.686097691018244 0.4512257963474878 0.4512257963474878 3.757733058172419 0.6650035367393146 6.141069933589182 0.6099481328601664 0.0 1.5828856538108615 0.0
229770 24.082181227391096 0.4490644050159447 0.4490644050159447 2.926231934013466 0.6118991585343465 3.934009987519129 0.5637785403228734 0.0 1.2265495148325356 0.0
229867 24.97005605394189 0.4488983386529578 0.4488983386529578 4.7605157999382195 0.5929289022821165 5.213563940720858 0.562884147045111 0.0 1.7376601845301798 0.0
229918 24.35997110748872 0.4505531793313315 0.4505531793313315 2.7934679934515727 0.6668112661986703 5.060898262549812 0.5618238850304259 0.0 1.3436163585753391 0.0
229929 25.03885819218864 0.4480824188177006 0.4480824188177006 2.5157948176450926 0.6006998782002005 4.441276423398393 0.5554913998447141 0.0 1.0309945201413726 0.0
229988 23.66512945608197 0.4489531056814762 0.4489531056814762 3.884837671254416 0.6781743189628077 4.815541678265693 0.6032646734444402 0.0 0.053629437963022 0.0
230129 24.57967417446056 0.4497561659489949 0.4497561659489949 8.403642599854669 0.6375000123492067 8.978987709798155 0.5977585060814287 0.0 1.7255382548840168 0.0
230276 24.01401064211353 0.4497201812763815 0.4497201812763815 3.2322506760503753 0.6070306036925849 4.2538692150910515 0.5383852624959611 0.0 1.4821281800356416 0.0
230641 23.931480988005948 0.4441676551295999 0.4441676551295999 3.570071677464297 0.596304570348641 4.854006563677254 0.5467542300058815 0.0 1.4821281800356414 0.0
230718 25.11048070234594 0.4464162172293406 0.4464162172293406 4.583899845297054 0.5529188102648067 6.035141074742237 0.49617926579390226 0.0 0.8219422782960081 0.0
231135 23.84359324368225 0.4392106267511585 0.4392106267511585 6.0107275194990635 0.6542637368199592 9.95478362609302 0.5992019709745148 0.0 0.5470347991836977 0.0
231697 23.80091936179313 0.4347478425112467 0.4347478425112467 2.4323639503096013 0.6362163723762159 4.131138453215802 0.5697241787198793 0.0 0.5470347991836977 0.0
231901 24.36141853636184 0.4337039225515145 0.4337039225515145 4.8620500772053035 0.591059948069902 5.367532413396007 0.5496331122869632 0.0 2.788872026582057 0.0
231971 25.324214878034603 0.4325762346062158 0.4325762346062158 5.980675689049311 0.5003250172985879 9.23993610986512 0.4502708502058208 0.0 2.2718536419550124 0.0
232511 24.456177147761657 0.4295602589541333 0.4295602589541333 7.10679681151472 0.6521951432077057 10.696569940281476 0.5856169840691202 0.0 1.9517609962412523 0.0
232569 24.12597650805268 0.4325673161937859 0.4325673161937859 3.1358723387247607 0.6021388313273062 4.998237812712971 0.54842429976631 0.0 1.6113971989525995 0.0
232579 24.115910716866416 0.428119593346687 0.428119593346687 6.726340128130935 0.6296825273040537 8.971402968440309 0.5641544038766317 0.0 1.6113971989525995 0.0
232594 24.167267733420715 0.4309463311357676 0.4309463311357676 3.091267786349458 0.5999630557151677 6.364943284563748 0.5412978155383417 0.0 2.4860323039475376 0.0
232961 24.732592847440824 0.4262143787260488 0.4262143787260488 6.4153750031851144 0.6791714494483043 8.216009546364466 0.5904838189997123 0.0 1.334994919891977 0.0
233103 24.39177375607444 0.4239682611476548 0.4239682611476548 20.35814188145889 0.6658572389313915 31.926824455008763 0.5918893254207872 0.0 2.8891018138253033 1.0
233401 24.846936503029816 0.4225993367209795 0.4225993367209795 2.178321082170839 0.5424816331862178 4.212609592111637 0.5169709544580079 0.0 0.8463583923882189 0.0
233491 24.529064796129298 0.9127373947048132 0.9127373947048132 2.9415270221886116 0.6307579864003718 5.341590089705788 0.5882821503670126 0.0 0.0 0.0
233902 24.6977297799575 0.4187342041150873 0.4187342041150873 4.368124730885153 0.6746296644583323 5.490828174508656 0.5989195872398885 0.0 1.5828856538108618 0.0
233984 24.698207352036427 0.4175601357281067 0.4175601357281067 17.030998888182904 0.6823487731121352 22.970467617126115 0.6166879634395509 0.0 4.811654525651428 0.0
233994 24.09559358885217 0.4199359769459276 0.4199359769459276 3.2763434071019173 0.6240572579693383 5.206946316334777 0.5565818303464828 0.0 6.6990833147654705 0.0
234198 24.439059362310665 0.4170169268649294 0.4170169268649294 2.7075964787722127 0.6465026045424968 5.0449214541234335 0.5808971158954943 0.0 5.701401331741817 1.0
234208 24.53084392564732 0.4165642999068186 0.4165642999068186 6.164261941939647 0.6731782615899957 10.515154711124454 0.5725453507324556 0.0 1.639742717955224 0.0
236721 26.28774723354907 -0.919134082096716 -0.919134082096716 4.784622391147218 0.6469039963746315 5.929489693870814 0.5836480750356563 0.0 0.0 0.0
237748 26.27816414190072 -0.9007141152234405 -0.9007141152234405 2.6172526114237953 0.6039965004285008 5.088692413731434 0.5695554772611646 0.0 0.0 0.0
237964 26.33665469626759 -0.896638508832845 -0.896638508832845 2.9709954407093178 0.5917458702029075 4.959470984910412 0.5596823473557628 0.0 0.0 0.0
238048 26.332638659738475 -0.8953070577419673 -0.8953070577419673 3.160410276206614 0.7203433611296359 6.48107174450261 0.5605609160195152 0.0 0.0 0.0
238305 26.343853950101373 -0.8907959699586577 -0.8907959699586577 4.399566474910117 0.6321636363501287 5.693573283718225 0.5872218626003111 0.0 0.0 1.0
238484 26.32085096529588 -0.8874767874014274 -0.8874767874014274 2.4421394929492726 0.6418348728405968 3.8053934735607546 0.5758683007824392 0.0 4.776972327739733 1.0
238570 26.343125129426312 -0.8860170433305787 -0.8860170433305787 4.4578576316470935 0.6525202597772736 5.429119905474132 0.5858095318949194 0.0 3.5643718777185764 1.0
239020 26.315408135746665 -0.878384806773628 -0.878384806773628 6.65315495799652 0.632999230076158 7.387559456715493 0.5702760830569951 0.0 4.776972327739731 1.0
239125 26.30327657004315 -0.8765624592276456 -0.8765624592276456 4.8063600543777145 0.6703439418867202 5.912443017927675 0.5792445446301346 0.0 4.776972327739732 1.0
239127 26.276539111287853 -0.8771977886471343 -0.8771977886471343 6.066110449532395 0.6419802010412544 7.446127911163878 0.5780802959736712 0.0 0.0 0.0
239358 26.3425647215356 -0.8748976366908603 -0.8748976366908603 8.997925098777294 0.664583085520642 13.452367884304273 0.5923313459043941 0.0 3.5643718777185764 1.0
239846 26.204554076136283 -0.8650850468801514 -0.8650850468801514 2.4022876554443733 0.6562222438884276 4.73637096698503 0.6117851658182102 0.0 0.0 0.0
240012 26.404968348711115 -0.8642166801001292 -0.8642166801001292 7.657939275228447 0.6604388674207593 13.704189125997713 0.5946430271506841 0.0 0.0 0.0
240055 26.41194784483375 -0.8618095743521778 -0.8618095743521778 4.572431313602456 0.6353736523696147 5.236185799430666 0.5713831622372951 0.0 0.0 0.0
240061 26.43258788818793 -0.8616762147801533 -0.8616762147801533 3.7923381026223772 0.7109401706434324 5.757342744136587 0.6128579948168448 0.0 0.0 0.0
240234 26.331260326224804 -0.8591783057382089 -0.8591783057382089 2.966319003311164 0.5875696163232885 5.3737929860762295 0.5594377289530257 0.0 5.104069931904992 1.0
240340 26.3245762833249 -0.8581403509823838 -0.8581403509823838 5.774968454166004 0.6123369442445421 6.389462036793465 0.5593495669252575 0.0 5.104069931904992 1.0
240343 25.754130628103898 -0.8579849192275818 -0.8579849192275818 5.1006367139269875 0.6780436340116288 6.4312150684049945 0.6131904533471465 0.0 0.0 0.0
240658 26.45774324405897 -0.8528232101197524 -0.8528232101197524 1.7234200838161458 0.660483823472735 3.4652634176062045 0.6070892598957419 0.0 0.4491065216802241 0.0
240902 25.63078767925775 -0.8507274450181321 -0.8507274450181321 4.862640957219073 0.7443324180870401 7.941766024087466 0.6267678949117682 0.0 0.0 0.0
241212 25.637224093835105 -0.8460186072335011 -0.8460186072335011 3.4288379631247166 0.6695842410273863 5.611730285707165 0.6266058761012806 0.0 0.0 0.0
241435 26.33764651967503 -0.8428950804317931 -0.8428950804317931 8.529248831868843 0.6595807845835427 12.74948539864504 0.5781985234804577 0.0 6.291718152850339 1.0
241742 26.38574805797348 -0.8382122324860497 -0.8382122324860497 5.207097866950643 0.611184716589941 7.401729503678976 0.5440810419549148 0.0 2.6956107528752247 1.0
241943 25.704105758573405 -0.8354825819266878 -0.8354825819266878 3.2688932200291854 0.6653674491711294 4.503938160836047 0.5898855610332748 0.0 2.5186731909492863 0.0
242399 26.29347395666473 -0.8285006382942982 -0.8285006382942982 2.2527155154861926 0.6003105240105641 3.2965138026210137 0.534638640273977 0.0 1.754911360587473 0.0
242571 26.366259321760616 -0.8271032640167004 -0.8271032640167004 3.9614759292531367 0.6336592905375199 5.5938800180957005 0.5533665366005986 0.0 4.111186786660717 1.0
242812 25.56894828476845 -0.8234227215513231 -0.8234227215513231 3.793469517458071 0.6837481785020543 5.693524869927599 0.6279193061881112 0.0 0.0 0.0
242864 26.18140053250593 -0.8221185205883602 -0.8221185205883602 2.7751124712805018 0.6681428726877592 4.437036611436433 0.6111978653347041 0.0 0.0 0.0
242958 25.66410118811689 -0.8214105165031321 -0.8214105165031321 4.449066923366394 0.6394728411004178 8.364177634890492 0.6105300898002923 0.0 1.2479661977242007 0.0
243204 26.327099964979308 -0.8180066950716774 -0.8180066950716774 4.860716251521572 0.6178576648227374 8.302926464145113 0.5439385946768076 0.0 1.7549113605874729 1.0
243440 25.72548830033976 -0.8142032216336436 -0.8142032216336436 3.059911487514544 0.6046647977996547 4.303200292536191 0.5649397244893984 0.0 3.5788830964205625 1.0
243510 25.760930169140607 -0.8129573509519751 -0.8129573509519751 3.4765138297228275 0.6296838008104013 5.995092182808689 0.5810566496364099 0.0 2.860310648528292 1.0
243576 25.74246223641731 -0.8136911638727916 -0.8136911638727916 21.701526713637833 0.7189904580872545 28.533993733620985 0.6114619651377645 0.0 2.860310648528292 1.0
244183 26.477706215432505 -0.8045679752143029 -0.8045679752143029 6.075891837879765 0.6855140494022566 10.308378896325202 0.6045676482126572 0.0 0.449106521680224 0.0
244260 26.456287134528125 -0.8026301150827605 -0.8026301150827605 2.3425290715631535 0.6489119089212186 3.5139933142310578 0.5850949134428763 0.0 2.27738911919392 0.0
244450 26.46490943306776 -0.8002644880800034 -0.8002644880800034 2.8508276482553137 0.6462262394068933 4.6088225179022775 0.5912606800751279 0.0 2.2773891191939195 0.0
244512 26.24904059502643 -0.7994831924765142 -0.7994831924765142 3.2387396691150885 0.6612047764769898 5.546135779894342 0.6027643117679287 0.0 1.7549113605874729 0.0
244628 25.73558784981946 -0.7991733851669411 -0.7991733851669411 9.04798701844474 0.7453536478782257 12.89193447939342 0.5981997025005142 0.0 7.51838927192029 1.0
244731 25.72145110590468 -0.7972117165227467 -0.7972117165227467 2.6762979932138693 0.6592405938109477 4.028990891680775 0.5854543858382661 0.0 7.518389271920292 1.0
244833 26.33922895852234 -0.7954361878233965 -0.7954361878233965 4.641483053354206 0.6087291823373472 5.264935350416642 0.5576803212293502 0.0 6.108616714148127 1.0
245504 25.75648822766938 -0.789609377590229 -0.789609377590229 3.228190484402038 0.6679021867081373 5.387391080757916 0.5919619074787001 0.0 1.680675170927558 1.0
245560 26.33270761661701 -0.7885861419870889 -0.7885861419870889 4.382076915790824 0.632201903509478 7.05392856587209 0.572866053467321 0.0 1.545625254347385 1.0
245735 26.28208781579957 -0.785998407409901 -0.785998407409901 4.9875791819306885 0.6595602053988388 6.0304030900251515 0.59514627305302 0.0 1.5456252543473852 0.0
245881 26.516272250232745 -0.7839996692899276 -0.7839996692899276 3.3588526097743947 0.7048530558587586 5.353720576979116 0.616113023923864 0.0 0.0 0.0
246190 25.678859321427304 -0.7807976920454389 -0.7807976920454389 3.1506438240286934 0.6648339847136371 5.104766822299551 0.5973615773783453 0.0 2.5186731909492863 0.0
246373 26.52540137183289 -0.7775047790657418 -0.7775047790657418 5.271162831755931 0.710574919202529 6.880836517140025 0.6240248802686317 0.0 0.0 0.0
246493 26.48717632833189 -0.7760943513922718 -0.7760943513922718 2.807759718692026 0.6445627802468975 5.074927317224109 0.6094492261725752 0.0 3.287960994305966 0.0
246624 26.387631458177225 -0.77491441826751 -0.77491441826751 4.919491365900683 0.7221431130725435 7.91721096151478 0.5625659808838501 0.0 3.4638155107089537 1.0
246711 25.803111397881924 -0.7741401911002798 -0.7741401911002798 3.0435365529163247 0.6669180928401067 5.729025311983956 0.5936338056322853 0.0 1.3068795006369374 0.0
247335 26.503006698319872 -0.7670659744897579 -0.7670659744897579 10.363556454028624 0.6700347522164185 14.889360008095965 0.6006558010541576 0.0 3.2879609943059656 0.0
247353 26.420643429790346 -0.7667710304266583 -0.7667710304266583 12.53784116516619 0.6776998163606808 17.157175269837737 0.5921870573571222 0.0 3.8393878961463233 1.0
247567 25.741567037747977 -0.7647876042275311 -0.7647876042275311 8.00795050859349 0.6812625031481154 15.71694225479597 0.6165333998377793 0.0 5.358852458449887 1.0
247599 26.419798294435704 -0.7632511177503046 -0.7632511177503046 2.605982499014711 0.6477785625905074 5.349185646910475 0.5871904966444701 0.0 4.039097899513932 1.0
247613 26.42769712521068 -0.7628955585296421 -0.7628955585296421 3.633573574433408 0.6386256195455775 6.084162097911246 0.5733017389549206 0.0 4.039097899513932 1.0
247662 25.876844414108984 -0.7629053305872796 -0.7629053305872796 5.7509612657398845 0.6754656343491096 6.528926716374015 0.599502921912886 0.0 0.0 0.0
247743 26.35270774796344 -0.7615426699381999 -0.7615426699381999 2.54356102788904 0.6230517443475728 5.135045528012816 0.5700669766847215 0.0 3.3667769990082435 1.0
247874 25.683790927031765 -0.7605877169253366 -0.7605877169253366 2.977817149824496 0.646707743054279 6.016019945126869 0.6019213195146809 0.0 2.1147387594745326 1.0
247881 26.241173542262985 -0.760057431041841 -0.760057431041841 2.553576630824565 0.656777503276223 5.031049873028749 0.617627731770016 0.0 0.6276328307999901 0.0
247933 26.38568746107697 -0.7599297474620118 -0.7599297474620118 7.185683478055706 0.6563484717069726 8.476021860639294 0.5724167194110877 0.0 4.598516210211116 1.0
248188 26.350770799536058 -0.7564783469955653 -0.7564783469955653 6.166961139527066 0.6922697692607106 7.728280521443894 0.5686772948776567 0.0 3.3667769990082435 1.0
248264 26.471074275933905 -0.7560532033798169 -0.7560532033798169 8.340949573717221 0.6715512763148714 11.303613207076125 0.5929243118314839 0.0 2.6760846374976603 1.0
248809 26.33360888632388 -0.7487578328848405 -0.7487578328848405 2.7689057203143257 0.6940346517421403 4.6482397128762365 0.5786313762462655 0.0 3.3667769990082435 1.0
248930 25.671133027403503 -0.747722457101282 -0.747722457101282 2.9383937743666273 0.6383049123263291 4.965148403181751 0.5797619155134056 0.0 2.114738759474533 0.0
248991 25.674062865062933 -0.7471303840187292 -0.7471303840187292 5.627543053789777 0.6732142240975262 7.041678202962933 0.5856260874068787 0.0 2.114738759474532 0.0
249003 25.700700325861337 -0.7472438341144384 -0.7472438341144384 5.113899002316254 0.6307983483490077 6.060714372039023 0.5877352032930327 0.0 2.884357027257794 1.0
249021 26.334480739269072 -0.7463839821805279 -0.7463839821805279 4.405798385596209 0.6528746314914156 6.268716755374162 0.578490332453046 0.0 3.3667769990082435 1.0
249088 25.76252400446748 -0.7469603028771747 -0.7469603028771747 7.741509718492229 0.6806495169982317 12.866190188708467 0.6033086578882633 0.0 2.4123851412731403 1.0
249118 26.11428534495529 -0.7453217280588795 -0.7453217280588795 2.755966619729496 0.6601492123975093 5.435583661562881 0.6214756753000924 0.0 0.0 0.0
249137 26.517079925818265 -0.7447487541026532 -0.7447487541026532 3.386269236397208 0.6541532038512814 5.600931563956266 0.5879391592620483 0.0 3.2879609943059656 0.0
249381 25.47587368137089 -0.7433295689170409 -0.7433295689170409 5.829797458328943 0.6665192686609174 9.954268714527306 0.6174165652364393 0.0 0.0 0.0
249459 26.35492864596091 -0.7417562177557481 -0.7417562177557481 5.606332534332734 0.6586181917739918 7.519161273162267 0.5803214939513757 0.0 2.289603535696107 1.0
249630 25.742746338467267 -0.7405197269504054 -0.7405197269504054 7.946475939106797 0.6556771753871465 9.316996185890668 0.6136121297378846 0.0 1.8736464638287127 1.0
250115 25.81504190100525 -0.7345633369825019 -0.7345633369825019 4.029294070168555 0.6627834290843324 5.511307980503475 0.5967950974000095 0.0 1.3068795006369374 0.0
250403 25.82020355707688 -0.7303573744756124 -0.7303573744756124 2.1485464721764465 0.6373054942905828 3.999886477910326 0.5866565285867003 0.0 1.3068795006369374 0.0
251493 25.8780553854597 -0.7182044386455808 -0.7182044386455808 2.8061769997708526 0.6150828135744252 5.406723376906861 0.5842954807251828 0.0 1.3011736266232352 0.0
251793 25.59901173395752 -0.7148286751757694 -0.7148286751757694 3.9332114174939807 0.6345760913522411 5.128761263477608 0.5843321515963795 0.0 1.6175094616092809 0.0
251858 26.323326913309067 -0.7136837537402039 -0.7136837537402039 2.8693645933811465 0.6589200658453267 5.27006450826117 0.5691103922876193 0.0 2.289603535696107 0.0
251868 25.83832552711004 -0.7143777144284182 -0.7143777144284182 2.889716154334842 0.6806420165400424 5.436318881627956 0.5911269498545347 0.0 1.429277029009358 0.0
252127 26.481750547280697 -0.7114511791447014 -0.7114511791447014 3.0814999178106413 0.6445657795851126 4.5790252461335506 0.5803122361015195 0.0 1.4047150653010423 0.0
252246 26.098868152740906 -0.709828600040738 -0.709828600040738 2.170580798634602 0.651296439807434 4.451314301828009 0.6221392275038327 0.0 0.0 0.0
252421 25.916514385807435 -0.7079315829574436 -0.7079315829574436 3.814910002420583 0.6896552231303689 5.930796994977769 0.6053661667337725 0.0 1.3011736266232352 0.0
252505 26.49936187015241 -0.7065549289788032 -0.7065549289788032 4.594360623338181 0.646619057246467 5.412707630452292 0.5746212207655793 0.0 1.4047150653010427 0.0
252525 26.56682481503925 -0.7065676824290056 -0.7065676824290056 4.392953279870837 0.6488797893580825 9.061824735638004 0.6125038144608025 0.0 0.0 0.0
252757 25.51380377038198 -0.7044313046728362 -0.7044313046728362 2.8874318217298525 0.6434029225291689 5.154957888328689 0.5776092529677056 0.0 0.0 0.0
252872 25.60682643441729 -0.7032544791750048 -0.7032544791750048 3.370156972365145 0.6613176391883289 4.352286468306414 0.6008166352718958 0.0 1.6175094616092809 0.0
253141 26.16231620264959 -0.6998177865936566 -0.6998177865936566 5.507505051497874 0.7101213907398339 7.410917823091189 0.627950916788107 0.0 0.5164860601505575 0.0
253164 26.57107206326512 -0.6991466279337637 -0.6991466279337637 2.956068413226994 0.6739861176055822 4.875413828538751 0.6124857751733914 0.0 0.0 0.0
253240 26.390509936059043 -0.6991973152255483 -0.6991973152255483 3.841286633865532 0.6597732637038973 7.538974230695261 0.5944254869930756 0.0 3.399243363774829 1.0
253498 26.43837263519145 -0.6959937972241832 -0.6959937972241832 3.0100353686446306 0.6247294024130167 3.8977414915769284 0.5619289532568884 0.0 3.0680588758768685 1.0
253543 25.51149660297822 -0.6961794372473785 -0.6961794372473785 2.598759573485738 0.6335455484854009 5.079420786546523 0.5905748910053212 0.0 0.3078486152708654 0.0
253545 26.421898287842755 -0.6969173448075939 -0.6969173448075939 23.60957278800202 0.6945112169320666 30.70233153163674 0.6050453996188663 0.0 3.068058875876868 1.0
253980 26.271274970222635 -0.6918173901864981 -0.6918173901864981 7.024330614709447 0.6935341048007232 11.589180663476256 0.6218237653042822 0.0 0.6276328307999901 0.0
254144 25.88103490381005 -0.6898863105477488 -0.6898863105477488 5.307832029071602 0.6686714039891116 7.440845528822425 0.5928736576154419 0.0 1.3011736266232354 0.0
254238 25.607439236693413 -0.6890670250391001 -0.6890670250391001 4.377124416778043 0.684892628261212 6.500119223351388 0.5972887249242612 0.0 1.6175094616092809 0.0
254321 26.01075659612693 -0.6882531009672 -0.6882531009672 4.407364494466876 0.6476103417605129 7.889521621039457 0.6029625765413442 0.0 0.4427207261972666 0.0
254338 26.370108179038645 -0.6875222450099263 -0.6875222450099263 5.056186622145391 0.6766985583639249 6.568711006340186 0.5943869233486816 0.0 6.777783394609349 1.0
254339 25.403163848189365 -0.6881450689420465 -0.6881450689420465 3.276663375904318 0.6531910597056146 5.805833790810352 0.6008864747400738 0.0 0.0 0.0
254732 26.366850776839016 -0.6840376363790934 -0.6840376363790934 8.53308691237668 0.6785953612756516 9.804765512716733 0.5981205794304637 0.0 3.347016329455162 1.0
254871 25.682679500099884 -0.683072188362325 -0.683072188362325 7.746123192210554 0.6678273812121386 9.881157195159478 0.5994205412127747 0.0 1.0607099870730299 0.0
255230 26.16616298123113 -0.6786206325663489 -0.6786206325663489 2.5410493049802105 0.6428423593379781 5.04397403744413 0.5848534496621347 0.0 0.5164860601505575 0.0
255246 26.428424000984155 -0.6787717707745945 -0.6787717707745945 3.3369006897683673 0.641382898654011 4.701134483095645 0.5819730351360838 0.0 5.99238201819614 1.0
255278 26.364130444180653 -0.6779797571860222 -0.6779797571860222 3.4175129989209343 0.6515897227276318 5.113130047109839 0.5921655544235201 0.0 3.347016329455162 1.0
255692 25.489906766639404 -0.6744511646116712 -0.6744511646116712 3.569157094605763 0.6075138439204973 6.154217110465632 0.5784914912937791 0.0 0.5611442733935812 0.0
255736 25.670310551358327 -0.6737484688241832 -0.6737484688241832 2.4098821825684094 0.6135755291482862 4.576876240374163 0.5488598307418119 0.0 1.0607099870730297 0.0
256015 26.122017397431826 -0.6706282358256164 -0.6706282358256164 2.8549670273537417 0.6319327651927248 5.380203950531585 0.6059393036083192 0.0 0.850299238791764 0.0
256131 25.410644758177888 -0.6697167862773172 -0.6697167862773172 2.9755778832480124 0.6038479470592156 5.490270128315656 0.5642971988069589 0.0 0.0 0.0
256205 26.52484157310933 -0.6680295658993274 -0.6680295658993274 3.086261208102469 0.6019954783494075 4.693459867200947 0.5697605791949051 0.0 1.5759618229794217 0.0
256294 25.35872543808665 -0.6677626896850197 -0.6677626896850197 2.90812112037719 0.6352308436999866 5.555490457331788 0.5766177745885305 0.0 0.0 0.0
256428 26.11548113821328 -0.6658421135233079 -0.6658421135233079 1.8942245809411835 0.62844785598555 3.737898468945741 0.5876713125406177 0.0 0.773608945937121 0.0
256484 25.414842655657605 -0.6658471007670966 -0.6658471007670966 3.041014786721143 0.6504808501752335 5.914215786729067 0.5765618025811245 0.0 0.0 0.0
256801 26.407473034544864 -0.6618101973313941 -0.6618101973313941 3.006348323712333 0.6064218885389758 5.515013180607258 0.5516199060957405 0.0 3.414881958629711 1.0
256857 26.44449874398597 -0.6629020137193005 -0.6629020137193005 15.290321090650124 0.6875302372984887 25.74398166075551 0.6222690949219823 0.0 5.617238969912069 1.0
257196 26.185245013188364 -0.6583041210119162 -0.6583041210119162 9.186866483455104 0.7008022675710044 11.86620115442987 0.6019063447172084 0.0 0.9469271829082325 0.0
257287 26.4375526207163 -0.6566549757827674 -0.6566549757827674 2.397654996473913 0.5859587342367883 4.658879930966871 0.5385922185748744 0.0 4.8182113968266975 1.0
257358 26.36036062551343 -0.6560044924859322 -0.6560044924859322 2.246480746326293 0.5955018789585685 3.9838042149772406 0.5406215675905707 0.0 2.044399997141558 0.0
257453 26.29633901575133 -0.6551281287115477 -0.6551281287115477 3.8655728453881517 0.6330066503551224 6.535941565611367 0.5488567147478408 0.0 1.9170102616582119 0.0
257466 25.60706023081536 -0.6554914127558517 -0.6554914127558517 2.454174362986117 0.6030294546356773 4.80387897636827 0.5493247576439086 0.0 1.3383229402504984 0.0
257473 25.57871457898407 -0.6559537938887328 -0.6559537938887328 6.48598613053128 0.640229965443148 11.054301499370132 0.5567568539251967 0.0 1.3383229402504984 0.0
257591 26.369787417641167 -0.6545800174332843 -0.6545800174332843 3.0795664564276 0.6508712087477935 5.920245621343333 0.5733721449674571 0.0 2.044399997141558 0.0
257645 26.15825257286957 -0.6540909453967826 -0.6540909453967826 13.099682432807613 0.6868514970832684 14.497334488914133 0.6093263117988238 0.0 1.126902857770071 0.0
257731 26.60590508973944 -0.6527308076907121 -0.6527308076907121 3.3508092250064268 0.7147837765649288 5.6233119975133565 0.6147681377491353 0.0 0.9791405576215861 0.0
257746 26.42276368519005 -0.652340487123353 -0.652340487123353 3.352524759951615 0.6433964672216314 4.923434900915227 0.5593767610544595 0.0 9.754353689174941 1.0
257842 26.089588813255244 -0.6519242420635125 -0.6519242420635125 4.998706499409447 0.6524173227954281 6.890661426394924 0.5672073440358164 0.0 0.7736089459371209 0.0
257937 26.142310730791248 -0.6506792431881503 -0.6506792431881503 3.6715096421904576 0.6200831901795991 5.082542832241421 0.5684329597470987 0.0 1.126902857770071 0.0
257969 26.44433572853574 -0.6501496203009794 -0.6501496203009794 4.745908354978052 0.6209059391840352 6.521558549473166 0.5536715692335518 0.0 4.757356601812219 1.0
258225 26.607777579934183 -0.6480309277823131 -0.6480309277823131 6.368937679810464 0.7430432848533464 9.290435170009085 0.6226080429603892 0.0 3.1294287556539246 0.0
258234 26.575098577858785 -0.6478565696332247 -0.6478565696332247 4.194571334781256 0.6690011230500612 6.504076020654321 0.5961353564946802 0.0 1.6438838366536763 0.0
258396 25.83732065031578 -0.6460880158653423 -0.6460880158653423 3.7536208474511756 0.5779720489926691 4.635668608604188 0.5185901124822315 0.0 0.7505803382938374 0.0
258403 26.033808000611987 -0.645955929044202 -0.645955929044202 6.136834267701846 0.6258547932884083 6.511622649028059 0.5576087563760806 0.0 0.9919107628483674 0.0
258416 26.411986447037105 -0.6459053637458947 -0.6459053637458947 7.277642383105741 0.6200012090549812 8.181326730825313 0.5527308094504596 0.0 3.414881958629712 1.0
258636 26.479810992567568 -0.6437687497156321 -0.6437687497156321 5.47867296529969 0.6138343947423323 7.342566821454702 0.548042770768968 0.0 1.8758669872799778 0.0
258670 25.986053841062706 -0.6437247128688728 -0.6437247128688728 6.109893100555793 0.6343062720887968 6.882244766150836 0.5687450741845316 0.0 1.3941960235928859 0.0
258976 26.37446886791661 -0.6401049428298078 -0.6401049428298078 3.4223129172371984 0.6247827713692924 6.052992501194434 0.5672127519592374 0.0 2.044399997141558 0.0
259257 25.490893412946328 -0.6383344062710247 -0.6383344062710247 4.435712185238647 0.6125271793892914 9.003128937469064 0.5608686139861543 0.0 0.5611442733935812 0.0
259281 25.65068174526317 -0.6383841146960211 -0.6383841146960211 5.133423666026883 0.6261365289226968 8.315179273495819 0.5536402805337597 0.0 1.8540826137244153 0.0
260396 26.28823624247868 -0.6272120781410132 -0.6272120781410132 11.073906251851422 0.6896929372896509 13.223070643658744 0.584442911018442 0.0 0.9274254086944826 0.0
260612 26.515072294523257 -0.6237832389006817 -0.6237832389006817 3.9357146422374343 0.6737684134215494 6.100730172631639 0.6066475355603222 0.0 1.575961822979422 0.0
260772 25.76561797412563 -0.6223157179293006 -0.6223157179293006 4.236915503926719 0.6526128763714193 6.195523473354615 0.5645126530512479 0.0 0.645567885595083 0.0
260809 26.107487427650483 -0.6216545399405491 -0.6216545399405491 3.762528469885831 0.6802661655732543 5.641740140370365 0.6274771440684147 0.0 0.773608945937121 0.0
261381 25.62481109800386 -0.6166728576960735 -0.6166728576960735 7.111155855312101 0.6362035868393753 8.879067311391955 0.5714838912490128 0.0 6.916676502058848 0.0
261465 25.41011996072031 -0.6155314772235484 -0.6155314772235484 2.2118933420074933 0.6187077562309446 3.889398482099428 0.5485261232387201 0.0 0.0 0.0
261681 25.51130276119006 -0.6134895744516689 -0.6134895744516689 2.6119672676004693 0.5737287884732616 4.225434611264301 0.541847994490366 0.0 0.5611442733935812 0.0
261722 26.49528681991378 -0.6124346439678637 -0.6124346439678637 3.180102199263046 0.6322308888587752 4.699871217936547 0.5800193584202552 0.0 1.5759618229794217 0.0
261758 25.771869607378285 -0.6125702243469784 -0.6125702243469784 2.313528824698596 0.6377115541549206 3.977781333407373 0.5627368841399577 0.0 0.645567885595083 0.0
261835 25.61493261601 -0.614678786195729 -0.614678786195729 15.012364513904375 0.7034540569516794 29.646591571012028 0.6225190697441078 0.0 4.720998862649682 0.0
261956 25.781628859590743 -0.6114734139332237 -0.6114734139332237 5.976920658794009 0.6410479819056719 6.874342888712381 0.570511714006047 0.0 0.645567885595083 0.0
262124 25.51113781639232 -0.6089978757523341 -0.6089978757523341 2.995207100144779 0.5943953222596681 4.684366443968761 0.5376233504660017 0.0 0.5611442733935812 0.0
262136 26.06055658062885 -0.6086244612895302 -0.6086244612895302 2.802591546542818 0.6438858378688508 5.3492210559328734 0.5786927819291087 0.0 0.9919107628483674 0.0
262198 26.456138285341886 -0.6076389009035438 -0.6076389009035438 3.3445245741909737 0.655395402018248 4.607129709111464 0.5559604599454252 0.0 2.2992692222409437 0.0
262238 25.54610064719582 -0.6078935782775001 -0.6078935782775001 3.003803766982734 0.6215448291772777 5.7788367932929825 0.5408489965224342 0.0 1.5748105860232746 0.0
262324 25.720692224786024 -0.60761241319571 -0.60761241319571 5.840900955192632 0.6457375195496855 8.017547770024388 0.5640186006187272 0.0 0.9780717316591124 0.0
262383 25.96125037599269 -0.6063685194949089 -0.6063685194949089 6.226030213172127 0.6232288463616966 7.520041477079053 0.5614502232740604 0.0 0.6575236937439336 0.0
262482 26.512900516089523 -0.6049406982291367 -0.6049406982291367 3.859341050586132 0.6787218870218329 5.044972185595524 0.6097673923338361 0.0 1.5759618229794217 0.0
262746 26.508870330482843 -0.6024373896737394 -0.6024373896737394 4.580803641750502 0.6508599016963087 4.9243958374030825 0.5788867847438282 0.0 1.575961822979422 0.0
262901 25.59635717339872 -0.6015733443067293 -0.6015733443067293 2.7774286076256103 0.5934257837623601 4.254992003001289 0.5685539813476529 0.0 2.665549690738325 0.0
262940 26.345521900996044 -0.600885457911724 -0.600885457911724 2.8760130558067343 0.6308597165206952 3.8443021949730705 0.5584232797753201 0.0 1.4763022866665136 0.0
263028 25.3196846685346 -0.6003753834286647 -0.6003753834286647 2.628254902863466 0.707482430687022 5.094663533748559 0.5568628234722293 0.0 0.0 0.0
263270 25.45855757863692 -0.5977540830242006 -0.5977540830242006 3.111907383605356 0.5868826288978997 6.089106742559059 0.5521600031333872 0.0 0.5611442733935812 0.0
263487 25.5649416347179 -0.5956272760375095 -0.5956272760375095 4.957736457853209 0.6654029854916668 6.658553353171357 0.5823475982130194 0.0 1.5748105860232748 0.0
263570 25.638901489298835 -0.5962982948072932 -0.5962982948072932 10.538077868424853 0.6539746833440464 21.10243309427186 0.5883126665063161 0.0 1.4820133207039572 0.0
263686 25.69291393311931 -0.5937300698965462 -0.5937300698965462 4.708462090570837 0.6411257597335767 6.028088370040939 0.5406602342430298 0.0 0.9780717316591124 0.0
263743 26.41832772613084 -0.5925366370099024 -0.5925366370099024 5.586933025421272 0.7001514492514792 8.530696610224657 0.6143816643646656 0.0 2.299269222240943 0.0
263783 26.014651095310533 -0.5922530276804605 -0.5922530276804605 3.767159583735314 0.6258731818294155 4.488435189509403 0.5709452492002864 0.0 0.6575236937439336 0.0
264207 26.36160504217694 -0.5878297175521666 -0.5878297175521666 2.877216125627755 0.587359448348656 3.5146345394366745 0.5548917641454051 0.0 2.5903913031475407 0.0
264286 25.6106465705776 -0.5889470048417873 -0.5889470048417873 6.6727253315360615 0.6290449949005357 7.621915680961163 0.5697498792321366 0.0 2.665549690738325 0.0
264677 26.325567782322647 -0.5830878411786194 -0.5830878411786194 3.6928643729387245 0.6136008076562316 5.155875818949341 0.5560130713147053 0.0 1.4763022866665139 0.0
264867 25.584121338048863 -0.5817395726327538 -0.5817395726327538 3.5028784864802005 0.7552755522729886 5.185380419052934 0.6188871341266705 0.0 4.51180729109358 0.0
264937 26.42268721805527 -0.5804833867023148 -0.5804833867023148 3.6528480573057824 0.6679556561475795 5.959117774892517 0.5918597749820946 0.0 4.039538602566504 0.0
265219 25.668179565872112 -0.5777210567297634 -0.5777210567297634 3.6618983459106826 0.5860755113197138 5.0661163936106215 0.5484514423914795 0.0 1.482013320703957 0.0
265339 25.707563297889223 -0.5765234180873513 -0.5765234180873513 2.686219730050018 0.6357701096910311 4.256007018723353 0.5421070597742418 0.0 0.9780717316591124 0.0
265463 26.53135112952069 -0.5749902935018915 -0.5749902935018915 2.754160502067009 0.6340175204480313 5.640651602641793 0.5964824936742672 0.0 2.034884893680755 0.0
265549 26.40037615587199 -0.5738612724011248 -0.5738612724011248 2.6366519915751754 0.6044471058066078 5.227226286683187 0.5623286245497067 0.0 4.039538602566504 0.0
265641 26.37449497039145 -0.5734745490120858 -0.5734745490120858 6.079190542406412 0.6501066765533572 8.118140682335996 0.5824096605722779 0.0 2.5903913031475407 0.0
265717 26.535551056007872 -0.5723454637362054 -0.5723454637362054 2.8338082694494418 0.6356993529590726 4.673670987803185 0.5886548721747835 0.0 2.034884893680755 0.0
265774 25.63060883203462 -0.5724189083965585 -0.5724189083965585 3.538346738516194 0.6651534062858807 6.137120990651217 0.5729770060295059 0.0 1.482013320703957 0.0
265829 25.96519391261132 -0.5714842544999319 -0.5714842544999319 3.571626455447796 0.6089055810475656 5.410219213118205 0.5746323327606084 0.0 0.6575236937439337 0.0
266034 25.61864252520659 -0.5695501503528101 -0.5695501503528101 3.100570830994244 0.6085154877740349 6.089776294982594 0.5632814491524307 0.0 2.665549690738325 0.0
266071 26.42110233735492 -0.5692439039523791 -0.5692439039523791 8.510234058080751 0.6951820931252859 10.079147323321209 0.6143357227676046 0.0 4.039538602566504 1.0
266083 26.06984866755848 -0.5686760877711838 -0.5686760877711838 4.116422592267055 0.6606175054036428 5.890955793055597 0.6016055482909349 0.0 0.773608945937121 0.0
266263 25.626279242603324 -0.5670273725896532 -0.5670273725896532 4.094585139973435 0.6549663515108655 6.013883300335301 0.5575588618445191 0.0 2.665549690738325 0.0
266480 26.15832047946294 -0.5645539498109118 -0.5645539498109118 3.6281862011215416 0.6813093358735886 4.9072404879512 0.6201786492476384 0.0 0.4189572819412041 0.0
266487 25.57295014940058 -0.5648560695296578 -0.5648560695296578 1.9736081326364827 0.6237171702375041 3.8376295900322113 0.5621605153873667 0.0 0.781248766182484 0.0
266849 26.525000278328143 -0.5609705456220684 -0.5609705456220684 3.7673565222798904 0.6693655624497149 5.096532357570712 0.6033826691830804 0.0 3.9555983208822907 0.0
266891 26.370577592343984 -0.5603660044754444 -0.5603660044754444 4.029012394614377 0.648441709242424 6.003199818857299 0.5772738072035141 0.0 2.5903913031475407 0.0
266950 26.046301831632487 -0.5599079386314025 -0.5599079386314025 3.0000550459714224 0.643782277264323 4.94144586110834 0.5896910045502052 0.0 0.4923624079195102 0.0
266969 26.60759864261928 -0.5593579195680921 -0.5593579195680921 5.675438636590871 0.6567231104205159 6.923318202052476 0.5935273210449268 0.0 1.7829724896827295 0.0
266990 26.464022675682795 -0.5597776664629055 -0.5597776664629055 2.887106702524193 0.6686537784482876 5.344735183455265 0.5988762337204646 0.0 11.283164038129629 1.0
267018 26.46428363072877 -0.560714768441743 -0.560714768441743 12.024294327554163 0.70579585770879 20.63453827229772 0.6279787804697325 0.0 10.267418145438153 1.0
267208 25.511943478722635 -0.5575859920068768 -0.5575859920068768 3.591967458074813 0.6061564704823434 6.03836213693977 0.5693652342408234 0.0 0.781248766182484 0.0
267344 26.54081218925313 -0.555398459403552 -0.555398459403552 3.1094161335494777 0.6528577817195296 6.356720923282566 0.5928051057480782 0.0 3.955598320882291 0.0
267671 25.768150853347905 -0.5529816717930145 -0.5529816717930145 3.0448305917348892 0.6127443756357254 4.147745027200548 0.5788640199614279 0.0 1.227018321135397 0.0
267771 25.752111866270464 -0.5528934939191601 -0.5528934939191601 4.120398188541881 0.6523771839092694 7.152458999199046 0.580266964056882 0.0 1.227018321135397 0.0
267874 25.52051665167354 -0.5513958927455695 -0.5513958927455695 4.509856102939534 0.6526988219211054 5.575379769593081 0.5577959606584997 0.0 0.781248766182484 0.0
267935 26.67341001387408 -0.5506657250992409 -0.5506657250992409 4.773672505060697 0.7083067235796118 6.055916900164307 0.6154022425222482 0.0 1.8743540681591333 1.0
267961 26.43622812337928 -0.5505656024708829 -0.5505656024708829 3.130155519868498 0.6796847135663774 5.042870048505785 0.5881381322159117 0.0 4.744342068267863 1.0
268058 25.56589468612689 -0.5500268209824498 -0.5500268209824498 4.675641017049356 0.6455644134510354 7.0293695117368795 0.6080174655708928 0.0 0.7812487661824841 0.0
268113 26.2886434741747 -0.5486814671772895 -0.5486814671772895 2.6204316978347766 0.6127797301672723 4.350333564151074 0.5581875715702193 0.0 2.969025798739402 0.0
268151 25.600311226915323 -0.5487884210219471 -0.5487884210219471 3.8494636715980426 0.6412612784087993 5.621358192037446 0.5864725561823257 0.0 0.7812487661824838 0.0
268225 26.35600660475063 -0.5485666841612693 -0.5485666841612693 10.328315077256143 0.6872835665431619 12.255918906671887 0.605785667079134 0.0 1.754386354445055 0.0
268729 25.74826060295226 -0.5430988387424696 -0.5430988387424696 3.090919876609382 0.6415588033699997 5.377868242654096 0.5906089737988809 0.0 1.227018321135397 0.0
268785 26.082410393528363 -0.5423855076325614 -0.5423855076325614 3.6584976633995283 0.7271649570522257 5.65129903129699 0.60575564022814 0.0 0.49236240791951014 0.0
268823 26.26303003441164 -0.5419262790350945 -0.5419262790350945 2.3432726610335224 0.6271776447740639 4.843788807413854 0.6121849143670773 0.0 1.7175467543940033 0.0
268914 26.5061472901905 -0.5415289107729316 -0.5415289107729316 5.117137575884863 0.6445249223942897 6.204295511423503 0.5788322677253426 0.0 2.421736972647708 0.0
268940 26.590024768028066 -0.5405537316088745 -0.5405537316088745 3.0171676470762643 0.7257363734503317 5.140464653560769 0.5738167535287011 0.0 2.1350604463498564 0.0
268963 26.45248809828064 -0.5413355507613029 -0.5413355507613029 9.408588253468652 0.6628630893410328 13.220164528620433 0.5917016833540913 0.0 10.849563217095618 1.0
269163 25.68452935615633 -0.5389884503803035 -0.5389884503803035 2.7120497749492145 0.5946124162692276 5.110713606661282 0.5695248194857716 0.0 0.8486012912392754 0.0
269261 26.333594002177488 -0.5376907631728638 -0.5376907631728638 3.014184018468923 0.6397010088523741 4.672885165026099 0.5643267492456515 0.0 1.754386354445055 0.0
269914 26.66887085921596 -0.5329304077350332 -0.5329304077350332 11.130505578374205 0.6760746203065378 17.803122107641443 0.6124859554375055 0.0 8.423221158401024 1.0
269946 26.65803354467555 -0.5314879506631038 -0.5314879506631038 3.5515181222879573 0.6185719862272367 5.3972013113635295 0.5717170113764766 0.0 2.6756083497259513 1.0
269975 25.946736229793142 -0.5310350392398685 -0.5310350392398685 2.628998234813672 0.6339589808503536 5.169697956172748 0.5929770262088292 0.0 1.756809591361057 0.0
270050 26.65206650802412 -0.529965238302981 -0.529965238302981 2.571848587702775 0.619971613865058 4.9112643692565685 0.5838683062789669 0.0 2.6756083497259513 1.0
270057 25.753647901756505 -0.5304039823459457 -0.5304039823459457 2.4021211686590602 0.6002281630663888 4.425684607615548 0.5716263514031282 0.0 1.227018321135397 0.0
270107 26.681497675761776 -0.5295710533846535 -0.5295710533846535 3.3076931649246935 0.6212216267254885 3.9759226816316544 0.5669200287900708 0.0 8.423221158401022 1.0
270112 26.44975484919576 -0.5302175572732383 -0.5302175572732383 10.03746987387749 0.6517573830231 16.540983599256123 0.5880246817081467 0.0 4.533342869448499 1.0
270477 26.43706669795269 -0.5259161325433028 -0.5259161325433028 2.9499403346705826 0.6754604494057651 4.685430517281857 0.5692414958025508 0.0 4.533342869448499 1.0
270482 25.64553035513751 -0.5263067835185268 -0.5263067835185268 2.7603354492930676 0.6580041790701093 3.8576935009639497 0.5788119751365062 0.0 0.9804912815753837 0.0
270900 25.793418678115017 -0.5224460343494105 -0.5224460343494105 2.9074232407357345 0.597106270096457 4.823669143366847 0.5625399198433648 0.0 0.7690375651776064 0.0
271036 26.57233033407455 -0.5213080287584321 -0.5213080287584321 8.956413363558402 0.6805376385206136 10.989090569839945 0.6076262924434502 0.0 2.3070974667209616 0.0
271310 26.44950755783376 -0.5184510806164592 -0.5184510806164592 3.579470133329436 0.6058232627451526 4.893946009541571 0.566206144270492 0.0 4.533342869448499 1.0
271641 26.282713961661493 -0.5157067685895865 -0.5157067685895865 2.253278634826403 0.7093988824807239 4.4468076989772864 0.5596938070030119 0.0 1.717546754394003 0.0
271714 26.29198801719824 -0.5157651176512046 -0.5157651176512046 12.904132436949427 0.6683031093280173 18.705916980718364 0.589060865587601 0.0 2.9690257987394024 0.0
271846 25.9060747568844 -0.5144041428153897 -0.5144041428153897 10.291482612157196 0.683891057431272 13.237776332561056 0.6051101530638271 0.0 1.1302526766378769 0.0
272384 26.39709134356678 -0.5082836222849878 -0.5082836222849878 2.6146541042200693 0.5790555644088929 4.364244030790355 0.5399990512247882 0.0 3.3637174825145326 0.0
272459 26.49659345845443 -0.5075501765629706 -0.5075501765629706 2.7956878172557573 0.5858596358923145 5.775126185265779 0.5535962445859041 0.0 2.4269500913654234 0.0
272479 26.56700029325201 -0.5078966315017267 -0.5078966315017267 5.3383497134960365 0.6634327295060866 9.859131109346535 0.5681707655932438 0.0 1.4365282641556103 0.0
272525 26.05847808469872 -0.5072262818596386 -0.5072262818596386 5.254210923232738 0.6187204414237709 6.431999732341345 0.5688431636145795 0.0 0.4923624079195102 0.0
272668 26.472983185074263 -0.5065019848113945 -0.5065019848113945 4.3404619149866095 0.6033352182706536 7.31830970971049 0.5649656696458105 0.0 2.426950091365423 0.0
272953 25.896166368636298 -0.5035398534139519 -0.5035398534139519 4.714656995609521 0.6178339105623768 7.076872968585929 0.5650842963088497 0.0 2.754430011656685 0.0
272991 26.32134682694067 -0.5027908011970585 -0.5027908011970585 3.2942369381007475 0.6255595059584863 5.519538324909708 0.5564611563981486 0.0 1.9771764066461737 0.0
273435 26.682195376273715 -0.4998973703265768 -0.4998973703265768 10.543491972329631 0.6398799078029295 16.659028266727113 0.5737591462682607 0.0 6.22938528828714 1.0
273597 26.484775117818504 -0.4969823790676295 -0.4969823790676295 4.370245023146377 0.609434412716879 5.196209399422973 0.544452089881627 0.0 2.4269500913654234 0.0
273633 25.69931754125253 -0.4976568051215692 -0.4976568051215692 8.274426578957067 0.6161886488973668 10.360506642739416 0.5548040785299382 0.0 0.8486012912392754 0.0
273822 26.268143240276583 -0.4954547224185257 -0.4954547224185257 3.8837957446753295 0.6183147421785784 4.65944132492199 0.5781082111593293 0.0 1.4950563457536217 0.0
273890 25.934700302403787 -0.4952226482166326 -0.4952226482166326 9.51938797743674 0.6378677757671996 12.607603248535282 0.5814037224359562 0.0 1.7568095913610569 0.0
273980 26.073832919888027 -0.4938754336080507 -0.4938754336080507 3.116586396205138 0.6552624128599183 5.872100939288666 0.5802006139869113 0.0 0.7840058471729828 0.0
274107 26.400723566978527 -0.4928399039982888 -0.4928399039982888 2.721282130309284 0.5951982299585856 4.952204152193664 0.5389540344037466 0.0 3.3637174825145326 0.0
274113 26.674692018912545 -0.4937925531967249 -0.4937925531967249 7.357964724554885 0.6524399506274862 11.3898129312031 0.5706563115775145 0.0 8.88081265035523 1.0
274146 26.018031589649564 -0.4930321170109105 -0.4930321170109105 11.15151639094492 0.656524964539475 15.390715712436302 0.5689686016859273 0.0 0.4923624079195102 0.0
274172 26.319183195527856 -0.4920931091750815 -0.4920931091750815 2.594105540341756 0.5692264493864427 4.389405424586586 0.5382551246816404 0.0 1.9771764066461737 0.0
274430 26.139258397776068 -0.4897679837799811 -0.4897679837799811 4.169455522053859 0.5926822150090129 4.810620596712787 0.5553275526410698 0.0 0.5940209577683517 0.0
274565 25.657569483552628 -0.4886804923469423 -0.4886804923469423 4.24218269257856 0.6017639729590556 5.376121225868994 0.5560706270711132 0.0 0.9804912815753837 0.0
274847 26.29138035978674 -0.4857334191532822 -0.4857334191532822 2.4342783552005876 0.6036654439243855 3.6124043869625098 0.5428595851942634 0.0 3.2199143301842796 0.0
274908 26.29498397117371 -0.4860023193075173 -0.4860023193075173 3.4296625426863177 0.6104132191268267 5.159056965521624 0.5464207671469443 0.0 3.219914330184279 0.0
274917 26.09804722446431 -0.4851694985174939 -0.4851694985174939 3.10053941353437 0.5952754294177766 5.254810687692129 0.5664902533902096 0.0 0.7840058471729827 0.0
275028 26.672550078008527 -0.4836797100266241 -0.4836797100266241 2.318338142500805 0.6139918373410111 4.623186091268178 0.5477590350534864 0.0 4.430604150739403 1.0
275073 25.580839203540823 -0.4843863287096246 -0.4843863287096246 5.446358305178549 0.6334499793707898 10.480657310102588 0.5561223113678069 0.0 0.8535240732004397 0.0
275158 26.410112780826925 -0.48308582577587 -0.48308582577587 3.4680361372001314 0.6601066552200039 5.708927150870552 0.5503874789761496 0.0 2.1286980738250767 0.0
275190 26.49801098482376 -0.4824267884742065 -0.4824267884742065 2.9388454647323505 0.6170787728922862 5.528186624540324 0.5519589700182206 0.0 1.8709054462659431 0.0
275239 25.929749481922087 -0.4829208464256441 -0.4829208464256441 10.330402664456678 0.7047015131150772 12.999237980869914 0.5481852824271158 0.0 7.378692120535128 0.0
275249 25.59202963486696 -0.482390848888749 -0.482390848888749 2.5828108991371552 0.6329664197546173 3.5943003332305095 0.5617219585499507 0.0 0.8535240732004395 0.0
275453 26.383860459391805 -0.4806889684690762 -0.4806889684690762 5.333270257042948 0.6366903311252563 10.630985992795331 0.5585624822993749 0.0 1.8901635317991787 0.0
275804 25.92309828797861 -0.4782215385576189 -0.4782215385576189 5.654590138978831 0.7305298788405157 8.345509998281988 0.5512613478969289 0.0 8.599333373156263 0.0
276144 25.926260067678147 -0.4744894842171663 -0.4744894842171663 3.776551035052022 0.6667661888903225 4.988255043598215 0.5611300999595613 0.0 8.599333373156263 0.0
276181 25.864705327548155 -0.4750376623968746 -0.4750376623968746 13.14802798058934 0.6598381452208004 20.566498870058343 0.580882952286535 0.0 2.0798649164071756 0.0
276344 25.88660421070026 -0.4729473996804338 -0.4729473996804338 5.289516808806024 0.6229242402595723 6.3441961726398395 0.554340001444379 0.0 2.0798649164071756 0.0
276671 26.536842030016 -0.4694916446276771 -0.4694916446276771 3.1738354460989138 0.6010307406141856 5.973119918709791 0.5544358890770342 0.0 1.7733823537965696 0.0
276771 26.729667916923297 -0.4722887632242808 -0.4722887632242808 22.63620464304288 0.6896894561179795 29.34228900772072 0.5969760696944862 0.0 1.8810400781694274 0.0
276846 25.64595791865665 -0.4688390064442924 -0.4688390064442924 2.7705287411409927 0.6526789101427081 4.746853711496053 0.5946745733706391 0.0 0.9804912815753838 0.0
276982 26.489052471040665 -0.4667596521832696 -0.4667596521832696 2.965325490522702 0.6063225075114425 6.138875089240798 0.550224301324929 0.0 1.870905446265943 0.0
277215 26.007910570472976 -0.464800977986898 -0.464800977986898 3.7700502475638475 0.5921166574154173 5.537570401756178 0.5745264275936165 0.0 0.4923624079195102 0.0
277283 26.0510335979884 -0.4641974103872715 -0.4641974103872715 3.113230007162002 0.6272883648128867 5.595735064589139 0.587070724016706 0.0 0.4923624079195102 0.0
277320 26.337150617368536 -0.4636195915434264 -0.4636195915434264 3.1363922719336528 0.5961056311054005 6.37844146142223 0.5749562029934776 0.0 1.9771764066461734 0.0
277345 26.53086155253461 -0.4633401708495054 -0.4633401708495054 4.202644978168364 0.6035517359180499 5.636446298381663 0.5375879543196114 0.0 1.7733823537965692 0.0
277546 26.330756732595543 -0.461631278394434 -0.461631278394434 3.3528670686281474 0.6442636108357214 4.414914728122893 0.5735520228012415 0.0 1.9771764066461734 0.0
277640 26.110787074633667 -0.4610063689781654 -0.4610063689781654 2.766908908971212 0.5919724976264088 5.250430784761553 0.5593647734908767 0.0 0.7840058471729828 0.0
277760 26.497225338325087 -0.4599691458701566 -0.4599691458701566 2.2623445806572082 0.6273195203787261 3.8009583325552376 0.5633506705722178 0.0 1.7914567483650539 0.0
277950 25.92327093037502 -0.459330439222911 -0.459330439222911 3.8008663978570825 0.6199980113816874 5.786217964962057 0.5690092126156164 0.0 5.0442596979917695 0.0
278050 25.84181450161805 -0.4577859542945642 -0.4577859542945642 2.5367904365261973 0.5895197579595168 4.931265187748397 0.5542551099226796 0.0 1.5894269439330007 0.0
278090 26.671439648581345 -0.4573761564914616 -0.4573761564914616 3.798829284608476 0.5831533820443588 7.560000494475751 0.5479939320700743 0.0 4.556132205510896 1.0
278174 26.10610178310245 -0.4566687749479217 -0.4566687749479217 3.637790338340788 0.6314561208488499 4.864898378967041 0.5726260317994916 0.0 0.7840058471729828 0.0
278214 26.220922211196783 -0.4560877875602258 -0.4560877875602258 2.3505298367441614 0.6555584284405324 4.838383072914373 0.5808720076796117 0.0 1.2809095967916528 0.0
278557 26.50809765198756 -0.4530063395681493 -0.4530063395681493 6.168912884841673 0.6170673867055692 6.662677023539849 0.5566792502241071 0.0 1.7733823537965694 0.0
278686 25.916793726807747 -0.4519108369257874 -0.4519108369257874 2.215704254138145 0.5882231465726863 4.563333255007337 0.5602087443207435 0.0 5.0442596979917695 0.0
278845 26.02215217813896 -0.4507810806155685 -0.4507810806155685 3.0801279147627594 0.6585887604100618 4.1879454697499625 0.5699604920973631 0.0 0.49236240791951025 0.0
278940 26.74725324989544 -0.4494281100395023 -0.4494281100395023 3.681616407263649 0.6415023509518918 4.061553157438542 0.5687375932237994 0.0 1.7745322978107037 0.0
278992 26.70942117117536 -0.4494302925350621 -0.4494302925350621 5.598467353517491 0.6286777292687175 7.072134597588598 0.5588245219411322 0.0 2.4996879519806017 0.0
278999 26.491219773690567 -0.4491452822308795 -0.4491452822308795 3.6051133473504504 0.5998902851768191 5.977384710127551 0.5387603148612062 0.0 1.7733823537965694 0.0
279172 26.646396173201392 -0.4476200793811797 -0.4476200793811797 7.489354267131382 0.6384146447027849 8.587454697927868 0.5743785466400722 0.0 2.148508120112586 0.0
279336 26.331378165137977 -0.4461944565024046 -0.4461944565024046 3.0590766071464275 0.6354468779115713 5.713612987754651 0.5688715165845146 0.0 1.3122087743493371 0.0
279490 26.44594952802998 -0.44488389521174 -0.44488389521174 2.5115486964391422 0.6061799530559699 5.0633104539156815 0.5502632512495673 0.0 1.4998068658585995 0.0
279732 25.46606041148593 -0.4439030354512325 -0.4439030354512325 13.070180407905651 0.7178950679014362 17.291417955555033 0.5856234607012171 0.0 0.5133337202431374 0.0
279781 25.836348953537367 -0.4424899366655385 -0.4424899366655385 1.946724959031113 0.5778634308009665 3.898937028933184 0.5471044831794396 0.0 1.5894269439330007 0.0
279982 26.756700932514462 -0.4439432765915306 -0.4439432765915306 4.39235737821389 0.6328486187179085 8.524341785164813 0.5752627034913592 0.0 1.7745322978107037 0.0
280309 25.74880819294671 -0.4385149323301324 -0.4385149323301324 3.9875022688965016 0.6518904608512014 5.284321854559876 0.573918924653331 0.0 0.9148294255561532 0.0
280498 26.824769161852675 -0.4362289849019313 -0.4362289849019313 4.743350407199983 0.6825120370358999 7.437884046949094 0.5661477773255711 0.0 1.7828543558164553 0.0
280580 25.91833768725372 -0.4360381150844869 -0.4360381150844869 4.7556413295347975 0.6385529895004399 6.15248335596892 0.5681536018743866 0.0 2.6858461887816167 0.0
281045 25.94768900451029 -0.431888162339763 -0.431888162339763 5.858894532774748 0.6763028036960217 7.596972277982825 0.584658712914951 0.0 1.3826543840106136 0.0
281057 26.641882733491904 -0.4313485325548106 -0.4313485325548106 3.540173200271551 0.5818014056314298 5.467482426620941 0.5487801668794193 0.0 4.74731039275466 0.0
281244 26.117348535777943 -0.4299336348895556 -0.4299336348895556 2.0472936644474102 0.6257626193078687 3.2448949160486857 0.5471781210700204 0.0 1.73022554067531 0.0
281330 25.778730086162664 -0.4293996443246118 -0.4293996443246118 2.5397322181070665 0.5916594871617447 3.438576603125045 0.571380664291715 0.0 0.9148294255561532 0.0
281404 26.236444230006928 -0.4285291571711245 -0.4285291571711245 2.4352658162652214 0.6630466087762862 4.652318059696058 0.5706878577974696 0.0 1.2809095967916528 0.0
281568 26.256523151477825 -0.4272376515765672 -0.4272376515765672 2.858303329824172 0.6513539344653151 5.570932396379826 0.5912527742061269 0.0 2.3780892868385535 0.0
281593 26.13352116891511 -0.42711863200839 -0.42711863200839 2.412160849729816 0.6265490105095924 4.561600788111439 0.5641534510520291 0.0 1.7302255406753098 0.0
281780 26.12212949969872 -0.4255160980817814 -0.4255160980817814 3.415931696360657 0.6573428878488952 5.334161276806577 0.5742988699016713 0.0 1.73022554067531 0.0
281878 26.50642082368837 -0.4244549052920086 -0.4244549052920086 3.3430046901895474 0.6440695421467623 5.225156854654136 0.5495614444256286 0.0 1.7733823537965696 0.0
282195 26.733474910847868 -0.4216547269826896 -0.4216547269826896 4.8324378980536595 0.5851242015882268 5.503422198075201 0.5593965257269621 0.0 4.320763598148199 0.0
282221 26.285877829705463 -0.4217322313075146 -0.4217322313075146 3.031864580293037 0.6362234201783926 3.9559942263056 0.582152436557567 0.0 2.378089286838554 0.0
282262 26.274110709931843 -0.422223610218818 -0.422223610218818 5.980539074602893 0.6692684684146559 8.83251861054685 0.6015538382422249 0.0 2.378089286838553 0.0
282277 26.651242101476768 -0.4221322006671321 -0.4221322006671321 6.171409542820974 0.66294705777531 8.301580921293969 0.5765723609078034 0.0 4.747310392754659 0.0
282408 25.605135430878377 -0.4207940064691187 -0.4207940064691187 5.9632021734361675 0.6345434596227834 12.351242183890108 0.5780160189410117 0.0 1.2533285195413952 0.0
282444 26.126787872220177 -0.422777311742221 -0.422777311742221 18.179427308479145 0.6877089918983058 26.902410361537576 0.6120438576978497 0.0 1.7302255406753098 0.0
282518 25.45468636495051 -0.4195373883449944 -0.4195373883449944 4.794918948580466 0.659062301763745 7.1089561180806236 0.5693873809748327 0.0 1.3739754358230758 0.0
282565 26.56274004210685 -0.419518390813891 -0.419518390813891 5.495627964064838 0.6568376625625836 11.174829948812274 0.5784578849125208 0.0 1.924748236794773 0.0
283103 26.15480047120957 -0.4142096711943805 -0.4142096711943805 4.283917478886548 0.6231672241378657 4.635355206565942 0.558270261294526 0.0 2.3997324528333404 0.0
283109 26.59664747527877 -0.4140584511804863 -0.4140584511804863 3.734936858312328 0.6879678407517219 6.468240029825709 0.5599056173369958 0.0 1.6234721197476545 0.0
283201 26.23297361002652 -0.4136692261292162 -0.4136692261292162 3.702173984347663 0.7063934865475935 5.557675000873655 0.5813403080958425 0.0 1.2809095967916528 0.0
283245 25.98619399886668 -0.4131217186204332 -0.4131217186204332 5.5595948651920954 0.6479496811989229 6.135236329339045 0.5799875933081616 0.0 1.3679224753305754 0.0
283256 25.86863602830121 -0.4135440045879587 -0.4135440045879587 6.6602184785446585 0.6307039003867582 9.156495070483194 0.5669623908568675 0.0 1.3740845288386065 0.0
283257 26.3480782892584 -0.4144071535803337 -0.4144071535803337 10.098162097109299 0.6383430630623884 11.986899180899282 0.5901729277830532 0.0 1.3122087743493374 0.0
283272 26.274379045860027 -0.4129436557795568 -0.4129436557795568 4.6740422031180024 0.6637109033312383 6.4672210225411195 0.5895956963379165 0.0 2.9725365203343843 0.0
283351 25.822221760555745 -0.4123986287667444 -0.4123986287667444 2.4606338184881458 0.5978702122868512 3.9630207927103642 0.55877386772509 0.0 1.4269018106545244 0.0
283778 26.39666202989996 -0.4087386255958745 -0.4087386255958745 3.2056454954608546 0.61393602293582 5.993436456921333 0.5743992383851609 0.0 1.477446626316309 0.0
283893 26.767894570225188 -0.4075828605523789 -0.4075828605523789 2.8108316767152406 0.6075543803263063 5.082847221073966 0.5452975800804549 0.0 2.6662671407331633 0.0
284023 26.653132918280125 -0.4073137346564593 -0.4073137346564593 2.9008029123879435 0.6487750011770643 5.595232385231162 0.579938574345154 0.0 1.6144846986098444 0.0
284056 25.414870369560475 -0.4067911647000422 -0.4067911647000422 3.044566891088081 0.6268402402363624 4.840049614648569 0.5431858374886394 0.0 1.23111720227837 0.0
284258 26.14030601952536 -0.4048621820815211 -0.4048621820815211 2.785618521366268 0.633433768376855 5.63376280952418 0.5692720891979031 0.0 3.824152778808859 0.0
284259 25.5533519776627 -0.4051151578802076 -0.4051151578802076 4.348130994197804 0.6758913421837665 6.8138985286373615 0.5868938591688275 0.0 1.4986802704785778 0.0
284348 26.86771421619998 -0.4037776439339064 -0.4037776439339064 5.965831583059441 0.6811616232827183 6.494855511221745 0.6076760453389222 0.0 0.6103645123595483 0.0
284576 26.42458688663436 -0.4026440341132728 -0.4026440341132728 4.253704144666634 0.6435728619925614 6.170731105951817 0.5585963848288205 0.0 1.477446626316309 0.0
284755 25.9680334923044 -0.4006583867394172 -0.4006583867394172 3.048327458026886 0.6467910201956609 5.286472276680159 0.5837257173647701 0.0 1.3826543840106136 0.0
284886 25.808102117776045 -0.4023708935164382 -0.4023708935164382 4.656997458576084 0.6040346610725936 6.410482892650534 0.5498911732422036 0.0 1.4269018106545244 0.0
285104 26.836098077409403 -0.398973373107567 -0.398973373107567 13.592030081849767 0.6675006063636775 20.64913065232836 0.6054458692241895 0.0 3.8273157709483767 0.0
285127 25.5484203597229 -0.3975912348122459 -0.3975912348122459 2.2193246013482515 0.6330063456054446 3.9835751507923423 0.5741541564461307 0.0 1.498680270478578 0.0
285157 26.105991835864664 -0.3972557532755925 -0.3972557532755925 4.200473439394724 0.6418291628192511 6.307036141893685 0.5672795784415094 0.0 3.8241527788088594 0.0
285192 25.390399808252777 -0.3977784861066267 -0.3977784861066267 2.8786884971591262 0.5639446120410765 5.427278121269083 0.49023396217310805 0.0 1.23111720227837 0.0
285299 25.630045038863127 -0.3959641947270101 -0.3959641947270101 3.0265613388183894 0.6435556512637338 5.347120077683867 0.5891907072537343 0.0 1.2533285195413952 0.0
285362 25.56771521093665 -0.3954262473838926 -0.3954262473838926 2.7370686313352803 0.6363140311643566 4.600828190725341 0.5904106832734491 0.0 1.498680270478578 0.0
285376 26.52442707285795 -0.3963353042728736 -0.3963353042728736 3.6934051652808106 0.6557263189438232 7.176785641387242 0.5821398695736175 0.0 1.8080655964786483 0.0
285513 26.023379431217688 -0.394689429277712 -0.394689429277712 13.018540404679962 0.7000624960122991 18.196339945177495 0.6196688365811485 0.0 1.3679224753305756 0.0
285644 26.46830492752331 -0.3922761080682878 -0.3922761080682878 2.6103725739917216 0.5928054599031617 5.146265552750218 0.5537061670674372 0.0 2.3937773124249198 0.0
285928 26.133310310417823 -0.3903069298981225 -0.3903069298981225 8.735350201361465 0.6336177532360124 10.410876427761607 0.5667168968855765 0.0 3.824152778808859 1.0
285964 26.7386462936032 -0.3897182544501728 -0.3897182544501728 3.5454389725624975 0.6414321794378178 5.758615666301794 0.5632332027499116 0.0 4.584676862248733 0.0
286022 26.16806490620008 -0.3909309948462583 -0.3909309948462583 19.9227615552523 0.6942775581132491 38.45718298348849 0.6260270094031095 0.0 2.3997324528333404 1.0
286311 26.73993531456187 -0.3865444934120245 -0.3865444934120245 3.465091007857144 0.6236002774374666 5.444105003753189 0.556595543295157 0.0 4.584676862248733 0.0
286329 26.09002058328885 -0.3867817832603433 -0.3867817832603433 5.0348023280824235 0.6309300998220232 6.216993830656022 0.5949208914064514 0.0 2.7004801159587606 0.0
286373 25.55889048437509 -0.3865176378142226 -0.3865176378142226 3.362238356116101 0.6968408085267381 4.562135013689371 0.5903642652640868 0.0 1.4986802704785778 0.0
286407 26.87460574942255 -0.3859689804086845 -0.3859689804086845 4.942381689380313 0.7183600915725478 6.344036638898925 0.6173969550760345 0.0 0.0 0.0
286476 26.45151970710758 -0.385018981063941 -0.385018981063941 3.6498391917224775 0.6085801584479905 5.596773257125864 0.5515968580411611 0.0 2.3937773124249198 0.0
286505 26.45426511234369 -0.38505974862294 -0.38505974862294 3.188407482036681 0.61805091928438 5.435163903697357 0.5613972256245358 0.0 2.3937773124249198 0.0
286560 26.84126334567452 -0.3844724881766647 -0.3844724881766647 4.310140975966628 0.6694842562810461 6.621009488622403 0.599081773438482 0.0 2.4134884072680194 0.0
286854 25.52900171809737 -0.3820930614611136 -0.3820930614611136 5.827594798243615 0.6487518442175292 6.355595045130373 0.5846351111920214 0.0 1.5571393023518572 0.0
286914 26.76178546022521 -0.3810621753807254 -0.3810621753807254 2.2916193311394055 0.6118231670082789 3.453169369435926 0.5554826184071592 0.0 2.3344723655188604 0.0
286978 25.69257976637807 -0.3832578548915274 -0.3832578548915274 19.707262244934864 0.6885458333854487 33.02598231509814 0.6166848216935635 0.0 1.7349840533811665 0.0
286984 26.49835896221093 -0.3805290139995809 -0.3805290139995809 3.167084632284582 0.6412090405133928 4.730434998470141 0.5418343716737486 0.0 1.8080655964786478 0.0
287016 25.75628954022756 -0.3805290158546257 -0.3805290158546257 2.8611422320999638 0.6688125472131016 5.081413992607356 0.5824228713566346 0.0 1.5753607045901217 0.0
287047 26.72178192947096 -0.380601367355895 -0.380601367355895 10.181241964462759 0.6645391960342925 12.74516292271079 0.5744935680208306 0.0 2.883779336192216 0.0
287147 26.07910851958932 -0.3793845151819346 -0.3793845151819346 4.814250987209247 0.6458457126837438 6.556877954855005 0.5903869141624136 0.0 2.7004801159587606 0.0
287149 26.046721907986573 -0.379516071985677 -0.379516071985677 4.9038628534946245 0.6463002668423703 7.496226527454536 0.5827375867477128 0.0 4.785793337384467 0.0
287257 26.87123650410805 -0.3782037530906863 -0.3782037530906863 3.3483026525008555 0.636125446312738 5.963821638188019 0.6025043065354584 0.0 0.0 0.0
287445 26.62636373077365 -0.3766035087770258 -0.3766035087770258 2.678862507756093 0.6292366770407891 5.174481393198586 0.5706961756987311 0.0 1.6144846986098442 0.0
287635 25.81108416451733 -0.3752297874219553 -0.3752297874219553 4.01436400394831 0.5737838617530214 5.354648164605876 0.557289985042437 0.0 1.4259227394637335 0.0
287692 26.18007037443924 -0.3754692442193749 -0.3754692442193749 12.02780625877569 0.6395244680327992 17.63619882565153 0.5843334649492103 0.0 6.197382789519286 1.0
287877 25.68404836838159 -0.3732961074228357 -0.3732961074228357 6.1713660219134425 0.6830535989366897 7.499224577190999 0.6135440156547979 0.0 1.5559611477744573 0.0
287880 26.68916916149935 -0.3726216308143167 -0.3726216308143167 2.9673655652531834 0.6075234403210809 4.259745696448311 0.5546700135331334 0.0 1.8600179093114737 0.0
287882 26.066885176893496 -0.3728854988159382 -0.3728854988159382 3.794622435227368 0.6608333026738363 7.022997175305959 0.5802406970002664 0.0 19.22521771209137 0.0
288016 26.72710500356761 -0.3716064412140251 -0.3716064412140251 2.7780418918935528 0.6055498135231729 5.497555888764376 0.5388027155560274 0.0 8.063190174124372 0.0
288236 25.74347459858062 -0.3700809131707257 -0.3700809131707257 4.317704471911034 0.7358775574931709 6.585867900913045 0.5966510921249167 0.0 1.5753607045901217 0.0
288268 26.73855912724768 -0.3696435398547293 -0.3696435398547293 3.3951303764424594 0.6338256969443292 5.432072374141763 0.54956316981072 0.0 8.157729694668674 0.0
288367 26.134184450518788 -0.3688619936111179 -0.3688619936111179 2.7169102105037584 0.6079415942382341 5.503819809206717 0.5738818417498737 0.0 5.672173543208048 1.0
288381 26.202302011949488 -0.3688947148673032 -0.3688947148673032 8.057168534687117 0.63247256195668 9.564364002647023 0.5722042008966559 0.0 4.820045505569559 1.0
288542 25.810859915041696 -0.3677800477875178 -0.3677800477875178 2.161641887500155 0.5925179011660276 4.431495421331268 0.5511101063052587 0.0 1.4259227394637335 0.0
288602 26.560943303709266 -0.3672885529242036 -0.3672885529242036 4.9814478843722405 0.6230408446403554 5.971262683294968 0.5641557043534544 0.0 1.14153764961326 0.0
288646 25.942289475750545 -0.3667570761113259 -0.3667570761113259 1.8261573665242095 0.6421564811829812 3.552319138754653 0.5744295871363585 0.0 1.5229836282568443 0.0
288693 26.74732783851437 -0.3659621778562224 -0.3659621778562224 2.37223840019625 0.582721018309775 4.056955649970317 0.5291680879494941 0.0 8.157729694668674 0.0
288733 25.858884503538967 -0.3660022313433438 -0.3660022313433438 3.7304453976471845 0.6116960068164605 4.483080186482012 0.5484891433433278 0.0 1.3820646078220578 0.0
288801 26.067307635201733 -0.3661890207664237 -0.3661890207664237 12.034915875432988 0.6908748448139453 14.07162146962275 0.5912174038117528 0.0 7.544869892625061 0.0
288813 25.80712240883636 -0.365310657697421 -0.365310657697421 2.2001711529524406 0.6153433559150331 4.453655417628918 0.5512284368201105 0.0 1.4259227394637335 0.0
288855 26.77212134827468 -0.3657373423685168 -0.3657373423685168 6.963042618580772 0.6453023582901738 14.064441807481142 0.5672721103567855 0.0 2.3344723655188604 0.0
288972 26.083546368496044 -0.3637813260425554 -0.3637813260425554 3.2378134978492246 0.5908118393620051 4.747757220987582 0.5659397267859655 0.0 3.7940383060881757 0.0
289006 26.246190208023183 -0.3634917659670703 -0.3634917659670703 14.919236776338979 0.5034353452559339 15.167587367293002 0.45622344164722506 0.0 1.7605898237519262 0.0
289425 26.19617001893705 -0.360386050788783 -0.360386050788783 2.6173350178759227 0.6394096077822365 4.542113207304266 0.5631357828722873 0.0 137.42530506530727 1.0
289462 26.442397629642308 -0.3598968859793324 -0.3598968859793324 6.025833781014763 0.6476106025932182 7.576171086824709 0.5487890770770556 0.0 4.4183496485934635 0.0
289523 26.19624917550076 -0.3596223056608215 -0.3596223056608215 5.755353529638279 0.5965935218066784 7.8822827292603845 0.5636463938512821 0.0 134.09893919261438 1.0
289538 26.13441696464228 -0.3596744264989149 -0.3596744264989149 4.884322094773815 0.6723490909351364 7.150541761586268 0.5596301995227759 0.0 5.672173543208048 1.0
289543 25.58453029305334 -0.3593307887164894 -0.3593307887164894 9.837977115565248 0.42923681564274074 13.625917160085566 0.3977136374159394 0.0 21.70586926800175 0.0
289582 25.5847206006621 -0.3596883297648479 -0.3596883297648479 18.93678805583945 0.6368303235559987 20.373085776511886 0.6028799383210701 0.0 21.70586926800175 0.0
289706 26.028175651782984 -0.3585148525617543 -0.3585148525617543 5.198721302595917 0.6544954389143739 6.6490122311359725 0.5867702494906362 0.0 4.689190752195852 0.0
289710 26.509854941909698 -0.3575428836223233 -0.3575428836223233 3.6282799899648692 0.6038387427938605 5.818374507703178 0.5391160145862096 0.0 2.882653994325853 0.0
289751 26.30788139605967 -0.3575070930299916 -0.3575070930299916 4.4904786120020015 0.6767005422040172 6.108075291477909 0.5916136114583801 0.0 2.0389405015830615 0.0
289826 26.196016437483777 -0.3568424347199025 -0.3568424347199025 4.100379343638648 0.6289579860287907 7.220577717648599 0.5604603157678789 0.0 5.3215635446245235 1.0
289931 26.511617208552146 -0.3555494431663554 -0.3555494431663554 2.026511658541429 0.5892152352378099 3.5690278194839884 0.545606166491656 0.0 2.882653994325853 0.0
290052 25.931710863416697 -0.354931902948799 -0.354931902948799 4.792093179832982 0.617937368229947 7.898209063734835 0.561106974648933 0.0 1.5229836282568443 0.0
290174 25.40161472753132 -0.3543450579890205 -0.3543450579890205 5.2597445164930985 0.5932801184162166 6.798609556566085 0.5136039427081524 0.0 2.0074373309659705 0.0
290197 26.14366206942513 -0.3545928540340186 -0.3545928540340186 14.394337110841542 0.6640174627381519 17.713581059400862 0.5690116333051477 0.0 7.5501743157073316 1.0
290210 25.98633577276351 -0.3541319407055349 -0.3541319407055349 7.778505065094211 0.6711253162531214 12.514969640658453 0.5781276796836444 0.0 2.2671232621342354 0.0
290417 26.47871937482188 -0.3519151198098482 -0.3519151198098482 8.22824716202556 0.66049911581455 9.848417755529637 0.5512986496925247 0.0 2.8826539943258536 0.0
290481 26.74723683121448 -0.351807798561897 -0.351807798561897 7.686372205174138 0.594108659919875 14.03426301959108 0.5428649416136517 0.0 2.274414938244905 0.0
290605 25.58595880580183 -0.3513796251506437 -0.3513796251506437 6.431459841319829 0.6782599397899245 8.731474265389682 0.6188214278571069 0.0 8.663995745010622 0.0
290645 25.80754059671519 -0.3504490290823517 -0.3504490290823517 4.31540198413456 0.6132708729223357 7.390516303225891 0.552320978987215 0.0 1.4259227394637335 0.0
290937 25.54881988576634 -0.3480242085678469 -0.3480242085678469 5.970251015335022 0.6935094163692184 8.09698243947202 0.6128042503588479 0.0 2.9646000984982637 0.0
291019 26.02334545416836 -0.3469971303187287 -0.3469971303187287 4.1094821148527485 0.6841298688905638 5.694986554372211 0.5852853882313642 0.0 4.689190752195852 0.0
291046 25.73927016303666 -0.3468479789961226 -0.3468479789961226 2.2182987697793455 0.654053483248374 4.1787691250253225 0.5812244755265707 0.0 1.5753607045901217 0.0
291154 26.16529235982221 -0.3458371667285952 -0.3458371667285952 2.441017529103557 0.6058623119416615 4.4499703040978416 0.5528112973773734 0.0 2.7599096164792494 1.0
291223 25.637035532406085 -0.3454336339876664 -0.3454336339876664 2.9804703800628376 0.6717780636736489 5.583896476420456 0.6181246169243284 0.0 1.4782353400612749 0.0
291631 25.417885791589924 -0.3423980044534849 -0.3423980044534849 4.69503280035593 0.5754239926966881 6.062116826846168 0.5246594764415019 0.0 1.539857973240341 0.0
291655 26.09637638729396 -0.3430027528244774 -0.3430027528244774 9.326283264285353 0.6713451376738805 15.89959873113816 0.5991568405659669 0.0 2.249463361341964 0.0
291773 26.42854691375604 -0.340826078041302 -0.340826078041302 2.2991073092960432 0.5808952959521827 4.612433079346194 0.5422356138395606 0.0 4.566590017096865 0.0
291805 26.689907620748144 -0.3410324032623502 -0.3410324032623502 5.496640571973379 0.5641892782710728 6.1789565574749545 0.5295800429540827 0.0 1.8600179093114737 0.0
291835 25.73339785408942 -0.3405897358146459 -0.3405897358146459 4.067099755467129 0.634501827201875 4.883334247428936 0.5691512092334386 0.0 3.0093716011398923 0.0
291897 25.784017966202303 -0.3401185537043271 -0.3401185537043271 4.69807071421361 0.6235256033766972 5.73100345311526 0.5616228905432837 0.0 1.4259227394637335 0.0
291930 26.463191977282527 -0.3409438029740237 -0.3409438029740237 34.0744756583389 0.6616335338038218 52.2084352068567 0.602829464369142 0.0 4.0590080145051965 0.0
291966 26.30815134725999 -0.3391454871134935 -0.3391454871134935 3.2564257676227046 0.5962242316623781 4.449305000756993 0.5475224255278155 0.0 2.0389405015830615 0.0
292317 25.599358893159422 -0.3366983231199117 -0.3366983231199117 4.371202611872114 0.6661356043191007 8.685622542865461 0.6028358508691819 0.0 1.4782353400612749 0.0
292389 26.68306557216747 -0.3351380966954738 -0.3351380966954738 2.631376819798283 0.6047672219114807 4.4722128356077 0.5386206745528747 0.0 1.8600179093114737 0.0
292520 26.030350054131205 -0.3344224829741108 -0.3344224829741108 3.421916658086538 0.6186035541618575 4.819524613865161 0.5542926563624301 0.0 3.608780769365479 0.0
292618 26.15267315218664 -0.3337242823742114 -0.3337242823742114 4.561380865892324 0.5899291807714703 6.478390959606838 0.5480842057631783 0.0 2.7599096164792494 1.0
292754 26.092696175371408 -0.3324543740299915 -0.3324543740299915 2.7008482916635415 0.6183015296757525 4.826884797640959 0.5383834984828453 0.0 2.2494633613419643 0.0
292794 26.045585788644043 -0.3326464612969095 -0.3326464612969095 4.317327462392552 0.66507077083458 6.24903642072506 0.5703906280254523 0.0 2.8683035075762144 0.0
292867 26.057247316011697 -0.3315312994306846 -0.3315312994306846 2.236392908985075 0.5983990646087042 3.6664416453846176 0.543457328120375 0.0 2.868303507576214 0.0
292916 26.03255464479456 -0.3311283832315776 -0.3311283832315776 2.0965406615593634 0.5980245212898653 4.200292917760533 0.544810686708463 0.0 3.350253797553874 0.0
293090 26.30558708609251 -0.3297691159684527 -0.3297691159684527 3.624440364336054 0.6481361786090837 5.265850834595745 0.5434917199381301 0.0 1.9604250691240812 0.0
293228 26.407165902378303 -0.3292368059388215 -0.3292368059388215 7.800696517479758 0.611008025285393 8.198962999181408 0.5493304874675331 0.0 5.348624093853332 0.0
293394 25.53712669247072 -0.3276393617419531 -0.3276393617419531 3.366097810797459 0.5808701437562299 5.8718426465652795 0.5670773607335935 0.0 2.242162610361191 0.0
293595 26.476554380150088 -0.3257383390776578 -0.3257383390776578 2.820077294363699 0.6173156608731902 5.605239747521474 0.5183510307629966 0.0 2.7467047452611477 0.0
293713 25.60533083839801 -0.3252810311342446 -0.3252810311342446 1.7602315610218169 0.6384230946277702 3.498733699458351 0.5690374754534945 0.0 1.4782353400612749 0.0
293759 25.86069162471769 -0.3269288139218771 -0.3269288139218771 47.80915259642215 0.6887462116324485 73.99174131102536 0.6190026061677141 0.0 1.3820646078220578 0.0
293825 25.964104689409567 -0.3245601653806613 -0.3245601653806613 3.1713453548837682 0.5989739626930993 4.675263878770792 0.5342211099578618 0.0 4.404496187562953 0.0
293826 25.38439116102841 -0.3245410390266136 -0.3245410390266136 2.6118097940208576 0.4970545229427272 3.526907306600004 0.4638392656887328 0.0 1.6780224313254708 0.0
293870 26.36614527901442 -0.3249564396198439 -0.3249564396198439 20.42780623592616 0.6540329170284077 27.735735307870215 0.5800595058136511 0.0 2.470426428581912 0.0
293876 25.98555636475632 -0.3238097836368974 -0.3238097836368974 2.4453799206630555 0.5810370227867123 4.111607093980937 0.5353537737663459 0.0 4.4909260225651435 0.0
293960 26.10222128856631 -0.3232816488821557 -0.3232816488821557 3.345628176849074 0.6148481390937564 4.765513622499669 0.5375520946369278 0.0 2.2494633613419643 0.0
294059 26.02356981180148 -0.323329223119035 -0.323329223119035 5.912085322421409 0.6519682801615476 7.632217131277505 0.5643125598846758 0.0 3.608780769365479 0.0
294180 25.45238397845389 -0.3216317152293997 -0.3216317152293997 2.1607485500550605 0.5813784721648498 4.109379930852111 0.5296437276903674 0.0 1.5263083826759551 0.0
294230 26.33652099829821 -0.3211129800565692 -0.3211129800565692 6.126416997692239 0.611948285818271 6.594464310230838 0.5454270612183603 0.0 3.1485120805721984 0.0
294300 25.87414874161471 -0.3208967152090156 -0.3208967152090156 2.4025207111917966 0.5967626426123045 4.108520457308437 0.5267851766261465 0.0 1.3820646078220575 0.0
294303 26.29770843516944 -0.3208827238117206 -0.3208827238117206 5.812359609258361 0.6160506375899085 8.63246342819884 0.5319964576506233 0.0 1.9604250691240812 0.0
294425 25.97796857079984 -0.3197688808979823 -0.3197688808979823 7.474513277135482 0.6095609969372723 8.684116049912506 0.5401067461569123 0.0 4.490926022565144 0.0
294462 25.78946733371028 -0.3192824350454658 -0.3192824350454658 2.776153882819264 0.6200568126137778 4.968488825974788 0.5420024293320562 0.0 1.4259227394637335 0.0
294636 25.81258543221469 -0.3181603990003659 -0.3181603990003659 3.102234024966323 0.6249057312711914 6.24940145555597 0.5327023847971686 0.0 1.4259227394637337 0.0
294699 25.73816937104455 -0.3178268930023436 -0.3178268930023436 6.322889083121709 0.6260897703687994 9.911660072174545 0.5551770321058558 0.0 2.7414706020228525 0.0
294739 26.489912999156203 -0.3167401216600172 -0.3167401216600172 2.9845196786082844 0.584242442209107 3.5308250895982587 0.5171804471105257 0.0 2.746704745261148 0.0
294761 25.863295551716853 -0.3170018267191686 -0.3170018267191686 3.9258578004823357 0.568623656528903 5.245692800044467 0.5223944578487292 0.0 1.3820646078220578 0.0
294805 25.74092751760193 -0.3171218968355332 -0.3171218968355332 6.652194922829234 0.6504050762874344 12.092417552606566 0.5800848329216721 0.0 2.291710623468877 0.0
294883 25.90996611768438 -0.3165176418571877 -0.3165176418571877 10.412506916672996 0.705184870983467 13.565927838138386 0.5488781533014021 0.0 2.617742620983986 0.0
295075 25.52079788732614 -0.3143846129686308 -0.3143846129686308 3.716764304216997 0.6665268500868378 5.773479086303881 0.5756624262882101 0.0 2.4630683167545793 0.0
295221 26.49135885160585 -0.3138791687852753 -0.3138791687852753 3.8292050754231526 0.6028420983052694 7.878664570971661 0.5300705931123878 0.0 2.7467047452611473 0.0
295266 26.676642292829868 -0.3134172154449873 -0.3134172154449873 4.178910889874999 0.6377882436231029 6.158265842466721 0.5572950066856135 0.0 1.682864163012304 0.0
295314 26.8101512193047 -0.3122247346083983 -0.3122247346083983 2.5559297213130496 0.5807506435438481 4.501116898691415 0.5128847532732178 0.0 1.0615001081502886 0.0
295380 25.53927061421372 -0.3134022678350098 -0.3134022678350098 9.235762351824944 0.6627019222284565 16.15692446631355 0.5817574263796971 0.0 2.242162610361191 0.0
295397 26.46191549218897 -0.3117260745417465 -0.3117260745417465 4.222568205835112 0.58686181753018 5.57423972783193 0.5310372207958431 0.0 2.7467047452611477 0.0
295484 26.413663580926222 -0.3113708914449603 -0.3113708914449603 9.094677612899602 0.6174809930668949 12.667069160751367 0.5348544421704858 0.0 2.403851202546554 0.0
295573 26.391247228163955 -0.3100355731566827 -0.3100355731566827 3.69814430883863 0.5904085702424539 5.146194863465502 0.5392183788509618 0.0 2.403851202546554 0.0
295781 25.924167563719863 -0.3085202337850921 -0.3085202337850921 2.350855419486114 0.5954316009686478 3.5255115473170946 0.5467685223749223 0.0 2.617742620983986 0.0
295878 25.474007573072207 -0.3080809409207832 -0.3080809409207832 5.70843831322133 0.6252130978643469 6.601023348779859 0.5819941517894414 0.0 1.1795658484264377 0.0
295883 25.96206620254743 -0.3075675290482808 -0.3075675290482808 3.0506072196489846 0.6137332702986724 4.053001942909338 0.5492904302061943 0.0 4.404496187562954 0.0
295909 26.50676947946976 -0.3084356460395646 -0.3084356460395646 4.522080198792076 0.6171904780297328 7.901900615269983 0.5464345315996513 0.0 3.264802566625823 0.0
296064 26.29464516465169 -0.3058423293121525 -0.3058423293121525 4.933850947704061 0.6121468165233429 6.037112391589224 0.5530530959343269 0.0 1.8103051213269075 0.0
296360 26.311886697679103 -0.3038590054419823 -0.3038590054419823 6.8717169169832815 0.6109307366098845 7.4272317254108025 0.5672494228304341 0.0 1.742506654479864 0.0
296460 25.388115764891182 -0.303592021190545 -0.303592021190545 4.682815142507462 0.5583171942395206 8.400485402657536 0.48405011762542116 0.0 1.6780224313254706 0.0
296559 25.6823185805939 -0.3023698693860177 -0.3023698693860177 2.977281816909863 0.6499790629712362 4.323280684758355 0.5725969062690678 0.0 1.3057597272692953 0.0
296565 26.17777640279548 -0.3023085959641451 -0.3023085959641451 2.9628193042973754 0.6860669896508563 5.4284915562766605 0.5509774319173335 0.0 4.972011517974776 0.0
296574 25.56073132699664 -0.3022737429842647 -0.3022737429842647 3.824959211737366 0.6359106337346234 6.167224968933955 0.5878217815717991 0.0 2.242162610361191 0.0
296687 25.598263735132537 -0.3013186394100809 -0.3013186394100809 3.80040498610521 0.6546081807536559 4.573394954052022 0.5914549919140428 0.0 1.4782353400612749 0.0
296838 26.05886609852238 -0.2999677730088245 -0.2999677730088245 3.8480082448933897 0.6297846112552813 4.568821009678701 0.5642290460958478 0.0 2.8683035075762144 0.0
296925 26.68885452581379 -0.2998728627738515 -0.2998728627738515 9.716426311076397 0.6375822346480041 15.796419415070481 0.5649439349440619 0.0 9.772005544005285 0.0
297031 26.54881977665257 -0.2982798273865145 -0.2982798273865145 4.331568327400832 0.6154123639684032 7.398735187984875 0.5463367769458151 0.0 3.095526704308948 0.0
297194 26.70012765387589 -0.2969565079185779 -0.2969565079185779 2.8319015901633415 0.6054553821128696 4.664348114105856 0.5594683738524107 0.0 2.0905472730858254 0.0
297207 26.23928211760678 -0.2967772662410574 -0.2967772662410574 3.096612926354609 0.6195956093580959 3.8310661736404197 0.5546621462921567 0.0 1.7548951961112174 0.0
297336 25.765859443854666 -0.2958789927482362 -0.2958789927482362 4.094174652833775 0.608966773379447 5.191078052657061 0.5448940717372095 0.0 2.291710623468877 0.0
297353 26.38451275190896 -0.2956046793473122 -0.2956046793473122 4.60903780475846 0.6176328994385964 5.798846753750594 0.5504936802913288 0.0 2.403851202546554 0.0
297464 25.51943011859054 -0.2954648272409509 -0.2954648272409509 4.315976382857905 0.6658823472716876 5.847699616253231 0.5934327596411105 0.0 2.988819316649838 0.0
297547 26.462296424349603 -0.2939680699161103 -0.2939680699161103 1.9960198548933652 0.5758554085564478 3.714339494363146 0.5404160407485614 0.0 2.7467047452611473 0.0
297742 25.36904921970835 -0.2930737409112809 -0.2930737409112809 4.953595018593478 0.46006880272270656 6.682673464188908 0.4564831764835243 0.0 2.9608806050698684 0.0
297820 25.587046067431466 -0.2918858632022852 -0.2918858632022852 2.7131492572847087 0.6448587047455656 5.089287027787567 0.5715117549306384 0.0 1.4623130776347812 0.0
297843 26.353165241485183 -0.2914388628757284 -0.2914388628757284 3.7277745787817174 0.6118886471493157 4.5672926275119 0.5481634962213348 0.0 3.1485120805721984 0.0
297962 26.046339341057603 -0.2906648389855594 -0.2906648389855594 3.438579822127082 0.635543816877256 4.5746355574367845 0.5545485155202778 0.0 2.4683574055249027 0.0
298176 26.203555572990595 -0.2889605840971407 -0.2889605840971407 2.698891473201726 0.6161794499898815 3.7242723045662993 0.55057071744806 0.0 2.3209475660733547 0.0
298343 26.556615831391923 -0.2882055590692043 -0.2882055590692043 7.92892130464234 0.626413290994529 9.128630101256775 0.5633115275074572 0.0 4.9122712388171665 0.0
298354 25.58201372943136 -0.2878506878975607 -0.2878506878975607 4.725453270918871 0.6516354499646541 5.522009617152962 0.5892951059277733 0.0 1.4595384744865574 0.0
298480 26.54791206531977 -0.2872185718642686 -0.2872185718642686 5.499424970106693 0.6323572341632948 8.975494448788439 0.5776355844043619 0.0 41.68194555234715 0.0
298837 25.954060005271742 -0.2847120112835893 -0.2847120112835893 4.266614918033544 0.6469170903802701 5.3094425601703685 0.5740018075177599 0.0 3.541523806013812 0.0
298877 26.17713410334061 -0.2843441939595514 -0.2843441939595514 9.942979416866084 0.6296435741309752 11.185259515409658 0.5484826280832065 0.0 4.368581293392063 0.0
298898 25.740490499851365 -0.2837881773495082 -0.2837881773495082 3.7755736687777746 0.6559327359876604 5.702432492362255 0.5843915743739683 0.0 2.291710623468877 0.0
299077 26.71310525452201 -0.282163108593542 -0.282163108593542 2.6438030689787 0.5803534613625805 5.0533674716660935 0.5406366325201001 0.0 2.0905472730858254 0.0
299095 25.906799174956653 -0.2827798720446511 -0.2827798720446511 5.222726379356701 0.6383897638074834 6.1088217136700695 0.5576209885838185 0.0 3.222517875538945 0.0
299173 25.966763156128337 -0.2817062707373631 -0.2817062707373631 2.46371445494085 0.6102616131707569 4.7986672833115325 0.557834640186967 0.0 3.860132398245109 0.0
299229 26.545794033239886 -0.2824169665079497 -0.2824169665079497 7.120568088505954 0.6357293077321611 12.279165251776725 0.5690524502509671 0.0 14.013308035942522 0.0
299260 25.55783395699597 -0.2810808316314773 -0.2810808316314773 2.166301972367964 0.6335386484972915 4.385981050220446 0.5702516186415196 0.0 2.2841471940699747 0.0
299276 26.01149263010024 -0.2811353637149539 -0.2811353637149539 4.258061514582956 0.6298399064961625 7.188837585010886 0.5565985434050549 0.0 2.4683574055249027 0.0
299653 26.524087329898027 -0.2777077534531143 -0.2777077534531143 4.379583090533316 0.5960323123956306 6.845099285293884 0.553088286064587 0.0 6.246054879910405 0.0
299709 25.42743893371113 -0.2776534281244787 -0.2776534281244787 3.1138689790661935 0.581319192457372 3.6169778162955035 0.5220573639554952 0.0 1.6780224313254704 0.0
299888 25.80103278893352 -0.277271060093936 -0.277271060093936 4.5573435935384845 0.6057176372058652 8.484233019793392 0.5615259599539687 0.0 1.4939152842937735 0.0
300022 26.183508361586224 -0.2753245122029422 -0.2753245122029422 5.247600380651137 0.6488237358591094 7.250981063120708 0.5477090117618435 0.0 2.3209475660733547 0.0
300057 26.10731368042552 -0.2747648626487543 -0.2747648626487543 2.30360554274147 0.576260331185115 4.750653421499618 0.561130254471659 0.0 1.4929709297530707 0.0
300095 26.6897230188234 -0.2746536666712355 -0.2746536666712355 4.698812938827117 0.6505573527005137 8.81843933944079 0.5496387262265143 0.0 3.820531127958703 0.0
300221 26.10036120957578 -0.2741085931963974 -0.2741085931963974 5.662408322364343 0.6143533285910961 7.79539542629847 0.5507354530962659 0.0 1.4929709297530709 0.0
300295 26.5659527746067 -0.2727842286294648 -0.2727842286294648 3.2663763467170983 0.640936377188378 6.674481490286948 0.5838462368010066 0.0 2.963222045522502 0.0
300656 26.667025013192887 -0.2698832695397151 -0.2698832695397151 2.81860324895127 0.6025735991765859 5.656518707478777 0.5635319905189146 0.0 5.028789797119396 0.0
300673 25.477915214410903 -0.2701334836632745 -0.2701334836632745 3.7578801536894666 0.6172038110809712 5.042347411335183 0.56732760595189 0.0 1.2949585615129922 0.0
300790 25.86096308422035 -0.2690047276126014 -0.2690047276126014 2.3841891383958753 0.5919309658903147 3.572203815653014 0.538525907132928 0.0 2.415465241688795 0.0
301043 26.10357440490926 -0.2670441339050235 -0.2670441339050235 2.307834667616669 0.581229044256564 4.249205267420799 0.5346719891350723 0.0 1.4929709297530709 0.0
301292 26.523983571511152 -0.2651243269413172 -0.2651243269413172 4.73792136712576 0.7255112177080081 7.573704043664143 0.5734830460256093 0.0 1.348009200131331 0.0
301296 25.966510037519985 -0.2665638591951051 -0.2665638591951051 13.170249652966003 0.6538948422211174 16.349183869530226 0.592835905159561 0.0 3.8896803297102824 0.0
301459 25.420554779629647 -0.2642899384595434 -0.2642899384595434 3.593462877660764 0.5773515616206669 5.844402971887887 0.5119200827430005 0.0 1.6780224313254708 0.0
301475 25.8635224233212 -0.2640391868985742 -0.2640391868985742 3.8015360790407 0.5808311472056739 6.961567028047365 0.5383844899354724 0.0 2.4154652416887954 0.0
301494 26.71720589805398 -0.2633643132400667 -0.2633643132400667 2.424638602942813 0.6417658048099864 3.499373765823235 0.5561760300737875 0.0 3.820531127958703 0.0
301505 26.54452614248773 -0.2633338196907341 -0.2633338196907341 4.520051480700778 0.6400156313140711 5.236403661488478 0.567100769316401 0.0 14.013308035942522 0.0
301721 25.75813169289789 -0.2620671075259059 -0.2620671075259059 4.55710242590593 0.616330234745567 5.744911988353319 0.5454698095654014 0.0 1.5364796324880658 0.0
301756 26.698170823525835 -0.261345058825045 -0.261345058825045 1.854677080764798 0.6036678704191797 3.728699848727011 0.5627630610645162 0.0 3.820531127958703 0.0
301894 26.601413302629368 -0.2604756308857635 -0.2604756308857635 2.73661011668524 0.6351168080294282 5.5919582738800715 0.5762647917012457 0.0 1.3028450753762024 0.0
302074 25.940122830017 -0.2590688071658786 -0.2590688071658786 3.6661982888306786 0.6622679970832923 5.679648653469983 0.5837732813388574 0.0 3.8896803297102824 0.0
302081 26.675785163070508 -0.2589460059813985 -0.2589460059813985 4.781641337741506 0.6543427627513827 8.19881750028937 0.5984773736161594 0.0 5.028789797119395 0.0
302249 25.801777731421364 -0.2577946146306371 -0.2577946146306371 2.4883423184635873 0.6008200345579834 4.085762112912293 0.5430725543689804 0.0 1.4939152842937737 0.0
302288 26.43386213200372 -0.2585259448360796 -0.2585259448360796 11.85780561083914 0.6338122950765324 23.323786568223507 0.5802471350043388 0.0 1.4954514908362786 0.0
302355 26.717378058055743 -0.2568860021689654 -0.2568860021689654 2.596196861584654 0.6105535120892536 4.022033855719993 0.5553537295656285 0.0 3.820531127958703 0.0
302628 26.40698310317816 -0.2543308792200081 -0.2543308792200081 2.629193306337068 0.5963655227055177 3.917190058079421 0.548314119764614 0.0 3.8727029958288925 0.0
302670 25.541005997670187 -0.2545222047366024 -0.2545222047366024 3.863410191060131 0.6429885359558928 7.359333959261016 0.5639714744289169 0.0 2.284147194069975 0.0
302765 26.40843255457508 -0.2536734565219835 -0.2536734565219835 7.196937881734854 0.6225525305390155 8.8771256093637 0.5548761712995416 0.0 3.8727029958288925 0.0
302936 25.805926400898297 -0.2521780091199154 -0.2521780091199154 3.9599287481144434 0.6030925993715566 4.953197664982126 0.5561728625757838 0.0 1.514819049388578 0.0
303025 26.660164630631616 -0.2516862324968362 -0.2516862324968362 4.553806682861157 0.6985503612570826 6.788337077268069 0.5985259805469064 0.0 3.9644435771712674 0.0
303249 25.514837910847348 -0.2504737678006872 -0.2504737678006872 9.216935567755769 0.699589154875335 10.776305908319701 0.5719200531489138 0.0 2.5642372153566866 0.0
303475 26.80814907769512 -0.2481073451036647 -0.2481073451036647 2.9874947575462163 0.6064104381080562 4.086968208595227 0.5398238087539359 0.0 0.7737013876399268 0.0
303555 26.740291706497658 -0.2474435991240342 -0.2474435991240342 3.278390692396959 0.591685635695948 4.247413184607189 0.5606744051553045 0.0 1.1612850955292005 0.0
303623 25.712445136268407 -0.2475345542125641 -0.2475345542125641 7.2766751373738945 0.6694668566752173 8.02463910275012 0.6020759088684688 0.0 1.9003193095770081 0.0
303737 26.01238153495512 -0.2472268616487919 -0.2472268616487919 4.86249751848834 0.6445499993070235 8.423604275281736 0.5754901710512473 0.0 3.052298718345474 0.0
303748 25.580887355673063 -0.2461779750941745 -0.2461779750941745 3.3291058119575956 0.6082091448541938 4.860796597812396 0.5614003416185069 0.0 2.745682234875412 0.0
303909 26.707047715664537 -0.2444380854724656 -0.2444380854724656 3.0464086752931303 0.6340554083803859 5.606611814949397 0.566702553012503 0.0 4.049023222696271 0.0
303916 26.390839799797043 -0.2447563751665339 -0.2447563751665339 3.4581953904552134 0.5995112284205567 6.740693271930239 0.562284755989957 0.0 4.9464465929189645 0.0
303921 26.16231525663117 -0.2444638975890062 -0.2444638975890062 4.275900065027008 0.6497183444185519 5.9177891365094455 0.550398178938918 0.0 1.9412965431509464 0.0
304108 26.29528361371798 -0.2428985050892096 -0.2428985050892096 2.085819324617415 0.6290462682452685 4.054500066457 0.5714458941489772 0.0 1.4449501181688684 0.0
304134 25.35840222895191 -0.2431503541500956 -0.2431503541500956 2.6670298425511563 0.5253744347243904 3.964938802883631 0.4464889734735359 0.0 2.867616672428853 1.0
304147 25.80354439357917 -0.242692100892123 -0.242692100892123 5.103580323901013 0.6287488148602213 5.535485132237109 0.5616306805282114 0.0 1.5364796324880663 0.0
304151 26.08695488210793 -0.2434336849786148 -0.2434336849786148 10.033132333013711 0.6714206888061491 14.768216085464493 0.5818281285404209 0.0 4.074796035170581 1.0
304263 26.05947424560629 -0.24176651516658 -0.24176651516658 5.4555721190868915 0.6568265175276305 6.520740150395476 0.5929854728701723 0.0 3.811814746892411 1.0
304275 25.97904806590353 -0.2418028316920937 -0.2418028316920937 4.437317308413992 0.6550576890669663 6.905060666303388 0.5798575069978736 0.0 1.3581268664437733 0.0
304365 26.041386738740403 -0.2409177901565249 -0.2409177901565249 2.956037382047365 0.6216068532030578 5.90082010289542 0.5623153622613174 0.0 7.976189091143724 1.0
304384 25.841292141793616 -0.24185251110417 -0.24185251110417 7.0552366395395305 0.6350210462263032 10.84161302163073 0.5585902429729354 0.0 1.6151710197790612 0.0
305103 25.83801548261553 -0.2351789124119375 -0.2351789124119375 3.4860794161736877 0.5988077317625558 6.2907588074372045 0.5555397492552981 0.0 1.6151710197790612 0.0
305156 25.78558548859639 -0.2352431304697627 -0.2352431304697627 7.681069349979737 0.6058652943297858 10.197325901276905 0.5561130535179507 0.0 1.5364796324880663 0.0
305187 26.3850682823041 -0.2356795021758034 -0.2356795021758034 4.389893682815442 0.6452694904906588 8.734966238798584 0.5718677636798373 0.0 16.29693565798225 0.0
305211 25.605282410199163 -0.2352536993933538 -0.2352536993933538 18.86348519899059 0.7120273830053202 23.467070786860162 0.6117312024680748 0.0 4.672264864022902 0.0
305224 25.92803691945341 -0.2340291056248759 -0.2340291056248759 3.030882398391743 0.6151654250321396 5.550288292521078 0.5618366322784893 0.0 1.23971939220851 0.0
305303 26.652660782648617 -0.2334762724343945 -0.2334762724343945 5.655045177106673 0.6593028486314189 8.221052306194343 0.5940159655540265 0.0 2.3276408139695812 0.0
305306 26.70878970078831 -0.2331353597339797 -0.2331353597339797 4.247644257449358 0.6496245220382273 5.613136088276427 0.5781841924833925 0.0 4.049023222696271 0.0
305309 26.3656409538978 -0.23409774887086 -0.23409774887086 10.320658745293011 0.6736840772932033 17.177113768450145 0.6165496236080419 0.0 2.869835275543157 0.0
305424 26.75613364784369 -0.2323895694268185 -0.2323895694268185 3.5735890166092443 0.6344230340980725 6.247586710968024 0.568981271677942 0.0 1.1612850955292005 0.0
305490 25.365981830535947 -0.2320715183672686 -0.2320715183672686 2.553254344340698 0.48129604917449276 4.634348946529417 0.4574922563658334 0.0 2.8676166724288525 1.0
305521 25.90137362584576 -0.2317514590792476 -0.2317514590792476 2.260242752591664 0.5723099024438595 4.086573816465749 0.545776129799169 0.0 1.23971939220851 0.0
305526 25.85798073105628 -0.2316664721731495 -0.2316664721731495 2.4778690506945598 0.6129212418356582 5.0268261560769725 0.5558018404010879 0.0 1.6151710197790612 0.0
305549 25.362464264829885 -0.2322461785639229 -0.2322461785639229 6.677215195576197 0.49883631404805334 10.229686786267285 0.4662736037886112 0.0 2.8676166724288525 1.0
305622 25.76987555328536 -0.2308753569217583 -0.2308753569217583 2.6407988387583274 0.6676670882928687 4.947676175169422 0.5742276011965891 0.0 1.536479632488066 0.0
305662 26.05189398022385 -0.2304291221331455 -0.2304291221331455 3.3811498643188695 0.6236930653189364 6.899066884511928 0.5715541169974352 0.0 7.976189091143725 1.0
305780 25.62274859158073 -0.2298650169671376 -0.2298650169671376 4.587425553847296 0.6428708418561228 9.109724258497591 0.5894768379067307 0.0 6.704670481804733 0.0
305929 26.168082585965383 -0.2290112969332604 -0.2290112969332604 4.514879806277356 0.6520813691022319 7.7236181188946205 0.5713180611401144 0.0 1.9412965431509461 0.0
305972 25.579157224169524 -0.2281938665933509 -0.2281938665933509 4.9696412287037575 0.3360832765325551 8.219987846601 0.3070607973760773 0.0 2.7456822348754115 0.0
306006 26.853824608309093 -0.2279694410871459 -0.2279694410871459 7.359341041065496 0.6683076201191376 8.725699890777012 0.6061991414526836 0.0 0.5073660530722524 0.0
306030 25.40914721455068 -0.2277806102948192 -0.2277806102948192 3.0425572037368225 0.5957395308354482 4.826385594805181 0.5236606329856679 0.0 1.5358851072304205 0.0
306080 25.57227708875885 -0.2273348829280135 -0.2273348829280135 2.61038931280231 0.631995220237736 4.334732606402446 0.554558829202802 0.0 2.7456822348754115 0.0
306512 26.136844613891576 -0.2236829703082095 -0.2236829703082095 2.8928848111792256 0.6248528057230233 4.167918770481763 0.5599005570657949 0.0 3.9102747272783813 1.0
306653 25.41134061349362 -0.2231168849813775 -0.2231168849813775 2.3589934944179793 0.5687182109500996 4.276343772267682 0.5135880408380933 0.0 1.5358851072304205 0.0
306761 25.48943838938017 -0.2220110580775578 -0.2220110580775578 3.0409719096140195 0.6314007956055404 6.0947837745501525 0.5612028751575964 0.0 1.5068678716348891 0.0
306763 25.694433850992446 -0.2219233029676031 -0.2219233029676031 3.564507310544471 0.6489417740223005 6.825933218410092 0.5915192174426697 0.0 3.2652549887650544 0.0
306806 25.97244227960065 -0.2216275572133009 -0.2216275572133009 2.2324871650544353 0.6163296153086827 3.5055180681499083 0.567338975467082 0.0 1.3581268664437731 0.0
306891 26.68271012503233 -0.2206599575047046 -0.2206599575047046 2.967058601219008 0.6338107525535526 5.089777474937806 0.5927475499916705 0.0 4.049023222696271 0.0
307067 26.24884832215749 -0.2196761640353696 -0.2196761640353696 3.904354480600076 0.6774315560411389 7.011583495406057 0.5993936303557519 0.0 1.1818825095466243 0.0
307071 25.383367881060728 -0.2201414392849676 -0.2201414392849676 6.308261551588837 0.5549618035271736 7.575918717065068 0.48682667426977516 0.0 2.9352195282600864 0.0
307227 26.11799114086392 -0.2184248833983008 -0.2184248833983008 2.217424102546062 0.6059095820916948 4.213417432862649 0.5781749990135769 0.0 3.9102747272783818 1.0
307236 26.36042377159381 -0.2184504248436422 -0.2184504248436422 2.9605098634765032 0.6650635779736267 5.79678066948366 0.5728519027343698 0.0 3.9412949806340816 0.0
307239 26.711599878865528 -0.2202406166748601 -0.2202406166748601 5.389815504331523 0.6264737124554831 7.5401061605712805 0.5588425741045513 0.0 4.049023222696271 0.0
307271 26.39163309610205 -0.218878523064611 -0.218878523064611 4.448759959332221 0.6576816993570799 6.594879561493512 0.5925984458173523 0.0 4.76053739823667 0.0
307299 26.73259409843536 -0.217625988677583 -0.217625988677583 5.537441319774525 0.6639586483311926 6.529193249742614 0.6081606081534399 0.0 1.1612850955292005 0.0
307301 25.750159724349977 -0.2180757691644013 -0.2180757691644013 3.257353612769627 0.6499022797561509 4.953703434582058 0.5793196117576196 0.0 1.074730053508344 0.0
307368 25.50305965682902 -0.2178029276678282 -0.2178029276678282 4.7340648739262745 0.6302247405772134 8.414015512016215 0.5626124117692206 0.0 1.5068678716348893 0.0
307375 25.628557400721817 -0.2178811488035313 -0.2178811488035313 4.71629096104311 0.7198955438672828 6.966562919207592 0.61144325629793 0.0 4.109829685664614 0.0
307464 26.12352368715916 -0.216644973338353 -0.216644973338353 9.428040940293753 0.6683048271834177 11.43680649812961 0.5672275593686039 0.0 3.9102747272783813 1.0
307495 26.35726206866431 -0.2160334897512182 -0.2160334897512182 2.7244031459235307 0.6301599954792527 5.184165438924379 0.5706994848328244 0.0 3.9412949806340816 0.0
307602 25.712349866782684 -0.2153172097194284 -0.2153172097194284 1.9895125778970861 0.6637150226305175 3.8533540286989485 0.5869904678579387 0.0 3.433022852575192 0.0
307616 26.30315598589961 -0.2159645879267341 -0.2159645879267341 5.168194038421421 0.6502935405938233 9.086924067074975 0.5923723044863031 0.0 1.4449501181688684 0.0
307858 25.572657034501656 -0.2133923683908089 -0.2133923683908089 4.784457385102841 0.6270256808505632 6.062392888460795 0.5641224585004242 0.0 2.7456822348754115 0.0
307912 26.10989982528665 -0.2129506898587114 -0.2129506898587114 5.577817841735322 0.6778265149544994 8.38097992419904 0.6032897816603229 0.0 5.896550375734726 1.0
308055 25.61577617493836 -0.2123083781038778 -0.2123083781038778 5.6316054343595 0.6781003955168464 7.885279620156115 0.5892387733921394 0.0 6.021827077781891 0.0
308057 26.18857107302712 -0.2116787191591788 -0.2116787191591788 2.7924430632032373 0.6344305388841401 5.204646017479687 0.5702182697804243 0.0 2.9289577032316547 0.0
308166 25.712757474559933 -0.2119274505863547 -0.2119274505863547 5.526061310635924 0.6635122063371458 8.448980827174069 0.5959862265683457 0.0 3.433022852575192 0.0
308237 25.500366756084983 -0.210348018011112 -0.210348018011112 3.2039287372948926 0.5936988188268115 4.8645860070094455 0.5406433924243762 0.0 1.506867871634889 0.0
308369 26.04618092598885 -0.2095725809193592 -0.2095725809193592 6.551872277928585 0.6241447355635839 7.446960345090447 0.5668784006557382 0.0 2.0423961319357025 0.0
308413 25.49518364305396 -0.2090750102467668 -0.2090750102467668 2.8978141333773446 0.6225504865416536 4.555818816653963 0.5529294347521031 0.0 1.5068678716348893 0.0
308485 26.859939379573905 -0.2082186173884398 -0.2082186173884398 3.943822793326371 0.6367327834611781 5.8997901510039075 0.5961765082167113 0.0 0.5073660530722524 0.0
308522 26.71177781291332 -0.2088656438290638 -0.2088656438290638 9.340463612055352 0.6860805444184843 17.953461091140703 0.610821757136791 0.0 3.0146218782699434 0.0
308592 25.75305267466865 -0.2074903877377155 -0.2074903877377155 2.8177741627868182 0.6318688104092919 5.593475196399624 0.5768882995196553 0.0 1.074730053508344 0.0
308631 26.06045237242928 -0.2082784747107044 -0.2082784747107044 9.18032778899895 0.6799223227866091 13.271919643358936 0.6091223815818245 0.0 4.454424773368301 1.0
308714 26.82461850900271 -0.2062480966042675 -0.2062480966042675 2.5873102270432757 0.6483543387554042 4.132991954588263 0.5822879436672841 0.0 0.9686078364903175 0.0
308822 25.65420989479006 -0.2055375661139415 -0.2055375661139415 2.9786068354040234 0.6692097452749111 5.653821312532497 0.6125101880848343 0.0 4.109829685664614 0.0
308908 25.66687999005729 -0.2049859534058916 -0.2049859534058916 3.052619417821832 0.652295968358413 5.692344526260955 0.5948854823840528 0.0 0.7742594290076058 0.0
308915 25.448074109973 -0.2048223366141677 -0.2048223366141677 3.1614317299327506 0.608310952042729 5.766339983587931 0.5356264876188551 0.0 1.5358851072304205 0.0
309060 25.40106971628433 -0.2057359116079727 -0.2057359116079727 5.531338349433996 0.5578789783972347 6.793496880011982 0.4999438500472485 0.0 1.5358851072304205 0.0
309303 26.810797703409577 -0.2016642615638059 -0.2016642615638059 4.444429062488643 0.6169515195671494 5.633853327861439 0.5722835428588449 0.0 0.9686078364903177 0.0
309361 25.813775150301595 -0.2014118338910887 -0.2014118338910887 2.411483442941312 0.6064237468339312 3.9987267358567133 0.5639634526758427 0.0 1.5364796324880658 0.0
309549 25.43809708249772 -0.2001876933381366 -0.2001876933381366 2.8390171297843874 0.574228511346644 3.7935096906034835 0.5160207565609455 0.0 1.5358851072304205 0.0
309583 25.55000559053344 -0.1997553742738649 -0.1997553742738649 3.6651811743192866 0.5939678628356266 4.3438771473869675 0.5595174443194509 0.0 2.509364265890152 0.0
309740 25.626306201292667 -0.1986786364652568 -0.1986786364652568 3.785415831883587 0.6729430926207158 4.693968083242427 0.6067166024680116 0.0 6.021827077781891 0.0
309988 25.93066890920795 -0.1965214174823051 -0.1965214174823051 3.287147588280269 0.5907773788012958 4.378894996658052 0.5635774170756498 0.0 1.23971939220851 0.0
310003 25.574970855318963 -0.196426491054543 -0.196426491054543 2.9985777815569556 0.6193879000064334 5.525509959967159 0.571805984592758 0.0 3.09155322969926 0.0
310060 25.399000884773905 -0.1960688063502397 -0.1960688063502397 1.7845128796613428 0.5344615984425777 3.120861230909251 0.47277815107116367 0.0 1.5358851072304205 0.0
310116 25.738007758929403 -0.1956531624556919 -0.1956531624556919 3.6966151541113392 0.5981984734002096 5.95529128279201 0.564901830397428 0.0 1.074730053508344 0.0
310210 26.37601141579195 -0.1959854779957287 -0.1959854779957287 3.226802064443771 0.6536972528417602 5.926078195512818 0.6116283617910213 0.0 3.523610477939577 0.0
310359 25.664553182439505 -0.193728394529149 -0.193728394529149 3.321216295486959 0.6234255800014784 5.699550841739422 0.5701301978847131 0.0 0.7742594290076058 0.0
310407 26.266614513361603 -0.1932309671005344 -0.1932309671005344 3.7000879422681052 0.6057477837448348 5.208051464113855 0.5778755030641262 0.0 4.642370535062411 0.0
310435 25.68958390262725 -0.1934072393678784 -0.1934072393678784 4.946303850221336 0.66364801743328 8.227954104080181 0.590780379219306 0.0 0.7742594290076058 0.0
310493 26.82690562694972 -0.192424261931666 -0.192424261931666 2.759133087652495 0.6495605219949655 5.302780256036025 0.5969381240984832 0.0 0.9686078364903176 0.0
310897 26.19953198084607 -0.189773486363003 -0.189773486363003 5.2493207440993785 0.6815588450528808 7.454258466506987 0.5897773124328006 0.0 2.9289577032316547 1.0
310979 26.125445015392 -0.1905082506241657 -0.1905082506241657 15.948014066884033 0.6719004253156121 20.59796139596045 0.6013846088671763 0.0 15.714412289443452 1.0
311293 26.12814879798446 -0.1874036447076889 -0.1874036447076889 3.033498674486709 0.6496506852697055 6.020221386584557 0.572679467233293 0.0 8.928624852320452 1.0
311343 25.36705917996991 -0.1864855440678391 -0.1864855440678391 1.936566046124935 0.5321134923539325 3.044465428143899 0.4453886284454956 0.0 6.226258346754036 1.0
311439 25.59835191949849 -0.1857023351483609 -0.1857023351483609 3.2752086445041053 0.6317690136624082 4.3543268005570575 0.5656360590098757 0.0 3.09155322969926 0.0
311500 26.44873004522124 -0.1852608343002443 -0.1852608343002443 6.26688540073571 0.6524605680744779 8.764460151815417 0.5773689866557213 0.0 1.66148102887092 0.0
311594 26.1833802621192 -0.1842667604287676 -0.1842667604287676 3.144961512874259 0.6653791581282378 5.865942730873196 0.5959169793965423 0.0 7.552816125188933 1.0
311654 26.11008274490164 -0.1841707117606764 -0.1841707117606764 7.350315693288372 0.6479426831612474 7.847608411886605 0.6021402760331852 0.0 19.84556276162981 1.0
311713 26.45081406515508 -0.1833999873008465 -0.1833999873008465 2.624744001722591 0.6395221577007865 5.003141254134719 0.5719625826038165 0.0 1.66148102887092 0.0
311721 26.1088218964459 -0.1834392488897616 -0.1834392488897616 4.209189981868509 0.6600516948858867 4.637822249726508 0.59786524818895 0.0 19.84556276162981 1.0
311839 25.64947769004066 -0.1826949552515618 -0.1826949552515618 3.25066787430046 0.6376667922336758 6.211333794995679 0.5846361799006974 0.0 2.5371564890003633 0.0
311873 26.580084299918024 -0.182705837567674 -0.182705837567674 11.653545252991076 0.6951558415217648 15.013339227720946 0.5967689462274671 0.0 0.978434383674064 0.0
312045 26.105334860782555 -0.181058404405604 -0.181058404405604 3.9280449192258318 0.6357302204325671 4.366352992164412 0.5723742028321932 0.0 12.751251937879244 1.0
312097 25.57625374601567 -0.1818955929258045 -0.1818955929258045 4.1133877171472975 0.6059561900200003 7.119281002731789 0.5563121166038711 0.0 3.09155322969926 0.0
312177 26.10473701000192 -0.1807701888415299 -0.1807701888415299 11.085059321346469 0.6342491087490914 13.720633075999588 0.5805490516433209 0.0 12.751251937879243 1.0
312464 26.648563089773617 -0.1794228215238403 -0.1794228215238403 8.471611699089577 0.6722588843713628 16.380077275872328 0.5962489872665591 0.0 2.216756667952233 0.0
312586 26.52767752272608 -0.1766736250116386 -0.1766736250116386 3.5320458639304784 0.7006199499838119 4.989987510494114 0.5766199635099151 0.0 2.414316346492553 0.0
312641 26.17116973056503 -0.1764475154091057 -0.1764475154091057 4.802420253405533 0.6057593194825797 6.388291993933337 0.5420774578315166 0.0 7.2299596579700225 1.0
312714 25.81639119461208 -0.1759301979797153 -0.1759301979797153 3.456097373688081 0.6028977934347013 5.184322526223747 0.5490187979383692 0.0 1.169431076883597 0.0
312717 26.81949551888956 -0.1759200774823142 -0.1759200774823142 5.069633346475325 0.646166049170348 7.958879526512878 0.5831936807082221 0.0 0.9686078364903175 0.0
312808 26.179414420024123 -0.1755147227218186 -0.1755147227218186 9.358843469881817 0.6368662606531627 11.749497780727339 0.5750307550806366 0.0 7.552816125188935 1.0
312838 26.279680313659032 -0.174646817169942 -0.174646817169942 2.5758467169918537 0.6550366177555882 5.068100586465754 0.5683363510579874 0.0 4.135397316650773 0.0
312847 25.38899356584092 -0.1750943799914283 -0.1750943799914283 5.89025945853512 0.49639443955834545 7.354150078381871 0.4378408541070337 0.0 5.41618374592092 1.0
312902 25.62349755067559 -0.1746188679973605 -0.1746188679973605 4.788168701310492 0.6730987505567696 7.834206290048886 0.5723373645728906 0.0 2.5371564890003633 0.0
313029 26.653825050632555 -0.1729702417047301 -0.1729702417047301 3.211718593462487 0.5988911245859266 5.903271694846212 0.5694156051846864 0.0 2.2167566679522324 0.0
313104 25.497862338556583 -0.1726616497561319 -0.1726616497561319 5.244468356049926 0.5587654967261508 6.446871779268889 0.5184653825913316 0.0 1.675224335342859 0.0
313115 26.49793668236339 -0.1723419947546733 -0.1723419947546733 2.516925073640053 0.6469191515226681 4.61137364139603 0.5789053261955568 0.0 2.600202956382696 0.0
313125 25.36738515365441 -0.1739587943280314 -0.1739587943280314 18.312493127051994 0.5319467544856024 32.906720864857455 0.4873581958859974 0.0 6.226258346754035 1.0
313312 26.118056658650385 -0.1711003528326425 -0.1711003528326425 3.6582528904846927 0.6022868857049132 7.407384646456224 0.5597039790494464 0.0 18.215166159559516 1.0
313431 26.85654656124464 -0.1697575913649625 -0.1697575913649625 2.7106891671685402 0.6432221484237768 4.972824177917182 0.5869686043961087 0.0 0.9686078364903176 0.0
313484 25.384324654828685 -0.1698186171723556 -0.1698186171723556 2.2683350661905823 0.46431559301334957 3.215601482478669 0.4323815554136695 0.0 5.41618374592092 1.0
313509 25.856978410094943 -0.1694332712128805 -0.1694332712128805 2.5211933415800125 0.5867628719058717 3.711704676816451 0.5332896209006338 0.0 1.169431076883597 0.0
313568 25.599348411981897 -0.1691766879054782 -0.1691766879054782 2.5077433209919926 0.5921877690445404 4.949955486131235 0.5563648696092408 0.0 1.3509322654727618 0.0
313586 26.08718901628459 -0.1690930409450685 -0.1690930409450685 4.307657065235391 0.657662531926465 6.432565761659396 0.5526035944899879 0.0 2.8266356550170704 1.0
313623 26.12222668922333 -0.1686667396567086 -0.1686667396567086 4.110187050546666 0.6043211090553607 5.272837356615178 0.5495952181949927 0.0 18.215166159559516 1.0
313630 26.11210872527686 -0.1692348715843783 -0.1692348715843783 8.74066837900556 0.6319464640774337 11.162501171013515 0.5956628069957616 0.0 14.36615648687718 1.0
314029 26.25491166666033 -0.165859977094218 -0.165859977094218 4.91965360360331 0.6533481529929466 8.213368677093944 0.5800187789998887 0.0 4.642370535062411 1.0
314206 26.30820134279425 -0.1645629174517944 -0.1645629174517944 4.04990037006739 0.6170814578462812 5.277898915416945 0.5517709416712804 0.0 3.2180265830777373 1.0
314410 25.18820133562232 -0.1624573689511072 -0.1624573689511072 3.4593459390390113 0.46008254349367494 4.256425875268307 0.413865237652885 0.0 1.2789157035287724 0.0
314483 26.16096322724847 -0.1627988156239231 -0.1627988156239231 11.746353459538348 0.6441131890660136 17.276108381870724 0.5649577766528177 0.0 12.736423451173595 1.0
314495 26.229198510751264 -0.1630485717047023 -0.1630485717047023 25.00472754232883 0.6879417308242862 37.31564503019092 0.6027805355381913 0.0 5.048291975794719 1.0
314547 25.799248601536227 -0.1611821928487763 -0.1611821928487763 2.610877442271083 0.6092917661313811 5.087067075223301 0.5643296334714759 0.0 1.169431076883597 0.0
314598 26.139447680716703 -0.1613959498179315 -0.1613959498179315 6.824155299205442 0.6355293313206066 12.089887932046416 0.5465298913159725 0.0 5.867215750848112 1.0
314657 26.27394552344645 -0.1612228651707954 -0.1612228651707954 19.665648531731467 0.7416607667925793 23.367846980494605 0.5996400127716048 0.0 4.135397316650773 1.0
314739 26.46651823327514 -0.1605237209748009 -0.1605237209748009 14.287380875304713 0.6558713776814414 16.34703872657328 0.5885437908525174 0.0 2.600202956382696 0.0
314853 26.6597187916887 -0.1590726768148352 -0.1590726768148352 6.954047825570977 0.6407123158218794 8.93939565863359 0.562159845834943 0.0 2.9530485227789867 0.0
314944 25.85737912741282 -0.1586076584552351 -0.1586076584552351 12.80960476827448 0.6150625449230747 15.259474424217588 0.5345736679368778 0.0 1.169431076883597 0.0
314996 26.232292284098683 -0.1576790949070045 -0.1576790949070045 3.263547874007904 0.6243408678722542 6.436857850214423 0.5620958263224466 0.0 3.663788293975042 1.0
315071 26.3388546173164 -0.1570764269565108 -0.1570764269565108 4.786082736486982 0.6245197776718642 6.197169670995942 0.5596455219724685 0.0 2.3931668693265578 0.0
315135 26.59933117444983 -0.1565606845881116 -0.1565606845881116 3.0992489799980856 0.5966915701168843 6.2670448057165435 0.5587045046692134 0.0 2.220865132821288 0.0
315291 26.586844976592744 -0.1550896237024458 -0.1550896237024458 2.9680486374852717 0.6395134772997856 5.329127916462647 0.5685234652083494 0.0 0.978434383674064 0.0
315294 26.388488286724304 -0.1565687755598975 -0.1565687755598975 28.7491801569405 0.7050298083197581 52.03042954465645 0.6251243754801343 0.0 1.9009270464412085 0.0
315305 25.86546456232499 -0.1552604734632094 -0.1552604734632094 3.60201602359119 0.5929060320381555 5.981265796502592 0.5429033121179235 0.0 1.169431076883597 0.0
315375 25.61342091665039 -0.1552406116502075 -0.1552406116502075 4.0887547547253345 0.6167909054969162 6.677586668411177 0.5445753390315902 0.0 1.3509322654727618 0.0
315523 26.466948742680376 -0.1531779985367314 -0.1531779985367314 4.554406318560464 0.7919649650992057 7.069416472269205 0.5752502523914831 0.0 7.058522533308093 0.0
315600 26.89371718236723 -0.1524752177863176 -0.1524752177863176 3.0135547679508807 0.6768203328177193 5.165934685272233 0.6283396434740021 0.0 0.0 0.0
315606 26.87422689606016 -0.1524959960378425 -0.1524959960378425 3.1644689227339735 0.6897086910314657 6.064556315349304 0.6062714273624092 0.0 0.0 0.0
315641 25.40817335534512 -0.1529261437606544 -0.1529261437606544 3.4812387452916456 0.4899598664317865 4.126976927383364 0.43460692877736395 0.0 3.9530201478988785 0.0
315707 25.40879111366119 -0.1531048356337322 -0.1531048356337322 6.155977003258881 0.5331648971624575 9.94654632864239 0.4642476926670896 0.0 3.9530201478988785 0.0
316004 26.16767360264962 -0.1497298044506571 -0.1497298044506571 3.3424878472226096 0.6215271862838666 4.5343525796751605 0.5551596494948602 0.0 7.4611807767695355 1.0
316018 26.73048505191021 -0.1495945190989418 -0.1495945190989418 5.205718331437996 0.6951459455925453 9.124627594124927 0.6176567414163665 0.0 2.0785242621384974 0.0
316096 25.359026252664123 -0.1500824192294412 -0.1500824192294412 4.447790318662858 0.49897149867441837 5.819553435008927 0.43598314227990925 0.0 4.154531962961223 0.0
316102 26.305271702061106 -0.153577013590725 -0.153577013590725 6.138762810449775 0.6354494013490687 8.43599910700228 0.5516160046652726 0.0 10.575247176339168 1.0
316303 26.76813749895425 -0.1472272294054402 -0.1472272294054402 2.620635911323955 0.5907942303783073 5.104541492157015 0.5576120140061415 0.0 0.39838236912549796 0.0
316506 26.7830780537906 -0.1463839042904775 -0.1463839042904775 3.869940387350908 0.6713654739448932 7.011506625637433 0.5981235795403615 0.0 0.39838236912549796 0.0
316649 25.375424927714533 -0.1451675282828293 -0.1451675282828293 2.5355332230909275 0.48600517240007474 4.351163680396177 0.4286011079182887 0.0 4.154531962961223 0.0
316696 26.844460064137056 -0.1444685064362701 -0.1444685064362701 2.788093933932128 0.6830918151974898 5.685838665625572 0.5988942215038431 0.0 0.9686078364903175 0.0
316786 25.852045358249008 -0.14390307344779 -0.14390307344779 1.996758422720558 0.6070028930797855 3.579218664890366 0.5616344145705734 0.0 1.3049846643161769 0.0
316863 26.095816224281247 -0.1436075066465174 -0.1436075066465174 3.1283208174679284 0.7043566687901933 5.262143831850823 0.5639356276222415 0.0 3.0681243065648616 1.0
317062 25.493919457673897 -0.1418550332994829 -0.1418550332994829 2.947885967571061 0.5567644861395467 5.080123816591235 0.4982084474214926 0.0 3.1488395346438747 0.0
317289 25.87764565987294 -0.1400260440765196 -0.1400260440765196 5.202644699533723 0.6180430545731033 6.756494065325277 0.5660647270730363 0.0 1.3647097306940856 0.0
317373 25.630775509093944 -0.1394696877845587 -0.1394696877845587 2.544996058996791 0.6841697360438852 4.193616707537392 0.5848582910411971 0.0 1.3509322654727618 0.0
317477 25.85781430072885 -0.1393853386551271 -0.1393853386551271 10.735689828227368 0.6355920142958275 12.357762980694938 0.5589807336719463 0.0 1.3049846643161769 0.0
317522 26.6216246767993 -0.1382013680707685 -0.1382013680707685 5.412105290791272 0.6491061727410373 6.981191352061035 0.5871918872533497 0.0 2.220865132821288 0.0
317714 26.71253225845755 -0.1371833111614686 -0.1371833111614686 8.954845967086921 0.6604168900548377 13.192772108892934 0.5975688939854865 0.0 0.9591210043456562 0.0
317717 26.46164987916832 -0.1370295555634815 -0.1370295555634815 6.850466391768931 0.630113748748645 8.900176239144736 0.5709763447599564 0.0 9.980425607094457 0.0
317879 25.52817361684699 -0.1357849585369483 -0.1357849585369483 4.420022640553983 0.5676006804370184 5.490651129396664 0.5135484471130477 0.0 3.678299189983451 0.0
317905 25.763127741173456 -0.1356519043017614 -0.1356519043017614 3.0729156119405046 0.6290042802440259 6.209116288872961 0.5633395457011805 0.0 1.074730053508344 0.0
317924 25.35148939357625 -0.135393594206714 -0.135393594206714 3.383073411175639 0.5053445063759762 4.765512334898855 0.4475847217666686 0.0 4.154531962961223 0.0
317939 26.30832612169872 -0.1358568046713693 -0.1358568046713693 6.848012224616509 0.6298559790098296 14.135262427479825 0.579151193571084 0.0 4.533285273843094 1.0
317982 26.440173343331587 -0.1349000717299772 -0.1349000717299772 7.894356562097874 0.674852410813048 8.689032882382726 0.6123636333601287 0.0 1.7658649347100117 0.0
318165 26.3280752345138 -0.1339952390067025 -0.1339952390067025 8.386812189344331 0.6534065094622281 9.335650560210782 0.5812903491842402 0.0 2.3931668693265578 0.0
318299 26.53112193672488 -0.1321625015741666 -0.1321625015741666 2.9884175037939142 0.6615942173044493 4.409021636715126 0.5913706669367018 0.0 2.414316346492553 0.0
318303 25.51780216775148 -0.132808311825425 -0.132808311825425 6.126586227067288 0.6258296578001997 9.104078128926043 0.5050074690103193 0.0 3.678299189983451 0.0
318365 25.572052367877028 -0.1321206548872077 -0.1321206548872077 4.5846108584668155 0.6066956179179849 7.263719297978477 0.5344650716841834 0.0 2.826382919910851 0.0
318391 26.15568834904863 -0.1315283427478443 -0.1315283427478443 3.0897297471765475 0.6150907802335915 5.737824775950194 0.5801501786630076 0.0 7.26328843521865 1.0
318718 26.17207342226437 -0.1293799462812355 -0.1293799462812355 4.756479300144869 0.6870764521277034 8.069967286783166 0.6036940239360327 0.0 4.556399704877314 1.0
318751 25.39432865153185 -0.1299854362917772 -0.1299854362917772 4.155914339328175 0.5000674101964762 8.19028521349214 0.4594721872622695 0.0 1.673638009211326 0.0
319032 25.8666531896923 -0.1275326726639089 -0.1275326726639089 8.048219709026398 0.6452407557009843 8.868962220199823 0.5830448598060831 0.0 6.503311540096851 0.0
319035 26.629806002770778 -0.1265290695418746 -0.1265290695418746 5.453966300607105 0.6570144277835858 6.310043848636257 0.5959747154170641 0.0 2.3730961798908736 0.0
319062 26.528654567575604 -0.1287355187670423 -0.1287355187670423 11.2204398083995 0.6535982053461686 12.400137923499868 0.5972957423487002 0.0 4.538188947926946 0.0
319221 26.45744508819622 -0.1250205176660096 -0.1250205176660096 3.4434205573891634 0.7197338249807367 6.194142006440746 0.5950249681802867 0.0 9.980425607094457 0.0
319398 26.153770604845167 -0.1239844314273507 -0.1239844314273507 5.344945706188434 0.6784421531760703 8.396478388922835 0.5859842722014541 0.0 7.2632884352186515 1.0
319496 25.704182122032577 -0.1229351007559707 -0.1229351007559707 2.2635280660698394 0.625478278362409 4.559892785631015 0.5675443091689689 0.0 0.7742594290076058 0.0
319632 26.64621913043364 -0.123414195590413 -0.123414195590413 3.842049666108199 0.6815182125752893 7.046399706389593 0.5919830112560497 0.0 2.9478336483057825 0.0
319643 26.13209333393865 -0.1217652039629152 -0.1217652039629152 2.9433569604661676 0.6276537288089556 5.387114117822718 0.574027044493724 0.0 4.158248920991769 1.0
319808 26.452966083047944 -0.1203877342330318 -0.1203877342330318 2.61923963700072 0.6617582873131151 4.641111812287372 0.5849354698340178 0.0 7.870488412527876 0.0
320131 26.70846522022827 -0.1175819347616133 -0.1175819347616133 2.4433240084425565 0.6813823417690347 4.815712414133695 0.6067863518041327 0.0 0.9591210043456561 0.0
320156 26.47342219115788 -0.1181097629771773 -0.1181097629771773 4.897820400392378 0.6951317088008915 8.965675204977124 0.5956012596768289 0.0 1.2615036460838054 0.0
320166 25.89804696731682 -0.117394672713855 -0.117394672713855 3.6703504151771704 0.6047791526379264 6.128194955524914 0.565851719270295 0.0 1.3647097306940856 0.0
320223 25.50197957476217 -0.1175691063179084 -0.1175691063179084 5.2058978229915365 0.5159252253534012 8.727914564177937 0.4887507361668704 0.0 2.9019409755958008 0.0
320266 26.647091343664577 -0.1165656481277197 -0.1165656481277197 4.349777449359296 0.6291664866831486 6.152425027652023 0.5632604998871789 0.0 2.947833648305783 0.0
320340 26.283939078213866 -0.115883758389712 -0.115883758389712 2.6470009543615722 0.6191432514532287 4.520204293165443 0.5758923402896458 0.0 3.871614802570728 1.0
320411 26.107733056321862 -0.1155819660795047 -0.1155819660795047 2.778459847117937 0.6716409336392555 5.159825534447794 0.6092840784921084 0.0 3.0386451715244305 0.0
320516 26.2703604895615 -0.1151091326147289 -0.1151091326147289 5.9140657812341795 0.6439012578012899 11.787203239178512 0.5941982898293585 0.0 3.871614802570728 1.0
320535 26.134584158558145 -0.1144743639463821 -0.1144743639463821 2.4525794118572053 0.6126779519472674 5.069109292943827 0.567038127536776 0.0 4.158248920991769 1.0
320551 26.54403374403496 -0.1144959438296258 -0.1144959438296258 10.191625692471149 0.666606522320011 11.36200847921496 0.601553928374282 0.0 1.9554207683203477 0.0
320851 26.13848635065313 -0.1125247088475458 -0.1125247088475458 6.227437432102285 0.6670668755455966 9.212429222425211 0.5706922871442713 0.0 4.158248920991769 1.0
320879 26.38473627727159 -0.1117552127228584 -0.1117552127228584 4.526123522869743 0.6504774694011353 5.083689054486482 0.5823893937354578 0.0 1.3996550892352435 0.0
320921 26.09385438121168 -0.111455245802347 -0.111455245802347 2.375471694601521 0.6317724640319157 4.3649569753613395 0.566260699917002 0.0 3.038645171524431 0.0
321018 25.56384477543249 -0.1120109006257897 -0.1120109006257897 9.440537621238724 0.6435502900955472 13.084841545819781 0.5828178815345044 0.0 2.076873548960071 0.0
321387 25.547635014007284 -0.1081092476459899 -0.1081092476459899 2.8692820581689373 0.5782206360973257 4.496326508621179 0.5271002525454527 0.0 2.691039729663562 0.0
321455 25.714132588204965 -0.1073559911505307 -0.1073559911505307 2.611405229844944 0.614298351359916 5.0634017448134285 0.5723278749548879 0.0 0.7742594290076057 0.0
321574 26.26584866399811 -0.1068498712547028 -0.1068498712547028 8.605835843355145 0.6903754794011467 11.766261055731208 0.5865790407696841 0.0 4.902303786907629 1.0
321682 26.41541867196256 -0.1055030538440154 -0.1055030538440154 4.13563681542131 0.6472882732148301 5.449295580156568 0.6016318668515831 0.0 1.7658649347100117 0.0
321691 25.68306090918128 -0.1054925007839172 -0.1054925007839172 4.601036859313338 0.6319174692219993 5.670866958394986 0.5666588518408592 0.0 0.7598495015798641 0.0
321777 26.3347134861284 -0.1048411942983128 -0.1048411942983128 2.6664290480111146 0.6386101446384419 5.4889315385089095 0.567436794500959 0.0 1.4114377787344492 0.0
321838 25.714604698572177 -0.1045563614499644 -0.1045563614499644 1.9427434397925414 0.6352607340936024 3.921569832249915 0.5741615859028302 0.0 0.6369450176785434 0.0
322764 25.52497266461487 -0.0974378767786811 -0.0974378767786811 4.276590734103902 0.5586337668650331 5.159720337461251 0.5039570957698895 0.0 4.4097851418316605 0.0
322835 25.97699104720133 -0.0971192223585498 -0.0971192223585498 5.887990319619741 0.6265933730520071 6.7133814560137255 0.5598389196148051 0.0 6.254057986428599 0.0
322841 25.97604024418401 -0.0971612983407558 -0.0971612983407558 9.186426252736629 0.59873854496519 9.726724542390706 0.5651009836154055 0.0 6.254057986428599 0.0
322849 25.784235847549883 -0.0966900380074032 -0.0966900380074032 2.448283846779979 0.6440914664782665 5.032412927250971 0.5794816949481478 0.0 0.6458484270006064 0.0
322857 25.8695009981062 -0.0967984043130769 -0.0967984043130769 3.423152432968247 0.6531415209650043 6.922596501795954 0.5897364311069405 0.0 0.6300905625065598 0.0
322864 26.62778491926504 -0.0965099908790948 -0.0965099908790948 3.0914479217034057 0.6596485553426567 5.818707610033886 0.5937662740040802 0.0 1.1773501965628772 0.0
322914 26.18143715857021 -0.0960939330526282 -0.0960939330526282 3.95847221407309 0.740444914207295 7.3342695218061165 0.6097619715344071 0.0 2.3568172470508624 0.0
323434 26.571110780816056 -0.092347744009478 -0.092347744009478 8.935559895807216 0.6440158397892335 9.962303343609735 0.595002782818253 0.0 2.2032534587166923 0.0
323467 26.126760391286805 -0.0918393342044294 -0.0918393342044294 3.386208461638764 0.6439740449464059 4.014446539160518 0.5735185194280485 0.0 4.158248920991769 0.0
323478 26.528911050065865 -0.0916868665789424 -0.0916868665789424 4.0008555262833125 0.6565359525706407 6.021407653214947 0.5884046269564871 0.0 1.955420768320348 0.0
323492 25.50228441465305 -0.092209579603302 -0.092209579603302 8.108972964536813 0.5456726413528312 9.275813818960122 0.49257095765141085 0.0 5.338611035698579 0.0
323642 26.22466810645243 -0.0905088121183015 -0.0905088121183015 3.9655461384358106 0.6488995877404887 4.615213524545007 0.5814695832176174 0.0 4.8944298565718825 1.0
323679 26.10427578874659 -0.0901961673403477 -0.0901961673403477 3.0226330361214804 0.6375661031220993 3.4972129141363544 0.5695176861772593 0.0 3.0386451715244305 0.0
323686 26.122652667172577 -0.0901943404623918 -0.0901943404623918 2.509598367485432 0.6381126017219951 5.04329160901245 0.5741664401579009 0.0 3.5990074382916912 0.0
323832 26.580605797141143 -0.0926194591390773 -0.0926194591390773 5.482235627993307 0.6806372050419067 8.361049537471764 0.5901469826266411 0.0 3.3150818803767286 0.0
323968 26.241804039603483 -0.0881315034626837 -0.0881315034626837 4.225737918512163 0.665288503093387 5.058627707273537 0.5868475827955546 0.0 4.894429856571882 1.0
323993 25.888240061182447 -0.0880960676384479 -0.0880960676384479 3.5858858619078053 0.6501389065513226 6.3451641909321745 0.5726438521947641 0.0 0.6300905625065598 0.0
324093 25.50352487081704 -0.0875141257823028 -0.0875141257823028 5.670552603532135 0.5286541336857689 6.799541779555776 0.48814985149477147 0.0 3.034378396930885 0.0
324097 26.26026644229684 -0.0877479887589663 -0.0877479887589663 11.511581082709435 0.7213754843739676 16.68032003379555 0.6080633041598887 0.0 4.8944298565718825 1.0
324127 26.361679428248504 -0.0868095549137303 -0.0868095549137303 3.0974195567608556 0.6548619864160713 6.016310942910944 0.5825538203594685 0.0 1.3996550892352433 0.0
324172 26.059889412276576 -0.0875008452790856 -0.0875008452790856 7.6978851590968365 0.6374172329681881 11.112367145700457 0.5778727991024157 0.0 1.195075364404252 0.0
324398 26.35776297777176 -0.0852214302721683 -0.0852214302721683 3.584466797050154 0.6428566332295068 5.725412561618655 0.6055471776562737 0.0 1.3996550892352433 0.0
324404 26.643415696206706 -0.0859271247508561 -0.0859271247508561 8.955374398461188 0.7074988157246505 12.95449900296958 0.611824514899101 0.0 1.177350196562877 0.0
324602 26.402056055298587 -0.083356258710898 -0.083356258710898 3.9799873798828425 0.6498743051295961 5.577278208233968 0.5987999176201897 0.0 1.3996550892352433 0.0
324735 25.35977114721956 -0.08234428554266 -0.08234428554266 2.2092159048738385 0.49357690645250885 3.7086551230474085 0.44473763034969666 0.0 1.5999959325504685 0.0
324833 25.51667301348499 -0.0817122029585435 -0.0817122029585435 5.136686871399075 0.5582169669884827 5.860537511414041 0.5018428552324937 0.0 3.034378396930885 0.0
325158 26.26362605196993 -0.0795534294389583 -0.0795534294389583 3.899429149964482 0.6598627182570912 6.816101227350712 0.5904582858755608 0.0 2.3549309733048047 0.0
325218 26.621826230558792 -0.078093104138683 -0.078093104138683 4.400482847533782 0.6596055208325122 5.751851512943023 0.5929433039434977 0.0 1.177350196562877 0.0
325786 26.63892987845299 -0.0734066253007232 -0.0734066253007232 2.0464841498153388 0.6851773671606346 3.949709704250228 0.5939125197045901 0.0 1.1773501965628772 0.0
326000 25.97311588731445 -0.0715660423669742 -0.0715660423669742 2.6626364198120283 0.6202702983493802 5.391357792587121 0.5613200854597397 0.0 3.13131977062196 0.0
326746 26.56066263885588 -0.0655350404788779 -0.0655350404788779 2.639084655793994 0.6450669908728754 4.550109594642506 0.5966403020300912 0.0 2.203253458716692 0.0
326800 25.99276176678724 -0.0651095598090827 -0.0651095598090827 3.650821244863691 0.6738827534067096 7.243521991602357 0.5752406855174315 0.0 3.13131977062196 0.0
326957 26.171368161984702 -0.0635514852447983 -0.0635514852447983 5.297631359271009 0.6552594461574608 5.614518456510865 0.5888625235581366 0.0 4.0660268323376005 0.0
327050 26.53496108403743 -0.062634718587279 -0.062634718587279 3.9123681217892305 0.6726251506198616 5.7620177651738445 0.6139505369839493 0.0 2.2032534587166923 0.0
327111 26.065839032354337 -0.0621294589068055 -0.0621294589068055 2.769522609864549 0.5996086956647905 4.66868346604825 0.5560471412322568 0.0 1.195075364404252 0.0
327173 26.127008855955328 -0.062102444370418 -0.062102444370418 10.428861764698512 0.6742840611845089 12.13512521146196 0.6159344980709347 0.0 2.905566996848635 0.0
327508 26.199337922768706 -0.0589861928691682 -0.0589861928691682 3.223332881569285 0.6459382245310217 6.510943697118576 0.6121605143316426 0.0 4.080762353345206 1.0
327529 26.60587552019922 -0.0593377492092664 -0.0593377492092664 4.437831189899057 0.7157735327045224 6.38459439067436 0.5985492861216488 0.0 3.052103187762524 0.0
327547 26.356183995450884 -0.0589020879278997 -0.0589020879278997 3.1543619001406196 0.6388017454678313 6.4744161358925005 0.6002356569083888 0.0 0.9758304808589083 0.0
327586 25.38904416027884 -0.0583964660503451 -0.0583964660503451 3.9259399494143006 0.5140653601988786 4.803255777574056 0.4543650087636444 0.0 2.9883323352239723 0.0
327591 25.450815666207923 -0.0587292155882376 -0.0587292155882376 6.476044255618394 0.5602913040816541 7.829849821453134 0.47413896486796747 0.0 1.8302908237203321 0.0
327804 26.2662411315148 -0.0566523670624779 -0.0566523670624779 2.5421095154908633 0.6820043397635939 5.051453066775107 0.5920579753754693 0.0 2.3549309733048047 0.0
327852 26.309625949781942 -0.0561633614407154 -0.0561633614407154 2.67173473592731 0.6692362025681223 5.296625524142753 0.587252327235582 0.0 0.9758304808589082 0.0
328276 26.272029262688385 -0.0526845424148501 -0.0526845424148501 4.807898660094984 0.6759368289852482 5.67383397695182 0.6074982791704734 0.0 2.3549309733048043 0.0
328349 26.17366827723432 -0.0527369814646696 -0.0527369814646696 6.797802230855399 0.6714308674177358 13.378963049470906 0.6117884620762952 0.0 4.0660268323376005 1.0
328551 25.94214074673731 -0.0504960860572609 -0.0504960860572609 4.057425495507525 0.6218201108781297 5.985499943020968 0.5790215450450729 0.0 1.747918809057687 0.0
328670 26.2261835730529 -0.0494427264761673 -0.0494427264761673 5.096028055835708 0.6877658359032119 6.560988877975433 0.6256145908622277 0.0 6.995451943954745 1.0
328843 26.00885753810552 -0.0481606496625403 -0.0481606496625403 5.902279057626304 0.6172773360411572 6.44944311809543 0.564262909997269 0.0 1.540942793139706 0.0
328931 26.333762415465262 -0.0473369110957822 -0.0473369110957822 4.116080863010889 0.6734651318184105 6.257560981917404 0.5882150663645775 0.0 0.9758304808589084 0.0
329143 26.228056127093566 -0.0455960986115945 -0.0455960986115945 3.996879414968161 0.6865388556071716 7.814835623395669 0.6263483945664067 0.0 15.987282908022996 1.0
329231 26.116338989817464 -0.0449089141265479 -0.0449089141265479 4.303829491550201 0.6684082586458003 5.20797626822629 0.6187964355252977 0.0 2.4420641907284355 0.0
329428 25.48851186556127 -0.043216138165577 -0.043216138165577 2.7080348424695067 0.5666148601660892 4.106807046904593 0.4965678894717322 0.0 2.1480047282467076 0.0
329449 25.63755830090403 -0.0437060731629736 -0.0437060731629736 10.9167114378154 0.6769207560516395 13.01317368448516 0.6095227996831152 0.0 0.759849501579864 0.0
329620 25.43259459356453 -0.0426627757848725 -0.0426627757848725 6.0628058220420025 0.5440461047857094 11.438294964671163 0.48616013483214526 0.0 4.385679357220722 0.0
330058 25.40868540061838 -0.0382743105960189 -0.0382743105960189 4.196301535499722 0.5135688202729406 4.765078413424371 0.4596952512273721 0.0 2.9883323352239723 1.0
330089 26.60834386853494 -0.0379648346832159 -0.0379648346832159 4.8356125422418295 0.6828662797785865 6.866205509084954 0.6027915702771716 0.0 3.2531427221904528 0.0
330169 26.03303966650303 -0.0374279828891639 -0.0374279828891639 2.9196441175862407 0.606980052204217 6.035586327103888 0.5798310854291602 0.0 1.540942793139706 0.0
330570 25.80704765842475 -0.0339932935137355 -0.0339932935137355 3.104111990754259 0.6835592034084788 5.548500330030074 0.6100368743083011 0.0 0.7537744183872684 0.0
330697 25.357149000419124 -0.0330551748398905 -0.0330551748398905 5.556973258429757 0.4999381945360806 6.657515031874552 0.4654021555573631 0.0 1.5999959325504682 0.0
330780 25.41697068627047 -0.033285904532193 -0.033285904532193 7.656160712223389 0.5354639879418779 15.807692360201358 0.484195462005361 0.0 2.9883323352239723 1.0
330891 25.95053333658668 -0.0315044409184972 -0.0315044409184972 6.13006862072613 0.6386877706847477 7.56636214381991 0.5760707245064856 0.0 1.747918809057687 0.0
330978 25.962765599874903 -0.0306706483782806 -0.0306706483782806 3.723559231235234 0.6144682472528626 6.700005086192296 0.5641314330781012 0.0 2.317290858043559 0.0
331003 25.78911569586934 -0.0304841397536272 -0.0304841397536272 3.263366966093468 0.6549428573801335 6.174311151256431 0.6067895193021363 0.0 0.7537744183872684 0.0
331006 25.43850114416024 -0.031236996010158 -0.031236996010158 1.7999306118140688 0.5354687451079685 3.426920725511939 0.4841417690513967 0.0 4.385679357220722 1.0
331192 25.455076976221022 -0.0288738608270714 -0.0288738608270714 2.294219190323987 0.5260011609523177 3.6907104742962416 0.47347624960475665 0.0 4.6804486825124245 1.0
331399 25.4161792696529 -0.0271148395634844 -0.0271148395634844 2.488098910405616 0.5195647735512066 4.034725865708522 0.4737863167568945 0.0 2.9883323352239723 1.0
331506 26.215751349310235 -0.0265028456043318 -0.0265028456043318 2.2974351021182624 0.6330014526066687 4.360543852329751 0.598512692506501 0.0 4.504613065817591 1.0
331540 26.40198140261329 -0.0261515399469302 -0.0261515399469302 4.264464045252976 0.6450558562085438 5.816000171801255 0.5955157629827466 0.0 1.0690703210640808 0.0
331574 25.51215125231085 -0.029116803624437 -0.029116803624437 4.600166363906692 0.5793614634464069 9.377628921964845 0.5277898657896783 0.0 2.1480047282467076 0.0
331771 26.17080032815635 -0.024243567485695 -0.024243567485695 7.333783194978483 0.6697346131590293 8.512267179766834 0.6013816860133273 0.0 5.612806043199162 1.0
331934 26.56708024474521 -0.0228922037447575 -0.0228922037447575 2.9807969156293925 0.6599520814878508 5.401009519532471 0.6148761288294468 0.0 1.6553022440428562 0.0
331975 26.46740835388551 -0.0225945923587667 -0.0225945923587667 3.3479353772445295 0.6714096430592068 4.110510444367234 0.611043971285356 0.0 1.0690703210640808 0.0
332269 26.2617967572849 -0.0203920366124262 -0.0203920366124262 2.491187993519664 0.6343001436499632 4.583275616422188 0.6050003979703998 0.0 1.3435413703467032 0.0
332546 26.16273718074656 -0.0188712003966662 -0.0188712003966662 5.956419092345423 0.6211747892460878 12.296096429926804 0.5886037930504726 0.0 3.4728511991234203 0.0
332742 26.602635868769624 -0.0169429077849307 -0.0169429077849307 2.7037764246757776 0.6611529893415914 5.007187282174097 0.5789169146028872 0.0 3.7875415525703993 0.0
332846 26.43933798437393 -0.0167800807599836 -0.0167800807599836 11.986840595062223 0.6963163773157031 15.680191552348742 0.6013649472027389 0.0 1.0690703210640808 0.0
333023 26.60244944671078 -0.0146860541430539 -0.0146860541430539 6.866942274271008 0.6565043567813167 7.941194329325832 0.5862731711962016 0.0 3.7875415525704 0.0
333053 25.466083252106216 -0.0146072309449088 -0.0146072309449088 2.552148810281375 0.5603086501637836 3.803039739271864 0.4872097870161191 0.0 4.680448682512425 1.0
333121 26.61267214364237 -0.0138392708482968 -0.0138392708482968 2.1184181582383133 0.6455524171631112 4.347534319980369 0.5958793814527592 0.0 3.7875415525703997 0.0
333274 25.52561280704808 -0.0127301618429678 -0.0127301618429678 5.062450336571601 0.6000433391012227 6.526166100227745 0.5121629757606463 0.0 2.2455399353214522 0.0
333376 25.433068165884787 -0.0121028236509731 -0.0121028236509731 3.9586712771590107 0.5359257232320674 6.396853895549301 0.48493486677308295 0.0 4.467773357441312 1.0
333403 25.46034437864844 -0.011596655439764 -0.011596655439764 5.741276189933439 0.5429317994809049 6.874981538716368 0.48964999657571157 0.0 4.680448682512424 1.0
333758 26.097514926644383 -0.0086828561562271 -0.0086828561562271 2.4940158224284503 0.6395067191675698 4.740906283333914 0.5892629545354354 0.0 1.675618712559018 0.0
333850 26.45875669791454 -0.007866542379187 -0.007866542379187 3.32181168210358 0.624188874964098 5.18764839912758 0.5710448451232875 0.0 1.6722299143613282 0.0
333902 26.523235709536703 -0.0075933843947848 -0.0075933843947848 2.904318062611506 0.7159074865132607 5.207267830258155 0.5990969671280929 0.0 1.655302244042856 0.0
334228 25.45677949314481 -0.0053586604703461 -0.0053586604703461 2.306157438795712 0.5521138790692334 4.334589682712037 0.4882020379557829 0.0 5.015829683868504 1.0
334329 25.639117484682867 -0.0042816647379872 -0.0042816647379872 2.5083584079010754 0.6307908461381381 4.408356977174685 0.580813486222593 0.0 1.6293489630670115 0.0
334695 26.094211233326188 -0.001463450866895 -0.001463450866895 3.6126172273771457 0.6473233869855333 6.529084318713709 0.5598881059659188 0.0 1.675618712559018 0.0
334886 26.57174947710315 -0.0009572831039989 -0.0009572831039989 15.386995318642912 0.6873848017338315 19.472123159393984 0.5991089675676841 0.0 1.655302244042856 0.0
334928 25.380221291404425 -0.0012206953139312 -0.0012206953139312 45.74565125672231 0.5948285347704406 54.76646152857598 0.5460748531881311 0.0 5.1325000666989515 1.0
335128 25.866152294159804 0.0019229792771796 0.0019229792771796 2.7983101450745513 0.63220086275331 4.676416281499762 0.5764627088224412 0.0 0.7537744183872684 0.0
335166 26.5765320802462 0.001198297981031 0.001198297981031 3.296891198419742 0.6506535762151527 5.782010343020461 0.5830786335754472 0.0 8.472461703869893 0.0
335219 25.394172402009403 0.0023363716397547 0.0023363716397547 3.734875826033721 0.523013946492753 4.745268674893413 0.4769099204487785 0.0 8.862809790238375 1.0
335362 26.64966804941382 0.003861004201888 0.003861004201888 3.790630872702442 0.6314108612283571 7.173171860941288 0.5591392373322103 0.0 2.306092379613815 0.0
335575 26.69302352330568 0.0056847432900763 0.0056847432900763 2.915455938416942 0.6385037483240312 4.958702029703997 0.577681783521586 0.0 0.46477380032782206 0.0
335584 26.028749596772045 0.0057004754760479 0.0057004754760479 2.8044182143143055 0.5770828973204674 3.3364786142213765 0.5403670089095456 0.0 2.4831823489276816 0.0
335758 26.66481422664904 0.0067500184522633 0.0067500184522633 7.665024556230351 0.6569004499917637 10.480059863324664 0.5625442976861341 0.0 0.46477380032782206 0.0
335788 25.393131433332005 0.0062254929424798 0.0062254929424798 6.004934732194745 0.5289300128736315 9.043308520885283 0.4781695288215634 0.0 13.648208706596069 1.0
336041 26.293123611388424 0.0093914256492236 0.0093914256492236 2.7093648697308357 0.572938436995871 4.976038415830398 0.5431543685247332 0.0 1.3399429199377115 0.0
336147 26.45983421522625 0.0090857730912395 0.0090857730912395 23.48026573372683 0.7395207786822858 27.804086309506705 0.5853683741038581 0.0 1.6722299143613282 0.0
336156 26.08960904403408 0.01039179314681 0.01039179314681 2.7760432779092987 0.6122429095846331 5.070625571662973 0.558011002870528 0.0 1.675618712559018 0.0
336215 26.216691850393456 0.010590789812765 0.010590789812765 5.648749452924214 0.6297614538058126 9.036119072977487 0.5731237410183253 0.0 2.003923116470793 0.0
336333 25.389019664222378 0.0113369421318871 0.0113369421318871 4.243807387286286 0.5264196930160894 8.63964437794126 0.47611160794379354 0.0 6.160305863826916 1.0
336341 26.42159725594972 0.0117434473181079 0.0117434473181079 2.481712667885899 0.6402277575223981 4.729756175320741 0.5736917532416302 0.0 4.291305794878561 0.0
336439 26.62946911914861 0.0125756698042935 0.0125756698042935 2.715969875628935 0.5837576861531847 5.391612093747984 0.5521868367343613 0.0 2.306092379613815 0.0
336667 25.64693745698879 0.0133782892284656 0.0133782892284656 5.765631803139961 0.6493233838962474 11.499519095799437 0.5876781368249344 0.0 1.6293489630670115 0.0
336738 26.2828535180827 0.0149473060201276 0.0149473060201276 3.4156771376796327 0.6265770415629535 5.824906892915339 0.559620336500537 0.0 0.9360796425461038 0.0
336817 25.492749201195693 0.0153339072898505 0.0153339072898505 2.8408538923462596 0.5574220099586225 4.6142120286314965 0.5055969841672263 0.0 2.0597213238627825 0.0
336980 25.41251376957272 0.0172651683579097 0.0172651683579097 1.9629009077994608 0.5311892229923518 3.3569532698129376 0.47193872547217186 0.0 13.648208706596069 1.0
337082 26.63169831962459 0.0180280238363655 0.0180280238363655 2.514902767800812 0.6301962958605558 4.093822494011012 0.5714827324082798 0.0 2.306092379613815 0.0
337297 26.398194472641645 0.0194822537648929 0.0194822537648929 5.373208672826613 0.6395347426532416 7.225814261401057 0.5807105425374745 0.0 1.760927133266828 0.0
337462 26.405419962745984 0.0209508334487472 0.0209508334487472 2.3963650779779555 0.6078559315674582 4.412356909104904 0.5750366522923671 0.0 14.413657537092735 0.0
337613 26.32264036908007 0.0223743299001096 0.0223743299001096 2.5861979974597173 0.6053521840641242 5.318502634541459 0.5527330369998686 0.0 0.9360796425461038 0.0
337781 26.23379351375705 0.0236496926345463 0.0236496926345463 2.7968717662046823 0.6157800837099491 4.531283068093494 0.5586696879431895 0.0 2.003923116470793 0.0
338099 25.374912773354872 0.0264967153504062 0.0264967153504062 2.410530360818425 0.5305322799558491 4.807719889597899 0.491407751951607 0.0 6.160305863826915 1.0
338102 26.16323492848544 0.0265225380328334 0.0265225380328334 3.5423577438134184 0.6534676884612509 7.243112534543348 0.5894971304955672 0.0 2.800214542815642 0.0
338288 26.07255925958976 0.0267521171767504 0.0267521171767504 5.685311908132363 0.6638236442650023 10.197651020482564 0.5884114254887876 0.0 5.498303853830504 0.0
338391 25.82192323256349 0.0291624237140538 0.0291624237140538 5.341798449269589 0.627413353511619 5.895049848605356 0.5780374574945729 0.0 1.6841319719939636 0.0
338446 25.728279676590155 0.0292462474317684 0.0292462474317684 5.51894577101488 0.6798144131732983 8.674954641357315 0.5835316759220261 0.0 0.6786811291924424 0.0
338551 25.9697150592997 0.0303575491799497 0.0303575491799497 2.464132410165234 0.6168450733293805 4.708372087273904 0.559009575930191 0.0 1.0757514599149067 0.0
338570 26.05357321010103 0.0305469436519176 0.0305469436519176 2.3812921653233503 0.6179764495648088 4.405694862490724 0.5810968227818221 0.0 2.483182348927682 0.0
338795 25.436559973112047 0.0324200623285235 0.0324200623285235 2.401482518655072 0.570135289251333 4.9418029128141985 0.5097337880640259 0.0 2.254553450238886 1.0
339482 25.62970015076663 0.0382662121076672 0.0382662121076672 4.285018081434751 0.6142958999578897 6.055736507290197 0.567612101351852 0.0 1.6293489630670117 0.0
339534 26.00655336007567 0.0388897643320461 0.0388897643320461 4.368559682440288 0.6085147329880805 5.594476177272811 0.5655514378843474 0.0 1.6826057848935903 0.0
339885 25.35822241803943 0.041337476120523 0.041337476120523 4.696977592626139 0.5798972930702435 6.787797572526796 0.5223652808142728 0.0 2.044907290953342 0.0
339921 26.400598119526524 0.041714750381679 0.041714750381679 3.9824465686784403 0.6191789315059963 7.534624972664069 0.5819726488558393 0.0 3.0401592894897944 0.0
340110 25.507767315375105 0.0436149567403502 0.0436149567403502 2.9646359802865425 0.5932790080114309 5.175947455485966 0.5413758055196756 0.0 0.6338115670766252 0.0
340154 25.596681243562937 0.0439103552284932 0.0439103552284932 2.792726592902589 0.5855417871781285 5.267050878554852 0.5491287332959104 0.0 0.7928404673406215 0.0
340289 26.010264646781227 0.0450240596209302 0.0450240596209302 3.113813419091048 0.6031832760327701 5.269273277560664 0.5671418051543589 0.0 1.6826057848935905 0.0
340425 26.50270626109237 0.0457513725146424 0.0457513725146424 5.050621920449352 0.676337748992856 9.78459112563511 0.6026697374881043 0.0 1.4042684156774452 0.0
340428 25.831762691693527 0.0456190497852033 0.0456190497852033 5.462766974918108 0.6403664933464962 7.004966257300222 0.5899523360115145 0.0 1.6841319719939634 0.0
340565 26.432873244363403 0.0472012340913309 0.0472012340913309 3.567773181250348 0.6357605265659192 5.286663614161192 0.5739218990112125 0.0 2.345702222307164 0.0
340574 26.074436124196204 0.0473566122035922 0.0473566122035922 2.6974579099589033 0.6164480820990182 5.322952840476506 0.5773538959741755 0.0 2.845252507666139 0.0
340575 25.836951001292416 0.0464938456389607 0.0464938456389607 11.97624505671985 0.6692811104690426 14.568667574036985 0.5880774475895246 0.0 1.9804880412061343 0.0
340606 25.6669209175028 0.0449414468817294 0.0449414468817294 9.06100878300186 0.6913032083540284 11.549308044094209 0.5880962208093999 0.0 2.2278739967570695 0.0
340654 26.455485212060086 0.0467622725435745 0.0467622725435745 14.378776068718164 0.6791143780923357 20.913050191274763 0.617778509825393 0.0 2.345702222307164 0.0
340665 26.085522882204263 0.0472174209913346 0.0472174209913346 8.670734915968062 0.6632654701799892 11.81484609726443 0.5900827313459981 0.0 2.845252507666139 0.0
340781 25.615688418910825 0.0488277054381014 0.0488277054381014 2.789174359775568 0.6267230443774926 5.015034694098099 0.5509032661104187 0.0 1.6293489630670115 0.0
340970 26.27082055509985 0.050299300069161 0.050299300069161 4.792872049565667 0.6372089725167862 6.531041343191655 0.5633197810286782 0.0 0.9360796425461038 0.0
341031 26.15528837466818 0.0505365957429692 0.0505365957429692 8.864377846259906 0.6660346573327975 11.401273351012565 0.5986805570246863 0.0 6.16571085128461 1.0
341080 26.02930803217092 0.051088991620728 0.051088991620728 7.8669150847793405 0.6763457462533705 10.826769559441267 0.5836709943301542 0.0 1.6826057848935903 0.0
341260 26.12652398529322 0.0526544987014875 0.0526544987014875 6.230613428271311 0.6277309633793184 7.495141079967921 0.5795750331311903 0.0 3.218758833275005 1.0
341774 25.985199330860706 0.0571063744240819 0.0571063744240819 3.1638856395650095 0.5877465092136622 5.716230165170187 0.5475662168315163 0.0 1.5206469271613274 0.0
341806 25.41494496641977 0.0559472834260609 0.0559472834260609 7.711533985250613 0.5837949740069274 13.402260898608322 0.5214740164064896 0.0 3.5361005363129956 0.0
341845 25.465973871292565 0.05775973899614 0.05775973899614 2.719661942204409 0.5510576845044045 5.386701956802 0.5080858650376066 0.0 2.254553450238886 0.0
341856 26.13116844037065 0.0578214600348207 0.0578214600348207 4.395032497666079 0.6660875910118613 5.325742942681429 0.5938904244746135 0.0 3.218758833275005 1.0
341995 25.435274128763847 0.0579597752268964 0.0579597752268964 6.338101314184443 0.5554472294026302 8.273600969314815 0.5121915089946955 0.0 2.254553450238886 0.0
342247 26.18627181543469 0.0607432216913799 0.0607432216913799 3.8501309063401123 0.638314798656378 7.9310699241214815 0.5989689796071325 0.0 2.893913069923624 0.0
342513 26.32694878858686 0.0634211055005685 0.0634211055005685 2.1357527417235738 0.6124577156323933 3.8828426625524424 0.5605025877026187 0.0 1.6353976915689703 0.0
342525 26.32161983564492 0.0635899326357857 0.0635899326357857 4.315474991100742 0.6374220991316895 5.045387823138443 0.5684688065537742 0.0 1.6353976915689703 0.0
342672 26.089652639462653 0.0648234195101967 0.0648234195101967 2.9537302589079584 0.646084992965551 5.585963204487797 0.5918437829799786 0.0 2.845252507666139 0.0
342905 25.45672258856301 0.0668858112220592 0.0668858112220592 2.2127839754908774 0.6148362139287968 4.017402484350348 0.5208345294619723 0.0 2.2545534502388866 0.0
342927 26.66478729378371 0.0669477125068467 0.0669477125068467 3.713286558797095 0.6280859445499054 4.229610558225861 0.5781811151174457 0.0 0.9069316842466096 0.0
343593 25.49859446761528 0.0708963489621686 0.0708963489621686 32.647274451140596 0.6680572553067714 47.24570749320619 0.5984978464691099 0.0 0.6338115670766252 0.0
343654 26.28901683674316 0.0731896283985205 0.0731896283985205 2.6239268902457145 0.597906736058981 4.492157900984261 0.5607079857845465 0.0 0.9360796425461038 0.0
343919 26.133271668427767 0.0751862945382186 0.0751862945382186 4.251029926535016 0.6698790719836499 5.489353356535737 0.5766238263123586 0.0 6.590486460409257 1.0
343920 25.987237590627707 0.0752355821415398 0.0752355821415398 1.896160102485528 0.6165420375829402 3.726203705788037 0.5592981272727185 0.0 1.5206469271613277 0.0
344163 26.35783096642847 0.0771788747501798 0.0771788747501798 3.906287426942793 0.6227157840009906 7.181780631226901 0.5695031362880555 0.0 1.6353976915689703 0.0
344301 26.143341295665586 0.0777594454457974 0.0777594454457974 6.674162294045036 0.6542641979564571 8.311903101983424 0.5701266698584814 0.0 6.590486460409257 1.0
344307 25.66111165542436 0.0769310706304832 0.0769310706304832 25.732605707559475 0.6832858982281867 45.72310279125894 0.6179466704917657 0.0 0.8755826676163656 0.0
344590 26.11566780869056 0.0805393152772309 0.0805393152772309 3.8605033034613334 0.6475626495066352 4.945989289342356 0.5976039553556651 0.0 3.4207499175120226 1.0
344786 25.414336449747395 0.082075842555029 0.082075842555029 5.6030231942233595 0.559460424663779 6.913307749520209 0.5140266749315581 0.0 1.8259427633955267 0.0
344857 26.226802286661616 0.082804800984766 0.082804800984766 4.26723657170678 0.6401480571274383 7.984437115079727 0.5783381122847568 0.0 1.6592485475261438 0.0
344896 25.808473701107047 0.0816880138568236 0.0816880138568236 17.60594535691423 0.6689671678875923 36.15831594050444 0.6222545965368111 0.0 0.9921119211475249 0.0
345064 25.854362403953218 0.0846047405991722 0.0846047405991722 2.9837095974318553 0.6536579266406665 5.4079605037694245 0.5874654895504211 0.0 1.9804880412061343 0.0
345328 26.399720941509933 0.0868527876490161 0.0868527876490161 4.189352431159958 0.6338873422203164 4.863934480997313 0.5894154322238877 0.0 1.8856257874162103 0.0
345370 26.37357500655912 0.087437430948652 0.087437430948652 3.0289784230673535 0.6503706904115125 5.818317466987096 0.5871098670814666 0.0 1.6353976915689705 0.0
345424 26.3135392154228 0.0881270230165104 0.0881270230165104 3.7537232889719765 0.6353923267771638 4.86806587697069 0.5726902058240858 0.0 1.680293292723151 0.0
345494 25.57531860440832 0.0887713579993034 0.0887713579993034 2.6849462928444856 0.6082456179240355 4.495063887262488 0.5549278813482517 0.0 0.7928404673406215 0.0
345772 26.14265399175812 0.0910198850395226 0.0910198850395226 5.5611249984960045 0.6698268001052708 7.066633966909089 0.6018707168026713 0.0 16.60420722336201 1.0
345787 25.70530502085095 0.0913268379645129 0.0913268379645129 3.250226355981171 0.6380674356025223 6.079783611341567 0.5638360960792812 0.0 1.6506553949334801 0.0
346028 25.841625696281 0.0932666120387363 0.0932666120387363 3.569854716727055 0.6565483217236427 5.748268892436782 0.5880787866943717 0.0 0.9921119211475249 0.0
346063 26.20697760594542 0.0933815417566561 0.0933815417566561 7.227963344416493 0.6578752858626289 8.242566313163362 0.5946048755385506 0.0 2.208406217112764 0.0
346218 26.140109467455467 0.0924433614665163 0.0924433614665163 5.684283372601747 0.6890299751635385 7.832455152941177 0.6064648250047459 0.0 17.136482316034208 1.0
346439 25.355479666182053 0.0955291578592188 0.0955291578592188 8.263528969463616 0.5798197035662375 9.325009440799576 0.5241205897486207 0.0 2.6632992997200162 0.0
346467 26.012139433648755 0.0969669807978847 0.0969669807978847 6.24870409095484 0.6313106401653418 7.664921548165192 0.565409698786688 0.0 3.375226438208935 0.0
346573 25.72580155210812 0.094933219549724 0.094933219549724 18.06873226645727 0.6725671833308012 30.65950077814348 0.6073933654561086 0.0 1.6506553949334803 0.0
346679 26.020818414027644 0.0988065237912449 0.0988065237912449 3.1858073653319376 0.6309856221336979 4.73449531887856 0.5615699057697674 0.0 6.714107373965442 0.0
346804 26.05030707849963 0.099610681495464 0.099610681495464 6.099238100807807 0.7013648665034669 8.026594453347007 0.6032718840090014 0.0 3.675532140223591 0.0
346938 25.99859525426705 0.1010611950498805 0.1010611950498805 2.1327047330755082 0.626009670674098 4.41367863134098 0.564589703083987 0.0 3.3752264382089354 0.0
347007 26.037647515138 0.1013061714009445 0.1013061714009445 4.924927359019305 0.5401596000326268 6.70600015558457 0.5078927249154328 0.0 6.0608133211357025 0.0
347061 26.6982701472332 0.1011378618042793 0.1011378618042793 5.706946820817863 0.7027465171671251 9.390914387168774 0.6272598871829855 0.0 0.9069316842466095 0.0
347121 25.73911455210502 0.1021444613028205 0.1021444613028205 4.719569450236969 0.6595853782154765 6.139222998980874 0.598451492839788 0.0 0.9976453456923188 0.0
347132 25.70759744052891 0.1027401970895226 0.1027401970895226 4.608349298850935 0.6209173324714575 4.979545711688992 0.5558426573469074 0.0 1.6506553949334803 0.0
347162 26.34342889909528 0.1026278416289581 0.1026278416289581 4.882152487401395 0.6485807599132513 6.947941636228411 0.5953452460068834 0.0 1.6802932927231509 0.0
347172 26.14440003070265 0.1030314497003575 0.1030314497003575 3.006209005304205 0.6542692272004905 4.580522725880805 0.6031259988367195 0.0 3.8836986006807663 1.0
347444 25.99261076416554 0.1052748796639022 0.1052748796639022 2.989431180411131 0.5948452634706236 5.289894204604752 0.5573829498212433 0.0 3.375226438208935 0.0
347449 25.92057777143254 0.1051533203888202 0.1051533203888202 8.854959561342223 0.6386075071983034 10.494312316740274 0.5731517463360405 0.0 2.286961895175346 0.0
347749 26.479969379472223 0.1074099661291793 0.1074099661291793 6.196575700740217 0.7083252870101222 10.054499424729798 0.600262954045656 0.0 2.4680799681216192 0.0
347822 26.514761315406524 0.1086734444701717 0.1086734444701717 3.268814933899665 0.6200483667458813 6.441840607846345 0.5829226407367715 0.0 1.6931411435490646 0.0
347888 26.161952947851432 0.1094063205751258 0.1094063205751258 5.578340775054111 0.6676685372134789 6.346645575669248 0.6000953985516663 0.0 3.8836986006807663 1.0
348013 25.9109427746884 0.1102611647243078 0.1102611647243078 3.057089066529178 0.6538208333448631 4.873472512790743 0.5810092659264365 0.0 1.9374445436723644 0.0
348120 25.74089755748188 0.1115066903407411 0.1115066903407411 3.84243980915499 0.6596956632977404 5.459177658887631 0.5925093438409895 0.0 0.9976453456923188 0.0
348126 26.532405842757328 0.110616870389348 0.110616870389348 6.873019492595245 0.6558604497603775 13.66564608321671 0.6273175716994748 0.0 1.6931411435490649 0.0
348132 26.707779852626 0.1110043848508863 0.1110043848508863 3.2591863837689745 0.6615236313963078 5.6700380009906155 0.6031767045567942 0.0 0.0 0.0
348155 26.36030431321664 0.1115660327046468 0.1115660327046468 3.2246713426159497 0.629206456313874 6.550061396143085 0.5890079709461417 0.0 4.635978538381134 0.0
348227 25.901224153835333 0.112226826649847 0.112226826649847 2.426685888237855 0.6348874346886018 4.322030424367483 0.595098644698892 0.0 1.9374445436723644 0.0
348650 25.25869123945294 0.11589038025403 0.11589038025403 2.2445463836226818 0.4932728801752642 4.290644381953754 0.46435041746006983 0.0 0.9010778844802243 0.0
348746 25.3025385367827 0.1165352613698198 0.1165352613698198 2.4497874683831182 0.5525739025709792 2.97382996514234 0.48948737259284125 0.0 1.9462325301976606 0.0
349044 26.12662191868262 0.1188415560144156 0.1188415560144156 3.673259105417108 0.6359307236411472 7.117259469453037 0.6089569506291787 0.0 2.1281241988506325 0.0
349142 26.32846761961535 0.1196636758716433 0.1196636758716433 3.4680652369785387 0.6490992316387078 5.863722520788768 0.5746664928102169 0.0 1.6802932927231513 0.0
349164 26.003691098106447 0.1198835165802487 0.1198835165802487 3.1733157704101855 0.6017719756948627 6.400562314655119 0.5654280728503108 0.0 3.375226438208935 0.0
349539 25.64718435514768 0.1232041262870276 0.1232041262870276 3.9063085435961504 0.6757077584369 5.633940112156336 0.6056032526717449 0.0 0.5927520630251486 0.0
349620 25.95791348707505 0.1237671802480102 0.1237671802480102 3.6336409159560064 0.6370787941770348 5.635311922064095 0.5892175279787002 0.0 1.207635138651818 0.0
349967 26.07446887988369 0.1257929278030881 0.1257929278030881 3.6140697698559734 0.6343311113683076 7.220764934807026 0.595525935029181 0.0 2.2095395938882847 0.0
350132 26.131672774665507 0.128158518120153 0.128158518120153 4.437680798123924 0.6751466547380358 6.2868493938442445 0.6005099802619164 0.0 2.1281241988506325 0.0
350343 25.99007701656436 0.1298834420154407 0.1298834420154407 2.7211710103589932 0.6151039524617936 4.697725302419114 0.5611762218207365 0.0 3.375226438208935 0.0
350374 25.94738266033824 0.1292888015689269 0.1292888015689269 4.03326598390505 0.6493274417566628 6.3125496485813395 0.5909464926003837 0.0 1.2076351386518183 0.0
350435 26.01925840422913 0.130316364048591 0.130316364048591 3.0863925433855472 0.610760216887012 6.364717696901049 0.5709891048840281 0.0 6.714107373965442 0.0
350445 26.101175442670364 0.1305415016771651 0.1305415016771651 2.3272720834961085 0.6371327166413219 3.557671952860659 0.591479353321453 0.0 2.179238336883766 0.0
350481 26.41317884877969 0.1308162993892068 0.1308162993892068 2.871097060277045 0.6227973943367883 3.787505736765589 0.5772890266451414 0.0 1.8856257874162106 0.0
351201 26.356656289695085 0.136727502489632 0.136727502489632 4.021846767321648 0.6573009835378584 6.493677356476485 0.5919619074787001 0.0 0.9226306400528312 0.0
351227 25.57218613938618 0.1371718554655409 0.1371718554655409 2.6244967823662084 0.5985924459711829 5.184834991347914 0.5658790550355867 0.0 1.4707775932767786 0.0
351741 25.39559727336919 0.1387831096521735 0.1387831096521735 2.7109603359000727 0.5584006165920011 5.183572627509387 0.49609258450707067 0.0 1.5450939354772875 0.0
352070 26.066884969474906 0.1438326724392117 0.1438326724392117 2.560205714857895 0.605208745438292 4.529246212365049 0.5776933461769 0.0 2.2095395938882847 0.0
352142 25.902395185718 0.1444438574849096 0.1444438574849096 2.169952191916967 0.6176598833896906 4.409119494377028 0.5801334398524192 0.0 1.8350367548924138 0.0
352319 26.592550523689017 0.1457022576559044 0.1457022576559044 2.386570813622441 0.6673573749638033 4.679452701740497 0.5873846668472954 0.0 1.3472133108669189 0.0
352724 26.632733454238863 0.148941027553649 0.148941027553649 7.099382033464387 0.6640985217268686 8.296375666241303 0.5961409189301987 0.0 1.756405359849715 0.0
352918 26.513103314989213 0.1499147134011687 0.1499147134011687 5.366476323207961 0.6582980046505222 8.340006277360525 0.5856035543926251 0.0 2.2441742541556002 0.0
353054 26.45114024673953 0.1515131045047292 0.1515131045047292 3.711700685253926 0.6786815743152828 6.2996320509301125 0.565637681386902 0.0 0.8406361051040417 0.0
353095 25.768249872260704 0.1520774391272329 0.1520774391272329 3.7725788380433465 0.6193225911495127 5.928318878450197 0.5568537072584627 0.0 0.9976453456923188 0.0
353238 26.52953286162422 0.1527963951276479 0.1527963951276479 4.681224826741482 0.7178378544045841 6.816784042062638 0.6033957512073556 0.0 3.794605938373731 0.0
353291 26.536435595245106 0.1535110643147304 0.1535110643147304 4.226903119993229 0.6683106776083588 5.177035993214537 0.5868892624339197 0.0 3.7946059383737305 0.0
353314 25.63767147904223 0.1537815833900433 0.1537815833900433 2.437309367517902 0.6444856013373249 5.007110541165553 0.566960034547377 0.0 0.5927520630251486 0.0
353678 25.59731396298693 0.1566251013077012 0.1566251013077012 2.7303034478958588 0.5862092179272309 5.646488812174211 0.564453938454107 0.0 1.4707775932767786 0.0
353718 26.282893933709712 0.1568564904866581 0.1568564904866581 2.9525621474490515 0.6290658659030387 5.721133864112098 0.5643735921632828 0.0 1.0570691010196405 0.0
353761 25.88463662374536 0.1540877666744362 0.1540877666744362 14.686766707022423 0.6327374535743608 21.76865578210137 0.5605098368952043 0.0 1.835036754892414 0.0
354179 26.60007776153736 0.160472883229766 0.160472883229766 3.229129016635721 0.6300555612741583 5.7713603391636354 0.5732412989726884 0.0 1.7930458499851145 0.0
354595 26.45828147285349 0.1630724097609432 0.1630724097609432 4.634753124425085 0.6498731379432705 7.106835439539155 0.5624640801553912 0.0 0.8406361051040417 0.0
354617 25.850522394295844 0.1637778429915368 0.1637778429915368 5.142115872845273 0.5881507836134987 7.570138677008814 0.5184958601026106 0.0 1.7798620315558513 0.0
354651 26.18927011989433 0.1640191799546549 0.1640191799546549 6.045543730482598 0.6116776416422459 10.280076142821855 0.552337228509494 0.0 0.9061705994237736 0.0
354685 26.037212160775866 0.1643346667637443 0.1643346667637443 4.347553633992586 0.6270864445654365 5.657092719921877 0.5308959967385097 0.0 1.691811223077629 0.0
354796 26.787603708042564 0.1653969419983389 0.1653969419983389 4.746963286325366 0.7434070290985199 6.261683879725408 0.623595864553251 0.0 0.9907583255469721 0.0
354840 26.05268990577771 0.1658801392547205 0.1658801392547205 1.9446971165083697 0.6033631978443488 3.457673268324937 0.553696999349638 0.0 3.8756353528970067 0.0
354932 25.64338316488564 0.1665509894964633 0.1665509894964633 4.106151271809773 0.620267717378362 7.0344722737647105 0.5567929325000187 0.0 0.5927520630251486 0.0
354996 26.04243151226675 0.1668224443498771 0.1668224443498771 3.696851094084587 0.6008611585360796 4.563204108645643 0.5439440026002285 0.0 3.875635352897007 0.0
355020 25.956301434432493 0.1673944889706972 0.1673944889706972 3.2293052891872254 0.5990861532500436 4.170889265560796 0.5364007219886091 0.0 1.2076351386518178 0.0
355204 25.37139729768852 0.1687419926656454 0.1687419926656454 2.9831766594547364 0.5416301430486755 5.383425527769444 0.4788280593821271 0.0 2.277965805032059 0.0
355399 26.55569882770164 0.1693552372084195 0.1693552372084195 3.507785275664067 0.6456655704642125 6.19484065864269 0.5670468059662656 0.0 2.2596471118734653 0.0
355597 25.82447567571726 0.1718756274905901 0.1718756274905901 4.352554804316154 0.578637764448078 5.981504131413355 0.5192876058434417 0.0 4.248607133409378 0.0
355622 25.394781600683498 0.1720096892441379 0.1720096892441379 2.146169882973098 0.5222254791280515 3.357231134068705 0.4643330090970578 0.0 2.277965805032059 0.0
355709 25.944831317506388 0.1726741681445089 0.1726741681445089 4.604698461253541 0.6103615154458709 5.037175505143614 0.5418587330811588 0.0 1.207635138651818 0.0
355719 25.396098869975965 0.1719299909294487 0.1719299909294487 2.288552072859164 0.4987970686564762 4.094845235337963 0.46135522619741504 0.0 2.277965805032059 0.0
355737 26.244839804744533 0.1725493292660231 0.1725493292660231 8.477194864981296 0.6461888505561988 9.834973142865039 0.5527228649534341 0.0 1.0570691010196405 0.0
356018 25.660134252673387 0.1752577015409918 0.1752577015409918 4.363406060180284 0.5893522709331338 5.365564701831301 0.5230288587700294 0.0 0.5927520630251486 0.0
356027 25.812228831461667 0.1752730378753994 0.1752730378753994 2.691428976665208 0.5886229079986595 5.4017240092244325 0.5285306482902717 0.0 4.248607133409378 0.0
356053 25.875172244322563 0.1753942454559473 0.1753942454559473 2.890725375853241 0.5820988791226551 5.361366608135731 0.5255291220316097 0.0 1.8350367548924136 0.0
356123 25.438979253152905 0.175725473283478 0.175725473283478 3.1447821500808 0.5620773518892664 4.950282150457872 0.5032225195052218 0.0 1.0563100197716244 0.0
356286 25.85335367985162 0.1772953438985834 0.1772953438985834 2.6053380548070577 0.5600517789415997 4.558373159149752 0.506983987764597 0.0 6.860984337307199 0.0
356373 26.09376887057784 0.1780785285662428 0.1780785285662428 3.131614371591317 0.5851331470992582 6.008264725421185 0.5499700259160831 0.0 1.6126737602782255 0.0
356383 25.3945969873019 0.1781974362488203 0.1781974362488203 2.9241811721962243 0.5022464162683945 3.849878794100635 0.4609294681120951 0.0 2.277965805032059 0.0
356388 25.776771761728668 0.1782220503549988 0.1782220503549988 2.5425097018240073 0.5929874672860561 3.6557867486446964 0.5222603799759161 0.0 0.7683863908056878 0.0
356475 25.85158867657257 0.1785201721147215 0.1785201721147215 3.735496964666632 0.5835737249138084 6.128655401576177 0.5092125801303277 0.0 6.860984337307199 0.0
356486 26.45236893404966 0.1788231082663016 0.1788231082663016 3.060907446744554 0.5901921464409953 5.624431823941721 0.5610600158472285 0.0 0.8406361051040417 0.0
356753 25.73311402453964 0.1810607489264462 0.1810607489264462 2.34807476827117 0.6188830797082127 4.714427545144377 0.5456753106553942 0.0 0.7683863908056878 0.0
356847 26.572937591002635 0.1815641652446777 0.1815641652446777 3.527122722216269 0.6697296141417729 6.777189673216605 0.6041911537344998 0.0 2.242824692362138 0.0
356906 25.372201764165005 0.1822419059602656 0.1822419059602656 2.5839806200970807 0.5169098129818065 2.9733947560670417 0.46160455721913324 0.0 2.277965805032059 0.0
356924 25.63726088994453 0.1824255693067751 0.1824255693067751 3.1654409325888335 0.6126277367664582 3.6118625645397717 0.5431936532255833 0.0 0.5927520630251485 0.0
356980 25.985614748166 0.1828425298030624 0.1828425298030624 2.6495913496801675 0.5738216097883203 5.347772376256489 0.5295590550608064 0.0 1.691811223077629 0.0
357143 26.11084937445504 0.1840587801251942 0.1840587801251942 2.716827031491142 0.6184180353947532 3.5231272968889 0.5537565766393245 0.0 1.6126737602782255 0.0
357272 25.92812836705133 0.1850676001777394 0.1850676001777394 2.1646350443535227 0.5858184105616893 4.281310048609177 0.5277998318199825 0.0 0.9405074588546674 0.0
357633 25.76253443622081 0.1880303388416109 0.1880303388416109 3.6851036165495374 0.586321102820407 5.376496175226174 0.5406512210373283 0.0 0.7683863908056878 0.0
357864 25.43546984166281 0.1898840440022471 0.1898840440022471 2.3409952814729302 0.5832699362392387 4.57885734298734 0.5207414616751008 0.0 1.0563100197716244 0.0
357877 25.84857568515997 0.1888612607262416 0.1888612607262416 7.962630307685493 0.6169065454274223 14.551009416467043 0.5444173890396764 0.0 6.860984337307199 0.0
357991 25.35016798186047 0.1904390617180429 0.1904390617180429 7.144538580308862 0.49831299801308576 7.672125674722275 0.4619739956448272 0.0 1.4058611746941032 0.0
358016 25.37405121562947 0.1906587674289142 0.1906587674289142 2.537938976452724 0.5251775135470186 4.432517776377974 0.46579713998321665 0.0 2.277965805032059 0.0
358294 25.83166016568883 0.192433462182824 0.192433462182824 6.969781071427285 0.5696364245396592 8.198351388794524 0.5277549975596219 0.0 4.248607133409378 0.0
358413 25.8769343378532 0.1941742568920663 0.1941742568920663 3.2505507670063816 0.6005664822408326 4.138764011519467 0.5318590320156926 0.0 4.074078075987842 0.0
358477 25.59036285833809 0.1940934646367033 0.1940934646367033 9.834580939656943 0.6153779651322256 10.601266878396045 0.5492256123811927 0.0 1.4707775932767786 0.0
358500 26.7901393178696 0.1946024458217236 0.1946024458217236 3.014278270848544 0.6832592200919809 4.352106461712548 0.6236778332211016 0.0 0.37377513435801063 0.0
358912 25.49403840705372 0.1982251744174397 0.1982251744174397 2.552580349694352 0.659152602494838 4.103252882376351 0.5509588518375803 0.0 1.9250227816971415 0.0
359042 26.600859418173187 0.1991624951045735 0.1991624951045735 3.9503464228529945 0.6473092999052725 6.9004986966176425 0.59468157791907 0.0 1.7663829311207073 0.0
359112 26.08187209535691 0.1996730893523279 0.1996730893523279 4.256085948653281 0.6083826155893362 6.99957829169198 0.5709279052173153 0.0 1.6126737602782255 0.0
359630 25.87698486020096 0.2033691382549306 0.2033691382549306 6.324827437387846 0.5947146185419948 8.53255204299834 0.5261966142938422 0.0 4.074078075987842 0.0
359641 25.817784418542765 0.2032721299047457 0.2032721299047457 6.3454123116091266 0.6193319806674343 8.521982642952501 0.54766391998132 0.0 3.25150764050983 0.0
359758 26.36084576211223 0.2048452644803008 0.2048452644803008 4.03928719159386 0.6345498296072235 5.498207672296672 0.5807119975263949 0.0 0.6593802576404224 0.0
359926 25.544139054255915 0.2062283721512799 0.2062283721512799 1.915822925763552 0.5402089061326263 3.8124066489170474 0.5259773873791669 0.0 1.1281531717396653 0.0
360416 25.36478110072534 0.2099313135286102 0.2099313135286102 3.5930483989585795 0.5009879410314627 4.421399472104918 0.44505233286476664 0.0 2.2779658050320593 0.0
360446 25.56745081456846 0.2064616248204296 0.2064616248204296 3.778040840698422 0.57385149979524 7.728302796937985 0.5321661634379734 0.0 7.17003335001932 0.0
360457 26.06127402732577 0.2089191558184664 0.2089191558184664 3.4167385070310186 0.6202989648630797 5.704944601551328 0.5605716159822836 0.0 4.347541231543808 1.0
360458 26.272331616608984 0.2097998469662358 0.2097998469662358 3.448467566301727 0.6264109770259337 6.923383225893607 0.5680314085570913 0.0 1.2963570448368398 0.0
360558 25.41515947015901 0.2108589198724244 0.2108589198724244 3.4263486444700595 0.5451392203570194 6.7268175705129485 0.5019189781926465 0.0 1.7211715694114722 0.0
360659 26.73423066107231 0.2113181397391974 0.2113181397391974 3.4826650850938985 0.6637452393082954 6.4732521447561995 0.6123054338033137 0.0 0.9907583255469721 0.0
360746 25.67846048347485 0.2122969429244199 0.2122969429244199 3.418371571144039 0.6116469134976646 3.907419485578894 0.5450618976273703 0.0 0.5927520630251486 0.0
360889 26.16048752361631 0.2135910732303505 0.2135910732303505 2.4768693574221876 0.6015860933032934 4.876991783336911 0.5589082417460904 0.0 0.9316989142826307 0.0
361057 25.78706768559121 0.2145309618714521 0.2145309618714521 4.345147442846512 0.6188887956833101 5.320478586751379 0.5479657851162695 0.0 0.7683863908056878 0.0
361060 25.903092390486545 0.2149913662599266 0.2149913662599266 1.9861545149728912 0.5808234011925527 3.1810157520409277 0.5442971915036436 0.0 0.9405074588546674 0.0
361096 25.90872195597052 0.213678002413364 0.213678002413364 11.354257122311719 0.6357523492021633 16.790409903434607 0.5625981709042124 0.0 0.9405074588546674 0.0
361118 25.969303825066675 0.2155282710189939 0.2155282710189939 2.1355741514906033 0.5543921417246723 3.940699975070984 0.5335976407674766 0.0 1.269578723546367 0.0
361442 26.39506497095206 0.2179539131685638 0.2179539131685638 3.351702562451521 0.630368297467806 6.081358862178016 0.5588837773306151 0.0 0.6593802576404224 0.0
361443 26.36482720490717 0.2181359772010465 0.2181359772010465 3.435890024025608 0.6067066993985888 5.96117124067147 0.5671051085311458 0.0 0.6593802576404224 0.0
361514 26.428519572336366 0.2186722718105943 0.2186722718105943 2.4254504352563493 0.6023839759505437 4.8942865799570034 0.5415297768250724 0.0 0.6593802576404224 0.0
361563 25.500283601382527 0.2179127369922404 0.2179127369922404 12.218799177831228 0.6158728687849715 17.56684092017811 0.5547549565588653 0.0 1.9250227816971415 0.0
361623 26.19118371391804 0.2196668118277481 0.2196668118277481 4.009352275298062 0.6214344773872353 5.694781182042299 0.5578104976716953 0.0 1.3412309859120053 0.0
361682 26.27475255823251 0.2200203676346123 0.2200203676346123 3.1164918863053543 0.6068610866509683 4.846661058550741 0.5554078989318942 0.0 1.2963570448368398 0.0
361925 25.38300229903881 0.2222422405072965 0.2222422405072965 2.1434724236467786 0.5160304536563707 4.131727916868676 0.4661418822252887 0.0 1.7899525745947904 0.0
362069 26.079226479757057 0.2227711932529029 0.2227711932529029 10.17087767922667 0.6419969477540421 11.901983194784355 0.57006434997906 0.0 4.048708243813473 0.0
362102 25.697032530039618 0.2236153261865996 0.2236153261865996 2.489901809066067 0.5702980961903629 4.431858911041198 0.5450484293228507 0.0 1.1961860451920525 0.0
362117 25.510726653010003 0.2236779174480282 0.2236779174480282 3.9170271765763878 0.5884562220242342 4.8400860537516195 0.5165062335720415 0.0 1.9250227816971415 0.0
362126 25.557862601193577 0.2234417335506658 0.2234417335506658 2.6557183981559267 0.6083645034315291 5.179181522451725 0.5410868936489198 0.0 5.100921401041355 0.0
362157 25.69435794445344 0.2240557641559021 0.2240557641559021 3.06677298349489 0.5864722568364036 5.584869130075723 0.5450001829203317 0.0 1.1961860451920525 0.0
362263 25.51189086437825 0.2247807964948187 0.2247807964948187 1.8195628545727487 0.5962278831594651 3.409127884896801 0.5177805978501604 0.0 1.9250227816971415 0.0
362335 26.41971152057572 0.2252207702028437 0.2252207702028437 2.518948280799864 0.6157709974040958 5.118640463555538 0.5663298955847729 0.0 0.6593802576404224 0.0
362476 26.15095570554376 0.226471641910326 0.226471641910326 2.0525078039456948 0.5919227368129003 4.027347526761239 0.5488016569370132 0.0 1.290871357719304 0.0
362677 25.82390377596506 0.228289615200367 0.228289615200367 3.2663571614649616 0.5496861525520398 4.54476218845992 0.5130574205424412 0.0 3.303574584745046 0.0
362755 26.216764551030387 0.2288669257160484 0.2288669257160484 4.110521775254402 0.6903741736117994 5.870469549056706 0.5832303773314351 0.0 1.3412309859120053 0.0
362779 26.742219520820328 0.2283615810960981 0.2283615810960981 8.16961023296586 0.6560598343328556 8.793492073660008 0.6065942417626105 0.0 7.990435347628455 0.0
362854 26.54990804635307 0.2296241692739545 0.2296241692739545 2.816463900197991 0.6119153007288126 5.519778204941447 0.5593259652023279 0.0 0.9157571817352188 0.0
362890 25.53942583294944 0.2294433821105379 0.2294433821105379 12.29702105607169 0.5567275193580096 14.140027838094259 0.5409959117753679 0.0 1.5030463508365561 0.0
362903 25.861053348062896 0.2300195993035741 0.2300195993035741 3.716807567604364 0.6152437835180968 6.471213872666859 0.5237326356232144 0.0 1.81202443910064 0.0
363024 25.64927218974903 0.2309337045488476 0.2309337045488476 5.000633394028333 0.6230587780354427 5.918661872341508 0.5510501942393604 0.0 1.1961860451920525 0.0
363056 26.397909085112417 0.2306614037749074 0.2306614037749074 4.45724344605858 0.6050308859934395 7.865198841653705 0.5628068781202334 0.0 0.6593802576404224 0.0
363244 25.613669422077468 0.2329792675621179 0.2329792675621179 2.9891058551893415 0.5583379707607669 3.8874594840328847 0.5075037149573585 0.0 1.1961860451920525 0.0
363245 25.608022908181475 0.232980515389089 0.232980515389089 2.4592883271410337 0.5684601463653346 4.329193991498909 0.5109535838196266 0.0 1.1961860451920525 0.0
363305 25.84804650314862 0.2328452614994998 0.2328452614994998 3.7529773045640926 0.6140933273721751 5.097062205305876 0.5381950194756199 0.0 3.3035745847450464 0.0
363322 26.06991292482543 0.2329473444422314 0.2329473444422314 7.01675295515608 0.6751345939770114 9.090526645393842 0.5715531512968243 0.0 4.246303594457318 1.0
363374 25.8820537294607 0.2338542593970432 0.2338542593970432 3.9985832971259785 0.5796284102390404 5.340573142582501 0.5175156482305624 0.0 1.8120244391006401 0.0
363380 25.50088985363828 0.2341263434159582 0.2341263434159582 2.223664137993293 0.550062662557298 3.8206350619220584 0.5085455385283801 0.0 1.9250227816971415 0.0
363403 26.763108179069192 0.2336266804115946 0.2336266804115946 6.8231021704992685 0.6730530002262444 8.827370138690105 0.6063980113984818 0.0 0.3737751343580107 0.0
363450 26.36573552757335 0.2344017160856123 0.2344017160856123 2.7704297246383582 0.6082950889263455 4.605656693779686 0.5687430140232284 0.0 0.6593802576404224 0.0
363812 26.048104802310057 0.2367175585712584 0.2367175585712584 6.23981642633281 0.618391097985692 8.08704988678903 0.5852430905446081 0.0 6.576748822697125 1.0
363913 25.72193660460097 0.2383075284449936 0.2383075284449936 3.402225134186359 0.5745910396020882 4.619572439582307 0.5475131032979186 0.0 1.1100201374053695 0.0
363920 26.256293581316697 0.2382477091064169 0.2382477091064169 4.862103512639105 0.6341294811885161 5.474922956687563 0.5797870494813046 0.0 1.9734038614092886 0.0
364006 26.059439176761003 0.2387633460211638 0.2387633460211638 3.6950070694541197 0.6437254637599461 4.581930717371451 0.5572419961600809 0.0 5.100623975589979 1.0
364041 25.482811610689915 0.2385329373686621 0.2385329373686621 10.761857997100451 0.6305523413820694 12.933269040740237 0.5519661677067736 0.0 1.4486615330039812 0.0
364101 25.550251582137665 0.2398092005975575 0.2398092005975575 2.8172609251021616 0.571585663312459 4.696505558167546 0.5144254320277981 0.0 1.5030463508365561 0.0
364108 25.928427386107952 0.2398292932987394 0.2398292932987394 5.230242234070972 0.6025799002314245 6.158539071359557 0.5229382503007136 0.0 0.9405074588546674 0.0
364156 26.595734071809424 0.2400029653393226 0.2400029653393226 3.5962556838273967 0.6828440167297405 5.683706656196936 0.5902684806394967 0.0 1.7663829311207073 0.0
364332 26.364977204619382 0.2416105468249955 0.2416105468249955 2.4748573523894626 0.6238318247631435 4.885645490890949 0.5715766886397132 0.0 1.711228285243647 0.0
364348 25.999305307358625 0.2411701264195537 0.2411701264195537 11.598257090377688 0.6326353721927438 17.839914013314733 0.5770332833713671 0.0 1.269578723546367 0.0
364535 26.23048206785769 0.2418740773332197 0.2418740773332197 7.193021000057168 0.6538386971851511 10.397236228533286 0.5556532383910875 0.0 1.3412309859120053 0.0
364546 26.269991093718748 0.2427114031776616 0.2427114031776616 10.814863758510068 0.7361341361945515 13.873845984516793 0.6151219318249332 0.0 1.9734038614092884 0.0
364557 25.395105363849986 0.2435681356142882 0.2435681356142882 2.8348280492945186 0.5186985951539667 5.466210277016223 0.4754359136643726 0.0 1.7211715694114722 0.0
364575 26.038375234198543 0.2434180674152135 0.2434180674152135 7.037713680055112 0.7297820829099857 9.503437822347221 0.5873778683149949 0.0 4.393867452418044 1.0
364833 25.45953595271129 0.2442898847421964 0.2442898847421964 6.025225389629917 0.6099968795482805 11.617011382521008 0.5313080805031797 0.0 1.9811330424068663 0.0
364868 26.13239913238812 0.245900008966918 0.245900008966918 2.9306568385925083 0.5912181097472367 5.503999687040501 0.5619320950028758 0.0 1.290871357719304 0.0
364945 26.72136184532985 0.2463385065721675 0.2463385065721675 4.649815993793336 0.7493713716810609 6.889424042012197 0.6180857313797308 0.0 2.0104638128657326 0.0
365120 25.62442507519868 0.2427242728128265 0.2427242728128265 8.412069947185516 0.6646500442197891 13.080646542366164 0.5702159778509746 0.0 1.1961860451920525 0.0
365202 26.77129646144865 0.2481831224004662 0.2481831224004662 6.968425433785755 0.6587751152875215 8.243844900772151 0.6062546370477883 0.0 0.0 0.0
365502 25.59931543695123 0.2500766760681572 0.2500766760681572 6.234422280240659 0.6348842743341863 10.692380087231118 0.554183004277068 0.0 1.0517449773342613 0.0
365605 25.869834007872644 0.2517872604838378 0.2517872604838378 2.6549144202073576 0.5879933301541417 5.471636741888817 0.5329625059137122 0.0 1.8120244391006401 0.0
365907 26.621860635306746 0.2539740037002963 0.2539740037002963 2.94853890994409 0.6545651045900838 5.594002082652914 0.5899946594502868 0.0 1.1381773971203923 0.0
365990 26.70928577637689 0.2546096764504061 0.2546096764504061 1.9263227953654078 0.6705432657305772 3.848775964003023 0.6139198277045236 0.0 2.0104638128657326 0.0
366295 25.4042252009699 0.2572378095683323 0.2572378095683323 4.413815632067642 0.5416507557030134 6.034373407136637 0.5052824104122378 0.0 0.639514067105243 0.0
366380 26.42549634096903 0.2582908485251588 0.2582908485251588 1.5391008641621602 0.23687319107261823 3.106025623084757 0.21660319624771648 0.0 0.6593802576404224 0.0
366726 26.672016774723883 0.2609861736975019 0.2609861736975019 4.157950164975967 0.6321501153483399 5.781893686386668 0.5897840079570359 0.0 1.1381773971203923 0.0
366733 26.254914599228623 0.2612838483259783 0.2612838483259783 3.1822251954859797 0.6503146827610814 6.411989900643816 0.594138545151566 0.0 1.9734038614092884 0.0
366742 26.05844269484368 0.2614680993861507 0.2614680993861507 3.3974862996527353 0.6543986605751058 4.9531873641756095 0.5871045106620784 0.0 6.512555336260865 1.0
367267 25.364170247152995 0.2661457649489614 0.2661457649489614 3.18379211554516 0.5164259122544343 3.985234353201897 0.44735676491847093 0.0 1.1833297363047381 0.0
367349 26.43691740507 0.266742134021197 0.266742134021197 2.419654557710077 0.6301508330231763 4.72802357966476 0.5644581360327623 0.0 0.6593802576404224 0.0
367398 26.13292167465923 0.2668727570256244 0.2668727570256244 5.9280511862408645 0.6368961882962083 8.308705731640877 0.5710893574834444 0.0 1.290871357719304 0.0
367408 26.650659714325737 0.2670467061246172 0.2670467061246172 4.44190966547896 0.6509742912988592 7.796000598681282 0.6024860226038926 0.0 1.1381773971203923 0.0
367540 25.744217107345698 0.2685543042653129 0.2685543042653129 2.804623766908331 0.6048558106462557 5.710366688581154 0.5637939786566392 0.0 1.1100201374053695 0.0
367619 25.81238584127594 0.2669274174020319 0.2669274174020319 7.694173778509144 0.5869607453024775 12.41454875181566 0.5417771893215771 0.0 0.9483145640217895 0.0
367763 26.001894804738217 0.2700646300395842 0.2700646300395842 2.974135512815619 0.625666641117931 5.990088952323817 0.5683462269562346 0.0 2.749485190945695 0.0
367855 26.32555215737456 0.271005281154231 0.271005281154231 2.5449688906196055 0.5975677377152163 4.693435016505227 0.5624630887027641 0.0 3.0391753735235265 0.0
367916 26.351536371080226 0.2714032300173411 0.2714032300173411 6.232147347121615 0.6474344661933399 8.551190064788111 0.5981691477331863 0.0 1.7112282852436467 0.0
368069 26.846294130941565 0.2725867787674168 0.2725867787674168 2.480572368604585 0.674211684842168 4.993701337523353 0.6247764271120342 0.0 0.7815726129595846 0.0
368236 26.52745388323219 0.2741340928448309 0.2741340928448309 3.511152866834289 0.6616096432949022 6.524214741193382 0.591029504224894 0.0 0.9157571817352186 0.0
368306 25.886426195698345 0.2747672658641386 0.2747672658641386 2.155331742188575 0.5849568754527753 4.24102320804511 0.5350967042637325 0.0 1.81202443910064 0.0
368381 26.323383410179336 0.2753993708032694 0.2753993708032694 3.363162080940418 0.6376670907169264 6.770369251702242 0.5641590778675883 0.0 4.6334584473420195 0.0
368604 26.55458125729363 0.2771773571796927 0.2771773571796927 2.405045953909178 0.6216482347231064 4.549839198471462 0.5708011666691448 0.0 0.9157571817352186 0.0
368675 26.77584654893556 0.27611216472625 0.27611216472625 30.68105701841922 0.6939651425170531 36.791846443653995 0.6235272225538305 0.0 0.7815726129595846 0.0
368699 26.095407546484005 0.2780077003602019 0.2780077003602019 4.550406901670572 0.658539344200799 5.521692609832434 0.5749449879903834 0.0 1.7921880330702025 0.0
368740 26.580608789126988 0.2782894644866407 0.2782894644866407 3.021734380885022 0.6500488580278626 5.896919444987997 0.6035418295197597 0.0 0.9157571817352186 0.0
368875 26.343345931620306 0.2795373172927318 0.2795373172927318 3.3122350222857153 0.6076382843130257 6.72388660477892 0.5763591470889317 0.0 9.202807008291048 0.0
369117 26.74352343209805 0.28156137095044 0.28156137095044 3.410045429237208 0.6417119044088524 6.035692554171083 0.5894040755847039 0.0 1.6256356368942144 0.0
369130 26.664545395837777 0.2815472439492249 0.2815472439492249 4.738480572159494 0.6770963519384416 6.0253147491264425 0.6126096938757781 0.0 1.1381773971203923 0.0
369232 26.087280266699253 0.2827925199414346 0.2827925199414346 2.5675746543192326 0.6775833067620223 4.186007244243908 0.5836554787403395 0.0 1.7921880330702025 0.0
369238 25.55679686294375 0.2830204182595461 0.2830204182595461 3.560485489400405 0.5922002162340751 4.786815690374623 0.5206661627794693 0.0 1.0517449773342613 0.0
369302 26.47143237124683 0.2833558266658927 0.2833558266658927 2.778834538954954 0.6008668458294778 5.112762050797056 0.5583630329332101 0.0 2.059774259566914 0.0
369350 26.311094691631347 0.2838681172210164 0.2838681172210164 2.8226379461034794 0.6415088689087545 5.747756041032369 0.5794391011132044 0.0 4.6334584473420195 0.0
369428 26.834661147937258 0.28425723712315 0.28425723712315 3.3184725469113583 0.6288999946180654 4.71457613427837 0.5967969644211905 0.0 0.7815726129595846 0.0
369440 25.42196589652647 0.28388043432692 0.28388043432692 3.4914024867008786 0.5716024574420157 6.268522971451581 0.5055503601417335 0.0 0.6395140671052431 0.0
369453 26.048010176364297 0.2847219458927245 0.2847219458927245 5.205491069894238 0.6482936543142613 6.033308818783215 0.5948244243534296 0.0 4.309421473459411 1.0
369485 26.186402632944056 0.2840749004527741 0.2840749004527741 6.89415533120505 0.6681523715013284 10.262080633838517 0.5811036470661388 0.0 1.9680328896609032 0.0
369502 26.367825316723504 0.2849109711233393 0.2849109711233393 2.348238164814529 0.6354075651726209 4.5211183609836505 0.593875011892864 0.0 1.7112282852436471 0.0
369690 26.020899293440696 0.2865550710996122 0.2865550710996122 3.161987458444285 0.6479009738214152 5.560676655892398 0.5779469005292898 0.0 4.442923344567681 1.0
369718 25.84530899604868 0.2868222177569585 0.2868222177569585 2.5169195369565514 0.5981002793661856 4.9185518035863485 0.5331414180468858 0.0 0.9483145640217896 0.0
369891 26.50295339260709 0.2882348903628543 0.2882348903628543 3.4071382841182483 0.6725135952171357 5.188451862035823 0.5495286363568753 0.0 2.059774259566914 0.0
369911 26.032621949553352 0.2868617380276348 0.2868617380276348 5.431250756062035 0.694199456979917 8.420613693629997 0.5994487396706122 0.0 4.309421473459411 1.0
369954 26.0106952501471 0.2886069615892075 0.2886069615892075 3.545759842685468 0.6197299637534943 6.485761186668988 0.5665435343119134 0.0 5.226554830067787 1.0
369964 25.813923736166792 0.2890510825973016 0.2890510825973016 2.771191726800375 0.5951744125484317 4.062472504420089 0.5258259140193501 0.0 0.9483145640217896 0.0
370065 25.425342596915435 0.2899812316785545 0.2899812316785545 2.2560652605091263 0.516522407386495 4.014823033638676 0.4891613263145956 0.0 0.639514067105243 0.0
370087 25.767281872062583 0.2900147849506339 0.2900147849506339 3.187765613030657 0.5995265847023398 6.50192315209249 0.5402854651499638 0.0 1.1100201374053695 0.0
370092 26.464396786519064 0.2897401539139853 0.2897401539139853 3.8604080210010614 0.6322060635589039 5.609082463392244 0.5649540168584394 0.0 1.560920251929526 0.0
370107 25.38651327603529 0.2900840352689378 0.2900840352689378 3.557346382994714 0.540108934415924 5.106902437010467 0.47379580637489727 0.0 0.639514067105243 0.0
370170 26.74246567834144 0.2898056930116743 0.2898056930116743 7.97552299026096 0.6559982809103904 9.450337164757576 0.5945970082975741 0.0 1.6256356368942144 0.0
370378 26.75174532413171 0.2914392124242632 0.2914392124242632 9.015987563002987 0.6774823049028333 12.427015946701978 0.5956633606641119 0.0 6.604216030583093 0.0
370416 25.462625326878808 0.2924890824752774 0.2924890824752774 3.5212435368972983 0.6472323379447545 6.350895302157478 0.5360861611096287 0.0 0.639514067105243 0.0
370558 26.10747881171048 0.293267113290426 0.293267113290426 5.143857095426711 0.6213236809453413 5.680200519179075 0.5836414310154535 0.0 1.7921880330702022 0.0
370689 26.520182906814988 0.2944535646942784 0.2944535646942784 3.6919275145861 0.6484788798673303 6.498332033420873 0.5743482493929071 0.0 3.400896470087911 0.0
370838 26.50308441316806 0.2960592413686185 0.2960592413686185 3.5895019600352245 0.623039885744636 5.073013942413774 0.5548159244574316 0.0 2.059774259566914 0.0
371005 26.491712605423967 0.2973653496430323 0.2973653496430323 3.381249910902155 0.6067291725602917 4.5244690845832025 0.5530204810056959 0.0 2.059774259566914 0.0
371077 26.06484281800273 0.2983928561193868 0.2983928561193868 2.5779323727911683 0.6272832979784679 4.704136910674877 0.570064877895394 0.0 2.6524367199365146 0.0
371140 26.025607751514706 0.2984014102403709 0.2984014102403709 5.433096918109853 0.6769584767937644 10.136866605032436 0.5975748427012495 0.0 5.2085607214456155 1.0
371149 25.89950522238484 0.2989453130564691 0.2989453130564691 2.8113151708210817 0.6003945726866255 4.599909873824445 0.5502672299360842 0.0 0.8351962538638118 0.0
371272 25.999725782756457 0.2999511934146234 0.2999511934146234 2.894832436171226 0.6265018469579018 5.820962842860469 0.5707967888263755 0.0 5.226554830067787 0.0
371431 25.66585947812725 0.3011840881320385 0.3011840881320385 3.050847485960969 0.5916858359636318 4.570149298678931 0.5341822630412885 0.0 1.349027487815241 0.0
371609 25.38625131728478 0.302678986791552 0.302678986791552 2.7515243969195 0.49803127794166896 4.9966553513119605 0.4603998263930621 0.0 0.6395140671052431 0.0
371685 25.55359605671114 0.3035113511662202 0.3035113511662202 2.476606429335869 0.5612953332047066 4.730450964720241 0.5287481884478802 0.0 1.0517449773342613 0.0
371850 26.28844463112689 0.3044500305790327 0.3044500305790327 4.841535441608452 0.633572494406226 6.146036724971003 0.560401768558844 0.0 1.7515358720005318 0.0
372011 26.28560248829664 0.3058012185439611 0.3058012185439611 2.895097295658767 0.6276315265769646 5.7986359734972615 0.5533595578041841 0.0 1.7515358720005318 0.0
372064 25.912583894380816 0.3066148248809174 0.3066148248809174 2.5806610564372394 0.5973588203357449 5.256420832510651 0.525884280964271 0.0 0.8351962538638118 0.0
372070 25.582036565505184 0.3067527276586305 0.3067527276586305 2.6274009660032953 0.5792538606584091 4.731670580211728 0.5314174493163626 0.0 1.0517449773342613 0.0
372224 25.73287562735337 0.3079588671324499 0.3079588671324499 3.240178434265202 0.5949239465226095 6.623378674121068 0.5517465802638702 0.0 1.155903924599603 0.0
372366 26.201146062032247 0.3075445861948129 0.3075445861948129 12.768330209125617 0.652247682002752 15.861377588560785 0.5905955183703695 0.0 2.155262042526247 0.0
372527 26.33957548997512 0.3102935890621519 0.3102935890621519 5.578388892696549 0.731650311200757 7.334784562131913 0.5904012065314544 0.0 2.896155757177307 0.0
372571 26.47958593195701 0.3090874755866595 0.3090874755866595 44.4554511624662 0.6657083416831627 55.78010338057088 0.6140705027518355 0.0 1.560920251929526 0.0
372638 26.70533217175555 0.3110073382841222 0.3110073382841222 2.228529402050891 0.6720169218385743 4.603669925722925 0.575199688307498 0.0 1.6256356368942144 0.0
372883 26.04739480480118 0.3133026935066904 0.3133026935066904 4.963562078978296 0.7452442078865901 7.086097855861274 0.5688165875337685 0.0 2.652436719936515 0.0
372909 26.613642127570216 0.3132876716860951 0.3132876716860951 2.3238248670915183 0.6077756824398582 4.520477522058278 0.5594176810083441 0.0 1.0656586281749774 0.0
372929 25.852284937829776 0.3136790574350008 0.3136790574350008 2.296751772366011 0.5952932762726928 3.846130845649812 0.52595918070365 0.0 0.9483145640217895 0.0
373196 26.04516228353168 0.3157152296710047 0.3157152296710047 4.444519632329935 0.6093276462920385 5.672190612032284 0.5578776074261467 0.0 2.652436719936515 0.0
373205 25.664584499560355 0.3157771120255946 0.3157771120255946 6.160534208821612 0.6089690665203985 7.1477417448550735 0.5453321135342997 0.0 0.9284351801164183 0.0
373213 26.20649593128304 0.3157599356397088 0.3157599356397088 4.350932762066106 0.645101677632591 4.752712681482235 0.584096031359018 0.0 2.1552620425262465 0.0
373250 26.220296016309167 0.3160854254076459 0.3160854254076459 2.8900045769172884 0.5986636439251263 4.558768710119963 0.5695141710270357 0.0 1.5515603387082448 0.0
373352 26.62158908689981 0.3167349256358735 0.3167349256358735 2.4998733760537375 0.6223158139631437 4.4824017496128565 0.5631069019860181 0.0 1.0656586281749774 0.0
373424 25.809466834557004 0.3176306410844582 0.3176306410844582 3.277207644768604 0.5613565278102552 5.471099039788686 0.5222145285109121 0.0 1.0264673911871827 0.0
373502 25.811318162661603 0.3184714554671111 0.3184714554671111 4.384898873239897 0.569883719879049 5.485809879094255 0.5215373019865219 0.0 0.9483145640217896 0.0
373571 25.864078927530016 0.3189461473499957 0.3189461473499957 1.9721243014578616 0.5415913234510735 3.888939194888898 0.5128680402146457 0.0 1.021492563627523 0.0
373637 26.08415132662078 0.3194223531865175 0.3194223531865175 2.9109619540542027 0.6036420369245649 5.721214467923085 0.5687193736722743 0.0 1.8574131215285175 0.0
373689 26.29394857484705 0.3187769502700812 0.3187769502700812 15.127066698421027 0.6583536990529371 18.166962044994047 0.5765879022496343 0.0 1.7515358720005323 0.0
374241 25.96491264781216 0.3240563607041111 0.3240563607041111 7.715912214300131 0.6723102322897119 8.588601306453173 0.5865905776729821 0.0 0.8351962538638119 0.0
374304 26.64061383405344 0.324573706558973 0.324573706558973 2.6727430561251384 0.5863809102065767 5.160434955913294 0.5487252893327057 0.0 1.0656586281749774 0.0
374460 26.772727908649507 0.3248264657451334 0.3248264657451334 8.404052443193923 0.6439369595570081 12.311920528896584 0.5648456523738917 0.0 1.280400007283436 0.0
374554 26.241296898425365 0.3261375121247614 0.3261375121247614 6.788913664912798 0.6759784569111879 10.700325871857348 0.5763569839195634 0.0 0.9583939288119523 0.0
374586 25.63824662609603 0.3272682467148218 0.3272682467148218 3.2238166331952907 0.6735277463792955 4.94112241578374 0.5354640310240907 0.0 0.9284351801164181 0.0
374765 26.794382166639267 0.3281564288309964 0.3281564288309964 3.1541149383044003 0.611299719312687 6.206478767364556 0.5594544677636142 0.0 1.280400007283436 0.0
374770 26.46610196196236 0.3285102286630841 0.3285102286630841 2.3306022827386776 0.604161846156826 4.37564019931918 0.5227215857116589 0.0 4.6359759039889346 0.0
374860 25.81713886194912 0.3295183436752772 0.3295183436752772 2.9613383058405462 0.545479988781389 4.04949168556887 0.5103526605195032 0.0 0.9483145640217896 0.0
375165 26.77525982659936 0.3317331034395137 0.3317331034395137 3.041374542388711 0.6102677032326583 5.575241223745442 0.5504293903826613 0.0 1.280400007283436 0.0
375321 26.22162785609749 0.3331324097477524 0.3331324097477524 2.229858978651936 0.6251791739532078 4.444676977149466 0.5554265691437044 0.0 0.9583939288119523 0.0
375324 25.71412426386945 0.3332961247650178 0.3332961247650178 3.087074971817228 0.5949859645184408 4.3858368389292215 0.5160939695432575 0.0 1.1559039245996026 0.0
375345 26.465805054461555 0.3332089482537362 0.3332089482537362 4.269678892931709 0.5661455710304322 5.452122250224623 0.4989208512001347 0.0 4.635975903988935 1.0
375498 25.35023336080009 0.3346816496010772 0.3346816496010772 1.9595540985063846 0.4575057434999467 3.7984018011380636 0.42571075311394985 0.0 1.9169885169909344 0.0
376255 26.088269857409387 0.3407778437241732 0.3407778437241732 1.9841320803735694 0.5953084344391216 3.6799843732312802 0.5523509543341764 0.0 1.8574131215285172 0.0
376511 25.87629964757256 0.3431615576434731 0.3431615576434731 2.055297906150617 0.5707156802442566 4.11818583282242 0.5070866353015283 0.0 1.021492563627523 0.0
376559 26.56849441518986 0.3421321748522605 0.3421321748522605 4.033037898296771 0.600186479692121 5.36754245668236 0.5479693775225418 0.0 2.184526114053872 1.0
376613 26.35132459198981 0.3438523074777809 0.3438523074777809 3.028649441059251 0.5808866799529293 4.5291609731911295 0.5302377494501251 0.0 2.660692330653624 0.0
376785 26.47796682453496 0.3450525257419934 0.3450525257419934 3.8223983024774237 0.5863011542026226 4.966290505104205 0.5198530171131014 0.0 6.162120309524804 1.0
376809 25.15527245906206 0.3458990174299211 0.3458990174299211 1.6983022109274455 0.4387364612671008 3.438555228951525 0.39800496997622636 0.0 1.3525159296759908 0.0
376820 26.53173522374988 0.3453476511709028 0.3453476511709028 3.6852937951898377 0.6457720225386213 7.137871769571668 0.5375735975705298 0.0 3.334143698618492 1.0
376856 26.476882942839765 0.3457491623459653 0.3457491623459653 5.671449881035723 0.5861169280590309 6.10234379397236 0.5181964929132413 0.0 8.385003100486282 1.0
377077 26.06622085755765 0.3470934820424175 0.3470934820424175 5.019654399804366 0.6246299277066613 5.7969122622869005 0.5713882353845042 0.0 1.8574131215285175 0.0
377144 26.32755243048292 0.3472572683246829 0.3472572683246829 13.826946026169496 0.6179677815824762 20.19202206237722 0.5628639574643398 0.0 3.407298231772848 0.0
377160 26.67387602726825 0.3480700405210025 0.3480700405210025 3.673702941417863 0.5980070797515834 4.529416561952806 0.5694236913178014 0.0 1.1486019723847904 0.0
377289 26.478719961460868 0.3482435616625131 0.3482435616625131 9.957420503801018 0.604263147933651 16.73892260966552 0.5303759476455445 0.0 13.92542898336123 1.0
377310 25.71412426386947 0.3497695843572999 0.3497695843572999 2.2676492384927514 0.5971382900078772 3.7520262826025093 0.5433260443413294 0.0 0.8426553970235472 0.0
377325 26.65460437951342 0.3495511167209077 0.3495511167209077 2.8525423462599724 0.6110018387932963 5.577474953638422 0.570102823491397 0.0 1.1486019723847904 0.0
377879 26.546473266327418 0.3541347485608667 0.3541347485608667 5.182700664237814 0.6171179882073592 6.005630680434979 0.5514400282619559 0.0 10.258206302124943 1.0
377910 25.52089763501121 0.3550389107164857 0.3550389107164857 3.627211925089248 0.5663784087826644 4.569480776336047 0.5262817762117128 0.0 0.6034146121519454 0.0
378261 25.87074330019824 0.3578613757066327 0.3578613757066327 3.4030416533668606 0.6563419403631676 5.291785046400833 0.5221176236736135 0.0 1.021492563627523 0.0
378324 25.88010132284136 0.3584249309329487 0.3584249309329487 2.630503311405732 0.5848939126102519 5.1751831356424844 0.5246088737294924 0.0 1.021492563627523 0.0
378510 26.47155587479993 0.3583195528743249 0.3583195528743249 8.255840833760365 0.6090813370974555 11.185371021640194 0.539028882639093 0.0 3.8617834987877746 1.0
378684 25.9968019539224 0.3616456221509129 0.3616456221509129 2.4897525761316674 0.577560563894718 4.644803621342683 0.549398356906465 0.0 0.9407873961985111 0.0
378726 26.58609403757163 0.3617956333697505 0.3617956333697505 2.761339520408208 0.5961419243135627 5.590032023061592 0.5596773257125864 0.0 3.8756667823845525 0.0
379128 26.55934301675427 0.3646603486239939 0.3646603486239939 3.1218301505221566 0.6533031222921396 4.719887230117987 0.5508295767158053 0.0 5.80327722916452 1.0
379155 25.94901533593072 0.3654818452815376 0.3654818452815376 2.915258806732244 0.6385537582030532 5.014012854091718 0.5823349797250374 0.0 1.7638998086263713 0.0
379404 26.56051339099231 0.36739540247786 0.36739540247786 2.9413040097275416 0.6305340376261639 4.270569655175175 0.5483688943032624 0.0 5.803277229164519 1.0
379567 26.62742977475904 0.3686374401699698 0.3686374401699698 4.196463592938234 0.6266125213097206 5.509707750211225 0.5623055249910947 0.0 1.5218975081670234 0.0
379746 26.101399554940457 0.3704368399282239 0.3704368399282239 2.14285064121346 0.6282280908147723 4.384296868355089 0.5833228270699157 0.0 1.8574131215285177 0.0
379889 25.88745431907363 0.3716635161572052 0.3716635161572052 2.2551087018640406 0.5804522392152753 4.503436640318803 0.529091578709097 0.0 1.021492563627523 0.0
379947 26.486703516587937 0.3718467010217263 0.3718467010217263 4.768954349396155 0.6282090558581178 7.055934776701149 0.5412308989240125 0.0 7.31496609591435 1.0
379987 25.353086445988257 0.3725795269351803 0.3725795269351803 4.598969023909297 0.5101693597360736 6.773532758143366 0.43623606570789986 0.0 1.7667706195869395 0.0
379991 25.863506237707018 0.3726139856733331 0.3726139856733331 2.492542549576509 0.5537883122542052 4.770805404327068 0.5278452583767177 0.0 1.021492563627523 0.0
380007 26.061032775318026 0.3726734984468753 0.3726734984468753 2.6536752331834905 0.6458672163333619 5.375273211972569 0.5950388356410589 0.0 0.9400659600877982 0.0
380052 26.38018322955117 0.372443977111372 0.372443977111372 5.824366873133742 0.6678699930609077 8.736492560804082 0.5481084899145396 0.0 2.0338648537603494 0.0
380141 26.80823122844337 0.3734429731510173 0.3734429731510173 3.392199410708432 0.6925760564271299 6.23827310799656 0.5780220577888316 0.0 0.0 0.0
380153 26.8289484869279 0.3721695076921621 0.3721695076921621 4.468985077885932 0.6277385423178833 7.896483678643414 0.5799534332585532 0.0 0.0 0.0
380260 25.94790231602624 0.3740177775483622 0.3740177775483622 4.212879730762516 0.66564084671004 8.229098008643776 0.5860547297180231 0.0 1.763899808626371 0.0
380266 26.406983103178163 0.3749462234866925 0.3749462234866925 2.261531383486807 0.6494674458448093 4.432305193483502 0.5450011872489671 0.0 1.7791460200353484 0.0
380304 25.80473110063863 0.3754930953063354 0.3754930953063354 3.2508639759045073 0.6197854769358847 5.716345662963247 0.5561881850254762 0.0 0.8340222242493042 0.0
380306 25.70119905562758 0.3755235823518281 0.3755235823518281 4.850713395834109 0.597407368439979 5.680957628457996 0.5315452823252254 0.0 0.8426553970235471 0.0
380323 26.045918230611303 0.3742935986613977 0.3742935986613977 10.153844523092083 0.652153505219021 14.193612633590154 0.5837872646837029 0.0 0.9400659600877982 0.0
380351 25.926558996068167 0.37582151451331 0.37582151451331 4.079037875178772 0.5948429536588044 4.529545965834663 0.5221325598430615 0.0 1.763899808626371 0.0
380527 26.55204515295689 0.3770874520618048 0.3770874520618048 4.122974420251516 0.5823472690445972 5.316752785034565 0.5307974308961603 0.0 4.542527868217965 1.0
380591 25.74700392586384 0.3773224540916002 0.3773224540916002 8.42214374967786 0.6533289925937942 10.37044305822485 0.5537195066118754 0.0 0.8426553970235471 0.0
380750 26.4134791756497 0.3788699516259852 0.3788699516259852 4.512072707741681 0.6373307251074434 6.640900861044999 0.5390345867107011 0.0 1.7791460200353484 0.0
380812 26.77947393586138 0.3794071362741945 0.3794071362741945 3.154212795966302 0.6598181937565786 4.9219689673879286 0.600135803465225 0.0 0.9327171914802368 0.0
380952 26.342459618657948 0.3804732576770897 0.3804732576770897 7.2660741911081 0.6506339738051123 9.08545942114849 0.5813290415887157 0.0 2.8020433103005034 0.0
381027 25.476207385627376 0.457921749037638 0.457921749037638 2.665682239538709 0.6111810079199438 4.021325031471616 0.5553142130966318 0.0 2.484999531758537 0.0
381210 25.795830870873864 0.4560854242179842 0.4560854242179842 4.827332367684077 0.6625290790846416 6.686317889534246 0.5913154031097437 0.0 1.1406113209000748 0.0
381357 26.60677757516805 0.4536975428998652 0.4536975428998652 2.5223863037346392 0.6361498670261222 4.592331055430346 0.5771073204182002 0.0 1.3139283227294212 0.0
381473 26.65440845718517 0.4543720515033394 0.4543720515033394 4.484326841590603 0.6552645100892287 6.187415966066085 0.6002560911333148 0.0 1.7950011942187212 0.0
381499 25.85335357036682 0.4534875316090199 0.4534875316090199 3.7135232327028067 0.6202534409263786 4.654986226103848 0.547624738288535 0.0 1.0777550776341769 0.0
381583 25.57189044186355 0.453177202428818 0.453177202428818 2.765282411622345 0.5752099985538474 5.349520423122243 0.5427784019629097 0.0 6.944027197153335 0.0
381617 26.228058384117688 0.4522551012045897 0.4522551012045897 3.4430974983448075 0.6351171943087648 5.2647375749315355 0.5980202753270148 0.0 0.6031261668454502 0.0
381642 25.71150738602323 0.4530842103614412 0.4530842103614412 2.9596604332191823 0.6008468112358791 4.640528529118407 0.5424457502924857 0.0 0.794731288939882 0.0
381778 26.16786893995419 0.4524236899436499 0.4524236899436499 2.383689678039934 0.6938341471163119 4.615215455946229 0.6043268539843392 0.0 0.6031261668454502 0.0
381848 26.545140565776915 0.4495430459216702 0.4495430459216702 2.5144347249047443 0.6037436118888363 4.179450523376352 0.5544423657091311 0.0 2.8614690090558748 1.0
381882 25.146067188874667 0.4516835220180011 0.4516835220180011 2.2721685113354875 0.5104867633956508 3.9361900244581447 0.46702955422679937 0.0 0.8219422782960081 0.0
382048 25.998647562515423 0.4488503738633025 0.4488503738633025 4.356718879598205 0.6777977730268565 4.811381182513907 0.6069239061991448 0.0 3.355708825575795 0.0
382178 26.540765110386964 0.4468277527642855 0.4468277527642855 4.437792175594377 0.653117376703062 9.012773453849853 0.5869819310645387 0.0 2.8614690090558743 1.0
382186 26.426009582731908 0.4474742766034612 0.4474742766034612 3.54867600101013 0.6496847005789791 7.267927177440237 0.5931086447640865 0.0 1.5833026966448773 0.0
382262 26.59256198173581 0.4474028154957431 0.4474028154957431 3.2088194314685774 0.6539153527209294 5.813745969055324 0.5831592631384507 0.0 1.3139283227294212 0.0
382396 25.544045320165928 0.4456862492001317 0.4456862492001317 1.9220573601472402 0.6190638184353358 3.9625557112961696 0.5476457905618519 0.0 3.062248795951202 0.0
382397 26.66451109743477 0.4518368611047514 0.4518368611047514 2.4405946809960777 0.657524432413378 4.256591975773376 0.6033272250920083 0.0 0.6778280167945425 0.0
382424 26.18883609657778 0.4450167656002691 0.4450167656002691 5.754202929550449 0.6738137636245722 7.482106181882492 0.6132328926699923 0.0 0.6031261668454503 0.0
382471 25.511858715997977 0.4510394582646509 0.4510394582646509 3.5671179211958526 0.6256760407430972 5.922107749641251 0.5559325962637996 0.0 1.8796011926837664 0.0
383083 26.22728333420304 0.4395010153869991 0.4395010153869991 3.126506330400146 0.6576784596688233 5.768862393583521 0.6212244772571932 0.0 0.6031261668454503 0.0
383180 26.157498837492493 0.4384465791351052 0.4384465791351052 2.4528579199133795 0.6865641465293157 4.769742489854705 0.6045316211418678 0.0 0.6031261668454502 0.0
383233 26.445262027930944 0.4374920161348575 0.4374920161348575 6.971992345562061 0.6361340215505439 9.453677973830857 0.5735859897107278 0.0 2.777269221093913 0.0
383471 25.40747720772911 0.4404483368674044 0.4404483368674044 2.554593191667606 0.5725075973643706 4.537107787898011 0.5224992685550288 0.0 1.556431542769811 0.0
383699 25.56415683647388 0.4328837337084329 0.4328837337084329 4.122899353124031 0.6185573627855452 6.417933208483348 0.5550489158248139 0.0 2.828889132127198 0.0
383756 25.974969617629448 0.4326450379826563 0.4326450379826563 3.3355342877840286 0.6686409645207974 6.776251140982922 0.5832257934725354 0.0 3.4266994136880586 0.0
383807 25.638100479622704 0.4322544391767187 0.4322544391767187 2.956679379813471 0.5951075003955898 6.017263767513668 0.5619109268454855 0.0 1.6721886012648604 0.0
384368 26.390454599774923 0.4273465276163194 0.4273465276163194 2.6320671025949323 0.6156115281776668 4.765099272557566 0.5504978006139352 0.0 1.5833026966448775 0.0
384438 25.68489061429559 0.4295274879520551 0.4295274879520551 2.0748006806474004 0.597520882621433 3.7195796433978834 0.5627675676673669 0.0 0.9712094880669145 0.0
384477 26.41215953942085 0.4261901810396512 0.4261901810396512 2.858469945369568 0.5952613314506748 5.636214787755217 0.5446063702112194 0.0 1.5833026966448775 0.0
384657 25.739553928071565 0.4365324467867432 0.4365324467867432 2.7271112279565703 0.5675801166854471 5.166399380406183 0.5356844811595399 0.0 0.794731288939882 0.0
384684 25.42066864274075 0.4288730356712982 0.4288730356712982 2.921317483604754 0.5903941298855866 5.295732186697658 0.5315642744372392 0.0 1.556431542769811 0.0
384719 25.486865981662778 0.4251530820790665 0.4251530820790665 3.841728795985227 0.6147883851408462 5.710898467717539 0.5628278788895178 0.0 2.484999531758537 0.0
384743 25.56718738017271 0.4250533553028986 0.4250533553028986 2.6561033907994602 0.6050134718777198 5.504397684452261 0.5454621483405552 0.0 2.8288891321271974 0.0
384752 26.405676628838773 0.4241797962128057 0.4241797962128057 2.1938283025801715 0.5845623831340099 4.520260690081117 0.5453854717120522 0.0 1.5833026966448775 0.0
385205 26.65926224256755 0.4188505758438114 0.4188505758438114 4.697606199343774 0.671862848056823 5.766262212498736 0.5980722943999203 0.0 1.7950011942187212 0.0
385242 25.68174857192986 0.4197447048151542 0.4197447048151542 5.6195489841330035 0.6142968757307252 6.7389794752461505 0.547035223131628 0.0 0.9712094880669147 0.0
385266 26.46214629981292 0.4194389750276162 0.4194389750276162 4.250982723089156 0.6041213685052217 5.046035486348131 0.535121542083444 0.0 2.7772692210939125 0.0
385284 25.773197322571505 0.4205933503104723 0.4205933503104723 4.048576201389768 0.6134419052040475 5.118518785278569 0.553500099433086 0.0 1.1406113209000746 0.0
385427 26.83127727089808 0.4212330531056047 0.4212330531056047 5.758679788822356 0.7057797762026612 6.681680337680691 0.6209994432628444 0.0 0.0 0.0
385463 26.397831482912384 0.4179892026477703 0.4179892026477703 2.3030453076270847 0.6215208086830293 4.178632510578906 0.5588404495632074 0.0 1.5833026966448775 0.0
385735 25.37602501705516 0.4152229674992023 0.4152229674992023 5.494753811871879 0.5417253965743255 6.789803010795367 0.4848265151645435 0.0 1.7009462429611362 0.0
385826 26.369468496340097 0.4147322396445798 0.4147322396445798 2.849754304216354 0.6127876595027503 5.433833425775743 0.5522376197104848 0.0 2.119392076867439 0.0
385835 25.995717873096403 0.4199442158445532 0.4199442158445532 3.644327487675963 0.7761453376893421 6.025103325072703 0.5771162949958772 0.0 2.27731568212444 0.0
385879 25.409545927022936 0.4157306652279204 0.4157306652279204 2.845760939050288 0.5646332949753653 4.989808018940574 0.5256689554800635 0.0 1.556431542769811 0.0
385937 26.2912334665044 0.4143029604490911 0.4143029604490911 3.1147447407601705 0.6564344470263139 6.145623018829307 0.611925977843283 0.0 0.9007382232739705 0.0
385990 25.5408666512842 0.4157314983564829 0.4157314983564829 2.4677174771130237 0.5783283464586961 4.66188647886871 0.5297109275768758 0.0 1.2646659006305598 0.0
386136 25.588922361657605 0.4119320836632282 0.4119320836632282 6.331303940724659 0.5941580579741327 9.83381739237395 0.5447305593097772 0.0 1.6489265962681652 0.0
386230 26.469295140470265 0.4111295071568233 0.4111295071568233 2.3232898689530965 0.6186310835232999 4.4013960784114605 0.5383596006117283 0.0 3.465857490299231 1.0
386256 25.94752135388215 0.4115218275893647 0.4115218275893647 2.0236612966183887 0.6553628102481768 3.9734601450739384 0.5750801216958643 0.0 2.5494620218875355 0.0
386258 26.211762023149937 0.4109165743333284 0.4109165743333284 1.9677029377810595 0.6276796443072304 3.9473707773707036 0.5779733220980031 0.0 0.6031261668454502 0.0
386330 26.58275030518203 0.4098754867333405 0.4098754867333405 2.4528409235826283 0.6731141056779795 3.8010879939572564 0.580055321111004 0.0 2.8904627446398776 0.0
386343 25.953268667748453 0.4137568706949378 0.4137568706949378 4.736068380793625 0.6662660457390758 7.3078115139896935 0.6014356364874546 0.0 2.549462021887535 0.0
386360 26.53563808647444 0.4210215001292305 0.4210215001292305 2.623768000305206 0.6431515551232109 5.070738751774567 0.5666800972542984 0.0 2.8614690090558743 1.0
386408 25.818351231539005 0.4100056926012312 0.4100056926012312 6.871031694457833 0.5980710922299334 8.855598726386537 0.5359925782824315 0.0 0.8340222242493043 0.0
386417 26.51194984443533 0.4104923253294123 0.4104923253294123 2.5234886187919257 0.5864680399321954 4.767941265075312 0.5521744757665421 0.0 7.011101334748512 1.0
386562 26.229983798077264 0.4131658276265363 0.4131658276265363 3.319022223699065 0.6831922661759168 5.72895900054201 0.6103696547388066 0.0 0.6031261668454501 0.0
386688 25.976962645865047 0.4124642481924363 0.4124642481924363 7.045728222564834 0.6578858076565195 10.2927590108446 0.5831629070487557 0.0 2.2773156821244394 0.0
387092 26.161644366680967 0.4046532191937905 0.4046532191937905 3.5761411701836483 0.6307565849629502 6.246219150142952 0.5778365273874715 0.0 0.8325618636624162 0.0
387111 26.54181981910432 0.4040229969794405 0.4040229969794405 2.0937674269251105 0.6347762890360948 3.951616898576654 0.5496322367184093 0.0 2.890462744639877 1.0
387210 26.66522147405112 0.4034729038349474 0.4034729038349474 2.4812618788407454 0.6603038760653887 4.953956576902188 0.5779569180636266 0.0 4.157526866874324 0.0
387257 26.23898339346124 0.4021106577035827 0.4021106577035827 2.8904473828373924 0.6167335077995076 5.785953234234597 0.5881368832431215 0.0 0.6031261668454502 0.0
387362 26.43797226846136 0.4030579827050306 0.4030579827050306 4.1646571488585735 0.5991355252561258 6.732044070979053 0.5421385673661724 0.0 2.782855503462261 0.0
387468 25.563145674050173 0.4003512751409264 0.4003512751409264 2.276714901051377 0.5651211131065417 4.350197078464738 0.5328152043805343 0.0 0.6034146121519454 0.0
387526 26.7855398724897 0.3996978073448439 0.3996978073448439 2.943979644220056 0.6081081701821148 5.3808818723604155 0.5813406943760867 0.0 0.9327171914802368 0.0
387665 26.23651891149481 0.4039827093006949 0.4039827093006949 2.1556905965355733 0.6223075241339296 4.316716109525831 0.6031186080080444 0.0 0.6031261668454502 0.0
387921 25.83963776564591 0.3968934716032402 0.3968934716032402 2.268239268689984 0.6121970280115188 4.100077658767813 0.5438776139022333 0.0 0.8340222242493043 0.0
387939 25.899414494501503 0.395699073668891 0.395699073668891 2.375772864432031 0.6034388843805921 4.621550838233774 0.5421058623054843 0.0 1.704790643237761 0.0
387995 25.913584986273225 0.3971777581647842 0.3971777581647842 1.992673380376501 0.5874113173458314 3.728941273879728 0.5482831272130092 0.0 1.704790643237761 0.0
387996 25.91571322725474 0.3979022893020095 0.3979022893020095 2.538632735771572 0.6223169736964177 5.226283119086572 0.5630219074562536 0.0 1.704790643237761 0.0
388002 26.4998769881926 0.3972723936629578 0.3972723936629578 2.7142271723065607 0.5933446031588828 3.961371118546837 0.5261423419195115 0.0 3.1777260140722663 1.0
388018 25.92529769546372 0.3946780092099339 0.3946780092099339 2.592705918256404 0.5921897976601428 5.264895692311556 0.5420626375461418 0.0 1.704790643237761 0.0
388493 26.55489901215449 0.3914592423449256 0.3914592423449256 4.648649942495733 0.6313768545254197 8.170196709384843 0.5619975308762682 0.0 2.890462744639877 1.0
388524 26.517981180845524 0.3905102964053162 0.3905102964053162 4.163212074464468 0.5729747568681532 6.949798356602908 0.5346848651432172 0.0 9.444727711928003 1.0
388771 26.55798054881645 0.3911612554203781 0.3911612554203781 3.6976993139971412 0.614103249429203 5.551747144243897 0.5585491942589693 0.0 2.8904627446398767 1.0
388970 25.418857395734868 0.3882101827734021 0.3882101827734021 5.6481805908843725 0.5575307777597127 8.1981946877754 0.5042714120047149 0.0 0.7586760571844378 0.0
389124 25.502259067528573 0.3861279870206057 0.3861279870206057 3.712165766668121 0.5889703476012469 5.645952526434975 0.5294317113402531 0.0 0.6034146121519454 0.0
389137 26.528525860962304 0.3859377172773207 0.3859377172773207 4.263676870495036 0.6221754148973857 6.500689630512207 0.5453069280623681 0.0 10.260756910162616 1.0
389227 26.54155829112303 0.3857297033908356 0.3857297033908356 6.243072511272497 0.5978728591805761 7.964960865159723 0.5604082451909409 0.0 11.606712963284517 1.0
389363 26.83580192009711 0.3845172572605734 0.3845172572605734 3.29662183232935 0.6489294031684366 4.3323180973551105 0.5982127716487813 0.0 0.0 0.0
389372 26.668707373725592 0.3865359813909088 0.3865359813909088 3.516952478422923 0.642792398474944 5.487570930728236 0.5749575034703002 0.0 1.1486019723847904 0.0
389377 25.412289350424977 0.3840975284421294 0.3840975284421294 3.2852236036392233 0.5576158085628347 5.1528177670149224 0.49682058113157623 0.0 0.7586760571844375 0.0
389408 25.76563420489424 0.3842692237500283 0.3842692237500283 2.7477546880149113 0.6028915364821691 4.898996623736416 0.5251451079646957 0.0 0.8426553970235471 0.0
389445 26.48858727507112 0.3851851680681444 0.3851851680681444 8.468067706607771 0.6472641630656597 10.20832072463185 0.5367996207209387 0.0 5.269571514640967 1.0
389448 25.749890302450304 0.384409857044152 0.384409857044152 2.4672109349526026 0.6062070941593625 4.5380759349504265 0.5560603777686298 0.0 0.8426553970235471 0.0
389645 25.6586275286507 0.3836062994694081 0.3836062994694081 3.395780743613859 0.5930142741233686 5.7534362920255 0.5431486129490924 0.0 0.9712094880669145 0.0
389746 26.85054455445873 0.3845330151734416 0.3845330151734416 2.544516685213556 0.6554418826222118 3.847765197363647 0.5981279960111552 0.0 0.0 0.0
389929 25.89492745291956 0.3864779602029169 0.3864779602029169 10.395521144248386 0.6036789143247572 17.430217460554818 0.5487978070105779 0.0 1.0214925636275227 0.0
389965 26.621057496804525 0.3803375180473905 0.3803375180473905 10.301569548177843 0.6851037775397916 13.773745321996566 0.5742084159444533 0.0 1.5218975081670234 0.0
393793 26.047462271953407 0.8978704237404498 0.8978704237404498 4.9122845353818905 0.6398583114210451 7.954605206849091 0.5903305558747634 0.0 0.0 0.0
394515 25.85604456465282 0.8818543408564554 0.8818543408564554 9.422827573355956 0.6902272801522288 11.027831001825808 0.6177256280599418 0.0 0.0 0.0
395469 26.38983779387952 0.8657355085981092 0.8657355085981092 2.63347432152509 0.6555672695916387 5.0066876930580735 0.6186865001677564 0.0 0.0 0.0
395576 26.311074482278897 0.8696835268116374 0.8696835268116374 5.0638304515046135 0.6867249307545231 5.988694223121559 0.6210873348944417 0.0 0.0 0.0
396154 26.344847997257368 0.8565665133713211 0.8565665133713211 4.643691520519206 0.6524544060186969 6.296821862152483 0.6023462277834633 0.0 0.0 0.0
396351 25.74242216530472 0.8559099206765944 0.8559099206765944 2.4551704509762073 0.6767410534171826 4.959221190352401 0.5886351590063137 0.0 0.0 0.0
396408 26.2460123765708 0.8549157488077535 0.8549157488077535 1.8552559860909938 0.6437538394238418 3.7461939659531867 0.5935388579482246 0.0 0.5562032051095263 0.0
396677 25.63485349411817 0.8505577816633052 0.8505577816633052 2.513731308579788 0.6404568785457105 5.035218351905586 0.5730500902517364 0.0 0.7716057574111771 0.0
396877 25.867816333419 0.8544329056393283 0.8544329056393283 3.178820392652219 0.6592513746127401 5.79761761001308 0.6085553221831224 0.0 0.0 0.0
396961 25.774576861102144 0.8485712979675445 0.8485712979675445 5.094548100335539 0.6466405744620091 5.9998978953286155 0.5639215798973554 0.0 0.0 0.0
397146 26.18016860674449 0.8447188748131288 0.8447188748131288 3.5798394172430323 0.6237962762526637 4.405568677610903 0.5718630510608562 0.0 0.0 0.0
397367 26.23462701843997 0.8424869692013602 0.8424869692013602 2.8622185376207976 0.6070937174251303 5.142471121909991 0.5658966050346881 0.0 0.5562032051095263 0.0
397559 26.3364683372623 0.8412369136281915 0.8412369136281915 3.733564147083999 0.6422551703293121 5.937832059547908 0.5732466167640522 0.0 0.0 0.0
397645 26.27851328055273 0.8412747371322918 0.8412747371322918 11.27518529877361 0.678946112460493 13.817398852410285 0.5941465540286323 0.0 0.0 0.0
397671 26.215239572447963 0.8399052885141495 0.8399052885141495 3.7092344146538476 0.6500653175276524 6.28046250752412 0.5708674137310504 0.0 0.5562032051095263 0.0
398046 26.262765913548744 0.8364242058759943 0.8364242058759943 6.381442601400647 0.6665043289050289 11.92261442263496 0.5991418657684943 0.0 0.5562032051095263 0.0
398127 26.23374815715579 0.84404119233088 0.84404119233088 3.4447268284154653 0.6187164709141494 5.974377389665224 0.5670755838444695 0.0 0.5562032051095263 0.0
398255 26.07736907638443 0.8332291789356788 0.8332291789356788 9.731139210543269 0.60627150772921 16.091453827699084 0.5497600954792884 0.0 0.5707534810273022 0.0
398271 25.83053827013956 0.8560984531773809 0.8560984531773809 3.285039090442507 0.6165543185924534 6.157704963551929 0.5878369495093938 0.0 0.0 0.0
398409 25.80762894943324 0.831173956116304 0.831173956116304 2.246191293663195 0.5905764865608183 4.484784712440236 0.546555694836295 0.0 1.1812716660765852 0.0
398477 25.710946971257545 0.8309850070267655 0.8309850070267655 2.6257648116483208 0.5889021432895927 5.164969885981934 0.5493741371351444 0.0 0.0 0.0
398597 26.017149255574 0.8301561503208695 0.8301561503208695 7.070716047771272 0.5706306928852076 8.786712855371709 0.5303788189953609 0.0 0.6263156523049949 0.0
398751 25.929286749913658 0.8261227284327275 0.8261227284327275 3.189471169069533 0.5909166770432954 4.920783602078107 0.5493671840907461 0.0 0.666982791924726 0.0
398789 25.82610283456799 0.8258450636180485 0.8258450636180485 1.9939486202231738 0.5779269375163752 4.031788719490584 0.5557568902566541 0.0 1.1812716660765852 0.0
398838 25.87349629628992 0.8263581615345345 0.8263581615345345 3.7952156329226034 0.6290257177568866 4.647688362207471 0.5645594444648465 0.0 0.666982791924726 0.0
398877 26.2633967322846 0.8234128635197898 0.8234128635197898 4.388336200870232 0.6594574033489585 5.670828330370551 0.5683756357588375 0.0 0.5562032051095263 0.0
399207 25.967734589981813 0.8204766404678617 0.8204766404678617 2.7324272166792816 0.6195801806022981 4.134025640522137 0.5433359717436091 0.0 0.9995386479681125 0.0
399273 26.31520134135167 0.8164814219566561 0.8164814219566561 2.5097299602886727 0.6068021185288397 4.190725271148369 0.5564059827032476 0.0 1.8423740946035865 0.0
399406 26.34460713984931 0.8178496584522215 0.8178496584522215 2.9811022057825083 0.6109135300996404 4.543606695488996 0.5723888299774459 0.0 0.7777967666615351 0.0
399473 25.966069300506817 0.8166228314187721 0.8166228314187721 2.793586323966425 0.6137718646116697 5.650409556654338 0.5525494895037629 0.0 0.9995386479681124 0.0
399538 25.781762429523365 0.815449965921004 0.815449965921004 4.432279570227293 0.629525124648229 5.200037951684783 0.5819223422920172 0.0 1.1812716660765854 0.0
399676 26.27242159007535 0.8126094125134085 0.8126094125134085 4.589502325200988 0.6550930287850488 6.880544102995055 0.5836803294360593 0.0 4.691453133395564 0.0
399761 26.27312815160568 0.8132052139333195 0.8132052139333195 3.929696396030499 0.6471964274190393 5.220121047868658 0.584615449527584 0.0 4.691453133395564 0.0
399860 26.332959375854884 0.813109681332969 0.813109681332969 3.452063449096359 0.6206019757071695 5.09874188056838 0.5586011489518341 0.0 1.8423740946035863 0.0
399959 25.88605250402322 0.8192733482879504 0.8192733482879504 2.742660990696814 0.6047593188680825 4.34989346219268 0.5550639807543435 0.0 0.6669827919247259 0.0
399963 26.16002252286385 0.8181891412820304 0.8181891412820304 4.974304661333684 0.6075687177566038 6.973849452216802 0.540868696814896 0.0 0.0 0.0
400272 26.385721481686275 0.8177736208916635 0.8177736208916635 3.2311378026664097 0.653593698768016 6.2202751525716735 0.6026409596099005 0.0 0.7777967666615351 0.0
400284 26.167433681950904 0.8185031175058203 0.8185031175058203 4.039457798701779 0.5571691166229965 4.900722781388323 0.5370601796217592 0.0 0.0 0.0
400370 26.357505416202898 0.8048076952935129 0.8048076952935129 6.794554000280679 0.7385395500811524 10.46094800443516 0.5989301455665673 0.0 0.7777967666615351 0.0
400378 25.79284583189245 0.8333514891008148 0.8333514891008148 4.613132066324349 0.6530190995353384 5.333733149535758 0.5816228849705908 0.0 1.1812716660765852 0.0
400382 26.213627830279908 0.8040936088607161 0.8040936088607161 2.0241227727503026 0.5778995357159119 3.9459750180877946 0.5621408923509538 0.0 1.3551452281587715 0.0
400818 26.112937121418163 0.7989452918367083 0.7989452918367083 4.437588605905606 0.637788983841984 5.941290684095715 0.5702270640939873 0.0 0.4945519840648068 0.0
401011 25.64494756165222 0.8056865088159282 0.8056865088159282 2.7571768357350375 0.6229009662943894 5.523643067546226 0.5865817962354272 0.0 0.7716057574111771 0.0
401019 25.924541225811872 0.8040837196526581 0.8040837196526581 3.3229066578362243 0.6177229562370516 4.1534950661578245 0.5648849370747419 0.0 0.9995386479681125 0.0
401133 25.927794329481685 0.7957082235762728 0.7957082235762728 4.640747550016952 0.6084066568738639 7.252354933189771 0.5776217169435899 0.0 0.9995386479681125 0.0
401285 25.667776909401 0.7965706546165772 0.7965706546165772 2.2193646457335823 0.6972551008538582 3.5506074022318677 0.5860455233721995 0.0 0.771605757411177 0.0
401295 26.349470699313795 0.7948115153286723 0.7948115153286723 5.766577545938205 0.8486529131506474 8.456561190689145 0.6149183621361621 0.0 1.8423740946035865 0.0
401579 26.246782062689626 0.7911339833766367 0.7911339833766367 6.015057270377914 0.6605257794848729 7.2353784314910214 0.6034486200967987 0.0 1.3551452281587715 0.0
402035 25.740403624459592 0.7862664272078523 0.7862664272078523 2.994702180361384 0.6124514814893811 4.561648815621819 0.5746906610775049 0.0 1.4406932146710631 0.0
402188 25.9774421932175 0.786646395400358 0.786646395400358 2.878107274151465 0.6144704520198062 5.214221132176575 0.5734568433490344 0.0 0.9995386479681125 0.0
402226 25.91194849107059 0.7879632004263505 0.7879632004263505 2.996773724055771 0.6343530129550214 4.651147630555685 0.5755777794106655 0.0 0.9995386479681126 0.0
402321 25.660221998547648 0.7817771534811072 0.7817771534811072 5.645554657783297 0.6980393026229558 8.640652569379007 0.6116043866638555 0.0 0.7716057574111769 0.0
402786 25.80824632732918 0.7768303745915471 0.7768303745915471 5.212359261398819 0.6455261940268168 9.283001850507022 0.5843919606542126 0.0 3.468013892001907 1.0
402834 26.24445430854253 0.774945593822711 0.774945593822711 2.0287085630511155 0.6290347751087813 4.188781766478975 0.5864422074311282 0.0 1.3551452281587715 0.0
402968 25.826047127755444 0.7765587666329767 0.7765587666329767 2.715463719748758 0.6668174233191141 4.968567884664798 0.5808770293227883 0.0 3.465301728290863 1.0
403085 25.8214251095638 0.7728266544935184 0.7728266544935184 4.010769988174859 0.6251172080269375 4.742021345639265 0.5561575143740751 0.0 3.4653017282908625 1.0
403124 25.613449005677744 0.7730716627220052 0.7730716627220052 5.180417619233637 0.7653874243527183 8.415025763615265 0.6274570961237331 0.0 0.0 0.0
403157 26.269275657832026 0.7735885079638549 0.7735885079638549 5.935387420641513 0.6500059224765883 9.05689605724029 0.606105700261576 0.0 2.707096654214383 0.0
403376 25.657943317869908 0.7678504747289031 0.7678504747289031 2.68467834311499 0.6523044269632553 5.42503975601317 0.60979332461424 0.0 0.771605757411177 0.0
403405 26.0233328370856 0.7704246075417855 0.7704246075417855 2.1230473406865746 0.5896235045651442 3.4939312059404593 0.5586309697866978 0.0 0.6263156523049949 0.0
403408 25.831294677519686 0.7727362948445745 0.7727362948445745 3.457509614261416 0.6449268821536449 4.436244479415358 0.5808496034254396 0.0 4.141885958049928 1.0
403445 25.775664253808028 0.7695012334842676 0.7695012334842676 2.674436122436114 0.6241513135512684 5.501285553283634 0.5775427226336208 0.0 3.3198580279429715 0.0
403582 25.6546084855124 0.7666407020645457 0.7666407020645457 2.8256724349429927 0.6633457064063468 4.379221532224607 0.6267093090747088 0.0 0.771605757411177 0.0
403591 25.822686005908203 0.7650908337332167 0.7650908337332167 2.82972554478685 0.6352760192365162 5.177263898558703 0.5789569332362017 0.0 4.141885958049928 1.0
403755 26.02401544000346 0.7694956685545215 0.7694956685545215 3.008183798673391 0.6544963785698676 6.206707187749046 0.5893986032812423 0.0 0.6263156523049949 0.0
404141 25.89180732382225 0.7748430016155192 0.7748430016155192 3.395723960417941 0.666244247966154 4.4152350832055385 0.5940907236573159 0.0 0.9995386479681125 0.0
404200 25.627689070645133 0.7619050666381024 0.7619050666381024 3.3193112900819184 0.6924810760527293 6.340047651575628 0.6205633972470167 0.0 0.0 0.0
404260 25.67308601530184 0.7587235913825854 0.7587235913825854 3.6574970688065864 0.6788065992829675 4.923140426608954 0.6192149057900075 0.0 2.5709738823851933 0.0
404492 25.740493570144505 0.7557823520640309 0.7557823520640309 7.048751766797426 0.6541966366843763 9.900470821096613 0.5923536729025175 0.0 1.4406932146710631 0.0
404666 25.843145857444515 0.7574285399854035 0.7574285399854035 9.009630291501596 0.6668197545461299 14.987663179879162 0.6070305195465848 0.0 3.651496300239834 1.0
404674 25.5554877375809 0.7516239812070613 0.7516239812070613 3.0644160302039625 0.6399857360669113 4.797395906267303 0.6102013653123525 0.0 0.0 0.0
404918 26.326836917445338 0.7499694693420498 0.7499694693420498 2.890266474922956 0.6551119324923677 5.509951621805491 0.6092780911483211 0.0 1.4426523483386855 0.0
404940 26.07902528433297 0.7514882039259408 0.7514882039259408 2.416477273940237 0.6457122416344981 4.497053101760796 0.5738249684218976 0.0 0.5707534810273022 0.0
405115 25.782978227849657 0.7482986123016803 0.7482986123016803 3.7937996583069076 0.6361265696723062 5.457540603212086 0.5736174973026585 0.0 3.3094935142791515 1.0
405300 25.76583318792018 0.7475513982034047 0.7475513982034047 2.587319884049384 0.6686596853248697 5.020239691630601 0.5834643343994282 0.0 3.309493514279152 1.0
405549 25.8113084138914 0.7714257056891606 0.7714257056891606 3.1325928194502497 0.6292014053593619 5.199634288829441 0.57175960521142 0.0 3.4680138920019066 1.0
405748 25.85329275079681 0.7425055100459766 0.7425055100459766 4.872611622886173 0.6264609813872025 9.496849684019791 0.5809430832445717 0.0 1.9810454303528753 0.0
405898 25.56463236821056 0.470452508375515 0.470452508375515 4.705861394445726 0.6413924947387106 6.726547689382231 0.576385568657645 0.0 6.944027197153335 0.0
405924 25.790114990499863 0.7413561502246941 0.7413561502246941 9.258421164678127 0.6583017319176951 12.815126515607348 0.5842984808350805 0.0 3.3094935142791515 1.0
406139 26.3126918347631 0.7403228277148897 0.7403228277148897 3.2742977956879336 0.7287161929327354 4.95124334446589 0.6191542211636206 0.0 1.4426523483386853 0.0
406534 25.68354459562286 0.7370450801087738 0.7370450801087738 2.851452134650342 0.6731566689081737 5.658142243345769 0.6057509018571426 0.0 2.5709738823851933 0.0
406569 26.157788535404144 0.7359817142395996 0.7359817142395996 3.895946704801608 0.5797707583772036 6.126563050252628 0.5465458189380479 0.0 0.4799253740507322 0.0
406608 26.26272933351301 0.7306947967271232 0.7306947967271232 5.712588443786559 0.6869513546780277 8.231410024666276 0.6059015511524383 0.0 1.7951924227842635 0.0
406627 25.659923460996342 0.7338659895760681 0.7338659895760681 2.7918484491471056 0.668792054806813 5.6661195741919546 0.591044697914505 0.0 2.3444315198653665 0.0
406848 26.003676234628053 0.7326130899447946 0.7326130899447946 2.2377466924814318 0.6590330541831698 4.063218154051762 0.5828603208573502 0.0 0.6741053462617443 0.0
406977 25.47818990127832 0.7313461210168328 0.7313461210168328 4.303815765725519 0.682590726725233 5.18629255546992 0.6090107723432244 0.0 1.124054827606786 0.0
407221 25.983987246493736 0.7261165738785803 0.7261165738785803 2.494813233612865 0.611762135019594 4.585640681598246 0.5787326846783497 0.0 0.6741053462617445 0.0
407388 26.518251224366143 0.7248970520031999 0.7248970520031999 4.976889133688533 0.7007310478148118 8.693763141494925 0.6264436770266791 0.0 0.0 0.0
407617 25.75381260471497 0.7252892867346826 0.7252892867346826 4.187881089709238 0.6517421721364279 4.752267557880666 0.5823454092916348 0.0 4.89231915067647 1.0
407757 26.535394334470613 0.7235025890737844 0.7235025890737844 3.031308207981095 0.6583841350393005 5.264896722392207 0.6218126919372775 0.0 0.0 0.0
407808 25.4930490891146 0.7197052451239737 0.7197052451239737 2.6593239379566667 0.6534917424201613 5.232169514970104 0.572759427243873 0.0 1.124054827606786 0.0
407897 25.99713806437281 0.723000644353004 0.723000644353004 3.6544668290497615 0.656688495092001 6.1702813469873155 0.5857608477081234 0.0 0.6741053462617445 0.0
408069 25.783191308295613 0.7254601954509868 0.7254601954509868 5.033378241581595 0.6688236500673699 7.953957414879319 0.5948622669413675 0.0 7.114489589980881 1.0
408478 26.03219287110916 0.7149343562098023 0.7149343562098023 4.113317285382745 0.6448526179442284 6.112626831597056 0.57981880171739 0.0 0.7235506829836114 0.0
408483 26.33205937545221 0.713702540206407 0.713702540206407 2.853620248405816 0.669867833101383 4.2714920923986766 0.601383874934712 0.0 1.4426523483386853 0.0
408515 25.77565532047914 0.7139875571433757 0.7139875571433757 7.204744412332995 0.6391392562185199 8.638958859267623 0.5632008710934597 0.0 12.245642028899976 1.0
408720 25.767002123016727 0.7117615695832827 0.7117615695832827 6.27883652521558 0.6473489486838931 9.269208169261615 0.5621609789236599 0.0 6.3310082334268785 1.0
409306 25.698607057054925 0.7135730417918293 0.7135730417918293 3.538963113026091 0.6158932860291101 6.220510783520726 0.5845163428928926 0.0 2.660104999135595 0.0
409689 25.597538681449613 0.7090756841769636 0.7090756841769636 3.3936737136410247 0.8503580886863242 6.347367790966096 0.6029964404427653 0.0 1.3741818048009775 0.0
409729 26.25400279427418 0.7006062353455678 0.7006062353455678 6.36300390021696 0.666105293873119 11.662842245912033 0.5981471040072422 0.0 0.8682835761774252 0.0
409730 25.85301702391338 0.704132034981619 0.704132034981619 3.63608722874346 0.6248197710894899 4.497847165183094 0.5589665056829461 0.0 2.490475256792638 0.0
409789 26.47667334905152 0.6976991117231403 0.6976991117231403 3.1269048428522317 0.6610726219755794 6.358758165291254 0.5955010843334614 0.0 0.0 0.0
409867 25.58928531802598 0.7008434113369719 0.7008434113369719 6.546104598840151 0.7031108050509886 8.623342064028977 0.5982829716451875 0.0 1.3741818048009775 0.0
410102 25.72741367213417 0.6951123231074048 0.6951123231074048 4.349394130596821 0.5882811597427493 8.312382604526741 0.5537576839760251 0.0 2.660104999135595 0.0
410379 25.8525259599418 0.6953650595626021 0.6953650595626021 4.741278786249547 0.6382957403443752 7.1498147821664055 0.5669065604855511 0.0 2.490475256792638 0.0
410523 25.667544784464507 0.6949215686246538 0.6949215686246538 5.17810598949138 0.6221091555698862 9.018772772324814 0.5804018402422 0.0 2.857192175530827 0.0
410549 25.596119871970995 0.6920590828159424 0.6920590828159424 4.2514558005044085 0.6605807135737811 5.018707060381112 0.5848796652147177 0.0 1.3741818048009775 0.0
410587 25.89530049613616 0.6912066819193655 0.6912066819193655 9.613549323679962 0.6562049636359426 11.369766274122274 0.5897325940565132 0.0 1.5406352976752669 0.0
410683 25.536749137201667 0.6913495278954396 0.6913495278954396 5.834627377744184 0.669050385486564 7.959050777421205 0.5875841419654765 0.0 0.9110623530388846 0.0
410698 25.590610352155853 0.6896680750018953 0.6896680750018953 3.239784170895804 0.6509955244801352 5.672635864393935 0.5799071568852804 0.0 1.3741818048009773 0.0
410940 26.69638569809832 0.4584180008925078 0.4584180008925078 2.3381503274733104 0.6722564961093412 4.389236233839562 0.627459491061248 0.0 0.6778280167945425 0.0
410974 25.76413912478716 0.6871619015525078 0.6871619015525078 5.716405021360795 0.6635990575152451 6.555040548492725 0.5902853224581501 0.0 6.331008233426878 1.0
410979 26.39084947518194 0.6907600366095922 0.6907600366095922 3.173300447960492 0.7068453088009657 5.668800874128052 0.6168440464102837 0.0 1.3474055090239374 1.0
411038 25.48836791172914 0.6865578515303569 0.6865578515303569 8.09059671199263 0.6704762770282043 9.660414388045186 0.567768737990935 0.0 1.124054827606786 0.0
411054 25.454439177807348 0.6874217850575648 0.6874217850575648 5.975937060531818 0.6752474736178912 8.54935265842583 0.6062478256394795 0.0 0.0 0.0
411309 25.79804548282277 0.685503162850656 0.685503162850656 9.645449505098917 0.6604759943952118 13.580045093468476 0.5533174017535177 0.0 2.78785495776631 1.0
411318 26.205823751620027 0.6826123376258171 0.6826123376258171 4.039787785038518 0.5997793524753972 4.549097540402315 0.5630288218726274 0.0 0.49139177311259113 0.0
411436 26.317132776589418 0.6832743000322343 0.6832743000322343 3.226233717444254 0.6395795485102778 6.315300607721501 0.5853911002582339 0.0 2.0409391857051093 0.0
411539 25.82714735725849 0.6845284380022769 0.6845284380022769 4.22630876345726 0.6475341141635909 7.341758208143201 0.5730347678020439 0.0 3.439750179401133 0.0
411769 26.37099850539326 0.6809929844893927 0.6809929844893927 8.091202270655685 0.681714856034994 9.390005340993742 0.601575083655664 0.0 8.065808884748721 1.0
412068 25.72104082586136 0.6781702077238909 0.6781702077238909 2.5834023585712926 0.5883544923350404 4.997300825600266 0.557776440630152 0.0 1.338286302916392 0.0
412074 26.33176303894267 0.6747312502029519 0.6747312502029519 4.954207530300932 0.6393395773156587 6.467077326290222 0.5879338543466925 0.0 2.0409391857051093 1.0
412156 25.72089780599244 0.6747413676831409 0.6747413676831409 1.9968663236688122 0.6274656388880386 4.071587430585877 0.5622423037911032 0.0 1.338286302916392 0.0
412416 26.15802255098312 0.673219100778352 0.673219100778352 2.533680107998711 0.609187016433129 4.6295530197756785 0.5572984059517637 0.0 0.4799253740507321 0.0
412731 25.501436665803386 0.6703048076445728 0.6703048076445728 18.200662421111744 0.6427492598318949 26.841985830515103 0.5841371058250003 0.0 3.189927497954569 0.0
412845 26.365272494323243 0.6668915975025939 0.6668915975025939 9.266683699104721 0.6713197937518883 10.084816629707417 0.5989797954539742 0.0 4.016078383006744 1.0
413058 25.94397830242289 0.6729732778527308 0.6729732778527308 10.492267735406942 0.700864170759096 13.348473949784552 0.5820413423592925 0.0 1.6993911066554732 0.0
413093 25.723904625963453 0.6713776784638205 0.6713776784638205 4.417167256987765 0.6349842468450037 8.385980064441958 0.5539772456669122 0.0 1.338286302916392 0.0
413139 26.54550026976281 0.6703633053238387 0.6703633053238387 3.883041339358118 0.6733385606887304 7.960783888117511 0.6152819548541584 0.0 0.4021696911710516 0.0
413310 25.499757941353803 0.6646028808400212 0.6646028808400212 5.075113684565998 0.5907958492931209 5.674019648989269 0.5511961566676912 0.0 3.189927497954569 0.0
413458 25.45871819516627 0.6621548082410705 0.6621548082410705 3.413214086081591 0.6144807548059185 4.70773472487073 0.5557252925326663 0.0 5.523699133567242 0.0
413601 25.555001575684308 0.6618785366603934 0.6618785366603934 2.9765728123973703 0.6098233196026525 5.256945787362719 0.5453365428811014 0.0 0.9110623530388847 0.0
413736 25.44404960468505 0.6595673445277569 0.6595673445277569 6.7355037256075105 0.6056078898645028 9.097420846434876 0.580342932504937 0.0 4.5380940628883035 0.0
413769 25.60983929772032 0.6599224065856909 0.6599224065856909 7.5136755786522045 0.6057033161955767 14.60132756869657 0.5614011141789955 0.0 2.274219305126791 0.0
413779 26.03751417042614 0.6597864876657652 0.6597864876657652 3.4512544495046136 0.6194091602173621 6.613451271841335 0.56741485378308 0.0 0.7235506829836114 0.0
413944 25.73102069989125 0.6575741339825083 0.6575741339825083 2.8500684788150896 0.6260933320148976 4.8111279114336964 0.534003724312351 0.0 1.338286302916392 0.0
414069 25.89260440336865 0.6562936549930692 0.6562936549930692 3.4029656849188057 0.6026176690531142 4.662748398853931 0.5548615699063053 0.0 1.5406352976752669 0.0
414270 26.507190922904424 0.6542803361021822 0.6542803361021822 3.007230587790423 0.6429454249605472 5.195744318008779 0.5851705342387115 0.0 0.4021696911710516 0.0
414566 25.51457831733425 0.6522051148972955 0.6522051148972955 3.6667115265153343 0.5983726727471042 4.86347583758719 0.5455461385416844 0.0 3.189927497954569 0.0
414727 25.445905241578146 0.6584150693727719 0.6584150693727719 5.0405302203056905 0.6722571338542686 7.016868967989466 0.581631692160162 0.0 28.637214807785107 0.0
414751 26.40717718149684 0.6567012840204 0.6567012840204 2.493828605270023 0.6763221336788259 3.4603248246822207 0.6122625824482074 0.0 1.3474055090239374 0.0
414810 25.37397620166428 0.6510494023578938 0.6510494023578938 6.7671949294142735 0.6913343848360997 8.591861511715466 0.6187933195313265 0.0 0.0 0.0
414991 25.459451884343213 0.6486804671517648 0.6486804671517648 4.033783985712721 0.6137940880493005 6.023402275636677 0.5535931028399167 0.0 5.523699133567242 0.0
415353 26.00081127622798 0.6436736047762284 0.6436736047762284 5.970373208652317 0.6150509554375606 11.89312965158391 0.5919989775061494 0.0 0.7235506829836114 0.0
415466 26.32951806829153 0.6420833890818595 0.6420833890818595 3.2333221530681544 0.6674403620730618 4.767134711925115 0.6104172573409183 0.0 3.3413604561587738 0.0
415525 26.409785561447624 0.642260439334608 0.642260439334608 3.710396216868764 0.6888342840999198 6.247675040383898 0.6225710888170133 0.0 1.0346346258419539 0.0
415573 25.8130563928718 0.6472730688311535 0.6472730688311535 4.45878676439483 0.6318194642974104 7.087512414116075 0.5674698343378588 0.0 1.2542627664713362 0.0
416073 25.845393133808752 0.6356010968618481 0.6356010968618481 3.315472437013593 0.6591626263831387 5.729171583436482 0.5999830940086263 0.0 1.2542627664713364 0.0
416107 25.44054509708252 0.6380200963581263 0.6380200963581263 5.2603583158013665 0.660724706910494 6.643836075861715 0.5918515729649063 0.0 1.5279218953148828 0.0
416122 25.368226667186885 0.639334045226985 0.639334045226985 3.3258306705258547 0.67315042999926 5.6456109259388905 0.6222187368541275 0.0 0.0 0.0
416153 26.172552608573938 0.6379614030963194 0.6379614030963194 6.483298135070947 0.6582422794150462 7.676357374799102 0.5769826806593575 0.0 0.9975111266481617 0.0
416205 25.61815125285973 0.636338849044506 0.636338849044506 5.4881907817603315 0.6335748398362947 7.958246026912147 0.5701889768618946 0.0 2.0804978889013013 0.0
416512 26.178948241265896 0.6395897018403502 0.6395897018403502 3.095414247252366 0.6348522270740145 5.573061701846751 0.5749770234986479 0.0 0.9975111266481617 0.0
416560 25.920740277865058 0.63105867800938 0.63105867800938 8.738611050424165 0.6604861202390638 11.715219271843933 0.5961013895851938 0.0 2.7105736297908622 0.0
416571 25.830967213528886 0.6306322703219338 0.6306322703219338 3.1817800718844107 0.6071534833857434 4.236667125729603 0.5570687752225073 0.0 1.2542627664713362 0.0
416930 26.365973486134664 0.6284564852805506 0.6284564852805506 3.9426132211212375 0.6841056518150442 6.177112326828357 0.6262676104913054 0.0 1.0346346258419539 0.0
416943 25.636824589489112 0.6340913998303035 0.6340913998303035 4.349723112604924 0.6567192683600835 7.026771133293234 0.5616002287689486 0.0 1.1197028585211803 0.0
416963 26.327069667236337 0.6271864434896868 0.6271864434896868 2.7769294047898314 0.7164578200646023 5.0212163368483935 0.5977208566336129 0.0 1.5167764574923952 0.0
417160 25.50758454908608 0.626635659655458 0.626635659655458 4.548650227879361 0.6467230489092332 5.165361316629539 0.580720457063746 0.0 1.8926993214827714 0.0
417348 25.75261713984659 0.6295359256163747 0.6295359256163747 3.8087844990658004 0.6265501712532757 5.630215598040336 0.562006209305758 0.0 1.338286302916392 0.0
417491 26.101212865840125 0.622369110218307 0.622369110218307 2.9782116707140562 0.6530582629628022 5.066106607844432 0.5901113160840797 0.0 1.3618051573327308 0.0
417584 25.917159813486425 0.6251316475438012 0.6251316475438012 7.292759846748527 0.7334333902630095 10.43646813775004 0.6101777507134147 0.0 2.4919672432510382 0.0
417595 25.49821981819252 0.6226324021860821 0.6226324021860821 6.794487997862928 0.6270020400336912 7.580318449048187 0.5783351765548997 0.0 1.8926993214827714 0.0
417602 25.941804095953675 0.621352831725559 0.621352831725559 2.7145904688763696 0.6458593296461214 5.433469421025486 0.6136367357894494 0.0 2.7105736297908622 0.0
418008 25.45148653235882 0.6172312397737131 0.6172312397737131 3.405698488887483 0.6467177093181468 5.62294181227919 0.5745745323600459 0.0 1.5279218953148828 0.0
418083 26.348389670604625 0.6180914303201595 0.6180914303201595 2.711439709683308 0.6306608311267968 4.6301039841642 0.5895590640947442 0.0 1.0346346258419539 0.0
418356 26.50558761013799 0.6225042965758775 0.6225042965758775 2.594210351048056 0.6649139468801032 4.644064280955002 0.6119445192950116 0.0 0.8102844447627507 0.0
418395 25.635644537448933 0.6143287142171449 0.6143287142171449 3.134607399684603 0.6033546460151723 5.962485108542577 0.5715939424906274 0.0 1.1197028585211803 0.0
419384 26.547005175515498 0.6026713176983595 0.6026713176983595 5.053971871488415 0.6952694592145058 5.740227696590199 0.6266005969379412 0.0 2.588085795785625 0.0
419540 26.21158352223934 0.6019277713657423 0.6019277713657423 3.1347877925587135 0.674926295102343 6.2604887286493955 0.6172931615743784 0.0 0.9975111266481618 0.0
419542 26.06785559437207 0.6025596827089255 0.6025596827089255 4.72270141045814 0.6782123050479554 7.840559956267996 0.591165886903165 0.0 0.9318626640941465 0.0
419723 25.99782988201729 0.6023772488858852 0.6023772488858852 7.549491740428275 0.732244906447514 10.012583511615237 0.5999571102241897 0.0 1.165323027971942 0.0
419978 26.29904532437464 0.5982465377346463 0.5982465377346463 5.806324546984788 0.6367480733457372 6.288905821105069 0.5918076915291484 0.0 1.5167764574923952 0.0
419981 25.541861130334635 0.600080864758159 0.600080864758159 4.572335516101856 0.6381161804918298 6.573280701630817 0.5679758743339622 0.0 1.5082954543399167 0.0
419985 25.393999321151664 0.598501012893262 0.598501012893262 2.804384144396754 0.6386084560327007 5.242918020289237 0.5718168776956486 0.0 0.6032602877303896 0.0
420188 26.587190731006284 0.5958342101732638 0.5958342101732638 3.2770595706749375 0.6541956089543236 6.244598704517914 0.6203105768270912 0.0 1.1367483625040289 0.0
420221 25.716255026469536 0.5985089889704907 0.5985089889704907 2.219632724223159 0.5995689047064189 3.4666357425542897 0.5431427286133701 0.0 0.9900810114454127 0.0
420293 26.598090761293445 0.5941012455090745 0.5941012455090745 10.067318520918716 0.7001309010680358 12.226162451848982 0.6283891903533437 0.0 1.1367483625040289 0.0
420294 25.80670208087972 0.5996850080978168 0.5996850080978168 3.1020562072938414 0.642728064426043 5.39864690079796 0.5745395868739406 0.0 1.5249014147654736 0.0
420381 26.27932559900121 0.5952018948361146 0.5952018948361146 2.8410766472871662 0.6568213815953854 5.803989946443999 0.5981648342704579 0.0 0.9950403453375982 0.0
420452 25.83914628269057 0.5920938582172485 0.5920938582172485 8.98802331975377 0.6736425450462198 10.657549712638625 0.5900334934908519 0.0 1.5249014147654736 0.0
420568 25.84515367060044 0.5911408757452116 0.5911408757452116 3.2802149652309307 0.6131235903015206 5.170365963475306 0.5793227663796151 0.0 1.5249014147654738 0.0
420628 26.12635845710066 0.5918699641699727 0.5918699641699727 6.71800819202044 0.6911947788860141 11.531315754112908 0.617002768962686 0.0 1.9527786661118691 0.0
420640 25.879614097001777 0.5902061543734087 0.5902061543734087 2.4906350977299203 0.6894124254470932 4.974418614005767 0.6260893292825309 0.0 2.571900141682879 0.0
420840 25.747803443856046 0.5896177347988161 0.5896177347988161 2.480771302930424 0.597264171928581 4.473044110693537 0.5460788061226316 0.0 0.9900810114454128 0.0
420856 25.50338568134641 0.596055133649662 0.596055133649662 4.954798873850995 0.6497317036214565 6.1239324817886205 0.5834240839979672 0.0 2.2301737945111344 0.0
421107 25.435320006703133 0.5860615555509417 0.5860615555509417 5.5176068593079295 0.6036122200539248 6.074876822157702 0.5333831779758148 0.0 2.576872257528422 0.0
421198 25.95215344691053 0.5860519062044743 0.5860519062044743 5.461440926343296 0.6312299447294419 6.047965836374739 0.5855957386556812 0.0 1.165323027971942 0.0
421213 25.72139948926662 0.587465920941034 0.587465920941034 20.19312296107361 0.6593158964890526 24.68140453980584 0.560985785660273 0.0 0.9900810114454127 0.0
421429 25.768126279148827 0.5911854084599779 0.5911854084599779 4.229902328570425 0.6416038510379246 5.343266545966256 0.5528540328484065 0.0 0.9900810114454128 0.0
421641 25.767428360623747 0.593986515895826 0.593986515895826 2.9773090625430974 0.6194905503913893 4.821255149359838 0.5543829686835586 0.0 0.9900810114454126 0.0
421645 26.161457644033728 0.5911947618948798 0.5911947618948798 3.5587626795106155 0.6807635099739807 4.710593584959147 0.6076916253087774 0.0 3.892785686827136 0.0
422056 26.628527226087265 0.5777771665322838 0.5777771665322838 2.644784220799343 0.6486484232870261 4.904532019637916 0.607335384791432 0.0 2.729040254672992 0.0
422129 25.73604258622995 0.5831537868435976 0.5831537868435976 4.458671137841689 0.6064483204719927 5.9844482306756905 0.5325847238347402 0.0 0.9900810114454126 0.0
422209 26.141759524240435 0.5754144655862212 0.5754144655862212 4.331114963154049 0.6735889900076074 6.79372246767468 0.61682311002104 0.0 3.892785686827136 0.0
422265 26.647516149752704 0.5750703940777688 0.5750703940777688 2.197083486199289 0.6525132467993938 3.5976850494915644 0.6110110344565213 0.0 2.729040254672992 0.0
422286 25.90490177705574 0.5758880860559704 0.5758880860559704 4.697966985091995 0.6798090112053541 8.791355943908767 0.6236910440054583 0.0 1.8859686943083935 0.0
422390 26.27770027657451 0.5736141988845936 0.5736141988845936 4.353367280430098 0.6582387134921013 6.224297875036309 0.5970156505435238 0.0 0.9950403453375982 0.0
422554 25.673077056490936 0.5736749387907709 0.5736749387907709 2.857095302740016 0.6005467156788628 4.662316280020588 0.532190653605465 0.0 0.9900810114454126 0.0
422614 26.61725223443352 0.5718411376742304 0.5718411376742304 7.596091880925917 0.7003956873588616 9.102194368934441 0.6237145298443146 0.0 2.729040254672992 0.0
422747 25.64940816603231 0.5726679912103555 0.5726679912103555 2.940255130104056 0.5949122174284598 4.383703541899772 0.5292447001979563 0.0 1.1197028585211803 0.0
422749 26.554899706739644 0.5689586623178854 0.5689586623178854 4.686146809614958 0.6677849441120562 7.325399239795082 0.6058168270188448 0.0 2.588085795785625 0.0
422792 25.50550197605275 0.56980737289527 0.56980737289527 6.973020752332597 0.6333878009482088 9.644262208387875 0.5653641820978957 0.0 2.7355798603490094 0.0
422802 26.512271424288024 0.5697183724318398 0.5697183724318398 5.490464556038643 0.6745122150825257 7.166712096415064 0.6137196701579108 0.0 0.8102844447627507 0.0
422856 26.23472514066615 0.5697213390354183 0.5697213390354183 2.795271149632187 0.6398980740386663 5.4163971218261375 0.5957620295145263 0.0 0.9950403453375982 0.0
422857 25.704280094686965 0.5729327075983336 0.5729327075983336 3.126378986679593 0.6012756576772642 4.234303348154358 0.5316957513564069 0.0 0.9900810114454127 0.0
423044 26.26327482474208 0.5680178430012454 0.5680178430012454 4.053308391903187 0.6752574755241868 5.803722382994748 0.5937073276387927 0.0 0.9950403453375982 0.0
423119 26.3061164965058 0.566965546315048 0.566965546315048 3.229304387866654 0.60454359740479 5.4725192634870705 0.5798739110322502 0.0 1.6439024276574812 0.0
423129 25.53727677015052 0.5671586252186089 0.5671586252186089 2.406552524118182 0.6033193395730333 3.4022811963258217 0.5539908942355459 0.0 1.355369696333021 0.0
423314 25.44977382205313 0.5641671388288519 0.5641671388288519 3.491528285300454 0.5955490871976773 6.368487019525392 0.5367238325369977 0.0 2.5768722575284215 0.0
423378 25.846848898285405 0.5637507989197938 0.5637507989197938 17.517311809727698 0.7475722049534292 22.845978507578593 0.6054570455992594 0.0 1.3567982938903753 0.0
423568 26.15947305668522 0.5630443434026271 0.5630443434026271 11.240893270081655 0.7036182811658852 15.722927023381729 0.6227281761163813 0.0 1.2627399024943002 0.0
423679 26.284685811144502 0.5613675750182909 0.5613675750182909 2.3143796713168125 0.63960829895357 4.528178662529753 0.5953488899171885 0.0 0.9950403453375983 0.0
424017 25.55619719850138 0.5582582019798433 0.5582582019798433 6.074660118940622 0.612137087161863 7.801738147910658 0.5499794254020289 0.0 1.355369696333021 0.0
424049 26.57224145133681 0.5582590496603308 0.5582590496603308 5.054626796766699 0.6500758895426276 6.124468123727449 0.5932744362449606 0.0 4.063787118797165 0.0
424190 26.540662934065978 0.5554354107480834 0.5554354107480834 2.4260247052196133 0.6750196951507115 4.88848078788446 0.5949612705679939 0.0 2.588085795785626 0.0
424250 26.35573142269195 0.5570935796221523 0.5570935796221523 2.60154169256561 0.6427213747542071 4.706831859179609 0.5891006782047851 0.0 1.404917006204874 0.0
424255 26.093110896613823 0.5572714296819672 0.5572714296819672 3.677798027048273 0.6939057153123066 6.286741106615746 0.6109195890466761 0.0 3.832845599324708 0.0
424384 25.40791275722473 0.5557284781066648 0.5557284781066648 2.268172699727875 0.5591805589703147 4.642516327255819 0.5150180116746436 0.0 0.628715552018485 0.0
424435 25.859062408640977 0.554916713953978 0.554916713953978 4.072045945235918 0.6451571451772988 5.317498434666237 0.5729483697873915 0.0 1.356798293890375 0.0
424554 26.36035977533698 0.5544717472966825 0.5544717472966825 2.127177706579302 0.6355830319289785 3.9856277152507245 0.5873292613842479 0.0 1.4049170062048737 0.0
424640 26.58621958984578 0.5578313632448463 0.5578313632448463 5.122767481686148 0.6709717958843914 8.914296069676455 0.6020411307704694 0.0 4.063787118797165 0.0
424669 25.499581582483245 0.5535483054032068 0.5535483054032068 3.4143436982761446 0.5842672955480477 4.757685009547559 0.5322195473677421 0.0 2.7355798603490094 1.0
424778 26.09900901837176 0.5563580688669131 0.5563580688669131 3.2624758175697575 0.709899670562285 4.338741422778285 0.6250219082073172 0.0 3.8328455993247075 0.0
424785 26.559568803563835 0.5510440574360213 0.5510440574360213 3.490333520504687 0.6590705347736693 4.536717516091138 0.5895724808952312 0.0 6.172692237827498 0.0
424839 26.340313776053137 0.5517911164590892 0.5517911164590892 2.0675105423559104 0.6431495921972045 4.189256247379115 0.5793872494284048 0.0 1.6439024276574812 0.0
424959 26.1188049965314 0.5485620841694957 0.5485620841694957 2.8325349610039905 0.6735791066277479 5.677068816478068 0.588531944925024 0.0 1.9661004312124648 0.0
425172 25.900065104882405 0.547943392947629 0.547943392947629 4.059510636266514 0.680893141501271 4.805663204816912 0.6095306540480837 0.0 1.8859686943083935 0.0
425261 25.50026071437832 0.5550933525972175 0.5550933525972175 3.5754131606831354 0.6304487741025938 5.963540426170135 0.5558167508185198 0.0 2.7355798603490094 1.0
425279 26.20216408887213 0.5487356798068153 0.5487356798068153 2.73166212427531 0.6583269971459456 5.227561449175199 0.6112465108934756 0.0 1.2627399024943005 0.0
425424 25.95264073438475 0.5448965825356541 0.5448965825356541 2.8306733477463975 0.6462604352248728 4.958817269976894 0.5673782601679321 0.0 2.098375911621484 0.0
425455 25.79157408096696 0.5465053230078947 0.5465053230078947 2.923049564220409 0.6201862425335388 5.809150392988321 0.5684571795184193 0.0 1.3567982938903753 0.0
425654 26.56737942313656 0.5429250593142501 0.5429250593142501 3.5922227893163265 0.6615725209885064 5.24774459194236 0.5916837857027698 0.0 6.172692237827498 0.0
425773 25.73360656387319 0.5427670598916315 0.5427670598916315 4.184292932519493 0.5799847893225145 4.871694336065929 0.51480925295459 0.0 0.737634705545374 0.0
425939 25.47961912264556 0.5413510113848926 0.5413510113848926 4.585608877858129 0.5841314075305013 8.76699891434135 0.5444924561671614 0.0 10.011072329080772 1.0
426152 25.380798395024083 0.5467302322274123 0.5467302322274123 11.848331572806188 0.6120983158949203 15.011339583656039 0.5337989056507898 0.0 0.628715552018485 0.0
426208 26.627971252783937 0.5385859069407131 0.5385859069407131 8.696118034624549 0.6885713403652299 12.472078756207159 0.5957937559985954 0.0 1.3175849450488015 0.0
426306 26.3873653290767 0.5473779393002163 0.5473779393002163 7.820782665277564 0.7132018182724619 9.463185360724902 0.5981174376844763 0.0 1.404917006204874 0.0
426454 26.32154378840761 0.5369063789706 0.5369063789706 4.640219118642685 0.6525794584729017 7.150470943541471 0.5999183276876573 0.0 1.6439024276574812 0.0
426516 26.095348813157056 0.5364155756088628 0.5364155756088628 2.925305054567154 0.6525832277384667 5.21621807227977 0.6208239046438048 0.0 1.5759939199000064 0.0
426610 25.440361442758608 0.53541419915776 0.53541419915776 5.026071621999679 0.5891119710683717 9.290944416131216 0.5307404931881435 0.0 2.130655448575741 1.0
426663 25.41823691245247 0.5353143077809087 0.5353143077809087 3.438004393323086 0.5532453271938237 5.708647483973644 0.5063062719518973 0.0 2.1306554485757414 0.0
426719 26.022117256885164 0.5341997373298749 0.5341997373298749 3.692488779781137 0.6781796947507256 6.005209248688395 0.5863422509798991 0.0 2.5322353537618403 0.0
426721 25.49635552601701 0.5336942887457993 0.5336942887457993 2.9315076852107245 0.5884492203320166 5.933970544705247 0.556249371816181 0.0 3.512971984498116 1.0
426808 26.69579519344332 0.5313716082125132 0.5313716082125132 3.5179281450640953 0.641632118871393 5.009590589094346 0.5791472663885998 0.0 0.42201142793787166 0.0
426855 26.599116652935912 0.531221984288077 0.531221984288077 3.045167041827716 0.6439763949948959 5.022248863941535 0.5732657118841312 0.0 2.7717186636641937 0.0
427001 26.051419799820863 0.5323603430843735 0.5323603430843735 2.4246537966324238 0.6418860204167204 4.61980189004745 0.5795679255746944 0.0 2.5401544008629147 0.0
427346 26.225391229747583 0.5291893338713121 0.5291893338713121 3.490960710861427 0.6919243573011467 5.602621926305531 0.6281757833943499 0.0 1.7702453865725065 0.0
427399 25.494441845266664 0.5270923996343203 0.5270923996343203 5.032790451809781 0.6281450026177775 7.121386101303402 0.5456466357852556 0.0 3.512971984498116 1.0
427523 26.254983089239666 0.5425870319943946 0.5425870319943946 3.6458736387340056 0.6803330253067899 6.726859803819664 0.6026944465477344 0.0 1.7702453865725065 0.0
427608 25.88246426935385 0.525604367535717 0.525604367535717 2.549212694144089 0.6155106880852929 4.9170706763694385 0.5592186823024644 0.0 2.2150373169864257 0.0
427637 26.540477699033804 0.5238736477243483 0.5238736477243483 3.665103956898441 0.663741069495772 7.067317167901257 0.6021846338812444 0.0 3.2303893817522784 0.0
427641 25.82983009038979 0.5249070806429259 0.5249070806429259 2.1926216918569112 0.6506369635756749 3.6379454942389344 0.545079370370423 0.0 1.2122810760266507 0.0
427842 26.077120085571668 0.5219416616014894 0.5219416616014894 2.4348994938334987 0.6605993205060254 4.775811596293813 0.5990567939826807 0.0 2.540154400862914 0.0
427886 25.575829216506342 0.5284226491278126 0.5284226491278126 2.1762419931356787 0.5596400196002876 4.228135096452536 0.5221551443613477 0.0 2.348464962249559 0.0
427894 25.46425947707103 0.5255923862235696 0.5255923862235696 4.29284656562678 0.610727079798336 7.0842934120798455 0.5465585275580869 0.0 6.3665593374775815 1.0
427954 25.95292582270421 0.5281720104480113 0.5281720104480113 3.7114400748490723 0.6633686448962665 5.048004485513653 0.5787415433719534 0.0 2.0983759116214844 0.0
428023 26.29497767154055 0.5220797668018612 0.5220797668018612 3.5552913077147457 0.6498911221090937 6.707859451160696 0.5847459092421083 0.0 3.2875359054617275 0.0
428151 25.491288136344807 0.5261320748919361 0.5261320748919361 7.234854764239768 0.6152744058906456 8.412403435796472 0.5646201677192578 0.0 6.8478421696075245 1.0
428289 25.88815402482192 0.5195756786664036 0.5195756786664036 6.851822621706836 0.6331018264545493 10.224010526836679 0.5589627072605434 0.0 2.215037316986426 0.0
428357 25.99098387153291 0.5188940952351028 0.5188940952351028 26.672152570684435 0.6850648266952813 38.49105847331696 0.6090367303756445 0.0 2.6781469268345774 0.0
428513 26.661131136462792 0.5178045561590541 0.5178045561590541 3.650034392005954 0.5958739095477683 5.05533608455137 0.5600079816017479 0.0 0.42201142793787166 0.0
428623 26.60034829503047 0.517445152583269 0.517445152583269 2.955319802113449 0.6028129788365792 5.30936633420215 0.5412274224018135 0.0 1.628586910877986 0.0
428716 26.56738780323352 0.5146564330501877 0.5146564330501877 4.666099895013971 0.6637077107039452 6.652177153937993 0.574339982995678 0.0 2.378456946863291 0.0
428853 25.512296521231068 0.5304758375116787 0.5304758375116787 2.577472956820557 0.6071640556619013 5.317338385884995 0.5447474912604877 0.0 3.5129719844981158 1.0
428921 26.3866984301603 0.5124413262760709 0.5124413262760709 3.5530790807553663 0.637365209990022 6.809855462079857 0.5946116354428267 0.0 1.4912892173372034 0.0
428956 25.556995759291773 0.5140034105449173 0.5140034105449173 2.7762863769430743 0.5662293683772822 4.206872815442749 0.5208938492314958 0.0 4.220882607764366 0.0
429032 26.47083540464061 0.5142386063281581 0.5142386063281581 3.705112933206741 0.612566001063829 4.6948912930264175 0.5850839817119613 0.0 1.7967222239004281 0.0
429038 25.57356313651181 0.5131241721704576 0.5131241721704576 18.029610575870244 0.5924870897492376 30.215836028296454 0.5578222019630991 0.0 2.348464962249559 0.0
429052 26.014114280962147 0.5116522151960374 0.5116522151960374 7.188451047246375 0.633012898226405 9.401658900925383 0.5684943010499012 0.0 2.5322353537618403 0.0
429167 25.57141624854569 0.510025247532948 0.510025247532948 8.032219079984953 0.5842784974951937 9.511186089008508 0.5176995433788881 0.0 4.220882607764366 0.0
429342 25.66088936890328 0.511457095731407 0.511457095731407 2.4129623812368366 0.5575820617174275 4.8572133335057455 0.5155415887938404 0.0 1.0189318527601248 0.0
429686 26.279010608596884 0.5059593044843148 0.5059593044843148 3.2129504411617114 0.6436770341026627 5.394183175054361 0.602927193270962 0.0 3.2875359054617275 0.0
429693 25.95802810685436 0.5075476748292009 0.5075476748292009 3.6293723904958846 0.63326353159944 7.1886901547176265 0.5650687678430268 0.0 6.316577652194395 0.0
429880 26.20996838364385 0.5041282808522017 0.5041282808522017 4.373373506845348 0.6958371517238232 5.945476159303301 0.6200736582772247 0.0 0.9562312372332652 0.0
429972 25.46764334662597 0.5031613674178929 0.5031613674178929 2.6686095999904564 0.529470762673563 3.6002243270578242 0.4876474940369975 0.0 6.672733328682679 1.0
430098 26.51790012122072 0.501364846309279 0.501364846309279 3.340240597521077 0.6407619466788322 4.624042345809816 0.5464967484710076 0.0 1.5165412683350716 0.0
430293 25.79075180009553 0.5009847703767 0.5009847703767 2.746393565193912 0.5957169754434606 4.90175492220122 0.5398628745626476 0.0 1.1406113209000748 0.0
430467 26.04355357568713 0.4984575411953409 0.4984575411953409 4.113466466813113 0.6700730658642584 5.301337370563305 0.5662420683332163 0.0 1.6863380719031003 0.0
430584 26.201432257119023 0.499899253125116 0.499899253125116 5.670486987394629 0.676837132254576 7.900546831773625 0.598931973959724 0.0 0.9562312372332651 0.0
430711 26.05550354799066 0.4970918002415487 0.4970918002415487 3.6587026494491957 0.6587175257578393 5.154390313889661 0.5714674357106035 0.0 1.6863380719031005 0.0
430831 25.4493130313178 0.4954006774749299 0.4954006774749299 8.11415607285547 0.5774325819261443 8.432383523915187 0.5085290572379546 0.0 6.672733328682679 1.0
430840 25.78919271373522 0.4970268300404075 0.4970268300404075 2.4331523482883144 0.542151639920454 4.239712044135713 0.5103904129753841 0.0 1.1406113209000748 0.0
430855 26.317406665025526 0.4952505887215898 0.4952505887215898 3.7966101046046985 0.6625077586943948 6.086070837358649 0.593463365912471 0.0 2.29695636502871 0.0
430918 25.928694734336936 0.4971086723504964 0.4971086723504964 11.887592710561432 0.6268050229245936 14.30161787751055 0.561107502565267 0.0 1.9102242872174942 0.0
430951 25.86038118503228 0.4969549692075156 0.4969549692075156 3.757582280117042 0.6074120236008526 6.596275578296584 0.5433125631608017 0.0 1.0777550776341769 0.0
430959 25.974061108555805 0.4946529949679995 0.4946529949679995 2.814875387073152 0.6461569580515293 5.3703962951276 0.5727414780885189 0.0 4.23095091370913 0.0
430975 26.50848829062685 0.4951458902922577 0.4951458902922577 6.388973727060577 0.6113774584892255 6.719117588882205 0.5449327512656769 0.0 1.5165412683350719 0.0
431269 25.424744577116265 0.4919445049977333 0.4919445049977333 2.5961418810298755 0.5268119277045218 5.379166916835594 0.49736035626901937 0.0 1.9678461243098275 0.0
431350 26.69237790291434 0.4909370222253027 0.4909370222253027 3.730063933029884 0.639083065072392 5.237071668791037 0.5900498975252285 0.0 0.6778280167945425 0.0
431540 26.310886711011467 0.4907888103113447 0.4907888103113447 4.841841439942017 0.6468094668945585 6.567230265403521 0.5866160464170926 0.0 4.623385618203727 0.0
431557 26.4091978273092 0.491824755959303 0.491824755959303 3.05084935298215 0.609109322690647 5.779355052620815 0.5637538312632433 0.0 1.4912892173372034 0.0
431573 25.43601288452393 0.4899767287679469 0.4899767287679469 3.1035395234321363 0.5899718909524145 4.750336671699253 0.5288401875260756 0.0 1.9678461243098275 1.0
431576 25.44652761332053 0.4905124687369297 0.4905124687369297 5.189897708990416 0.5463785339977894 6.003245657446295 0.5042220582654956 0.0 6.672733328682679 1.0
431677 26.06419541207148 0.4893896494860082 0.4893896494860082 2.6180796374269444 0.6538261625958309 4.871630986105856 0.5856967766915943 0.0 1.6863380719031 0.0
431817 26.2348011800106 0.4897818618092672 0.4897818618092672 3.5265906855597198 0.6604789271713043 5.897349889940282 0.6031172689031973 0.0 0.9562312372332652 0.0
431874 26.35658941539376 0.4897304921290027 0.4897304921290027 4.510029285249083 0.6388186106894783 5.292748815610481 0.570529302633173 0.0 1.4912892173372034 0.0
431965 25.598097308928104 0.4869990766770043 0.4869990766770043 6.343026387299874 0.6073359992531321 9.356098948745728 0.5400815091809482 0.0 3.3311229733431142 0.0
432009 26.29891141816964 0.4880862850910042 0.4880862850910042 4.0112530316204165 0.7145146996176482 7.458340676129253 0.5931342165162624 0.0 1.3340874178201516 0.0
432099 26.531931410083057 0.4851596355738809 0.4851596355738809 2.6984906945722074 0.5774811937054284 3.2025967142523006 0.5392015112802919 0.0 1.516541268335072 0.0
432118 26.4434402273734 0.4859120405600939 0.4859120405600939 9.615404756453644 0.673306819939502 15.465229171570948 0.5831455888178008 0.0 1.8272669502965044 0.0
432232 25.966926839446938 0.4833907127432502 0.4833907127432502 4.882763930400173 0.6380335615182632 5.530825433649544 0.5721937069500178 0.0 3.554112146959128 0.0
432341 25.64511380573588 0.4838118855724075 0.4838118855724075 3.018411469463063 0.5633977826651059 5.154619764354804 0.5293968431101967 0.0 1.0189318527601248 0.0
432375 26.103725513440395 0.4835956127534285 0.4835956127534285 3.1136719117615357 0.6749535581404079 6.373299041289312 0.6144872733834702 0.0 1.6863380719031003 0.0
432399 25.74488111063372 0.4816751225892651 0.4816751225892651 2.9381741096676746 0.5798914425128395 4.687813351349156 0.5430274497124487 0.0 0.794731288939882 0.0
432564 26.033517598233363 0.4804460316394463 0.4804460316394463 4.565358264808289 0.6396470636528465 7.318211465768344 0.586286266096485 0.0 2.891436815470973 0.0
432606 26.04346771244433 0.4809942793813746 0.4809942793813746 4.812305036098305 0.6703736859484976 8.733142223484775 0.5962308964751154 0.0 1.9012501518224965 0.0
432736 26.534357506495823 0.4795474728920348 0.4795474728920348 2.704731309439805 0.5902100270831814 4.707865673873564 0.5384808153524046 0.0 4.1293352097650615 0.0
432792 26.68960080464901 0.477559122283634 0.477559122283634 2.7973866777703975 0.6717464654929577 5.384236458762411 0.597642145595823 0.0 0.6778280167945425 0.0
432805 25.96379112585788 0.4780109639782724 0.4780109639782724 9.65144882357388 0.6644904214071516 15.007811557424333 0.5915160885726904 0.0 3.5541121469591284 0.0
433140 25.96227958941504 0.4836414332770148 0.4836414332770148 2.2424248037606436 0.6191886985512286 4.364233601223758 0.5770144843994754 0.0 3.554112146959128 0.0
433191 26.60947947271621 0.474667809335648 0.474667809335648 2.809517293803807 0.6070227897518435 5.77613914082654 0.5725771029685409 0.0 1.3139283227294212 0.0
433300 26.678625642592976 0.4728040482332671 0.4728040482332671 2.580633244259646 0.645187698493941 4.798710289178737 0.6055731743167184 0.0 0.6778280167945425 0.0
433393 25.963026853483647 0.4731237150998444 0.4731237150998444 2.708942472283641 0.6205056887812679 3.419981072162153 0.5777744264001886 0.0 3.554112146959128 0.0
433573 25.585328174466618 0.4717480014628163 0.4717480014628163 4.631337376984401 0.6010796399523509 6.6011321510486844 0.5625415937244236 0.0 4.744768907469636 0.0
433584 25.62879177931854 0.4763566622410414 0.4763566622410414 6.687012678933747 0.6675573881017277 10.663132234729936 0.5604382977939512 0.0 1.0189318527601248 0.0
433592 26.124258425640903 0.4709831092175341 0.4709831092175341 3.74357748384209 0.6816879102215404 4.865870775102145 0.59400615403582 0.0 0.6031261668454502 0.0
433776 25.474887331281884 0.4706313266768011 0.4706313266768011 6.045441237457764 0.6271160028975572 11.402058014948917 0.5594892072335892 0.0 2.484999531758537 0.0
433919 25.50294653477568 0.4724439304068671 0.4724439304068671 8.512578392883697 0.6329815185284329 14.73551359997803 0.5645141595442008 0.0 1.8796011926837666 0.0
434174 25.54595951453847 0.4691911472512396 0.4691911472512396 3.917477064300971 0.587476742625631 7.041750437368625 0.5477865253308759 0.0 3.062248795951202 0.0
434278 26.270415791645323 0.4644595593393134 0.4644595593393134 3.507324572092641 0.6488808998364715 6.422091000273423 0.613686102404677 0.0 1.3340874178201516 0.0
434649 26.55175196709079 0.4616769728706267 0.4616769728706267 4.290989330211956 0.6434961418432972 8.131427048860493 0.5807588275680179 0.0 4.129335209765061 0.0
434689 26.400412953454893 0.4602091721566367 0.4602091721566367 4.410286833275445 0.6693104593755951 5.5399861984043275 0.5634675074701248 0.0 1.5833026966448775 0.0
434786 25.98025743722416 0.4640674116237894 0.4640674116237894 6.467444163762271 0.6397428909322199 7.3895655387844705 0.5774411953093981 0.0 3.3557088255757956 0.0
434811 26.592225414522257 0.4601031022246488 0.4601031022246488 3.360743966610802 0.6373103993344309 4.630248324215504 0.5803084248031086 0.0 1.3139283227294212 0.0
434834 26.710068484629787 0.4601450614383947 0.4601450614383947 3.354417726289041 0.6860369523185796 4.4732505131041 0.6191242458166591 0.0 0.6778280167945425 0.0
434994 26.579191814451907 0.4583151229722625 0.4583151229722625 3.2436263717262483 0.6396270634222297 6.550345955923088 0.5852367169205763 0.0 1.3139283227294212 0.0
