Galaxy_name RA Dec Lya_flux Lya_flux_e NB_flux NB_flux_e dist Density Protocluster
32430 35.02472946464987 -5.763849664079801 6.03750052317027 0.5570178484544965 7.48379852804053 0.34755973695878156 73.32609502620147 0.0 0.0
37741 34.490662859301665 -5.718123518733788 4.756981343373169 0.590412987006356 5.598089314020995 0.39681225476606463 93.17667503937543 0.0 0.0
38708 34.726344598909634 -5.70944751635758 4.41976638794795 0.6074022152588738 5.108752758739897 0.42570256225560155 82.26906935941655 0.0 0.0
38780 34.45595291080293 -5.708239349072378 4.13017505085812 0.6087228384874729 5.539346679040168 0.4357345961219414 94.4453414124254 1.6352594939123732 0.0
38845 34.42374429285987 -5.707805251945326 2.7730687909027663 0.6295145657625656 4.5757984847382405 0.4527234284377937 95.96368770199003 0.0 0.0
39136 34.76974042715988 -5.706569019024939 6.444657983072533 0.63883721354631 10.42766951874322 0.4220197241112824 80.31376379912089 0.0 0.0
39213 34.47496664292033 -5.704915399686373 3.972564389639483 0.6205020774851068 4.748751757136561 0.4335800886586996 93.42431313566219 3.34566882980033 0.0
39395 35.05338132151221 -5.704504898236876 5.040936831578437 0.4655114205690291 5.85627604097207 0.3594682292022037 69.4197363975303 1.2490595638609028 0.0
39396 34.30006979902001 -5.703436432468852 2.5674038179739096 0.6250633959537863 4.065046145715951 0.44278782863220306 101.83044400851014 0.0 0.0
39630 34.39614187530344 -5.701649336839236 4.805740585120664 0.5910716693108289 5.638953155175943 0.40823853987072894 97.07210500201046 0.8818797635756708 0.0
40097 34.30364414065367 -5.697961380366132 5.422645626478574 0.5527135923180799 7.8365944171714235 0.44327664765556907 101.4696443967569 1.8417865884227207 0.0
40106 34.39923960576989 -5.697220702335848 2.2250716506295047 0.5208941017515469 4.085526780596458 0.40869572682775873 96.76641278834035 5.4807853885105375 0.0
40213 34.24733142671508 -5.696107561253807 2.6771486706549332 0.6045865463650283 4.078578131893295 0.3849290958019703 104.21257610506244 0.0 0.0
40276 34.37940962091931 -5.695640258955241 2.300604973189252 0.4942073501137001 3.596228625815105 0.3744344326056154 97.67281412227797 0.9466448982441863 0.0
40521 35.00699771119497 -5.694394147813871 2.4088381169882473 0.5754920288315714 4.160012515422169 0.34632370130465606 70.53476266182753 0.5953406665044992 0.0
40593 34.56603998587244 -5.693619699558866 3.2362060757298985 0.4928972328977005 5.393714855728635 0.37500083537247 88.75524335140358 2.153511279114108 0.0
41248 34.575843533295625 -5.688582247574641 2.81130546693251 0.469128408066604 4.2942485069749985 0.3535720028283679 88.11166019645675 1.026919945875147 0.0
42617 34.326973823783185 -5.676624358692535 2.563881285800707 0.4896164861244839 3.3606029752079105 0.3691455419054362 99.59925380546335 1.8417865884227207 0.0
43789 34.432258728171895 -5.668861064456998 11.155226014508735 0.44378624955586515 15.205545338353854 0.3838140723701811 94.17196290639774 0.9854940905129985 0.0
43948 34.571510518347914 -5.666283075308724 1.8755138352936107 0.43449590167403584 2.9970874530464267 0.35474668977043156 87.46477819461374 1.0269199458751468 0.0
43989 34.32104233671513 -5.665441813253154 1.6507075485113067 0.43650335321054395 2.909642516476012 0.36576215398910056 99.52227081339217 2.0967193655651215 0.0
44112 34.75553685185404 -5.665196716793682 1.8938539876415985 0.4460445457343467 3.5290961722965797 0.3633653274010923 79.16954076545156 1.8768878298170328 0.0
44154 34.80658475700168 -5.664922976352311 1.4382945856057692 0.42879532076860416 2.6914749117730348 0.3720290418773764 76.98965738381978 1.0235161014586591 0.0
44331 35.044354400980964 -5.663990151018293 2.0452233244701103 0.4453450740692324 3.5345915876988623 0.330554752490279 67.74430686186318 4.0279354791957624 0.0
44518 34.52675011289493 -5.66272551763665 4.511194110163326 0.43953256483293024 6.007046808859721 0.3922179342561079 89.42997382439549 2.1144123251306937 0.0
44519 35.00483666069161 -5.663178480462422 4.949387922174419 0.45740137986115253 6.936923474312559 0.35054916521574825 69.11845323707635 2.8847415805070686 0.0
44785 34.74318361767085 -5.65982015272471 3.1955033877513364 0.46586571454896253 3.8999547540494905 0.39697216476080394 79.48117957077694 2.6988984170026136 0.0
45140 34.533253317594365 -5.65643649455965 2.030260113911403 0.4153654756965676 3.146144195750039 0.37269045134827505 88.89201003776385 2.1144123251306937 0.0
45450 35.04035568057317 -5.654568309199068 2.2962292500564976 0.4325328327014525 3.1348516861992803 0.3651930806838944 67.429193110475 7.517155952913235 0.0
45772 34.259672228491134 -5.65190863114188 6.487886171543884 0.45113377287566714 10.400458574691669 0.40161937113887397 102.16856896437794 2.3781372400369163 0.0
46198 35.0512973197248 -5.649186078678057 6.165530644031779 0.44213063812041653 7.363642995989931 0.3737547990126556 66.78224281688705 3.8807090293028117 0.0
46767 34.49102657192289 -5.643925266987832 11.386302172815265 0.4306899198052329 16.362750383843196 0.40003458159354394 90.4543766013043 0.9517094356767386 0.0
46786 34.99598355917003 -5.64356903000088 2.788291273900396 0.4279070684920861 3.8262021280450407 0.3667973191154259 68.51810602343497 0.9928169565550459 0.0
47053 34.22978995237021 -5.639972816003228 2.9361524350015316 0.4456859276487435 3.5070927780305214 0.3994793858790128 103.31617748878024 1.6958220521055487 0.0
47233 35.05093350868388 -5.640122397550476 3.259938137097164 0.4617568963502303 5.430833497064379 0.3639888060186463 66.356754192317 2.8989911999619276 0.0
47535 34.44476572933045 -5.63667903191676 1.2437236736018933 0.38374342063686046 2.039455882506089 0.3591705010110193 92.4441809070164 0.9854940905129985 0.0
47587 34.88248602974569 -5.636928778109642 1.5903298073591063 0.3803529107753023 2.706251184647135 0.33991151771255096 72.6420663130247 0.4664228468780814 0.0
47639 34.304582636663426 -5.635733564349179 2.812275056529176 0.4275673557101815 3.8305882570686127 0.39548520900666945 99.3810971947313 2.0967193655651215 0.0
47662 34.714262088607285 -5.636024131897134 2.5903655671580514 0.3858458857928867 3.0934027208827577 0.35801743622085014 79.78849284129329 1.2980710139101572 0.0
47740 34.138234741519014 -5.634575194561972 2.890367270519858 0.5292695494126922 4.008902589163874 0.3955204693216626 107.87718445873261 1.3521901078522252 0.0
47781 34.5367200471152 -5.6356401212145695 2.6176022957178247 0.38423086233291726 3.900265273198503 0.35538865035512884 87.96989375125574 0.9071306822125084 0.0
48012 34.70931771143983 -5.633717670853676 3.247178452193579 0.383509416604659 4.021046171661007 0.3585354746172832 79.91724699293385 1.2980710139101572 0.0
48219 34.84726337661942 -5.632755726307703 3.131705055320938 0.39584289062777483 5.663426336979524 0.3552473788763326 73.91121575199408 0.46642284687808144 0.0
48353 34.83640725482747 -5.630910189176254 1.9852683571652165 0.3875808775758337 3.2388712730047304 0.3546537918708099 74.28634243908347 1.0235161014586591 0.0
48972 34.23318103475683 -5.625241989185711 2.530460879644191 0.4178131839571976 3.3847412346671972 0.38625773467562347 102.68888097353484 2.812214639479593 0.0
49371 34.666649028758066 -5.622879316651725 3.053348329110913 0.3774756435804878 3.385428391811306 0.3561374969351579 81.42295047425884 0.663537961484623 0.0
49480 34.33702104118999 -5.6214821840472124 4.114628005363248 0.3904167918681804 5.816624992578836 0.36445656462404696 97.28727282693717 1.549115306410815 0.0
49870 34.11123107220369 -5.617263775550771 1.8446713274340905 0.49272611067678185 2.8087304233489254 0.4088468977159615 108.78536178634462 0.49615196525505784 0.0
49963 34.92088463989411 -5.6178318641361615 1.736173708250764 0.39767199984151164 3.176033137243003 0.34547398204496244 70.24715023443414 1.0242709618231676 0.0
49983 34.996840825868645 -5.617768352328431 2.24580787444776 0.3905128240457949 2.6494037110206046 0.3397090816967516 67.2818081348644 0.9928169565550459 0.0
50142 34.898477590644305 -5.616326353836992 1.48089068527557 0.38644163722719593 2.7476768518187282 0.34285185410761404 71.08676721244039 1.0242709618231676 0.0
50493 34.978808435205174 -5.61383508918545 1.7354679494257235 0.3852831822673441 2.143122866161607 0.32861759922259337 67.78886292066046 0.9928169565550459 0.0
50977 34.33590597286201 -5.611518941972766 106.31580776762884 0.46015074122811994 186.5248101695253 0.42749669438143306 97.02423015210617 1.4562687614536491 0.0
51754 34.92308773195269 -5.603417633887687 2.132070060449781 0.39214348464026794 2.9471829186962397 0.3565735958479635 69.51977294915525 1.0242709618231678 0.0
51770 34.68454201773287 -5.603003939955988 1.914159472041257 0.38431300623132125 2.9147152501185167 0.36580960669298146 79.83832947041691 0.663537961484623 0.0
52219 34.184620388846874 -5.5987619635303325 4.048226726827869 0.4635909784694843 5.151043956599975 0.4347673271310155 104.4105170334641 1.1403521264667147 0.0
52324 34.75622447290276 -5.599320748031931 4.277762997468388 0.3886078547737181 5.179883468608315 0.3625782829138833 76.45272483329845 0.8394173759963465 0.0
52649 34.93994906957032 -5.596785017290205 2.951002985676816 0.3618037352353645 4.109434729144808 0.33695422800333197 68.54697268730322 1.0657726735210988 0.0
53303 34.944833546762 -5.59213923065775 7.492847324938353 0.37120173726211886 10.046428988929895 0.34708677540797184 68.14455821944908 3.2842444719635124 0.0
53701 34.69699366757309 -5.587541614620616 1.3717115723311901 0.40334365888994833 2.4565683726826384 0.3795180509940908 78.67348489108963 1.298071013910157 0.0
53823 34.959017303387725 -5.58658872394953 2.432047728966423 0.39797617649759615 3.283346787061306 0.3683619046568136 67.33029289786101 3.2842444719635124 0.0
55042 34.09460192495968 -5.57485278981013 2.5800102784373884 0.4927455767119485 3.6684730422636433 0.43076200766761913 108.47758532803391 0.6292565376841692 0.0
55125 34.61728836648 -5.575078455548444 2.2520684911752857 0.4028445314325454 3.5988262308433834 0.3916964609948296 81.94085466001424 0.8212523737456734 0.0
55334 34.24684906147647 -5.5728415367453215 3.100483883540676 0.42493085379954204 3.974291122902574 0.4127866232321924 100.40842897774753 2.390928751970426 0.0
55526 34.13017413656127 -5.5709568930526805 3.971471955278647 0.4225015245565417 4.97590756514304 0.390222102814712 106.48239335280022 1.2484264586795797 0.0
56300 34.712967520154095 -5.565872900391128 1.4499502883723359 0.37842163545424246 2.3972179600080143 0.36366280695594744 77.11040511390571 0.8394173759963465 0.0
56396 34.952717893026175 -5.565709332916369 1.5231520467761348 0.37333601320884585 2.660209814241266 0.35351441128750416 66.65708781116061 1.5087753353648599 0.0
56959 34.53416669814868 -5.560185387795112 1.6100363176327743 0.35783592908884043 2.6058680422887104 0.3471120902697938 85.44047170544493 1.6034766537013778 0.0
57431 34.2366626232324 -5.556620328371141 4.126093547381681 0.38746256273299334 5.820807608162516 0.3749386118288792 100.46746938091987 1.7227260564283378 0.0
57486 34.08520217835578 -5.555541946433043 1.6606551196957144 0.4578543881659447 3.108384809384985 0.41150025253451694 108.45779404825585 0.5972333824728712 0.0
58048 34.929775262529255 -5.553145523016461 3.8605410152194244 0.38541324878437877 4.692813279512375 0.37015042865210696 67.05185053073903 1.811463237484063 0.0
58204 34.924073655024145 -5.551756993749349 1.5659869294095743 0.3840923574416078 2.9307525696197168 0.3682365735293503 67.22960608903111 1.811463237484063 0.0
58232 34.43333039896101 -5.550882615164652 2.52096205099037 0.4105079904423975 4.044641390959639 0.4020694213123781 90.16256745537218 0.5338244727675564 0.0
58523 34.78904947605563 -5.548804405488856 2.1540319232400966 0.377216256112106 3.466530063096591 0.3651182411487809 72.97815245388857 0.6385828356152558 0.0
58832 34.104730065037124 -5.545437571571035 2.5465706720310006 0.48983358396222926 3.9870373261918606 0.4620328146262082 107.14367476238384 1.4997637269160433 0.0
58859 34.91016859832022 -5.546531059323037 3.615491900392441 0.41071657045455123 3.9516904489210654 0.40065922972272083 67.59074686417466 0.688034152252743 0.0
59078 34.08195117139773 -5.543298847067094 3.342449484281942 0.5161443886195576 4.0041168002628655 0.48248040850117996 108.30777156149479 0.5972333824728709 0.0
59201 34.5720606698358 -5.543299791717543 2.2419955888634147 0.461851446575728 3.3237884068941237 0.45491488141781594 83.00385715182192 2.263863661674226 1.0
59355 34.38401684378675 -5.541560339497449 1.8281160155802216 0.4331646316128713 2.910180491822552 0.42611566691232516 92.38102965076736 0.8450927861041577 0.0
59392 34.998554171041434 -5.542113554708743 1.9374989642708467 0.3976994550927425 3.157097731105211 0.38073487718959115 63.76729030835745 1.0263610514644075 0.0
59523 34.58593976080108 -5.541031592912184 6.403665495639064 0.4465713962618203 8.011917101700261 0.4401638865705262 82.24725591930215 7.054880227143722 1.0
59959 34.21087097994964 -5.536231858689745 3.0377192336273797 0.437820237149898 3.3794063278285953 0.42655625048781076 101.24635928150346 1.7227260564283373 0.0
60193 34.57755248768728 -5.534867913226604 2.4361099308967074 0.43516148623691475 4.319177706223987 0.4276249631010832 82.44557499270545 63.67370234368451 1.0
60486 34.57698597503157 -5.532651643465127 4.10914815275343 0.43301620003756514 4.967845946559992 0.4271296979506617 82.397607562482 26.177038904780517 1.0
60614 34.251029692308215 -5.53074551699202 4.39306594953293 0.4481055125751341 4.918170249720272 0.4379386374672276 98.97338408680889 2.2554198571369763 0.0
60744 34.592168591377906 -5.531794866176097 3.2930508788180766 0.41913890876985715 5.015038595257959 0.411320764731035 81.62420638396648 3.6047273002837086 1.0
60777 34.34566194074359 -5.529398449160255 2.8655561919447843 0.3637848151280155 3.276666113068589 0.35660011705642014 93.98980086005166 0.8450927861041578 0.0
60930 34.55674719359867 -5.52950445745907 7.632113689870178 0.36626226247511345 9.296751779385913 0.35970466393384387 83.28821585653235 1.6034766537013778 1.0
61140 34.566351379211106 -5.526822944360143 2.063397277245103 0.3763381530104441 2.3278241130309163 0.3692127934281302 82.7233114623406 9.956902074585438 1.0
62659 34.27645383063294 -5.514204902270142 1.7764412826530849 0.3925599901281501 3.3273885688545803 0.3832972587378886 97.16643803162235 2.1507774941460527 0.0
62698 34.9125783444856 -5.514742098610969 2.7297572355910837 0.3519513577659915 3.237384059405514 0.3395727829445411 66.15291621345007 0.688034152252743 0.0
63626 34.56755877564419 -5.507281083358151 2.5358512231754697 0.36693002243934936 3.232866245214952 0.3607379044308055 82.00920992668122 4.545778530093478 1.0
64159 34.85337718970955 -5.503058365986563 2.834588693681659 0.357750981688694 3.4441214837013345 0.3494955641660443 68.27962372135057 0.887229704249342 0.0
64237 34.56565917271978 -5.502010272489575 1.9567635833261123 0.3861949329413127 3.3549013758273842 0.38031145872957883 81.92938739575638 4.545778530093478 1.0
64606 34.74535871242738 -5.499408067031929 1.7977170933496438 0.3574300958904606 2.9731407356482156 0.3511727543383375 73.10913559172045 0.6385828356152556 0.0
64612 34.56309221794711 -5.5007869127839975 5.58077833190117 0.37880199109245855 8.22631989194028 0.37308835235390075 82.017189966367 4.545778530093478 1.0
64852 34.824208710613064 -5.497740228871968 3.8502401870636267 0.37037306084993527 3.9798889396375077 0.36359573039955917 69.38947289533972 0.8872297042493419 0.0
64927 34.66077083837902 -5.496578235926762 2.315795455770428 0.38560376717241435 2.7755146356826543 0.3800415501810151 77.05892345227298 0.5349508145651515 0.0
65082 34.53922609666216 -5.496135911212103 5.643728169836016 0.38583820611991265 7.503503693836269 0.38030450612111194 83.06220865966137 1.3642119999705336 0.0
65180 34.60875922333948 -5.495861158258095 15.860868099824234 0.40022595395120697 20.717824729888278 0.3948038717944165 79.58436372244508 1.4525796356567227 0.0
65439 34.58801481282099 -5.492516716593227 2.4427196974918144 0.43275589601941905 3.0100534692683034 0.4277310387261567 80.50142223987555 1.4525796356567229 0.0
65748 34.17449022427619 -5.488807205138378 2.8296566882015273 0.42095224805861653 3.3142384696615066 0.4073360176216984 101.90852369060133 1.1758912535501755 0.0
65776 34.92518012658365 -5.489784241489943 1.5538885618893579 0.38169190335848396 2.704675567019729 0.37274873354560906 64.57485749754093 0.6880341522527431 0.0
65864 34.41942407753388 -5.48847228019189 1.8331729654201936 0.3888753903974728 2.8643611444499784 0.3831820296123964 88.94668710981054 1.8499391823207203 0.0
66154 34.66390976723998 -5.486441275210609 2.2608545623518355 0.3865241359537387 3.1025338440318313 0.37983613052926446 76.55411817694653 0.5349508145651516 0.0
67061 33.99776199240663 -5.477613746976464 1.7664660852098681 0.45741320285216586 2.4652525029641823 0.41439901141007257 111.24858224427079 0.0 0.0
67305 33.97372696424524 -5.476173354461817 5.597813419783021 0.4844512780778859 8.508480686285788 0.4273737114859684 112.53774701963555 0.0 0.0
67861 34.24134453025588 -5.472231984415877 9.373206529764468 0.4138768838227395 10.922070888139297 0.40727778146812904 97.88313949962007 2.2278190138690617 0.0
67895 34.387912721407446 -5.471806708676258 2.15546756782287 0.3625957675403687 2.8115782301944843 0.3558738963823556 90.10042939071207 2.499449979530202 0.0
68518 34.84189571167931 -5.46723275036579 3.8846007884774356 0.3665131291006343 4.248886374185714 0.3602759473397547 67.40440009895731 1.2620972676754425 0.0
68608 34.90094952107706 -5.4660910665495415 1.9874558964252413 0.3677790122067226 3.411460062961831 0.36051001542189026 64.68188067828049 1.9335326968105002 0.0
68671 34.40384510418543 -5.464949786865152 2.464098554133731 0.3680481734302927 2.8462295703559986 0.3624264029517045 89.06817271213399 1.8499391823207203 0.0
68759 34.41987623593941 -5.464197639400049 1.4181084466441651 0.35603749869478996 2.4372843231586767 0.3503604502418241 88.20787797096298 1.8499391823207203 0.0
68970 34.049848216999905 -5.461860939932929 2.2721097764532012 0.4269630935173576 3.2313878720185545 0.40184203878487434 108.0163752419678 1.5474218608084591 0.0
69100 34.56124586785704 -5.462227529055628 4.10454745978644 0.3566756784240713 4.691107265943392 0.3511195645813773 80.86507710436524 1.8024244747470914 0.0
69387 34.27240487396113 -5.459836947064317 4.511364287917589 0.41852367924543116 5.676021792983242 0.41281938797513984 95.89039604877176 3.9075379230324954 0.0
69437 34.91882511641769 -5.4599117304699165 1.7327511831344489 0.34068154057779876 2.4299412635672506 0.3324418469770027 63.6387084709705 1.9335326968105004 0.0
69797 34.359352629727994 -5.455584334049112 3.7000369269931834 0.3649245535506806 4.210114761697899 0.35952559052424404 91.14555296677334 1.7977808814718301 0.0
70061 34.38390101577414 -5.454408953892993 6.548814504034145 0.3656345602927517 10.851259261560122 0.35984509741612286 89.81579295436546 6.646840703366578 0.0
70577 34.254479278780195 -5.449186083678199 2.9232362012980286 0.4054721902960793 3.5537783927918154 0.3989379296238627 96.5727109030653 2.826058739830848 0.0
70614 34.48838360201929 -5.450150888788655 4.919241807838202 0.3831347932706705 5.310603558290055 0.3780443374266788 84.22994426692563 1.1756023968012654 0.0
70619 35.01120283096103 -5.451825555149193 8.854874834550408 0.35374735286264564 13.88623677317577 0.34532505809247616 59.30629534401305 1.2909740985218188 0.0
71147 34.31069548486413 -5.444863515422727 4.321034098728421 0.38476354357763093 4.977997215359351 0.37956499721656023 93.44228846576857 1.633831048921196 0.0
71579 34.71635858361532 -5.442018556208713 1.7015697010793418 0.3699910919664812 2.9994510636625935 0.36413528965160447 72.45880597481448 1.1474901686671766 0.0
71605 34.89641292312233 -5.441972846396961 2.4416499166632017 0.36505999761896707 3.1670322258604493 0.3589908750762433 63.93645853748596 1.9335326968105004 0.0
71909 34.84106197130192 -5.439326333247813 2.876137113529894 0.3691029152630109 3.522119344809431 0.36364843209261377 66.38778610871938 2.5257847609673645 0.0
71977 34.462858239495255 -5.438256378745899 4.412064739517183 0.38438997458808083 5.085551305716822 0.37974875788140466 85.20797215436963 2.0465039399374243 0.0
72252 34.85224282796622 -5.43669994037859 2.077318038553912 0.3662429976290157 3.2427674963720903 0.3604685023636533 65.76766962146418 2.5257847609673645 0.0
72255 34.595673678976965 -5.436569286375725 2.173369751881206 0.38261566421012183 3.27871819157292 0.3778837828192339 78.30628829508179 2.9752222751164354 0.0
72508 34.032811836158146 -5.433680760829551 5.379262270520246 0.4464646135198745 9.95491700662515 0.4254461997826071 108.30268198751045 1.485586894015325 0.0
72635 34.40070473471325 -5.432991549566903 2.476233756665693 0.38028107318931237 3.3187535212261876 0.37559191759719396 88.32866115743634 3.032360634532397 0.0
72660 34.291457805323866 -5.432278456623757 1.8380735322178008 0.398907779363999 3.1680957447370655 0.393806609895177 94.14255572789251 1.633831048921196 0.0
72768 34.65737726303766 -5.432082942081695 2.9865381819451593 0.3774009331337016 3.9246050201720366 0.3720688328988142 75.04829967595296 1.2867339635038362 0.0
72881 34.06699669459629 -5.430603247148919 3.4713392422300577 0.4248912023687975 4.850185710292549 0.4122749296665325 106.34390475675197 1.603537367156283 0.0
72987 34.22599218807056 -5.429710650333028 2.6880509132562493 0.4027650592268557 3.374335988461854 0.3962342213442514 97.61623284391916 2.826058739830847 0.0
73049 34.59830667397597 -5.430108833088358 2.423008453919137 0.37856029859865176 3.825111259172203 0.3737236089664603 77.96923151011352 4.742104858232768 0.0
73108 34.828448113008584 -5.429510325797807 1.8232511603265016 0.3668769841532698 2.7713911402928266 0.36054910657810496 66.61735341167967 2.5257847609673645 0.0
73638 34.27221154421207 -5.424824748754906 3.342599863217392 0.4240040092101603 4.537479482457246 0.41927949391752567 94.98861473106388 3.3139892457578677 0.0
73643 33.969486088557055 -5.423819012432938 1.9322234538886842 0.4798151154615276 3.4304931739682774 0.45965609995461293 111.5994684244933 1.9806812524532995 0.0
73957 34.644958519619465 -5.423243899846595 11.892818301311788 0.37260575246433714 15.411364649981923 0.3680319918741168 75.38637594743128 3.2400527958575664 0.0
74079 34.768954757552365 -5.421631085857174 2.1121693007416744 0.42187804093329434 3.202459679719437 0.41746672327575096 69.18717728529934 1.0965039723341725 0.0
74178 34.992041444739776 -5.421958315363259 5.307437865293134 0.35529887986874825 8.271579070871738 0.3486233387141743 58.877563632910466 1.4179119631790482 0.0
74412 35.05698397723294 -5.418695725856774 1.608361374396198 0.35907430566884035 2.9310764414604877 0.3514642666212898 55.97166536903967 1.4112167537729507 0.0
74428 34.86461162263448 -5.418841634245335 2.750017348465025 0.4140270124313838 3.961250515781913 0.4092372567529323 64.52187823287626 1.9335326968105002 0.0
74756 34.00060159852929 -5.4137242861074 2.2637847875361743 0.4601585000676783 3.936807538687963 0.43653632857008384 109.64761406158914 1.9806812524532995 0.0
74912 34.34706995854859 -5.413631922302666 5.207434123555687 0.4041560811269392 6.556811108821464 0.3998526166355222 90.66532316631765 1.3523386944718125 0.0
75181 34.73768079514456 -5.413646621652822 19.00809174559347 0.41447574509812857 26.89676902762217 0.40970984995362464 70.44324032508676 1.1474901686671766 0.0
75440 34.86316927756534 -5.409907148733944 6.569681169837744 0.39336709803519515 7.645356613292852 0.38854979328147515 64.25798507118152 6.218865265893331 0.0
75689 35.03614027804802 -5.407995467482838 2.436709641722933 0.3641642251302508 2.8318068215071244 0.3575066911567427 56.396201431910605 1.372186429151614 0.0
76038 34.693502593900774 -5.404320604783811 2.701763777758769 0.35153960344341406 3.050230889979378 0.34684454837073475 72.33169878560892 1.522112346341413 0.0
76153 34.62088214132373 -5.404037961689951 8.223219304826618 0.3579830243132082 9.818857681990929 0.3533564259221285 76.0046470809355 4.658156991395859 1.0
76201 34.101642607627575 -5.402451023923157 2.6330258518358187 0.40572350488344966 4.016348602613129 0.39617652850710533 103.78828135083073 1.5504586286540911 0.0
76489 34.03740464385323 -5.399760659066043 2.4391454121271083 0.4207693751698576 3.508024519652619 0.40794361114043726 107.29506312465763 2.3240484526710987 0.0
76578 34.56506568398826 -5.401252658610815 7.412775928931582 0.3584572851688961 11.18096945169235 0.35274295721901633 78.79737819125212 1.9005600156983302 0.0
76663 34.8234740322337 -5.400010838874119 3.0950977760357476 0.364449365681699 4.351266895056027 0.3591898486009385 65.78921904327551 1.4693191660957732 0.0
76771 34.52008850961108 -5.399211023455984 3.3661119274770095 0.3496580402419374 4.861554836667739 0.3442941197837486 81.08375108001512 1.5449350143956109 0.0
76832 34.26754350285118 -5.397689386649001 4.703725743829452 0.3821765447328036 7.026008673955992 0.37667627588170516 94.56207020848443 1.5080628036447354 0.0
76914 34.24902580258969 -5.39667782077669 3.461542602506277 0.4124449757004215 4.4127005118199065 0.40659148994679645 95.547480687218 2.736337736251611 0.0
77006 34.39313773091716 -5.396643291015151 6.336844942582492 0.37906621480165825 8.351709955422475 0.37376690852276695 87.745640018539 4.248906816941244 0.0
77282 34.4353371328965 -5.3937801484115 2.9652339530370386 0.35811703423400526 3.520940900696169 0.35367725887443013 85.41315553052247 4.154756540988696 0.0
77354 34.97966499488317 -5.395655203059942 38.88991365328676 0.37844652992155425 71.13652611677361 0.3708057879723265 58.36010359059216 3.129747253925757 0.0
77653 34.41039506011583 -5.392078223253806 3.753464674964291 0.373092711916336 6.525997332271104 0.36784342424023964 86.69996035424997 3.802229903462572 0.0
77785 34.578921680434235 -5.389880656910437 1.3364939399078564 0.36228942918652013 2.460164022354156 0.35712624994668424 77.74065786285556 1.9005600156983302 0.0
78039 34.955344087902255 -5.387976958841601 4.349801828507623 0.36290027278349996 5.388416691814249 0.35741417081599136 59.15611091669324 1.221989696354533 0.0
78277 34.618644768350386 -5.3858205499507 5.489555596526158 0.3898819582819102 7.274822271730829 0.3856436766123234 75.5623030355099 6.446914373306871 1.0
78365 33.95580429400534 -5.383250523134338 2.827959680792915 0.4905188820087032 5.1032698672416075 0.47279448561395193 111.51246339926664 0.4712676364400117 0.0
78418 34.084351196187335 -5.3830651722563685 2.06022953990503 0.4514125866146808 3.013167040723605 0.4431907115731673 104.31834630299562 1.5504586286540911 0.0
78546 34.00262172136443 -5.382558080652605 5.553145719052666 0.4528750550629683 9.309746250654364 0.4381453279268835 108.87157290711902 2.8997025780303 0.0
78785 34.23846921394583 -5.380140262149364 2.0451749785171947 0.4562089010277031 3.486570519586742 0.4517632778128876 95.72920669262797 1.053280175568362 0.0
78796 34.14712743579185 -5.380421984636535 2.8563340586904418 0.4792882153760953 3.975726767485347 0.4735179804971474 100.77386100140978 0.8308278526847497 0.0
78901 34.47312714362197 -5.379780876816941 3.926285525495387 0.40302445494577227 4.481017118878514 0.3988961034680259 83.02011064564725 3.067402452043679 0.0
79076 34.05620798212409 -5.377377134301652 1.5884524188979778 0.5034581204633473 2.673143323565278 0.49656382401310367 105.7651099701386 2.340979339843534 0.0
79125 34.758203720200704 -5.378200448588533 2.0800485258870625 0.4119140374728765 3.8744902499923137 0.40730608917465533 68.23886345150032 2.5339805725246483 0.0
79173 34.63339809272462 -5.377533257624738 3.5249066501481985 0.4245597115886803 4.249410168052733 0.42041152591598824 74.55051931536482 2.902526453633465 1.0
79835 34.780293195199135 -5.372204115895778 2.055170435216871 0.40936807152881277 3.8421283899858287 0.40363936634797476 66.94121117181034 3.3742928578456657 0.0
80030 34.381656963569895 -5.370570282000136 2.590394482642272 0.3778202773046686 4.636955470563913 0.3725967983309126 87.68742762664981 0.9622305156417578 0.0
80131 34.618899899475295 -5.36949211524799 1.9811002914111766 0.3786727494457309 2.793292869926468 0.37387318674040504 75.05992398143488 13.08338119844107 1.0
80356 33.95829741376414 -5.36656896469836 1.5178020375827177 0.45469960537648574 2.791458854691669 0.4359447122376895 111.03621711073679 0.4712676364400117 0.0
80554 34.689339472969046 -5.366281456201917 2.1670209613443143 0.3910473412179588 3.3519816486213925 0.3867305304688804 71.33297185388201 1.522112346341413 0.0
80793 34.461947640798925 -5.364439103152514 2.7938783624381593 0.38070343538843676 4.322531165693279 0.37645133367372957 83.20446499915397 1.6179661163740375 0.0
81152 34.613724443168884 -5.362966482921895 6.9002676648993955 0.3529387850478334 8.897073852793595 0.34836924159440225 75.13667603901004 3.4366926580507013 1.0
81442 34.776610330205 -5.3597410244433625 2.977049151404463 0.3600385291300306 3.467061592316076 0.3549814024652727 66.71148397766399 2.3253355722244056 0.0
81597 34.97788533347192 -5.359007052994814 3.624316151058664 0.3286739385045181 4.310817079433096 0.32315270162754217 57.00681490969616 2.6579990712281556 0.0
81644 34.312069887450214 -5.357307152034694 1.6003118192794963 0.37930860985316656 2.758684534641166 0.37472917716084836 91.14960540347279 0.4369327392589783 0.0
81838 33.94361302187672 -5.35596772990687 4.799777917594392 0.45918992930276625 6.510275596733032 0.44628981607760565 111.65617800446316 0.0 0.0
82495 34.56408093345795 -5.351913724139847 2.5327269695667622 0.36424057445967806 4.4196592901513005 0.35976487076054153 77.42649588213584 1.6763137197672024 0.0
82813 34.975882408799265 -5.349801489989127 4.163668252206597 0.32810600286765507 4.638934155307342 0.32251345762496125 56.747114838999046 1.6736292406753144 0.0
82896 34.06414582725322 -5.347587296302059 4.36814709171349 0.4393393178442848 5.606644245498842 0.4333843013625204 104.6985557831557 2.3566418246971286 0.0
82963 34.88875423170415 -5.349047509104071 4.019632351822694 0.3395566755483281 4.9492685767363644 0.334195957862573 60.83631089178725 1.0358674097019902 0.0
82965 34.51759695820089 -5.347646500543901 2.0574872653681213 0.34341598755671726 2.8556388899312783 0.3391594388602412 79.77927035483407 2.8598564559271717 0.0
82967 35.01270402799797 -5.348564222129262 2.4692367251746012 0.3163702111351138 3.4525693173825323 0.3104025938270104 55.014794319391335 2.6579990712281556 0.0
83021 34.49512332597619 -5.349999071615644 33.144649589399755 0.3567304880598103 37.8802144123315 0.35225866890209495 81.04385533771446 2.8598564559271713 0.0
83194 34.48565126935869 -5.346823447787009 3.064250203362112 0.3444518554903035 3.8153498889721678 0.33998801482319296 81.46767273218009 1.9351571765559823 0.0
83464 34.68176406549463 -5.344219425959359 1.3438560155740964 0.3475546311970927 2.462081284715499 0.3426487642703563 71.04803715079191 2.1344951684341673 0.0
84360 34.06993267790368 -5.337391604919581 7.660374984281646 0.44599414264454373 9.997198074857 0.43940817026080653 104.16584812716793 1.9502604423313221 0.0
84534 34.68967655115051 -5.337022379137817 3.4714859376643337 0.3719798943594692 5.266879938910731 0.3670341866584541 70.4227199999924 2.1344951684341673 0.0
84607 33.98909208862224 -5.334263066851872 4.251681691139535 0.4281138875486405 4.688005757954437 0.4186384726256279 108.66435280918706 3.5947042382910954 0.0
84742 34.52386621980165 -5.3341595773279575 1.8768754783377877 0.3572609373562713 2.194465163107742 0.35296588271009893 79.08345364643012 1.0840036294764608 0.0
85004 34.8655122233964 -5.332479802818392 1.8050610277725994 0.3600664086917273 2.8014527459033465 0.35511492938284944 61.391736166254766 1.9611816628947387 0.0
85495 34.48027885651748 -5.327961125974817 1.9583143373205893 0.38599418140210934 3.2313491952562217 0.3820748980818736 81.26785450012167 1.935157176555982 0.0
85555 33.972372184228135 -5.326927094971974 4.363538755481564 0.4696848638503157 6.474646563272268 0.4601999136505147 109.47129404658286 1.6495912957713603 0.0
86072 34.18586717781236 -5.322454363661786 2.5080125184362494 0.41864969705606186 2.90969629559316 0.4140657742675657 97.35473929035902 1.329254120016528 0.0
87275 34.116827915842656 -5.311917201599649 2.972740246983015 0.43819863172602097 3.6561078971708616 0.433698338255155 101.01418287233376 1.6433927373524027 0.0
87366 34.67180914290454 -5.31373724992813 26.967808570836517 0.37109063878456217 33.689908599074926 0.3668274041112689 70.67121462223855 2.7718324218807764 0.0
87691 34.52516752745031 -5.30935517251847 3.1073816078401015 0.3578344240624205 4.489871150651733 0.3539083801556261 78.36616068143101 1.0840036294764608 0.0
88134 34.33458032065621 -5.304970956834589 1.9872357151425335 0.38270993601538766 3.576931499861974 0.37819644760768106 88.6951030803724 0.4369327392589783 0.0
88261 34.867204382207994 -5.305104261261242 4.226569698144762 0.3401264080129448 5.788692358559666 0.3353808481028901 60.38827629307359 1.9611816628947392 0.0
88685 34.09717067859077 -5.30023916156061 2.959420706735912 0.4680231968387234 4.542842383904775 0.46319973858954655 101.89410232372595 1.152851801396671 0.0
88911 34.65661701831848 -5.298908995863272 3.6477789853250835 0.3735897526235314 4.0571120683610715 0.3693556672299373 71.05369937024474 2.475465540109392 0.0
89151 34.11699762768022 -5.2958993067135225 1.9347916829950964 0.4340739588338443 3.1439414620476698 0.42894780966913937 100.68902136775503 1.6433927373524027 0.0
89645 34.234726403801204 -5.291818919958366 2.1402847285066313 0.3875964129848358 2.710339778863334 0.38324582785273925 93.97831024894592 1.2395687515318126 0.0
89848 34.9475524712493 -5.292523780658982 15.12037671342177 0.35308818180844587 17.636597177525225 0.34846295907303526 56.00287142572477 2.200523295713496 0.0
89931 34.84315374650914 -5.29119731254361 2.062602681580486 0.34990190964293333 3.1746120424898687 0.34491565535443297 61.145748693055005 2.401690535843842 0.0
89993 35.00095891887336 -5.290084458024909 1.5865689526599107 0.32698522227987625 2.808700679076941 0.32163297192170737 53.34864430941523 1.960753747870286 0.0
90088 34.77571147893548 -5.2898497695008215 4.410058796865063 0.35889621743762506 5.710950869133317 0.3542652377494146 64.55628269753296 2.121920320693619 0.0
90263 34.86495331048247 -5.287711191619166 1.7288870062273074 0.346633603214986 1.9866189128708585 0.34126849191898917 59.932957762213775 1.961181662894739 0.0
90317 33.99306118265587 -5.285952690663367 2.9493766278207323 0.4656331264044309 3.911858540620162 0.45783103562766825 107.54148246102942 1.1361657219710541 0.0
90474 34.9886617253862 -5.286084685926418 1.9655512752431779 0.3239257730128482 2.43294377746214 0.3189919384145806 53.79062090710615 2.628862456684555 0.0
90512 35.05012815955361 -5.2859839312198496 2.309240573342821 0.34339225814192853 3.7273233275662947 0.33836379339778966 50.88958591952573 4.00300905391589 0.0
90563 35.00981858130972 -5.285726364723344 7.009959929155024 0.24121859211672617 7.066997754150876 0.2379961954143221 52.769393364662136 1.9607537478702861 0.0
90682 34.80738770813085 -5.284221647169205 1.5945728323620483 0.35112838190262124 2.9506035099744383 0.3464982071727995 62.75279059398021 3.2448277066640894 0.0
90947 34.921249222377526 -5.282141713820228 1.93732554503555 0.3387386834238463 2.4298839851239866 0.3339903264095048 56.93813068880214 5.667749159260384 1.0
90998 34.75721448977796 -5.281592053964863 1.7849578136311872 0.36044898992897767 3.028287720957523 0.35595828539426405 65.27173513154034 2.4086406535782663 0.0
91020 34.567412951607565 -5.281046920262813 1.6593340780432337 0.3410965467282197 2.7899779951319785 0.33645645807211183 75.35980615162313 3.65335735111239 0.0
91191 34.864492722477465 -5.2798494943243615 2.528657198041565 0.34928404167769017 2.772514239800941 0.3442337011557333 59.703921034188284 3.4894708514623787 0.0
91241 34.73779844861335 -5.279238759151345 1.9428813882746 0.37883382345598 2.530549928285085 0.37411785409717035 66.218934538136 2.976736276679479 0.0
91505 35.05312486998489 -5.277245211263535 2.2644112589984324 0.34659888958223634 2.9263941589424833 0.34188520210313494 50.42049121574072 3.7725326282123253 0.0
91568 34.2750759956482 -5.2761908909839255 5.045752180576372 0.3908428972349751 5.970995922426944 0.386963861850781 91.39215180298784 0.8185246217483915 0.0
91647 34.81144638989875 -5.2755729344170685 2.10830272955877 0.3534270120282944 2.4953379592448073 0.34866161950013064 62.28032366114445 3.2448277066640885 0.0
91683 34.816912426949195 -5.276308158558264 6.806930139412554 0.3555346651230123 7.6918443319535434 0.3510898755619105 62.02123486190707 3.244827706664089 0.0
91784 34.9108733736199 -5.275054211879363 6.131040972736816 0.34629697926206593 6.965981417940549 0.34158533748126935 57.21765253040117 5.9097609772074975 1.0
91792 34.89731252483254 -5.275159595033328 6.0466771375588495 0.34754982980081195 10.760620269033744 0.3426322806026003 57.89942795463479 4.544754030464407 1.0
91812 34.938123116795886 -5.275935118294376 6.824475115944489 0.3642648097793371 9.911099918403524 0.3594630907180652 55.89502187317072 7.65407805122642 1.0
91822 34.82985382621834 -5.2749418862796 2.2256518941520227 0.34923776359361575 4.04254860976733 0.34397777149412695 61.31465573425746 8.815513618246902 1.0
91939 34.63160205696438 -5.272583214594647 2.0410001995822635 0.3649138186379812 2.2155874638928528 0.3608203780221033 71.67811047049328 4.269133373529265 0.0
92189 34.70263926536105 -5.270828681326338 4.573838862113391 0.3598194910788605 5.931037301685636 0.35557708906646485 67.83690453557506 2.433661379015805 0.0
92251 34.91813280209724 -5.270484385336137 2.2906965392048235 0.34630131756837046 3.252676298706636 0.34134093717833924 56.70462011786133 5.667749159260384 1.0
92331 34.92289277918267 -5.269169033448521 1.356560328246276 0.3456239665042129 2.267394618687214 0.3402695264004565 56.42379666278528 5.667749159260385 1.0
92600 34.101392939035335 -5.265610389740325 1.9542797984841263 0.4783758644394839 3.428446160278061 0.4741503087262732 101.00220115186285 1.152851801396671 0.0
92732 34.95643518321795 -5.265805415061018 2.57413173286919 0.3468106742044247 3.544552511575027 0.3412241701911067 54.6489030925648 4.992234805837617 0.0
92819 34.74990041904588 -5.265057791853497 3.0759824769093447 0.3603415587898171 4.215271663342242 0.3563040188145055 65.17795830043954 2.424570477853985 0.0
92828 34.6180598583085 -5.264501729565422 2.5585230808171753 0.35831263128623875 3.7091563918610393 0.35222927456272224 72.19856529526342 2.320816767118706 0.0
93013 35.0538158850123 -5.263381759148495 2.8775686141738457 0.3578111649860448 3.3171760618481945 0.35307997915898 49.870648879227396 3.7725326282123257 0.0
93095 35.03878441850813 -5.263026883823219 2.163007989407228 0.3551261444134346 2.6803578289657133 0.3506935952968016 50.56731733609063 2.379364851637742 0.0
93838 34.67237497350643 -5.256740092467041 5.904177211120959 0.3714710478262493 11.054261615664968 0.36677906736710614 69.07181611639578 4.665670401748868 1.0
93901 34.86827573824156 -5.255218805890233 2.967729810554124 0.3876701553621076 3.612003035419973 0.38306508765885794 58.73732053184934 3.4894708514623787 1.0
93917 34.63759712335992 -5.255144250716291 2.6545021923363192 0.38567727794303774 3.6091487824473587 0.3816847600549732 70.90329636475265 5.956261345756445 1.0
94003 34.8260796889348 -5.255313951317416 4.632643103651361 0.37020270165255503 6.589489842016488 0.365953999939023 60.91435657422966 3.4494710674400126 0.0
94204 34.56324304525052 -5.251997557679752 3.586183165586984 0.36568059598276725 3.9467912081838814 0.36163237822976974 74.86910774139739 3.6533573511123896 0.0
94336 34.56193562735623 -5.250784160033724 1.8795892978281235 0.3658684054917941 2.7105466995418137 0.3616934138442317 74.91148561998223 11.316570653398635 0.0
94392 34.61133764194287 -5.250246732163141 2.614577957078476 0.3543488597329658 2.854572332166193 0.35023068049544537 72.20292121092713 2.320816767118706 1.0
94477 34.885372020619364 -5.250593992469613 3.3189283954444475 0.3735363155672662 4.284195679744529 0.36940410527038237 57.71972269357958 5.3417576943096625 1.0
94616 34.55838511589122 -5.248588088918676 4.319123973150603 0.36706524432298276 5.21642057719613 0.36319444057285294 75.0534246877997 6.884265531596112 0.0
94956 34.01543978833462 -5.244179966231725 2.890624185518029 0.4741150511921766 3.8797485400064855 0.46927033270023166 105.5376172105014 1.5593374712436503 0.0
95179 34.47251648734781 -5.244518458574556 3.4228838893294613 0.36476756233836144 5.1561403567375255 0.36021173470552975 79.69581454704245 0.6459884408329839 0.0
95288 34.84078306600163 -5.24284271894827 1.7130372690234201 0.3562956444926314 2.459239187296761 0.3513285664380201 59.78048494460194 3.4494710674400126 0.0
95300 34.01346023585907 -5.242015812503839 3.8167279788490895 0.500081534151449 5.3454748034716895 0.49541470056919124 105.6149730538432 1.5713456636216048 0.0
95359 34.677757893106566 -5.242837159501709 3.221546201492914 0.36635080656020214 3.9783184789117465 0.3624319282034663 68.41902519647401 4.881408371984882 1.0
95394 34.95294257188401 -5.242335383988606 3.4066593558810654 0.3468562851575089 3.66167182569499 0.34189765233710484 54.03930169019076 1.4891560442894927 0.0
95402 34.03903314299428 -5.240630904230796 1.6534060814717677 0.4786607217363667 3.0634451741804183 0.474164213943207 104.12481609785611 1.5593374712436505 0.0
95535 34.32598377885432 -5.240360643102108 2.5490416567064043 0.378962565431375 3.3375476650939357 0.37392046447798016 87.80153821414781 0.8148858556350029 0.0
95593 34.638737032852674 -5.241016002661334 4.838122059770902 0.3736513977184706 6.033119090610695 0.3697101121304565 70.4838351735601 8.250349095260752 1.0
95930 34.88088625977335 -5.2380472228795805 2.973754443778904 0.34420549783865595 3.3077599277957423 0.3394808611727307 57.56267603616027 5.341757694309662 1.0
96229 34.89609899248316 -5.235699123271545 1.6943311608337426 0.3408074887895977 2.994263773133561 0.33579748892074124 56.7092622978591 3.9190138818562286 1.0
96268 34.22295178504053 -5.2349258470663935 1.984275653598681 0.3683756925627637 3.207997087035109 0.36367455732469417 93.52505096643662 1.09829104653075 0.0
96516 34.62231087651973 -5.233188942591466 2.254826328504657 0.3482388979900578 3.512037417919682 0.34429257271325525 71.18476426903776 4.081745543145937 1.0
96561 34.89124453294992 -5.232994797830058 2.4349678061050266 0.33881405228443257 2.746172049501403 0.334326685319257 56.875616689908746 3.9190138818562286 1.0
97433 34.47420139097168 -5.226020021142707 4.658457632407646 0.34724806765542493 6.146296045511087 0.3427924668599277 79.19633048185906 1.4159705622265915 0.0
97486 34.56977185739932 -5.22510347175289 1.5354837640957577 0.3454990542841303 2.278668986994688 0.3411024304772884 73.87578445034409 6.955968873713113 0.0
97630 34.47159759862351 -5.223714670906969 1.2847443398193474 0.3490493627414566 2.3022170574782854 0.3446606373593673 79.2919481388165 1.4159705622265917 0.0
97788 33.943097400198056 -5.221224789316415 3.5390593615259682 0.48745127871764077 4.615267936523571 0.48106028066710443 109.3317744652963 0.0 0.0
97797 34.80827052240352 -5.222745688537314 2.0171412323907827 0.38268938061395086 3.4733493288209996 0.3779297989576567 60.90684892300716 1.2858044607027113 0.0
97902 34.57981097310169 -5.221506849213792 3.057666037100168 0.36711737434678215 3.997001012693907 0.36315052403009956 73.23910404709997 4.455050609476063 0.0
97942 35.01077036293464 -5.221447458508892 2.102764033017687 0.38388047285326304 2.4197545410690866 0.3797281394835802 50.46742482136637 1.9325917154334666 0.0
97984 34.70720685545339 -5.221145385646759 2.369013115252046 0.40617294403728316 3.675410640463283 0.40227138768177767 66.27138959962603 5.473368648575399 1.0
98030 34.889721274634915 -5.221133076217554 5.0738262057881265 0.3904820801217631 5.751761759958881 0.38651866469007434 56.595551835193206 3.919013881856229 1.0
98042 34.887901448435265 -5.221724475255901 14.22073551483489 0.40038585000931715 26.126723898333623 0.39561028228905065 56.707496483456175 3.919013881856229 1.0
98119 34.56854780674823 -5.2201058847644894 7.130972572331299 0.37173631166665955 8.08577682550136 0.36789161364435546 73.82845198019815 6.955968873713113 0.0
98170 34.88706355180419 -5.219556341093516 2.2669145663966432 0.3897212042210197 4.105132031422839 0.385546542686351 56.68620580546057 16.359312478891052 1.0
98284 34.503791715286056 -5.218141842010221 2.345621483063331 0.3652363523965288 2.8710571049725697 0.3612125972271673 77.3768530129419 1.5618186068381774 0.0
98555 34.44729236324593 -5.215839042521418 2.0978815522108465 0.38203336511674657 2.8149953221465664 0.37712513812608056 80.48498710939877 1.4159705622265915 0.0
98736 34.70586888944729 -5.215111283445223 2.668442660376413 0.40380235146475346 3.5204718068215928 0.40043189323898176 66.19052990601745 9.358459833967949 1.0
98966 34.717643281125014 -5.213302343995231 3.70752023589183 0.4168603307700047 4.295438738292019 0.4135823423646674 65.50696309429995 6.3636671870888435 1.0
99123 35.05349675588249 -5.212657603544281 5.604884222593887 0.38996110910035675 6.3903998265966395 0.38613277189827755 48.06732514749748 2.9076937613684346 0.0
99142 34.82165821188299 -5.211766679634849 2.2407489631434125 0.38336115103076235 2.969318826917052 0.37920515598682036 59.89269274917695 1.2858044607027113 0.0
99387 34.665959272962255 -5.210097885234579 2.2869469191842104 0.41027705886977067 3.6017596790912503 0.40666234209188856 68.23904159902216 3.399100933400555 1.0
99392 34.7224319429794 -5.209563419976977 1.932031543477491 0.41640562519994756 2.917113946083371 0.4119709855671161 65.15278772919157 6.363667187088842 1.0
99734 34.74265220576434 -5.207332191619782 6.443673014858463 0.4014013246632008 8.459051415674645 0.39755075991654626 64.00235446134808 2.9283402900157496 0.0
99747 34.86960190795537 -5.20828706557331 12.25345894289408 0.3998719483722623 15.028091748395552 0.39602251211424533 57.26690298173788 2.338317606162069 1.0
99815 34.88077435066415 -5.206296174220612 1.7743414107210145 0.3564164552143221 3.031501667819831 0.35100923451244714 56.6242296276404 2.338317606162069 1.0
99855 34.1485061590393 -5.205166788027383 4.226347306761349 0.4064152426393043 4.98228250853827 0.40170269193544184 97.24942473304205 0.8983907605916952 0.0
100023 34.76381431510877 -5.204990782907831 1.768442062579933 0.360785464517336 2.787972420829976 0.3564210620643262 62.80081082224409 1.0980753471512223 0.0
100070 34.30006509969547 -5.203505384133723 1.2091483056521037 0.4170699122975028 2.1333588254232203 0.4134139787347325 88.56072261394885 0.7166219670577764 0.0
100252 34.37145659736442 -5.20211887071636 1.8569833380224294 0.36893432145757904 3.3014738488663466 0.3642475719761571 84.48331525069142 0.7166219670577764 0.0
100502 34.56178332514007 -5.200898287768477 1.9314940285685978 0.3415022087932379 2.5926599279521376 0.33701770393732206 73.77284089137247 6.848632738199265 0.0
100969 35.013856939798394 -5.197832828150468 3.219154412092762 0.3527036577066877 4.03968496386672 0.3479850892569105 49.532675321711146 1.9325917154334669 0.0
101141 34.86066838462469 -5.195844968962295 1.830440212733821 0.34559584630844287 3.3279731404909785 0.34025933231095595 57.384522093249636 2.338317606162069 0.0
101408 34.17308669176889 -5.1929357694026335 1.5369761622228775 0.4035376056534685 2.1096107408258455 0.3994454424156895 95.63447554034995 1.627873199212004 0.0
101707 34.507594331467075 -5.191727617332204 5.0309779888804345 0.3361812053880572 6.04620104503204 0.3321865158843372 76.60381183402573 1.5618186068381772 0.0
101842 34.54530448534541 -5.190071212366627 2.7010362218155284 0.3377130432839624 3.6322955354779913 0.33364665574992114 74.45779437215813 3.14492240523324 0.0
102113 34.88640472312442 -5.18938193972963 2.5283928699972806 0.33878152683038654 4.537457841887846 0.33398504058531936 55.84423437754741 2.85160903363365 0.0
102207 34.041795823079134 -5.187852849977178 11.672190578261871 0.4541545011213148 14.616118847407824 0.4500420237577941 103.11846315831531 1.1355421750578718 0.0
102230 34.53773292623211 -5.1872890342598055 2.6768416232057777 0.3338153663874211 3.22775262470941 0.32962405145726326 74.822578475543 3.1449224052332396 0.0
102419 34.70410327320313 -5.185881469545386 1.7469875099888799 0.35492407346114435 2.6403597947618382 0.3506220340777334 65.5684370962613 4.153050351306353 1.0
102472 33.93765343565638 -5.184123208026132 1.591927986431206 0.4388888900612143 2.9530159269811675 0.43260897961779937 109.09626457226386 1.961951542080995 0.0
102479 34.90182282002759 -5.185703274533083 2.2706570956774956 0.3686960299111329 3.26099161843308 0.364386716233025 54.92823691908551 2.8516090336336495 0.0
102681 34.62756549093292 -5.184219721893976 3.000983768501315 0.35072105417695204 4.922970404275862 0.3456293613332571 69.75039578567511 4.792387252375054 1.0
102781 34.62117300107401 -5.18309833386742 2.2287117325339403 0.34881780985560407 2.5216314352413116 0.3447667406106996 70.08006827073122 4.357668419955438 1.0
102904 34.70121701009008 -5.182387676631745 3.3705062522906943 0.3550091704377883 4.491874975290677 0.35107219475627277 65.6436991479254 6.098718573664135 1.0
103039 34.577575530946504 -5.1816007950299445 2.613496481133634 0.33543406913841034 4.5556511146264995 0.3311336515348682 72.47466715230954 4.673235967972304 0.0
103461 34.69353382517807 -5.177956832394277 2.347230289036319 0.3421707276127155 2.4670698503561663 0.33776328141005885 65.96206667944116 2.394258989546193 1.0
103472 35.017653431616026 -5.178555781285109 1.9825015873454976 0.34197543571458083 3.342576196722346 0.33714193001443316 48.72251500563348 5.3763588632529045 0.0
104119 34.6932039013219 -5.173435048816494 2.181787012502655 0.3464632501358641 3.334172196705125 0.3418415986579814 65.87531764908546 2.394258989546193 0.0
104277 34.57007025010524 -5.171339347540287 1.8260353899417878 0.3432829698465093 3.247273155008776 0.33897916831275965 72.67790868890921 4.556689863158163 0.0
104441 33.94809205170992 -5.168855382722306 2.540144620056973 0.4462817411038729 4.275061333531928 0.4395073485299308 108.2753655166232 1.961951542080995 0.0
104474 34.741954870653146 -5.170030064198815 1.457699453968255 0.3517344983949584 2.7279530843420576 0.3471264651331274 63.11494946587862 2.9283402900157496 0.0
104515 34.31587849151142 -5.169272657326289 3.0674885810459593 0.3902528555764103 3.575167102799374 0.38644332788230223 87.04815227112068 0.7166219670577764 0.0
104693 34.058413101560646 -5.167991316927372 12.158335840212883 0.47073576820802 13.880901221724463 0.46692475282231405 101.85978083339043 0.8416079785355755 0.0
104732 34.87477421470721 -5.16818650254137 2.2479325639689933 0.3497965317267418 2.425288080708525 0.34562008811905015 55.876267022393435 0.7379623151880309 0.0
104787 34.49050199638418 -5.167244783759637 1.950588561957129 0.3400310058645372 3.033744735860061 0.3356376249697666 77.07490961773175 1.5618186068381774 0.0
104903 34.93357118232688 -5.166877323635275 3.148310343076992 0.36851772171376257 3.714260435263528 0.36444860826151004 52.72228393597183 4.454839131423046 1.0
104940 34.33010084157072 -5.165820913637586 2.1309295011460994 0.3661368403345167 3.2053548195550885 0.36158297327026634 86.17465390285436 0.7166219670577765 0.0
104973 34.93428380691424 -5.166914925056633 5.088468270296932 0.3694542696422395 6.324567833167782 0.3653112105665616 52.685859432320235 4.454839131423046 1.0
105116 34.966074510981265 -5.165462326377592 2.6937225841897336 0.37862402891420055 3.7658324905954244 0.3748620410482137 50.97875817371604 4.141222197407583 1.0
105130 34.45546161985025 -5.16572342004922 4.756612072380422 0.341529966657573 8.713491469406048 0.3369641734565032 79.03004287707115 3.1979179817624663 0.0
105135 34.98559079175848 -5.165190040253902 4.034673560518772 0.3839791898269736 4.9411037280329 0.38024927202099984 49.95626228820176 5.428739379623504 1.0
105141 34.57120480725228 -5.164678475160709 2.2286284393636313 0.3638412756557572 3.680183260847593 0.35959492322510167 72.47648749448155 4.556689863158163 0.0
105234 34.294014848122934 -5.163339317967458 1.7022213124371166 0.4002078437561166 2.8746301011118645 0.3963889283935817 88.1997061445869 1.5208554544140322 0.0
105636 34.2228027397119 -5.159941818369226 3.2700793038945526 0.43308049777830765 3.5221831614672796 0.4294475226472292 92.23811563796872 1.5233026133857703 0.0
105695 34.45904865624162 -5.1606377666535534 4.928551553167981 0.369197042674508 7.004566369006344 0.36545659835792027 78.73086826086119 2.4211215465099167 0.0
105888 34.445081336493146 -5.158802256840357 2.243384821331389 0.3567407936164915 2.5844210408750654 0.3526029197131136 79.49031604403973 1.0591956584496363 0.0
105901 35.01697967291538 -5.1595177924655085 4.978360353322642 0.3756747907927247 5.64819505962284 0.37176136184702324 48.16461238268104 1.9958232121796302 0.0
105961 34.966917028384344 -5.158982007854259 5.026715109806163 0.39003710068835606 7.1474316066732175 0.3861535192186431 50.745870204664705 10.754416209933947 1.0
106000 34.51844678593182 -5.157538054084042 2.4603508219074697 0.3620894339913238 3.284145554291003 0.35846357267435636 75.30640436448934 1.6152366107689309 0.0
106163 34.425515954980895 -5.156153714951542 1.3701527606778936 0.36055010858603775 2.5220177424269905 0.3565748574471158 80.55552014501758 1.0591956584496363 0.0
106808 34.98381270109832 -5.151934930965602 1.711654206419913 0.37315982203815184 2.940757419247389 0.3689480878249755 49.65773487289022 4.343444269335013 1.0
106829 34.58560587613054 -5.151115891762079 1.5523724328059219 0.3641270610522473 2.52465144576678 0.3603024317131996 71.39081259070208 3.000651755028261 0.0
107192 34.65135078444113 -5.148989455758029 1.9740322051824286 0.3722120752195238 3.6783660976306676 0.3675411561338577 67.6587025355457 5.987797888940025 1.0
107327 34.42873624862278 -5.146741640913601 2.7805109919283058 0.34638217981390285 3.1579111402520765 0.3419767094810632 80.2031707028078 1.0591956584496363 0.0
107382 34.602013247999515 -5.147900162977586 3.242851848548987 0.3272695323394491 6.06273167742804 0.32239917700102144 70.40272282975916 3.000651755028261 0.0
107427 34.65088351588602 -5.147119769882077 6.046997141723385 0.34355577783306934 8.7176561279215 0.3388421144428083 67.64531693907611 10.326964920887534 1.0
107546 34.517986404663354 -5.145341457084851 1.8167396142902135 0.3315220533754886 2.576622516363408 0.32695489441866904 75.09872037172681 1.615236610768931 0.0
107860 34.62353706604342 -5.14324286678937 3.5181378483898804 0.3413190637870942 3.9896530724634243 0.3371864082911156 69.09802177005204 3.866489246481831 1.0
107869 34.15488864914492 -5.142033868178901 2.8008580722649774 0.4179931602036406 3.3390219864390414 0.4140157523216156 95.88883251548833 0.9963609433830661 0.0
107874 33.93479162424994 -5.141684451133693 3.830816311835081 0.4687344514863668 4.205872657570251 0.46318331017430814 108.68687408740271 0.0 0.0
108155 34.52471116247046 -5.140556037683899 2.231932447829656 0.33330318222185346 2.9897651131491068 0.32916366906296457 74.62701563208802 1.6152366107689309 0.0
108165 34.66435836655669 -5.140996441094708 2.2469672380249373 0.3317841045028617 2.7802111917677106 0.32757366736347254 66.76235330913497 7.277213837211068 1.0
108347 34.54871564804979 -5.139276184279495 2.4061355321764943 0.32791463940187004 3.2067108084249627 0.3236163715466392 73.24161274451308 1.6152366107689309 0.0
108716 34.954161764204706 -5.136387287184591 1.3283284926354513 0.35634407267810225 2.0885785937319814 0.350153216465745 50.78221212462117 5.757268313274759 1.0
109210 34.956423420325805 -5.132789526269355 1.6359563234451935 0.3563662460299894 2.7222720204805793 0.3501718549816882 50.56365890968714 5.757268313274759 1.0
109380 34.546775199189845 -5.130883275643771 2.4687963994441975 0.32838070728266183 2.89818563068534 0.3242274459739879 73.1931920157055 1.6152366107689309 0.0
109548 34.961835483505105 -5.1310887414090445 8.538246138401878 0.3630072218087443 10.360499953950363 0.35924315807168694 50.22917330626955 5.757268313274759 1.0
109597 34.529531418112434 -5.129173116592173 1.6136460935312966 0.34434611897411904 2.9534871388689194 0.33816726019262255 74.14167680818896 1.6152366107689309 0.0
109694 34.671551108328885 -5.129737593301002 6.119146984279267 0.33661908383986894 9.78679556689252 0.3318982450824184 66.12469296143836 3.39716557186523 0.0
109748 34.55370137097907 -5.128161655816121 1.4705689256243473 0.3240308346152247 2.096669404061838 0.3197737615388748 72.74902008635688 1.6152366107689309 0.0
109879 34.31657781345721 -5.12764832307674 3.9112396203353117 0.3861833828055671 5.166885774276337 0.3820438093319606 86.32173108781802 2.192707650584102 0.0
110184 34.16104356533438 -5.124106224920469 3.065558214629188 0.41516406136840023 3.4925813488908704 0.4107145893602484 95.27428559070319 0.9963609433830662 0.0
110433 34.941636903019564 -5.123230743919601 2.4318491330005987 0.3622157227381451 3.8160689084014363 0.35786702965914113 51.09904294875425 8.28802549950856 1.0
110461 34.35002302186942 -5.122349143754279 2.5568395366053562 0.3666040836461937 3.8751399275119716 0.3625683282519591 84.30971938479215 1.1487426401262855 0.0
110535 34.45468687660057 -5.121996961693205 1.3724579878004441 0.35179808767702314 2.558222507121334 0.3478745473866628 78.28839838324225 2.1244839043365165 0.0
110982 34.182842160313214 -5.117799447386783 1.4242971890550236 0.40734571826282906 2.5405871927230925 0.4035467447109412 93.91920103006477 0.9963609433830662 0.0
111260 34.27026235667494 -5.115797692299135 2.6223194794094575 0.40653760277035517 3.7876604581180455 0.40285485426782325 88.81859906960902 1.841492067563877 0.0
111275 34.10077968749814 -5.115302361505952 1.5939293247068578 0.4401467539635458 2.388527475686945 0.4365254990766307 98.66087161950117 1.2411037069066326 0.0
111316 34.92828158224394 -5.116583935677294 2.6939755486328942 0.35678109323613144 3.8522893279757713 0.35255743768236114 51.64693715978616 2.961812935743437 1.0
111752 34.92820509627154 -5.112741881815561 1.3796076635802075 0.36136715806193204 2.4463463806607275 0.3573711843572846 51.553454303605854 2.961812935743437 1.0
111780 34.943938369488365 -5.112944395841804 2.4397124871329274 0.36117088948864334 3.570894886049624 0.356723790608355 50.707642082310855 7.497617199062015 1.0
111958 34.96157402048253 -5.11200420014186 1.9280400095172403 0.36659959723087227 3.071447580482086 0.36255799603116456 49.73301404164479 3.9798395828778017 1.0
111979 35.03697232895419 -5.111269784496442 2.404731473616293 0.34495427518453814 2.74253238199085 0.3406636610261312 45.69992970520117 1.0451511463699852 0.0
112275 34.407123831840906 -5.108498864843048 5.2272768036590245 0.3699017361097269 5.780875140279548 0.3661142322401151 80.79905541417669 2.110524316951313 0.0
112312 34.35251736850758 -5.10776999095078 1.6225420251303764 0.37303326346354676 3.0166038394069714 0.36848852500968815 83.93886995529697 1.1487426401262855 0.0
112566 34.966006284461145 -5.106249796888016 1.2506252655775523 0.35885835457120585 1.8230929171160435 0.35472512287105473 49.34443782339392 3.9798395828778017 1.0
112882 34.68880792083703 -5.104120541571345 1.8551021739725968 0.33989656202565116 2.7372134062948277 0.3346537802235554 64.6369733816319 1.2281234198249937 0.0
113058 34.51529082529468 -5.102218472019078 1.5201490724435989 0.34085277300322653 2.5893061001327276 0.3361360118874335 74.47878212532055 1.8656210428087108 0.0
113247 34.406073780079126 -5.101151327277418 6.082710527361047 0.36794388222715174 8.70882263166733 0.3636257233078728 80.74382764798489 3.8651165331808643 0.0
113335 35.0395683173171 -5.100494017284378 2.0381151801660895 0.351729034342419 2.687186855968234 0.34755267384527944 45.25965173186263 1.0451511463699852 0.0
113442 35.04140475158137 -5.099651858912004 2.2748373169854115 0.3501497555259925 2.8816563796022807 0.34571214802215466 45.13898757256943 1.0451511463699852 0.0
113491 34.1658912516762 -5.098864843744913 5.456391654138917 0.41523217059620643 6.052000717631339 0.411194070708137 94.64799316773008 2.670182636601985 0.0
113932 34.538643314141005 -5.094856272321478 1.7251839824965516 0.3422797651818235 3.065837424018217 0.33772585703812563 73.0152278604107 3.8576080441470335 0.0
114039 34.61731125277631 -5.095531450650191 4.5458889156387 0.35354813371897814 6.743278134066314 0.34950659625206204 68.53052164136247 4.7302818824982005 1.0
114375 34.48723606604999 -5.0914945615040414 1.7476943186117548 0.3635682698714892 2.378326203359141 0.3592013134983443 75.91278674614284 1.8656210428087108 0.0
114480 34.44694951727103 -5.09155519775151 11.959855167974833 0.36671245099017824 14.090186707957765 0.3626744407120444 78.23533351601685 2.1244839043365165 0.0
114595 34.52161890018158 -5.090009605068961 3.5011619359543986 0.3409615765457657 4.367507083384416 0.3364506565577619 73.91122477410639 3.857608044147034 0.0
114828 34.6016420673034 -5.089218070377323 15.992973278035128 0.3579851428018501 18.058587359957087 0.35385775043198214 69.31201702602444 4.403875034260901 1.0
115014 34.6132457817323 -5.0874096947900185 2.0137734072669096 0.36457208905064126 3.020104086398069 0.35990672239077276 68.61723810147399 22.035640778682765 1.0
115319 34.7510459201695 -5.084650238474769 3.9402481129600333 0.35224891496087446 5.216570311518875 0.3479046600087646 60.74015745176826 0.5743252480345646 0.0
115554 34.89936363213497 -5.083201028392973 3.4547905606783043 0.3963104806258218 5.290552327558969 0.3922498057500205 52.42109599410193 0.9374838480623495 0.0
115611 34.64009973346405 -5.082662695699442 5.807167879575817 0.35015742651039194 7.777502125841606 0.3460571355334082 66.99988665813713 1.5022793424572596 0.0
115783 34.069323231373545 -5.079396660213509 2.558845994947641 0.4293243467917174 3.6590104960963914 0.42520164293087714 100.04999885971064 1.2031843988484496 0.0
115935 34.966137694179444 -5.080129184007684 6.246063490648188 0.35245504306433295 7.095523708121734 0.3485687031830031 48.67967045636388 1.6439002173437658 0.0
116073 34.19639069670696 -5.077544506871801 1.5206034323134772 0.40987319652792775 2.7424045645000934 0.40525115595691413 92.5923066436621 3.4168924540994308 0.0
116090 34.6236120269434 -5.077911406616784 2.611999874606422 0.340351844760792 3.605022524431649 0.33612218954927614 67.85841138716668 3.709013079635562 1.0
116229 34.42164588885391 -5.077690863616028 4.012192416150377 0.35689349488472666 4.614007902859293 0.3528413803703998 79.48706509173158 5.865952107166741 0.0
116458 34.591112912782144 -5.075382163160885 4.9263203644190385 0.337996154007931 6.798624949314339 0.33384181685090064 69.67746334975338 3.5013858550620487 1.0
116767 35.019705980048386 -5.073037982589329 2.3310941411986055 0.3371656544541144 3.004377193958352 0.3326933380196938 45.59072723630567 2.081135088046656 0.0
116848 35.02608150459863 -5.072616928108064 4.279927883196189 0.33274903811106327 6.305137364472134 0.3280760600886668 45.23524419899988 1.0451511463699852 0.0
116941 34.22841498976093 -5.074773429904446 3.643858137752371 0.38414525137255495 5.353484576775705 0.3802549169865498 90.68675335366746 3.462753500964485 0.0
116945 34.695575271927005 -5.071035467570739 1.2230544987137677 0.31875735853533255 1.8645832297332503 0.3134690440935365 63.627676898001056 1.2281234198249937 0.0
117267 34.44802668762827 -5.068330108601479 1.8759826529055992 0.3355172419205589 2.659950127408462 0.33039707101375027 77.82078997736092 3.8907416456319943 0.0
117269 34.63456946459003 -5.068246507943509 1.2959512448028094 0.32264818146864105 2.2267330938342766 0.31800759639571086 67.06483149721852 1.5022793424572596 0.0
117357 34.52282374551571 -5.068203692972036 3.878777292834291 0.3232666394472912 5.1294481417388775 0.3183366435556317 73.49242984627872 30.347256096215066 0.0
117427 34.15890159064878 -5.06645654956365 2.4904998093746027 0.3938839012436187 3.191973856925901 0.38959217807010266 94.64857419010023 3.214760025118795 0.0
117452 34.0962595583068 -5.06646467141985 6.885147353015593 0.40255932850703613 7.948981721507526 0.398524410573257 98.320144221931 2.3885646155199693 0.0
117520 34.525539218364 -5.067823030005733 4.187223459473721 0.3336004287674901 6.701141919518153 0.32858349921047014 73.32976184207672 30.347256096215066 0.0
117802 34.18959966945426 -5.063558049637276 2.8798456625124116 0.4107987049756019 4.7364644260060915 0.40643130368946906 92.81627107984113 2.765870410661618 0.0
117907 34.531257150578135 -5.063767099523293 2.350594043891394 0.34795037440432613 3.7855673085756183 0.3434249884728651 72.93677591152392 3.947663605727826 0.0
117909 34.72129501163003 -5.0634444152576 1.4941245380765997 0.35257796217913195 2.4110207756092157 0.3487320848775994 62.02475463312626 0.5743252480345646 0.0
117990 34.225758519719 -5.062032849066563 2.6737811217936476 0.40280414488339755 4.073718028356089 0.39893106910292514 90.68178664664264 2.9986392729540783 0.0
118001 34.59705976018102 -5.062635219755173 2.187875591307825 0.3367247968342805 2.5776777473623818 0.332588017512361 69.12544105479007 2.417370583995872 0.0
118022 34.551173477293254 -5.062281279683785 1.4405684108808072 0.33373830546313116 2.479727097092088 0.3295016487132336 71.76392741403855 3.947663605727826 0.0
118244 34.30074372847498 -5.060329293787812 4.224540595479008 0.4064894978242202 5.000646603643893 0.40263267468572855 86.27869379130189 2.2994873045282658 0.0
118372 34.40735628310086 -5.060052044997903 6.411931226230946 0.3706719370361532 6.950246421798249 0.36671117123170655 80.06352687867103 2.555626505560304 0.0
118679 34.272861986533115 -5.0570229999520775 3.676816540774072 0.40792675976909776 5.700102037299031 0.40396015325651174 87.86533296173474 3.4596367988489245 0.0
118718 35.05701873449342 -5.057449361802624 2.036348573002784 0.35676283039134465 3.380952569534134 0.35204789896488836 43.174697954130735 1.0451511463699852 0.0
119162 34.47815970893262 -5.0535099062931295 2.026580572500635 0.40358718497737534 3.739357325903486 0.3999791449008673 75.85826313937862 2.977007894003056 0.0
119287 34.8417550649973 -5.052440462259823 1.356939489439676 0.3974727890859117 2.5198774440695297 0.39304891370357614 54.98484474490364 0.9903694048658591 0.0
119662 34.08923164358295 -5.048698658324592 3.095401020269941 0.46672953554962027 4.629264504286552 0.46298015587577984 98.53422801366972 4.479033037523464 0.0
119739 34.284720630038386 -5.047892442185775 2.116755812229141 0.40031504804099 2.9929963724669344 0.39578054292209036 87.05875521017151 3.4596367988489245 0.0
119883 34.03164526225896 -5.046795597009566 2.0707166519239775 0.42318638329924796 3.863365616007585 0.417100822686579 101.90140673249498 2.0187775059786492 0.0
119886 34.36302808919352 -5.047087893158316 2.1985660049653473 0.3916937961268826 3.4040210481648074 0.38734531602366246 82.47239962168862 2.4061533803583433 0.0
120004 34.11263174198745 -5.045494575322898 3.1380763152149935 0.4108687911342435 4.183201536628779 0.4060960314125633 97.1239709516298 2.7887848920564364 0.0
120022 34.14096803665951 -5.0451355428977225 2.1756568377604717 0.4130956036283588 3.8444349984213195 0.40790618676850404 95.45499496185195 2.075935737767983 0.0
120473 34.470344091771906 -5.042816012921745 2.582232304477159 0.4138567430966696 4.805497105693028 0.4099037862904637 76.16192050950464 3.5302298880377077 0.0
120537 34.21589508556094 -5.041643023958287 2.067208117055237 0.41036675647072934 3.3865094994060305 0.406478747184597 91.01704755856123 2.9986392729540783 0.0
120920 35.05660393505739 -5.039835550474324 3.0316642943966863 0.3522264804956029 3.287599389167301 0.34784250092644436 42.756964588493204 1.0451511463699852 0.0
121014 34.33316191943676 -5.0400958277291785 2.603715266071021 0.39083203757402496 3.509227090698574 0.3868895011708202 84.12913206481596 2.9448970730014143 0.0
121081 34.45670137236937 -5.038051143480723 2.080522224138107 0.3621182478324454 2.788847804884103 0.3582052487369865 76.8912263854863 3.530229888037708 0.0
121154 34.06091914133278 -5.037490866827314 6.067718401318119 0.41042097809647127 7.22393608431763 0.4060812329465946 100.08173838029245 2.698405426236488 0.0
121340 34.459337729031105 -5.035956317938018 2.3360846038423775 0.3643125534184507 2.6701628185899065 0.36062263847030157 76.70956781440428 3.530229888037708 0.0
121698 34.2337238871664 -5.032912319158894 2.3927669092762414 0.3790009418231299 2.7156428234167764 0.37501719932643784 89.87149823050322 2.998639272954078 0.0
121710 34.54344679516348 -5.033922185890912 1.7559141435702488 0.35374072680791335 3.236418337485081 0.34978162486725833 71.78865709205839 2.06823334921247 0.0
122035 34.4181630364712 -5.030830371557532 2.0717411256881437 0.3727286122438651 3.2052727695664265 0.368728910296338 79.04475806012368 2.295643236077722 0.0
122193 34.018400366885146 -5.029769983310663 8.346060017145922 0.4166975930021871 12.212253088655077 0.41208524777355 102.51016197499436 1.9315247219157796 0.0
122243 34.29844746460953 -5.0296954682281045 4.597107354857841 0.40542702279072074 5.418464300120306 0.40168175123126465 86.03732558883473 5.390401697011449 0.0
122483 34.37991957312851 -5.028827135217401 7.8857511086956515 0.3841095547604114 12.794974686588166 0.3796234083364353 81.25520753206489 2.8162770421511256 0.0
122523 34.30642849340488 -5.027534759240021 4.090927622106085 0.39656507636782523 6.083101899360841 0.39230751700467253 85.54422532849459 3.785053763530788 0.0
122553 34.30222850542238 -5.02733285359103 5.081334894009865 0.4056377208617071 6.008252695056733 0.4019004959485142 85.78818031373515 8.130884901854639 0.0
122834 34.47136728425939 -5.024967107724218 1.77359430459529 0.3813389153791891 2.9228802829970397 0.3773054455085738 75.86329839126452 3.5302298880377077 0.0
123093 34.43187022084193 -5.023085574381315 2.9152640917935218 0.36837207328124716 3.3223618789767575 0.3643785664866763 78.14603514686951 1.4533940005279498 0.0
123164 34.735986284228304 -5.023723228929315 2.9993784986894556 0.34422353520708265 4.137985362573535 0.3389948416102573 60.500125380701085 1.610272895972402 0.0
123274 34.830588727354495 -5.022310535981879 2.5277784251663564 0.351103104526013 2.652217905917946 0.3470036756214744 55.0532250900561 0.9903694048658591 0.0
123648 34.419896790012686 -5.01884867624 1.4277176882456926 0.37250038407265007 2.529578404850303 0.36774005598852944 78.79386523308122 1.4533940005279498 0.0
123940 34.387830766261075 -5.016747003700147 1.4644910934338544 0.3757477701291642 2.223068194340678 0.3719713029964656 80.64619237086637 2.8162770421511256 0.0
123945 34.762794606444906 -5.017567625669434 4.353537865617654 0.34664169204609085 5.831311111761689 0.34222258318446314 58.857701442182616 2.161758550868701 0.0
123957 34.71666031253672 -5.016932448342791 1.9582451795860378 0.35151906463476745 3.3907652324880244 0.3472875630569955 61.50582048215177 1.6102728959724022 0.0
124497 34.98860412316422 -5.013578708467259 2.76790664026925 0.3476180989197735 5.090340778119005 0.3430969542757673 45.93492457594853 1.1636714014465146 0.0
124506 34.37264486295268 -5.011832785260646 2.2042103903638806 0.375183014060051 2.607657302984239 0.37129936792096063 81.47910539051155 2.428428724881538 0.0
124638 34.377801717488325 -5.010904575572224 2.680077680283884 0.3672278479914418 2.897623436318577 0.36311558602145916 81.16591786302183 2.428428724881538 0.0
125192 34.834890230796056 -5.008166437239464 4.086792063249909 0.3580105171186882 5.180470250345418 0.35385643358031227 54.561271140964394 5.600369012268032 0.0
125309 34.36318709045133 -5.006021909387463 2.7583428530722167 0.38709389404721645 3.70273936446489 0.38274289181112175 81.96826723484055 2.428428724881538 0.0
125441 34.44302247289009 -5.006510177480514 3.1484952456272004 0.36861551273610393 3.6872342187958793 0.3643256161572925 77.29103837549859 1.4533940005279498 0.0
125802 33.98870743567773 -5.001194147561952 3.4506662365007115 0.45007659070021255 4.41348979403408 0.44539908103233355 104.00160794491238 1.4753873737482177 0.0
126139 34.613694060359805 -4.999640918937396 1.4229380692091511 0.3773849553753499 2.575517558098578 0.37357892104032475 67.23014745322683 0.6885116903650257 0.0
126231 34.25515817032106 -4.99919958612161 5.976319502499433 0.3964562039189402 6.65630302807071 0.39260394676169286 88.25055119708482 4.499444416852887 0.0
126312 34.256685240044085 -4.998196875867293 3.4034109682827762 0.38556571499845615 5.384243653333623 0.38126590913641734 88.150460589135 4.474193150444683 0.0
126468 34.6204329600605 -4.997212548860411 1.6274705497018982 0.41959593025838265 2.7598239336419774 0.41474220321450356 66.80507712151149 0.6885116903650257 0.0
126511 34.47750724447418 -4.997222544798696 2.963934008637535 0.41033339450076556 4.202868394012304 0.4071069406836544 75.16039694231425 5.875211136041008 0.0
126717 34.508980656044784 -4.995643416684128 2.833891222734261 0.3839161403073329 4.922211050508732 0.38030040822605526 73.29774224318885 2.1599615444395965 0.0
126775 34.77003155666654 -4.994960937820736 3.909042688147292 0.37779000891832215 4.668170564567237 0.3736685406239011 58.08454636212027 2.092663397529851 0.0
126902 34.48050506426823 -4.994529250275825 2.74422016222902 0.41047913176266126 4.87289449503353 0.4071885210259173 74.95305759292619 10.85729502455871 0.0
127012 34.713270875490046 -4.993797123271318 2.491729417319179 0.37471778720223464 3.7924981843856154 0.3704554962193816 61.35681631882942 0.7118622272497126 0.0
127229 34.232746921942656 -4.9915705471950576 6.663543686329484 0.4092776503946177 9.650522599190175 0.4052498298964913 89.49650518069781 2.937604746208511 0.0
127251 34.83572523175299 -4.991580651395073 3.2003193813619766 0.396014996261831 5.318753396726234 0.39176171421813644 54.239657321870816 10.675914390726128 0.0
127324 34.84514656902928 -4.993090787503398 6.310265442719786 0.4034514061357122 8.956039431683008 0.3996385775910231 53.72158745145467 2.15201612472138 0.0
127723 34.03817074196587 -4.986403118060275 1.908757709656337 0.4221086651231811 2.8642011884114744 0.41721142901809716 100.94925886389454 1.9372516901570638 0.0
127751 34.7435858008944 -4.987466159635932 1.8565301752904328 0.3563161603197624 2.445560966122789 0.35224285747330325 59.50649090401043 2.0926633975298508 0.0
127902 33.93938371254382 -4.985684493359427 13.029305770707571 0.4915358443309077 14.392808430452495 0.4873133646347287 106.79406317136305 0.0 0.0
128064 34.40647074158474 -4.984545217342675 2.573359763110538 0.3846617399366728 3.251665914334462 0.38048137863875997 79.19009813313482 1.4533940005279498 0.0
128076 34.16806076845809 -4.9840331756392215 1.8229997245363279 0.43824963577972204 3.3824025797714876 0.4339465509818008 93.24604249694193 0.9873310242616662 0.0
128145 34.17627060475735 -4.985215947732439 25.943193452312638 0.46899899375105 44.64059937046503 0.46440721790081646 92.7715446843293 0.9873310242616662 0.0
128720 34.23264186193962 -4.979426730424153 3.5787784257683897 0.40953236981459357 4.087369267883959 0.406019847399521 89.38839352050037 4.056915954622041 0.0
128886 34.08211653434686 -4.979088036983982 6.802284415643707 0.41854921144354895 10.800389189464562 0.4140628274666261 98.28697060443066 1.6190425853462822 0.0
129228 34.819497810472654 -4.9773374230679694 5.7631912036658015 0.35353169655662775 8.288915469149664 0.34907953112588697 54.95734160348029 2.9359860165461233 0.0
129276 34.47278642101979 -4.976867863643054 15.939390491499584 0.3806699696522799 19.39448549354996 0.37728889737954724 75.20759181280052 3.5966579403343446 0.0
129556 34.36135050824865 -4.973032472917391 1.4615472392951694 0.3741757531723053 2.7282378189828487 0.36977830294595 81.73076308193183 1.1274158715393325 0.0
129948 34.96494921139306 -4.970960244774947 3.907790666098069 0.3610537713842977 4.570531170146191 0.35703612388169637 46.473407398777724 2.28133804250337 0.0
130033 33.97664901825328 -4.968937673883128 5.506819429830947 0.4514877022320259 6.841853414048278 0.44726401925949255 104.45642001073898 2.1423041584583062 0.0
130412 34.82068482382006 -4.966626276626614 2.342874917247554 0.35022140605101487 2.707735083095294 0.3455535272528264 54.73284639323329 2.9359860165461233 0.0
130847 34.272731877104114 -4.962621277251351 2.8171945565228205 0.3921932186533173 4.0116900786777 0.38806912400445776 86.86830322683333 1.3981406252674629 0.0
131122 34.06261190580483 -4.959608269565702 2.7257149890284134 0.39955386070687887 4.187236075465243 0.39531025190963215 99.28832218972516 2.474909395246142 0.0
131394 34.51035964037753 -4.960231289167727 6.322051357252872 0.3601567902907865 9.185159190428216 0.3563368388099706 72.82089983688603 1.6836767249338518 0.0
131544 34.95637376765155 -4.957563804924132 2.189904703182332 0.3517515542142738 2.469525548501696 0.34769325466760537 46.74490406334855 2.28133804250337 0.0
131870 34.99978555490041 -4.956093587549137 3.402160603809082 0.3746465665649359 4.8715283765354265 0.3705605865078909 44.22404549734132 3.1234011088732965 0.0
132075 34.263687924230325 -4.952401514256348 3.176549785117742 0.4135676819271371 3.4279403234792687 0.4100564674141479 87.31642600582441 1.3981406252674626 0.0
132357 34.48298667407649 -4.950516587717984 2.7235851518142873 0.35569298998397153 3.816971274101667 0.3517308047662789 74.33715100060822 3.763658601245311 0.0
132562 34.838507551878365 -4.950286439410824 3.6834939364507435 0.35995840828421677 4.735706177289314 0.3557614759265089 53.4701820466985 1.3836257516124049 0.0
132914 34.21981315592958 -4.945292558663303 3.7017274146047168 0.4666852936857969 4.438142822782506 0.4632026669729803 89.85857824108663 4.449286969743883 0.0
133004 34.74413295557259 -4.945761962790559 4.087712478105896 0.3451514223522284 4.675928478478446 0.3410734689493036 58.92714878217482 0.9770820220711641 0.0
133132 35.02829515058044 -4.946254810969795 12.230957723444282 0.3778078263118448 15.036680752259262 0.37349283761787594 42.422909041454126 1.4350618286375594 0.0
133637 34.100963628184125 -4.939119915278779 2.932511073080438 0.40125253000246347 3.4461191384758116 0.39749014790471937 96.86414844271897 2.086722684874393 0.0
133715 34.20845531158338 -4.938816212759769 2.4142099509261246 0.43044019466720923 3.954361908147894 0.42634325203239354 90.48281184861135 3.2412993056215664 0.0
133887 34.99786305477651 -4.938772829976642 2.3614464671393254 0.3695916365574604 3.5306898390797405 0.36574109357113516 44.056382557728156 2.9792358324815598 0.0
134274 34.4747008370492 -4.934537898756825 2.3922108847739456 0.35895691860205664 3.0288905259247354 0.35556100137508506 74.67874808269694 3.763658601245311 0.0
134459 33.95823665808714 -4.932882296912303 5.915620099607168 0.42885357465914103 7.191227146412975 0.4246298714610606 105.30398066124339 2.860627140855735 0.0
134587 34.45658786936695 -4.933193477082932 2.6981659364040516 0.3612903807952943 3.7734276858422473 0.3576905715353752 75.73817332558907 2.1949323498334126 0.0
134594 34.79661436102472 -4.932655639876604 2.57262333913822 0.35317228585745647 3.339673689884345 0.3491670879488056 55.696459307051256 1.4581877546246895 0.0
134823 33.95321892900776 -4.929337455394057 4.304756338688053 0.4772150446464097 5.196280113649091 0.47294113500446294 105.58072850215541 0.3323850175478798 0.0
135191 34.25064477755065 -4.927792877301688 8.904122600641175 0.42113059057552243 10.881857184941653 0.41713317303564434 87.89889623071666 1.3374553428282059 0.0
135425 34.567437553538795 -4.925240222249599 1.5610056386837277 0.3900163601868762 2.6131254604778293 0.38635726287735933 69.11397139711514 0.9142813131257101 0.0
135561 34.92683133399878 -4.924479276825355 1.5949881471194767 0.38486752105799643 2.7990759667704808 0.3805065645780408 47.97877794960548 1.1204441689101021 0.0
135739 34.43103302255878 -4.922548216207154 3.585719689051698 0.39392454228183604 4.104094665404562 0.3904667793802302 77.16244460548046 1.7333036731426157 0.0
136256 34.77700338192782 -4.918734797203395 1.5090644044466137 0.37081756469531213 2.545306402340372 0.36692994357521486 56.69193145411393 1.4581877546246897 0.0
136560 34.11986258096701 -4.916423165058833 3.8136118289429652 0.41522797829647756 6.763923881886969 0.41094645655043216 95.59189566871125 2.2960094336817303 0.0
136791 34.209765658048966 -4.9141896487852295 3.478211089933733 0.4096749956789477 4.595627231998385 0.4056911317547059 90.23346761048148 2.1448113571528435 0.0
136891 34.242514064230704 -4.912861788216006 2.24728951675145 0.38483496256045696 2.681335061827316 0.38067047117155445 88.27874259051288 1.337455342828206 0.0
137368 34.12820733290463 -4.908724202978393 2.1584283660669574 0.3932646799330936 2.643990898132161 0.3888814004747123 95.04887754601666 2.2960094336817303 0.0
137463 34.7188804242556 -4.9089361845841655 1.3970883630166482 0.32887566662518963 2.5460795692369063 0.32347197830059754 60.018454036918286 0.9770820220711641 0.0
137532 34.097300036156135 -4.907353240271942 3.65166955451814 0.3846364650767985 4.409723137820533 0.380139190588399 96.87965474306002 1.7637949391120178 0.0
137866 35.00985191988928 -4.906793739006082 4.08702338712367 0.3653056091792383 4.788598491529692 0.36139373339742487 42.90391025456691 1.9859864296020147 0.0
137927 34.081271397815016 -4.904540404955757 2.5443560129935787 0.3963336036528775 3.2876207534741138 0.39185776151126234 97.81750152565948 1.7637949391120178 0.0
138021 34.3350496166373 -4.90457858538623 2.070640219274606 0.35516673880145033 3.248230128613919 0.3505168517016947 82.72591348073524 1.2189137254284323 0.0
138142 34.50810917041482 -4.904475380641522 2.8668070813173965 0.3376504184995147 3.7783792322961105 0.333770900244538 72.45291178059604 1.5531853555584507 0.0
138170 34.50240166119756 -4.903609878808614 1.506243579247158 0.34420783259831783 2.577019045264846 0.3402889108253874 72.78480875839888 1.5531853555584507 0.0
138516 34.1900833805011 -4.901862143752298 9.193676366019025 0.4065247252885225 14.890292890331656 0.40242015508546397 91.32732990504404 1.1296367559368934 0.0
138548 34.391131801647454 -4.900624546737231 3.7613713562791853 0.3665629647189069 4.0009208104687835 0.3628054812663284 79.36781530912882 2.121578227317979 0.0
139030 34.899929604050875 -4.898106389272592 1.7902801965657962 0.37341490771763586 3.1638731631656425 0.36927817557397813 49.24052892700226 0.8076888445730533 0.0
139695 34.51661692510492 -4.8921065228165 2.8257634853051306 0.36552322775096996 3.429493655924568 0.3623681575893822 71.85728107247324 1.5531853555584507 0.0
139898 34.12242382326099 -4.88971564956844 2.986794645714436 0.40320791378423515 3.5492707082294834 0.3986416656243952 95.28714883012057 1.5073731919579598 0.0
140227 34.46645474373637 -4.887958211569807 1.6449009693473058 0.38078630903827815 2.6222334696570324 0.3771346599766167 74.80829735703838 1.5527898880422009 0.0
140281 34.94313675846073 -4.888950769691291 4.178474499571505 0.41154171367111364 6.368983950767919 0.40724334073214724 46.60092547592791 0.8947824769046882 0.0
142147 34.79999829126994 -4.874025896824291 1.7662011862229017 0.34068394431300075 2.5308861398547906 0.3366870176193786 54.914186027543806 1.4380129206534658 0.0
142421 35.05129940005545 -4.87224429110353 3.349796135287014 0.383772163578363 3.8438131313355295 0.38000020288033104 40.0599569394586 1.7667649335498345 0.0
142442 34.315520457746054 -4.8717024867239695 2.4068226893206033 0.40076658567209017 2.7622653582204566 0.39701896364322636 83.69313788903743 0.8339401387870465 0.0
143270 33.98605558953354 -4.8638531219006005 6.417965860161414 0.4327762194139476 7.245559617525065 0.4287436239902822 103.2989276181515 1.1782865335194406 0.0
143985 35.01095616747516 -4.861104313706801 18.161471231262897 0.4179560212441168 30.32480742432021 0.4123751393159856 42.323472000093915 1.708508228105986 0.0
144092 34.52440796331258 -4.859582517643644 2.5411319825468053 0.36911712921871875 4.7119319398336 0.3654872635051983 71.1897970903988 1.5432284949914168 0.0
144738 34.49637477366909 -4.853807747211784 2.6405949494768204 0.3567400470441154 3.3522620551483033 0.35324511972538714 72.82873457716585 1.5518687181710873 0.0
144786 34.75378133126371 -4.853278618362867 2.484313240229437 0.3292663077201177 3.654898603735263 0.3249350281321094 57.50659809728496 1.9633978058218566 0.0
145094 34.90791352553875 -4.851145026589104 2.669657902666408 0.3439990720205257 3.422429805722171 0.339228449254746 48.33881821079543 0.8076888445730533 0.0
145242 34.025210015606646 -4.8492937016289 6.042423154139913 0.42456213397773557 8.07016025392182 0.4202200298986773 100.90890653297055 1.6071530466509945 0.0
145356 34.38377674304298 -4.848463607604413 2.304618423981491 0.38266065717867237 3.943818162298388 0.37746402023413733 79.51416315182989 2.096384946961163 0.0
145459 34.711956013131235 -4.84834802251489 2.661656233064975 0.3244844250509626 3.0852462521444655 0.3203049224082421 59.96373369313839 2.1771832821289276 0.0
145714 35.04120857488478 -4.847300488136896 4.0839603717219894 0.39946195939334145 5.545666093655193 0.39499937361925475 40.410750902993534 1.6321382987853412 0.0
145786 34.75452360788085 -4.846742111308626 3.2523083169393003 0.3270370527483753 4.562583279661907 0.3231399290872195 57.42177984514805 4.036206757468487 0.0
145876 34.39604585306572 -4.844630742987252 2.040256491486373 0.3642608486826591 2.8968767906305 0.3604019507061825 78.76595362622291 3.349771863998535 0.0
145882 34.81745694867689 -4.847152824051764 52.81626651687905 0.3537547877115155 70.34018447260009 0.3491124984613991 53.68229052466871 0.9636098264944788 0.0
146308 34.43628309749822 -4.842079640530071 4.154200226831349 0.3585470809029689 6.135467933370907 0.35485324425065784 76.3555479714496 1.8167529733313836 0.0
146977 34.4300654027017 -4.8362357769544815 3.1131224365081365 0.37491748199804376 3.735010334079893 0.3716298608550925 76.70221076203322 2.999089320253838 0.0
147627 34.349937943699004 -4.831023386858992 2.5886771423071764 0.37386409495270695 3.421075198165237 0.3701284565676009 81.46382006013229 3.2318982637337745 0.0
147902 34.018369838527434 -4.828707394246871 6.652466569509907 0.43945539662544936 8.071232152763608 0.4352665336276938 101.2535720436807 2.8946012484033936 0.0
148586 34.29942484135908 -4.586871318860469 6.919673730399762 0.3912194092649464 9.042059774174172 0.38744826988149056 84.91962641277956 4.492182832645716 0.0
148777 34.892462172223816 -4.588420564440265 2.043610356140795 0.37686913498376595 3.0950798189675215 0.37248121927280875 49.841425859262145 5.634342730004054 0.0
149144 34.90081281649666 -4.593535450257574 2.101320929345035 0.3743011010548018 3.0046401959422133 0.3699590983923489 49.2921433029746 4.446126531816699 0.0
149493 35.0166208393338 -4.593949419144249 6.404217284115009 0.3925899934697564 7.9956341847582495 0.3883596877858576 42.50848692888578 1.436377821044328 0.0
149607 34.90949122736461 -4.593851060439261 4.009110854320282 0.3733796110886502 4.277971115284749 0.36919323403689347 48.77911703828664 14.982720674589055 0.0
150040 34.922362021515205 -4.598812328747422 5.102516130813768 0.38076714989408456 7.253251228415131 0.3768249880328739 47.9666459741958 1.652344528361717 0.0
150722 34.51385450381285 -4.602809023126963 3.6025554995200078 0.3768483331142128 3.983284114757602 0.3732779605768597 72.07291437692682 1.4586363465973808 0.0
150898 34.37617691144824 -4.605732676922671 2.337784668556964 0.38669106991591284 3.061188108835725 0.38279077732639066 80.23108306368529 1.5839329899460752 0.0
151524 34.10507526761691 -4.6104144616043135 1.7845552069528112 0.4124368652922967 2.7600232110555196 0.4073961691958785 96.3390862203644 0.8844569231734292 0.0
151641 34.59207369061566 -4.612023638374676 3.039292549066551 0.3479642732763471 3.6001690511965587 0.3437943883881529 67.36246156509601 4.400919435198831 0.0
151748 33.976264992243244 -4.610826313847666 1.494160774519404 0.4332624511197227 2.5879330750699214 0.42882232199287607 104.01290150173057 0.0 0.0
151948 34.5275940434351 -4.613763232471305 1.7431075308617 0.36424278369401436 2.336497284896466 0.36053741146187585 71.17853270859567 1.4661907028053096 0.0
152118 34.83260280719417 -4.615445977019508 2.6344197807677903 0.351773761301289 4.41588324100976 0.3473637194437789 53.08557285049139 0.7519744766913063 0.0
152151 34.235369316677094 -4.615619108850351 2.7940974202530082 0.4188022990639236 3.2031112910772115 0.4144992855207962 88.55029986513784 3.6348575229889066 0.0
152461 34.243432175490234 -4.616322495020162 3.034419792702811 0.4186136642340937 3.3320496712408314 0.41446401599705013 88.06626002633583 3.6348575229889066 0.0
152565 34.28946646579525 -4.701318653713077 2.3288389176044992 0.3792793036647779 3.926772023913013 0.3752257131191751 84.99246109184111 4.834386359260648 0.0
152767 34.66998681169226 -4.618390859975998 2.5522859924534016 0.3510601229902018 4.156496797726138 0.34728735125567795 62.691657095595446 1.6499860826959185 0.0
152884 34.31235724126643 -4.61921347991282 3.1583741563497147 0.3810291530376214 3.6912986860793855 0.3775732912964798 83.94597113807664 4.119223540275747 0.0
153004 34.13096866534281 -4.619584198025373 3.341266435792212 0.4219595635482678 4.040755665570627 0.41808082738281577 94.74898501594308 1.1352943774130573 0.0
153055 35.03628933550378 -4.62288801507404 3.847849419835051 0.3847470295834366 5.852958495639229 0.3805520189825345 41.003029518230626 0.741631709786105 0.0
153134 34.59294940289162 -4.622030219515144 4.900417210624493 0.352818054969668 5.702305691876694 0.3493927944832749 67.23881580098639 1.781144007994961 0.0
153321 34.32021126846889 -4.624971929046643 2.944964438026349 0.37816714982413585 3.830466425267265 0.37425817707441406 83.44626318170761 2.382769230965524 0.0
153746 34.36540376639876 -4.627829197869072 3.0265867722026547 0.3712997568375233 3.794587742514397 0.36757171998485333 80.73918450514921 2.364208743894042 0.0
153784 34.23464924042398 -4.626111739042344 1.8082148875219972 0.4148342294893728 3.137020347515785 0.41087517159395204 88.53744846806705 2.7113246466835217 0.0
154494 34.52760703620734 -4.632163044288046 1.5534885336618045 0.3660260157040236 2.5558458200759975 0.3619082632589891 71.05851785436793 1.5130282458984432 0.0
154529 34.09342562938729 -4.627658303332756 3.4145776862684243 0.395287044028563 5.08085115821812 0.39108542340249264 96.9481102455956 0.8844569231734292 0.0
154725 34.42555759791276 -4.631873761688496 4.409931789744565 0.37974757695120814 4.816050981170763 0.37596523123247966 77.13468599467346 2.4229995695975535 0.0
154736 34.26526774741866 -4.634587423995494 4.536555568275145 0.39005323489748994 5.3858232307247915 0.3865640822595563 86.67045320056641 4.4301307732286155 0.0
155181 34.38928815764003 -4.637669944334655 4.365849599943406 0.3767607851163793 5.608801856311823 0.3730630006570671 79.26398352789275 2.236602556890401 0.0
155291 33.95360341634797 -4.63807084396143 3.2425625095317274 0.4392520281169526 4.502716716385202 0.4342644739681745 105.24477095802473 0.0 0.0
156209 34.969902165601496 -4.673326138620208 1.405625521601328 0.38508853739202153 2.6036577574089335 0.38047774118135014 44.4942703663535 0.5617311025722713 0.0
156346 34.70885272616115 -4.644459400775819 1.8330048504265875 0.33074305215755445 2.505872956779023 0.3267704799323662 60.20104729391891 0.7464339469866369 0.0
156408 33.97470626461957 -4.645865959817169 2.3375664211123732 0.4249594630535877 3.0715486005017976 0.41903966115605196 103.95571603770907 0.0 0.0
156826 34.26848713989352 -4.64960878032458 7.053156445962401 0.4119099655430969 9.610226017216107 0.4084997001040032 86.4101319218181 4.989499896198805 0.0
157018 34.28416846912355 -4.65030396901377 3.3116631498153333 0.3898081260209761 5.088210425214715 0.385578800947887 85.47175080195738 2.942247476982894 0.0
157830 34.26498721350346 -4.657497648115535 1.940995951363405 0.4002505311094426 3.007020934838842 0.39686057309272155 86.58679885079687 4.989499896198805 0.0
158088 34.42523191407007 -4.654318480737061 2.9784827332265786 0.39519805430657695 5.401557582254386 0.3912955671444996 77.04081273610075 4.296437894584499 0.0
158237 34.40248202963544 -4.659223913846756 2.264483879224088 0.3820520031971416 3.0768021940519716 0.37826402143672777 78.37621710726904 4.296437894584499 0.0
158526 34.9288126703836 -4.660167980861383 3.755531119123203 0.37913186936323195 4.565408432975243 0.3754069690032208 47.02320631480911 0.5617311025722713 0.0
159065 34.712827785883206 -4.6667612158602765 1.6125712478885688 0.3425288628672461 2.852396303847339 0.338133639035652 59.83720907248579 0.746433946986637 0.0
159361 34.47050227287605 -4.668395964009415 3.1379676795566045 0.4271413367589236 3.5051771732447072 0.4239418855291877 74.28033653097684 1.6326821590524507 0.0
159632 33.99912019500852 -4.670098880693626 5.497493817819859 0.4188465368404252 6.8689408687229525 0.41423111742653745 102.41835920636566 1.0572809297091217 0.0
159839 34.43244353364484 -4.672362671864203 2.1894342372035687 0.36549133874464534 3.5400846088253806 0.3616593138321085 76.53627759186452 6.316675635413427 0.0
160182 34.847311286590035 -4.6760786391486135 3.700289559921239 0.35198048788913566 4.568877922731533 0.3480927395787361 51.776613047168745 1.0601295030799216 0.0
160212 34.12388091222287 -4.674577890073033 4.326758627903759 0.3959323872044465 5.756385014370564 0.3917276142060132 94.95332913784111 2.9835523812507945 0.0
160393 34.55343665171182 -4.674964824697067 1.5513207011330639 0.3614369469948504 2.8267418232170862 0.35774835646005065 69.30558680362675 1.5067685474138819 0.0
160783 34.1237494427213 -4.679168191001279 3.189742078816771 0.39467458988297377 3.5595139724706772 0.3905889795316953 94.94814318249085 2.6175809332689757 0.0
160972 34.21412142927944 -4.679451820027804 1.9584091874758338 0.3769249132893673 2.4752402243113925 0.3728712007509093 89.54909263143254 1.1612821215112543 0.0
161329 34.64616142721576 -4.683907250418892 2.186279189525042 0.33610827840325075 2.5814202766432337 0.3323282938445449 63.73760003755736 0.746433946986637 0.0
161831 34.13719720467168 -4.686576277084761 6.121831796197855 0.38826895081287277 7.351209337775304 0.38414865399061665 94.12530314354974 4.107522869634731 0.0
161973 34.4270594532635 -4.685694759799466 15.056837791561586 0.38519046553035585 25.26029443556172 0.38135661535284016 76.81257070047961 2.5164463128881094 0.0
162241 34.26556933540761 -4.689946880073186 3.4342623810063864 0.3816154270053068 3.746888336142343 0.3779371659600058 86.4470405079933 2.546622660015238 0.0
162519 34.55429828085982 -4.692904560748736 4.071232088665917 0.36569185172637464 5.040084008969004 0.36222153582513006 69.19164652088396 1.506768547413882 0.0
163003 34.52019935184244 -4.696066345863047 3.7623625864452523 0.3542000631427634 4.330024235870039 0.3506480027610138 71.21917618443544 2.2299205479778834 0.0
163832 35.006564689457385 -4.701964196453122 1.83663171777056 0.3553437427837772 3.336449797568867 0.3512975697756364 42.161247524322796 0.5900326296076914 0.0
163946 34.78935822844196 -4.702980356891347 7.112996119680531 0.36425135354205257 8.074307047456578 0.36061798805006867 55.122897461843806 1.2766019292112807 0.0
164728 34.49333812988872 -4.708733962192123 6.628805139277663 0.35869490303108886 7.369330321803406 0.3550584613098439 72.79327654041587 3.5940423502608794 0.0
165369 34.30986382449803 -4.7108977036923125 3.078817483588322 0.37523668906301383 3.515840172444738 0.37132463673901794 83.75486418541419 2.1590295021065113 0.0
165514 34.23066254785351 -4.713373308819347 1.3978551758736562 0.3948137273040489 2.5845909423667406 0.3909104570967024 88.4850206669456 1.1612821215112543 0.0
165561 34.278904587791736 -4.7136336045328 3.558588308625517 0.38243589781335285 5.311903926292194 0.37829662042212236 85.60086885639531 1.485245099488526 0.0
165730 34.46761521455378 -4.71601278806846 2.3702227770377617 0.4209126310837558 3.834244131984334 0.41763965444714224 74.31686884073417 3.0863069713617097 0.0
166027 34.803597747332915 -4.718258832473606 3.1320556325452236 0.3783907169206129 4.004643356755764 0.3749521486956956 54.232043788992506 4.154647602145756 0.0
166126 34.34446452367552 -4.71788193411698 2.940168795759699 0.41325420332108886 3.2377606974006095 0.41018640291807956 81.67535444473799 1.9430659682352074 0.0
166129 34.14582228157477 -4.7187001229587295 15.256684213947624 0.44828353669260335 16.630096136464743 0.44502727763252947 93.54928369111124 2.7943955246142407 0.0
166135 34.76907052682102 -4.719034464777977 2.2351305556369128 0.38880036627064835 3.944096450812124 0.38513935004901256 56.29379558060738 1.8992032853860241 0.0
166137 34.80158759595914 -4.718878638668906 2.976818472143408 0.3782186735043136 3.307323617081619 0.37492135462587656 54.35085275751452 5.784107488820264 0.0
166210 34.4480138706025 -4.718945375605812 2.6637792742194333 0.3695807952063727 3.3667830613910086 0.36590060758949816 75.48379611034636 3.08630697136171 1.0
166744 34.34067648272021 -4.720532865930093 4.2808285913208906 0.41531321355143114 6.845492252771067 0.4120531828958257 81.89805380216029 1.9430659682352072 0.0
167028 34.436306584487625 -4.72462767818319 2.3582759855908777 0.3746757815010999 2.8022241631368225 0.37145678234365426 76.17573627813582 4.483073148200401 1.0
167226 34.366418360487515 -4.726691673296516 13.267582621285133 0.4410301814890304 15.933638151890378 0.43780800209807286 80.35154094986673 2.3369408982097832 0.0
167338 34.864362551821195 -4.726603131555263 2.3221335641539134 0.3643961446824492 3.8538238745650806 0.3603780079485481 50.58432281244129 1.5520418005710959 0.0
167410 34.611060266368305 -4.725468832214965 2.193163045442546 0.3820753432558414 3.419738363501471 0.37863224263163975 65.72756787182935 1.0179865398427719 0.0
167581 34.412064384327905 -4.729428826360257 2.8202766340430796 0.4270898395546202 4.356353718090524 0.42384688803389653 77.61963021517396 16.461222476510347 1.0
167598 34.409243578528404 -4.728790318895499 3.217462211653183 0.42704355276037526 4.185342755861535 0.4237846552815528 77.78893164544893 7.8718805860668395 1.0
167613 34.42445443361599 -4.729827038563761 3.840894877530008 0.40812341596714813 5.182427018256858 0.4047774577058695 76.87846232443995 4.483073148200401 1.0
168394 34.14278265829252 -4.7277914419643015 2.021098417702581 0.44524950236904476 3.490084211357127 0.4417742488227604 93.72104430200646 2.2055572542576214 0.0
169230 34.38630111712627 -4.737777224881958 2.9308683604791383 0.39239750796221495 3.6212879447430826 0.3887454240288544 79.1532448514301 5.617796732612529 1.0
169233 34.45199477114401 -4.741658809884493 1.678120348427222 0.35057290673515074 3.059473715301569 0.34668508960488925 75.22318601673494 4.126339438505097 1.0
169913 34.59019327355589 -4.746432891323081 2.60203732998974 0.337550066634766 3.109026935727235 0.3339692567827865 66.95815309027478 2.6875300906930866 0.0
170045 34.84495586909516 -4.748140856456103 1.3458142108422415 0.3198377990437942 2.0697630855574207 0.3155747543749687 51.724574976209894 1.4467354332241928 0.0
170239 34.45123162501101 -4.749330972096177 4.666910162552843 0.37841291607737515 5.942485899598666 0.37460333955197345 75.26674512700077 4.126339438505096 1.0
170248 34.503352829825225 -4.747909678588302 2.203662865540545 0.3457866269400934 3.8403018338409085 0.3414305843881744 72.1503858237009 2.4304417829484413 0.0
170425 34.45560103651705 -4.750011056984135 2.2924570685911907 0.3789622639958504 4.050312509367947 0.3750407737339548 75.0054331316248 6.6900010124439095 1.0
170516 34.82864262532869 -4.751667861146509 7.36710557918152 0.3455283113925417 8.461965985978994 0.34133329391340206 52.69984900364514 1.4467354332241928 0.0
170530 33.953835118971035 -4.750755246388289 3.0483117858674476 0.44630807092853997 5.193232292689754 0.4413861183040001 105.00792430092241 0.0 0.0
170692 34.02464091652098 -4.7515836723155145 5.40761961222484 0.4477422153864976 6.160239478769625 0.44395952272956235 100.77414745061091 1.4939846866084214 0.0
170954 34.3998697734346 -4.754647466377992 2.4904086058855213 0.39860580015971353 3.796017033057644 0.3949142386983584 78.33805574184434 4.598976342495442 1.0
170986 33.97208839268595 -4.754467731149691 8.005231086630841 0.4338781196676405 12.544880611717533 0.4288280866722142 103.91654689767054 2.0173318706078347 0.0
171010 34.88892536404441 -4.756075113959063 1.7396432900945833 0.3332738160780648 2.8082577380607034 0.3288038646682364 49.09641330086263 0.6149583391698754 0.0
171480 34.77644323306139 -4.760128939424922 5.836700073980027 0.39546088617428804 8.880479311652216 0.3918043231179728 55.82392179376403 3.9749614059804275 1.0
171927 34.98940714650886 -4.762436854975005 2.7811537076307435 0.36616675858190556 4.897329920950073 0.36212026716908924 43.09314915401678 0.5900326296076915 0.0
172566 34.47867663459626 -4.768303592307667 2.307229750051645 0.3682595411275932 2.9256465923791124 0.3645474365980227 73.6328653564414 5.351863980605078 0.0
172584 34.46479229230097 -4.767075387393732 2.413828773015831 0.37914904773556984 2.986033910634366 0.37542755977478637 74.46197815026724 5.351863980605078 1.0
172672 34.14116522070241 -4.768221613165107 2.760315588961248 0.42209204891653473 3.6589734769095874 0.4182369709976041 93.81190690911446 1.4494458966076902 0.0
172783 34.58293145886649 -4.769292837688538 3.6897428672707933 0.34651252999693866 4.663447395186195 0.3422750730762002 67.40084709420081 3.272021282550598 0.0
172900 34.47460931153822 -4.780537728265605 5.1426136195493575 0.3802635119418892 6.295920323658165 0.37694707767930374 73.88993640742261 1.9141485298198166 0.0
172949 34.03639210849588 -4.769211341239068 1.4350336741034864 0.42543410159118233 2.532973856232985 0.4207708514555637 100.07681139867566 2.82894478691783 0.0
173108 34.76246462377085 -4.77254918024912 4.260450818210682 0.34908596580976997 5.7291707551679565 0.3450103029171125 56.672083798938985 4.845621655206509 1.0
173185 34.762869029154515 -4.763801258962223 2.267845681823541 0.35454595886427337 2.5494846898101713 0.3508880749500639 56.63816510907972 4.845621655206508 1.0
173188 34.551626943575606 -4.772614858485962 4.413283057530658 0.3574532642973229 4.751540627963327 0.3538662224846836 69.2758217098594 6.021341361032606 0.0
173217 34.38684251204057 -4.772992604766766 3.825456679494845 0.40217849308305587 4.599404662452867 0.3988555849551061 79.12748000472776 4.6719217952449 0.0
173295 34.2100632217682 -4.772249185654169 12.480489051422976 0.4004059486309305 13.774463692660522 0.3967031126262633 89.69558274452658 0.8613048114072649 0.0
173837 34.4714900524037 -4.774260403424367 2.0242534837986135 0.3753086335157011 2.629286269355906 0.37174931679818246 74.06836702513493 1.9405137923110498 0.0
173909 34.67579603445648 -4.777136453750208 4.633735077574549 0.35064849358059064 7.525508929852914 0.3470798043819991 61.859326040314336 1.1510697778649643 0.0
174201 34.335447180583266 -4.781435229934342 2.5759139028249574 0.3834485341460959 3.853045642854432 0.3796427190913428 82.20966318106382 1.6679515145798005 0.0
174261 34.756704428530725 -4.782245589482884 4.734869285822461 0.34626654984445265 6.24408333250429 0.34252803751936106 57.03277410748749 3.3471728203168727 1.0
174686 34.34924156962722 -4.785339142773972 1.4087736258801407 0.38269977476101197 2.3559781254706764 0.3792262532397975 81.39061495650537 1.6679515145798005 0.0
174836 34.5338681454674 -4.782433661912609 4.483700825746747 0.35545141532290014 5.470210124620111 0.3519033767963056 70.35079991648136 5.04343477759626 0.0
174980 34.07061122802032 -4.786942596491824 3.0318529817443514 0.45304152895900335 4.587605487315551 0.44913413280580167 98.04789975708951 1.7161574367064731 0.0
175055 34.54340576179531 -4.788342483152559 3.145532458292479 0.36326431978910856 4.351688748028041 0.3595136191454268 69.79122855401677 30.25366332821818 0.0
175134 34.39698684498512 -4.789376959133927 3.021580249493762 0.3912908486820639 3.9128285906544744 0.3876054356678549 78.54349930348077 2.9585359629521077 0.0
175212 34.93411284462929 -4.473747088653796 2.0375525253616793 0.386024517956244 3.5050139020551456 0.38107854784917483 49.27396929608018 0.6084856109741205 0.0
175939 34.38244007054016 -4.796041836606725 3.1653654415789743 0.39003438236321886 3.831665220724516 0.3865184897237685 79.42541084121441 3.3199873306909296 0.0
176206 34.76147592683483 -4.798181750276341 1.862268701770234 0.3431249936666226 2.9625799536057777 0.3393797859005016 56.787621264807285 6.035481114647363 1.0
176330 34.54503883190199 -4.792041627360143 3.069414748271392 0.35576648462062527 3.6307515959606866 0.3520878281176202 69.70112837627259 2.9835873836088442 0.0
176361 34.786545435314274 -4.797396887794153 11.162438309808463 0.3571167412766826 12.74580731291053 0.3536433982898833 55.28825532203259 3.359400773683924 1.0
176735 34.77656392956825 -4.799249222783715 2.297729079647237 0.35639932154061305 3.8017688201416737 0.3524414166041163 55.88997697389058 13.938750824635337 1.0
176937 34.32917733719605 -4.802697480322077 2.4811950643976677 0.3859523936445058 4.054272641480684 0.3818870763569843 82.62215550111115 1.4378691397933803 0.0
176962 34.528926554405814 -4.8038395058343895 1.8247235109984792 0.35875089362744955 2.5800999256472235 0.3545918445898073 70.69209353671084 2.240236640190339 0.0
177027 34.02679286089448 -4.803346815615239 3.781157476221988 0.4209317650257181 4.438748758725716 0.41695013986228185 100.69252352221034 2.387495750842588 0.0
177061 34.33397011073672 -4.803882720365221 2.5135283772700503 0.37257751771337894 3.7560418365610517 0.3685388600532381 82.3384889143671 3.2318982637337745 0.0
177091 34.98714147859151 -4.804704392626866 3.7447481298724115 0.35587429906965506 4.460125497354458 0.3516386251493862 43.345279984606925 0.8629823410107295 0.0
177412 34.071887008446474 -4.806495055004369 5.188200630085347 0.43263891903406554 5.82365900642172 0.4284453340651687 98.00380025627513 1.6732919184152737 0.0
178331 34.13259364757771 -4.813180923127035 2.4220406139855295 0.394298798992482 3.9107391246132224 0.389754390253076 94.39111743605733 2.428873974108843 0.0
178605 34.6979687899157 -4.8168132208607775 2.522165082473972 0.38615341855940927 4.198656494594287 0.3829410181305468 60.64301773285187 1.5066419620328595 0.0
178676 33.94847494445018 -4.815105777800846 3.9239938352396533 0.45435795100592147 4.870742409472311 0.4495646327968221 105.39589836799519 0.0 0.0
178849 34.76613050242634 -4.818920220341412 2.3851699643663604 0.37432853950439476 4.3268500708204165 0.37012221303311005 56.58612743094005 5.041341472113206 1.0
178909 34.788395914448465 -4.817757112956091 7.429036929041608 0.3634891306075825 8.584336867723485 0.35998456397934353 55.25337150109238 3.5502147834278523 1.0
180182 34.73265462652768 -4.371065760863436 1.8688069163550256 0.3825803935812875 3.01444622859399 0.3780845980945164 62.72088083545593 1.012135734458165 0.0
182032 34.405899903362375 -4.385433491580808 1.447025864702347 0.38255733685672183 2.6858123575049584 0.3769589845968504 81.00652575012613 1.5934841890008231 0.0
182088 34.02167642756559 -4.385100535694123 3.070585180769599 0.478089005029379 4.339808443777356 0.47242394381330005 103.32377381262029 0.4983038279373331 0.0
182271 34.638206076999715 -4.387335428643281 1.3958171867613176 0.38759330744693543 2.245916215426056 0.3837952220529205 67.69572287178094 1.098479786718655 0.0
182808 34.35578531642431 -4.390822254077149 4.40521563743326 0.41673614795446917 7.570835332680806 0.41206107479709214 83.81239747831732 0.8725531182946191 0.0
182871 34.271948293985496 -4.390255965117377 9.999652299602062 0.4276997446201727 11.848531290427816 0.4229677468085713 88.6756903979469 5.5303089490656205 0.0
183125 34.40892455813644 -4.38078034936931 4.846489869389084 0.3734215630389 5.2181214338634705 0.3690386835363631 80.90859494584576 1.5934841890008236 0.0
183424 34.77547121660934 -4.395980629888138 4.864474932223847 0.4074240650156999 5.34460973322085 0.4027669475122931 59.793220398639725 0.4761258439035174 0.0
183877 34.541054581384365 -4.399256181407163 3.063402629741853 0.37417158415247126 5.033041154723302 0.3697007468287203 73.01183412446314 1.643602822929198 0.0
184346 34.39763854065272 -4.400962575575873 4.81171697368881 0.39869461505639064 7.237151197306435 0.3943654891108827 81.23640658135224 5.511036961040762 0.0
184478 34.09305532122174 -4.400981888669515 2.242561374643823 0.43550567142204255 3.8258247533497096 0.4304321685549458 98.94865225813936 0.5884288427625088 0.0
184626 34.26340930843777 -4.405558378458687 3.221771539677266 0.42883482241235865 4.917754382437668 0.4247347131132407 88.95245427747415 1.5204208558125134 0.0
185456 33.96061198767237 -4.398022753046879 1.9675692261091269 0.4841897302724471 3.3017076591034002 0.47747969651539024 106.73884732160447 1.3242413470390728 0.0
185504 34.41361565223105 -4.413265062910801 2.6453123818047826 0.3696491503009982 2.9316663541735886 0.36488007517158866 80.12356803774564 3.2056218457801204 0.0
185773 34.01737256607493 -4.41167097748218 1.9440476768339858 0.4397129524415202 3.272477327620442 0.4341653509515679 103.24830406946245 0.49830382793733297 0.0
185872 34.28150356368022 -4.404888886664678 2.2814708605806002 0.3937925968363415 2.666078276224999 0.3893273067093951 87.90972793325983 1.151428763636371 0.0
185894 34.55094623169905 -4.412521809185798 5.0692607455098715 0.35456640491457003 5.804980524490851 0.35041641183341815 72.21773182668727 2.944654579073127 0.0
186739 34.37767040198399 -4.421848072940065 3.8568032744900997 0.3866717444615066 4.744134948851935 0.3823766412893382 82.08019337628274 1.6310325408077642 0.0
186907 34.64988259449171 -4.423182974300429 2.309972945463848 0.3649674941321849 2.9458858658451588 0.36082209085014944 66.36630712245594 1.3228200419216967 0.0
187346 34.14303804839298 -4.42611628741445 3.2882535145146274 0.42760428722882293 3.632687736265549 0.4230994135580549 95.7099102924425 0.67398320273902 0.0
187433 34.45248267361771 -4.424704934021639 3.141525914064942 0.4071482775462796 4.837309111061685 0.4033022431117288 77.70050273611055 1.9594200748927517 0.0
187507 34.75663797581526 -4.427349450012188 151.77832517267274 0.4808946163559519 268.21890815746315 0.4725802163506295 60.21509635384814 1.7807258148006015 0.0
188202 34.52854057060572 -4.431346968676206 3.717001696837613 0.3811531977032176 4.447104044439905 0.3770920787030392 73.20099763078156 7.589631496892644 0.0
188441 34.669604908978336 -4.435261899894452 1.5478773642351127 0.37769934935922794 2.8180529043840155 0.373578018582537 65.02569906829956 1.3228200419216967 0.0
188623 34.71297552663705 -4.4366004309410485 3.7523643210759294 0.39840102015833123 4.125381342429586 0.39425701000129276 62.52389651485942 1.6569671498668166 0.0
189257 34.523360745609914 -4.4372506434709775 3.0208923556494187 0.38259915429501057 4.399268993137098 0.3784246128791844 73.40845534302366 3.0297680188603375 0.0
190176 34.37930798992576 -4.446581065981873 2.0693123171011876 0.38798080810965835 2.737282103591732 0.3838922546826105 81.64011178324078 1.6310325408077642 0.0
190195 34.48921577591249 -4.4495536332989865 17.258739667278117 0.38345628376346574 20.660898060986494 0.3796851253986146 75.20357364795952 3.5084635751091833 0.0
190678 34.47834900348359 -4.4514292441029575 3.658203901426699 0.3805888976770894 4.348369913469789 0.37656137827131864 75.80792562246376 4.027679069299356 0.0
192977 34.4045970307446 -4.472008199027958 5.499818107060987 0.3780379231054541 10.142107931938327 0.372906092715785 79.83246803510977 2.5923148162244374 0.0
193349 34.18924178780705 -4.470712274241194 3.008313291225926 0.4323252839201141 5.419884289823087 0.4283222867084336 92.48099839834057 0.6488775869904473 0.0
193371 34.779400441599684 -4.473630071068161 3.2121811207667403 0.3609313187965891 3.7104671657539963 0.3563054553799636 58.072913838848585 0.9165540012057936 0.0
193643 34.3856426256589 -4.476053459826656 2.346969478735656 0.3983382568755985 3.1737739538851337 0.3947272641787392 80.89149250468638 1.3533841609243393 0.0
193687 34.612408489079016 -4.47640741802061 2.1014497229636024 0.37734331953176325 3.144890792387875 0.3735025988959885 67.66352203419683 0.8877346211580049 0.0
193881 34.459311686873534 -4.477303283385942 1.6814469183379401 0.3683245056626834 2.9735088095030804 0.3642558414362939 76.56669624841884 5.756253215583804 0.0
194323 34.35444996912098 -4.480984832037404 1.5841112285887347 0.3785147811429778 2.629846161534435 0.3745614949786308 82.66037896339073 1.3533841609243393 0.0
194846 34.35083783003368 -4.482517111873483 2.6609056276131344 0.41014794921084646 3.3663936232293312 0.40617095382645324 82.85431386155652 1.3533841609243393 0.0
195018 34.42837875572009 -4.48280327514175 4.3566449909459 0.4064921530895081 5.407619428049782 0.4029242882649632 78.30640559595734 4.291563942905041 0.0
195042 34.452875971639784 -4.486601388684913 14.288276929071316 0.4012649072117655 16.365791114062773 0.3977422467251043 76.82556343768914 5.756253215583804 0.0
195124 34.98220929125729 -4.485465771129024 2.4636930927419445 0.41374762987330677 2.8468135894672204 0.4096907510000347 46.329309469339634 1.2445829632049705 0.0
195451 34.67324312096607 -4.485356271328236 3.8484066414752274 0.3953144932459707 6.673393552645238 0.3913720734638946 64.00435120516977 1.7832149566430648 0.0
195485 34.08780611924456 -4.487194658394308 2.164676320759196 0.43412630770602517 3.0548512896776505 0.42993470251257254 98.28856097438336 0.5016052729085386 0.0
195702 34.46098344637673 -4.490717195130119 1.6730458651216593 0.39532664109655563 2.287553223477538 0.3916289884620651 76.30018665775879 10.025496380825198 0.0
195792 34.867405568043495 -4.49130764416535 2.360272166964885 0.39407384664233 3.580696038062344 0.38923056875979894 52.72762296441402 0.6131631630471001 0.0
195934 34.454307175144486 -4.492416788711239 1.9963560640506715 0.3952508675135987 3.025195605896564 0.3912596530080479 76.67040822710948 10.025496380825198 0.0
196701 34.54300462949467 -4.49437725748687 1.8621803898295746 0.4066007704037374 3.2717193551662533 0.4016840994632634 71.4573209828679 2.08801400408117 0.0
197128 34.47633105952593 -4.501715463706189 5.6357400371013995 0.3828798540190824 7.647432818729875 0.37929868008164164 75.26790012899954 1.032414573322738 0.0
197540 34.62269816534647 -4.5061446389441855 86.0597172769703 0.45614183962196914 122.3824571469315 0.4520981080696524 66.65111211587417 0.887734621158005 0.0
197633 34.46653913608774 -4.505071548215202 1.5721681206430247 0.37473691290885774 2.7084252791278716 0.37073494503598736 75.80253845634957 1.032414573322738 0.0
198414 34.4341325097864 -4.502875063925 6.179091914043461 0.37739511908178763 8.785683764312967 0.373721767215873 77.729881342152 3.0932048207235066 0.0
198493 34.73458814080466 -4.5101104097215226 2.566906176965231 0.35799362507831084 4.1375233594387195 0.35291993103294667 60.083169577282895 2.107416184460698 1.0
198504 34.4317861571699 -4.510891149114914 2.867648264063118 0.37251144686755966 3.251327032226406 0.36888284381042163 77.77705801277789 3.093204820723507 0.0
199018 34.72727645812469 -4.517203870830884 2.419752975581087 0.3487114038124522 4.5270443998923895 0.34405164411018213 60.40768504095412 8.61179077973063 1.0
199599 35.01321501946382 -4.520917350026632 6.816429060153904 0.3582040482602455 8.688302767499314 0.3538714714738573 43.878690466230985 1.2445829632049705 0.0
199662 34.375333357929165 -4.519293064443998 16.499112123923847 0.39385084241725404 25.212642822617404 0.39001145259129355 81.00950171685272 15.62495447747563 0.0
200359 34.37868562254332 -4.513212915388485 12.139789411799123 0.3864780240706786 14.057897136661829 0.38249839942066227 80.87560097896498 6.289622945187259 0.0
200596 34.715781664060785 -4.526374612981788 2.8857976478852763 0.36553882262910004 4.211155074517116 0.3617489518331907 60.95283936872387 3.2406317506567164 1.0
200762 34.280407345002246 -4.52960672028358 4.179117915139166 0.398591162743664 4.979548429791476 0.3948425025129844 86.51101432548158 1.0252126664359404 0.0
201165 34.802316083266284 -4.523654705200673 1.2967489622346713 0.3510796393546332 2.332506948074097 0.3470363666943984 55.95581255220262 0.910827202510578 0.0
201220 33.95396776544269 -4.529133601201606 2.7099939533555637 0.4947785192091974 3.3634555706049962 0.4899106565654078 105.8494247357012 0.0 0.0
201245 34.155744781502044 -4.531950400725446 3.7241820377646553 0.42945528103704605 5.438846585519453 0.4253178573929336 93.86570062012724 0.5016052729085386 0.0
201287 34.39213687698846 -4.533459247279277 4.408821002339126 0.4036720485514355 4.882817847197715 0.4000355577213552 79.87613073669168 2.6275638947954 0.0
201498 34.27600241023964 -4.534960883233157 10.064883606076881 0.39707067271458013 15.415480041669166 0.39281630060440453 86.72266262066974 2.1127545805203303 0.0
201866 34.719930687743535 -4.53885585064724 4.246992363925535 0.3636247122454469 4.698200768330244 0.35990212722305753 60.549214869228585 6.603533326446491 1.0
202134 34.73505038134856 -4.5394257612203175 3.904184260603121 0.36130557440834804 4.31954025482709 0.3574640822569063 59.65805176339263 10.429969551555358 1.0
202213 34.810962255352806 -4.541283248999088 7.618259489427594 0.36218428700259325 8.588375182148651 0.3582884037760016 55.20418707722961 0.910827202510578 0.0
202394 34.282829413602684 -4.542114656536783 1.903363682623884 0.37647466066300717 2.536023979380555 0.3720125029571027 86.25541331786533 3.2790642118436475 0.0
202435 34.287303354132 -4.541987608828546 2.4517562007044673 0.3776542823762704 2.498860491418011 0.3735279413840693 85.99179371226396 3.279064211843648 0.0
202467 34.01451570994814 -4.534221216715753 15.070914015037465 0.4448004058893826 19.15000967884578 0.44009942529997187 102.21848098577797 0.5398286087832875 0.0
202633 34.04043432757346 -4.543557413619529 1.8508655950967103 0.420380059491777 3.3223955830125043 0.4154300233888237 100.60999124380567 1.353154862000694 0.0
203125 34.97885330548597 -4.54878959671096 4.178000304047801 0.35819008107892997 4.328725893793546 0.3538104358593953 45.36048086503405 1.8808076534290863 0.0
203129 34.981854215970934 -4.551976763944679 5.277009290878102 0.39103136453995674 6.198122446599085 0.38611983360040203 45.13670834801414 2.7252281592332075 0.0
203183 34.74709033406164 -4.548568382618683 5.83390134978762 0.35081603509195475 7.537046852669426 0.34670061556233994 58.83907352446273 2.0010914881631776 1.0
203184 34.97947853983876 -4.549380582200159 8.972246790807176 0.37943951599520087 9.85823891392313 0.3748056742714904 45.31499042234735 22.293302237064722 0.0
203359 34.01928108751017 -4.54924166567631 4.82836170253369 0.44315758869296673 6.945906336539357 0.43897119651647204 101.82419712333142 1.3531548620006941 0.0
203623 34.88645786514691 -4.549861833963474 1.9979292505673012 0.3998574765524493 3.0703687750755955 0.3957066150535175 50.69268308549476 1.752893960659914 0.0
204270 33.978311632755414 -4.555488091727464 10.179542065149667 0.4787316873214834 15.042680254797279 0.4739471083839802 104.21438124268285 1.6684844524816156 0.0
204422 34.72451896321811 -4.554864561572467 2.4679517726248776 0.38976943235538397 4.132431932027754 0.3857722492208204 60.08574639515135 6.353845379854749 1.0
204464 33.96005634535801 -4.557236658023188 1.9783898791594279 0.48900788489866726 3.2611159365977205 0.4833243170377708 105.28758669285638 0.0 0.0
204486 35.03095453516143 -4.557158741426498 11.149484725403052 0.38429316311378375 16.628453294940904 0.38014714695093593 42.22461062635245 1.5780439311064562 0.0
204561 34.4259286704861 -4.555692597269504 8.02787679141421 0.40042770151789425 9.524786286597577 0.39690213219472315 77.67029195681293 1.7322781464636354 0.0
204793 33.94894351860754 -4.558952015056705 4.0392862248645764 0.5188376391549582 5.327581275641113 0.5136961931609745 105.93684801051856 0.0 0.0
205344 34.05257489407751 -4.562552391549126 2.302744829526572 0.42834858059790704 2.456705767276448 0.4243699452006799 99.75328208312592 1.353154862000694 0.0
205586 34.09873653742828 -4.565640639279793 1.5998319511639845 0.41594978096958546 2.9867681245059794 0.41171908013054287 96.98931277029907 0.9247213452225358 0.0
205749 34.90839153076005 -4.566625039049826 2.1337313194794945 0.356621110474629 3.8507981546127916 0.35243891182331766 49.18403555903716 2.7877925674294564 0.0
205860 34.299405694297235 -4.575254031444188 3.7926801125086254 0.37299578260747973 4.0976406188216075 0.36904804883809933 85.00461060970923 2.8409006839706654 0.0
205901 34.09303749907034 -4.56614415309823 1.8839355161164695 0.4078555551753768 3.3429732781489605 0.4026124338467745 97.32444632885426 0.8844569231734292 0.0
205905 34.276780103742944 -4.567576063929483 1.864123805049257 0.38324808057732596 3.0991750434858356 0.3788768915708991 86.40509104733533 3.73833882231546 0.0
206487 34.540289723943495 -4.571995516943254 2.7459680756238636 0.39334846062860945 3.5967961612585704 0.3898356390802332 70.76113318221859 1.00990645120357 0.0
206782 34.727012024001205 -4.570706836007994 2.807638081075618 0.3446759177455933 3.315308526752707 0.3406720594088092 59.76047482592085 1.0898391237051535 0.0
206937 34.87407708601037 -4.577468757074997 2.222783275524828 0.3585889356291624 3.3944117144757513 0.3542580825483831 51.04988242041542 2.40574739541331 0.0
206957 34.29455757178573 -4.576116983987915 1.1810152891690384 0.35909564949105754 1.9976631544424535 0.35485821697724346 85.28592806804785 2.840900683970666 0.0
207270 33.94949058679637 -4.577492274915083 2.0939686610006722 0.44619896072890153 3.65271953652794 0.4388820005355308 105.78832648469978 4.161010895531952 0.0
207869 34.29203612887845 -4.581704602252268 3.095739441940351 0.36511759932047033 5.0776718362668545 0.3607247635403654 85.39495866093812 3.73833882231546 0.0
207883 34.91175469287495 -4.578175881720813 2.3879054244260964 0.34386254658644577 2.804842856209326 0.33926684975449045 48.836662647476274 6.78803909711721 0.0
208225 34.56777400922852 -4.586368242629965 5.610435673257786 0.37390675666783707 6.787094946025354 0.3703415655280533 69.00815938265207 1.5648661355307856 0.0
208258 34.21800341401137 -4.583744648958687 3.1500858182693747 0.38261763315348324 3.880733508220555 0.3785825153657836 89.77885185038389 0.9582427610924271 0.0
208313 33.94300113823344 -4.580687760480812 9.097092847209659 0.4358879553312613 11.969742421827506 0.4302976563008049 106.15579143279965 0.0 0.0
208645 35.94287834770978 -6.044251075823289 1.798446242407142 0.4815908007120868 3.322524505553613 0.3941835978228844 78.89112571703764 0.0 0.0
209243 36.14839850385866 -6.03913203067614 3.067122229227894 0.5089054010633747 3.95741405722111 0.38303747060880194 81.66058764637121 0.0 0.0
209426 35.30763615436851 -6.039327469939298 4.6765401238484765 0.7902688234706572 7.460066006235618 0.3821131144065594 81.00720050216596 0.0 0.0
210049 35.97629727537932 -6.033377115683121 3.4920848129325437 0.4548734633183496 3.9255177917630855 0.42129255493566536 78.6284358763868 0.0 0.0
210054 35.83928190315993 -6.034497076326232 8.20534787800309 0.44447517976087986 9.754622946758879 0.4084923607279129 77.45575286771779 0.0 0.0
210212 35.440020418018314 -6.032208923930254 1.5832151248405006 0.4790554742406635 2.9518749624923566 0.40480523130472545 78.60463014899594 0.3685681034653331 0.0
210324 35.394792893214024 -6.032117635911657 5.923599115676377 0.4934708013198748 8.16338359087225 0.3869564948484319 79.19772506609789 0.0 0.0
210738 35.37246438694311 -6.028146467395031 2.4306339459631205 0.4900226891655951 3.450501307735621 0.3844129083648775 79.29491878348325 0.0 0.0
210768 35.83427263228187 -6.027798779330704 1.746070447118963 0.4520697758030618 3.2563083229522527 0.4067279636653128 77.0264600520898 0.0 0.0
210874 35.65454549822921 -6.0271235801352905 2.4461701251295267 0.4569088798893025 3.2978316949925004 0.4139736222769319 76.69897865856485 0.5666518666344094 0.0
211118 35.99188182790559 -6.025130625879066 2.212004614387916 0.45620678845308266 3.2732707537734362 0.41683433979410756 78.33876425567793 0.9451001691789613 0.0
211223 35.87952201965264 -6.025072288985507 3.0081496516862476 0.4469034113022235 3.7828525682099894 0.4181508691576495 77.17158174941969 0.4972595188897972 0.0
212602 35.806326599198314 -6.014112761155246 2.3849836712944583 0.43862145300751504 3.723631998951768 0.408893254578243 76.06471148972544 0.34759053866727563 0.0
212943 36.1514992702663 -6.011636928712096 2.9958620442931894 0.411045268515113 5.175573311796467 0.3673596792397415 80.16070127234516 1.792555074286575 0.0
213074 36.07849619652147 -6.010017579521378 1.4447402522235508 0.4047459182830288 2.685018378826788 0.36877100350600994 78.74035790185866 1.259421875241546 0.0
213489 35.43197830591992 -6.007875737912676 5.419364916157479 0.42986763131469413 9.535987813669324 0.3529695662112735 77.27816049950489 0.3685681034653331 0.0
213835 35.99598672479539 -6.005464391178969 7.440844115793976 0.40383469680551204 8.764868022913106 0.3752249119576696 77.24070836928652 5.382560947728033 1.0
213967 35.25139003813463 -6.004299508379925 7.210164302213824 0.7616463411243724 8.17415414830658 0.3645450054872475 80.08898308947828 0.0 0.0
214236 36.03896797803274 -6.00141064857596 2.1725801934044457 0.43731197711636205 3.839849223634088 0.4013179134027504 77.61352651017032 0.9947851672462322 0.0
214399 35.80394666210244 -6.000502849033032 3.1313186192127174 0.4228945636011718 4.087756219682343 0.3961734712011305 75.23974978032919 3.275792028718689 0.0
214692 35.36911695235219 -5.999231134510163 3.1160027502515613 0.4560236619541406 5.398852142729224 0.35460470921765935 77.67058505083993 3.3528080602942834 0.0
214699 35.72045381886939 -5.998133434169774 1.9442224589647172 0.4221840212533953 3.0355840000840337 0.39400630170260126 74.890609556678 0.0 0.0
214982 35.97904699405102 -5.995795491589429 2.27855010199428 0.44928458956934253 3.4884669701664492 0.42436489880407074 76.4559899029159 5.504248519123543 1.0
214996 35.82348653823352 -5.9960857930079685 5.210862864580235 0.4273893336230984 5.711403939777784 0.39733006294367423 75.07185879901337 2.9724476244299423 0.0
215471 35.87590065402216 -5.992876399710227 10.993881111886889 0.4439508212560989 14.291294821583609 0.418285731344402 75.22819245999631 1.7543093589398384 0.0
215791 35.99202164944049 -5.989834884243262 2.55106426720134 0.4462862994089483 3.9232608185059212 0.4129526202126226 76.27383019783451 6.422343004464067 1.0
215969 35.34784246909776 -5.989331966513778 6.852358206872863 0.5033777462355683 8.390009435147244 0.39805497597482187 77.44296443714906 1.518775854541801 0.0
216043 35.39092492926952 -5.988494761930462 8.452597000741575 0.45352854012943145 10.465756920887866 0.3705313026735534 76.715172519551 4.28194228935714 0.0
216074 35.850816652199214 -5.987271313546866 2.8673574332278826 0.4205727177089267 3.3048011554773002 0.39640441751602057 74.71133072828394 1.7543093589398384 0.0
216238 35.99486147072909 -5.986534896614656 6.386581877629238 0.4341683318611802 7.806204979956371 0.41076388381471657 76.11848723871675 7.709776761628016 1.0
216374 36.081649840043966 -5.984784612407737 3.3163719535417946 0.4278815119068687 4.590462963351694 0.3989548737292655 77.34189936064291 1.259421875241546 0.0
216547 35.74197341674866 -5.983730969133708 4.368972794545526 0.47523457335373737 4.701227132895238 0.44889815851180837 74.04849432550317 0.0 0.0
216950 36.19780308536778 -5.979931390668705 2.061949550778477 0.44722814504026587 3.7922278153994045 0.40065079450503116 79.34063767297809 4.122263499423705 0.0
217386 36.1992981633918 -5.9764405476269165 2.74868497083768 0.4412553623832994 3.678148126448665 0.3978766945179746 79.17881917022596 6.068861297709198 0.0
217457 35.715094009140806 -5.976245912669392 1.9155592945751077 0.44206924878605486 3.083669345291649 0.41319886226613994 73.575384025059 1.0768125733113638 0.0
217494 35.38500149616351 -5.976305694980653 5.357491028915714 0.4608826717688955 5.975421649088142 0.3810767981861169 76.09653178587818 5.68942685478973 0.0
217688 36.03377572180187 -5.97457061784169 3.7601713176402884 0.4214782660255033 4.418829673599267 0.39557892648530246 75.97725677975535 4.0300634722901325 0.0
217764 35.53120085009972 -5.974045435265533 2.365765372266462 0.4340079945899708 3.7261146787434014 0.39771231827806114 74.21531801889846 0.0 0.0
218109 36.269944126705646 -5.970806759661421 2.855475895004305 0.4828498430076895 4.5334847254334685 0.4195734833550179 80.52433957944055 0.40761576568415797 0.0
218393 36.00799269016315 -5.968677943191459 2.774229250321543 0.4074444845548028 3.162981019181171 0.38494563472224397 75.2563017323519 3.7217281364039585 1.0
218403 35.71090681993817 -5.9687891031739655 1.8060461341179632 0.42439373902940525 3.2298202660062034 0.39700020541349507 73.12736625420628 1.0768125733113638 0.0
218601 36.158789303205054 -5.967505357086536 4.211211524172616 0.43947009930147213 5.55138933360512 0.3979624556340706 77.81439536466692 4.179525619716683 0.0
218636 36.33284692543679 -5.966442277801946 5.575618023018241 0.4933168032650955 6.467049894624974 0.4064802482113256 81.9230148911517 0.0 0.0
218663 36.01573949012244 -5.966452104796937 2.3773691376664683 0.4072011607516997 2.9867061495987177 0.3849172625544472 75.23755121171135 3.7217281364039585 1.0
218672 36.329026340095545 -5.966534635704856 6.307156015203305 0.4944636223138883 7.767676570633604 0.41081245998645566 81.82455522646667 0.6690325195411242 0.0
218724 35.45661242464384 -5.966240587608389 2.7042293108524347 0.4146624627573235 3.238877719131786 0.3737007344241665 74.52773174044147 1.1681268297257077 0.0
218792 35.960615974342744 -5.965421693438077 2.451883603801341 0.4162832878101588 3.1309598830333303 0.39090747346075105 74.44615328451893 2.2232175478203864 1.0
218875 35.44578248134675 -5.966052597014239 9.58773492739454 0.4057220935529553 12.129697539456203 0.36200847290844224 74.65078917032514 1.1681268297257077 0.0
219311 36.13296649462695 -5.961479866495104 1.641595855830929 0.41103474097688086 2.695211363276949 0.3826170265759881 76.95496974846667 3.8454416489462226 0.0
219374 35.54514563507216 -5.961204833824358 1.6119562873674813 0.4181185970492957 2.9216790011764964 0.38151938926974266 73.33650359073333 1.669157758881766 0.0
219381 36.00518901238378 -5.961259697576707 2.3563932192180346 0.40249902535952403 2.9128326126682142 0.3789864573133355 74.78427014216943 3.721728136403958 1.0
219684 35.89054253237007 -5.9587330032953165 1.7979213434897718 0.4032900059399031 3.1685134537702573 0.3818162610469039 73.32152243329719 2.004954913217371 0.0
219791 35.724767916509045 -5.961695492271871 4.830976067492315 0.4249385028740965 5.974871886537844 0.4034472257179584 72.70708174726994 1.0768125733113638 0.0
219827 35.849555732812355 -5.957943372691939 1.8701688448705438 0.38540600577384937 2.7406040691259825 0.36483797275316376 72.95449061131524 1.8865101436134348 0.0
219847 36.17503908528201 -5.957905013071849 2.1269747653625823 0.4108508402500013 3.8378840757574757 0.3797170613537978 77.61609023561638 3.8085378354633335 0.0
220022 36.20348689161373 -5.956649319621272 2.8179463591125424 0.43010623611319493 4.121111980393246 0.38879523417348705 78.17065064706567 1.8427857316611578 0.0
220322 35.97486539342651 -5.953954957979685 3.3020613673036845 0.4165680144633839 3.983849440100363 0.395465750911715 73.94980533142854 4.185008943589253 1.0
220626 36.11588669855709 -5.953244667995911 6.488975751191309 0.4137963768141404 8.974757603339032 0.38672943462728093 76.15752734598573 4.059152823491054 0.0
220779 36.32190583723848 -5.9504856103063695 3.079705161327619 0.4562867016340563 4.031631448986256 0.39111903535071024 80.7735737064471 2.6612001997851373 0.0
220788 35.77823066920558 -5.951310329846883 4.966633199842042 0.3977408746067939 5.460554378816256 0.3740921432589721 72.19377118031325 0.9872031004274597 0.0
220802 35.38552140086294 -5.952542299560702 33.38262669506924 0.4299168097785318 39.36752930783051 0.3598203258707241 74.71083433314051 5.095687781379153 0.0
220880 35.264130083160296 -5.951096112977442 5.724803412000373 0.5697498164007397 8.047084408288798 0.37227696913268105 76.83036428274642 2.104455732920565 0.0
221187 35.49955432016605 -5.9477497960428005 2.4111393843470355 0.38465853983103504 3.4661372176963274 0.34643144371401113 72.95628595874132 1.669157758881766 0.0
221224 35.948837121175735 -5.948130996732947 2.665131524335615 0.39156765995198706 3.694652605986325 0.3668014814717531 73.29002339028416 8.110701374396262 1.0
221240 35.9549007870493 -5.947489534481311 3.665077775056019 0.40633286406217983 5.417814438425589 0.38355695477944596 73.32368710265472 31.706568291879496 1.0
221258 35.538460309869585 -5.947696329988837 6.008935827975808 0.4014376815013873 6.335948010046494 0.3711480496927109 72.58873218912055 1.6691577588817659 0.0
221294 35.95909656549666 -5.946926264929503 4.437733862064604 0.4060767830726907 5.872437402375324 0.3833814083222208 73.34101576445843 11.635604381166107 1.0
221351 36.373503473199584 -5.94643760961244 4.06707814913888 0.5868861188505594 7.075014618194652 0.39778718543943353 82.00177833686277 0.0 0.0
221382 36.03759589413136 -5.946359287690155 1.7157417876732897 0.40941964367926803 3.0090981532386896 0.3844812096854063 74.40141021190024 4.180165451582097 1.0
221554 36.26729148883732 -5.944653316157902 2.6226697803711554 0.4337618266929743 4.325019554911734 0.3873346983315269 79.03304142420693 1.8300841363812157 0.0
222277 35.41495347588076 -5.940031015032822 2.5775998413125403 0.4229805350670902 2.9538320987539146 0.3572130056080973 73.5451132270122 1.8435501144646589 0.0
222658 35.29522818472151 -5.93685285494708 2.941191611948337 0.5559474717676111 3.8434467150561935 0.35516548543646986 75.3987117015435 2.2518976012266125 1.0
222781 36.126148559006126 -5.936053017551623 2.266382392564453 0.4058696642217201 3.733263894085519 0.3736900706882662 75.38047751744011 3.1180272120472274 0.0
222880 35.37719888356642 -5.935576701421487 3.0379075526249273 0.4060826446427533 5.239980250708427 0.34253933665921393 73.86056997113192 2.1977611259289493 0.0
222886 35.907125786688525 -5.935534751833865 2.0615283424191695 0.39991510716621276 3.3642110566958925 0.38042673389883574 72.10025275280694 2.0049549132173707 0.0
223352 36.29632949771219 -5.93078412576073 2.186336596890847 0.44004485833907886 3.5977015658472697 0.4029033843957977 79.03261892866446 2.093244724054671 0.0
223547 36.03859741162085 -5.929967692074685 2.7792997370283317 0.4158646455674422 3.3202760964366793 0.39579374827380104 73.46903658992905 3.9572808306875658 1.0
223763 35.866846140793115 -5.928059993624831 2.5835322120416504 0.3987420000905398 2.9999378383428077 0.3806794589144203 71.30192045455854 3.3213405658525232 0.0
224635 36.08498504421914 -5.922145220414182 8.960692430366676 0.41054330501476927 10.4254161368997 0.3900751955791188 73.81017260458177 5.7290220351733945 1.0
224719 36.07123983678452 -5.92059131732399 2.6432805349306534 0.41905615975358657 4.592983030680249 0.3960898280982098 73.47600527248919 5.992382221829175 1.0
225015 35.288839815284426 -5.919062675134223 4.717874992716118 0.6938652810736524 5.987177174736539 0.3890370468168421 74.51951728142535 15.696796876840429 1.0
225106 35.29606029171814 -5.918519294792418 2.9891430618882584 0.5610971381289771 5.388569280850404 0.36277034987387624 74.34424899911005 50.61900804864973 1.0
225157 35.30141294581161 -5.917580616461123 4.512851133166688 0.515129403019175 5.088858629333903 0.36189505790727844 74.18532117118036 4.279801319267464 1.0
225400 35.98268440618083 -5.915018540458601 2.5240137856697045 0.4204754036704795 2.6749063393149375 0.40210602610530005 71.7741496996807 3.2560762161884975 1.0
225410 36.50968964616963 -5.914257366833992 29.698838575797193 0.7408866274578849 30.557624957807004 0.4851890526723652 84.62879631858064 0.0 0.0
225482 35.62211625622186 -5.914554755839935 1.6321169641272153 0.42844162584825607 2.6771210443961238 0.40914682679909764 70.07024825857403 5.403156200828784 0.0
225486 36.0563314196263 -5.914955646288119 4.833603508880107 0.43463682333290937 8.237591405534344 0.41699038211261363 72.89510958655111 6.248621534710201 1.0
225702 35.95783886994458 -5.913033669216265 6.093351978079207 0.4533916375253673 7.071277061640386 0.43667164198573016 71.33540651684429 6.295760514520424 1.0
225790 36.062358043439154 -5.911757897035368 1.8866535716331554 0.4252747784219573 3.259161102524397 0.40425765122887264 72.814433397281 6.2486215347102005 1.0
225836 36.09499717991282 -5.911841267800857 4.336737416760621 0.42627288456332785 6.230114575175177 0.4069970618436181 73.40659402674177 3.981016769571194 1.0
225972 35.29402464989807 -5.910649393101199 2.426970151519874 0.5981887950349853 4.366867351317929 0.3743996051020102 73.93994512817905 9.976090756905943 1.0
226043 35.97278940096012 -5.910285476221904 5.5139276662224965 0.4403292377834717 6.797501389368579 0.4229230843568301 71.36526022699164 3.256076216188497 1.0
226183 35.2760597564637 -5.909995758780012 7.431167097770838 0.6082319753117716 9.643103106949379 0.4045087462951875 74.27076403352594 2.9888208000651493 1.0
226456 35.61051366326122 -5.906331835505484 3.1963992704894997 0.4409109776665546 3.8174814390143395 0.4207287490371388 69.63400437213485 2.8368315660268473 0.0
226490 35.85740444259838 -5.906861831281294 2.3929251156516873 0.4147420336554734 3.7294985270973844 0.3949192390512028 69.96805877658754 3.609975231355353 0.0
226797 35.965044782587846 -5.903345456539234 3.325584758329413 0.43914594957223835 4.5673780931407935 0.42116277598053375 70.85821558591961 6.058413512290463 1.0
227158 35.77788886804087 -5.900476872378612 1.5751813627350848 0.40940818701810583 2.6807142997918785 0.38646634976464306 69.14765269239302 0.9872031004274598 0.0
227273 35.7120765372764 -5.900087308847225 2.603818081797555 0.4242175582887083 3.413627342965395 0.4069030220586323 69.00535003673414 2.370205457993436 0.0
227542 35.209563238332784 -5.897939006221738 4.0993245313835445 0.6855671418568683 7.099440190745552 0.383599904403141 75.08482212999493 1.4514761701775158 0.0
227575 36.27453748395937 -5.896691764385033 2.5522940040684565 0.4597688721582578 3.471181220029671 0.4366009371806851 76.62285467825775 0.9386506277473264 0.0
227858 35.717480802089256 -5.894830436854377 1.4990110246909671 0.418101181072109 2.7973846872061947 0.3960172170813069 68.69128000892309 1.443945592797208 0.0
227963 35.631962684156484 -5.89473056601874 5.767799908247846 0.4080888757024324 7.081451352322086 0.3902931759698746 68.84186976391486 5.356359975950367 0.0
228052 35.939938251767224 -5.893828113616011 6.1233126557575455 0.39261736583461165 8.354159483703537 0.37549668988307944 69.99091224028156 4.3423132720946 0.0
228152 35.79429404218429 -5.892395852989909 2.252503310071434 0.399839086792323 2.6742649496729225 0.38401074370664223 68.72848545256893 1.8465393133523877 0.0
228248 35.71114769743291 -5.891684131933763 1.8206452305855683 0.4121827103337829 2.7606190173705003 0.39601453733420244 68.50108222948064 1.4439455927972078 0.0
228363 35.85079997498216 -5.891054203139509 3.5061012716018674 0.3963842105990428 4.433566348835741 0.3802988059030444 68.97803654721757 1.8465393133523877 0.0
228414 36.39114186427155 -5.89080260477581 7.777756747860296 0.4863910148018685 10.10806593495861 0.44362605536823213 79.63019820363375 0.9960339461904875 0.0
228636 35.896527451925145 -5.8888658498839375 1.7265123451076165 0.3971150833949571 2.757682438146635 0.37729117194152256 69.23458505766801 6.2243770914550245 0.0
228675 35.90233368462437 -5.888725034316315 3.3918805966436723 0.3950633552510473 4.255757761451742 0.3769669317506345 69.28292718260522 7.698647157177106 0.0
228708 35.72160045745154 -5.888552992510412 5.865689366354877 0.420143171205014 6.9060992918713815 0.40414811311269505 68.31669470012683 1.4439455927972078 0.0
228710 35.1733513376366 -5.888313401910781 3.7002576055485497 0.5303453410699422 4.987998381485848 0.3409139273046818 75.44900517025731 1.2351881487127545 0.0
228740 35.656346296122564 -5.887939755577408 2.482389384400992 0.43940388394625507 3.2699650877318835 0.42116510579502664 68.35158215807107 2.8323778896400515 0.0
228747 35.38932281865981 -5.890054919415333 10.545245587008823 0.3864666317177783 13.002489329631812 0.3486971652864648 71.03532714455388 1.986729053672971 0.0
228849 36.02766346072533 -5.886731806056713 2.3282850111153794 0.40851078073230973 3.887811171552357 0.39018902497416474 70.79488827781206 3.035051635951726 0.0
228985 36.092901236234965 -5.885338345929085 1.4750869608249795 0.4160946116259441 2.715953526740848 0.3977714108456536 71.85841950843268 3.156953781084478 0.0
229130 35.15054601846139 -5.884504560420686 2.192923986216319 0.5493241396460717 3.899064912253253 0.3606040459981231 75.8327618191315 0.0 0.0
229211 35.31543295026347 -5.885156638705583 9.301280091554823 0.4251084015978798 11.277972613373027 0.3586055532271286 72.0729986445438 3.255992640001468 1.0
229263 35.26563740265215 -5.883441028285239 2.4061390315026103 0.4420506000367275 3.1129056624640157 0.35163572439221125 73.00411652944383 2.9888208000651493 0.0
229273 35.47774605763937 -5.883542476044116 2.6196643473015855 0.3855938948074109 3.0038807500875544 0.3562237092801478 69.41342638546034 1.3836551148803191 0.0
229275 36.28254161710231 -5.882928997552402 2.9827915087254855 0.47950443360082096 5.377181460706754 0.4545655473751764 76.09615393809499 0.9386506277473264 0.0
229355 35.86716553693896 -5.8828616577607 2.674533504534804 0.403249329356353 3.016721895619615 0.3878887889957056 68.61712016157284 5.805406815446372 0.0
229508 36.05998355301728 -5.8818345817533695 5.262206588883075 0.42071798622981427 5.870635249425685 0.40295817647576887 71.05587421775725 3.77285873305413 0.0
229937 35.6892938398014 -5.878847357396729 6.242324552780981 0.4170332677225299 7.520992036537646 0.4002066010983945 67.74213661443183 2.0734606549108996 0.0
230110 36.01880015974218 -5.876415541750183 1.530442432300766 0.3956137256114972 2.8060474531809265 0.3754903726785651 70.05751476441729 2.4135864366734174 0.0
230156 36.07974003446868 -5.8764251993167385 3.989345131765234 0.40608442407809164 5.508801245550374 0.38739084409817964 71.10353659940482 3.156953781084478 0.0
230367 35.90777912144598 -5.874510406335277 3.1142194752454406 0.40550300420446717 3.669347965880123 0.3905270967119632 68.49739542473665 11.650962869059242 0.0
230448 36.45116115765858 -5.873473746987062 4.635410518083785 0.4408183426707564 5.599105499907518 0.3735554203028313 80.65007652388469 2.0349570864436943 0.0
230521 35.52758955764532 -5.873467513230929 2.353915825250586 0.41362091118925765 3.478049936757347 0.382652323725993 68.28323144505116 1.4965393909377571 0.0
230926 35.90923373802215 -5.87015633670832 2.7868480320964504 0.4115624758244714 3.9679702348870793 0.39583065695556985 68.25519003504981 9.82367314327913 0.0
230943 35.94757215140719 -5.869625612768499 1.9386837624236344 0.4039948563000612 2.9474534718575094 0.3866429828547147 68.66047414158187 3.248000056483067 0.0
231185 35.57427362841613 -5.868286689754278 7.088008444850398 0.4182147211843058 7.7914718040460125 0.39438722176781243 67.58537142086809 1.1172670005888594 0.0
231200 35.607766502072344 -5.868229206019696 3.89302875887855 0.4408805854210114 4.264163695307079 0.4213393446093349 67.37116837538296 6.506060162222916 0.0
231220 36.43142141551827 -5.866969880564326 3.2593735484546382 0.43966095514470993 3.7117821756733034 0.3835130106104338 79.68033707547126 2.277441021831805 0.0
231306 35.30477961812983 -5.867935263537023 4.321581559090485 0.46163098437177225 5.973898521352473 0.4073275271514911 71.31099672326573 1.6689832903888504 0.0
231427 35.612469271510584 -5.866431182676481 3.8323975007580127 0.43617142423571137 3.9877237466357345 0.41796514702842963 67.23880423916776 6.046212028674313 0.0
231563 35.454358715840456 -5.8658809164110215 6.745214274371176 0.4208512362728305 9.881898962842433 0.3915335213203743 68.67264891287029 2.0059791022106475 0.0
231569 36.016867556231 -5.864684930087513 3.2923022532481188 0.40701486133935294 3.8738952724650977 0.3914532394122754 69.34820340963641 2.4135864366734174 0.0
231614 35.45945318383525 -5.865308609745475 3.523752793405276 0.42027572738449714 5.464461100161962 0.3972133327914534 68.57209496878484 7.2410721068987085 0.0
231627 36.22662745779384 -5.864078329591021 1.5278486949487202 0.41983624277905307 2.821064350769253 0.39116229807200503 73.62619873504077 1.2082010989465468 0.0
231727 35.75023507806192 -5.863696261362679 2.506374226036359 0.39911234239749566 3.1977551120193266 0.38204261219407887 66.86499507428819 1.2638406448316393 0.0
231761 36.43806732400712 -5.863445289168793 2.9072437284236283 0.44692929215152855 4.427527524922685 0.39282946912110345 79.71855538811545 1.9409257253849848 0.0
231837 35.81730952379901 -5.86273342659747 1.595221496918883 0.3940273107473243 2.8446756853855226 0.3742505338094769 67.07109483759304 2.1442194826604553 0.0
231981 35.92757882793236 -5.862158973077141 3.4818268146866522 0.39432144514706263 5.043384149758795 0.37927737102734704 67.98378010508974 4.996828721864841 0.0
231996 35.34645032897205 -5.861453633948647 2.89979532069861 0.445253456829968 4.652907517012924 0.4057493771170282 70.1349234152724 6.919366832586238 0.0
232078 35.48570602203641 -5.863520741335643 77.25730240570992 0.46627020387231766 123.31611418963976 0.42608390592344775 68.14173039875347 1.4965393909377571 0.0
232208 35.12476957420054 -5.860392548481697 4.941673197314482 0.5181817537088874 5.8488045192771825 0.3615009877428742 75.2402713472811 0.6037496026993769 0.0
232396 35.35956389902187 -5.858401138255555 2.288467744731645 0.4133608204463666 4.253447469515077 0.37408924250179715 69.72157930820683 3.6339968017517927 0.0
232446 36.11561166197121 -5.858068407289757 6.52027657868447 0.4101527419819651 8.348690405334652 0.39020488244672114 70.76249813850316 1.962664685961816 0.0
232535 35.577576875289 -5.8570020298162815 1.8605855719522968 0.4034944264936149 2.915401854737449 0.38281992302943413 66.88961365224135 1.1172670005888594 0.0
232708 35.85328031409206 -5.855880393968898 4.088443284738922 0.41103103687383963 5.796748820241069 0.39114500403399066 66.90268218273008 2.1442194826604553 0.0
232859 35.27302847538478 -5.854479627378562 1.8058696023241736 0.4246733498094992 3.3496378368240385 0.36805511505273997 71.22540253059907 1.6689832903888504 0.0
232870 35.41919987483333 -5.854454646974587 2.696211783778446 0.3917739107960437 2.9330216984307573 0.3657516191757414 68.50675817882968 2.0059791022106475 0.0
232991 35.88794376644959 -5.854923554571516 1.6248573358373921 0.39839584372519776 2.4712683049948962 0.3802622839888989 67.14234927371187 3.4117861483489227 0.0
233177 35.34032211754641 -5.851937192106504 4.461464450031399 0.42008804993372756 4.977449754997286 0.3776213057342898 69.70741425886703 2.24339648034026 0.0
233217 35.69216360787798 -5.851426609568532 2.3680049041455655 0.3922069940338892 3.3558703208113445 0.37650667827887685 66.09418701241952 2.0734606549108996 0.0
233487 36.05051095230616 -5.8489470559447465 2.6118768640846985 0.417884268862541 3.147487844890978 0.40200458248295345 69.0036420253036 1.1780521344070443 0.0
233604 35.22308905172696 -5.848571933919887 3.90401305146853 0.4279286500646693 5.43845797614554 0.3490298775300543 72.04780529576915 3.8389015795257566 0.0
233698 35.874762135856535 -5.848041308543189 2.2354258803435805 0.3976012187454566 4.109487679474191 0.3724994710211286 66.61375245950578 3.4117861483489236 0.0
233793 35.822766857855484 -5.84672387180246 2.1497865039613915 0.3760251223376622 2.7362726400948523 0.3580147656824986 66.1474023161806 2.1442194826604553 0.0
234545 36.310972833454 -5.840315485034226 2.344787280552335 0.4107086612941426 4.300417174304456 0.38687060480979485 74.62391540130614 2.285798800527604 0.0
234965 35.98489279792254 -5.837573847732964 1.8638868638362054 0.4200797126432965 3.300918653151816 0.39723337103784284 67.2893344109392 2.7103654465359637 0.0
235124 35.59634228910356 -5.836786842308038 3.806165520813617 0.3936278330375114 4.115787019007815 0.3734409002513151 65.5598058897868 2.5647422070193073 0.0
235195 35.62993934301031 -5.8359543507328855 3.112297571672618 0.38132853707607073 4.229138756038939 0.3612576648640377 65.33258415822816 3.4285426719078416 0.0
235215 35.988777211638485 -5.836691983175105 14.578206411568967 0.424141070199255 24.57355721058694 0.40578102760087037 67.29508587455905 2.7103654465359632 0.0
235216 36.33749970247974 -5.836127884970247 13.888150536210997 0.4133480370735162 15.776555244302525 0.38749879830885225 75.1813825070769 1.4334990707501272 0.0
235394 35.51394476136186 -5.834933023020169 1.5606694271140225 0.37278630262822865 2.4735060319584234 0.34772502486523565 66.1413700244759 1.4965393909377567 0.0
235485 35.22605305252655 -5.833510104505577 2.1914849343949587 0.4159249099671558 3.7108688515570782 0.34767853908041313 71.14997152498992 3.0031523262719046 0.0
235564 36.1982624710705 -5.832744344984172 2.8943776271711097 0.4122893059025722 5.027506694208569 0.3897080702258063 71.21322174119302 1.2082010989465468 0.0
235882 35.20641077148485 -5.830245943137605 1.8793083940285535 0.4542216365647214 2.9233692677779586 0.34624337335279254 71.45720331284869 2.815254638077557 0.0
235895 35.629330260163435 -5.830371545598349 2.2910705066615678 0.377163411645786 3.978684066403319 0.3606109433540724 65.00120892664715 6.346218660140522 0.0
236335 35.34574291919604 -5.826890421066064 2.2364430791929273 0.3963070239735775 3.2870908818301574 0.3665059265462618 68.17977822742479 2.24339648034026 0.0
236339 35.19842258028216 -5.826793019642643 1.854634829761078 0.4418239925619551 3.164843029024896 0.3624128937111469 71.47215379683418 2.739107992159269 0.0
236501 35.74743928288734 -5.827584148924996 60.63292306306804 0.44437041375097835 92.12327774216261 0.42529667726118003 64.69372803822868 1.2638406448316393 0.0
236568 35.2497779856315 -5.825026376769636 2.744118221334014 0.4164517369642824 3.306926167304887 0.36750585898385274 70.11741250854605 3.0031523262719046 0.0
236649 35.44190890266283 -5.825273755543123 2.380156019402601 0.3794748522075285 2.9751241168556413 0.356470982713994 66.47485394769602 3.0092971451945165 0.0
236974 36.06087674887216 -5.8213229069346255 2.180956843425445 0.41284292998485034 3.775135633249348 0.39590054218160364 67.61121024827729 1.1780521344070443 0.0
237185 35.948587608254584 -5.819648505812189 2.6863264637638875 0.403803048996583 3.2019948218712115 0.38748793198038733 65.74279060803778 0.951086146142772 0.0
237249 36.00570064964328 -5.81953855764645 5.020211243869824 0.41438632651828117 5.986681559653507 0.3992186492483737 66.55964262082736 2.8520544533416263 0.0
237473 35.466608825472626 -5.817350849405455 2.9867381500151713 0.4099422739536061 3.330502692835058 0.3913815400619131 65.67117197602774 3.0092971451945165 0.0
237486 35.19470434414448 -5.8178354621634245 6.037975510646725 0.44782241001490863 8.350853541399395 0.3807837480414242 71.08271841326858 2.739107992159269 0.0
237497 35.71458797978836 -5.817149856468749 2.2162945119433037 0.41542368808081603 3.6137301370331807 0.4018341837186196 64.02957810096369 1.764905766931749 0.0
237747 35.34021791177657 -5.815917010323989 1.8692504098964393 0.4207611437222541 3.3021579671219867 0.3907388980294986 67.66325911535293 2.510498531165684 0.0
237761 35.3782872833523 -5.815193451070996 3.1542151151735527 0.39984757092661516 4.002386936023776 0.37248839289134617 66.91370676400592 2.5104985311656844 0.0
237927 35.936622124541884 -5.8134802965290655 2.024295052109368 0.4087582177605382 3.112746351038217 0.3886686782818831 65.22944460858842 0.9510861461427719 0.0
238038 35.83793434704052 -5.813392599973263 4.8066883499728705 0.3856384431909992 5.1948751342135955 0.3696668125741499 64.25974372244127 1.4665003514198327 0.0
238061 35.462454111152624 -5.812633806331884 3.1244266411751243 0.40203984243264407 3.5832145399029 0.38428203356814644 65.45085922145634 3.009297145194517 0.0
238212 36.330312230062205 -5.81136481650618 3.666518760715496 0.3993769314411375 5.445252101974432 0.37360932834252053 73.68068419599261 1.2995645324748564 0.0
238217 35.40184516743517 -5.811755867385177 3.1604370090949816 0.38799486564889535 3.7806809600925453 0.3654912601039726 66.31229077623763 2.270157902377881 0.0
238541 35.95088090256545 -5.809108715407881 4.6620267056181905 0.39675122124082046 5.367010393088582 0.3822071449827922 65.15574363393402 0.9510861461427719 0.0
238602 35.760052610150844 -5.808431996332804 2.216462111246745 0.4138347083235126 3.0017265465131597 0.3970659559094604 63.576286333245385 2.602885053271393 0.0
238707 36.28113287943981 -5.809072341455761 8.83925356650687 0.4047556368864721 12.909394362697315 0.381137097100344 72.12628250787398 1.3060976144529395 0.0
238900 36.233836118402486 -5.80565817131023 1.7354154595339861 0.4070839455738439 2.6914449833259915 0.38534943853850195 70.64955359956738 1.6629059124757555 0.0
238917 35.61644949676191 -5.806104581980354 5.1109859734144845 0.3864983968314737 5.8384613400666305 0.36871937002829597 63.6122896380915 4.516166501745173 0.0
239020 35.16116209762385 -5.8050227524461855 2.4385371739956647 0.45325591114404196 4.209780668141369 0.34405425018726316 71.28997270463026 1.288599887348017 0.0
239057 35.47322189208134 -5.805705014367119 3.026671768992257 0.3998682424632317 5.574737205799882 0.37946618729755344 64.90272299996839 4.4052176149193105 0.0
239126 35.89932279589719 -5.803867433980864 2.777213374336819 0.4023653783712779 3.4520701108858542 0.38586961336561615 64.23575130839032 1.2734307907688758 0.0
239576 36.03325398924728 -5.800467246559003 3.6489877814880227 0.4043635742783716 4.726651210527025 0.3883522102784733 65.92054268285698 2.6126913965059884 0.0
239650 35.37794584312629 -5.799919929616154 1.561056747262524 0.3757243349570104 1.9220445588305157 0.3492092087847363 66.04516866413522 3.8848861013538496 0.0
239681 35.60402603435972 -5.800236576175083 2.774289687367064 0.36655317519252023 4.668791694952792 0.34795751825061916 63.33147370542331 4.372360875664584 0.0
239891 35.78450075510004 -5.798116271675508 2.9985478231308336 0.39272736672783004 3.853593287391555 0.3771504621966555 63.04429950271083 1.6780469065834513 0.0
239919 35.47401872674121 -5.797913790225939 3.0419886877512483 0.39105284135845747 3.784048601041359 0.37270111508417536 64.43615624656184 9.643478133174904 0.0
239943 35.77864162619258 -5.7976807465105225 2.56817320928174 0.3916312229753906 3.5188584333071486 0.37645747591193807 62.99447630574964 2.602885053271393 0.0
240036 35.6567378898989 -5.797454999499867 4.454250405068612 0.3891362398838159 5.06720746986766 0.3736022836465242 62.92780954649119 2.7639238893774793 0.0
240050 35.33093902500388 -5.79685842045879 1.3814246426220744 0.40322048317279524 2.5401189276362803 0.36815484584704034 66.76956648960753 1.3534698224166792 0.0
240275 35.5272849305696 -5.795233381024568 1.2635000230578304 0.36356274105647574 2.263142937456512 0.34411378477499643 63.65699577999655 0.9861608538024804 0.0
240866 35.894491893536845 -5.790411166965497 1.57647569900405 0.39403049425882647 2.8206359595826545 0.37660438314753125 63.390348802522624 1.2734307907688758 0.0
241050 36.15623261556082 -5.788693016177912 3.028162260907519 0.3901159379063615 4.064373354226423 0.3727326550629822 67.78464593210333 1.1033162115002486 0.0
241099 35.66914495289362 -5.788886783264032 3.6017619812794845 0.38187504459804583 4.1853045395368484 0.3669179353613859 62.380980519481426 6.304150589123691 0.0
241186 35.58598154210304 -5.788794577159358 3.2506113279481945 0.37162156505842503 5.315960750310763 0.3550074171923178 62.766555997561554 1.251403952706276 0.0
241293 35.90600544152412 -5.786917657990284 2.305158176617348 0.36385497975397574 2.777797669710629 0.34749260514987573 63.30757430309654 1.2734307907688758 0.0
241345 35.399422959736825 -5.788334873830376 1.8783591097321124 0.3887601612874158 2.6051686375031964 0.36356126203731853 65.0047108347102 4.1906695704110755 0.0
241412 35.45400043248746 -5.786532860036316 3.208681481553336 0.37549129120673924 3.8906293262134604 0.35346903055303397 64.0450976479414 2.297286070769796 0.0
241651 35.87215493066367 -5.784356811739533 2.5116307295524614 0.3739358868670088 3.5522362950250983 0.3557226149891176 62.813034589483664 1.2734307907688758 0.0
241754 36.173410370540026 -5.783236585524386 4.110366654941965 0.3852508613738941 5.623594797028738 0.36686397206917903 67.89581865224005 3.6902877753659733 0.0
241781 35.37779148622756 -5.783492376694763 4.302866748629284 0.36301551214442696 4.837237282788781 0.3380494894513199 65.10859965305139 3.8848861013538496 0.0
241856 35.66964011697409 -5.782812784893359 4.462727154234028 0.3762717251720972 5.980438577687853 0.3588913192482487 62.0156644902964 7.559792709378322 0.0
241878 36.25434766501388 -5.781653614938214 2.090214399768579 0.4084767765491277 2.8429519910109016 0.3806330099646095 69.923032040612 1.6629059124757553 0.0
241942 35.49422166345909 -5.781798366423125 2.985227094954603 0.37718533600941745 3.5187266560526296 0.35876946902939527 63.23597785983972 1.3296687259017623 0.0
242221 35.22020413973398 -5.780321003146645 2.768653378044857 0.37807331825400586 5.042249539309511 0.32561809658991436 68.39564750135935 4.050523410926007 0.0
242351 36.27686761712519 -5.777585921993339 1.7429251054660315 0.37972902967624966 2.473897127695629 0.359400066012969 70.34493760671006 1.3060976144529395 0.0
242361 36.40867017894812 -5.777869485569631 3.329834183415645 0.39741564906038024 3.5046351460468745 0.3698558406456739 74.47094273178337 1.059182485137933 0.0
242392 36.18970063452879 -5.777424732420549 3.0461749868361028 0.4021624581141527 3.4315780571517056 0.3842705410444819 67.9821796682644 6.498166141325087 0.0
242572 36.01706592369906 -5.776681934533112 4.084195931622101 0.39389867939142104 5.024437416854892 0.37720862468020133 64.27479549237154 1.7378317878846414 0.0
242753 35.19633504650284 -5.774797985144376 1.9851775128175 0.3943913710539093 2.494022212625265 0.3314104574393812 68.7212429941576 3.8949433816088295 0.0
242902 35.87517449560746 -5.773443657064388 2.490879486258167 0.3834228236858125 3.138048965218773 0.36725673459066627 62.19454692986068 1.2734307907688758 0.0
242989 36.19201195864381 -5.773010803604679 2.82130773810936 0.4027298852587143 4.7108704468826295 0.3838559998223003 67.80070602271869 6.498166141325088 0.0
243128 35.254047281062505 -5.7720525872900605 3.0594395508281753 0.39086852488800006 3.9585610994868587 0.35294330284789904 67.10164768851183 1.5578572532258503 0.0
243165 36.2139008530009 -5.77172801887887 4.822432370693049 0.3933457108846308 5.904873392842946 0.37341843089415044 68.29736119629864 3.0531321224012267 0.0
243281 35.6103918617066 -5.770623669779986 2.1468297575685957 0.36407426612883076 3.111308864704857 0.34219573046090085 61.5259201993195 3.0032502599758555 0.0
243317 35.713648239459204 -5.770744889271764 4.610219283769994 0.39472860189895576 4.713502953084538 0.38115323083548847 61.24508123117137 3.9025200026418134 0.0
243551 35.287307405296495 -5.768315400956698 1.4460663126463815 0.3921240852070549 2.6690356672305002 0.3572280619191482 66.11252334845553 1.5578572532258503 0.0
243580 35.857640059371626 -5.76802927393392 2.4154106802214916 0.36783126804391086 3.373338127993674 0.3523703987014714 61.71540267166269 1.2734307907688756 0.0
243634 35.86584075087287 -5.767524717327117 2.777011776317537 0.37958168663270037 3.25164169531424 0.36419821306041833 61.757409351286164 1.2734307907688758 0.0
243981 35.72685557168656 -5.768183998302119 3.0538262633883084 0.3916159193966351 4.451234906832082 0.37525136870485565 61.09933986972466 2.0904624735938704 0.0
244010 35.33248835572036 -5.764645262975626 3.0481692343719935 0.38559904376886744 3.7169754518917446 0.36007903657571727 64.92265404840906 1.3534698224166792 0.0
244071 36.40588363702892 -5.7639571543911945 3.1835837621256147 0.411676411594046 4.45075936683045 0.3793822034707741 73.68735432901158 1.391499350274536 0.0
244278 35.698489166416955 -5.762232592550596 2.078073985082455 0.40273635583799694 2.5090023672893746 0.3860556946362005 60.73784931143599 3.902520002641814 0.0
244459 36.196848972208336 -5.7607159552860185 3.0815865095525106 0.41532124796779435 3.774074600736024 0.39840113299769836 67.25820383788214 2.880737664976813 0.0
244498 35.38967843055523 -5.763503426324856 124.28560249002328 0.4431712282978647 181.65226560710337 0.413464396657059 63.75070172496555 4.232691558811603 0.0
244999 35.53640404473675 -5.7577743400969545 5.550560730015909 0.36734932111356017 10.385544999311287 0.34489129820291636 61.349558493438245 0.7734699250285637 0.0
245030 35.552983033318185 -5.75643213327673 1.9087331683297617 0.3626836809595639 2.773123398807679 0.3439758652822691 61.110306340030995 0.7734699250285637 0.0
245223 36.0934664768426 -5.754740257020859 2.5055789028802606 0.3845664699614877 2.644019445266264 0.36850194216271637 64.49130427767957 1.9184844936191046 0.0
245315 36.48706921488902 -5.753976532622405 2.5868279326300327 0.4683211578966192 4.084179171691757 0.40412468604522506 76.05411675375876 0.9246954585541167 0.0
245334 35.25000005694995 -5.755748910303723 4.396093262599476 0.38124019788782715 8.126644350157482 0.34026811746125724 66.30886960145521 5.177447989273583 0.0
245468 35.767873944286535 -5.752874524199016 2.7427732829676637 0.3884613342940794 3.363437337274182 0.3734155761807402 60.271741423363146 2.4127255164424866 0.0
245622 35.15177520253671 -5.75259653202787 7.374644140597784 0.41057632098507363 9.670661220986629 0.3438650931931981 68.78304137820423 2.603914658934614 0.0
245633 35.219625778716384 -5.751973384855696 4.399799141043642 0.38733824586862453 5.478330034609246 0.3413201898579737 66.87772426146863 3.7738524904777635 0.0
245833 35.24377873550652 -5.75029467427231 2.8361281209100246 0.39796644015070454 4.407338623335201 0.36287351553302194 66.16686457008184 4.6272714287142716 0.0
245912 35.380617695287576 -5.749411227197446 1.6102267914785098 0.39161934914364854 2.851361424192355 0.3707162788937854 63.111457000108885 2.656215037978867 0.0
246105 35.13999439733831 -5.7492664535556415 5.50616966022376 0.4079965627768063 8.044785258943186 0.34347151109269947 68.95332826147555 1.5959811058844038 0.0
246265 36.511945901353656 -5.745400923064482 3.49843992067395 0.4696451346442181 4.0568447382633295 0.4146086855056798 76.56864841918384 1.9983557815075619 0.0
246503 36.10091771378141 -5.74423779127445 1.9277727715070283 0.3842038335434352 3.45687947419438 0.36845638646194034 64.0636910781138 1.9652618958299155 0.0
246601 35.36589483806296 -5.743743300802352 3.274529406124773 0.4225366290719439 3.9876581803148277 0.4028129820682218 63.06970109412062 2.3810098980676035 0.0
246744 36.411148466429815 -5.741768370761996 2.001485891961381 0.42216645351286003 3.25314576093133 0.38989636159709534 72.7731378826967 1.391499350274536 0.0
247050 35.4230750142959 -5.740437465117991 3.331094631473805 0.40204522528144016 4.245636605274484 0.3835759248104948 61.849558990038645 3.038943215403876 0.0
247105 36.023540532590026 -5.739393855294843 1.9564130061018261 0.4149433413476883 3.5902194540865047 0.39856090486114365 62.24935525230236 1.7855318456566698 0.0
247378 35.69870356374899 -5.737354644759976 2.0425537990813987 0.39355215902094476 3.77846754423677 0.37402728601204155 59.24512339239319 1.4743816966032404 0.0
247522 35.62378892747721 -5.7360270365833 2.8588392262567455 0.37427306477861394 3.060712292571505 0.35914308655352783 59.38543508559977 1.059665389826144 0.0
247710 35.859334560392284 -5.736042697483635 5.562033362774103 0.39240900623193065 7.15212576848251 0.3785888694053096 59.83159062979418 2.1931109829675406 0.0
247740 36.413980913931454 -5.733573683068236 1.8717335501257193 0.42138387451944687 3.1699967996932408 0.3873811656988436 72.46990372904703 1.4014418376302005 0.0
247758 36.11059262914163 -5.733804772487554 1.652036979337712 0.41112486016931643 2.6115880591751095 0.39528568295679806 63.69623345028084 1.9652618958299155 0.0
248248 36.23581439113974 -5.730164154596349 3.2526887305231003 0.41015307248972976 4.126063158496991 0.3931973864271685 66.67535029284224 1.7110438032791977 0.0
248334 35.42507732325417 -5.730401862744648 6.198579200744726 0.38289648622585426 7.979085134856376 0.3646158392148337 61.23791665749663 6.817361606298973 0.0
248360 35.30825923670568 -5.730323066578995 2.4913710126548967 0.3948736099312137 4.293359586054056 0.37342598207155825 63.52860239235736 3.0124625970379233 0.0
248555 35.876081116228164 -5.728156623379176 2.803970511043668 0.39961510810232925 4.837375690345414 0.3853927288860556 59.52237858730552 2.7395057389617943 0.0
248732 36.059640836500286 -5.727270782864879 5.897924559964722 0.41108210050288363 8.197594752643408 0.3951474687839767 62.2464870045945 1.9184844936191043 0.0
248781 36.05009412245364 -5.726611798798148 6.47901243303938 0.40672573254991873 8.67770671593313 0.39127969125443735 62.02002568661572 5.784286653047395 0.0
248853 36.27102581556064 -5.725575171539889 4.683259566691055 0.4003497924669477 5.547903452268603 0.38230124002029553 67.45307921901411 1.8142345317630995 0.0
248970 35.85639765457261 -5.724458504390593 1.4066751352610107 0.3899885567021046 2.3374982763406447 0.37490616018353157 59.11819673749432 2.19311098296754 0.0
249026 35.19400956387651 -5.726118528466807 85.63472596195648 0.42758619013302407 135.43173891285866 0.38384545580018814 66.18595328243065 3.047757363833064 0.0
249192 36.11094233773981 -5.722408607788331 2.250633122855101 0.41040002048250607 2.5646376927668966 0.39587587193248724 63.071115525691454 1.9652618958299157 0.0
249649 35.121485620657225 -5.719698790729961 2.677368575675053 0.40888268661730204 3.5126727297847595 0.3451369693137517 67.98223291094678 1.170370821643898 0.0
249651 35.222138288549566 -5.719575144213796 1.7480574657837988 0.37246834894948433 2.388026059089562 0.3418679080651205 65.06883073099073 3.1167669956523376 0.0
249684 35.86833877591522 -5.719165122078913 2.4483438236338873 0.38818730786188627 2.7336312014025963 0.3749499662212497 58.914467522038116 2.7395057389617943 0.0
249705 35.323480766415166 -5.7195495922059205 4.610773696740526 0.371331864301418 6.131522259000279 0.34831829877315845 62.58941321240463 2.6850731216069894 0.0
249952 36.52421953740934 -5.717571333600721 15.406513018497419 0.4911532300521597 16.5773576083984 0.44009692051917326 75.74308269373913 1.3952484622233035 0.0
249995 36.32589502797824 -5.716261188693795 3.863661124889312 0.3972647158833001 5.02645818559924 0.3763216744323861 68.66848859099949 1.1068073655518476 0.0
250132 35.72285034178692 -5.715715580270699 1.6914249704945672 0.3816923189108135 3.0802604491296797 0.366179614385963 57.948021610271034 1.5574931716571305 0.0
250297 35.21116878538497 -5.714819106724315 3.624411737914143 0.3658150573266471 4.385558449240319 0.3387876722954487 65.11128109800478 3.1167669956523376 0.0
250722 35.43815697102353 -5.711315087618415 3.318514904020101 0.43228471309013355 3.5575728594392286 0.4163238065313177 59.922231145683206 2.6356424613587985 0.0
250737 35.80316032188331 -5.711616579371914 3.079669799716344 0.42544269340484697 4.277317109651211 0.4124613792872343 57.96487398592381 2.492326085395753 0.0
250738 35.88753380125243 -5.711212381519655 1.9873936452553917 0.3995326909166684 3.2801276832973545 0.38570470301803245 58.640133508798655 1.3144207307907971 0.0
250794 36.15339452237747 -5.710986929865498 2.7529084364493848 0.3825509133600525 3.5870512747262913 0.3670038898612936 63.45424898382147 1.37656772510315 0.0
250889 36.42395459922914 -5.70939681811869 1.8193407186446082 0.4017194882414174 3.1301982270779667 0.3750232771033758 71.64729524228555 1.4014418376302005 0.0
250969 35.40380013490724 -5.7098210163529926 4.480347881967619 0.4053496347004205 5.600820630141909 0.3857667239690586 60.42549607335959 2.7639648947930553 0.0
251069 36.238744500780776 -5.708088917082203 1.5914272144465285 0.39101736557220484 2.9027016031253146 0.373860322112553 65.59447303539238 1.7110438032791977 0.0
251105 35.299901718981154 -5.70901487104446 1.8722711571221422 0.39887384025518724 2.670511093625958 0.3790233752038572 62.54086886354321 3.4671755169971816 0.0
251171 36.09271152313081 -5.707859606996481 1.9863534245237044 0.3711465778196021 3.5249611659655815 0.3540245669914237 61.85366066640588 1.9652618958299155 0.0
251212 35.72214738540812 -5.707436270090008 2.6455424809144032 0.39045926527064756 3.2478044079656723 0.37569288236438786 57.45076107973861 1.5574931716571305 0.0
251313 35.75167650256613 -5.70669887680616 2.897747312463077 0.39836529218450306 3.335991754197814 0.38465297134517457 57.455920036037504 1.5574931716571305 0.0
251349 35.79643985784798 -5.706950860689345 7.043984712212878 0.42785291512070545 8.104749250825956 0.41502388054931993 57.64887221352359 2.8952159486127633 0.0
251487 35.7664920737362 -5.706116416182775 3.8613448933070016 0.39075010618740086 4.6702426260654395 0.3738559387461553 57.46620031310191 2.4331449078566223 0.0
251489 36.30804298831743 -5.704712227162644 2.1776493816770692 0.3761673728617892 2.460326464755953 0.3565902268557665 67.51409534196952 1.806000361948802 0.0
251582 36.00361826630801 -5.704367735504111 1.7877404225059572 0.3863999437149815 2.815481636389134 0.3711539985471078 59.88925372820492 1.1446456711368045 0.0
251616 35.838674894546735 -5.705239332966881 5.273491363081366 0.41656161184115753 7.537080372530114 0.4033852968544615 57.82772395885101 10.045930085154572 0.0
251625 35.83023595548209 -5.704642442456433 2.885120159931751 0.42264114415246273 4.3876254459244075 0.4076531854903314 57.72731364867419 6.987899277488115 0.0
251638 36.28047723164517 -5.703879760844358 2.1353199214485405 0.380300842955398 3.950015653024536 0.3632043215647536 66.61411274506281 3.398102276296464 0.0
251654 35.83014227609176 -5.704267650582807 2.029889829955833 0.3942963093062321 3.444407139217419 0.381504728935068 57.7043047162168 6.987899277488115 0.0
252377 35.84332035187344 -5.69777295387552 3.3406297794492064 0.4313187558703012 4.268815404765336 0.4173954383192709 57.421602880480194 3.198928505477839 0.0
252479 35.269258982451085 -5.697072290729605 9.15394904152522 0.3181705412466492 9.28389543941151 0.29943118428238885 62.62988380343942 3.0776096668654733 0.0
252505 36.03469316953807 -5.6977777476487175 5.481764070666732 0.39023383033593306 6.930267111427595 0.3740556765973443 60.08489753482256 4.553614766371823 0.0
252767 35.16069704215433 -5.696217130558771 4.457075650469475 0.38222784391697623 7.882863796299995 0.3383162301888735 65.57736691468291 1.4792885598441792 0.0
252962 35.6080628869242 -5.694143049099771 2.174116581744342 0.38380064360288757 3.472025110148756 0.3670757181341969 56.97507728263124 1.059665389826144 0.0
252999 36.09350100259735 -5.692848245421507 2.498570876138163 0.38954682448323985 3.8586286334971382 0.37349161285373544 61.035496857331346 2.2204750357073033 0.0
253138 36.46628342613247 -5.6918036715445695 5.737205944630076 0.441254804119453 7.155478214988979 0.4045135348467144 72.35436809806014 4.8433634022706835 0.0
253308 36.03516459845866 -5.690806127555718 3.7171099917721446 0.37957977710617913 4.705348602359421 0.3652550187561441 59.69835518465707 2.5288387150627427 0.0
253355 36.46965705955771 -5.692656736769363 3.826063536313349 0.4427634138610589 6.892696320322677 0.4046917794685499 72.52032322481082 2.5608759717691107 0.0
253409 36.29270659327412 -5.689403582705472 2.2307566742547458 0.39830275320549324 3.6930583866779885 0.3812948982906609 66.25065304663956 1.8060003619488023 0.0
253713 36.174832671267126 -5.687900130422973 4.454722261569068 0.37732562253380675 7.627362341705152 0.3604715688783811 62.7547620426624 1.9017764680052058 0.0
253731 35.79563761349533 -5.687603786732637 2.284003101880537 0.39299080439832684 3.3233389276633014 0.3789787680046337 56.488456750943456 2.8952159486127633 0.0
253784 35.40981965771994 -5.687425525881452 2.9976430171110757 0.3696125465556523 3.5162956373649688 0.3534741414109136 59.03607653183458 2.678958958197252 0.0
253857 35.987039097452374 -5.687337630333497 3.033302623631588 0.3698177518525249 3.742035047082311 0.3549095373573576 58.62573505519712 1.1446456711368045 0.0
253901 35.23284647125865 -5.686805428219603 3.3558356959003035 0.3544596564109062 4.1253449678554865 0.3282933314054465 63.02546122375449 2.8262075652210443 0.0
254934 36.380473880438885 -5.6781377965449344 4.9799528782204385 0.4227704368512505 6.462211063307053 0.4037306066720679 68.60108350302364 1.608941201151372 0.0
255289 36.34694110807615 -5.675662032339338 5.101877135447518 0.3968972517585385 6.458548742264276 0.3765129770658853 67.32808162194773 3.8750631372813533 0.0
255977 36.22278198081421 -5.670943075363772 2.6865152616165884 0.40094439338965204 3.840551575220542 0.38362043992218897 63.182796304218066 1.1768812432055324 0.0
256291 35.896230636260555 -5.66842477188707 1.428628618086154 0.3957197653276213 2.5870950785527156 0.3808464596489206 56.217767179963495 2.289046061090641 0.0
256367 36.11868170755845 -5.667692574670803 1.8695757551376795 0.38634443274907604 3.453275720820278 0.37127898895071254 60.23355003929392 1.848185936982565 0.0
256416 35.283594471255 -5.667796273576221 2.3526352560672605 0.3458195690948066 2.7048170134648313 0.32391410894657646 60.67626140705988 3.7581620096577137 0.0
256443 35.103280218965374 -5.667336602783621 1.5225856163830216 0.39653586412851477 2.41141352892195 0.32389182376447057 65.90648399076792 1.0534654090374755 0.0
256613 36.341067346601136 -5.665581844069021 2.9308946054250073 0.3930959812417004 3.5598084683895808 0.3755690062198884 66.63097607121622 7.157304784990365 0.0
256643 35.5504604918755 -5.666029121527131 1.808612659605082 0.38305956522456636 2.8624194788933544 0.36671745160120917 55.78231768933114 2.661826393953646 0.0
256687 35.827504720432614 -5.665580080341156 2.0009306962468503 0.3984813456593057 3.3568112711863782 0.38254889101301215 55.38166371404753 1.3894812867506487 0.0
256714 35.886631348461755 -5.666008396699584 3.9910405552683406 0.40548274821147007 5.842240059746522 0.39079053150721266 55.96466925763951 2.289046061090641 0.0
256793 36.46347304793908 -5.664407657793387 4.422158729873278 0.4290280171241522 5.605553008275887 0.3983689023624213 70.97202084795065 2.683795772052739 0.0
257073 35.339113816070274 -5.66271939775949 3.6800963025936153 0.3781137903209437 4.104944357037996 0.35958229802482594 59.077232644668946 1.550475613925367 0.0
257265 35.59273000684875 -5.661052257906063 3.4264749438332642 0.381184331040516 3.590228754926971 0.3644675782925588 55.11041543116724 1.9564768811704263 0.0
257405 35.9783350812912 -5.660214649620829 3.94650214542921 0.3977077489056198 5.052070121790926 0.38322306381548066 56.91784396554702 1.5037113746069564 0.0
257543 35.47541404886181 -5.659001087656155 4.388083820810566 0.38925222782291347 4.82358935841197 0.37329890128103693 56.3124710902818 1.3711933560526788 0.0
257995 36.34097061288208 -5.6557839310772415 3.5972496923406845 0.40024453822234274 4.861899244027557 0.3807163399699303 66.14400815084598 2.5395055362316885 0.0
258035 35.534264836268264 -5.655496008043387 2.459894620287004 0.3743449656051274 3.223876108073334 0.3591433259811042 55.33520184176482 1.8411512579588527 0.0
258063 34.976883326762525 -5.655052877581456 1.9478817411190255 0.43934465665696465 2.8563669339384243 0.3582887444998602 69.76919685087927 0.9928169565550459 0.0
258152 35.27285511603235 -5.65462437419978 2.395543716636661 0.3828520223513717 2.876894717633965 0.36146799278110336 60.23551067166747 3.3991120866937745 0.0
258173 35.889184766371066 -5.654394383552098 2.6194571227342593 0.4192376387846891 3.1981334075899515 0.40695116541898346 55.30983890938587 1.9621054052670415 0.0
258242 35.209990317465724 -5.653790949842106 2.0582980960641653 0.38348427525702855 3.1168696622529866 0.3549258368500549 61.91312003718717 0.8384205256004238 0.0
258445 35.42449700450631 -5.653122583657212 5.150861623291836 0.40869137656222715 7.57058025022447 0.39304171245877995 56.809281446704425 2.9255028579392612 0.0
258638 35.38078549324206 -5.650888595234773 1.5019987124936292 0.3772794123842081 2.6840218075840188 0.35864847522456483 57.521501157008686 1.3778423119578531 0.0
258660 35.182089003211 -5.6512059987376135 5.802156476227869 0.3891231321787321 6.6153213148781775 0.3623108054760948 62.60063859314453 0.8384205256004238 0.0
259001 36.26561662571618 -5.64766117546974 3.315063021399425 0.3922830698068552 3.4732255631815354 0.37536052926216285 63.26983060186872 1.1768812432055322 0.0
259002 35.386513060537915 -5.6480779861890245 1.34425249843177 0.3857769872108786 2.500886601239061 0.3684705863589682 57.24661704831449 1.3778423119578533 0.0
259042 36.11615901556311 -5.648531447803313 12.98481220749524 0.3815829046498656 16.62182391370204 0.3673069222941693 59.12255754677081 1.848185936982565 0.0
259062 35.27921190446845 -5.647729144454185 2.5093832965633394 0.38894118394316834 2.737285234567731 0.36831659759236696 59.69829367994579 2.0110273425586764 0.0
259307 36.42196617804917 -5.645332111926444 2.378851746889217 0.43599973934872405 3.1649706623405938 0.4126260133722299 68.52475050432275 1.957164844588905 0.0
259345 36.18148411171654 -5.645331789162259 2.116382397297573 0.40636945392786655 3.5636722769466043 0.39143502449896733 60.65899993590142 1.8693901702308025 0.0
259523 35.41582721134442 -5.643921408026025 1.7083239530080196 0.38199997644882644 2.8458632461641913 0.36412692810393826 56.44215381032409 1.3778423119578533 0.0
259748 36.46371138191861 -5.641334770832078 2.297581739600256 0.4401215913160222 3.6837921711233395 0.4135981906284708 69.91707588403307 3.5477593438518586 0.0
259774 35.41297191934803 -5.642481316272345 2.411036246314149 0.3809485167045232 3.983105372863108 0.3632328134463386 56.41350161835897 1.3778423119578533 0.0
260018 35.58195177278623 -5.6401259732070566 3.1087381492351516 0.3996605554950609 4.116153066937034 0.3845231279287724 53.95284048735959 3.0244706897889797 0.0
260059 36.42827633369985 -5.639043544657822 1.9349593743860665 0.43388025874681785 3.238653946435433 0.41103658261542 68.46522493025401 1.9571648445889052 0.0
260677 35.487905500406576 -5.635230117095083 1.7561997069988045 0.3750978852177512 3.283156165875524 0.35969720484396545 54.74661522175424 1.3137695772543294 0.0
260736 35.68436662920996 -5.634817981135517 2.7587537384194825 0.36101110316326507 3.079022700647508 0.34714573905302315 53.11116948713919 1.7096083658583086 0.0
260750 35.74712908421836 -5.636811723305408 13.545390806467758 0.37263167440906436 18.71742574703597 0.3583984207473318 53.25493593599808 0.6682428023706932 0.0
260881 35.83644726860226 -5.635619428798228 5.374477402494532 0.39457643806540815 9.688585137701896 0.3820360923969999 53.67164789904282 1.3894812867506487 0.0
260918 35.495622156815124 -5.634292201524247 2.5227547189244848 0.3876979886660922 4.628188461505942 0.37153514883114236 54.581972497237984 1.3137695772543296 0.0
260930 35.3334317745088 -5.633618849207606 2.7269659060272833 0.36181098968870884 4.417294390309722 0.3395661618511799 57.594433554529395 1.456534442408398 0.0
261029 36.05098575361208 -5.633048189661272 2.348708459640152 0.39806866270214986 4.09056378427757 0.3827237836487789 56.765551530143895 1.6609541007089383 0.0
261276 36.42742366641684 -5.630201791185673 2.2381897954498893 0.41987095603586744 3.4303521879608216 0.3970219380704248 68.02078432486378 2.153786629065089 0.0
261467 35.606747396280745 -5.629885447734323 2.597499035532648 0.35535102889506937 4.410910330249085 0.3380888384526168 53.15241659451719 6.490075258523821 0.0
261608 35.490128561366134 -5.628556054483936 1.5007656604754551 0.36952511252076226 1.8480497426238405 0.352489200823103 54.32594140817208 1.3137695772543296 0.0
261786 35.54200699402952 -5.627445016328215 1.7273394752963573 0.3543049373829124 3.037200228311888 0.3366233575103298 53.595149959897256 1.8411512579588525 0.0
261819 35.53698847512009 -5.628398131486564 12.126223629498504 0.3584539081134487 15.879684068436443 0.34094951913478067 53.70823878156324 1.8411512579588525 0.0
262054 36.02433684852713 -5.625172828985609 2.3277928953584626 0.3710753951176467 2.948371216175144 0.35444477159666116 55.76855268947324 1.6609541007089383 0.0
262307 36.3978254608144 -5.622921229068761 1.820546052316444 0.408050401471928 3.1255305864771312 0.38306529025142255 66.57621048358986 4.491245482868293 0.0
262383 36.45912773743575 -5.622224645369469 1.7429843177474118 0.42081979687132687 3.0385169878942535 0.3893961881813588 68.866092479918 3.5477593438518586 0.0
262412 35.0653619378448 -5.622517773499369 1.8882650113094832 0.4330857993456785 3.211854173202489 0.3287935508649477 64.99531013302986 1.0171633950575076 0.0
262474 35.95903080130713 -5.622409261648886 4.475622170970767 0.3973448160613007 5.121298763740347 0.3828241958907966 54.41858811623606 2.1627720182751413 0.0
262615 35.62023020865485 -5.622095954480189 3.7714692603552793 0.36496744059806663 6.117436274246287 0.34826242006034086 52.59998373997392 4.083810717094668 0.0
262658 36.48538816081569 -5.620753416188983 7.367878285640407 0.41546640729274537 8.054287034397946 0.38406374928854375 69.83019266638446 2.1491609380657577 0.0
263194 36.35696602297187 -5.616236305194994 2.268661098478547 0.4078155431855481 2.7724122989059357 0.3890615789346644 64.77516901101214 1.9272482232260413 0.0
263295 36.13805348005069 -5.616874261505354 9.420536388881189 0.399612284708122 14.096301319907486 0.38425833023808836 57.96141788506887 3.2797779444078383 0.0
263474 36.08428678576179 -5.614949252139417 2.5577706336147483 0.3758133730593824 3.2174851414479937 0.3610839509486468 56.5110209420095 2.6130101609676624 0.0
263725 35.08642094893976 -5.613100075242498 3.3558244151779566 0.3560929398260925 3.8214213118706173 0.31561860645645146 63.798186745917164 1.0171633950575076 0.0
263817 36.10752647732278 -5.613791696764744 24.090306720121465 0.387996241830352 35.121541849069146 0.3727994001042647 57.011723071315245 2.651070166102782 0.0
263953 36.521510909886885 -5.610608007958358 3.418212104789804 0.4325483438522173 4.170202000546214 0.3911265496931063 70.83595817612421 1.4611750407611752 0.0
264103 35.92596907275754 -5.610547473885097 3.469593446848389 0.3667778551295052 5.793427223056936 0.3518957887838861 53.221165559315395 2.353740477679939 0.0
264206 35.6798269336113 -5.609295739466589 2.125270722466727 0.3564020157602796 2.6210168092190846 0.34115515058784884 51.5892597313654 0.980786530840474 0.0
264238 36.42645811889295 -5.609264551987598 3.36164291967701 0.39955596879395744 5.256560978720401 0.37819356526801196 67.01369805139993 4.566971889993264 0.0
264463 35.54409607134895 -5.610476814121463 111.12832046965887 0.4491345974533162 192.99305664950683 0.4227808459589757 52.571764279165954 3.069635460904294 0.0
264679 35.82428621414223 -5.606405733283425 3.044209286434315 0.38749406942981385 3.8281642370331834 0.3740824740683889 51.83616226796907 2.1807381263269527 0.0
264931 35.60803341306107 -5.604555779001188 4.520230198982095 0.35374338753104806 5.13229125212044 0.337082220460394 51.6341017267381 1.6136528876216443 0.0
264996 36.1639450494726 -5.603038075594902 2.3179416937735327 0.3914247477586339 2.8052831266872116 0.37462896751139524 57.92591291153147 4.245646410774668 0.0
265215 36.42060813215254 -5.601543100391095 2.5720077340044263 0.40759777018886717 3.9930731112164466 0.3862462789869707 66.43413457619113 21.854482432711208 0.0
265388 36.16045396969209 -5.601138223949235 5.768141829244372 0.39831423383303927 9.263431748636405 0.3832383963891196 57.72767382471673 4.245646410774668 0.0
265471 35.42755153133842 -5.60031679600148 2.511991740293824 0.3479417358495866 3.0874244905640245 0.33012445509182325 53.73820608368024 1.4352028261778818 0.0
265524 36.04491976830545 -5.6004906517125415 7.809702740584175 0.38506599752846604 9.245008717511988 0.3696268189601475 54.813565656732386 3.26910493067476 0.0
265549 35.15739379364102 -5.599245667207272 1.4879678881697247 0.3673515963245478 2.3196627636535676 0.3303772721949372 60.71875668075684 0.9576820320048465 0.0
265846 36.4155956464795 -5.597499995137672 4.771463396590953 0.40857127055005393 6.524107696168571 0.38714103825727597 66.05625761994379 4.491245482868293 0.0
265855 36.37878721719 -5.59664878436375 1.7460383085712154 0.4084894052299658 2.669615910753018 0.3891389048330708 64.63438959276007 1.9272482232260413 0.0
265970 36.20771251781424 -5.597102395825239 8.191946379854855 0.43039786683952896 11.293660644875352 0.41546940001637944 58.88813983578453 2.6526778381486738 0.0
265986 35.470387691051805 -5.596066511814295 1.7719744849537902 0.3543880833029877 2.910603357757388 0.3331239669332552 52.744566060892716 1.3137695772543296 0.0
266241 35.94862288596149 -5.594626428827441 10.497344002466052 0.38845841210420856 11.639073600514607 0.37525939873741615 52.64537121111899 2.786033041813966 0.0
266461 35.599575748898985 -5.592630850624127 1.7896491667708343 0.34691745606002455 2.3495808048058104 0.33146399712895297 50.98662108640167 1.6136528876216443 0.0
266675 35.79861011477073 -5.590892462214088 2.0942547769544038 0.3839820642306684 3.011463605605443 0.3689863041496612 50.73062890995504 3.962098547683574 0.0
266713 36.431294179302256 -5.590856607315114 5.540796228839875 0.42990071359268706 7.2145007960590695 0.4111808285214146 66.35550588128004 2.0975459447859404 0.0
266737 35.06820494009684 -5.59059202076842 3.4063077104414385 0.3634339132312779 4.264289302697131 0.32798741663290176 63.36020676348503 1.349579312881925 0.0
266933 36.23020946474874 -5.589757741235558 1.8875231541729325 0.4067041543955742 3.023097759890139 0.39181079687128706 59.20296699148119 2.401219167923831 0.0
267056 36.15638283289683 -5.588037645198631 2.6199755478983158 0.4211425662804504 3.002259364958056 0.40691950572638835 56.91921899891275 0.917019018822954 0.0
267085 35.87652934130092 -5.588030054417295 2.0674396251040563 0.41737880067905037 3.2686161896017705 0.40507459653686595 51.257027341155585 2.739153665053631 0.0
267088 36.27309740799007 -5.587528854275272 3.79130288825448 0.40588774855529547 4.52197102163718 0.3895454436489508 60.47672782668022 1.2818555909675222 0.0
267141 36.02305300156052 -5.587445852532826 3.2035183179569975 0.39377079344685634 3.4659714601434737 0.37961656623300366 53.615987094375285 8.734272318922345 0.0
267455 36.00153824518347 -5.58567223673493 4.289758319043247 0.3851088581981096 5.996024392032585 0.37064839196713883 53.08055650959167 3.0044077055670413 0.0
267655 36.05448060107915 -5.583831241194917 2.076832589934121 0.38724727535881204 3.0596591795857067 0.3714027637989297 54.099137713275496 3.292845353347303 0.0
267769 35.53312681004452 -5.583811788166775 4.185394509053036 0.3844960057131585 4.992520800052878 0.36866437535576024 51.132953912197635 1.116271958800072 0.0
267848 36.21613656717288 -5.582308615918601 4.134658387477688 0.4284586354568049 4.2988443193029315 0.4150446370784384 58.3831205357731 1.5365342214288973 0.0
267993 35.806141729486136 -5.581954545925538 4.865513955817653 0.42880916963924 5.584152234801982 0.4168451140350431 50.24678478679568 3.9620985476835737 0.0
268251 36.02444962495432 -5.579389697170558 3.3154324765672305 0.39219541628127813 3.53086056935918 0.37775479581685484 53.19272672761036 8.734272318922345 0.0
268254 35.6035803122141 -5.579608183263394 1.979757286882943 0.3803333770982517 3.491008770151934 0.3622612623852974 50.181056960152205 1.6136528876216443 0.0
268380 35.88880650782724 -5.578520860048885 3.3531158907205594 0.4053513872957439 4.311991195432477 0.3928681274659302 50.84655668858788 2.7391536650536317 0.0
268589 35.811952587864724 -5.577252525845472 4.75813943614244 0.4099756558976244 6.325201395369802 0.3945628326863082 50.00764038130456 6.437808580640486 0.0
268938 36.49099625036072 -5.573511989339833 4.653822995977334 0.41030795322532293 5.688400474942841 0.38589934842884754 67.96650233232813 1.7769969772772458 0.0
269000 36.045450882365536 -5.573467579162663 2.0478981909355247 0.39786058611096214 3.563656437891554 0.38481108563309135 53.31949096735973 3.2928453533473037 0.0
269149 36.01718566222163 -5.572895937706348 4.763595161819567 0.39077667308467345 6.051150289297669 0.37788845165697266 52.675605808600366 17.548545420834767 0.0
269165 35.31001567704492 -5.57274795169843 2.302775227620015 0.3540044137968321 2.8694276161404866 0.33389982278564656 54.84682903807623 1.469868513412166 0.0
269254 35.394573635113645 -5.573459835202047 21.546073045410644 0.37400350835937196 25.23932518425041 0.3562378447159051 52.880830199807335 1.4352028261778818 0.0
269512 35.91576417075643 -5.57319820369443 12.33974587878275 0.3800971951949804 14.506640588124307 0.36578081092254955 50.89933914182575 3.368118142654719 0.0
269555 35.99320137740712 -5.570632281630288 2.8021037126484156 0.3884276609451427 4.052062909126083 0.3763903717292911 52.06500296837714 2.7204976063008406 0.0
269767 36.36781410363101 -5.568291540659361 2.12046123023566 0.4085144414491336 3.090663761496906 0.3909072340331747 62.89459578668206 1.1444460810792698 0.0
269876 36.46047229390862 -5.566959911180436 2.866055002465086 0.40919350627456885 3.384428321242421 0.3876873014814588 66.43681195805254 1.7769969772772458 0.0
270009 35.20664046894633 -5.567243360223531 2.4048703416105726 0.35961593382737606 3.263651106281091 0.3349390121370051 57.525101172561705 1.7173504813896556 0.0
270069 35.35227871605553 -5.567558242314975 8.106535380545486 0.3453830955965189 10.6346878100036 0.3253762286940417 53.50873894270851 1.872411740938026 0.0
270103 35.25373522488572 -5.566557481736382 4.527092874767846 0.34803916979947 4.826169650984728 0.3257976672721727 56.06894244251281 1.2198803983723727 0.0
270162 35.29932509375078 -5.565698516684157 1.2011478331885526 0.3409573405862394 2.0657414389750683 0.3215195569205435 54.74985989832605 1.469868513412166 0.0
270168 35.17113755484807 -5.565895959175013 2.136795439931528 0.3547730144649704 2.7462162515154978 0.3306406149026573 58.594756096462234 0.9576820320048466 0.0
270190 35.836247186754655 -5.565535326417325 2.090716497813679 0.3909288477731993 3.746770279929699 0.3756505405183866 49.51025848942413 1.837935840002618 0.0
270229 35.90612023621657 -5.566469486564158 3.5788374170396993 0.37691545427330625 3.914243239280553 0.3614189377542116 50.370491452786524 4.236074201361831 0.0
270277 35.88271461926856 -5.564873370547547 2.669842381613981 0.4129293643477228 2.868524421652492 0.3976067859694109 49.96985689732227 22.403980593347868 0.0
270324 35.88479289035357 -5.564291285577784 3.372554592041334 0.41362379424484935 3.967897854089 0.3992585139398351 49.961502139803194 22.753249317393557 0.0
270437 35.783835202912165 -5.563567618926349 2.539478182606971 0.39146229165244717 4.221731235176957 0.3759020315610777 49.013051137323416 1.3776288795186404 0.0
270549 35.26260620480753 -5.562547822489928 2.1438366366017014 0.3747250134922139 2.9227986934460235 0.3404927189453742 55.60206954785472 1.2198803983723727 0.0
270874 36.01904066285939 -5.559838070527753 1.8755906731281116 0.41664480927873004 2.7101998058187022 0.40364962489874584 51.981307707375024 2.4081347593691027 0.0
271809 36.501236344392815 -5.552142721189944 1.762888116343988 0.39171678154805817 2.70023842150489 0.3673326147148616 67.46815004556093 5.114491935920143 0.0
271861 36.04634864199202 -5.552361861914987 2.499842512831141 0.4044888885820462 3.1544175235630934 0.39166551958496354 52.16899500255738 3.292845353347303 0.0
272129 35.22533364596686 -5.55027678028839 2.246882305696606 0.3656565581000595 3.852271647170134 0.34591918841442204 56.07505410617301 2.0208702236784357 0.0
272329 35.750598451255925 -5.548832577823203 1.7625476687479318 0.3887223818885343 3.2391427470412935 0.3724174394499718 47.991314847691534 1.3776288795186402 0.0
272753 35.400161181536866 -5.546244138954971 6.410364587137654 0.7140850462316638 7.969720753995426 0.7028186544025433 51.236989163115304 10.039175531349105 0.0
272981 35.08334833594732 -5.543567055837525 1.8190255030315976 0.39140217448962555 3.032934273514135 0.3727488624681502 60.57547226110219 1.2334371188501216 0.0
273406 35.40677412193928 -5.545557018499984 43.54531582147013 1.278511685014158 52.65969193245328 1.2726425650605446 51.056974695844026 4.243957361167392 0.0
273479 35.07240718450211 -5.541755387259401 5.884524535216958 0.38088575712699857 9.90984660712889 0.3581714065699455 60.89702204589947 1.2334371188501216 0.0
273486 35.46976389189814 -5.539602195176743 2.2718464429542338 0.38655470983495516 2.621452659495561 0.37248300577087845 49.50345431004304 1.0209872828642836 0.0
273590 36.07428632618967 -5.5392415301035935 4.58525716322926 0.38838384742243875 6.098971803733659 0.3743293146908472 52.11847243558313 0.5015750769653403 0.0
273598 36.50024158855644 -5.53878223330503 6.937070906447071 0.4029151653609639 8.469145958555917 0.3783898958806144 66.8570244220912 5.114491935920143 0.0
273879 36.27010558930319 -5.535794875147358 2.184925797523496 0.38705394613502947 2.5562006333266343 0.37332818511537447 57.82039119125593 1.3295647244019466 0.0
273894 35.193705986886414 -5.536096253439845 1.681973106480722 0.42070847343814294 3.057152188686321 0.3970949634812099 56.36042906108697 2.0208702236784357 0.0
273991 35.35860409432088 -5.5354041147813335 1.9957833717055609 0.39150387670714587 3.4533506800691796 0.37549936042143095 51.59109056301716 2.3783310883498685 0.0
274117 36.05299638965531 -5.534257797776326 2.246168995694158 0.4009057123432667 3.3434246912178995 0.38661575257228203 51.32577950511459 0.5015750769653402 0.0
274243 35.40504068023525 -5.54134911940775 53.663455211265784 1.4054758128364442 89.76716305088588 1.397797621167804 50.858061985252064 4.460123364223064 0.0
274427 36.49518241093703 -5.531955375477811 7.39688208180113 0.38899289221781225 8.747530243322238 0.36509537581523993 66.35375130022133 1.8430112040393984 0.0
274723 36.3218672865276 -5.528711630798127 1.9079006510205534 0.38124803038413707 2.631587536714694 0.36397110679550265 59.32915008760698 1.0075287472265049 0.0
274752 35.37871362229355 -5.529962414488049 4.816041219892651 0.6155250271804383 6.886971238622163 0.604667253318238 50.81293062278314 2.378331088349869 0.0
274787 35.91727021383376 -5.52858150240002 2.422172391240048 0.3793186943394234 3.1079741910915537 0.3635133765220496 48.32904850724878 1.8125745010942678 0.0
275258 35.06036692580677 -5.524854519395043 2.503246160003936 0.33738180289530906 3.019074916169905 0.3186773029530052 60.56827430127654 1.2334371188501216 0.0
275278 35.245222076085945 -5.525124999221661 2.1635583781527266 0.3693920508981725 3.360650400285533 0.34610342793441917 54.16979091109077 2.0208702236784357 0.0
275335 36.51789097819725 -5.523854985182505 3.2221199068008475 0.4106261569488431 4.470012290769486 0.3866360302462478 66.98259771617914 2.2691266124088276 0.0
275397 35.32071905667685 -5.524181697132564 2.626397529603545 0.36847572417758506 3.2631498738587665 0.3481477987125424 51.950426664665535 1.8360890919010464 0.0
275651 35.58690073908427 -5.522981189002024 7.661165924071349 0.3947720488663022 8.761382509926706 0.38187266465863895 46.95864083727882 1.2854692470368227 0.0
275742 36.41169499408243 -5.521015752307666 2.9216603994955643 0.37370808463993177 3.7017017221840245 0.3531261518462027 62.43715676147052 2.4671038012835873 0.0
275954 35.45246605176236 -5.520262974864269 3.175678139817307 0.3563844035543107 4.819177076530058 0.33927776212672 48.71085283374837 1.8984128497059696 0.0
276504 35.95853001523914 -5.515904543753619 2.6120196734252357 0.3736795294595815 3.2558770770522445 0.35907498782556374 48.29465546448051 1.8941296315250946 0.0
276697 36.39804794885574 -5.513036013248473 3.290826099361179 0.386580187954311 3.8470545202815876 0.3694424228913505 61.53553747046144 2.5518764888287633 0.0
276718 36.45136826421346 -5.512849409183329 1.9346132173631903 0.36641579859616363 2.8231633018260296 0.34598800542511526 63.70070356323601 1.8097599519897816 0.0
276988 35.567261586492144 -5.511425801884112 1.8233833611836556 0.3818680114146091 3.24127936189758 0.3664001271837763 46.47503564430564 2.3402185025979967 0.0
277217 35.7860963270425 -5.510867494214226 2.004950869428733 0.37927651799121775 2.755309342514944 0.3642039409047447 45.87797915407921 1.8530943443102919 0.0
277442 36.42119221400343 -5.506973352701797 3.021686757930224 0.38167749166751663 3.7895325975900005 0.36101426831517763 62.202204424874864 1.8097599519897818 0.0
277452 35.74543813938657 -5.509005728163804 13.363023057592514 0.38132660927475703 18.20467962091544 0.3650039052723234 45.58955799681524 1.6751166528284276 0.0
277601 35.567060682852 -5.506759539105555 1.9145438453888195 0.3841399860626059 3.4706408504073676 0.3667078284543907 46.20206857442023 2.3402185025979967 0.0
277607 36.21935673612737 -5.505785829791226 1.4930955612322476 0.3862203747770695 2.592846405199098 0.3712239850694239 54.61582395948361 0.8107459973118574 0.0
277794 36.51601673551174 -5.503821207075022 1.6436067712096347 0.4014353937584092 2.5930338033213522 0.37515906937417487 66.07391800745434 2.2691266124088276 0.0
277908 35.69307262655626 -5.503742639101186 2.602308767191291 0.3768689971358332 3.269993634865986 0.36309389019954114 45.235870221976 1.1354907354994332 0.0
277926 35.1143365730381 -5.5042230023281125 4.161979044611722 0.36691179805703467 4.434230944535155 0.3512874033123947 57.57588239346828 1.3129108391112507 0.0
277946 35.29597797691347 -5.503371897291371 2.3757482498096287 0.35010587301603796 2.5989129474584916 0.3308410618278223 51.530611928871615 1.2023781595822356 0.0
278065 36.258993876099055 -5.5019132327979925 3.349342862049982 0.37988070547821784 3.629980823339916 0.36344696299587287 55.78249583617568 0.8107459973118574 0.0
278084 35.98047713601073 -5.502180063084286 4.492062189237873 0.3902012617788179 5.536339468681282 0.3734127767198476 47.93799637083235 1.113996070876568 0.0
278598 35.763687653001355 -5.497837567106201 2.2223546080756416 0.3739818910042643 3.710093842909957 0.36157917005530366 44.984811784997476 3.735679177251261 0.0
278993 35.57509384023704 -5.494955047690461 2.34622559567346 0.4124961793809191 3.1244909182706198 0.3996945023476054 45.41854753242821 4.2435583226246765 0.0
279047 35.692343741107045 -5.494407783377533 2.794930462461135 0.384822448149303 4.04923167803581 0.3712384428115339 44.67692835772641 1.1354907354994332 0.0
279085 35.35875485684912 -5.494558805127847 5.828397462332636 0.372192483929771 6.86636112867537 0.3555558905172054 49.35910002717139 0.9314720141667301 0.0
279326 36.30672829873057 -5.492138644306935 5.99630286472138 0.3593406527348033 8.298022465366044 0.34317950153708854 57.04773560506765 1.0075287472265049 0.0
279511 35.300062871651015 -5.491165016938858 3.8932872485734724 0.3715988392370117 5.330288649004393 0.3529260456448964 50.771239241789175 1.2023781595822358 0.0
279832 35.9307227750049 -5.487898350027809 3.0518494388129724 0.38575100269111234 3.3560756760018244 0.3707949124351087 46.19703854678407 1.812574501094268 0.0
280146 35.24027154579522 -5.4855854885863735 2.6806577580488495 0.36824625401919153 4.162314519481193 0.3493686859680876 52.30582410328226 2.5322798732958303 0.0
280358 35.24549132490132 -5.483783435208737 2.059278367814237 0.37161930945059224 3.814473860305335 0.35462852305275266 52.04760883207263 1.9313942103600197 0.0
280896 36.36827403846669 -5.479791306287234 2.9439578292428794 0.3881170223634547 5.178550501620782 0.3684501245099437 58.863329451360244 1.2741405052978454 0.0
281068 35.567692414444586 -5.47859545012361 1.6610036709943548 0.38324094475490394 3.0070422991456542 0.3672128548829247 44.53526319707454 5.233295184060257 0.0
281271 36.000425077628805 -5.476813858451237 1.8882216380831534 0.3835085227531873 3.163373956668964 0.36632424705958094 46.93572381466151 1.1139960708765682 0.0
281299 36.47876979181509 -5.475879242764805 2.6104224612721945 0.38332339624834255 2.9471466362096708 0.36279841815282615 63.30513672530014 1.6095023894080884 0.0
281341 35.52222929840645 -5.477226492740873 8.914839471045884 0.3888078775475481 10.506001933845493 0.373577005619714 45.053393414305816 1.224005246099502 0.0
281346 35.16337004229886 -5.476271077709384 3.715954017016047 0.3719274997353536 4.172206561885394 0.35729245872843196 54.46124842628129 7.225536825505229 1.0
281539 35.85363047361444 -5.474733270108075 1.413886049247801 0.3979694182006635 2.4827726158631895 0.3819606911279573 44.32306591747045 1.4460886748937107 0.0
281727 35.84820490833182 -5.473235634312809 3.4906628893916456 0.39782464724888283 3.886080478525504 0.3848002100958735 44.173143360320715 1.446088674893711 0.0
281952 35.45845149215809 -5.471891593601169 2.9350266281200543 0.3639468185474581 4.378647188074077 0.34812235492817933 45.84805319726275 0.7238916245925113 0.0
281957 35.06755883475999 -5.471894849606239 1.2780807020195626 0.3359699868919235 2.3823191186323323 0.3254759594883421 57.880000249251495 1.4112167537729507 0.0
282024 35.56242332147923 -5.470998903303128 1.930797754759082 0.371495083126418 2.671242452784161 0.3561204791597316 44.14977575178628 3.437934522050554 0.0
282276 35.93770734939263 -5.4692570140560175 4.112683641642015 0.39056074306653377 4.526710950948565 0.3718643064960984 45.250077867586604 5.896748473439814 0.0
282316 35.61688516256154 -5.468713774040055 1.5492699118541438 0.3705498407403253 2.8857610891361194 0.3556010318240993 43.48038097498897 1.1980824118906133 0.0
283205 35.12702305278699 -5.461824983583575 3.387047474752571 0.3600026552927588 3.643482881070217 0.3492750145332193 55.11713105536665 3.733732000938872 1.0
283304 35.948219177000105 -5.461228473771649 2.0623163354079312 0.38657413196647494 2.888131053791812 0.36953307385525563 44.98576395966004 18.807770637142436 0.0
283436 35.9586338310963 -5.460301812768316 3.5016209370357565 0.37007631985458134 4.189567271271074 0.3553124202983219 45.13408636653779 3.3202021579834993 0.0
283612 35.77535028766908 -5.459174056818872 3.262246771458301 0.3768918658494657 5.83160026660389 0.36062466439594754 42.72929559293762 1.9401070423005402 0.0
283771 35.172715793820224 -5.45810237139561 3.915153248245721 0.37367757975259813 4.550887426732538 0.3613599372741485 53.2546818403681 3.6835322627938023 1.0
283973 35.63322351272278 -5.456069396448088 2.979110401826718 0.3696719915988765 4.556513053901339 0.3569543409468689 42.61191002508523 1.1980824118906135 0.0
284315 35.650518856838666 -5.453483377273479 2.527098948122197 0.3759058523630718 3.2462082548192193 0.3609479376677773 42.358421200227646 1.1980824118906135 0.0
284409 36.44603220330769 -5.452593357292748 4.082449859977844 0.36212399688220603 5.357983052585101 0.3421733163562538 60.92558305143421 1.6095023894080884 0.0
284442 35.21460372217715 -5.452499196624129 3.291605472957191 0.382361343344647 4.007219044952055 0.37018293554997217 51.50849467771324 2.2901302288217686 0.0
284744 36.03303007849013 -5.449906036090448 1.9318722320516928 0.4132912855380225 3.1390397349471924 0.3978568312378909 46.21912607030535 1.6210467606966263 0.0
285058 35.859804004130126 -5.44816467886178 3.399298523396472 0.3984956717586808 4.297920220945771 0.38594914936472724 42.83586555130531 1.9515867554470319 0.0
285180 35.946843359389845 -5.4478729976593305 7.260524301484242 0.38122581180303566 8.956387982981648 0.3668570102519592 44.19999704036675 6.497010272648366 0.0
285681 35.14256093791361 -5.443674742075639 3.5479107595958466 0.3623202117802605 5.988813938483442 0.35103853676429053 53.68663954120596 4.417063492782004 1.0
285727 35.899571150829274 -5.4429790427446925 3.549691640326203 0.4044390644064594 5.570913363230601 0.39294365765751393 43.09458540566937 2.22624868234836 0.0
286241 35.13319445800201 -5.440492239690053 15.833162553652476 0.3627837331609621 20.249704220497183 0.35319564109586027 53.89509286459247 9.742639487647303 1.0
286383 36.20118298720578 -5.4370249950566345 1.9077719126545034 0.3726435326938844 3.2396013429375223 0.35849807787160876 50.60527723626133 0.82011452182603 0.0
286780 35.120568280343264 -5.434393841357206 4.527308064906462 0.3526738938978435 5.031183749256044 0.34380293411087787 54.102681602710504 2.324654168652778 0.0
286820 35.54854115152668 -5.433918371720644 2.245439846636659 0.3741340855613905 3.489906114075338 0.3569709074934013 42.15432916028499 1.1625240437416675 0.0
286842 35.06199876398512 -5.436551947423845 4.458411656345478 0.3259061774915329 6.204227849795869 0.3165857096898244 56.53848692352408 1.4112167537729507 0.0
286962 35.670553590989215 -5.4328187430981 1.6667138345151118 0.36962297488598267 2.533358874193253 0.3559532942501726 41.036893817286014 0.9523249525810791 0.0
287056 36.1441229325606 -5.431901436221641 2.09438623190257 0.36347109064462196 3.2119241597248056 0.34756826426400056 48.44664767607242 0.6834785199075033 0.0
287153 36.42116749333171 -5.430869498595124 2.52648094871264 0.37298612938235015 3.8819827676438967 0.3537949927807211 58.95147971316193 1.5532187689675188 0.0
287336 36.46278431238627 -5.429351467974774 3.5766057862706164 0.41393804130230905 3.8618544596507336 0.3943267478872796 60.70789935010944 1.506182421661955 0.0
287358 36.45976220930069 -5.429235824016346 1.6204830400613432 0.4138339129318001 2.8267515844951987 0.3932239076356251 60.56951049011331 1.506182421661955 0.0
287359 35.13546116157931 -5.429849933848522 2.6391022474608534 0.35615927224789184 2.755025344574387 0.34662828080802505 53.318656526300835 9.742639487647304 1.0
287373 35.99093082984623 -5.429644620416517 2.1133279460361227 0.3971543896827887 2.733944022739843 0.38072852315006506 44.099666202720385 2.1056983130472764 0.0
287724 36.34571452663518 -5.426694695235256 4.7257489184968176 0.4179756590348313 4.960097701839366 0.40309940191080035 55.60497746971307 1.671991961871577 0.0
287815 35.95242902122158 -5.426732424860222 2.674578360370357 0.4044490132423245 3.074437386297923 0.3900955745493669 43.111392246357035 2.3820670786728164 0.0
288054 35.46842799352207 -5.424843890279765 1.7474906209968029 0.3528658623568184 2.8782776881499426 0.3348909056116658 42.98746643390308 0.7238916245925113 0.0
288178 36.25000086784094 -5.423552903853728 3.8693768781231013 0.39279906464445885 4.29576537275867 0.3782449501093966 51.71772518586164 0.7957419262090806 0.0
288309 35.97629553053152 -5.42315005629141 3.208989145988939 0.4119320913335302 5.029598370350526 0.39767912993247867 43.411401333416556 2.1056983130472764 0.0
288508 35.64383124510173 -5.421259894356102 3.4610655338516576 0.3876021773183492 3.583396504860922 0.3744761758826757 40.4692636698044 0.9523249525810791 0.0
288585 35.9117561781769 -5.420405244723634 2.010712601965934 0.4304463430521274 2.524120837422589 0.4192650361754156 41.99264812413795 1.4135751129791645 0.0
288967 35.75757289638276 -5.418012455671471 9.843873903955165 0.3984301770145763 11.22116381650883 0.38583597379113976 40.181459439398154 1.1463075455813958 0.0
289090 36.18427746179852 -5.416077613763221 3.5714196560444535 0.38833734643379575 4.371471911961151 0.37367144138107605 48.99580215538836 0.82011452182603 0.0
289096 35.99581594280443 -5.415844533145054 2.511563689831085 0.39659507773584923 3.3654570009681777 0.38272709879983596 43.44917839613834 1.6210467606966263 0.0
289344 35.224559564387434 -5.414429602370318 2.487786873924549 0.382148914239518 3.3115990568948965 0.37046448396224746 49.30478522173689 1.090530993654843 0.0
289391 35.87965940760196 -5.414666592240206 8.84295732693786 0.4398578033891872 16.230889329672646 0.42729906533466655 41.148793304064796 1.8144790119694096 0.0
289468 36.33244654342399 -5.413092230981576 2.585236475947577 0.37126627801496775 4.590761142771772 0.3542290933941395 54.46754322822398 1.1133825019226942 0.0
289550 35.12222054403076 -5.412329056833485 2.9045449836618493 0.3681934375916598 3.331341610227557 0.36056950396585896 53.039814199977734 2.3246541686527777 0.0
289701 35.78610369126706 -5.411178577820251 1.7471004461348911 0.39441185288718394 2.9207702814367393 0.37992347555086553 39.93059266580545 2.1759680788965463 0.0
289812 35.478982751048065 -5.4105703686956685 1.9582337238973848 0.372134494959684 2.610053696760859 0.3559310459030784 41.97012197132511 1.3874030115835632 0.0
289978 35.32152555425272 -5.409967803784501 3.1134784100616435 0.35853051672373976 3.697405286414052 0.339399824146891 45.90235195481808 0.8420237858797421 0.0
290122 36.13804634092404 -5.407914919384039 2.750502373482181 0.37547437398694106 4.478040849929493 0.35712542115891993 47.03929905990437 0.6834785199075033 0.0
290206 36.01074816805262 -5.407859894320172 3.592189298427115 0.3849406472292506 5.480527611409971 0.3662684788517986 43.371294523353924 1.6210467606966266 0.0
290329 35.61868807789288 -5.40691338188244 4.217572009825736 0.3854865390377416 6.117516390396832 0.3701217710129691 39.79079637123692 1.642922993979082 0.0
290454 35.622455803951105 -5.405779198299596 4.725049624216339 0.3851884271849756 5.4473076798048785 0.37015438841586956 39.693082351266995 1.3820216152916978 0.0
290536 35.767740550506964 -5.405737747535111 4.168353159219189 0.39221110538555964 5.954570269814419 0.37864415875793933 39.49530750120059 2.175968078896546 0.0
290847 36.156216131411725 -5.402016062785973 3.1776427443774957 0.36802695481092756 3.4243189813870583 0.3501823529600355 47.3457762571804 0.6834785199075033 0.0
290886 36.52292883489816 -5.401255398105576 1.9873337883613056 0.4044192218828031 3.4409886659523967 0.3805403883275759 62.3482586120977 1.2058233941711456 0.0
291258 35.89713998615799 -5.400530926925659 12.107181862264296 0.4116404213818712 16.961024644610447 0.3914665736865272 40.60264344348138 1.4135751129791645 0.0
291341 36.49556294720291 -5.398526955096111 2.711448328541809 0.3956649543918983 4.182285449886674 0.3757478402019119 60.9778921451196 1.2058233941711456 0.0
291704 36.33122655684218 -5.3954850946786514 2.4219547884081627 0.3760518711509084 3.3681047936999593 0.36078232745497035 53.650604950908985 1.1133825019226944 0.0
291745 35.793573027601404 -5.395652152389799 1.7076573313829593 0.38616856460118437 2.893351035393769 0.372600362118299 39.0597912578436 0.6211227935281939 0.0
291753 35.480213245046926 -5.395747229433531 1.7200963306742898 0.3623338655266922 2.9445015140162405 0.3460234407064142 41.10670161748262 1.3874030115835632 0.0
291894 35.98943714900853 -5.394440259188828 2.4277724180756866 0.3846131657596649 2.942236621231551 0.37006114979238924 42.11885353123434 1.6210467606966268 0.0
292050 36.03060056298282 -5.394228626168579 3.655977593316812 0.411509044404656 4.714919259286145 0.3970580363819352 43.142075814703446 8.547137443223875 0.0
292334 36.46456611190765 -5.3905387568362455 2.0250283451056874 0.38865376724125456 2.778955578304842 0.3675048276035239 59.25153337037412 1.2058233941711456 0.0
292421 35.177823523247866 -5.390613572703177 1.8315602733534662 0.36081571156073056 2.9199657126926923 0.3499973030697801 49.889646813655574 1.5775332371645359 0.0
292755 36.00296327517534 -5.388268299566447 1.2836463802067493 0.38843139246148 2.301625210927068 0.37087850949426465 42.10884200826182 1.6210467606966266 0.0
293102 35.64345410019972 -5.385642502655547 2.355468384160639 0.3931466580158474 3.3799648386941836 0.37865699575953254 38.34535864595948 1.382021615291698 0.0
293415 36.02941242177708 -5.384456193053968 4.475788941486443 0.41210215353439467 6.708439303695015 0.3955135075044428 42.585715083366935 3.153952889560289 0.0
293533 35.104913571980376 -5.382383949849865 3.1248336035936393 0.36838319164939026 3.4496166228410288 0.36191973736514776 52.41610948672309 1.3956949648155974 0.0
293682 36.39737750379312 -5.381104075933162 2.414988320768067 0.35413495630656466 3.0428512716387943 0.33531224289351447 55.87065647597261 1.3511536146770728 0.0
293907 35.65881490884007 -5.379779593570012 1.59027722537984 0.3890038701879524 2.671397528183609 0.37583565486991266 37.91040085020316 0.9523249525810791 0.0
293969 36.19874956721706 -5.379853029789994 8.005821091431471 0.4051961177175119 9.157394800325193 0.39157827585964483 47.76417135367153 2.7913772959608307 0.0
294160 35.38344033632925 -5.377742921030943 3.2823747111013475 0.37994528585750786 4.197240372567738 0.365033612709296 42.420911005476164 0.9600414277395497 0.0
294167 35.77102615234124 -5.378133707188709 6.089854576592766 0.3986781183735972 6.359802824090401 0.38573624299683934 37.86409282311055 0.6211227935281939 0.0
294209 35.35913877193675 -5.377333772716816 2.1331775787479272 0.386408362494155 2.406145845979783 0.3734504128930983 43.08697707649765 0.9600414277395497 0.0
294343 35.42130843378757 -5.376319170059019 2.119466500743478 0.3869606621951579 2.954027048053576 0.37258560969609494 41.35077697407008 1.016816743835507 0.0
294360 35.55589234091682 -5.376148811138783 2.631226700939637 0.39020284550752654 3.619133833256217 0.375044650618941 38.68145109989342 1.7120129025933082 0.0
294728 36.18590687133314 -5.374619571300473 4.7551319495209645 0.35901165664154067 6.271854444996957 0.3439217362325094 47.0482343731488 1.9372370174378053 0.0
294743 35.13583894837486 -5.373503184229082 3.3355680594752135 0.37073863489329156 4.505867675377425 0.3634004127497797 50.76466608932965 2.9871634762077424 0.0
294759 35.443987543327985 -5.374051921250388 6.357799736151692 0.3787230992374609 8.486993903059458 0.36395621624200464 40.67857566240099 1.016816743835507 0.0
294970 35.09658826347114 -5.37163679151267 4.97813626752869 0.34471964616414585 5.701277995049 0.3389938470649401 52.29902625876757 1.395694964815597 0.0
295117 36.22626432892424 -5.369898995257126 2.6159101689482687 0.363716725646067 2.9641352198891937 0.3461398025085176 48.32617929199887 1.8057140781229393 0.0
295134 35.29582022808569 -5.370218446116309 2.5950112909268994 0.3839878379515387 3.916567344346623 0.3713340849195306 44.69414394719167 1.272126703116877 0.0
296077 36.50604740713466 -5.36162047634273 2.4308904097323976 0.3200226349324127 3.0779499730179554 0.30235131667350973 60.08524489063016 1.208314515681777 0.0
296980 35.45811951576206 -5.355526032396873 2.24700042637052 0.36859775514709536 2.4790174705908146 0.3538970718070203 39.326914236101345 1.3874030115835632 0.0
297088 35.33212710389273 -5.354645388041164 2.3759683666310654 0.3549348768847698 2.883174442523835 0.34108725445244936 42.73395389276987 1.272126703116877 0.0
297214 35.99061267923502 -5.353532302109642 3.220740619786044 0.384314460409368 3.673925913227359 0.3698517243331113 39.9071457825115 1.603025839823059 0.0
297401 35.67279334843618 -5.352241185729033 1.6373945464787893 0.3881777421565049 2.7773184462078224 0.37550550265963945 36.20283043962685 0.6669279647347687 0.0
297425 35.61045013948195 -5.352118255365608 2.136779739007771 0.2405838588057006 2.566123432965643 0.2308041593710512 36.61375095661352 1.1024856514580579 0.0
297758 36.236003604373884 -5.35010175247356 7.851467197776297 0.35728750134336135 11.253356695898933 0.34133817455245835 47.79915920266336 1.8057140781229393 0.0
297932 35.22213269079836 -5.347890764222481 1.3505608257082595 0.33470676092717505 2.3691675460387884 0.3259625407847447 46.22890811804938 1.8969433577669323 0.0
298002 36.10734933305418 -5.347204646902855 1.169096860681198 0.36691985249402814 2.131778235069229 0.3471341083980646 42.98763353027705 1.2240960091373614 0.0
298393 36.12627009138912 -5.344184518672538 3.2738924366841675 0.3601140227405073 3.7310277326099905 0.34371593902188835 43.47385446516015 1.2240960091373614 0.0
298530 36.37464395883795 -5.344418411651355 6.466490923321739 0.36809884180290436 11.468435408604478 0.3463184707329882 53.38522307092036 1.5436971408276776 0.0
298724 36.22954043727989 -5.341448426234956 1.8077426626714224 0.3600181963850407 2.26652310230932 0.34497421381435506 47.15416457446342 2.8095444026970844 0.0
298799 35.872285352239544 -5.341564706367009 3.9510344173618823 0.42210373672682766 4.8163269674962645 0.40867630556781603 36.79528425761433 0.6949838487867359 0.0
298837 36.120708294879606 -5.3408785497217615 2.1715529017618804 0.36055471350430085 2.351227237743296 0.3434209826653378 43.12128587292559 1.2240960091373612 0.0
298949 35.375291947288865 -5.341260961468459 3.4295065481786793 0.3734950330226299 6.190447227289245 0.35876991104953615 40.72720448758535 1.5966169244138841 0.0
299042 36.40579391939142 -5.339501511299919 2.3048358426383184 0.3667036407745412 3.8467419752069283 0.3502382224641003 54.593187613696 1.2104659061238792 0.0
299114 35.99869539770848 -5.338764298254034 3.651198471552929 0.41566446856173345 4.316198122123909 0.40266110210604295 39.314577126566526 4.801688446777353 0.0
299262 35.20265115090875 -5.337498750047512 2.0772633753964826 0.32738968953252606 2.631809836010577 0.3197073203864392 46.49770800345057 1.8969433577669323 0.0
299345 35.14221269784919 -5.336975253655019 3.456855163086628 0.33633596260353704 4.384077589680629 0.32971488659622716 48.907470207019315 1.8562103620055008 0.0
299485 36.53698240635376 -5.33536822445285 2.9476122307581316 0.38507039764524664 4.5081468417291655 0.3616919680700207 60.63462059395245 5.130199828801652 0.0
299536 35.71820799449194 -5.335316164461541 2.564762627917984 0.4477149550235149 2.9764871964652766 0.43776431577414293 35.12239605760201 0.6669279647347686 0.0
299656 36.53856795456421 -5.334691089317223 4.410645118164518 0.37760258155964566 7.588182781462258 0.3530508426646895 60.68842003742549 5.416464769855445 0.0
299980 35.50694182863559 -5.331748251857236 2.9093811720676785 0.4227653826773188 3.64246853693428 0.40784673505954705 36.95459146555703 7.477930546168615 0.0
300043 35.617915067802784 -5.331331056923413 1.8267258622369538 0.4100633470965475 3.1047890676259375 0.3974862433934744 35.311409332481425 1.1024856514580579 0.0
300094 36.23479952602015 -5.331534235996444 6.371355480911611 0.3646429262653263 9.944153816193174 0.34940169013861144 46.91784953102661 2.809544402697084 0.0
300452 36.29080464037167 -5.328365351645874 10.070062977078388 0.35855465155275784 12.289484136906164 0.3405517470516961 49.08406831696035 1.78779314723712 0.0
300508 34.92915654745355 -5.327517511395604 1.2004996290693646 0.3630885301238214 1.8332955707567877 0.3586614043136874 58.12678738104459 2.200523295713496 0.0
300676 36.54427558427073 -5.326966199393285 23.678224234973793 0.3855772570957425 26.774679381192357 0.3613327898704923 60.70183040836364 0.7727703122743464 0.0
300815 35.52102977606967 -5.325412413534069 5.076220813066677 0.41492592631726594 6.2129789277112595 0.4006210870680586 36.32520783343011 2.4059685725421387 0.0
301164 36.3192637489561 -5.322888573723577 4.079842585758982 0.3500273741181484 6.26316782835212 0.33449793128886096 50.07536950607594 2.7691844724452306 0.0
301633 35.48941183222159 -5.3190261137254 3.318822126435563 0.41209754430156303 3.975780546602495 0.39712581280354653 36.59875686440738 3.8588250915125197 0.0
301671 35.21266384798153 -5.318299030057767 3.143882590490147 0.34920640991098556 3.5896609432209168 0.34201050560433954 45.23540144395461 2.3502203912110113 0.0
301805 35.07334653010777 -5.317640845133003 3.0437931428891214 0.3445751633776595 5.343370603425738 0.3394513931633344 51.067711543378095 1.6225429576271262 0.0
301980 36.03716869906601 -5.315811985208512 1.7899126752361074 0.414496496066836 3.1217421055191266 0.40150356186194675 39.17765142371297 2.8943676291370144 0.0
302184 36.32893938629015 -5.3145557033046495 3.2739299439348777 0.371568618122442 3.7632247559389156 0.3557295768063375 50.15864950956369 2.2653531661283544 0.0
302321 35.194641878492135 -5.313882346621779 4.214762327217334 0.3359788889928657 5.163802223355608 0.32943303429510506 45.75415365783413 3.2816137338406572 0.0
302384 35.67982585341281 -5.312830875661182 2.74253097305165 0.4207017254666069 3.104027503758103 0.408326326912471 33.81797491832943 0.6669279647347687 0.0
302530 35.97699373587106 -5.313139150508836 4.249579517019232 0.4046215690889335 5.029568533991013 0.39179173475270884 37.36716172800018 1.4426929367161005 0.0
302593 36.0958333596468 -5.310996496619528 1.6308534771805872 0.37662872980876505 2.772675208802268 0.3610068276428051 40.8017038798168 1.5046518384336716 0.0
302679 35.29821932106447 -5.310574364927808 1.4270088905321836 0.3877910144843549 2.6173171006393865 0.37662865742027146 41.677415406326034 1.9019437128804602 0.0
302810 36.14485872247839 -5.309259700338055 1.9122687308883703 0.37084937628637177 3.1052709616670953 0.3521354834140657 42.44415926013161 1.6681172444862462 0.0
302910 35.01980909935609 -5.308647207313832 1.7689225200556329 0.3260145037075444 2.161963053794037 0.32104323417491204 53.152866282632175 1.9607537478702861 0.0
302922 36.30379943885224 -5.308081532335613 1.9480266592639846 0.3780907160862855 2.400682569125249 0.36183248443107613 48.7937034783922 1.787142641939176 0.0
302979 36.080286799356166 -5.307831637013693 2.04449877978908 0.39024081124638116 3.8144671379156914 0.37572559185481763 40.12532347060679 1.5046518384336716 0.0
303302 35.29646326477916 -5.305590822858218 1.524974615531034 0.3856971490862824 2.013241878047425 0.3742668333021742 41.498966435550116 1.9019437128804602 0.0
303439 35.07986159819781 -5.304989847529487 3.889673733921258 0.35022963683121927 4.902378159309767 0.3456175741294986 50.2725370012326 1.7288388372092758 0.0
303549 36.015632961357525 -5.303707228072617 3.7753423421265095 0.39653939886223305 4.168787720270253 0.3839192179112081 37.91341431827347 2.8943676291370144 0.0
303592 36.284138041791394 -5.303409290361971 2.6479709211512414 0.3729390915011772 4.88250474959788 0.3537974975615198 47.75046451091697 1.787142641939176 0.0
303594 36.21360764803579 -5.303674861274647 3.5600817841767305 0.36859060547398287 5.548598713115296 0.34987969808603026 44.82876546175567 2.7591424053051825 0.0
303687 36.334059915438665 -5.302249201947867 1.5336052705842764 0.3692013129679357 2.7559301966379106 0.3516877078025369 49.89163751025949 2.265353166128354 0.0
303969 35.39746338021504 -5.302107035219643 2.355129354712535 0.4484860732857337 3.458766531846092 0.4339238237795539 38.03029050605114 4.280680118558562 0.0
304284 36.14131877676125 -5.297669906074545 4.092512264311368 0.36453161480887636 4.8308681409079 0.3506620369004888 41.765781767907754 1.6681172444862464 0.0
304450 35.47511932021554 -5.296917200709078 2.146996528084273 0.40007553609053975 3.5324230184698866 0.3858618503868908 35.69187793903399 2.8535467277752793 0.0
304681 35.422535790621176 -5.294703777097265 2.0968283471375186 0.4171337793483689 3.4981037459392557 0.40319382846340945 36.923354663011175 2.220430605032333 0.0
304926 36.00473278076017 -5.292377902249612 2.23220806580504 0.3950783662810813 3.205264481688783 0.3835139683207392 37.0047340522693 2.9871286852011156 0.0
305152 35.3579514009273 -5.290755114141821 2.1287512995615527 0.37551157261514 2.6097010015233977 0.3619536532022123 38.6711172600196 2.1053145036428744 0.0
305234 35.405448775653134 -5.292290770697542 3.3365524383290954 0.4115801362872748 3.8990918938993566 0.3968961465053146 37.28310952898443 6.181714755397407 0.0
305482 35.95953871013354 -5.288015047874388 2.4641624628791092 0.38949840660002827 3.351777951006441 0.37615064947285265 35.55994509352841 1.4426929367161008 0.0
305517 36.173174062529775 -5.289331961163379 2.583336747051825 0.3599667427460291 3.579651489216777 0.343223685133677 42.585849056182724 1.7832799564663697 0.0
305762 34.98273815089699 -5.285831166978553 4.039662402422026 0.33319097600461967 4.201624844015782 0.3287105984184973 54.06577445563989 2.628862456684555 0.0
305799 35.71117167659246 -5.285883807239475 2.884138691043797 0.43704362826710796 4.279910847003256 0.4240358148091382 32.15310469966908 1.0796273163171377 0.0
305904 36.21795532534959 -5.284395513270065 2.251843981778698 0.355321123678379 3.8498444040711766 0.3374028139851193 44.15697758862375 2.6538715950394494 0.0
306087 35.20901307807843 -5.283980060838779 3.3385196213401063 0.3267536703706962 3.824643730785626 0.3198958972290693 43.85344399684583 1.2771173321971618 0.0
306173 35.83647975877992 -5.282690032867139 3.8103495361277426 0.3903571596991634 4.461401646336374 0.3791533659603064 32.843266353568325 0.9238023031930616 0.0
306268 36.4659572536306 -5.281823296912512 4.361739641420394 0.36830734051053754 5.216937556585975 0.3470682289795581 55.31513831245188 1.316358354038233 0.0
306673 35.99335667434276 -5.2785016262190245 2.6899888953117004 0.39854180909126996 3.3971358477693756 0.3868359522724954 35.94951567688862 3.2114184866119637 0.0
306969 36.47863596993806 -5.275682547107619 1.8329289334673806 0.3803337893477922 2.7471471643498306 0.3591435285736688 55.72667111406692 1.316358354038233 0.0
307025 36.03379333004011 -5.275791029331448 1.9867740803578358 0.4148181954279028 3.7205452249675117 0.4015695609942414 37.01066729390604 2.10976895356218 0.0
307083 35.31938306073239 -5.27638431517099 5.030623120377281 0.37787734881332774 7.235560293149155 0.3671041087194996 39.27575478083494 1.9019437128804602 0.0
307236 35.21210887808154 -5.274206351629976 2.191680196792221 0.33166659436346235 2.499742966211899 0.325035025980245 43.29963308703767 1.277117332197162 0.0
307296 36.42626442411203 -5.274329414937978 3.056041797257259 0.3815986515614865 4.280703168105898 0.36276353539670336 53.12749669434402 1.5025975813743284 0.0
307298 36.254101659906006 -5.2733404568806215 2.3585007804588063 0.36925330337903545 2.608913653147342 0.35481380316183153 45.206345062098315 2.782449574281486 0.0
307650 35.48184696738437 -5.271000170315434 3.1069471388765657 0.3897622016336512 4.291393977739797 0.3745769841010697 34.10500246891496 2.1177311815585127 0.0
307883 35.86263765003226 -5.268843105309808 1.4958790357297933 0.40625352589222613 2.694688306110166 0.3944164595583853 32.439898550874254 1.9814462961984727 0.0
307984 35.30895191351376 -5.2683219606228 1.9503589877464265 0.37647753671277623 3.296716975449558 0.3661894217078402 39.265398984114356 8.368578688611581 0.0
307991 36.21942039397595 -5.26753057877929 1.9287952193455487 0.3670482171919649 3.2305011611983154 0.34747500722301444 43.4893257316718 2.6686277016091084 0.0
308068 35.35003314450846 -5.267559556266794 3.3941734287847707 0.39386982620628913 3.83779953940552 0.38353174121390626 37.77882294130708 2.105314503642875 0.0
308522 36.51168628446616 -5.263464729874653 2.7489855076985097 0.3959211041544721 3.650307487871328 0.3727453631420344 56.96674788774974 0.6581493462566659 0.0
308569 35.91822114372355 -5.263426637178172 2.469009858337262 0.42493538208803283 4.48829369127374 0.4127334887277498 33.224641269346655 1.8759504513643752 0.0
308589 35.296840707166254 -5.264684600818952 10.7632052580705 0.37535200693302234 12.551444610810547 0.36725375095471496 39.540828723949396 1.2344099266263187 0.0
308799 35.89328551938172 -5.261665222074893 2.8731567006420518 0.4372865365379148 3.42915062987769 0.42551165559847853 32.59601148271565 1.9814462961984727 0.0
308815 36.3402638104415 -5.261477813542982 5.013598944867659 0.4047167615023266 5.49398344120053 0.38778574305034813 48.58944241420404 0.8227239075530209 0.0
308838 36.54253647652229 -5.260470364503017 1.6647965721537685 0.4042703838563806 2.0671791094834875 0.3766452700105686 58.43199819388134 0.6581493462566659 0.0
308928 35.58273251362254 -5.261667863761988 5.866101319917485 0.3996713217515904 8.737368844894648 0.3877229209378166 31.628457246908237 0.9372526603778432 0.0
309164 35.41408178924493 -5.259393770511682 3.339436840758823 0.41753964253163967 5.310130965089363 0.4043839953191591 35.312566220978695 1.8362404154479308 0.0
309202 35.313630888391735 -5.258288733996081 2.5629282719593265 0.38529421535233893 3.1864909654276126 0.3761896853765497 38.61826109448727 8.368578688611581 0.0
309348 36.435039101415065 -5.257242747166624 5.208534477444048 0.37597371005032376 6.42006352199278 0.35861169546533717 52.95571752992052 3.3858499616746314 0.0
309368 35.99756116883126 -5.2572000285267055 2.3625638572206196 0.44991630233458374 3.3722022283189776 0.43796653998862467 34.95038412191067 2.5754163444620333 0.0
309685 36.29270084999061 -5.25418021386375 2.461247570268409 0.3821592041026825 2.9559392456008045 0.36358665056916395 46.13193873963347 1.2771033561432845 0.0
309691 35.19872326889624 -5.254614897658236 2.277870219764991 0.3578968280479324 3.38087355843394 0.3518751335510499 43.01840488584132 0.7322959850292285 0.0
309802 34.860350809607766 -5.253399549542186 1.5602072398041478 0.3715128973424803 2.8195955546759084 0.366836797039264 59.08774439544469 3.4894708514623787 1.0
309864 34.996994553859444 -5.252885769825999 1.4505241778553277 0.3509595634573037 2.5107744997044414 0.3460848538797466 52.21736210769377 1.9607537478702861 0.0
309906 36.3616341858535 -5.252196462558656 2.274525462567223 0.41060357473359305 3.1093192215454337 0.39316586486586746 49.243834303070784 0.8227239075530209 0.0
309923 36.23515836438354 -5.2525366860388445 3.4406150668457696 0.4009978443122362 5.214380838420734 0.3866713918575233 43.52530080423868 2.782449574281486 0.0
310003 36.41689904642612 -5.251218451148487 1.7911224291093528 0.40967251087581985 3.313699389264614 0.3926725519710685 51.86187599113849 3.3858499616746323 0.0
310387 36.10557110215815 -5.248446530389889 1.8660259650557842 0.4237967708367661 3.2024539702926167 0.4099577495826705 38.12414294172819 1.0261460219983936 0.0
310709 35.60842015242005 -5.24603564404566 3.423552536880168 0.41103910625401874 4.054831244433801 0.39825206170516514 30.375140994543067 0.8430142874364389 0.0
310830 35.93838867394267 -5.245192386183886 5.615781722687441 0.407891568493202 6.834335388151061 0.3950347812742949 32.69756199175237 1.8361284742309634 0.0
310960 36.44563977685388 -5.245229980613384 34.99968150058745 0.40087924092001187 46.89741147445288 0.38129750436774185 53.06891587313145 3.515920828113312 0.0
311063 36.2461739574475 -5.243304425116859 5.364792833293985 0.37704235417256626 6.555853951041263 0.362262330600638 43.62495624208588 3.7999517818380406 0.0
311142 35.84142901370795 -5.243232806487772 5.513802979707739 0.4132696842625228 6.32939570606971 0.4023552517947688 30.618879086604636 2.0896465828928474 0.0
311350 35.535265393303135 -5.240776807672837 2.999460456590589 0.4018498075308242 3.1588241881057133 0.3888424658672975 31.243951831380762 1.1500499642712207 0.0
311628 35.799237231727865 -5.239264561911241 5.7727600188419395 0.41613231221446817 7.710763254423579 0.4051049209602853 29.836515667498308 0.8922254684480084 0.0
311742 36.23143305616875 -5.2372285570164365 1.6176064098190932 0.40782726133128694 2.8590790037657015 0.3940681568960746 42.7317266908906 3.7999517818380406 0.0
311878 36.14008912020901 -5.2370634574060295 4.695554448998932 0.38768725447802527 7.153212861766643 0.372123247419915 38.92168339210033 1.0261460219983938 0.0
312080 35.324328173329285 -5.235725816344767 4.238816234499724 0.37443018082632346 6.534377665793279 0.36537311180379956 37.1585946073383 1.4956081444740494 0.0
312227 35.80738164784355 -5.233700495226838 2.456926316909273 0.3973922042863664 3.316751722512888 0.3837396011851851 29.599982854100766 0.8922254684480083 0.0
312238 35.14220073657645 -5.233598656194989 1.9886964719945641 0.33513146320710385 2.496530124399944 0.33005433964696607 44.65148027881909 1.4626077584187935 0.0
312300 35.504531061090255 -5.235436095345462 27.91042066533771 0.41573329425080446 52.26852252522401 0.4009692700165811 31.609562184629986 3.0779153609932886 0.0
312366 35.391185475409415 -5.232655272960866 2.285489818207095 0.4040085234792743 3.5962988886000087 0.3916443578707159 34.66675076677873 0.9479757352955379 0.0
312407 35.96614057377994 -5.232241094951407 2.6928260752563697 0.4234519592062687 3.529086318930938 0.4088538687419343 32.73534626297805 4.604530562671158 0.0
312408 35.62167738950548 -5.232352051414421 1.9033539213457715 0.395450556424617 3.1495134942743817 0.3824116990117668 29.418685299537604 0.8430142874364389 0.0
312608 36.06260093887963 -5.231324429626233 8.021422376481137 0.42325074851801603 9.234086215654212 0.40787414951703854 35.75209605310132 1.1062931692575413 0.0
312689 35.520537615460874 -5.230461337880556 4.595771348981839 0.39378447039327985 5.843050061654801 0.37835805201296063 30.97228070120767 1.150049964271221 0.0
312774 35.872729856256875 -5.22908546055071 2.670432174613294 0.43540480024351347 4.240279689516364 0.4225609869826209 30.346207140266948 1.016641200914505 0.0
313309 36.37880269022271 -5.224202963261233 2.4804606295159837 0.3873213441705277 2.6766588570862497 0.37049130905955097 49.06747757223451 0.8227239075530208 0.0
313723 35.97069051519024 -5.221501742682203 2.7179636133317895 0.410565990356626 3.8697981141086673 0.3975602265145648 32.29760204956784 1.9977079147652128 0.0
313810 36.53591698911068 -5.220165666534358 2.610685417212291 0.3876212859570269 3.3374606423786877 0.3678195459438757 56.85897825324571 0.6581493462566659 0.0
314049 35.102229113807724 -5.219197075580331 2.259227836145633 0.39537835913489594 3.164081465157062 0.39050126615997677 45.959394620197706 1.7537674576247961 0.0
314218 36.186820471905584 -5.217192878240829 2.0505985656465735 0.37601702910011636 3.6628557950600134 0.36051696803035715 39.97593855070081 2.402342895718054 0.0
314297 35.07661787146996 -5.216910053819695 2.274089142644347 0.39145664603823915 3.1345038716008755 0.3872172591053299 47.09707095618835 5.744612300516033 0.0
314886 36.47525717385935 -5.212446783902022 9.028612232261256 0.39444982854763677 11.498740493642634 0.3748570683216281 53.49958503636025 0.955470070875144 0.0
314909 35.077676586319505 -5.213171455217714 2.838689443451735 0.38739509050916815 4.188604496151581 0.3832616853252956 46.91307682537597 7.1171804588289085 0.0
315192 36.17679685675225 -5.210950248037079 5.090434799486485 0.38279331675492057 7.911469498071283 0.36552881339844695 39.28652809406352 1.4956654245024887 0.0
315485 36.43665315547946 -5.209540416990473 14.912894853538576 0.3921535783329702 26.528656495994873 0.37242687842173156 51.44700496247171 1.5159118765677255 0.0
315776 35.45862953064479 -5.205548568041129 1.677443136736284 0.3998123481204093 3.071590592415187 0.3865515307293041 31.19051058904903 1.3300914737836937 0.0
316124 36.45602058212624 -5.201970322645264 1.9135448798702863 0.38307908418033765 3.193432523391015 0.3669218122463721 52.190816655445765 1.4452197182007807 0.0
316165 35.303785778599234 -5.202285265054492 1.650988047125747 0.39784120027252956 2.6745868876755763 0.3911944550372587 36.41409571761411 1.5353046705933737 0.0
316479 35.11072688414744 -5.203582224000631 4.442095127455248 0.3480317681522675 7.093997173147478 0.3431549417930074 44.98641368491623 1.1829097907578194 0.0
316687 35.477576458818795 -5.2003942300542665 16.364095782647194 0.4145441461634651 25.565362002836338 0.4017314784971208 30.385666123498417 1.3300914737836937 0.0
317131 36.22890960866619 -5.195455721416848 7.820023910875211 0.38980392703304 14.246071556788603 0.37066046464223834 40.94416004844727 0.9647840962999096 0.0
317220 35.686277488582625 -5.193932353378851 3.456359087565948 0.4093627935387636 4.222801844793334 0.3968188206069082 26.673658599797218 1.3381158960495698 0.0
317295 35.29035818462729 -5.193529930296567 2.569737776405622 0.3893040385295152 3.157975417347572 0.38364622443041074 36.570209646887776 1.5353046705933737 0.0
317326 35.52429888128169 -5.193140790272079 1.7827176463481322 0.38051586964077244 2.669480542084854 0.36652091839604206 28.812466185033202 1.150049964271221 0.0
317487 36.0374943054921 -5.192181214196403 2.661702092654598 0.40165619266506064 4.265194431023242 0.38838735087967835 32.97112576646907 2.0319526092859768 0.0
317716 36.01132002412322 -5.1918212975244415 33.384195498219476 0.409395405038969 45.820684483499974 0.39394616854592707 32.04908065612883 3.206704501674226 0.0
318070 36.48481023051388 -5.186728060469437 1.7869981970192896 0.373095755289957 3.345092028024551 0.3566586294725776 53.212811208269564 0.9554700708751439 0.0
318088 35.99064912168535 -5.187099882315435 2.8099411349324757 0.39576648807823317 3.3351699650857762 0.3802674408905432 31.132370818686518 2.430023659411186 0.0
319242 36.30266744767567 -5.1781322493464375 2.995021312776362 0.36666437559175247 3.45265063067096 0.3475990859600785 43.75971522300946 0.8860374228552838 0.0
319453 36.33196749877638 -5.176787325076879 1.651199111743048 0.36440671516944023 2.917168830250872 0.34015446303251706 45.14350707973596 0.8860374228552839 0.0
319642 35.78126815516356 -5.176126660560715 3.1267326049979087 0.4028194883086224 4.730794228473077 0.39143903951524756 25.92007233813716 1.25767071390557 0.0
319646 35.163054064650815 -5.175526700343364 2.82829883916356 0.33445309463127065 3.3033351220098375 0.32927286645528353 41.481774588608125 1.0692833940374973 0.0
319929 35.062943509967255 -5.173408786013293 2.492028425527021 0.3343287767083284 3.9093564303598325 0.32977560911308934 46.274868548407525 1.4700784345752536 0.0
320374 35.55418189650596 -5.169690194522979 1.7817029799058426 0.44533545820571313 2.8608194580706674 0.4317339823312955 26.848746007971762 0.8849973076894876 0.0
320591 35.624136223967426 -5.168392437164461 3.9767535434377477 0.40967734727136834 5.90791559646299 0.3964330935726644 25.622858707833686 0.8822780848603432 0.0
320753 36.42031090455378 -5.16644254986642 2.5655429131805376 0.3672003325156914 3.404924795177979 0.3505635953315995 49.265617351621174 0.8496052425174768 0.0
320805 35.47073807227058 -5.168475233743174 60.69662829500625 0.46057821700264384 88.88923738094827 0.447534986814644 28.89607265370585 1.1951161837397 0.0
321331 35.720332878163056 -5.163101218180946 10.473893452676052 0.42864258806024347 11.585277907611175 0.4176971170654649 24.79376765269389 1.4554370524977276 0.0
321477 35.58272014455469 -5.160951180969635 2.298074499969879 0.4138394180443254 3.0855354069866663 0.40100321347990436 25.804191442210545 0.8849973076894875 0.0
321538 36.18183921684465 -5.160104546939179 1.9959525641232603 0.3665204905720808 2.2374558578408648 0.34966804410854174 37.42942461061008 1.1554409242782195 0.0
321699 35.982494220999115 -5.159086092269228 2.255666350947509 0.39408962888106136 3.1811522830003067 0.3815623388934377 29.4581277279404 1.2804822146224415 0.0
321803 35.648949167474484 -5.158462969946 1.8510222359841573 0.4109051900378764 3.4149159237637754 0.39607337205671256 24.777994226939857 0.8822780848603433 0.0
321889 35.815974894389214 -5.157646831074112 2.825804648430756 0.39434124946241345 4.377768396781363 0.38329338185290246 25.265830011626267 1.823668983068704 0.0
321934 35.993523952344056 -5.157259355717567 2.4685645230452615 0.41279350272515136 3.597900290735636 0.40110565164756806 29.73763035518778 1.2804822146224417 0.0
322070 35.810335572617305 -5.156595817592362 1.9375935381635028 0.39630458411193625 3.2651785621306395 0.38333625780657393 25.12218625878453 8.476245179674914 0.0
322109 35.10736259458892 -5.155893691813103 1.685087230461199 0.36505416392115203 3.0034224304539134 0.3597089552127122 43.48294076999038 1.3871315904731434 0.0
322401 35.101881875820624 -5.153369591405004 1.5112386831024094 0.35638910477027785 2.2267831894502503 0.35179158253565856 43.67068136394024 1.3871315904731434 0.0
322407 36.07359690738542 -5.153258439211667 3.383995187548061 0.3990353068061836 4.082575651542954 0.385633040502682 32.52390654904685 1.6348290395283411 0.0
323214 36.29081763383705 -5.147958570509653 11.055488037381028 0.3625602067850821 14.205691175162812 0.3426351813597753 42.13726591167302 1.0936694186498206 0.0
323229 35.04661720927333 -5.146733379115436 1.2357834632175577 0.3384539248109471 2.1673045909347533 0.3334491924607074 46.250540563795596 1.4700784345752536 0.0
323349 35.87484590122493 -5.145753026632536 2.336069768541397 0.41785257881225657 2.9433612862276646 0.4063125015678375 25.708608250259246 1.056021451108868 0.0
323479 36.29812005621901 -5.144190252501922 3.259799453277943 0.3795672152728264 4.204952703151912 0.36211464062104515 42.37111175447381 1.2258193477441492 0.0
324151 36.09489648845558 -5.139179532205003 2.316045933850296 0.40743208025739913 2.9819431984049913 0.39370720140722937 32.78135814836345 1.4584714974006374 0.0
324180 35.806527804346835 -5.139134411845359 2.4355590632960564 0.3826405694426947 3.9372304967103284 0.3703424587770882 24.05049314533293 1.9318688446269616 0.0
324405 35.430623452255055 -5.137823032342979 2.947620104241892 0.41987152971264385 3.7924965268100865 0.40961328697033433 28.64193898123195 1.5609560419927802 0.0
324679 35.11882149582729 -5.137486264981706 15.56750421291898 0.3514099786710945 24.486988486858415 0.34635781973428514 42.30066920477197 1.3871315904731436 0.0
325524 36.507520952577615 -5.127768629087464 1.9857280581117978 0.3955284859852639 3.6695305754508505 0.3807065602743119 52.78745493156806 0.4940698452706676 0.0
325598 36.41733593550188 -5.127415773049522 1.5034722971384997 0.357164484764853 2.539588687642207 0.3390550116019432 47.964615501033066 0.8496052425174768 0.0
325621 35.15538091659896 -5.128166469744853 3.6104739219948963 0.34452488897109507 5.03827817251819 0.3398645530725757 40.17451064205066 1.0692833940374973 0.0
325973 35.723764906062 -5.126798284596208 7.298893767731326 0.3997994089959149 12.444872633953734 0.38726339495754086 22.62286574321606 1.73610888817513 0.0
326188 35.95324153680691 -5.12350965975193 1.4472399682081165 0.38228344654483093 2.4852401012124785 0.3684597476567621 26.71432417194527 1.097357164290151 0.0
326269 36.33774685356598 -5.122719678580955 2.2586385680452374 0.3543559370889384 3.257210136127307 0.3364850328324733 43.68341129819027 1.7951050121878764 0.0
326289 35.565686283102046 -5.123875875890326 4.6259871091165135 0.39138575457220215 6.542346920584376 0.37843887723748276 24.03412321886831 0.8849973076894875 0.0
326446 35.34452526163836 -5.122134530473241 4.363310654671331 0.42350407716805744 4.988630746549985 0.41620340208667517 31.23842843098528 1.1780527855438385 0.0
326578 35.400142593319664 -5.121779691648716 9.985401938608156 0.407782700775649 13.20227230371012 0.39758431661224625 28.994383305069373 1.48815400889832 0.0
326612 35.13061983753271 -5.120605122105423 1.9817576490307836 0.3574065900049258 2.8679319304885684 0.3528917522489615 41.15771899069121 2.394825756764821 0.0
326629 35.860500213938074 -5.120459534016058 2.7637146317575754 0.39411633399298185 3.1630394026747872 0.382211362591637 23.979205773346933 1.056021451108868 0.0
326631 36.146628762655205 -5.121366938040725 4.918375604910753 0.3871750886832779 7.038872380932747 0.371983384880318 34.318015300172796 1.1554409242782195 0.0
326760 36.371886883351216 -5.119266571841381 2.6814179590212492 0.37056135805547114 3.053504049123066 0.3528322637049929 45.34701733174421 2.1025162648801 0.0
326790 36.370764751956536 -5.1194252289041176 2.2490448892361723 0.37397848367407205 3.6290231130345383 0.35430892407334447 45.29315613741314 2.1025162648801 0.0
326925 35.62100950571892 -5.11841476828859 4.071763286370296 0.3829642446043543 5.584194226715372 0.3700151889064841 22.73597336216314 1.7042368304067532 0.0
326967 35.66021895158487 -5.117805228366011 1.6275677941329056 0.41355337225021915 2.9566439914630216 0.4014536043772671 22.268044286655496 1.6514062387215211 0.0
327016 35.30121249706378 -5.117389326840154 2.2452051155243127 0.394905618467018 3.089486422433997 0.38877461577566264 32.90963338508695 0.9325262738448057 0.0
327667 35.258671099151066 -5.11257504772512 1.9879227801991128 0.39176617316432705 2.7995920252850324 0.3867006204393432 34.657599805869296 0.9325262738448057 0.0
327724 35.6081279009388 -5.112233829391023 2.3895534228515807 0.36830330544571677 3.067625948013511 0.35310751333025964 22.571052325688107 1.704236830406753 0.0
327736 36.049907677126285 -5.111903698957584 2.9915542817571055 0.398585202100319 4.0376897954555355 0.38404731166455236 29.738308731967585 1.172069347103585 0.0
327762 35.69713025631915 -5.111968973898184 1.9482909780995155 0.3979751828701938 2.974235472197286 0.3834776121641466 21.731760136819013 1.6514062387215211 0.0
327820 35.461030862374365 -5.11200872578439 4.1015454063291985 0.41268146837862363 6.404656357455013 0.4003365366023261 26.33020968415804 1.3634842633324693 0.0
327842 35.588254432247865 -5.11349906365291 16.788434657515467 0.387826026482757 21.49388870009601 0.3734207054561257 22.99213446990183 4.211450924211333 0.0
328393 35.945224717570106 -5.106842008902424 2.8190079441510423 0.3803216635316082 3.0376588242081177 0.36731336842122475 25.615034035929586 1.1974472428943945 0.0
328847 35.18788562059221 -5.104052927493981 2.2992847142807715 0.3407948048673943 3.228803343419445 0.33539093168735534 37.754502696677875 0.5867487293986428 0.0
329081 35.92062205558201 -5.102143265419537 3.7206608500693803 0.38091474887936316 4.645499996150942 0.3680527668207411 24.595556513331072 1.1974472428943943 0.0
329082 35.71143282268972 -5.102122732495904 1.7205072068128031 0.40825482022936466 2.075848137410216 0.3969538485512136 21.127537567734098 4.3124903286090355 0.0
329368 35.68964479026736 -5.101247643180103 7.662949843690174 0.403658097029733 8.695561106563726 0.3922522460695486 21.10995659994571 1.6514062387215211 0.0
329487 35.329312630643734 -5.09917609456506 2.0888743788762962 0.424456691448825 3.717528437505571 0.41755890289264364 30.932219073860455 0.9325262738448057 0.0
329498 35.97305475447688 -5.099112521180062 3.4718103620302805 0.40615091968829814 3.9611110031749273 0.39496424222680265 26.192402432157444 1.097357164290151 0.0
329711 35.34861647673137 -5.097077879713904 2.374999265098305 0.4378877126844732 4.236032981012248 0.4311411043997489 30.005920992260656 6.292779829459807 0.0
329964 36.39734511519848 -5.094599229233788 1.6072181629716706 0.37242228025223556 2.4677524031238067 0.3564635696678803 45.99743037390879 0.9669112830573605 0.0
329974 35.451810465763245 -5.095144032437847 1.9269787007413286 0.4073043236848571 3.211195286929895 0.39577032120633104 25.827556330262677 1.363484263332469 0.0
329989 36.18892494780833 -5.095408889656511 5.417540385938204 0.4506486280815371 6.4628326541302545 0.43774175432944895 35.34334605421377 0.5764168648315471 0.0
330146 35.59423874166586 -5.094227726784611 3.0009557738923895 0.3897109425045209 3.9163778282111936 0.37688889677825205 21.78212399660748 3.2196402509363797 0.0
330454 35.35094736781336 -5.092032380711446 2.5519990477119054 0.40723440407489847 2.9144581417365343 0.400028936627994 29.695811014980016 6.292779829459808 0.0
330801 35.893175858014715 -5.089284151886805 2.3739073832626447 0.4440899977550924 3.760280809712701 0.4315796252145768 23.11521020920322 1.6417325946883434 0.0
331127 36.39812314447802 -5.085899510806162 1.460960733820655 0.38873870105147845 2.184145558304707 0.3724562451348455 45.80717877984187 0.9669112830573605 0.0
331168 36.33171241641141 -5.085793020177778 2.4359749305786607 0.3911910976646645 3.0550728522732986 0.3765741508116413 42.27515986001392 1.033900094981708 0.0
331208 35.37980117399636 -5.086379511804196 3.051374801269129 0.41879833542164074 5.058214201750044 0.4103352439917894 28.23066761348385 2.1774681770968 0.0
331245 35.69859016529143 -5.086942546055133 1.9492193124830266 0.42079673776142273 3.574543578138055 0.40898491850497115 20.228055336189797 4.3124903286090355 0.0
331625 35.78285018328618 -5.083481691520774 2.129908397785508 0.401669095203504 3.8687674704800337 0.38992880403369 20.47734047841249 1.9374169301747908 0.0
331708 36.12502195932163 -5.082326391005066 3.4321948870496395 0.41337810933832264 3.7511701299951463 0.40089490933662025 31.829340168387017 1.5067287960980216 0.0
331726 35.26325475003965 -5.082390764204456 2.8192207768489057 0.40573200762182143 3.0189613722462 0.4011123740372116 33.33099043215268 0.9325262738448057 0.0
332064 35.75192095487135 -5.079647367446339 2.1399144445510614 0.422376287032402 3.9033960650217954 0.4108459798471439 19.93696708690706 2.6104766610286503 0.0
332294 35.10865586820759 -5.077959726693755 1.839711216839997 0.333337410981062 3.223860453193342 0.3287186837035754 40.98127036168635 1.0701669335726496 0.0
332326 35.15232353545368 -5.077776758751142 1.790293954442683 0.348027919217588 2.8327567043725064 0.3436393498237169 38.70617721387109 0.6965026355717625 0.0
332378 35.15662404702699 -5.077393338861399 3.0139270851472046 0.3474138434721627 3.362834163956853 0.3430224554645125 38.473231933014056 0.5867487293986429 0.0
332389 35.51491808970356 -5.077456420857503 2.0062063908040715 0.41810649749364226 3.330260594720362 0.40457013184226104 22.847739565912704 1.7161651428944467 0.0
332664 35.343179189786994 -5.075741339537825 3.6116717965768528 0.4224079288938976 4.58344202593798 0.41547588297844656 29.374131440737333 2.9026871003768586 0.0
332884 35.215392687437884 -5.073407954717419 1.8478428219453613 0.3682498594657714 2.39286258821925 0.36394503681594 35.36617197070216 0.5867487293986426 0.0
333166 35.73223378897044 -5.071195283326667 3.8599747690013704 0.41605872582932535 4.853740749363618 0.40286584951882926 19.31749621385657 2.232854598650942 0.0
333171 36.50081337958569 -5.070189619350799 2.5724122745209197 0.40835852146520285 3.948451730513359 0.3949936457749283 51.029068767536785 0.7906425704410268 0.0
333538 35.83124958187854 -5.069639217150453 7.522121950522933 0.3966998207530043 12.428095206979041 0.3835304704060011 20.50235729509655 1.9760700063432544 0.0
333576 35.50133024310917 -5.069025419687582 7.9011372772767245 0.4064814438736368 8.782923624795362 0.39334548159189053 22.84741757907315 1.716165142894447 0.0
333953 35.70232598148174 -5.064770803642109 1.9866173473828592 0.420965875226861 3.6408976157708723 0.4089184681437826 18.89181901739543 1.594533798129058 0.0
334083 35.94468606796937 -5.064301319813952 7.169001637026093 0.403995474826858 8.790957340857013 0.3922330181934176 23.50436036153356 2.8252186199142266 0.0
334410 35.111233808459644 -5.061283605812858 1.6829402097140949 0.35080138099679287 2.8533652488312993 0.3461099293139922 40.37405829509446 1.0701669335726496 0.0
334445 35.44225072352719 -5.060982611595261 2.4137053296827196 0.4070649612207813 2.496244653058918 0.3970781114633364 24.583564652003957 2.7803065002405063 0.0
334820 35.525034419218386 -5.058247765447975 2.6051530102494636 0.3805771749292545 3.090396431399165 0.36672317944553556 21.54817393389712 1.242215929959552 0.0
335068 35.452613218406086 -5.056710584743657 2.0922712115719193 0.3999227015072908 3.7936343603228995 0.3877398834607252 23.987634400256056 3.1705044763006875 0.0
335377 35.44445575967284 -5.055262805264561 7.137210443439072 0.4244956121272711 8.722455269514269 0.41400439792924515 24.237618483166553 2.7803065002405067 0.0
335423 36.34882398441607 -5.0536152448503096 4.016420799236149 0.3732208839874327 4.659291024548384 0.35659880020475027 42.31159921136139 1.0339000949817079 0.0
335589 36.058619908664525 -5.052274526760312 3.5093824423606095 0.3988532070804226 5.653312363629556 0.38402958481515 27.627266913994294 0.7497510500420147 0.0
335661 36.45904772904802 -5.050943208383981 1.3954189081968216 0.3840868961359041 2.561630298232951 0.36815854776572077 48.28205438856193 1.056058257899693 0.0
335768 35.349191292521226 -5.050842406460269 3.258118809823299 0.4117775857896248 4.0041320867927395 0.40532385906134644 28.125782307470747 1.7625874089952822 0.0
335892 35.297768611240826 -5.04989096700689 2.4598245877209233 0.4003602813948629 2.8515532425160184 0.3953018074831896 30.51335298613874 1.7625874089952822 0.0
335955 35.143876812080634 -5.0494684784810815 1.757919349522134 0.42023165419393366 2.699430169259668 0.4164096781524489 38.31731611598909 3.4328976386839107 0.0
336100 36.50529540099694 -5.04757426580058 2.1145230579921996 0.4264290933358621 3.003910126009422 0.4156338407175634 50.785357750598685 0.7906425704410269 0.0
336277 36.35870156221349 -5.04688393371805 3.8163382644248243 0.4005825983667827 5.227720637924297 0.38535293786461766 42.675333459194164 3.337853363678452 0.0
336314 36.11968282393018 -5.046466523871988 2.0019688910528917 0.39553971889667194 3.4823507006412 0.38228779524100853 30.26929190610998 1.026819844200555 0.0
336590 35.42806085916163 -5.044743443989914 1.7943605029043532 0.4107292439404682 3.2686824005353823 0.40149816553272605 24.429938344694836 2.7803065002405067 0.0
336879 35.8022948624336 -5.042452709211796 2.6957001638828095 0.3780372049936784 3.7176064356429417 0.3660200635325882 18.394169692187596 1.4620472201559933 0.0
337013 36.35528101564037 -5.0408073407774845 2.097371295210645 0.3980554538518808 3.7755334513761976 0.3841646772207259 42.33820648005037 1.6657096767576642 0.0
337112 36.1162814045518 -5.040490487789641 3.8344359042642333 0.40376284441163424 4.728195978832093 0.39086909137851245 29.894631978776697 1.0268198442005545 0.0
337241 36.1694728135158 -5.039381657234754 2.792236266823306 0.4090805129080297 2.8879922778850617 0.3963426359925708 32.49539105652231 0.59247444133369 0.0
338095 35.1933618377693 -5.032837865227022 2.8584322546294776 0.3946828104886855 3.099644874060647 0.3906926240459936 35.240542152639584 1.1259852250933517 0.0
338111 35.384430585776386 -5.033829086408136 3.835049253253557 0.3702461170385683 6.509783480976115 0.3602988679258133 25.861556859300443 3.0998683267569267 0.0
338170 35.18181240357413 -5.032694125158309 6.187069364624672 0.3751079803609885 7.3329060204390615 0.3711510977899329 35.84311888206343 1.1259852250933515 0.0
338209 35.40864423996215 -5.032062558413069 3.051192928398636 0.3925071375885027 4.000556328027564 0.3819940820661044 24.71783130025694 2.8978610050011353 0.0
338325 36.44796587866533 -5.031413102765957 11.015864799421662 0.39372601822868547 20.255941308860955 0.3791832667810907 47.23747246281575 1.056058257899693 0.0
338675 36.148020184647685 -5.028586315519162 4.865625013378065 0.39364751720398605 6.20249660424384 0.3791635416323011 31.065743284214108 0.59247444133369 0.0
338782 35.11802206587451 -5.029026144546771 7.512531586864926 0.39831541223904865 9.1646540602649 0.39449514835222615 39.14956698792989 3.4328976386839107 0.0
339567 36.47989137790408 -5.0205794654499 1.3297144007436152 0.3704065487024831 2.3457743667795796 0.35520618812444843 48.80497718204617 1.056058257899693 0.0
340103 35.1155026288058 -5.017879536408916 2.0294119877659673 0.3839927394035028 3.509661283399522 0.38007623955332626 39.00572759353168 2.1280008542658764 0.0
340288 35.932283553121366 -5.015775688777717 2.0037535934157162 0.37255748893579865 2.7708631103994574 0.357230704831241 20.75762536681505 2.9022585441842557 0.0
340503 35.48737693122645 -5.01544474973438 2.621272536288126 0.38804337307313547 3.6655719167385827 0.37560406394231693 20.755386346592296 2.9196833216901936 1.0
340564 36.48338100175331 -5.012963459952645 1.8249938799846894 0.37970603234447065 2.723609131406934 0.36233206848662475 48.852520505928155 2.7350979053043836 0.0
340658 35.9436439377684 -5.013497616407491 5.215388828517145 0.3878242354570276 6.869730150937126 0.3726749161820715 21.096212627344126 1.6891351510178747 0.0
340762 35.126026690666755 -5.01229830479704 2.383244598302433 0.3919802627015766 3.194276689772688 0.38806863594055213 38.29464585133892 2.39288667256247 0.0
340938 35.4618352129914 -5.010867750486427 2.279071041147888 0.370869635318955 4.090263302669258 0.3572800729557326 21.565962841567977 6.887231376791284 1.0
341361 35.14906883808057 -5.007055104640744 1.290272354207024 0.2062153024698293 1.9008595464379088 0.20361409156240703 36.91072585574964 2.39288667256247 0.0
341402 35.4477048812993 -5.007204900080514 3.6144575364276217 0.3685757047993041 4.873321781169777 0.3575489869589792 22.000894433967854 4.5803294628012186 1.0
342123 35.48767342230274 -5.001177206143461 3.9084796649927647 0.402499317274111 4.538636101826049 0.3903443582186947 20.09435327265023 5.826242649529659 1.0
342192 35.47405001637657 -5.0014320642607775 2.204837626152632 0.40993263077782505 2.8349113683845477 0.3976418068568277 20.653269364510262 12.869072271070188 1.0
342335 35.22859808045322 -4.999355135062396 2.058126629084491 0.421797747270052 3.6064222548779714 0.41740090831851506 32.43619953925433 1.194156261435857 0.0
342418 35.8968903204375 -4.999580681356942 4.4507911830718445 0.401617605545314 5.343995509399997 0.3890026060808602 18.68364015540548 1.6237322470437858 0.0
342458 35.340235031140104 -4.998777560313501 3.0890261689622394 0.41966215616557623 4.551346022628767 0.41394265324080703 26.67329003132624 1.4118766144416433 0.0
342791 35.389660843620895 -4.998437845201857 168.7293831839802 0.4809303507330821 199.81498370351383 0.4727503296436223 24.268313540918058 2.4495621088025525 0.0
342941 35.35048392620764 -4.994781589825151 1.8778001844726417 0.40954300561420093 3.2070633194873652 0.40321813957116137 26.03178501948038 1.4118766144416428 0.0
343122 35.19537514477556 -4.993474074877814 1.8359511909285655 0.4199504376212497 3.2447400112510514 0.41569618397494235 34.05801291655055 2.1500706261214737 0.0
343186 36.42697754709516 -4.992254866418775 2.210993180217908 0.3599165455566793 2.6870397000963115 0.34628309070420693 45.26071582991348 1.2601112561317231 0.0
343223 35.67622262984902 -4.9937710921486165 3.308867188248806 0.4074704512166857 4.607642352392058 0.39388191907669035 14.765002229329967 0.9545524841500387 0.0
343372 36.49293263475011 -4.990578137087216 1.892534465433352 0.35069266303217106 2.6781949691635583 0.3358006475229984 48.981537583254116 2.7350979053043836 0.0
343729 35.1845609665313 -4.988648396253131 1.8316563206465921 0.40567806123585765 2.8681222754117623 0.4019434639897151 34.5221437932853 2.1500706261214737 0.0
343735 35.42622377701845 -4.98897446623533 2.213522953572058 0.3930060550075462 2.8662215888057045 0.38319938811168136 22.212754800167154 2.5046218547077186 0.0
343863 35.60166330637603 -4.987652040655675 1.6154761490023328 0.40154958371088856 2.9430658694334673 0.38603039819188445 15.661122426180977 2.483092375143209 0.0
343919 36.001946193884315 -4.987144793062196 1.8506486737125423 0.387369328120094 2.3370820407079225 0.36809485082166016 22.518486747402157 0.49399301229025333 0.0
344030 35.76655597163519 -4.986319215158202 1.6445966200627604 0.3929645341904398 3.077886800972812 0.37816292774699284 14.576704487819395 2.283128168104218 0.0
344055 35.572222632166834 -4.986281613967421 2.3313514337556462 0.43236455439819604 3.975745737516396 0.4186917913051293 16.396021792046945 1.5320299596615992 0.0
344081 35.345176910911164 -4.986060643272758 1.937493899456732 0.3806581699400759 3.396293338963231 0.3739676409192729 26.005819370066433 1.411876614441643 0.0
344116 36.21463704146019 -4.985450315684634 2.832636714321746 0.39540338773489797 3.415572876198253 0.3815244356663518 33.31277347912006 0.6704863635211921 0.0
344187 35.80211257783634 -4.985279721837287 1.504813552003676 0.3767841584384887 2.694427698402068 0.36198294624530275 15.15284176004785 1.4566549652375358 0.0
344415 35.24603458279798 -4.983399133035401 3.155567328454723 0.43208737835665967 4.644938262221826 0.42769730706415093 31.07220368204109 1.8595460002004431 0.0
344736 35.37329773274286 -4.981061629323227 1.722785654881815 0.38634498167333875 3.083491063834802 0.3774677958228413 24.44159941781308 2.4495621088025525 0.0
344801 36.00058322036019 -4.9804152262473 2.307303327987606 0.39045385522176407 3.9459128773288143 0.37541548709968686 22.20180771757915 0.4939930122902533 0.0
344825 35.476856474566524 -4.982137446885702 21.984025496007277 0.413876164732944 40.187559548057436 0.39983206269896826 19.704542496083597 3.0049501277326947 1.0
344900 36.32751640044782 -4.979599318494066 3.601687114118113 0.400107271371808 5.038362893045205 0.38951183170073317 39.404031647898776 1.1172255903133257 0.0
345123 35.726239593419635 -4.9784752500700025 2.3264434447031728 0.395063761587657 3.595187392120594 0.3829171950867005 13.742851368509662 1.4568451569943415 0.0
345150 35.65094277106387 -4.977831611782586 1.387755384003211 0.38789728186469563 2.460334476371008 0.37398169347625376 14.118488382896082 0.9545524841500387 0.0
345250 36.453822815087406 -4.9770414691553935 5.80057404412329 0.38855603516201553 7.071593382303749 0.37512073333570095 46.508416758529776 1.2601112561317231 0.0
345424 36.49116317507607 -4.9757352695833 7.250740922364687 0.40359424237563873 9.859733494524693 0.3898617182685489 48.62541349851658 14.457277158612152 0.0
345588 36.49108662941895 -4.974925728781415 2.2097271056117043 0.40363702326621 3.7665405516086987 0.39006214677620804 48.60753738995909 14.457277158612152 0.0
345622 36.29297553024999 -4.974956466676517 16.952728479090116 0.42349752451702205 25.00692296552105 0.4088310954959228 37.37492022557097 2.0449353335503515 0.0
345690 35.75184424413738 -4.973464363537934 2.63661809426875 0.38769168805235066 4.130503895425476 0.37271851041847204 13.639239752226967 2.2831281681042186 0.0
345814 35.45857557934365 -4.972222592113252 1.6996696590859897 0.3678312942808213 2.893688904539003 0.3556255271069099 20.092664209030403 3.0049501277326947 0.0
345824 35.827706932774475 -4.9731367165153735 7.232598481942244 0.4004705289400335 13.07101534373219 0.3840616496928743 15.124926332568235 1.7545987160846186 0.0
345980 35.296889347177746 -4.971206512040884 2.5951845075696314 0.3720925382982571 4.072197110721126 0.3667743616943557 28.037869619462914 2.627798063311717 0.0
346076 35.885458933529534 -4.970037128176109 2.16868765353826 0.41146009639656406 3.6962210407864404 0.3980971060195056 16.862152529799285 2.0656075533596883 0.0
346224 35.2977807738115 -4.971220479988753 44.5116298647165 0.4023813240110293 74.3031805075011 0.3961679459493687 27.99133420706548 2.6302741568578605 0.0
346496 35.59029108108782 -4.967991572958931 10.32160347077273 0.38471355349248004 13.102423637372121 0.36959790347592736 14.909452853266433 2.483092375143209 0.0
346576 35.46981188620226 -4.966261118466038 1.7277483439267305 0.3845058282771972 2.422579786469951 0.3708390223616737 19.3536382635616 3.0049501277326947 0.0
346641 36.46206251489314 -4.965437208536222 4.318348826372188 0.3761484321498522 5.991053967635203 0.35968431258985456 46.78286572671456 2.058468254248196 0.0
346684 35.24410153248535 -4.965454904063703 2.438998992955421 0.4055610137906476 3.2849521489606954 0.4013144140766346 30.707187618938008 1.8595460002004431 0.0
346719 35.78447751788134 -4.965791202815652 6.191920259408939 0.37360959336951255 7.266149376127868 0.3596382688251729 13.69169994579972 1.4566549652375358 0.0
346796 35.8236334719193 -4.964532291891662 1.971378334673709 0.3822210485672412 3.1050116431844086 0.36911741837396866 14.554678791130872 1.7545987160846188 0.0
346850 36.51078046099377 -4.96342191566911 5.337999625901886 0.3871308875011408 5.820433272355655 0.3736556483697902 49.55727414657322 3.613594194181082 0.0
346899 35.10544670763716 -4.964084181675311 2.0061845660596123 0.3729464202901952 3.4838280608747745 0.3684748960553424 38.357606709913775 1.8359868284286098 0.0
346913 36.50271714685437 -4.964544552966647 4.873613606550329 0.3875913486185678 9.12726882553165 0.3739264317498829 49.10931649792048 5.138529419053679 0.0
347150 35.30968879723771 -4.961846799375237 1.4631029660162322 0.37091567613159027 2.6989919247074283 0.36507868955491934 27.098463115250524 2.63027415685786 0.0
347654 35.312890096691824 -4.9581355346194025 1.7175349160450506 0.3686305847009615 3.0456028470161685 0.36332803195170016 26.82525812195064 2.63027415685786 0.0
347692 35.10433549218592 -4.9579357786103015 4.314750598249848 0.37142917387639646 4.788355380452173 0.3674981052138804 38.29861027581749 2.9667472868464424 0.0
347717 35.5673378404383 -4.957822696854985 3.410047624436457 0.40077126802002844 4.631471013577625 0.3858763357552597 15.107259297245166 6.216137093799188 0.0
348152 35.84914778011405 -4.955243856930229 3.0765638715259795 0.3666797495714368 5.257945238461789 0.35112676582617347 14.861186048531813 1.8356414431272983 0.0
348310 35.17727775153108 -4.953270109779449 6.946150000142053 0.3997404989904951 7.873172136359689 0.39607230384137204 34.104151091561704 2.087170330844978 0.0
348416 36.26263280572385 -4.9526406568080485 3.0510599540062358 0.3827761408244378 4.804159994766673 0.3685289790613374 35.20531003292701 2.5912509368817687 0.0
348689 35.44239979637922 -4.950087750079177 2.0387119441913746 0.3658105828036787 2.172694013590738 0.35474768431574877 20.00197047688988 1.8679241507611533 0.0
348903 35.62470964571269 -4.949119757015433 4.440661969235768 0.3827328899013895 6.177850850410231 0.368591663042575 12.989844038786439 1.9291492287312755 0.0
348913 36.05619000173413 -4.948255009477197 1.4418638982438894 0.3945883202088038 2.628916630013042 0.37456969076874413 23.871861513595807 0.4939930122902533 0.0
349885 35.44199694638058 -4.941170521443593 2.0765939082667644 0.3714541737888296 2.8072491954391174 0.3604325237659311 19.705158294508685 1.867924150761153 0.0
349959 35.23577731833793 -4.940549428406996 3.331774882053211 0.38189110011193533 3.5470636464132346 0.37750580955496243 30.570078754723934 4.327974352276914 0.0
350121 35.35269248552284 -4.940050581871293 2.05269751670335 0.38098382678038667 3.816058410423089 0.37386958611800697 24.21481507295782 3.3970216549181096 0.0
350414 36.23613054128577 -4.937696046170841 2.7499364035267138 0.4132309670758367 4.996632876589064 0.40173140482709735 33.41031224713611 1.1905157916069813 0.0
350540 35.74613969520039 -4.936769977393066 4.306825821735433 0.37436182476863505 4.744041019571983 0.359737907531944 11.412591475476217 0.7523042955971173 0.0
350788 35.4172433280119 -4.935342519681998 3.002828834239638 0.3707107582597551 3.668157734563103 0.3614477151071376 20.736700909164437 2.4075495473989617 0.0
350842 35.235832730414266 -4.934307887678616 3.726970816503892 0.39113479268925655 5.023398116998497 0.3866994233014615 30.429039917645216 10.695762926199016 0.0
350881 35.368461005685134 -4.933858612340966 3.289200422952811 0.36625009930510327 3.962190269019065 0.3584953336632337 23.208578509475664 31.519903290205036 0.0
351040 35.46708092736276 -4.933711193278057 2.537658533026753 0.38074262574072154 3.7404144907405765 0.36823316629076386 18.232401882227705 1.9436439744393244 0.0
351084 35.944892331661485 -4.93242838909081 2.0058700871468367 0.40568768909672426 3.668494590745514 0.3901223720204116 17.805094747572966 1.5255963137011355 0.0
351179 36.54385733261216 -4.930971965884152 2.01154755959467 0.37635801029613547 3.6473846296893377 0.3626971126617737 51.0217840686243 1.2444238362685027 0.0
351211 35.437145111222534 -4.931779361820826 2.9370548559542797 0.3582159448444938 3.6227482687837256 0.34756292318729753 19.623143621536702 1.867924150761153 0.0
351223 35.18606135893422 -4.931684540808268 2.365763898865993 0.4223647218207013 4.123903337583306 0.4178767798352527 33.16680542478357 4.963812170923564 0.0
351451 35.226191184216646 -4.930042621268015 1.8463746704647224 0.41513955834531147 3.441130296572557 0.41098007770740264 30.876385388384655 2.8739741803060435 0.0
351481 35.36335653666456 -4.930414500044543 4.1937089079041865 0.40424497555813005 5.816830347769317 0.39785704303920844 23.381183853501422 13.244712874747558 0.0
351523 35.37933714034585 -4.929549824207512 2.5286056842776383 0.38809096606813137 3.2774274006738353 0.38071328266395543 22.513810236973022 3.5282591992160577 0.0
351656 35.2647221264528 -4.929331109796052 4.332122542314111 0.4135500420630552 6.281167441016523 0.40923233007011145 28.713656568466092 1.6442268280494021 0.0
351862 35.91716261204584 -4.926649574369597 4.43003608131007 0.4087762019904998 4.886457146358151 0.39516462469069713 16.30146882449937 3.3777564833501357 0.0
351878 35.65049397333352 -4.926532254908453 3.6167314722076944 0.40363792176400687 3.774283178990032 0.39036154175167387 11.173445393034822 0.995863595759202 0.0
352068 36.35145342322541 -4.925783339395214 3.282581539692297 0.41886811888994624 4.6056684562001555 0.40855534859799736 39.773950152870675 0.7230524297206089 0.0
352476 35.218766591152075 -4.921577823323199 2.0500767056176716 0.41405018324441867 2.3762804788943366 0.41008367927907485 31.121100514794865 2.8739741803060435 0.0
352798 35.15938639398984 -4.9191976814989 2.306436692248769 0.48043345723359115 4.0655184626540555 0.47703356927063695 34.44906623132028 3.130298732714539 0.0
352828 35.94148734851299 -4.920356552140212 14.87298098733654 0.41391657283865574 17.228950548666983 0.3998106247221325 17.20514925739644 3.005420267351522 0.0
352911 35.076493335181155 -4.918324638240529 3.367376289255167 0.4062651911230159 4.949299518146231 0.40183833686619397 39.19857444316477 3.021150594066387 0.0
352929 35.34564641673882 -4.9182283379973 2.810752020881037 0.3867844031796499 4.525783905790465 0.3806951874644356 24.008356660102514 3.3784295102352258 0.0
353258 35.11825754970538 -4.915377730328504 2.381726572215891 0.4422167758442948 2.9022305754126214 0.43887514001459316 36.743493280710375 3.336228803054069 0.0
353746 36.259336932843766 -4.911580951755983 2.731815935188776 0.3927258429311395 3.438627541699522 0.380345715290502 34.244135961087764 3.922662997404905 0.0
353767 36.25134378088704 -4.911510534393673 3.5503878496744483 0.4104278820042439 4.036789455680951 0.3995905539444602 33.78486255529075 4.105570892804197 0.0
354052 35.89458406480059 -4.90948189828106 3.7656976744524364 0.40339502644438396 5.736755268261374 0.3861294014947029 14.606544407983684 1.7851272715897761 0.0
354127 35.13540192611246 -4.9088755841588645 2.8536452870080926 0.3949026046604759 3.5609300944972255 0.3909597607599235 35.651512961112985 4.517790015449021 0.0
354238 36.36861561680097 -4.907688938234222 2.1612366673624197 0.3962243809795547 3.3348633136129964 0.3837250513555457 40.49738715194332 0.7230524297206089 0.0
354389 35.191874596852514 -4.907267896209645 2.2338056002644344 0.42024263163680586 3.56308724487256 0.41615341697573677 32.3824836660376 2.1753174428147957 0.0
354536 35.12868151448834 -4.906587411030897 4.990272575111002 0.408003766615596 6.357019938953043 0.4039496184431526 36.00282320232164 2.558538525691792 0.0
354641 36.25749957146948 -4.905000454413564 4.105659619296067 0.4022027569231602 4.345743116694702 0.3912471659390662 34.028928672462996 2.44870483209107 0.0
354704 35.9342368911335 -4.904759781046239 2.776718035516373 0.41079127751766736 4.860109430806852 0.3965732692098611 16.3081554420966 0.9843697631132893 0.0
354746 35.07029499324938 -4.907007254445057 10.818009954033164 0.3676282757336295 14.319740659403921 0.3629757787343798 39.389168988221876 2.6318403088208138 0.0
354809 35.638116940457344 -4.904097099634701 2.4553905455558236 0.3779704354692561 2.8062051991187262 0.36341889471692296 10.195851885954678 0.9958635957592021 0.0
354855 35.608855569580115 -4.9047140348863865 3.683734892680076 0.4200753047651171 5.992374963243919 0.40505411627033555 11.078764584257858 1.6915608942026772 0.0
355110 35.50256656822123 -4.90229115701052 2.325514465706956 0.39358297580356283 3.1584581401764944 0.3818806578561877 15.404540509560645 1.2132554127710717 0.0
355226 35.083410877213986 -4.900971385174911 1.8447951851610838 0.3814469429676538 3.1549505261830473 0.3771729315538201 38.54166464664594 2.6318403088208138 0.0
355407 36.513522706753655 -4.900212634005492 6.461389485996333 0.384845656562947 6.682308546362896 0.3736550774271082 48.8786088953926 1.0219131272188906 0.0
355595 35.63963421366514 -4.898222393401627 2.345183671322479 0.37822583696894824 2.492106331576862 0.36266349150480315 9.838207413830787 0.9958635957592019 0.0
356536 35.85512805576075 -4.891079844752543 2.5789724059376993 0.40774288583595286 3.8975183942851266 0.39357632661049835 12.121919495434282 0.8344554616436773 0.0
356660 35.54691557365112 -4.889832442888528 4.711320662813686 0.4124200575019003 5.739443119068428 0.39783320157785634 12.863229732997432 1.4775274182786826 0.0
357652 36.13813719954436 -4.88177343157692 1.9239290380314056 0.41536852011421826 3.5482485366535514 0.40268530270875963 26.790765788215552 0.7100807175274562 0.0
357839 35.29970235462336 -4.881773827699858 6.120376076533679 0.40658785671002867 10.632000695896778 0.4014570576596183 25.773605983012274 2.1956047020718823 0.0
358417 36.29007744721132 -4.876366002946742 3.8957944236479167 0.4002983242232639 7.114026855396694 0.38814919411123905 35.5009929695816 0.8515778064556966 0.0
358468 35.34113751609135 -4.876136999124918 5.114161519777047 0.3688873859335903 6.332541692335348 0.36262397674595337 23.316168823744206 4.559371427578535 1.0
359085 36.50518136807885 -4.870205157769025 2.1506821748982374 0.36413966150580906 2.330245002090347 0.35046018103612453 48.086783644856524 1.0219131272188906 0.0
359862 35.416156471488094 -4.865019864270178 1.6261412662155392 0.3558501562405408 3.018303775199017 0.34679936102007614 18.87542112574581 1.0171507275656275 0.0
360236 36.05621005249654 -4.861785581133888 2.6437789126395677 0.3754591698959318 3.915046058361542 0.36195663683816365 21.75908508959453 0.47621047800407007 0.0
360398 35.38129314486002 -4.860793230643488 3.27403821124315 0.3673491990955261 3.6851513830567413 0.3600041878318508 20.746907787283345 1.0171507275656275 0.0
360671 35.611116890287434 -4.859387412648433 5.214529743955715 0.3671737096986878 6.4756272954599865 0.34955600121156544 8.833433503689072 1.3067968567809793 0.0
360698 35.311116095106605 -4.859009662283731 2.2073161620054442 0.3857328324103118 2.9005381907979833 0.38040971612340946 24.729556054508617 7.267636977505839 1.0
361070 35.29008208949754 -4.856836742240144 2.6506383837792957 0.39234804142597274 3.5737731738674023 0.38768538606084807 25.91198917392891 2.485655695996151 0.0
361313 36.4493758962652 -4.853653558174522 4.121935979605988 0.3580211864609076 4.618937808743755 0.3468617963649845 44.64217109989404 0.8074154866487515 0.0
361359 35.328612866588195 -4.853627024344611 3.5207886339663665 0.3957549015664062 4.366862102328755 0.3906644268445026 23.635386295260876 9.509489825206998 1.0
361724 36.25265142036244 -4.850232988712296 2.054040060793937 0.41026477117283255 3.4198155328510773 0.39986362109528106 32.997553398961486 0.8515778064556966 0.0
361963 36.51808588239238 -4.848222178818132 2.434202245638418 0.3595211127183856 3.0403670263591613 0.34495236144363717 48.67326064395569 1.6245467623312846 0.0
362330 35.715984126249666 -4.846040642264029 1.626602256387532 0.40346761104072215 2.9164212636875004 0.3888450811531314 5.773535406573448 0.5744732268984504 0.0
362690 36.35496379272266 -4.842868451594617 1.8323805890650344 0.39816385499677265 2.7198572091980866 0.3882188675359553 38.962799049893235 0.8756752869985807 0.0
362921 35.33662269374088 -4.841754019664537 3.4447244360085936 0.36955454263682114 4.334139535469753 0.3640757826901299 22.992991191864963 3.132839703310291 1.0
363035 35.62498214588232 -4.840588978074852 2.680827447739207 0.37403237948075646 3.0000731149234428 0.35994096053419 7.441907491520361 1.1058161230119543 0.0
363350 35.64826528697049 -4.839073788187245 4.384578914190483 0.4047677623900722 5.811267340120482 0.3899840841775668 6.49517349802221 1.105816123011954 0.0
363387 35.53886394802088 -4.837893830567965 1.393359831040259 0.4145720844211892 2.517444491543752 0.39930828724945594 11.511295551192749 1.2027156239942078 0.0
363651 35.68603781444578 -4.836025063696155 1.9820762534648746 0.38357321149991713 2.1130001144315895 0.3684618196261728 5.356655723335132 0.5744732268984503 0.0
363693 35.614933388881006 -4.835751420498714 2.185510534917447 0.39118538689704224 3.012926876447026 0.37751061652399515 7.666833404568117 1.3067968567809793 0.0
363977 35.50258602990009 -4.833950852172712 2.1598169539222267 0.3969212785156339 4.005642046011709 0.38489649681657573 13.38525465968559 1.1784359594689306 0.0
363992 35.362774042991134 -4.833447956221864 1.6996461767660023 0.38942440722898475 3.0177592616378925 0.38373020825719 21.355963463668683 3.1328397033102915 0.0
364063 35.83507845790896 -4.832842682420919 1.7569483786125275 0.38415920828717603 3.117727918026652 0.3707340794132113 8.979651959076872 1.886302377992551 0.0
364370 35.32464582417802 -4.830752855025419 2.6392003206796253 0.42077839812846624 3.2989275365919233 0.41592147611552954 23.544416810366855 4.103183079584427 1.0
364384 35.720171741177005 -4.830680860315131 3.5906404782707537 0.41505936876202243 4.218130336516266 0.4021801934014492 4.878905441156253 0.5744732268984504 0.0
364635 35.16167928906923 -4.828974172978206 2.1826977581680578 0.419447555342637 2.6424095710779354 0.4154982878743407 33.12502477524898 1.24835508013048 0.0
364707 35.27998699576579 -4.829840957157447 3.7546193604949774 0.3958936091779596 4.344892227923385 0.39038030919015815 26.15314592682504 1.7687062803272242 0.0
364711 36.52431866492368 -4.82842228403697 11.350492187359302 0.35018684737023165 12.564038501326266 0.33646342909808463 48.915363576437294 1.6245467623312846 0.0
364741 36.5204373219029 -4.827299298138133 2.3574384495113185 0.3471133877002991 3.052465209704319 0.33400183735067523 48.67795115326383 1.6245467623312846 0.0
365135 35.31727288175801 -4.825848454968952 4.754436449246696 0.4137171849780184 5.5767130358299 0.40910378508787326 23.91833735188206 4.103183079584427 1.0
365246 35.17650363123363 -4.8243898433900245 2.378242035357303 0.41424643283640655 4.376725781773913 0.41013846215029304 32.20887355419153 5.368870586991001 0.0
365454 35.817871562086985 -4.822651294551626 2.039210874425465 0.3887517244061274 3.093558348807382 0.3731989863116778 7.784631416771252 1.391306080220081 0.0
365943 36.5253626589987 -4.8212816726850125 7.827373416593693 0.38633491232952577 10.889769345464545 0.37350763608384463 48.93844714982647 1.844708575296432 0.0
366010 35.83828282039924 -4.818737808503352 2.1907816619332117 0.3810111910820087 3.8496337078039935 0.36692626007404033 8.708661717292337 1.886302377992551 0.0
366025 35.799798013440835 -4.819161440950476 7.340300372784342 0.3920688180043982 8.610665613243734 0.3774975769298374 6.785808138580085 0.6465653638311234 0.0
366318 36.12249037499289 -4.815935718157204 4.856503006894399 0.40756758061219706 5.462281756692051 0.39564697916950187 24.978515912347568 1.2173878014041948 0.0
366441 35.33316106079802 -4.815180411853038 1.7689478441262079 0.39180791159224587 3.08726453452552 0.3865345129538777 22.868494627449014 4.103183079584427 1.0
366650 35.81490733484405 -4.8135276113464 1.6903239719935002 0.40122379551249765 3.0659308928605213 0.38661379110790656 7.339848719510794 0.6465653638311234 0.0
367115 35.85531885349547 -4.810209171937492 2.077575607373541 0.3850710578681955 3.5287784703202765 0.3704216264260818 9.409879992121096 1.8377146889855258 0.0
367271 35.446091972921344 -4.8094772325801305 2.702065806437574 0.37617051202217494 4.623917441894074 0.3668783745587715 16.177919333785052 1.402871412307668 0.0
367603 35.8056835943829 -4.806181899485358 1.9496913531585427 0.3868029997301938 2.8244138504747824 0.3728221088890057 6.640303910365255 0.6465653638311235 0.0
367881 35.1849091729442 -4.803965889681438 2.1712711875920525 0.271677524050267 2.6063374124258756 0.26845157650915236 31.562537861993757 3.862378435069875 0.0
368030 35.73706883624531 -4.8029894081886 1.4448915520342942 0.3890706999332157 2.498565074623813 0.37521123695955916 3.567613686144346 0.5744732268984504 0.0
368111 35.301481556385006 -4.80255985111623 2.6789565330313923 0.37464219802458276 3.6415212325197204 0.3692658542625493 24.628724105860826 7.867877230215461 1.0
368328 36.34921761637966 -4.800322735248774 2.5730804616339795 0.4144805341259801 4.551718424597512 0.4049900325586516 38.339011440792135 0.8431479303231825 0.0
368606 35.90577418490011 -4.798722620338487 1.8314526230316408 0.36856954213307713 3.0484488121111406 0.35274330715162794 12.065208814009905 1.322306711301481 0.0
368743 35.11315063935417 -4.797441147568883 1.5431929637039328 0.3783025015087269 2.847173927969619 0.3740846473340819 35.800077037505275 1.3646646148099124 0.0
369001 36.03903970442143 -4.795557244738116 2.4845463506012675 0.41198510937612526 3.3518051168276033 0.3992990784965196 19.86290476112625 0.588423729495127 0.0
369356 36.20126900370275 -4.793166433908456 3.712993218771959 0.4133442410368819 5.601062820344134 0.40196866834650175 29.48794368997457 1.064539317807874 0.0
369514 35.21146809198277 -4.791967617339438 2.2400832992286572 0.38394169641477127 3.540657761608138 0.37947545130300736 29.91443911137663 1.3301725968463578 0.0
369561 36.08146181150676 -4.79106413802601 1.809664621496763 0.4068954954322631 2.9089404411521462 0.39329416121177635 22.346739630994907 0.588423729495127 0.0
369657 35.28931542581645 -4.791335918363489 7.059236893438727 0.370848590421066 8.446901755400575 0.36559193019107256 25.27560375201848 2.62746095266154 1.0
369889 35.315006110866584 -4.790310459467962 5.909586616770817 0.3902293523602401 8.402098041389348 0.3845782423150963 23.741064871940033 4.2779920016169335 1.0
370184 35.635547015982496 -4.787186564385571 3.281833788953868 0.35170291043291085 3.9639540214689597 0.339486883697151 4.979558501850853 1.136776880675679 0.0
370513 35.936135675570334 -4.7838013191792745 3.608806032663069 0.3811560893904961 4.08217414991493 0.3687287813737969 13.672460823740053 0.7720763910425753 0.0
370530 35.0654417313364 -4.783908683339119 2.2300792783887498 0.37558559744823367 2.757170615658434 0.3715891121233492 38.593384846381 0.9739877100925921 0.0
370544 36.51145623799126 -4.783045791631857 1.557932862003934 0.3519249083077408 2.7735679973994447 0.33644973568246833 47.96206543799318 1.8447085752964318 0.0
370545 36.418132047639126 -4.783201522442502 1.9524118029509923 0.36399903472221734 2.871614234525217 0.3518884586165487 42.387811383679605 0.619467130901557 0.0
370719 35.419455240921096 -4.782529909171711 3.244519608958273 0.3672200617678853 3.9335433120346233 0.3595970136120182 17.48170069000149 3.111227016563909 0.0
370931 35.30311575981472 -4.780946900957336 1.9854283132037205 0.3734104148832206 2.5388798899286975 0.3676737161323761 24.399415406464986 4.190295839495532 1.0
371001 36.20167536133015 -4.782391581604932 7.536019247929261 0.4326659286685392 12.859884423410449 0.42187008187606706 29.46268033184387 1.9522310695714753 0.0
371101 36.11194677491517 -4.780236934910394 10.454441242114719 0.40355052627413684 11.584056826971818 0.3915683304064736 24.10182667343375 1.2435287432164333 0.0
371668 35.31944775136736 -4.775364066048186 1.9110789600089968 0.3918663684959665 3.1418936195696894 0.3864052588976635 23.401759369932403 4.2779920016169335 1.0
371989 35.18467672393995 -4.773558371531149 2.194726323341017 0.38773037072948113 3.270411251811648 0.38330645828207205 31.442393315627896 5.096878016434534 0.0
372086 35.877964861481594 -4.772521678770883 3.475352278628415 0.38136035530383455 3.8523029569301173 0.37043714317477944 10.133615859863436 1.9199214717163773 0.0
372412 36.08523293376613 -4.769709215748726 2.5913686766154056 0.4233587535476529 4.050960160961958 0.40900176131409166 22.467473281207806 0.588423729495127 0.0
372460 35.417413557588006 -4.770113322928971 2.544670169600001 0.3812192906398054 3.9554427394800307 0.3743725682033891 17.536211427531164 1.9293494141448593 0.0
372520 35.31734319390646 -4.769250875761978 1.6655428863267403 0.3965443882221764 2.696718375694979 0.39142725231148906 23.50656045278471 4.190295839495532 1.0
372667 35.59035638232917 -4.770788699373481 5.828684499161662 0.37467022638666353 8.811699135970795 0.36140345784052563 7.261779443750372 1.0284633096993727 0.0
373001 35.17670580198844 -4.765528389428589 2.7122377949310406 0.3986210199226776 3.9090565012766962 0.3942615038727257 31.901004387708674 6.585901578526363 0.0
373222 35.17958069315809 -4.764236235620095 4.46125414053184 0.411767063971798 4.948281030071472 0.40771702977443897 31.727026850347023 6.163173915862901 0.0
373913 35.60327315964893 -4.425216224919924 6.235806229102531 0.3837612365746025 7.680203086929086 0.3708361123957458 20.50580372937035 2.1476301101649935 0.0
374092 36.36323944702399 -4.424468957379968 1.8716995698273842 0.40042744118597606 3.4917445495115462 0.38633328328471317 43.67907710249928 1.255669243938767 0.0
374496 36.13174861388375 -4.426284609852028 1.8878223465558344 0.41062390311956004 3.170854963379377 0.3990046194126276 31.835351614132282 2.0707757851186974 0.0
374964 36.37886537709115 -4.4320461302619005 2.789017522200719 0.41576292139893944 3.658514328488182 0.4030909666931107 44.319172189953015 1.953642855077756 0.0
375303 36.15120946449015 -4.433002029736449 1.5480179818924502 0.4315256422517387 2.7182969701880846 0.4208237096974182 32.52783357037779 1.974548276110443 0.0
375559 36.13344982605592 -4.436576443998763 3.669168947723041 0.42713681329814246 5.433304481739784 0.4173644969094048 31.543894093899674 2.0707757851186974 0.0
375882 35.85808271697814 -4.435880150385335 5.447503273717246 0.4014935906253307 7.903163202922716 0.38699342194770664 20.824331463405414 2.0199748929724493 0.0
376240 35.72547706524492 -4.441937699721275 2.09005687484085 0.38348725824355334 3.8832666519782797 0.3683929381542091 18.506900728264448 0.9458967487891199 0.0
376278 35.914754577379654 -4.441610323195722 2.9934253161787088 0.407147802010466 3.4411514767043103 0.39429343982790893 22.188594233938247 1.773436123980733 0.0
376293 36.196879654944354 -4.442919607564545 2.658909538326657 0.40703070916587547 3.1384979840119485 0.3961950473092603 34.45835245080666 1.5868667845784463 0.0
376524 35.54771055363428 -4.438819111581783 3.530873645788349 0.39850571714066785 5.061125088553216 0.3840039200207164 21.04301477458803 1.467229903922091 0.0
376567 36.14055280966527 -4.443613362575278 2.5142315023917505 0.4087730064849289 3.1900216013033997 0.3984928521769442 31.638687820672192 2.0707757851186974 0.0
376839 35.85891991129195 -4.44626595084669 1.7173132613618733 0.37402206297486457 3.060824178919681 0.3585321410487203 20.283987921724755 2.0199748929724493 0.0
377652 35.617152789741404 -4.45233910644061 2.164436709007793 0.3595332953629696 3.440180505794704 0.3450684193568937 18.70298434694326 2.1476301101649935 0.0
377684 35.36208075815681 -4.453167283791333 9.015466737444651 0.3682050665773002 14.359637581500555 0.3570707027489723 27.38906911287777 0.6927128559411995 0.0
377794 35.96586781849463 -4.4505237075920085 2.4030401019644776 0.38046927302215816 3.729993405480182 0.3668812292721817 23.601677597911277 1.092954288222922 0.0
378016 36.05845872910661 -4.454582688377252 11.166995813724183 0.39770966449031225 14.17172653170776 0.3869888544062502 27.358476451876964 1.604974892205586 0.0
378310 35.89208878948312 -4.458550256942778 6.206181026293663 0.3840672869437258 10.981494049962118 0.3691628359434507 20.60067951390876 2.894287677587064 0.0
378384 36.07091161365428 -4.456607199226954 1.7130819683101728 0.3994479330721871 2.5565199007909367 0.3882186925696496 27.85300811344741 3.033272117890743 0.0
378530 36.275239004420165 -4.458296025971316 1.7332377736396043 0.3775172278319026 2.920088189106746 0.36499919959957294 38.06700815099296 0.7311540069128682 0.0
379026 35.86278983830541 -4.4611035637615135 2.0799086449299597 0.36361713319424593 3.278580981154169 0.3490872848958594 19.594875956395853 3.1847273512071457 0.0
379064 36.04408670433484 -4.462521893049846 5.498140548538577 0.3344804887982174 9.962233360833062 0.3238012096355771 26.395739076606 1.7117535866901925 0.0
379144 36.12329854976363 -4.462247718252447 1.708409502322798 0.41218580605692395 3.0664617774673 0.4004846870195657 30.150529171711792 3.4381954715941982 1.0
379267 36.18296692777195 -4.463400533355327 2.03064089584532 0.4000556404424728 3.0658039962450587 0.38462677244307075 33.10312118592437 2.2308288007496553 0.0
379341 35.92164140514689 -4.464131976742235 2.0387899054937337 0.4058924118433492 3.5327990118522767 0.3922712161005975 21.316771091551836 1.773436123980733 0.0
379540 36.4701229417651 -4.46341325714324 4.146106396030528 0.38369887730227453 4.697243978900159 0.3645291848497028 48.60335187656864 0.9721396720078906 0.0
379708 36.20047881834394 -4.467442957258889 6.524007320761565 0.40326967798887664 9.890931828597676 0.3897086227509825 33.880309991586884 2.2308288007496557 0.0
379732 36.07798523367487 -4.4665246356129655 3.0161907347502472 0.402198267406725 4.130535205185459 0.39041358041451707 27.81419369726447 3.814441727112004 1.0
379814 35.91005688567018 -4.466163923810652 1.4734645627326575 0.38571897289843765 2.6561605414001046 0.370816129401874 20.812932635005644 1.773436123980733 0.0
379917 35.38102749008771 -4.4679174048072365 2.213539160977226 0.37179259986443686 3.1195189283852387 0.35996349435262515 25.952652764300325 0.6927128559411995 0.0
380665 35.532013519600866 -4.474194525363254 8.096605398079186 0.3961874400817172 9.807875323239067 0.383123075176098 19.67624578223274 1.7361466957089073 0.0
380759 35.76663550882183 -4.474655446901336 2.89052455602001 0.38687751234210593 3.5966246021913664 0.37274324512885904 16.86431862524923 0.7976929226529633 0.0
381043 36.14332421421608 -4.475652401633275 3.8821442891704003 0.39932892488291366 4.725377639995931 0.3874812740520144 30.701107638833854 6.330722120156814 1.0
381189 35.72196703964711 -4.498417997745726 2.486503661829131 0.3650489683584827 2.829846462182039 0.3518791117323184 15.111876729236258 0.7976929226529632 0.0
381896 36.078314593805175 -4.483049440732552 3.7080428694559786 0.3920205653564107 4.459141081665565 0.3785198958458165 27.234924901854797 7.709018179056093 1.0
381995 36.07598362412735 -4.482803972649399 3.4367482194002767 0.397038566694126 4.097072991290612 0.3863437075930371 27.131004175529725 7.413435730412289 1.0
382122 35.86427306083388 -4.483624017317673 2.7215299791689698 0.3780102210594652 4.398495642065506 0.36456849701598804 18.454472607399033 3.1499898033029776 0.0
382407 35.41566750745395 -4.487083213252842 1.9855338455123712 0.4057836618768462 3.541570717374245 0.3942221088276641 23.636878225671715 1.675782572205195 0.0
382570 35.64677621679315 -4.4876983882800285 2.7466432613891554 0.3886651997346938 4.194678129150735 0.37517010146019264 16.18593331114018 1.090187958777222 0.0
382724 36.06983760792535 -4.487631713940818 2.639565723996139 0.3970287178171201 2.9241695084081254 0.38562371203595747 26.663257364183714 7.349666454108292 1.0
382978 35.87995506197698 -4.490581543012848 5.644436599199408 0.4232381725305583 7.8688655709614865 0.4068176569189126 18.589854043377724 1.6878008392237125 0.0
383285 35.536406781270145 -4.492499604567482 10.2021105084959 0.4135955918672484 13.805884878554561 0.399945781588979 18.614065160874137 1.2849368165893347 0.0
383304 35.962228233006634 -4.493261260161488 6.232560604130122 0.3865225667330225 7.4741227071552725 0.37152643735086455 21.560022597587746 1.1968153064958644 0.0
383621 36.14062810194559 -4.492409047694133 7.329739130304258 0.37428358796765454 12.721844296019624 0.35955388902201735 30.03535589268549 9.392423688279964 1.0
383635 35.973509149342526 -4.495682345993094 2.3708031126478093 0.37872824734036925 3.4330016382681325 0.36662936987937317 21.936001476251374 1.1968153064958644 0.0
383666 36.21020801608791 -4.496552059176704 2.6417939199003775 0.37099395586966666 3.6636069530370294 0.35843505316651253 33.558075495886015 2.166878812954106 0.0
383799 35.89051665762649 -4.495572675098637 1.6209656708027358 0.39887846748211503 2.903144267878964 0.3823961362193044 18.697275181046034 1.6878008392237125 0.0
383822 36.18080685258903 -4.496185385420367 1.4598459682339475 0.3750681838707897 2.5704634261370045 0.362699239883702 32.01103043237698 5.373221693295601 1.0
383828 35.60377755450324 -4.495492293948689 2.94030462486551 0.4105710356836388 3.702657038213639 0.39780187340036693 16.539125052727126 1.262172197031729 0.0
383976 35.597950535047126 -4.497245094606482 2.6592458788189033 0.4199131726962672 3.031531596266874 0.4076725330802506 16.579827457437336 1.262172197031729 0.0
384072 36.16955488426932 -4.499731518478865 2.32702525371369 0.3816193666921253 2.8630510151697273 0.3660936967210671 31.318138645832928 7.454683089317622 1.0
384231 36.14347251809858 -4.500240189253957 1.484816376652326 0.38489483519870865 2.7369733341057776 0.368547985927398 29.943326592214284 4.566246830853828 1.0
384245 36.31648231777483 -4.50057860609399 3.7967911208294725 0.36419541698228575 5.188259289841551 0.3506220340777334 39.23648704073726 0.6600273128902387 0.0
384500 36.1051391620839 -4.501763065682713 1.7889102103914587 0.37066826514387186 2.453966899978126 0.35724436141184557 27.933253376967503 2.1853069897488684 1.0
384636 36.00411012443341 -4.500865169303708 3.8487260931145895 0.3683262544551455 4.814853567026452 0.3546056669279647 23.082950027170416 1.5206905624823512 0.0
384711 36.1848680077596 -4.498785972550848 2.92008321638016 0.3805910431840252 3.547512757293939 0.3672191628786861 32.151377474410204 5.373221693295601 1.0
385074 35.23550809216074 -4.506951757243082 2.2622874443087273 0.39022829793029973 4.047899263573453 0.38450875306543875 31.904468206983715 0.7341644033573484 0.0
385187 35.6301334769973 -4.508920952027418 2.385652134670106 0.3639197409677163 4.265982884449651 0.3502348981042902 15.23293614801802 3.5255915340217525 0.0
385343 36.06271778023238 -4.507759639712291 2.131024995914049 0.4008621798079298 2.9926817093791 0.3886434647163435 25.616542368721213 2.7730576869884684 0.0
385405 36.38148590078717 -4.508560043069942 2.8851951191806524 0.38550573032962193 4.156049068158374 0.3718938113405064 42.690698496836674 0.9730408118974593 0.0
385495 36.10392119062776 -4.50951232473464 2.156688648462227 0.3903327806811539 3.8750773079920044 0.37712694304165606 27.625879677190188 2.1853069897488684 0.0
385974 35.15005550436901 -4.514703897878612 2.9956630431422355 0.40074190199102283 3.8893114615807427 0.396414197211639 36.34121265469 0.6170215783664312 0.0
386400 35.96187050907262 -4.516555246704948 1.9290750733472832 0.3907039908246913 3.1662956177130726 0.3756213211453196 20.568816926893042 1.1968153064958644 0.0
386644 35.42217345041893 -4.516039432662394 4.446255973546986 0.3694490972877924 5.301834062868791 0.35665168607286357 22.211433472378538 1.687984313002624 0.0
387537 36.17641657971441 -4.544147761401699 1.5911577295006 0.3919709448119306 2.604064968463778 0.37492258859877003 30.5052289550859 1.2094833542658123 0.0
387704 35.30968633656365 -4.527031771388496 4.857263281536822 0.37250363148147186 7.59247774383176 0.36515200964579836 27.42450572584558 1.764592196354109 0.0
387938 35.839687680804 -4.5263591103641945 2.697709421685986 0.3602867096774084 4.387251202205075 0.34502238480096503 15.498610239069407 2.0151902210109363 0.0
388025 35.21760630113649 -4.528679621112122 2.7621381853424056 0.37480274161441873 3.8891117237295543 0.36964164505237496 32.302509173795876 1.1344221160329042 0.0
388042 36.221260292884764 -4.5242044345717245 3.334844711932065 0.39672425210718376 3.993205348908612 0.38236395162779196 33.442236404324824 1.69735940085135 0.0
388198 35.316879171681535 -4.529893098698119 2.854159227509469 0.3677958175099996 3.9378045703683786 0.36101770318002285 26.965279657626656 1.8136551257329658 0.0
388533 35.64701411239548 -4.531991980466565 3.787073768468472 0.36615593682062486 4.226708934489159 0.35313585787179763 13.612033962352704 1.364047929484637 0.0
389239 36.17177882458543 -4.536737751122687 3.191685807134053 0.39623144608962274 5.176716118035865 0.3798078688665029 30.43619431166181 1.2094833542658123 0.0
389270 36.075442330661154 -4.536403149725173 6.475900795422196 0.40427890326567933 11.3498837650528 0.39149680602241715 25.335096003647998 1.2489006342474536 0.0
389633 36.33379187999645 -4.540092042169549 1.8558981785764126 0.3736796138796387 3.443567669299744 0.35751653531363164 39.373228003333224 0.6600273128902386 0.0
389688 35.639411281215885 -4.540495838027464 1.9333279517158675 0.3598435461788245 2.95432449077342 0.34750374774092874 13.260145896104095 1.364047929484637 0.0
389887 35.910564526360034 -4.542527941618516 1.6918840268284434 0.39081384377309736 3.0485294807868626 0.3784680045230204 17.286539526599665 1.0744829298360457 0.0
390183 36.35821570729368 -4.544307492707189 1.5900945237215833 0.3621590055661674 2.7421133837322467 0.34776835204780104 40.68222959624661 0.9730408118974592 0.0
390606 35.80206974083755 -4.5503403306466375 7.005273785406914 0.35559531147369905 8.665700343854748 0.340994595980404 13.184322098202534 0.9803345911632714 0.0
390731 35.47686221299048 -4.5494879092118 5.758277781449096 0.39539264505066624 7.491546496498566 0.3840582240367819 18.41531781447958 1.9094187088072587 0.0
390961 36.26374023251305 -4.5486828154197045 2.1466047877343617 0.3836596313922408 3.134501477325112 0.3695750657686453 35.24926640748588 1.3399490548231996 0.0
390988 35.09914493303455 -4.550408734180087 2.1525277287004654 0.40189923709376985 2.3762379344557707 0.3979110431664271 38.44345717780882 0.7169829906988187 0.0
391480 35.81147672566792 -4.5490841898863446 2.6683518252374485 0.36206004766616096 3.4825244698091087 0.3491379146195033 13.496268070377525 0.9803345911632713 0.0
391629 36.00791247462083 -4.55580735325218 4.153999383929807 0.40799266236684983 7.435129624159339 0.39630162941574537 21.287618013600966 1.1609370017705845 0.0
391683 35.19090340733042 -4.555659658415196 1.3539054816097449 0.39567613187037715 2.5353617779569038 0.3907455559578716 33.16084861552945 1.1344221160329042 0.0
391693 35.37276810436867 -4.555767415761653 2.6446318273365295 0.37606338203133377 3.3257116549448753 0.3664691836220458 23.292305354161304 2.1565519564314717 0.0
391721 35.70945846204805 -4.551369984522872 2.4450352384176535 0.37190738966144915 3.4470369748809753 0.3580036230914456 11.91784493022265 0.9731262670693788 0.0
391722 35.27421141638381 -4.5522135872812735 2.6162334145938395 0.3887339847887674 4.5002871710980115 0.3831711909101903 28.635922497845854 3.090027394721049 0.0
391947 35.41042426704851 -4.556601709448206 3.7558762631832563 0.3973631652105445 4.657237840993702 0.3857790452804874 21.344975681020646 2.293635993955029 0.0
392257 36.27155928806936 -4.5537892746257125 1.8567378326691468 0.38435321187464816 3.108903538437888 0.3715276344887463 35.586270169034876 1.3399490548231996 0.0
392290 35.721431728354574 -4.732672832486058 3.5345599095887614 0.4033626605200729 4.799502575881596 0.39295369519821455 1.244218707586413 0.4791085636319886 0.0
392360 36.4386970219844 -4.560728176758762 1.7336597186991465 0.38396106358283544 3.0506964845278386 0.36848571634004257 45.032979733454326 1.5688031507232787 0.0
393206 36.47322809310868 -4.565594141104977 2.5245463094345064 0.38075066783746886 2.9798772146837265 0.3653347757653256 46.96436025657055 1.5688031507232787 0.0
393421 35.37084602908792 -4.565073405863764 5.3021069182182945 0.41312695768224444 5.735042163952628 0.4058458572215421 23.11867406615996 2.1565519564314717 0.0
393462 36.33200501703647 -4.568097861019429 2.7305526232084536 0.39496664154878025 3.2125673911174077 0.38260474209957096 38.76509380009286 0.9843943939602638 0.0
393556 35.86290651057834 -4.570059473796034 3.875097659335994 0.3932112026957895 4.721832822640621 0.38058118310308386 14.148383322941122 1.1362154775598141 0.0
393583 35.50332763468612 -4.569590994543555 3.5886598136454437 0.41436506426567704 4.359833613737632 0.4024272550339779 16.42936949873205 2.6440789984264526 0.0
393995 35.39589228590914 -4.572547086998356 5.7125803579653995 0.38704887417084594 6.4037376922620854 0.37901681857176656 21.59179330053832 3.752203127244129 0.0
394107 35.310849229481555 -4.573725737943228 1.5489334240218504 0.3986793734553042 2.8238907933079993 0.3925643214978078 26.108026458723796 2.139819229721983 0.0
394318 36.424163633177066 -4.576138489503279 3.0178458239154944 0.3591541826175668 5.028609258197636 0.3434016995366892 43.96351391526268 1.9938862850366044 0.0
394531 36.25477930451339 -4.575432954104363 3.438039286561949 0.4003015776749076 4.980300324468725 0.38730267949756725 34.22087404415423 2.4190287134158392 0.0
394559 35.08025600540455 -4.576788661428371 1.69015913531594 0.3744985761530636 2.9009434680147113 0.37011491049203155 39.06723283579457 0.7169829906988187 0.0
394682 35.29983828062056 -4.577706996561571 2.6759463758715656 0.3780446362450834 3.5320807291232432 0.37198131291090736 26.617635878756634 2.139819229721983 0.0
394750 35.25973550040151 -4.578014417704821 3.2102208166941733 0.39424145058009236 4.0566361600093215 0.38934936167267753 28.836012091130886 2.4797776916244256 0.0
394752 36.430958203308265 -4.5769803839506205 1.9439875436773117 0.36948944519012705 2.727045101302536 0.35235165888924597 44.34646210526705 1.5688031507232787 0.0
394859 35.7015482515407 -4.5820125729866925 3.711555087825894 0.3686402723374407 4.860316259397802 0.3579261406442394 10.091909918047236 1.0812634309729043 0.0
394864 36.069706481918665 -4.51724358812206 3.9285424987525515 0.41400978247039544 5.051553510751199 0.402355647771145 25.647436562325968 2.7730576869884684 0.0
395045 35.12705115406678 -4.569771274167139 3.4051341101322214 0.3899556400208832 4.087072377689291 0.3859861132990136 36.49995615779446 0.7169829906988187 0.0
395368 35.350383081772485 -4.584017421082932 2.3236303088124193 0.4025466232211975 3.356577184686737 0.396289529114387 23.69949088715685 2.2155548371250346 0.0
396212 35.049769165221136 -4.586584435591997 1.7565012936574693 0.3671550068558034 3.0845390199189557 0.3629637336855391 40.68166851254846 1.5780439311064565 0.0
396434 35.89603211802756 -4.591265312648691 4.81236794043388 0.41363326713319376 8.275636447415483 0.4000492235107127 14.644814023832993 1.0744829298360457 0.0
396663 35.2609504755316 -4.589243470505024 3.232716391178419 0.392437708350576 3.3464003155542144 0.3873957523634947 28.533237709941105 2.479777691624426 0.0
396714 35.95383742021559 -4.5946549373575 3.0798815089463494 0.39191190250910934 5.455367456637339 0.38017256310904024 17.306045736474612 1.7881837311235889 1.0
396884 36.46518113870676 -4.5937369395305 2.580157848703193 0.38858808336173417 3.304769569454729 0.37272363048510465 46.12329772590209 1.7703972839313984 0.0
397171 35.51443719397873 -4.596686263341148 2.3907888691455184 0.4364672649734 4.154620514315362 0.4267061321506024 14.879034037044246 3.76637790508087 0.0
397297 35.47130042481646 -4.599259652531657 3.293513388434304 0.39150981187187495 3.9339645203939306 0.3821617734570749 16.89846214566605 1.7466998971610639 0.0
397312 36.25603370515909 -4.595632311633822 3.697415259493482 0.4169269438595424 3.833526954305653 0.4046810420626262 33.94129819471493 1.4798200709175866 0.0
397417 35.20253286341375 -4.584205209603795 2.593182395758733 0.4191834879510397 3.069936700387823 0.41495870099603666 31.93588093805702 1.4430111238570664 0.0
397611 36.34471273764753 -4.598396730083588 4.476326364307807 0.4183148364523999 5.89811600993827 0.40382032755192654 39.03083352463652 0.984394393960264 0.0
397711 36.18915559409466 -4.601083287208715 3.951294979026215 0.4140540609070835 4.3099005322533435 0.4028000898141109 30.01443537540179 0.8540749557251758 0.0
397714 35.375006771968216 -4.600739950033851 3.252280046067786 0.38673475535425617 4.130243195629848 0.3799492784765931 21.94338538009211 1.6016502855247325 0.0
397891 35.44639673279059 -4.602263519974228 6.867486622459248 0.3949990263179647 7.665258201788722 0.38532024679169374 18.08488963397853 1.2553163658566526 0.0
398123 35.536743152025615 -4.601967631746684 5.218448961579155 0.38943380606406947 5.707366822490498 0.3780991479241558 13.646803429681635 1.6514178556922712 0.0
398205 35.2509639572974 -4.605530530479663 4.6223664116370085 0.3995014198667383 6.6256022429188794 0.3949629530013916 28.78649697939073 1.4430111238570666 0.0
398220 35.94933731781111 -4.604925508080224 13.68142821426999 0.40602431508601944 19.51986542740393 0.39548324754229397 16.75150256117687 11.096417921078995 1.0
398266 36.049708046357125 -4.606389576567816 3.7342725564208936 0.39055238294431305 4.248301157936611 0.3791043753946852 22.066447487623712 1.6419123555218331 0.0
398496 36.33017296895081 -4.607543681010649 2.137695392938489 0.3976173393424465 2.6772517166002907 0.38415546846778953 38.058593552750025 0.9843943939602638 0.0
398632 36.43834670364165 -4.607477219041158 2.4542390186273946 0.37542608888111917 3.855913248518804 0.36025479483426 44.386690939135335 2.7334914399867833 0.0
398698 36.48138098540342 -4.609713668211482 7.356704108564879 0.3804891649674209 8.56308914372338 0.3666187798134964 46.89020685286332 1.7703972839313984 0.0
398729 35.986808695539715 -4.609533683262274 10.489259776394546 0.41443302637112617 13.934196879343451 0.4034186141225852 18.575186909845478 3.4510111159653967 1.0
398737 36.40718541122014 -4.608941064747994 8.41286786212344 0.3724751936532995 11.699986738562524 0.35629736088613256 42.54206474501734 1.741422812476371 0.0
398756 35.96766365651586 -4.620196483311502 8.105248917760282 0.4636926346161437 10.761795305908418 0.454060861670501 17.264634648779275 45.13125590324864 1.0
398887 35.959473511734416 -4.609669936797302 2.1440102676383157 0.49364485841736555 3.0322511682213182 0.4835674373240427 17.130524651380867 18.589682822628863 1.0
399107 35.977230743423874 -4.613295764876932 6.067728807208938 0.41330772424818524 9.830550956469477 0.40300845626680115 17.962416300372173 23.629644081652586 1.0
399132 36.522711992424405 -4.610383180523503 3.542788298687486 0.3805269855900162 3.896715391029079 0.3667472603344641 49.31678468131484 1.0009249553911819 0.0
399536 35.66954908277063 -4.614844647094336 2.471559762025331 0.3764314754545452 3.3345358503585807 0.3663414121750542 8.462412711494924 1.0812634309729043 0.0
399669 36.24564357266443 -4.616036948677819 2.1029089787889044 0.4158197691307915 2.732591072758438 0.4027462646531981 33.02440202858008 1.4798200709175866 0.0
399816 35.53103932619119 -4.618549998344054 2.9687101836004786 0.388828552985211 3.718823556518536 0.37820219386951326 13.29408538056175 1.8996400126740935 0.0
399866 36.35459594819808 -4.616757551212964 3.4758106811408322 0.3839043763326888 3.8218879193819006 0.3697436596174035 39.366916773303856 2.2318482832733078 0.0
400005 36.24848612570923 -4.618132140458682 1.8271618046009592 0.4166240310579297 3.046717566559111 0.404378506902409 33.15903284114244 1.4798200709175866 0.0
400102 35.93822750829663 -4.619425524923994 14.578352646565598 0.42160581039383116 17.621303280648576 0.41196507354773093 15.736710819548108 8.529071478779294 1.0
400296 35.93814209216568 -4.621630494921133 4.242259939747792 0.4171299237587258 6.770195042636607 0.4068959681538831 15.666799837659024 8.441634840467295 1.0
400310 36.06025873542774 -4.619904999366132 2.6794574891911287 0.3984727213902819 4.067271072512897 0.38850844598079104 22.35250998465436 1.4594037839894316 0.0
400422 35.97775536113441 -4.616019211495971 3.0426412199843167 0.3995622880819493 4.807656926606713 0.3885928349926996 17.916393493556868 71.05139545066962 1.0
400478 36.47276047504597 -4.622240176063407 5.115654046826709 0.379597308372959 5.463780573319968 0.36358805950836326 46.25228019170223 3.303293310090554 0.0
400705 35.9763601728677 -4.618410325289769 19.93213116673503 0.4591154410243675 36.62979468611948 0.44736044411148884 17.77766723139327 138.83460415838488 1.0
400777 35.94986691551404 -4.621341008822315 2.7726612114978044 0.42504028643004527 4.934654470001473 0.4146599690507822 16.289232223133908 16.917633301095638 1.0
400784 35.742631104780244 -4.6254786601146005 6.210914914663124 0.3740721415034603 7.342560477017505 0.3632683592326728 7.721895318655067 0.5682639656973777 0.0
400796 35.98648172682219 -4.62150907461899 6.083361586193646 0.40379110650305794 8.233873831973948 0.3932129215933721 18.24255602030218 3.3239374924015146 1.0
400909 35.40665912051404 -4.626019081422619 1.6431975342291443 0.399359419399589 2.713967382907541 0.3918922943347735 19.60561626154117 1.6016502855247325 0.0
400963 35.40705911311646 -4.6240562102581775 2.20226801573328 0.40097234568619755 3.3965475005442736 0.39312428734635996 19.628549644068688 1.6016502855247325 0.0
401296 35.97319221614429 -4.622669601504592 7.3216932586887316 0.4378104122592799 10.739042319153343 0.4267782735211056 17.494992113156222 52.04008137983558 1.0
401356 35.96778486350578 -4.624486735791358 9.192000372984614 0.4499961918152226 13.179436438178618 0.4403484483968761 17.156521387641998 49.7102625695583 1.0
402398 35.96831062391818 -4.633646437484306 10.468729690510772 0.4144889328407934 13.153005475500773 0.40466483465745823 16.95104362507487 11.290831233706351 1.0
402421 35.963051928413655 -4.640727964196603 4.548135206742457 0.40378686463411334 6.317954106808912 0.393631625171881 16.49144004156448 7.003253510770513 1.0
402646 36.205610798278094 -4.640548962229024 2.6462583693676724 0.40465228011242294 3.548475348238373 0.39412023239392957 30.355711585473546 2.6435230141372186 0.0
402724 35.1782492393103 -4.640520452660398 2.590802890834998 0.3948722550238239 3.7343350562270725 0.39066550426859614 32.469366874510435 0.7732806113982285 0.0
402848 35.95910884769093 -4.641963141711872 2.804993971845011 0.3846642598258102 3.8750868850950586 0.3742170692013063 16.245628882556648 7.961683565877513 1.0
403266 35.091367644064306 -4.645744789162992 4.255013970477075 0.4080794016637787 5.26724884155336 0.40442766322558316 37.51837337715341 0.6921015912426479 0.0
404410 36.49756510816512 -4.652913334358245 2.376202572844495 0.3755619043314648 3.8743826917580177 0.3598459262038871 47.45379711502129 2.7703182209721353 0.0
404469 36.0757817258199 -4.655087033449883 3.9432478642290407 0.40393694154186616 5.338674139428211 0.3948976905693318 22.60220311203656 0.7577426632437348 0.0
404684 35.26410028845683 -4.648935271442566 2.0364553024493164 0.40624430385798116 3.6634222254531266 0.4013263854554518 27.344862225400917 1.4722534217228573 0.0
404921 36.50890070557973 -4.656693463208204 2.4050728420876424 0.36286264680663904 2.817167851139305 0.3454527742869501 48.099535672520325 2.770318220972135 0.0
404947 36.276053135496745 -4.658276759882155 7.454272871850904 0.3753411083137449 8.890421357584861 0.36295968183424715 34.293251212985226 1.3528612264018995 0.0
405005 36.20768125440693 -4.658790339412191 4.7029472358562145 0.3862939252540732 6.667133074049006 0.3742691354904083 30.25926273899075 7.409520439038341 0.0
405088 35.55422876414462 -4.658841193005815 2.3473323956888765 0.4264051211495748 3.2918648835274076 0.41718490780964057 10.801897121830036 2.689536749212728 0.0
405089 35.83289571721024 -4.658721788494421 1.5663646724550224 0.38410703114439754 2.7586044184906195 0.37329030951454734 9.165179285445713 0.609540225630197 0.0
405293 35.836114287098205 -4.661821595652412 2.1936705398168663 0.3691073577483267 3.055254448881203 0.3593249410065144 9.212137744810489 0.609540225630197 0.0
405300 36.08596678885854 -4.660245349858254 1.4452778592199738 0.3725793565496891 2.3749140841336445 0.36184318500198814 23.11797790989388 0.7577426632437348 0.0
405381 36.53537242182973 -4.661763277401219 4.365282303927516 0.3847691218165424 4.526985924311243 0.3691030803456468 49.63853059332026 2.2944612664809942 0.0
405480 35.605121953397216 -4.658041344176858 2.385802421518027 0.40993154846429763 3.562614651671867 0.4006569367432397 8.353116604738915 1.2009815227855511 0.0
405564 36.22412590191544 -4.662109075173989 7.565152611243799 0.4022320293255919 8.973832584106578 0.39228928367385857 31.192555001139215 2.8001746497591005 0.0
405838 36.43907022798148 -4.659651937801008 1.2854068175055866 0.3537106232197008 2.001408262174128 0.3359754572799887 43.932537335548545 2.559808702210721 0.0
405924 36.35144460490908 -4.659897505241228 25.22137179952575 0.3940016869124913 42.220006832878745 0.3778607333106343 38.7360886990235 1.2265538999842662 0.0
406433 35.56660943299326 -4.665584999862348 4.444661091208438 0.40835037834426147 5.0911645010691595 0.3989834024458623 9.958597871317993 5.09645273234656 0.0
406604 35.364871113215216 -4.669648553548294 2.6240052337219817 0.41119163627415356 3.659248266097207 0.40485573210582826 21.19344224382654 1.2229395968250096 0.0
406796 35.948913102328625 -4.672385116450561 4.256250521821365 0.370511562416277 4.955901825651459 0.35869043030294273 15.026194844894356 0.7764189611282555 0.0
406878 35.244377131688324 -4.6721411916927 2.4275464352786296 0.4032396650795194 3.412537026617734 0.39876543126385944 28.232161381651434 1.4722534217228576 0.0
406908 36.2620233051836 -4.670196468224536 4.599349041585132 0.37684876591856487 5.298741671545244 0.36500660343693375 33.355011610737584 3.6663498199118085 0.0
407178 35.31387028995339 -4.672050504421359 1.691980350384157 0.41836285258392897 3.042514507543913 0.4138180588135786 24.1447906265762 2.1110574373847144 0.0
407241 36.18531811200605 -4.667965452720989 2.7070138535653214 0.37515735899631797 4.384928202189357 0.3630245114549189 28.84585590063545 0.9512940188435248 0.0
407304 36.47502921051999 -4.676574599795792 5.588333653247779 0.3680019855711269 8.151276567124274 0.3511973693349362 45.95816669041689 1.4938121387736223 0.0
407500 36.47650455511235 -4.674924004353762 1.0277894677485635 0.36396853837072796 1.8681852334442943 0.3484393570392595 46.055617441803825 1.4938121387736223 0.0
407703 36.42822395528634 -4.6788902024180015 2.2598252079486127 0.3670212461278588 4.005868305071354 0.3517297918034558 43.1590439843469 2.559808702210721 0.0
408196 36.03332899786026 -4.680670291694445 2.922902347169075 0.39927222926917855 3.7812292492423736 0.3894080306376349 19.776510891811842 0.660506009558008 0.0
408388 35.54693981767662 -4.686037032984122 3.3542344779397357 0.37049659798547613 4.401193622500791 0.3592750756093642 10.478549372473456 1.4786642387777351 0.0
408462 36.17200379211407 -4.686340802170817 1.6561908083597128 0.38065187466072253 2.0372398881994913 0.368563023820943 27.88908309950656 0.9512940188435248 0.0
408657 36.25465444465005 -4.686407683346676 1.807491079541202 0.3790699381760608 3.128192929038552 0.366851687592762 32.79126552352548 3.6663498199118085 0.0
409114 36.42527904792386 -4.686022338144845 26.961009288105977 0.3872433290221307 47.51637319869159 0.37150186839803045 42.94323017616623 3.1991863441175115 0.0
409220 35.57339759967007 -4.689461717942482 2.0355871012224793 0.38435573430261205 3.706544789528297 0.37354201235855594 8.939549516797456 4.049488412213133 0.0
409639 36.403343801900405 -4.68915902797098 3.5562633287279186 0.36027916684724237 3.8606812645266455 0.3453362098922821 41.619968980050764 1.5625209567989875 0.0
409933 35.1535196328539 -4.69810666417364 5.234881640470172 0.37899545083599556 7.770773934683738 0.3746807022853915 33.420748148349645 1.414998092877879 0.0
409935 35.430552871631946 -4.697460684545759 4.258898222465618 0.3738801564797216 4.935312343311245 0.3665184044064904 17.004626699257958 0.6576652481084001 0.0
410331 35.368346540557056 -4.701446417252162 2.3074682567526965 0.36892526434951506 2.8496842340200614 0.36140641385021816 20.636184133344397 2.555333070902955 0.0
410430 36.25402051943368 -4.701739296233269 2.198400615762611 0.37923080306565515 3.626879683701079 0.3681253317938794 32.65888039917307 1.2280706377320314 0.0
410650 35.1723566270381 -4.696186613772258 5.506054274549468 0.4060961910796924 6.734404303474282 0.40213350502406203 32.31079041455157 2.209296803168334 0.0
410748 35.52814438544785 -4.702749419347544 1.7658484541504282 0.358383516086332 2.363122552261266 0.34676410070508296 11.237720876340545 1.4786642387777351 0.0
410789 35.343932170121406 -4.702159744966288 3.4140225273889047 0.3965536460759993 3.916310051789582 0.3911617639643348 22.07679125348064 4.507406141970392 0.0
411097 35.3163440961783 -4.705523798850742 6.617156895600973 0.3856645340261623 9.550306503610017 0.3802027954449302 23.68977268252544 2.1110574373847144 0.0
411218 35.25143190101656 -4.70713160574497 5.5848070692232845 0.3616770918289922 6.409532852572444 0.3571722845026129 27.540808732098043 1.191811445506264 0.0
411675 35.5702201049955 -4.710014332323663 2.6558913327167644 0.36447154997913644 3.6820719760748335 0.3531416778036534 8.695740172167396 1.817417898654056 0.0
412125 35.726590355471465 -4.714263304932656 1.0557523064773653 0.38185187138681803 1.8618993386899578 0.37054122050046584 2.362566590221394 0.47910856363198867 0.0
412805 35.33435741741329 -4.71923456185084 4.232021095708009 0.4089082450879546 5.321746609780657 0.40409411298547643 22.537368701445764 6.248353198478922 0.0
413715 35.17653355436421 -4.72550431447459 2.809070180288511 0.40903011974623754 3.302645570589965 0.4049884578618995 31.932461705753962 5.589246032776332 0.0
413784 35.19092850967196 -4.723006595499903 2.457603160250094 0.3917378475857206 3.047098808930675 0.38758315048574893 31.08015799786294 2.936929723997765 0.0
413816 36.3366215138058 -4.724810985795162 3.338998688294113 0.395267766868786 3.887244096546538 0.38416753193413616 37.49931319062463 1.1229911791536493 0.0
413869 35.344425116278515 -4.725631829435849 3.535919674047338 0.42059246670230066 4.698545175690063 0.4153258355581021 21.908386275116765 7.815453804687186 0.0
414032 35.17805289098649 -4.726476934767886 4.842200063921226 0.41029640144823193 6.039963035792973 0.4059369594143411 31.839046943146208 2.936929723997765 0.0
414245 36.19614631729564 -4.730275472317635 6.165622363211026 0.39846476436423234 6.879169583134507 0.38874662116673614 29.093094588439506 0.900417879700913 0.0
414693 36.53194756114399 -4.729409526530351 2.73696569084084 0.3873072947021205 3.8723748152677806 0.37299919320797126 49.16372982909534 1.1393862853366084 0.0
414721 35.65227522372288 -4.7298043022025205 2.383854650558206 0.37728856024965657 2.7177286059568546 0.3663937823530032 3.6581619537381145 1.1659688734763902 0.0
414948 35.35467916792177 -4.735884836665571 1.8215323097559244 0.4062039005463346 3.2321041288219416 0.4006107272210052 21.263118923609145 3.9257294996873804 0.0
415506 36.358206144084 -4.737770695636834 2.3570561020894023 0.38057656622347236 4.351334671477638 0.3681183331416478 38.76607975089683 1.2639932539608383 0.0
415973 35.27684972146043 -4.732084312299851 2.3023182616730558 0.37705331045435303 3.4644271522760515 0.3714376833900643 25.92239036910634 1.5956663981099837 0.0
416065 35.36394757502446 -4.741003799726318 2.352545470726131 0.38740795886248913 2.925670166786629 0.3817609348592625 20.699008273759148 3.925729499687381 0.0
416496 35.36118652429842 -4.745898663712225 1.557469845906296 0.38757226226744645 2.810975885664919 0.3805576086955668 20.858442023190502 3.925729499687381 0.0
416886 35.520790363841336 -4.748158083921372 2.0739236922215825 0.38517356668723235 3.7923002882850136 0.37248420290876016 11.31414260191896 0.7802779513615262 0.0
417073 35.08331444455028 -4.7511471591374175 4.873084195344019 0.39931839839854805 8.08354692597783 0.3952665103331846 37.4720230881625 0.8054173694163071 0.0
417955 35.89946594740426 -4.75063506497789 2.4138602945771317 0.373480475955771 2.7021210589551923 0.36236606720246567 11.3289724517922 1.564551123952386 0.0
418071 35.34172899045273 -4.759623972888408 6.375105883676224 0.4207991894668773 7.216529484330943 0.41604270934793625 22.027786796102397 3.4492724846432745 0.0
418269 35.14299168577146 -4.761708325394368 2.629942577177678 0.4043275588037661 3.7697422508296006 0.3999447225823913 33.910643843389686 1.3646646148099122 0.0
418893 35.7814594742156 -4.369065096298535 1.840109771667081 0.37571524710159204 3.365315738698134 0.3622961543501731 23.25226969534115 0.5888102319963108 0.0
418919 35.3579239447776 -4.755769602240308 3.4459953728363475 0.41966835006808534 4.5145666317511965 0.41442257660883663 21.054768768861006 8.067739560943744 0.0
419328 35.49601349879297 -4.36983056867324 1.81705105431452 0.4004694968424433 3.005201008996036 0.38817251067367387 26.155419220521175 0.7403227670517538 0.0
419438 35.07688356227745 -4.369756103481542 2.401441775552331 0.36066172978099864 3.184140431240615 0.355780261782499 44.20851487390796 1.5360042469786777 0.0
419518 36.20384768195745 -4.372192917258673 3.8152969386427835 0.36675270519798037 5.812769748162044 0.35299383127526074 37.23291507424241 1.5593105136657828 0.0
419674 35.27426696688858 -4.375933565052385 5.133204613071676 0.37922290528277214 5.815065029831422 0.37033469579836287 34.39348698026995 2.150098459684047 0.0
419740 35.17966142411713 -4.375068490126792 7.112532274795129 0.36346948177714267 12.216000130224867 0.3568567097482379 38.88684562140822 1.0948337331489242 0.0
419857 36.06775858168881 -4.371566880475405 2.614234194331363 0.38262457775166847 3.4828606813788134 0.37013648660016135 31.199600744242627 1.104160125716398 0.0
419984 35.20018222177119 -4.375186293086132 2.268404266359153 0.3682216835133135 4.148186819076398 0.36148164015295503 37.88817430308509 3.5124602363060164 1.0
420152 36.27571054444954 -4.374615897970772 4.2423845710100325 0.3580530952690792 5.374928999738529 0.34490269863905154 40.64598628335577 6.34714766007208 0.0
420208 35.60781490775729 -4.377036466582108 4.2455506876095885 0.39430798948192985 7.59852743407328 0.3800466149951301 23.19738833566796 1.5672180867098497 0.0
420216 36.26124398298303 -4.381655497819982 6.676765521707933 0.3613219056803164 9.1570467094642 0.3478743908378629 39.69175481325221 2.1040908562991034 0.0
420593 35.98786013956647 -4.375129404890533 4.3511483691969834 0.3824056837264614 4.524879882514706 0.36973542699227846 27.965754290568455 0.721006129058364 0.0
420642 35.08954301410852 -4.378393510660411 2.51359379625091 0.36555182442390877 3.2475514435225117 0.3606722460223695 43.2923646224434 3.732392657491281 0.0
420835 35.21670633728971 -4.369290549894219 3.7956100061778586 0.3631396441821722 5.175449914507121 0.3560280693240156 37.31303316836437 14.612891263769129 1.0
420847 35.22808316904739 -4.383219828804551 3.447661549340129 0.3740677219984029 4.3609440051666954 0.3675934342242772 36.263957993369424 1.2742632161383936 1.0
420897 36.20363363897677 -4.382653037173659 14.010193954701071 0.37706136937630197 18.967010577869225 0.3638342002655983 36.8437444084741 1.8873839935913925 0.0
421142 36.29909598625529 -4.384316617712315 2.0989024898138857 0.3576491848027168 3.0560376533184375 0.34392509742733113 41.50668074273709 6.253372269097833 0.0
421247 35.65401826535873 -4.383257249323335 2.3443366962711605 0.38269679652951205 3.3344677976743813 0.3695511690547755 22.257842689870518 1.244607331105823 0.0
421256 35.2876414443065 -4.386259023707837 4.0529456601825595 0.38735472062054543 5.020654461148649 0.3798095448595373 33.38298231633685 3.480238492535836 0.0
421321 35.640440906957586 -4.384801280607815 2.701694417431652 0.381662756963353 4.955474907865331 0.36844445191813485 22.30337071586041 3.8598363868232632 0.0
421337 35.20345238482015 -4.386796159175558 2.3070205640199437 0.3623782873151173 2.840709659670906 0.3560337234983184 37.319750631939065 3.5124602363060164 1.0
421582 35.3417292038036 -4.385434876349447 2.3642931320995206 0.39178927457743173 2.848070584243029 0.38089338745388407 31.042129764799963 0.9334318615982491 0.0
422389 35.88214858847336 -4.393263003145039 3.7451435537234974 0.398897452530027 4.603077113123874 0.384822550530497 23.751820853470473 0.5538808391742539 0.0
422410 36.22006305267957 -4.393492106307007 1.781073837905233 0.41833158916254537 3.228498257434664 0.4063643376381161 37.2584271122496 1.8873839935913925 0.0
422423 36.47253434697527 -4.392297408523727 2.4834031391767404 0.37215883396208943 3.9042688706251005 0.357358117136868 50.404093023215346 1.6994646866845902 0.0
422684 35.47604313871834 -4.3933045629780905 1.6792084546741781 0.39856947884106114 3.0633625716665795 0.38529053935472113 25.570105837980904 0.6613996467467022 0.0
423044 36.28210436419872 -4.39748831437212 7.740288542263088 0.3677836054564894 11.096294047567538 0.35448965505847285 40.226210981261566 1.0235331600308566 0.0
423319 35.724498448500384 -4.396608864426097 55.571042856774035 0.4387499483080846 70.5488179791255 0.4238462986737086 21.221191896336073 0.7373112558369532 0.0
423630 36.40188940255688 -4.402893491877687 5.299614108798432 0.4126522615555834 6.507759397080711 0.3996533668482388 46.32624562187926 1.1215814772327208 0.0
424156 35.293080369849015 -4.401327547143443 2.6177151029412946 0.39899540441775005 3.7613215829695648 0.39081930886013866 32.54897320899597 0.8872412534605587 0.0
424431 36.36226113160637 -4.4094791329208185 2.4805500465069956 0.39374947354673445 2.944282898221532 0.3806792931568675 44.03711207870706 1.2556692439387669 0.0
425030 35.55868352774609 -4.414459415307095 1.9187449705659005 0.40477895114205764 3.580402923456381 0.3913137083877841 22.072984528608163 1.66306751217438 0.0
425057 36.52133965807594 -4.411968723836514 2.8474508904229316 0.37165879225592197 2.9836700237556113 0.35762442506303355 52.592870552261026 1.0974979987704516 0.0
425378 35.80478967530282 -4.413145806689777 3.023353763221769 0.3781379327414277 4.723187430197555 0.3633985709991924 20.99129597665963 0.5888102319963108 0.0
425395 36.47647081892717 -4.413450429649268 1.5817263457532849 0.3684330503677351 2.6336853827211186 0.353449065976668 50.091652664535914 1.0974979987704518 0.0
425584 35.43669654811186 -4.415787914003655 2.3559471840608097 0.40095422714696277 3.9449058081076975 0.38712879061587063 25.870745689913804 0.6613996467467023 0.0
425645 35.09330343627187 -4.40505924582747 2.7888914083292566 0.3748315863607002 3.5811463460809305 0.3704179981774249 42.293626947406665 0.9360711510704746 0.0
425723 36.534641199656974 -4.414248632135921 2.110408034655072 0.3875683118795471 3.3897158030034005 0.37296218322992014 53.2758112090533 1.0974979987704518 0.0
425814 35.6204003249946 -4.418453111011614 9.681995354100659 0.3801358449404383 12.414640298063775 0.3647354056629589 20.601953514946334 2.01429214734718 0.0
438723 36.45825944406096 -5.888112865510844 2.5692596579531677 0.500757923161833 4.5537981293606515 0.4148399541269227 81.61682468325284 1.149795115903613 0.0
440166 36.5584503430171 -5.8701450180159895 8.879926786476036 0.7709542095642943 15.345561664124816 0.40760882692743705 84.1798923091492 0.0 0.0
441991 36.36628215899016 -5.84550268451514 2.3304775231019894 0.43588772177784424 2.7442962265282738 0.405756348143001 76.53580812838922 1.4334990707501272 0.0
443252 36.56557236068011 -5.831146018674954 7.546174752754971 0.5956318109871066 12.270704727043112 0.4455554364484395 82.58744483719842 0.0 0.0
450341 36.56762844100225 -5.752244505710405 3.879611274335217 0.5620216295009938 4.412807333353968 0.46280842184227033 79.0052276131233 1.8114534763448609 0.0
450799 36.58486924221501 -5.745049706589771 2.738000478408295 0.5458777134330534 4.415900277202692 0.4510195144644793 79.35208433922497 2.0909748944920885 0.0
452236 36.61165260222803 -5.72818368905198 2.5708364727184554 0.5521720409838026 3.822665414392315 0.4857172851582987 79.66730356132604 0.0 0.0
452368 36.57311361174589 -5.726645077645746 2.5036412155049046 0.5790311002048284 3.971015016957946 0.5251866356473461 78.05934611340199 2.0385537428999774 0.0
458832 36.42568646203525 -5.655378421243088 2.1885958355012334 0.3983069082031145 2.778232691199341 0.3736259040978059 69.13537756461038 1.9571648445889047 0.0
460259 36.572507917249766 -5.639590909845351 2.3120877355756746 0.5031373922902553 3.816011261608055 0.43194797533202983 74.19596283241361 1.416708498939413 0.0
461428 36.61999161256389 -5.626780311731331 3.2090401624802065 0.49203784360034425 3.8625534039986005 0.4167038425562469 75.65807375164891 1.1318095826468864 0.0
461864 36.59114329757482 -5.622144272337414 1.8072431799121562 0.5200909468379966 3.0461449663015303 0.41007820007107765 74.2326377621954 2.2973223633564084 0.0
462041 36.58869776288319 -5.621950210925688 2.4049083737601995 0.5127462957387751 4.086771067293215 0.4102051243127991 74.12084935452708 2.297322363356409 0.0
464710 36.58522267584707 -5.593516713810851 1.4373667116599045 0.4792577059651111 2.5583103586243463 0.41991185898166317 72.77821252061943 2.2973223633564084 0.0
465251 36.634185576361816 -5.587864334794065 1.8359047788137663 0.4911786882601877 2.8843326273806364 0.4135479292549444 74.67981424016295 0.47430514824601344 0.0
465976 36.46174410249453 -5.58076027726236 1.745762506420772 0.43023568728532957 3.0213404535673 0.40585552641212524 67.1005810936503 1.7769969772772458 0.0
467668 36.6838023106636 -5.562515900366599 2.2937341937009177 0.5170671841209591 3.161692990907967 0.4265177302742781 75.91357183407045 0.47430514824601344 0.0
468108 36.55848686146264 -5.558283462503882 2.996439212092227 0.44756687570380493 3.8324973236398425 0.4054656093952953 70.16229093046947 2.2801742648636836 0.0
469252 36.56910432264858 -5.546748889209211 4.886551490031985 0.4380581124509089 5.477370850903398 0.40114794744980464 70.14905000362003 3.5656195056847215 0.0
469677 36.40610054822961 -5.542460501977717 1.8889619297317042 0.38266707086334356 2.832045328208175 0.36162404430836237 63.17527394782745 2.4671038012835873 0.0
470000 36.550443154542336 -5.538803326833037 3.936733647654402 0.42918935369945765 4.347115681319861 0.39019406216202085 69.00951905138267 5.494997253037327 0.0
470222 36.55639400991371 -5.537632589173782 7.401990637492558 0.4376320148887979 10.053068499796987 0.3947591632989107 69.22080991990775 7.406370262166328 0.0
471960 36.59257375417898 -5.518855725869525 3.043239171938731 0.42096318263097204 3.6105783492531938 0.37416643026890944 70.06975330801028 1.422170687356729 0.0
472928 36.57047792258862 -5.508412193056511 2.577778178021905 0.41777254476802406 3.132697298449827 0.3748205279899767 68.66480919735983 1.422170687356729 0.0
473205 36.73218636315566 -5.5064815366618864 3.8944401844411005 0.5623435081438112 7.268173644198331 0.3851621693387888 76.10227097888678 0.0 0.0
474498 36.66791364218539 -5.4925835934359135 1.6708365011171757 0.4829567698554451 3.116494773920949 0.4015512355758981 72.54057489523711 0.7650247012285584 0.0
474542 36.699508049375645 -5.491687450735743 2.5863568128298104 0.47865734346428146 3.3700934238965594 0.36925202271563895 74.00731660196544 0.7650247012285584 0.0
475372 36.552224328443 -5.48373443493271 2.219230262379405 0.3986078335356707 3.3893529781377096 0.3663739835341901 66.8685314363461 1.3364463884976239 0.0
475929 36.581146906736926 -5.477551485632597 3.8408067221381486 0.42810727714195473 4.394790960759222 0.3958499032492068 67.94025270023543 2.167089354363381 0.0
480937 36.657118069380765 -5.427223404576598 16.661154957930737 0.5488805517941102 24.469257953954816 0.4735824417677017 69.6774505487803 1.9237359308238968 0.0
481279 36.73851733922596 -5.422259840677972 1.980946836752246 0.49947100895352353 2.8436822451187522 0.3884909125152003 73.52031461030417 0.41628676896720257 0.0
481859 36.64889855304321 -5.416596636148022 1.9038805699262003 0.4441387581220442 3.0558872743829872 0.38621828437804434 68.90734785849467 1.9237359308238966 0.0
481987 36.720735395411815 -5.415606191343968 4.330208687191353 0.46479183555603937 4.767690017987763 0.3824085680357684 72.4134926648769 0.41628676896720257 0.0
482542 36.71692488579021 -5.409517705701173 3.066308129424558 0.4643102958310585 3.7539974934091873 0.3834382539540967 72.0225225304031 4.486425204771784 0.0
482890 36.69502138799884 -5.4057818947038925 3.7364882284211376 0.4654625588275817 4.258619841864352 0.39985449522112115 70.80775386366605 2.9440094464933417 0.0
486250 36.66851413011391 -5.369926384966228 2.3275248285604855 0.443815074024836 3.1867528623611214 0.39060426606156956 68.30261229464278 1.020595548090181 0.0
487017 36.67826383424634 -5.362462051334523 1.7274587286468832 0.4958823946850932 2.923262262068839 0.38948277808521903 68.55122975291854 1.020595548090181 0.0
487553 36.71914172566903 -5.358784058490135 2.2228233336001004 0.4703020010587086 3.509180218146128 0.37904113888827146 70.51137863348697 1.0914626287956248 0.0
491230 36.6807903936919 -5.321032301556096 1.9634898774808756 0.445915323237789 3.074376424353485 0.36912849650375107 67.38304906531523 1.0098559237872733 0.0
491427 36.74518588214895 -5.319353805151414 5.670840607857407 0.47499299849457566 6.118741154537364 0.3617836319967489 70.6756017288716 0.7844606508295189 0.0
492725 36.511207727759874 -5.30633563065041 1.7133821368208848 0.39609449446048234 2.897236024082546 0.371368009965348 58.37314841928718 0.7610221975087439 0.0
492933 36.74795828937064 -5.305604462140318 14.554022384607586 0.5175714609547298 27.15096007667417 0.38205734619877696 70.42707282670561 8.141466771711055 0.0
493164 36.74143716250231 -5.301757234369791 2.406717709537129 0.5225924081120029 3.6353091919639335 0.3701345711795506 69.97464375908388 3.916893219394669 0.0
493819 36.68531173592041 -5.296181050250187 6.7929111759624305 0.44896794645089283 7.194814692381908 0.37003915929037734 66.87367633314868 1.0098559237872733 0.0
493986 36.699722533984 -5.294176457638886 5.376724365837254 0.4742699321833223 5.805700648970473 0.3775833104196745 67.5676872303765 2.0892932545207 0.0
495924 36.68001650175409 -5.275672893920761 2.1063352794939236 0.4586334737498225 2.982995390515496 0.37946231962132015 66.00199212047977 1.0098559237872733 0.0
497572 36.60022221009088 -5.260005504633285 2.3871757228434216 0.41274805463356834 3.3108166812454263 0.3706987822632064 61.38102196407312 0.6247563529286665 0.0
498164 36.8595248036887 -5.254352006175146 2.8764340958120904 0.5307330654243708 4.37440628108431 0.371057794705182 75.07731057948199 0.5021036801827526 0.0
498381 36.84100397134057 -5.2519132528355295 3.367481821563817 0.5168878925914776 4.204060927517558 0.36119419813880055 74.00600118815063 0.998998871495405 0.0
498513 36.56744266299789 -5.251130805076801 1.473217860241493 0.39707136497377693 1.9502944343883428 0.36654971416647397 59.419668030165994 0.6581493462566659 0.0
498724 36.69128190074687 -5.2491838129770185 1.6372059512186528 0.4436767868261362 2.4741732061086603 0.37770619201885686 65.85745687972316 0.6247563529286666 0.0
499394 36.65110803500326 -5.243201103309937 2.326434604300354 0.4165579332893787 3.540505264659512 0.3699717512188834 63.56057214926719 0.6247563529286665 0.0
499870 37.14276106652394 -5.237706558954908 3.364517523993613 0.6837751363960564 5.0787778074945065 0.4329560575159695 90.50047721733839 0.0 0.0
500451 36.74628686386306 -5.2337619289614565 1.7376576066989233 0.4529443232177392 3.0091011921271584 0.40061703521676656 68.4046938083906 1.2345434825300576 0.0
500755 36.87779538270934 -5.230753619154983 4.556480915353592 0.4585016469561162 5.494545727654823 0.3742997730114274 75.52715953043776 3.5201371794526035 0.0
500909 36.77653527316341 -5.22914782955672 1.9125777766369136 0.45433994968228336 2.819613603831664 0.38375253027430767 69.93201387648443 1.2345434825300574 0.0
501568 36.89733168020628 -5.222980722101768 1.908305928237281 0.45326965279022746 3.551969333277474 0.3687924783178575 76.43368270389527 2.36116447376126 0.0
503246 37.14170410803409 -5.206058342234028 3.547598527618788 0.5418059856352458 4.635632817379668 0.43237253567740624 89.84626706982894 2.288276221016965 0.0
503266 36.83907987642683 -5.206489354550594 1.7190730540480055 0.4464042865442904 3.1048159571845115 0.37365734278033047 72.8350801792976 1.9548004894114248 0.0
503319 36.70718639362921 -5.206424754155179 3.2525735290238664 0.4264325984963822 4.042095354947804 0.39540082920351394 65.59541856218515 4.275042770812862 1.0
503471 36.70642224237924 -5.205822105079536 15.91786586029869 0.44004304442877495 18.66861567297227 0.4027349747220982 65.53884426024487 4.642672994046928 1.0
503661 36.96892641867064 -5.204443710428889 6.80763368813689 0.4477244976376441 8.171447695818593 0.3732072741893205 80.03820099999284 1.6809876108037693 0.0
503845 36.850622748992606 -5.20102814241252 1.6615923865695736 0.4337895745559701 3.0310387438097215 0.3765633765707059 73.35360371577126 1.9548004894114246 0.0
503940 37.18692140277889 -5.200301907105222 5.174156268894626 0.6968717974374798 7.123175751438934 0.4233454806452665 92.32303567553636 0.0 0.0
504003 36.94108593992441 -5.199656958558668 4.158390715898788 0.4166704619222371 4.767549124067838 0.3652656917007973 78.3765946369017 3.382839339319472 0.0
504220 36.95351267400064 -5.199963616753459 5.771172429835717 0.42952877186528554 6.403553148853241 0.3717789045213669 79.08066913754121 12.643996841479963 0.0
504431 36.9799490860596 -5.195266830745109 1.7995756959547824 0.4184199107209288 2.727709052389245 0.36453319986598315 80.47400543288933 1.6809876108037693 0.0
504618 36.95665381325012 -5.193796451364314 2.3966425971245533 0.4187217455048315 2.858616079755593 0.366319615056854 79.1322253215907 11.662388511023186 0.0
505129 36.63247493649154 -5.189629591304021 2.0452426628512765 0.3921258343509294 3.267455886731793 0.3650954679027693 61.124760517218 0.5817522755152783 0.0
505160 36.70726484189017 -5.1904385036312535 13.700655722050922 0.42330613857497984 16.116139980208377 0.39688866899793024 65.20575617286777 5.054797313146727 1.0
505814 36.71256725154036 -5.185130045102375 54.957640456682995 0.44654782928931136 80.94911908414197 0.4131535552016932 65.36799592106175 9.536890432013065 1.0
506518 36.63247327855025 -5.17680494293769 2.872950977101454 0.39222071510393486 3.7723576287510463 0.36003540550430496 60.79706616288049 0.5817522755152783 0.0
506802 36.99623174467847 -5.173375374685723 1.9352923628922445 0.4103958333900582 3.609391156824643 0.35902358456667316 80.97232985329039 1.3495890202066219 0.0
507208 36.96202376136862 -5.170027652029595 3.849133819859598 0.40383537922652263 4.603277587675298 0.3649064398312453 78.96923085331711 1.908206240869111 0.0
507492 36.91106088826344 -5.16754828856766 2.6948100458239845 0.38530481797262367 4.867803896410329 0.3534314312147949 76.03940623900684 1.8056749944167914 0.0
507558 37.13677226319181 -5.167151979918486 2.9111931415479484 0.45901987667097677 3.811361025550269 0.4239680936400445 88.88258747854007 0.8827739992558308 0.0
508303 36.856093446162696 -5.161181127026032 3.349212116175792 0.378485932937984 5.14034679292655 0.3495973208859907 72.8151935841352 2.1886336644772273 0.0
508979 36.79367427597319 -5.154726502167991 2.851990934543082 0.3763815408342449 3.9814140012112933 0.3471289699139261 69.17967482100788 5.822752447293995 0.0
509140 36.70223174296326 -5.1533793261699445 2.0390464613505395 0.38135764627539714 2.7326231192186565 0.3593418206506467 64.0596400002608 3.752868779745102 1.0
509512 36.78084150138071 -5.149575816188977 1.8249560320101212 0.36592480856925336 3.313584095677851 0.3367753940213085 68.35315609495105 6.0676251420090574 0.0
509791 37.04101465136584 -5.146160248480415 4.107941253593594 0.42245614122628483 4.8645080837344175 0.3958245883873848 83.03781583619507 1.4072502450390552 0.0
509878 37.19014987381986 -5.145003361228196 2.0726025124378076 0.4663515636479087 3.6605175085144213 0.4120118079688828 91.59715725693427 0.8522398984912428 0.0
510287 36.81488236237791 -5.142035528421439 2.3738565509464364 0.41615868923074917 3.9186013736951986 0.3927066519831917 70.1096175189939 3.833664217392812 0.0
510948 36.716236322700745 -5.136602677832416 3.575567683552104 0.39051262970080014 4.1405057982522075 0.366511239996706 64.46722682979275 3.3376619118238096 0.0
511040 36.7821526548261 -5.136146488212121 4.365135645328253 0.381335019105804 5.518043149997271 0.35639361998057595 68.14904331261806 6.0676251420090574 0.0
511328 36.7878429268938 -5.13324180712584 4.269403042916461 0.3808027590491648 4.632879400251706 0.3566508572850993 68.41038367823612 6.098715590330019 0.0
511497 36.68248406244378 -5.1321310900111685 5.351008066848539 0.3826696019835733 6.1061960704122065 0.36241032446907767 62.49021706601543 2.6379923736089417 0.0
512048 37.28626565665297 -5.125474046602719 3.367811034481291 0.4660432082940746 3.991911703296117 0.40748206844326856 96.8805219333714 0.0 0.0
512079 36.45461191710493 -5.126961838293914 1.9138125783181454 0.3560460431789047 2.908036141613799 0.34167250753656464 49.92764891943631 0.530816329096484 0.0
512140 36.87488054879654 -5.126065266062471 2.0914148528013583 0.3775428205410388 3.1851064294236355 0.3499362029940476 73.1978418182917 5.561517293553452 1.0
512220 37.04587636001495 -5.124828402905319 1.935129828402918 0.40359998939132474 3.5222082092752665 0.37595713673864867 82.96148485505395 1.6726734161262895 0.0
512385 36.88012204348962 -5.1236190017913374 1.7323599032221844 0.38561867221245844 2.8837475032190625 0.35787169849687983 73.45116474083693 4.1807025934451945 1.0
512494 36.84147899687505 -5.124286004879328 35.313763516111436 0.40631711533855497 59.26944287268028 0.3745901526177686 71.26745554277677 5.548375529077641 1.0
513048 36.6472531258974 -5.117871110030714 3.255693914956341 0.38907701231916814 3.8106838138593315 0.37022019416435253 60.217745077866425 0.8474498948984419 0.0
513050 37.29257962047532 -5.1164281039808905 1.971153549014533 0.45591286361516636 3.5028276520205326 0.40423404919509687 97.1239821565703 0.0 0.0
513132 36.74272268411191 -5.117196535750889 1.5984238407524909 0.3671307025398684 2.674292115494085 0.3433842673673807 65.5472842787606 1.3222171025426848 0.0
513769 37.30755635595729 -5.109764924984016 1.4938669232132062 0.4707562322306836 2.5905597797574793 0.4268573767088286 97.90777978435108 0.0 0.0
513871 36.84370178199191 -5.110348742132684 3.1453039430883636 0.39315921581151997 3.628728432940576 0.36977986843394917 71.1356444970997 4.534776399647576 1.0
514124 36.81135799961694 -5.1078995864649 3.088708651160995 0.3786296077684626 3.548848302732294 0.35722051074174044 69.2505700197974 2.5474446775725172 0.0
514222 37.34606336860264 -5.105318011648347 2.1977919171935194 0.49766543749346664 3.466281610942369 0.43726121397497264 100.09744961569224 1.1194771540359993 0.0
514451 36.9207571056058 -5.105432098340746 2.725485598992768 0.3976870688800633 4.7327902256720265 0.3719830625739653 75.45326277304326 1.5215526363179663 0.0
514742 37.34007870659551 -5.100740170449301 3.0424181839881994 0.511482394876254 3.7976211978191525 0.43605377149871444 99.68992325454948 1.119477154035999 0.0
514764 37.1407256969878 -5.101089348934732 1.8047821406899227 0.44998903368043497 3.0752434284424397 0.42469074131796974 88.08240925234425 0.978501131004262 0.0
515183 37.40906885141215 -5.096969218654147 4.484183824838258 0.7524656978888612 6.104861353761616 0.45850997856415776 103.67937023610973 0.0 0.0
515274 37.37047530361685 -5.096354366610645 6.899205895685836 0.5422064902736761 8.76435693712514 0.45440781064613006 101.41283091373295 1.1119099251041769 0.0
515515 36.76638908965849 -5.095070445119713 1.6657320893645697 0.3778188183533072 2.9689549890885374 0.3569630892621584 66.45689768161435 1.3222171025426845 0.0
515844 36.96337371570039 -5.091856990116991 1.8523476517942825 0.41253561322619553 3.3404475013935846 0.389019992206404 77.68197730522087 1.6494812172089344 0.0
515981 36.670652999676285 -5.091303953525356 3.0033711377000585 0.40348005526485625 3.88318561495244 0.38544211542805307 60.96867222364042 2.007155511798233 0.0
516066 37.24300978228116 -5.090140193867183 22.45792541874121 0.4943717337654341 27.863849239112824 0.4651706511454967 93.8864717063818 1.396460098926394 0.0
516160 37.43213677199613 -5.088295910844673 2.8368144492663694 0.6098620474572622 4.382343673590248 0.4914762458608656 104.92937312947981 0.0 0.0
516327 37.02437878302526 -5.091259677340801 9.983267165502454 0.41968335617478897 10.692789515780056 0.4006313456188296 81.19605881415616 1.886515038874282 0.0
516690 37.34439129616984 -5.08459554565711 21.11100744677202 0.4891722468983531 22.167694994197596 0.44237534096192616 99.7436270256074 4.6159065005660995 1.0
516820 36.88588456445189 -5.085392545404852 4.643774091675615 0.41271334359173073 5.679397353459582 0.393675154947011 73.1170154081148 4.6646620541184936 1.0
516985 37.30263271596564 -5.081070465490586 2.2693844460216956 0.4469545457858106 3.93468059302226 0.4140448059371297 97.25655291892649 2.171031994053255 0.0
517043 36.90634012772752 -5.0816871863266 3.1466664241290574 0.3773454617935949 4.542558662226806 0.3567415082490045 74.23364935438487 4.1901511247383 1.0
517499 37.38857705616568 -5.076393579447768 4.2632052483014675 0.5064841642323069 5.350485009681757 0.4450032612048715 102.23754202295325 8.211170375003249 1.0
517575 36.90333381521759 -5.077010341166048 2.7577122745061486 0.37386168212336995 3.407247150580991 0.3525490024646714 73.98586207526756 4.1901511247383 1.0
517622 36.99072842547456 -5.076697933135707 4.328282952777309 0.40245420648411695 5.089836138458095 0.38080292987379055 79.03071088460922 1.6494812172089344 0.0
517684 37.09657727581894 -5.075485572763002 1.9641615270850394 0.4142721924118186 2.8697847315793577 0.3828432211743631 85.15839620478448 0.9594335844826665 0.0
518204 36.82344564216593 -5.071663553273251 3.776053930092159 0.39838991700348375 4.4103713419397215 0.37638650405305785 69.30298056579318 1.3430492558818943 0.0
518327 37.07006822253193 -5.070310812729604 7.6636442757491015 0.44359656705539496 8.781168436485697 0.4276567609249723 83.54506249188186 0.9594335844826667 0.0
518434 37.377411199641735 -5.0678989627755815 3.384430973363267 0.5028273649259947 3.897150965042967 0.4487357437362704 101.48609882615939 7.154062473307522 1.0
518536 36.855707761322975 -5.068479769295537 2.1109032813879884 0.3868914634376517 2.9523860482803235 0.36855869570706296 71.10591601017786 4.698749179698828 1.0
518657 36.86347791259121 -5.067380897910292 2.4528414982817774 0.3833088095285645 3.804636149543458 0.36652276935538225 71.53591164038794 8.383622248143753 1.0
518684 37.19361686786146 -5.066180624521369 2.570241218928651 0.4539167028753704 3.819471450523879 0.4330044034688852 90.6967076346165 0.9785011310042621 0.0
519128 37.41243397799221 -5.06173476831409 4.097860892191845 0.5388361174444857 5.767057038148472 0.46678622555189286 103.47616518814608 4.366954610046469 1.0
519244 37.26791209505905 -5.060424478581029 2.1055380777522257 0.4666594393067623 3.4809999607604993 0.4404022090965183 94.97642892579813 2.3432951529691737 0.0
519511 36.89526739424067 -5.058516488095411 2.0041412358705712 0.3970329710561455 3.5038038719193128 0.3805061870191704 73.23367368462665 10.994343049634445 1.0
519550 36.9944652731292 -5.057961764325888 2.2888370617681564 0.42736765128302434 2.9745521612107666 0.41072373365191417 78.97764328875573 1.366894254791601 0.0
519583 36.90306113678842 -5.058050306448253 4.100387405647456 0.39140116139943376 4.791733795641924 0.3736686327114304 73.6775527311054 2.425318676587489 1.0
519722 36.69921363547458 -5.057026689594839 3.812744456503893 0.40146737954717143 5.088362737988282 0.38550803168157133 61.93839063818405 1.3259370191461928 0.0
519726 37.38864296337951 -5.055676324299099 4.5892125988779995 0.5073391070464696 5.806565719221312 0.4637966315373734 102.01215961408249 6.228580752306289 1.0
519745 36.888226927014856 -5.056058257676956 2.8575916059914257 0.3981963135079487 3.2126281688867873 0.3798060823684333 72.7893143584133 10.994343049634447 1.0
520580 37.26291307611193 -5.049198921700025 3.3714858794280613 0.4613856627147641 5.4315628302969365 0.4367287270451825 94.55399496843951 2.3432951529691737 0.0
520696 37.34719875514925 -5.045505391497319 2.960843136758222 0.464948754448258 4.023973173781819 0.4294486645325932 99.4661256445143 3.0118182041071453 1.0
520703 36.66889619349844 -5.047918995943917 6.039246042289351 0.3957599564729368 8.796575601023466 0.37899301394542617 60.04587154424304 2.7926980072429486 0.0
520964 36.87719768443924 -5.044567620402153 5.7149666865750595 0.3783313907399576 6.15450574084135 0.3599884040293179 71.97970574108827 9.40373285826004 1.0
521464 37.41925713330165 -5.037396633914368 1.9555526323149852 0.47840314673521495 3.4442669819977283 0.42194905614124906 103.62623260645447 4.98941290860553 1.0
521483 36.88487573531264 -5.039010141215611 3.449053139248854 0.376629160398519 4.691918004551906 0.3582727581047627 72.34437832685052 6.275371094860029 1.0
521540 37.31458974806488 -5.036971999260537 2.2237094918951636 0.47555907131496344 3.5367426602972585 0.44774765375495545 97.45742024557596 2.750483495992217 0.0
521672 37.13158105932397 -5.036115489465272 2.739140301011742 0.4557377193459851 3.7737161960717427 0.43688725572698134 86.70045435577924 0.8025382772827857 0.0
522160 37.43492521423868 -5.030929125858611 3.769975600629007 0.5126291460838899 4.8402282857425 0.4618441364872958 104.48714075296462 3.7804493587422696 1.0
522349 36.65530414069114 -5.030851904845181 4.341660323992852 0.37886032437697326 4.746532631853966 0.36184260485055314 58.970611357486824 0.9055882917081853 0.0
522646 37.39742477195958 -5.026352496485798 4.028067845774957 0.45856362156713426 5.2403366294470635 0.41500970827855094 102.23075808013459 7.038029911095399 1.0
522727 37.407088604398034 -5.025470046705926 6.372365810031267 0.46927887568781945 6.753422220038383 0.4175701928237436 102.79241104943142 6.450872558057422 1.0
522803 37.401026148156994 -5.024246052435355 2.7427942328805934 0.46035975545540236 3.7794549988141317 0.41262858261429913 102.42298730003286 27.628843583661965 1.0
522888 36.86651670509958 -5.024951597355806 2.3852569226203375 0.3564118121780009 2.8976808989369 0.3368629968879918 71.07955013397869 2.325323588189685 1.0
523083 37.32783396469838 -5.022158399425618 5.712987845282832 0.4743901191559188 8.169001851038704 0.44355385874521136 98.0860024677395 2.4718615463150417 0.0
523142 37.448149339884296 -5.02132962403165 2.9320820372811345 0.5218771416661117 4.926488239985068 0.46025490832305044 105.177474162918 2.3843933926094234 1.0
524173 36.55115597981813 -5.01372077691786 3.4282366151049946 0.37030217957857775 3.937513113337944 0.3542897790759899 52.71697304350317 0.7110803043536856 0.0
524493 36.74678265294071 -5.010567691033528 1.6165954360867318 0.37340168143214625 2.384441275746509 0.3471577841018639 63.92272486866568 1.8155241547721706 0.0
524610 37.05268375090723 -5.010070467063692 5.161342657533845 0.4020123853246183 8.170225141778765 0.3834157293444145 81.77156874685932 1.5380629393074476 0.0
524799 37.4473199661647 -5.006295073178522 3.5794616231487355 0.5321721638089979 3.90511349744442 0.4688678917794083 104.99374337114264 2.627651147463599 1.0
524815 36.882144033628045 -5.009590413995661 13.860553929586475 0.39755523205650134 22.348293373283656 0.37731407411007517 71.78377999521139 6.319243623085759 1.0
525216 37.389202264659126 -5.003117582928105 2.774184155058414 0.44313943373967246 4.490898202866721 0.41034700356928905 101.5296046212862 5.1427079744935185 1.0
525674 36.72856582169315 -5.001035267722008 3.9235228443619716 0.35591687385817405 4.385502828372584 0.3395450645982027 62.727954007406595 1.8155241547721708 0.0
525996 36.888603618304366 -5.00000495424512 5.933570629618421 0.3742887995255222 8.948659997517483 0.3573736891380833 72.03934632342315 2.8696265412283397 0.0
526040 37.38389797237295 -4.996359636588535 4.813606057266168 0.44008413954375114 5.662128823690795 0.4081570976597601 101.15653497613143 2.016268378949981 1.0
526084 37.21129283301684 -4.9968268429137686 6.886742437946706 0.4120216274385502 8.020550952190773 0.39295922044997633 90.9654677610967 1.4169216787969514 0.0
526208 36.82564625287171 -4.9959627079608255 2.735435214520329 0.3610466231984911 3.25613077819564 0.34467205621300834 68.30995320456222 1.2985081534588663 0.0
526223 36.76423271210656 -4.995945205058069 3.1015963008953835 0.35455589554728395 3.931748249824745 0.336838381891393 64.72979008109851 1.6709643435144 0.0
526244 37.09083916615935 -4.99598629986452 5.6499719805894335 0.3822124920395509 7.555806647888722 0.36493146001297333 83.85981485741091 1.6658686169246697 0.0
526554 37.08426185357538 -4.992288683211177 2.881761727735873 0.3966324173822309 3.942012049584987 0.37621899683714605 83.43405227392128 3.220851182858488 0.0
527532 36.7028144954112 -4.985339943779331 4.261926612956257 0.4013637500348203 5.606176440849676 0.3866148224882354 61.01049224722034 2.606715057032471 0.0
527533 37.48932194380594 -4.982328904588383 2.5207857954591693 0.5726373617645975 4.177858157737477 0.47500785542596274 107.28387620548801 3.813612035426421 0.0
527543 37.27339679889149 -4.9830286241907125 2.67587067992243 0.4262359315736402 4.577698526731593 0.4050442721134466 94.50555470769045 1.995672544942914 0.0
527886 37.29671189808274 -4.980218572911379 3.1776599002842163 0.4334687654678622 3.7715873165679223 0.41461166914163117 95.8600558752224 1.5989518316329139 0.0
528005 36.61070904446439 -4.980572284375008 1.8934322267571149 0.39014069535519874 3.2292076076733496 0.3676856138411698 55.59651232353744 1.1408855714755526 0.0
528209 37.03865226686773 -4.978162211162494 1.4396098717876644 0.4063238840131377 2.4545602199298138 0.38880865132651526 80.6030217131602 1.7070199867500806 0.0
528275 36.96903811364866 -4.98140014881223 5.183767260159211 0.3913939556822619 7.137961785591147 0.37560841968245584 76.5397729512647 2.722997501937349 0.0
529045 37.03445229613772 -4.971776914177754 6.077588250627746 0.39272735257127944 7.994779612485758 0.37624330794489796 80.291581560718 1.7070199867500806 0.0
529096 36.87054273639452 -4.972965414489281 6.011795946924043 0.37151551981081987 6.581968132618096 0.35390247734499386 70.65997317729331 1.2463287607459979 0.0
529171 36.93685782071228 -4.97116459547302 4.157978854423711 0.3856956731743558 6.914751283605178 0.36911024475543125 74.53741987298362 2.7331065993153283 0.0
529200 37.285747149418576 -4.969141980119482 3.849117188851795 0.4224862190611602 4.891790487708755 0.39966523693077377 95.11805799434364 1.298715802397231 0.0
529310 36.69223935811356 -4.969579038443846 2.494261363939022 0.38261299245590247 4.193271031702064 0.3655342281451735 60.18222341658691 1.5477457709956297 0.0
529654 37.20500792802773 -4.965604084565114 4.399333426781394 0.4114920604102338 4.9666690679347285 0.39446033926612684 90.30951191141885 0.883444606726436 0.0
529671 37.488660344842856 -4.9648776262552206 4.922620932101927 0.5348541458649912 6.176411890676401 0.4551730027626212 107.11496874949539 2.1107143062586733 0.0
530148 37.4061905441021 -4.961652171686016 9.433414645687582 0.4453040416807665 12.953067794373135 0.41679156513671833 102.19814043359148 1.6679477563356107 0.0
530873 36.9473457116442 -4.9547507114914096 1.405308372150201 0.3812168986522002 2.476119476041753 0.3647090502120552 74.98776674467277 2.7724650890553306 0.0
531388 37.4275920142762 -4.949045012331342 1.9458389634551603 0.46317669120457877 3.4913872498976173 0.4235151519181183 103.37866891622352 3.6703165259808825 0.0
531505 36.968923109751245 -4.949554556655141 2.1775691273952296 0.37986520948727365 3.493144279957868 0.3638700775670382 76.21131841864205 3.8704745524723343 0.0
531839 36.95184120728508 -4.9459688068097645 1.7340922538245658 0.3830778802202068 2.554571052407022 0.36529295881824175 75.16917014636692 3.6542745406949444 0.0
532339 36.917345330221735 -4.942130704913987 6.689032556746931 0.39673618412586226 6.83783554305463 0.38132223907812884 73.09645486631611 4.860662124640956 0.0
532423 37.45718147374495 -4.939205484874357 2.476852953213131 0.5099400279340428 4.179642537793948 0.4691863304559465 105.07136973382397 1.921246384669447 0.0
532602 36.91429259293012 -4.938926468477532 5.033167811911187 0.39769730864769337 5.950028512866222 0.3814745518516957 72.88625728750755 6.5681208742275565 0.0
532625 36.62396819608318 -4.940538004748899 6.30350658641464 0.36346855399725597 8.333792116484146 0.3476656744525611 55.82522293055867 1.1408855714755528 0.0
532744 36.62906349400631 -4.939683777823662 10.043697488633923 0.3634935949312997 12.190857472082815 0.34825809194646085 56.113043062571876 1.0586605200352852 0.0
532970 37.55333138036117 -4.933841576268847 2.810967966137394 0.6097964971552341 5.21003983228655 0.5186838655526064 110.75575918671574 2.91683489848198 0.0
533203 36.96674735779391 -4.933595761655958 3.3494119461145107 0.38927704696797694 3.599372309892508 0.3748664612496231 75.93894257539013 3.932359727809615 0.0
533253 37.07117483500001 -4.933406631131931 2.9294119962022585 0.39985663007591393 3.3354524896258626 0.3839934220423691 82.11967428642339 2.1267174102895745 0.0
533390 36.95740007178664 -4.932124970167018 2.9446520771267495 0.3873349871566627 4.339162081408755 0.37094547554561763 75.3732979073372 3.6542745406949444 0.0
533508 37.019521224009445 -4.930213716030286 2.632652344816721 0.41422813328117913 3.168206986472536 0.3987672730144467 79.03420200059753 1.5529823285507094 0.0
533907 37.24541771364797 -4.925999106832251 2.0908538003199597 0.4348070121172255 3.504742704281171 0.41505191199325814 92.40216948560509 0.7780609190510277 0.0
534110 37.54564497089689 -4.923354245564284 3.8735472736916337 0.5808541591213444 6.296847645078852 0.509720820562127 110.23821743598381 2.315723529754148 0.0
534305 37.41465239399336 -4.92203339751185 2.8427585151117096 0.4867642733040598 3.779516237021159 0.4384884000175263 102.43634583987009 0.8653403604372576 0.0
534377 37.569808504574894 -4.920661776405037 2.6688237738254355 0.6436861053521155 4.122632898028209 0.5148683292784747 111.6617944361256 2.6817903550203894 0.0
534553 37.14070203110272 -4.920620658137589 4.586358189356585 0.4088253636345938 4.990000364374206 0.3951852522972745 86.14700191107522 1.0837842634597639 0.0
534563 36.90686719728149 -4.921049975673284 2.2424658798758728 0.40011982264123047 3.3985231463992327 0.38386007009109807 72.28864130935618 1.4290454820158225 0.0
534591 37.02484205037323 -4.9202311370732845 2.435282064007732 0.3951931433888928 3.3005794026936415 0.3799932502718641 79.27051402592875 1.5529823285507094 0.0
534712 36.72378195651075 -4.919904496808703 2.144707968804537 0.36980447871275685 2.5297049331156476 0.3548863865524757 61.461769349907705 0.655414358133007 0.0
534845 37.07185540920016 -4.91820074732477 4.167956261967633 0.4001969880105509 5.1464036659953605 0.385069713459308 82.04369205409765 2.9396629999019357 0.0
534880 36.72812719462234 -4.918106978978062 1.4513142888572648 0.3712001757334265 2.4372154416867136 0.35522396101761555 61.70032994159544 0.655414358133007 0.0
535332 36.70363020907378 -4.914040374180804 1.7502370394725333 0.3736934301373816 2.6435921591300184 0.3506794598610443 60.215732005554344 0.655414358133007 0.0
535759 37.60080409192299 -4.90800255949406 2.4047143453358317 0.6586054276736438 4.399450405569944 0.5140786879229378 113.44228712560889 0.6895031892213029 0.0
536271 36.72074851460686 -4.905718007799868 1.9019065816467693 0.36349683072124817 2.6232848329797727 0.34791318731398363 61.14772598641966 0.655414358133007 0.0
538252 36.76826489486621 -4.887220911540583 2.3482490349561584 0.3951979458006115 3.889778621617203 0.3788398723840951 63.8048849197817 0.819909716918916 0.0
538497 37.14118027607103 -4.884332146833028 2.3047556344002422 0.42056092817343255 3.4247502272870665 0.4064814177229485 85.94622276035014 8.566572557417286 0.0
538626 37.64638934691896 -4.881514043452651 2.641344394625791 0.7468966202626651 4.848506033756964 0.6649162561043882 116.0417462264897 0.0 0.0
538829 37.16114839609723 -4.881260832716383 2.4092384214783893 0.44227229765535536 4.477797554676915 0.42790410802884205 87.11823135601693 1.0731074661179167 0.0
538846 37.12603271074552 -4.881031386873853 2.892851147449373 0.4090029408156094 3.5658184689059444 0.3926357445855819 85.02627814672657 4.547983425000871 0.0
538848 37.06801157389855 -4.881141480935541 3.733329810339037 0.4054312836154563 4.130412268333759 0.39136212801072334 81.57342283075289 2.588439988044801 0.0
539086 37.26235828112118 -4.878846021511825 2.48643309515538 0.44374049978350283 3.8518438085087117 0.4270711763257513 93.13423856362348 0.7780609190510276 0.0
539142 37.47479970876341 -4.879054671380903 11.797854602143921 0.5315185232365337 18.04862809365645 0.503537124547878 105.7980592532128 1.5007812805336718 0.0
539184 37.08758776975058 -4.879132625631328 9.20722842727777 0.4137657102040532 14.020728768060229 0.3991133011147821 82.72721293094412 4.293819904305276 0.0
539210 37.54868258537108 -4.879480721448182 100.9746905460466 0.5986900080950315 134.07970980674722 0.5482901627916956 110.20577765235032 1.6883377811248033 0.0
540192 37.143927092741706 -4.869120911507686 2.5217373359000796 0.40817020018226435 3.2465464002270408 0.39397255162308964 86.0300584774645 1.576293856615165 0.0
540600 37.28736537357344 -4.864992283717154 3.9144387042703794 0.47909478167774067 4.135599374687733 0.4642278774373815 94.56097032259224 1.0139942696447175 0.0
540601 36.91051640996746 -4.865882038561346 2.883299552641228 0.38690669127948535 3.5197577601189103 0.37022554444980854 72.11347454298041 1.6277539176985945 0.0
541116 36.74485832984556 -4.861732623552783 1.9426240036300297 0.36934547617933006 2.1039678012015233 0.35260517585758305 62.23531499578237 0.819909716918916 0.0
541139 37.474531040421205 -4.86111942008768 13.050890535065143 0.5019107437925465 23.588846841599686 0.4770857276472683 105.71010807261824 1.8292799642394928 0.0
541147 37.58152512958851 -4.859324688992456 2.018503299037595 0.5492810294549091 3.216889335133014 0.48955774952662895 112.08896449347317 1.6883377811248033 0.0
541250 37.01847706337111 -4.860688049090034 8.400693061953852 0.38685732934157646 9.577767925741437 0.3727558611203818 78.51403360666066 1.7176814725445524 0.0
541414 37.66056676878773 -4.857254561246528 5.911106797705545 0.6810081856948847 8.661266789753554 0.6118410099869303 116.80028919001722 1.7571900503177702 0.0
541486 36.82619714683645 -4.858541270606495 2.3193210268321005 0.3803956108681657 3.899316863733591 0.3605166917677691 67.05352046461437 1.0354665372030616 0.0
541630 37.10722390933928 -4.857864703246081 6.458231961163267 0.39073798707798474 8.826934096828653 0.3747736830637896 83.78922822049327 4.792827962224678 0.0
541746 36.89968200417607 -4.855916388840721 2.53383684530566 0.3788241310318949 3.2653516866858423 0.3639577633124979 71.41357162164788 1.6277539176985947 0.0
542364 37.52379836251693 -4.849494055766611 1.8692950723481803 0.48352717648351556 3.496796471372415 0.43779792772236054 108.61040288031926 2.8380557812863163 0.0
542388 37.091466004193656 -4.850323079375492 2.6777571850489656 0.395827843483619 3.6746460377069803 0.38216769468521294 82.81626115410852 5.330894523643808 0.0
542588 37.67585803125087 -4.846833078670918 3.119502444717482 0.7120309936592778 4.536253060741187 0.6063842805557338 117.68153566305253 0.0 0.0
542827 36.97890911006116 -4.848489829106495 5.975831714856397 0.43128848421826677 7.364850263499884 0.42002982310677756 76.0973912052615 4.619959663865825 1.0
543024 37.0298052158668 -4.844930711617277 1.7618419099228917 0.40270073945001844 3.066505519043748 0.3882071724197262 79.11615798647149 1.7176814725445524 0.0
543492 37.33771336460392 -4.840694824573539 3.9972162212500297 0.4255217670504117 7.0998352462465215 0.4097026671263343 97.47293176499116 0.8843777874371984 0.0
543569 37.09994294239476 -4.839996250526041 2.0749605057146834 0.4017314072036676 3.2127216377290915 0.38709492082257085 83.27992094614737 5.215288414057513 0.0
543717 36.8457402610842 -4.839330694716691 2.1898262538160678 0.3813319290004495 3.6137929407282066 0.3609643292480039 68.11713817904766 2.771838636238015 0.0
543830 37.09677490695409 -4.838712414750066 4.442162995964388 0.3957534843139866 6.649181254812343 0.3811215527253875 83.08601133949232 5.215288414057513 0.0
544109 36.59750774424097 -4.836536378202652 2.420576606443712 0.3482743344413287 3.591628945810939 0.33156469484231177 53.317637112437936 0.6546577505376668 0.0
544252 37.10419728584707 -4.540641338981273 1.868696963844966 0.3978720524240207 3.124495338472029 0.38372532761813377 84.31793635304061 2.4543012299225104 0.0
544416 36.66653824099773 -4.506633577720316 1.582829738530115 0.34821612172160377 2.8055756887679983 0.33266929396577705 59.0393181857128 0.5839749203378966 0.0
544490 36.87471306324459 -4.505822259390544 2.060127322747437 0.3589894837144953 3.5768472397726065 0.34352810808824613 71.178962283361 3.6193612371911192 0.0
544755 36.9743634542255 -4.509949934367474 12.898635776641804 0.3849608333362074 17.263545070822882 0.37187145248837694 76.97370895703378 1.4449466975788312 0.0
544845 37.544616496884856 -4.507712160232054 3.2050287376136133 0.5167435465648574 5.290899129194551 0.5007267328654994 110.67672583261529 0.9255908964306452 0.0
544900 37.59857529207383 -4.509199331764531 2.104605599429893 0.5188773384707679 3.7951121809941206 0.49660935208762086 113.8650464415356 1.5091693250547173 0.0
545387 36.88054225775925 -4.514023512284414 54.99725835356565 0.41101015016266185 79.05622308306832 0.39559371574251817 71.42057468719261 1.388464789466653 0.0
545983 37.251695712016414 -4.517102775205095 9.10148054172123 0.40869899230145657 10.435973051265906 0.3953027375672361 93.25227296571765 0.7793424422211073 0.0
546198 37.090186215377 -4.522328115194744 2.978680224142051 0.3860663648668795 3.3141025484681665 0.3726820990093618 83.66289936847824 2.4543012299225104 0.0
546354 37.61834785586767 -4.521490657959993 2.7681894410719248 0.5429791552393178 4.89256770645658 0.518954363461358 114.9467969005462 2.6794374630581332 0.0
547532 37.121328268543074 -4.533977705276252 2.730016121262383 0.4255030549787385 3.849477619441723 0.41329389659644283 85.39128524252253 3.2818660780412823 0.0
547585 36.98447933415786 -4.532610752988421 1.8428101463781295 0.37016296389942027 3.270388598279425 0.35590000319693005 77.32596297299071 1.464524015000477 0.0
547830 36.68535326111662 -4.537683654135159 1.9971770243749447 0.38026240310283643 3.4622558204211953 0.36735861102440087 59.70392865223024 0.9870642122153143 0.0
548421 37.64940626925796 -4.540508114312948 3.855314909796766 0.7649675545819026 4.997485883373557 0.7369890674419581 116.66116304965553 0.943645578477205 0.0
548588 36.5983175812168 -4.544839083613405 2.476867447790253 0.35951012494294926 3.0651510956618733 0.34415140253074133 54.53131220070521 1.244728920649106 0.0
549161 37.102859524422335 -4.54829897431472 1.7913154445708979 0.3946029859761732 3.20248960816648 0.38208104032008217 84.17109627680135 2.4543012299225104 0.0
549239 37.37226186263686 -4.544232698100829 3.4162491670138966 0.41937165017512074 4.416514961461191 0.4040778687452968 100.17149228124579 0.47857546722355987 0.0
549585 36.73666617383583 -4.551747601929585 5.61309322726768 0.38978296028572207 7.956543304806131 0.37659174873850265 62.53877669803134 1.51668104257267 0.0
549838 36.99398436062925 -4.553578817235157 3.8056884337414916 0.4077530749312173 5.876698292358961 0.3956871937935748 77.68440245085347 1.4670298147726204 0.0
550175 36.57206455613112 -4.502727258012843 3.9067468539527366 0.3578294543897085 5.588834517319986 0.34165483593967977 53.64762179947387 3.2118263534603404 0.0
550447 36.58586195995997 -4.556110022993689 1.9257230872784605 0.39135779860115855 3.5083080571555283 0.3720430115555808 53.65484122936958 1.2275442652781354 0.0
550529 37.156952051241966 -4.5031440816940025 11.907307261094275 0.3967896425907183 14.533963878961682 0.3812846765749016 87.79257300201519 3.0311943763429907 1.0
550580 37.7845666990129 -4.559698521237218 3.731742976450555 1.0718397725220519 5.882670721163345 0.9562742924450527 124.58766021111481 0.0 0.0
550777 36.82738739825409 -4.564641359252821 3.687279949462961 0.42444952046973167 4.261193319959938 0.41210983514389005 67.74102521934341 1.6927287890951275 0.0
550864 37.09495809528256 -4.564521754188258 4.609325030981101 0.41555651617798595 5.549209713872621 0.4028419620137124 83.56738742865265 2.1012039412467987 0.0
551225 36.981964607049534 -4.567490183926433 2.642723681640594 0.4028432676416392 3.5214337531533215 0.3899140700289919 76.84988225647615 9.184790421094217 0.0
551436 36.97386746260339 -4.569432342017631 3.8477692576407403 0.4072348838325732 4.334523172117081 0.3943858957073896 76.3539069668982 1.413195257604708 0.0
551776 37.188215282961536 -4.571362125063069 3.238354569877473 0.4407420382440148 4.104696641584009 0.42768797859742647 89.04700442552715 2.1591348506333126 0.0
551955 36.80121648978588 -4.576224897859934 6.350006405376689 0.36710248463691736 6.915205275124938 0.3541606907773284 66.08395075066366 2.3726308345856992 0.0
552350 36.80305016167199 -4.502451130405032 1.79607904037733 0.3626694382910696 3.310195274597283 0.3486254659361026 67.03546208921321 2.1181151775194986 0.0
552862 37.40157185146758 -4.583348138893276 2.086440873825343 0.4225829717702593 3.060766624213829 0.4086256758441721 101.65077256770446 0.8175542605202624 0.0
552998 36.79834570150293 -4.596193995267469 5.259081598574133 0.4005392955089503 7.661848200576402 0.3875189010165122 65.73463922025742 1.4812750267266113 0.0
553569 37.20619889164195 -4.589189384370803 2.1666724100456745 0.4122209233655397 3.8565170664488386 0.396510944369988 89.99264771913569 0.7179662631430069 0.0
553707 37.7497172483837 -4.589336190355606 2.8188713783449955 0.7712722294493736 5.068229641443592 0.7116073040299146 122.35704146302082 1.0254454962711845 0.0
553724 37.17625103379115 -4.59027730402747 10.219972542391433 0.4329351339801566 10.673588345032522 0.4177230304962278 88.20509118997114 4.472680936321342 0.0
553928 37.29081911721123 -4.593215205410318 2.1808156271991668 0.44531757634926666 2.484894865064896 0.43249267306821354 95.00089284637986 0.750898285313893 0.0
554236 36.844355932942 -4.596475722952663 3.5387782551338334 0.4211159403915208 5.9173917715845885 0.409174968748071 68.45762547826052 1.5594462931828639 0.0
554239 37.12798159686671 -4.5960233902722125 2.908789693866579 0.4141764326822854 3.36478273607818 0.40130036151965376 85.29783382444927 7.108550451885305 0.0
554261 37.18688934464843 -4.596965811512499 1.9903014931700955 0.42853507918919725 3.549641176360112 0.41324683986893823 88.79471918961117 4.472680936321342 0.0
554323 36.99748527128696 -4.597123183031363 2.7363312998510567 0.4085620190116758 3.1425974445566127 0.3950348733618243 77.53670835335133 1.2897744037388825 0.0
554475 37.57128238569604 -4.594509819256362 3.58779773623931 0.5815835928160832 4.207796181883591 0.5612610044001112 111.69606884901364 1.377243205768114 0.0
554525 37.15620707635939 -4.597308125476145 68.35643859855784 0.5471719320048181 124.94876162397988 0.5275237803075741 86.96776174229208 3.77075515265692 0.0
555117 37.11034057252287 -4.602378868866199 6.700455959511926 0.4113177805161332 8.011341186291624 0.3950547090156491 84.20783685582997 3.3066258626790574 0.0
555125 37.54753310873628 -4.604403843549532 6.318995616766012 0.5266093656072394 7.163819135048587 0.5099949559282885 110.23147327002238 1.438415800185589 0.0
555431 37.1705704456916 -4.605226209831348 2.0912694834275056 0.43120782802498675 3.190603226138858 0.4173646258319459 87.77318775321152 4.472680936321342 0.0
555623 37.06090851327666 -4.607783795788371 3.6307660168677853 0.395027643722799 3.817990038439013 0.38137431457598375 81.23376762283506 3.4581005604304824 0.0
555705 37.133442737525925 -4.607634452905638 4.100986766541069 0.4131673190976955 4.460357742103512 0.4009192296531251 85.54943485436016 2.158865150737422 0.0
555765 37.0466665328883 -4.610267286855173 5.786015097818487 0.38545962439446424 7.134854015650195 0.37093607340886964 80.37103759194233 2.8133043470848835 0.0
555790 36.63169614326614 -4.61075217964968 2.73473266034131 0.3606875805532128 5.012314554051864 0.345766912475867 55.74697418107134 0.8407530086262374 0.0
556016 36.88556684887693 -4.612532039403529 1.7793179128953345 0.3980689122838956 2.797282285873543 0.3853944785491135 70.7809084716814 0.8543687919299423 0.0
556323 37.778437640857206 -4.611103285622489 3.402650233202706 0.8341068916376622 6.171746183913682 0.7261698417483624 123.97273436252709 0.0 0.0
556621 37.181224678233605 -4.616995486146195 1.3012803132920496 0.4213360987869234 2.3620578362467683 0.40852715139650636 88.33988566369787 4.472680936321343 0.0
556753 36.90342370319863 -4.619746451293137 6.180928231466493 0.4031994981417962 7.928874041120939 0.3890689183107547 71.79280458053266 0.8543687919299423 0.0
557369 37.05808685757435 -4.623309698134236 2.732134539622867 0.4026423840777187 3.022063156497743 0.38837860256438883 80.97232587030283 6.689357510786328 0.0
557746 37.07570814277187 -4.628861691178231 3.1206684017617623 0.40723221141308785 3.6189622741890135 0.3928992070070903 81.99095031037305 2.0791676666356946 0.0
557802 37.065063210847285 -4.628674479738374 2.4936139886075974 0.40479338672485743 3.542025261419182 0.3910411293008689 81.3579335702073 8.665739563130078 0.0
557868 37.052555224450245 -4.629203155306152 4.9833007203504405 0.39868041139662513 8.038807581149628 0.3847919406357367 80.61010649020932 2.2675923142491996 0.0
558032 37.48200922651107 -4.6245056208956425 4.346675595017033 0.48764828023343104 5.624716423136382 0.47062676359024663 106.23210924975865 0.7466381267605399 0.0
558465 37.55901362759552 -4.633919379581013 3.7228087364392604 0.4477576145132949 3.965063860372845 0.4312844846829675 110.78813317891418 4.031507202702405 0.0
558920 37.30463817516885 -4.636597473598583 2.113962152850848 0.4078742142339669 3.35488314249657 0.3927302540169675 95.59988532817152 0.7179662631430068 0.0
559547 37.19243375881994 -4.644193579946022 129.2156768946643 0.4844424066902291 138.54775989644105 0.4708533541649979 88.87430009421642 0.43293118168719824 0.0
559696 36.630664421814 -4.640659851393823 3.511052210278036 0.36865488611049224 3.908277624953342 0.35406130991563967 55.443969655753776 1.2950219036799857 0.0
560234 36.7222072808304 -4.651886176011975 2.4995217719663687 0.37222035124450453 3.5561888759604283 0.35367421998596116 60.81371854173264 0.7858187951210631 0.0
560308 37.22017615675185 -4.650787481952047 1.3323996362648363 0.40631884228202336 2.339193607756222 0.3920852821700601 90.50178420000805 0.4329311816871982 0.0
560316 37.56476428997395 -4.647719347875013 2.1201552233755856 0.5089900818662106 3.626042884321755 0.4820318685631574 111.08142844856602 1.4762921320805076 0.0
560539 37.51868781536923 -4.651292276783922 4.724062353814035 0.5181575342029665 7.596576099326073 0.5009405048561633 108.3182407835126 1.532579539030733 0.0
561481 37.67124606786001 -4.674083657660823 4.8459013379889235 0.6463910590781413 6.6745271501317 0.6038799970297114 117.36541616163957 1.2956576095430128 0.0
561624 36.56283012667401 -4.6651935068875385 1.5211816499103492 0.3491391736589061 2.7936420658378136 0.33352344263563305 51.25040467591443 1.5832294182094335 0.0
562221 36.558126559189 -4.666375305415069 3.7328852301647766 0.37334634197859246 6.830890854115228 0.3574969114611243 50.96346746459391 1.5832294182094335 0.0
562695 36.64184876395731 -4.675013300132984 2.001751527648582 0.366086441175894 2.4006353282226853 0.35111819247718973 55.90325585363057 1.2950219036799857 0.0
562905 37.74110410289341 -4.670791083396701 2.6657302774515355 0.6791684128413273 4.491720636591465 0.6013178457002374 121.54753873914427 0.0 0.0
563182 37.63665931894208 -4.6767107076991445 3.313087587345783 0.6752797417533514 3.875895689865456 0.6437438228682923 115.29247693148076 3.2373327422941234 0.0
563443 37.080438599205294 -4.681251477731935 1.8086964132130379 0.40159786144358334 3.092716576701472 0.3853088647730644 82.05171149325535 3.162860894340994 0.0
563489 36.86443089109773 -4.6806956891418565 3.064481011545708 0.413709451352619 3.562327614842842 0.39952942624246884 69.15653175159133 1.1888122974188522 0.0
564752 36.68437558976992 -4.694901510889972 30.050231879768354 0.38259236809335706 38.911196002197904 0.36721048823342006 58.3577733982974 1.2875538561216135 0.0
565308 37.69713267400756 -4.696010212453992 5.036370671434959 0.7292550450815027 6.985083686681547 0.651933940389814 118.86721427535471 2.885341864310034 0.0
565672 36.58532243498276 -4.701311303107775 1.5947475224052508 0.36509115527671737 2.7898349831988773 0.34763435548382465 52.422267761902184 1.6312756085157156 0.0
566103 36.814172519646654 -4.703546584951073 4.915739138945082 0.37051912391394276 6.312325717014231 0.3549684457498913 66.08382812799348 1.1252293136809899 0.0
566127 37.70478860626636 -4.704081737609199 3.1317941960493614 0.7187936029439332 5.58427250111533 0.6594323148082648 119.31198225760883 1.4755487907930205 0.0
566152 37.49141891565876 -4.705144279014143 2.1728017560000934 0.4771500811724072 3.5597014626804606 0.45923461533271726 106.55545670989159 1.3327917705499468 0.0
566338 36.85185126419221 -4.708033173957014 1.6476145125750532 0.4040904528689989 2.8779383456042393 0.38863306803427833 68.32425353707507 1.1888122974188522 0.0
566769 37.07707626113759 -4.707796813540747 5.0080986948700845 0.41199399805432496 5.69625646207282 0.3994491167081112 81.78455332120808 3.162860894340994 0.0
566846 36.86610728249033 -4.712230534611119 2.4042841492336575 0.41283565192555344 2.590934944352105 0.3999544654429979 69.16721224221806 1.1888122974188522 0.0
567000 37.097187018204906 -4.712309744776858 4.572776356199597 0.4009093901179197 7.940599914584881 0.3874294379817358 82.97843175067834 1.5301344661277363 0.0
567103 36.746544393967845 -4.713987027607431 4.497970221232972 0.36420268913372633 4.868228419920693 0.35105743312531584 62.01832499125731 1.3617016959903714 0.0
567496 36.62627671418115 -4.718785443421004 4.066642114687346 0.36315735387304254 4.758823830660668 0.34706540189240664 54.821020459423536 1.236363900054002 0.0
567524 37.46752313193489 -4.718076289919535 3.7739204462118696 0.45413385814831286 5.221042450294872 0.4339238237795539 105.10906854895995 0.6603921694426544 0.0
567644 36.97498871024742 -4.720178440168707 2.817616925184998 0.4397418231196258 3.738277139184055 0.42696990766971055 75.6614285065333 1.747141015251846 0.0
567834 36.87976921602917 -4.721261570113216 2.389037640599617 0.4127970743369399 3.268479807970783 0.3985236094117515 69.96779551846015 1.8451232365715415 0.0
568029 36.85561468393179 -4.720196425906567 2.2556835713154992 0.4216702410892138 3.1706021831112747 0.4090109516495221 68.5256101137282 1.1888122974188522 0.0
568260 37.100119308556536 -4.725368807365322 2.2270443496835246 0.4250576272241799 3.301463903413176 0.411539868589649 83.13530183355954 2.5476229500107994 0.0
568596 36.918669200222105 -4.729431451852374 2.8572860135252345 0.41395848334915036 2.998741805511438 0.4019767075878152 72.2826849674725 1.8451232365715415 0.0
568881 36.90621351213764 -4.733271209432011 3.579494664154271 0.38379552531447114 4.713749379313114 0.3709283841001678 71.53420715562231 1.8451232365715415 0.0
568934 37.14818562249265 -4.731609025497129 1.4460709630666146 0.42171143795211846 2.5927190481459887 0.4083240615592486 86.00297979354876 0.9910395745473899 0.0
569054 37.349960551362656 -4.732505594607001 2.112671177776704 0.44392033375435164 3.4587217773068213 0.4268691178688224 98.06652396027188 0.41181665383369903 0.0
569142 37.07465635846641 -4.734344618471998 2.159549310726885 0.4143856803484601 2.9803495316218305 0.39797758561514496 81.60448538899435 5.643751298109134 0.0
569220 37.00396685330123 -4.73495071881308 1.7528804120029058 0.4056474668594466 2.9401396040128907 0.39241937572659 77.37746454585064 2.4249344529600085 0.0
569538 37.516506181064486 -4.733580167521535 1.7731539420298748 0.5087919899556526 3.2658827554676804 0.48418932282733873 108.02385107365221 1.440295116568392 0.0
569599 37.07709082097174 -4.738524404813292 2.30509658847771 0.4129234107996772 3.4293709032479267 0.3976303143331632 81.74729918325079 5.643751298109134 0.0
569633 36.69955443199807 -4.7386626324242975 16.484853843402416 0.3987039254966832 23.45715891198434 0.38298086440450235 59.173739651164425 0.8953051547100627 0.0
569738 37.04225466071137 -4.738915522168971 2.1186559463100227 0.416210388101819 3.4318135249642876 0.4020368407444894 79.66414581390856 3.38911852481007 0.0
569748 37.00103868104775 -4.734464262176921 5.699306308957802 0.4057661342157868 6.308121460861151 0.3928047896632341 77.20276179771653 2.4249344529600085 0.0
570086 36.55985116973666 -4.743310899477482 3.1056499018504256 0.37243042658908354 4.153744577736059 0.3578033327150805 50.81776954559626 1.5316551589423688 0.0
570409 36.71673442804023 -4.742035423212013 1.8271611599882538 0.3676669369575463 3.0148333645674334 0.35313866654144327 60.19884700780971 0.8953051547100627 0.0
570418 36.58461753246821 -4.74699733635616 2.0232264684186365 0.3525090533715841 3.146124949456402 0.3374903155555202 52.29724032626659 1.5316551589423688 0.0
570849 37.499110157137416 -4.748321148030407 3.567691989690841 0.4805316288089702 4.531085569030967 0.460672506851207 106.9780756132061 1.440295116568392 0.0
570873 37.33427601615555 -4.749145724415146 2.2706506495504404 0.4249747985038691 4.107902761006321 0.4091358960093622 97.12189804005692 0.41181665383369903 0.0
571002 37.06353932527486 -4.751183603853622 9.530857249058378 0.4200576946923167 12.804106085999829 0.4074367890050806 80.93338465065143 3.38911852481007 0.0
571061 37.10555694013138 -4.751457588261848 5.73697641646314 0.42923645191151 6.695900665696914 0.41670212972820075 83.44577767122186 0.99103957454739 0.0
571733 36.55573309775404 -4.75819584887729 1.7248434428129664 0.3540233626058383 3.0275695303160193 0.337839769311948 50.57179281261816 1.531655158942369 0.0
571779 37.25100644644329 -4.756975239244592 1.8112985305302556 0.40819063983642295 2.8155082496851205 0.39166082312096606 92.14329691362519 0.561499266992565 0.0
571902 37.60271466035918 -4.758021240017673 2.974512195223023 0.7250048365128825 4.878108490946079 0.6963875376144012 113.17317753853787 1.6570600046317567 0.0
572241 37.372176413260064 -4.760669086788012 2.295050713855707 0.4402090310351028 3.267408277479112 0.42420658192358945 99.38932844792593 0.41181665383369903 0.0
572528 36.9044065835247 -4.76217311239944 6.890233439349855 0.37976285927305725 8.250014013245448 0.36652650810907444 71.42135870954581 2.5869713977465936 1.0
572718 36.99192424111524 -4.766733449477719 8.081566859921459 0.40757785912177313 9.249547711834303 0.3960219595890691 76.65692158060787 13.996925030511221 1.0
572722 37.62228063461755 -4.765441056457676 4.416293675128132 0.6921027458325532 5.5907882463429575 0.6430611227606049 114.34520984200293 1.0224779155319816 0.0
572885 37.017693843942446 -4.769061998853842 3.0642705547061015 0.39880343140616553 4.182157908658506 0.38552913814330136 78.19942471387694 5.348133045293609 1.0
572903 36.76792456777925 -4.7671863521940265 14.20225815206815 0.38527256093639534 16.732889761991782 0.37200230886760216 63.26507659914607 1.4137676442524607 0.0
573113 36.764630143372656 -4.771529907661217 2.394464238991206 0.3776616309406793 2.581694421218148 0.36547841389362645 63.07271903613636 1.4137676442524607 0.0
573201 36.9942576382178 -4.771180227179966 3.375346962194216 0.40557540032688644 3.8194760549003477 0.39390506988157226 76.80013411202003 11.47246437061823 1.0
573361 37.262024219079926 -4.755432667782025 4.544067516395423 0.40376859406321275 4.9760666003062495 0.38978864681399916 92.80181500474848 0.561499266992565 0.0
573389 37.045954919297024 -4.773876488786639 3.386559410846945 0.4034977077627028 5.441489497612178 0.3906347470337888 79.89344238553517 3.390867815016237 1.0
573704 37.323687023330926 -4.761847955333816 2.0950588852608036 0.44471536632805025 3.801453788703722 0.43008128744181295 96.49045625008256 3.740619780530574 0.0
573825 37.70854445845011 -4.773842677936476 3.24685157829935 0.7054399778352148 5.632529129127561 0.5973287981032795 119.50727904103398 0.7559537731129199 0.0
574155 37.53410992834638 -4.781249921076379 13.39055124318272 0.17580657219163442 15.834977414681164 0.16702711757744146 109.0843082096912 2.167592885081174 0.0
574403 37.56098917705917 -4.779747512297312 2.6639648674261123 0.5350231963409341 4.067563634593684 0.5036620596989652 110.68988304696451 1.574492787137455 0.0
574427 36.96608614220764 -4.781150588394315 4.124161035325475 0.4177048282915898 4.441200497107484 0.4057054237392631 75.12786901429844 4.110399612718476 1.0
574534 37.02392589698424 -4.78272879328617 2.244984381716429 0.3901904766306893 3.712667597268131 0.3766513017437419 78.58745102838996 5.838313334238627 1.0
574633 37.32359269412064 -4.78076311894428 2.4742038712559387 0.4243462264777956 3.666359817639815 0.4092957875865956 96.49852428105997 2.6910656168600595 0.0
574750 37.332881214154646 -4.784312319283852 157.35755588155544 0.43863663265768427 190.8228850975204 0.42336922081033634 97.05784022213018 2.7825865606139533 0.0
574767 36.61967870876075 -4.785764672784999 4.597245522986897 0.3556530530610647 5.556828575614491 0.340656174309994 54.4341604772107 0.8736526018046663 0.0
575046 36.88343776655844 -4.788285346207249 1.5753293934385364 0.3815728136022298 2.9418054674190723 0.3687635904598962 70.2000880398113 5.483850611809558 1.0
575145 36.58046291936955 -4.790291172878641 5.7550531524333834 0.3624436319905336 8.643369578421805 0.3455514737009216 52.10298358649547 2.9646304994144996 0.0
575165 36.76256017509454 -4.7878963186088415 1.8748531072704295 0.3707388765556515 3.0577257098191954 0.35560916315294205 62.97603069357563 0.7354117011264609 0.0
575176 37.09339588422172 -4.789185861232514 6.038710967699985 0.40067274769791844 6.78905954137679 0.3872272045585011 82.74971421690606 1.3538660517583636 0.0
575242 36.54548615982979 -4.789281033566615 1.6806763298922283 0.3757157149486118 2.5421195292116976 0.3596107714889051 50.01113760750934 2.184160066814333 0.0
575300 36.85383246820991 -4.790310616460995 3.3522134697678116 0.3857824368606971 4.053257468556984 0.374195419423153 68.43497922144164 1.6372595740036495 0.0
575439 36.89783902418157 -4.791067111064753 8.371655377582323 0.3810903297403893 12.75915908379291 0.36756820224123166 71.06616323550016 14.701534269816028 1.0
575543 36.94083079064194 -4.793370420134978 3.9447255007252044 0.3845350104853541 4.673530979651473 0.37133714222550546 73.63987093785337 6.571858971557314 1.0
575621 36.60199776838002 -4.791870283544476 2.4569631519210184 0.36710760521104235 4.341344740029724 0.35007019034927106 53.393558234265214 4.16333920022375 0.0
575787 36.89853195601176 -4.795654120417432 6.406735417605447 0.37633894676184776 7.957946810841157 0.36274235526494986 71.11740142323275 9.099726237641587 1.0
575820 37.45471548255399 -4.7900315507815945 4.444873960741314 0.4257444107521639 6.03057010779792 0.4040339061587787 104.34797816829466 1.1725402461265408 0.0
576068 36.867058616353695 -4.7970916394310485 2.6133586537284357 0.40813377474322104 3.1008134648082666 0.39453935036632054 69.240377821427 1.6372595740036493 0.0
576269 36.93824603263026 -4.795678073514531 9.40161184907186 0.39381197831387715 17.141064973268566 0.3792872612280006 73.49032948817627 14.364666161827458 1.0
576287 36.93413900340392 -4.799549187742914 2.576998988600951 0.38362391294424125 3.0128832269581074 0.3689574347092059 73.25378573259286 15.096483373245604 1.0
576354 36.98484720756491 -4.797007878234271 4.240530259683762 0.4000238092970701 5.381993034115985 0.38651309339454787 76.2776703080196 4.431781495046687 1.0
576449 36.88611383617333 -4.7986096972795 3.8542423202985074 0.3864587448559239 4.398616092553913 0.37244409878972246 70.38242889181211 5.483850611809558 1.0
576485 36.906655580373446 -4.786776762580774 1.7894781602288068 0.3800151835720664 2.694459008162051 0.3663435578144884 71.58483554409528 7.606783678205963 1.0
577088 36.84147044416744 -4.807131441199997 7.520373945040561 0.39488744253006935 11.345828230259642 0.3821728700043632 67.7390315176035 2.0404117012955396 0.0
577269 37.40671570241543 -4.807672675223008 3.3080103137880807 0.44243174219153597 4.496753404246226 0.4225930979041098 101.50801263468227 2.596380173493278 0.0
577416 36.945676704740286 -4.8101508721108965 2.151275467223666 0.38609166391824346 3.5290639416613026 0.37202001729949874 73.97081597862345 9.526065645913599 1.0
577435 36.93824796732223 -4.80744497005439 2.4796513090554217 0.3839514990803369 3.665195094568428 0.3711822141661047 73.51952927578692 7.987393857024152 1.0
577462 37.38302892077164 -4.80874389171473 11.03030458446347 0.4523189710002992 14.264843599649305 0.4365218984542326 100.09474653441988 1.8840309229687557 0.0
577552 36.55469010945052 -4.811148194598684 4.4735554505492665 0.39209998523017764 7.961729766547399 0.3774991976703541 50.638175212730744 2.184160066814333 0.0
577675 37.40292216733763 -4.810268759077326 3.0299361798206554 0.4395689578235028 4.318894537071195 0.42169056644632635 101.28657353021282 25.198488294070454 0.0
577841 36.59640504209072 -4.811073277166131 1.8539186282102083 0.38117442981743777 2.4820329688273444 0.36349965548017454 53.12580825247842 4.16333920022375 0.0
577863 36.59667062235936 -4.812197484784225 1.6874242277813807 0.3760637861304389 2.8626912291925053 0.36202524204753933 53.1463001383733 4.163339200223749 0.0
578364 37.0270003028194 -4.816422941600542 3.681675262998337 0.3929745210241895 5.115141791527119 0.37680258313697984 78.84558942298655 2.3323394029379387 1.0
578471 37.11638788822224 -4.474678481145515 3.472482232644516 0.4139733206604597 6.1846242565450185 0.40174217906803283 85.7167647866354 3.4905120495269695 0.0
578600 37.403562571191216 -4.819301278236717 5.394188922329796 0.4584534648609286 9.647829038956301 0.43731133721720505 101.34495950432398 2.2891719991861166 0.0
578686 37.4250723830599 -4.817000965122017 2.906391458339371 0.4585513213995663 5.368522470320726 0.4375682153803639 102.62465375287286 2.252679391188427 0.0
579232 37.51764882824715 -4.82286733271838 3.8002088113504957 0.4709811424311614 4.256127400794606 0.44481698655047547 108.16904813235563 2.1642159179472666 0.0
579400 37.07064935879226 -4.824020389429974 1.7732830487460425 0.3813769091603519 2.9826218834963987 0.36553319676484464 81.47530550635116 2.9942467256048726 0.0
579773 37.0019463354174 -4.8287120347838846 7.027415218879487 0.40164018067467305 7.654393715074445 0.38856171861652766 77.39033967789734 7.4822184660513535 1.0
579859 36.9429101397431 -4.830712714909393 1.8445613196715132 0.37090209311830863 2.8141368821978427 0.3556521496116488 73.87509435532516 3.991347723940477 1.0
579960 36.85207963863633 -4.8310858414064 1.7464060140759625 0.3838115843580904 2.8049663455862017 0.3710428673166722 68.45847915564121 2.771838636238016 0.0
580017 36.94512374584808 -4.829377832137388 3.867344497141301 0.37157674256921336 4.36467750986967 0.35735689237272744 74.00203685314013 3.9913477239404775 1.0
580024 37.06486731387212 -4.828456250867472 2.6643836815096567 0.38002801289913274 3.351782555382909 0.3656597802827074 81.14485122362196 2.9942467256048726 0.0
580085 37.09330098626852 -4.833078190259569 25.988049287865486 0.4116162848622672 48.44475362596734 0.39470026411512993 82.858050526221 2.9942467256048726 0.0
580100 36.98728933950871 -4.832952386357448 5.773100650613054 0.3941940979170736 6.507136885382214 0.3800279028091635 76.53153067927332 11.188753921671083 1.0
580102 36.96740759114571 -4.832488683910005 2.494268915116429 0.403695691311251 4.075208741281422 0.3885664150805252 75.34354415419836 6.656969369978762 1.0
580137 36.99794758656748 -4.83162957548353 5.260581520252401 0.40790395455395506 7.5093748263583535 0.39025175499916703 77.16244851976288 15.377613232041456 1.0
580179 37.55191631166601 -4.829747720684282 3.5097879958399254 0.48457084738289524 5.650406081202852 0.4483021956480281 110.23287454144929 1.3657899069679078 0.0
581201 36.84025534453113 -4.371021015377755 4.450940503000707 0.3717230140561572 5.124031921611849 0.36000956574356563 71.32233199864326 0.8935904011690178 0.0
581266 37.03292474649738 -4.371525987041287 1.855250011292236 0.39292249139814933 2.653453352211883 0.3800349014613951 82.31815748980263 0.6279332806257683 0.0
582371 37.36941784696997 -4.378186515414613 3.656835112390243 0.4327623386358859 6.6821961995770724 0.41830250048349904 101.72549193762177 2.0259880488817568 0.0
583298 37.72306374323546 -4.387014590861379 3.482223251500561 0.9233811529925606 6.146513832518031 0.8735314372114554 122.3537844598438 1.2014154096720748 0.0
583547 36.869757098798544 -4.394940557464345 1.7288103894028772 0.403425571907949 3.2339574824379067 0.3921876190414415 72.5615851217319 0.8658226989266232 0.0
583791 36.6082511788786 -4.398061428181124 6.119099375026587 0.38901628259451254 10.128162196491553 0.3752982320485486 57.72430292159054 0.5473828454238029 0.0
584143 36.87594091063919 -4.401068224459717 4.7326431618876335 0.3904382380350077 8.711087984889666 0.37730369584551593 72.80836229772554 0.8658226989266233 0.0
584153 37.605093599657806 -4.399820547278559 8.334515187764708 0.5499755783950435 10.641432300654165 0.5183832642305058 115.27409318814841 1.1431574981318833 0.0
584288 37.34631094346936 -4.401666720429755 5.956759650825029 0.46213906853462416 8.515855976512492 0.44792378036361563 100.07235137224008 1.2071767807429974 0.0
584604 37.17598473935046 -4.405709976138291 3.61446747267204 0.43682150423735755 3.7883540613892097 0.4247707653809864 90.0789508319324 0.9365086420560198 0.0
584745 36.88425155516812 -4.83168210666275 1.9327701775505137 0.3678285962558098 3.6019910950525404 0.3532059733166548 70.37977071585229 2.478558129614075 0.0
585724 37.65392364367328 -4.412226750301422 2.9208079452362496 0.6207287083189348 4.927181935343762 0.5930336976024829 118.01574889468574 1.3141885235940785 0.0
586134 37.787847917026106 -4.414704940646706 4.705842559866925 0.9882419105822579 7.8594895870718355 0.8992586669899054 125.88998326984485 0.0 0.0
586146 37.23355128366604 -4.417164212802522 2.0504105229116134 0.4034689578884086 3.6013441801587636 0.39010073145101126 93.28325531412783 3.331506507249409 0.0
587045 37.25898798065119 -4.426851323467334 3.8457092135651196 0.44751876349684333 5.083221030786285 0.4357956225276504 94.64848273355744 1.4576950646904003 0.0
587284 37.16820816582862 -4.426271559178583 2.0773632535308297 0.4181925741486135 2.937663278260783 0.4054743208755731 89.34881358556325 6.6403153853890515 1.0
587314 37.18072470371977 -4.429497777956031 6.0286166550375375 0.4154237302096272 9.042180777187756 0.4039245430089069 90.03790874052139 18.164809672162626 1.0
587567 37.18022460801137 -4.426992656004152 2.499659488866531 0.4124160021518397 2.8659419189790283 0.40102958734831406 90.04107104630054 6.64031538538905 1.0
587939 37.70023779148434 -4.431296870756075 3.4643795430233713 0.7448841122134858 5.711924878931392 0.706273502241665 120.55718054289252 1.1935808881590209 0.0
588347 37.18956194552749 -4.437825535963388 2.7976232675772694 0.4006039178513755 3.0796248610020145 0.3873203142594403 90.44902631047678 5.459518144595426 1.0
588371 37.61412970448771 -4.433627379240846 8.4509851006276 0.5573238587942593 9.88987098025941 0.5334111846960967 115.45211125823816 1.2074256508870274 0.0
588465 37.18476724023059 -4.436166791129145 2.3418026776819074 0.39424657314702444 2.8988903765475573 0.38140024642425246 90.1893299282928 5.459518144595426 1.0
588658 36.99611104833574 -4.435447215297356 7.451687146113913 0.4194199929461205 9.437568345787042 0.40673664751933175 79.20034449452625 2.6599591098711914 0.0
589215 37.16667430147231 -4.4446418076626735 1.4679847101228374 0.4123900085389327 2.711242697088741 0.39923682732667 89.0248351307074 5.459518144595426 1.0
589441 37.38271070705267 -4.447252022143971 6.856655103080483 0.4602481557520306 9.976726096204253 0.4479881495466406 101.67520397605577 0.6938739833231563 0.0
589613 37.53219351570509 -4.441356575097684 2.777096110076928 0.518994357648263 3.6368017466398532 0.5037334275342217 110.54214395334478 1.2291143995436413 0.0
589739 37.01311895309683 -4.449473279591939 5.721175292266002 0.4099056607428697 6.327927186238954 0.3997083154770099 79.99397648418483 8.055131223854481 0.0
589831 37.78432428985641 -4.449257298461391 4.742627015558611 0.8714971815631904 8.26636940307307 0.7701497407219048 125.36387572716205 0.0 0.0
590581 37.01843040254535 -4.458819393191 36.6552753054943 0.42262580712097064 53.36655580784569 0.41022461924276526 80.1789428026767 1.849663928148404 0.0
590802 37.14911847701873 -4.457964594026938 3.472591172191752 0.39983019943996373 3.844281856859989 0.38674741011301267 87.83388523875853 1.8143375481513264 0.0
591176 37.19454716130579 -4.460786381331833 2.488388758016467 0.39816155825920935 3.955723882707176 0.38344878876745586 90.46501884036516 3.9843593125774976 1.0
591709 37.5103593733783 -4.446364075736598 6.27887261978479 0.5243202811385281 8.733851101272972 0.5105850159814366 109.20408995135408 1.1250925700164889 0.0
591877 37.51171558717337 -4.469906711588986 2.4300027780368647 0.5328903990422217 4.344319996015921 0.5158560785359311 109.05573643017546 4.40233779040539 0.0
592069 37.02406927085674 -4.472837587379073 1.8398135260851196 0.40672128315177924 3.206152850084551 0.39465169715214377 80.3290356520578 1.849663928148404 0.0
592164 37.298771008617415 -4.46991563457271 6.432351129385839 0.4126121694175057 7.40812956055003 0.39982080960288013 96.49240495637511 2.0177946874023025 0.0
592325 37.11986942796298 -4.474171917037296 9.62799596358228 0.4163881609724629 12.633999239134125 0.40377133698630524 85.92696446604808 4.5483029666589525 0.0
592701 36.90739395249715 -4.476380833309347 3.018721760494797 0.3855164547157554 3.770716536890264 0.37383963925345803 73.46857479056193 1.4118051420857072 0.0
592915 36.8959971074902 -4.478378998470309 2.9816514651119688 0.3831195442407592 3.8446457867760326 0.3707851879920079 72.77733734432475 2.736882281700969 0.0
592960 36.73061829807981 -4.481035097080039 2.861331740996515 0.38400598358464433 5.187750966679466 0.3687648612678014 63.13575955419167 0.7283159096397372 0.0
593122 36.67371151307797 -4.482179282594986 3.354184934848938 0.39020972547927596 4.578484770057297 0.37511730767960866 59.83328822730046 0.5839749203378966 0.0
593167 37.10336129482928 -4.4820815923770745 2.367112796996106 0.39606134506435603 4.079880617908609 0.3826167134783882 84.8667610047642 1.2458322716342305 0.0
593333 37.21571253570695 -4.480286606007939 3.107172292885859 0.40293110561367196 3.693315310884912 0.3886268705435522 91.49227594202898 4.549851825577173 1.0
593435 36.58591952086839 -4.485385213081019 4.8750452913693385 0.36701895194931156 6.62660295810047 0.3497200459363732 54.73768826175219 1.0466188201918714 0.0
593510 37.1932024685156 -4.483799112945516 3.582155533315223 0.39983849218657247 4.58556648524039 0.3838824105257216 90.12979335565919 9.421069028313193 1.0
593577 37.32852799531005 -4.47581901062889 7.71230470757759 0.4323559589783648 8.766391150648774 0.4195095746096397 98.18497736905549 2.947039478077763 0.0
593891 36.891357489074416 -4.487854100540942 1.353600303537435 0.3795402316601519 2.291268494849699 0.3655013897322026 72.38081779783232 3.7389815142448777 0.0
594180 37.03033298573555 -4.489975094458377 2.2438447985405583 0.39911269298568763 3.313702704415671 0.3844708130033411 80.48902465748351 1.8496639281484042 0.0
594222 36.993821667673934 -4.491835020532386 46.30125983123746 0.4098002936808518 72.44197182528136 0.3955885035883562 78.32577849044507 1.5709526722663245 0.0
594226 36.89520690682535 -4.492054736351676 4.470248771544891 0.36096528139204653 5.147061170955014 0.34765105095289817 72.55116270435457 3.7389815142448777 0.0
594329 37.34311518588388 -4.485517371544111 5.094073085684098 0.4434585228512752 7.570201125866082 0.42946719254350113 98.9495086191447 2.838591193285899 0.0
594369 37.15717667675251 -4.492014322927918 8.697408014052638 0.40403436484723754 9.12394492615928 0.3910002424378316 87.92158514843223 5.2380275231506 1.0
594479 37.23667766909957 -4.492820008925318 2.0829569263269425 0.40632905055918217 3.6563410627952093 0.38997361382547824 92.59753152460787 3.1269410539491025 0.0
594506 36.82995173653933 -4.490099371005414 6.681937894057208 0.37873564356854245 7.936490416499516 0.36603824161088455 68.77005234006252 0.9859752395293577 0.0
594527 37.1901769820329 -4.492734087075102 32.48104521223867 0.40607505863249316 37.32527101763083 0.39161865624127057 89.8575366328889 7.618932301425891 1.0
594534 36.777226969846 -4.493235629384456 2.2099854111315684 0.35654230913522406 3.516993568750013 0.3419006451818092 65.65833229272208 1.3299208893635455 0.0
594540 37.3589359919971 -4.491652256231136 3.1341320221573064 0.41243051725811475 5.593206833214154 0.3983988308094643 99.8253060593918 1.7518610448318612 0.0
594754 36.57454413010782 -4.495827105302042 2.3492789418845574 0.35721858895260633 3.6448707322252503 0.341344160241867 53.90604355263816 7.84589798972334 0.0
594866 37.74681891048087 -4.4928341436259815 3.8138979448966976 0.9704054888771214 5.96934203039958 0.9249190412220376 122.78503738094047 2.273863045442248 0.0
595034 37.756221399959344 -4.4937707433363485 4.109478286546197 0.929383057539512 7.468716248306356 0.8615940386925662 123.33581719209951 2.6364374745687575 0.0
595085 37.21841719589816 -4.497409049355416 5.478366685445932 0.39842207067684626 6.6954269674458695 0.38502278565434456 91.47461121692798 7.070965355542213 1.0
595326 36.78539105528491 -4.501113535794181 2.949830481209198 0.36928975002292314 4.024431309240401 0.3536924256905163 66.02419728337186 2.1181151775194986 0.0
595437 37.20382916467906 -4.50016986107102 3.084609558966448 0.38433676950236445 4.662289394504453 0.36866842720705223 90.58662360794852 3.769601819599579 1.0
595643 37.6799904683699 -4.498755726614922 4.372590959617972 0.7524508929150542 6.602399592757924 0.7193973933238822 118.77501977335922 1.0502519982399239 0.0
596043 34.50558659508264 -4.4952273229504 1.5155667048949535 0.38037459840305354 2.7026716502932553 0.3766029649995791 73.63386419605882 1.032414573322738 0.0
596045 34.64547832672924 -4.49537597625575 2.628760302223195 0.387386997568311 3.161037327698901 0.3834976872455478 65.47089189748343 1.8737006862966272 0.0
596082 34.94599245545721 -4.480581125800365 2.1669356882921242 0.39265546688862235 3.0493629650151295 0.3883368408698226 48.46698972319066 0.6084856109741205 0.0
596160 35.04603424451582 -4.443438110793069 2.9757597602358246 0.3642901117720611 3.2133174440440713 0.360211697870518 43.76292247952481 0.7822121751983848 0.0
596171 34.78074163525938 -4.437729788012336 1.492220674450779 0.3831094603314622 2.463757001487323 0.3784706290176072 58.64956966481317 1.7807258148006015 0.0
596556 34.269647322100255 -4.364141187985105 2.0092684853304585 0.4196092055522925 3.5967931223701015 0.4145373268791762 89.20444290043336 2.0689293700861375 0.0
596662 34.012864264421964 -4.36282706634437 2.6577012302276226 0.46397544954898784 3.1580472456204753 0.457564239637597 104.13039884585241 1.012218762554056 0.0
597358 34.661124217902234 -4.3578428134938045 1.5277734594372305 0.37670748866691095 2.2113380848503854 0.3725453029844927 67.00116799673792 1.5576184825404207 0.0
597733 33.992129349773855 -4.353703449434918 4.0925908149739145 0.46155670946889277 4.548401063439729 0.4538950120301178 105.46236564954798 1.3242413470390728 0.0
598430 34.233184209681106 -4.348213162025611 3.969297492447792 0.4005931358264718 4.290957114500497 0.39589027442207964 91.56023524915106 2.6250722901392645 0.0
598472 34.19600289044031 -4.347710915293794 3.4805910000425975 0.4104918212340941 3.9404867117486133 0.4055753040602728 93.71523044616563 1.4901249756472388 0.0
598607 34.23814887036883 -4.346641247158767 1.7721063542958386 0.40021337536455676 2.9902982999441203 0.3950440821147606 91.29885257032731 2.6250722901392645 0.0
599315 34.51619310265101 -4.341853317899736 4.848761945001064 0.38394061873602253 6.282548293519325 0.37966176279241515 75.48561470623332 0.8258088204531747 0.0
600496 34.20386699579193 -4.331553830860248 6.7628983030724505 0.44089600171980037 9.185798554144586 0.43631393718667155 93.51736744024159 2.3825362911834693 0.0
600591 34.382555536689395 -4.329936995199721 1.721514662801543 0.43353289972850195 3.0629997468008883 0.4297500301811874 83.30093832650603 1.5934841890008233 0.0
600744 34.19137926313216 -4.328110982601852 1.9645618315751812 0.42942311836576946 3.6050291547337636 0.4243510027958899 94.29252058666637 1.1106052303142273 0.0
601951 34.52832435507054 -4.317689547369396 2.04590233186787 0.3740021636616862 2.97192665366109 0.36912674684069313 75.28786494599812 0.6685212346615104 0.0
602097 34.07777206459919 -4.315853099753447 2.149169609602187 0.48547540856970456 3.9226268879537844 0.4799478172686315 101.0425118245087 0.960516813399377 0.0
602405 34.28035461952069 -4.316038546491376 2.4151439947364555 0.4015569645619077 4.393754147266121 0.3966308975857366 89.38653241805305 0.8212476431576807 0.0
602449 34.01991529148244 -4.312674496330644 1.8370273257967045 0.46720986942030024 3.1883281116384095 0.4573851293929855 104.43785397252103 1.543322436788709 0.0
603255 34.6953406285548 -4.307085612252352 2.1081934216614155 0.3842501393204322 3.288264076954246 0.38012221885673736 66.25269768000315 0.6526623138985537 0.0
603471 35.041379125527975 -4.30575740653874 1.9148745317067624 0.37493012110447266 2.733828268715434 0.36907059186528746 48.0605968561827 1.8707390513750832 0.0
603758 33.95913609694546 -4.301758820602512 2.219166998246732 0.48996642595271106 4.1512078425646886 0.47457078038534584 108.12225058259018 0.0 0.0
604330 34.052455516022405 -4.296992764505761 2.040509271754475 0.4519742419003078 3.7696631476418774 0.4444094439805254 102.80092655685004 1.834910452652631 0.0
604916 35.04680016513148 -4.293351125381774 2.4329093643524167 0.3863839252936678 2.9053615514109725 0.3808202147030521 48.21052058027836 1.8707390513750832 0.0
605166 34.528996911719915 -4.29089126510685 2.467645489502216 0.38165797160277654 4.017124716310603 0.37669534720903636 75.82056570537003 0.6685212346615104 0.0
605279 34.44759131670553 -4.290007596469672 3.2817241127063963 0.3814647199744608 3.66844891533095 0.37664179831071154 80.39467150899614 0.6838664513784877 0.0
605561 34.770664598937294 -4.2879047979522085 4.307725608984843 0.3770618562573545 5.315386584565183 0.37263006955527156 62.6533506376241 0.5507589515028664 0.0
605925 34.01493253173591 -4.283511325963797 5.354228966319313 0.4950910007319167 6.256739290014801 0.4841701133687136 105.18034390424687 1.543322436788709 0.0
605957 35.040265196417 -4.284347834262228 2.7019203449761924 0.3891200589685676 2.9034071777752963 0.38383749022889824 48.839848110182324 1.8707390513750832 0.0
606376 34.22236416575982 -4.279975114292988 1.8192061787642084 0.4265255007948082 3.2404513108335453 0.42125718411563695 93.34304163344612 2.3825362911834693 0.0
607705 34.12472828909579 -4.268905095004453 3.2015628116447092 0.4379758683090565 3.5197170574309316 0.4284865892783235 99.11788824834933 1.1348448654367838 0.0
608173 34.480889798357026 -4.265878061567076 4.873409540585259 0.38573006334538995 5.398273188432117 0.3810593936430673 79.04858308522832 0.8298393761345186 0.0
608528 34.32779731381679 -4.26331183531583 6.622344370305067 0.42862708445254455 8.511326190943112 0.42373591335226085 87.68096418159627 0.8919558836033172 0.0
608631 34.12136544812311 -4.261506280843545 5.429071402190013 0.4520936902211441 7.63969046761113 0.4443732812077445 99.4407259354271 2.910869827561768 0.0
609550 34.73435130049391 -4.254333851071722 1.7887777885242342 0.39792902559376125 2.9519425547389098 0.3933693783057603 65.4991136271162 1.4610803285995522 0.0
609619 34.085921195151194 -4.253026929971572 4.194872433837692 0.4878522139820978 5.779810884702696 0.47855190845477846 101.61719921913557 2.0246148831726547 0.0
609666 35.03914441668806 -4.254573918533 3.458215019632736 0.3798182697680382 5.4104158500539565 0.3736110319618137 49.93781368054586 4.253082159253251 1.0
609737 35.04205469852713 -4.253592604530744 5.527469284755413 0.3985780912086659 6.003428597743509 0.39308112592134736 49.83323303929938 7.438188620780746 1.0
609818 34.32813572882534 -4.251869182057626 2.747691677910956 0.4069765557689 4.082638915675626 0.4020193717401692 87.89356363241025 1.933260240697435 0.0
610386 34.339089240131294 -4.246756777316429 2.500802000425835 0.38903243335407567 3.0138284133594917 0.38420961593505515 87.38349305017596 1.9332602406974349 0.0
611436 34.002001572371846 -4.2377450228929625 2.6351107135006027 0.5428519051759055 4.0101402455585164 0.5284043028458397 106.68758284813973 1.3707052161313455 0.0
612092 34.093489482780726 -4.232430804894359 2.0903439116698754 0.5027612742030448 3.8636017284328723 0.4935733643758081 101.55683474725645 2.4712036498945484 0.0
612439 35.04518882971673 -4.230581412624687 2.2328172248117784 0.41904026423608465 3.521823099227469 0.4123240859897066 50.52332962724787 4.43699353557176 1.0
612556 34.85100144364995 -4.229794608879546 2.027664258546182 0.3927190083947559 3.1688825405879455 0.3872662128359394 60.11883320988873 2.088117748614885 0.0
612884 34.272620586475895 -4.227235993818768 14.212671409888548 0.4680774743917889 24.938687948013456 0.4615786113051298 91.52060286900169 1.661234884262006 0.0
613235 34.7624142734844 -4.223915133623367 2.7854744729259737 0.3877823153085572 3.2338013019881067 0.3826145217951894 64.8772311857604 1.717697255463902 0.0
613395 34.90674777320371 -4.2227017217537846 2.199306664964016 0.3886430007689549 3.1700684437910853 0.3832472091656797 57.52824030781841 1.9587883859264843 0.0
613653 34.71687769023763 -4.220333733165187 3.8699920504455063 0.3812573948740263 4.153356428799793 0.3761421405851395 67.37119576385813 1.4610803285995522 0.0
613821 34.24180758681985 -4.218139294816727 3.1216079708238555 0.46585625618632026 3.526968121580524 0.4597821493648053 93.43971931325287 0.9215036712519117 0.0
614008 34.948609957404095 -4.217395728566495 2.018569933573842 0.37451037685561916 2.3736928193192286 0.36898400196142717 55.636371720341245 1.593029952636285 0.0
614357 35.03399320217931 -4.215695857781391 11.37195346234 0.37792918922472574 16.015768256703595 0.37068879997502335 51.60247528873041 3.154873672952251 1.0
614443 34.7346364058947 -4.2152785200093925 6.814066186237971 0.4044167754807377 10.705190943359407 0.3993744613480564 66.58223625226927 1.7176972554639018 0.0
614834 34.00806211106078 -4.210160164717873 6.465635430173956 0.5406836361132377 9.314148955433222 0.5140263085362359 106.83240359349088 2.662388193875319 0.0
615102 34.40698110791621 -4.208282035502761 2.9287974592838055 0.41213221280330137 4.25329368334104 0.40683870812812506 84.44769453700707 0.8766970802919312 0.0
615837 34.13062689954795 -4.201958009635673 1.9233084601710266 0.44561698305677416 3.5830088163623026 0.42963077683066203 100.03202354228493 1.2725941543842405 0.0
615921 34.976330543565695 -4.202248415767194 2.355933647193994 0.3211689207567144 3.8064228317881637 0.3154761010047618 54.82765620067531 2.05451066332288 0.0
615953 34.8886010005593 -4.202438446272236 4.1802309771065795 0.3656968926794251 5.1162123090559675 0.3596549550854936 59.105484428250236 1.9587883859264843 0.0
615968 34.33636007505518 -4.201551415858502 4.016036978413764 0.41520609001159736 4.791743649007564 0.40913064702018853 88.51121571546864 1.2192607556569668 0.0
616335 34.8119343049942 -4.199029936254219 4.338855982461152 0.3864161746108535 5.007504361955575 0.3810198880929704 63.07637549205987 1.2214451525132208 0.0
616490 33.99830972465227 -4.196349768088567 3.469987857736652 0.5265393375962125 4.158735813915077 0.49739041088542124 107.64217175380307 2.3037428478445157 0.0
616690 34.78219661050235 -4.195964111284035 2.034045463893409 0.39368757730439086 3.28484155183793 0.387719532116736 64.6924732230622 1.2214451525132208 0.0
616778 35.05245690824673 -4.1961862105242895 3.8149794208415395 0.40665327046199 5.921826706998723 0.398583420262073 51.489625371083086 6.010795894340561 1.0
616825 34.63205615758535 -4.194800251799268 1.8860332700353644 0.38798042121770454 2.968930770068315 0.38158357427770884 72.57606365024763 1.5564229221049017 0.0
616993 34.09647408822492 -4.192822041244114 3.432578311895649 0.48850615147156623 4.664489733931058 0.47498106716367094 102.14226708838596 3.9709875275066517 0.0
617069 34.68976278403187 -4.193123393293499 3.521369383970297 0.3826638345687702 5.926817851090212 0.37489569904019593 69.57568886960858 0.8986535943436722 0.0
617692 33.961083492045624 -4.186782626320846 2.691116691283812 0.5132646373981827 3.8035774192183682 0.46776526332907137 109.93811900568284 0.0 0.0
617993 35.042703632697915 -4.187356975167359 4.901065451578693 0.3809814647705145 6.621816248324167 0.3731259885271515 52.27735013397129 6.099536120646483 1.0
618380 34.992502177946 -4.182414722451403 1.9782643638569057 0.36483007933898765 3.4889345906405556 0.3573833675374194 54.7885804082117 2.2371006488257628 0.0
618838 34.92879593880022 -4.179007718026928 3.1217051784198517 0.37255296083459194 3.965900475577111 0.3651447623572375 57.94300799890841 1.2332662043008833 0.0
619289 34.87513762776391 -4.176038799183121 5.959578542186369 0.36826949516806917 8.94224204924604 0.36166180019540134 60.66234923923884 1.0649173826642302 0.0
619489 34.0531311120958 -4.172394185630582 2.9735058627021407 0.5155260016597535 3.6161454087533205 0.4977526187646658 104.99500835319601 0.9270571466423653 0.0
619559 35.022775208389746 -4.172959561959175 1.5265996197004368 0.37110112415756447 2.564929886497566 0.36259413117768674 53.745791782692194 1.694280281653085 0.0
619614 35.01950785962732 -4.1726805877731135 2.4096293330405367 0.3740509907890948 3.7116417421910244 0.36525312175303926 53.90618919061511 1.694280281653085 0.0
619698 34.22266169816513 -4.1714805616603545 2.877237375330726 0.4554443613001058 4.578451066021549 0.44651927978327305 95.50105063846084 1.384782258665576 0.0
619851 34.455695777251286 -4.170284421962694 2.8174681485725586 0.4210388978308829 4.65708460734484 0.4148337566361966 82.70039427175706 0.7740387806087731 0.0
619895 34.764547565159816 -4.170178923135391 1.759322947644689 0.38347799714593506 2.7245852592181845 0.3770416607807127 66.3985967031889 1.3321500740688863 0.0
620014 34.42176643234852 -4.169555887275261 5.9956606462916 0.45152300718579313 10.178746797246088 0.44440235324076444 84.56407464993728 1.1131210566607221 0.0
620524 34.60957363630451 -4.164864373862416 4.998790579489576 0.4376307335289654 7.490163894332707 0.4314084897500081 74.60287074783272 1.5564229221049017 0.0
620566 34.30371349286924 -4.164207657704607 6.176626730882406 0.4739570675938914 7.051762793293016 0.46776449900257766 91.16906468262623 2.238763915751084 0.0
621687 34.74228762148308 -4.156157084245806 17.955832411192382 0.4315396277152486 31.192118164748116 0.42481858643498477 67.97400650069302 0.9046344200829547 0.0
622171 34.12885136125621 -4.149887375758087 2.126582472487495 0.4450140497383069 2.9718047297722134 0.42822616574528416 101.20440529078299 2.1672723425996328 0.0
623202 34.499743788629395 -4.142193632212873 1.5148414235136887 0.40414216667831737 2.698370886409403 0.39694974144740397 81.06291264881506 1.2572297229489071 0.0
623869 34.12769783954442 -4.136285966518003 2.212705124223783 0.450420860351797 3.657543541753635 0.4257404010214169 101.56271912799423 2.1672723425996328 0.0
624024 34.21007001055579 -4.135145872526185 3.361521419390768 0.4445396723787352 4.229789446521419 0.4297388875901345 97.0130452029135 3.611699177866946 0.0
624288 34.621859755073466 -4.133390213888504 2.0736048851949267 0.39596514200932703 3.235426002268663 0.3875379078825728 74.87133401268203 2.03415220108386 0.0
624417 34.27295560372888 -4.131791445242714 1.907682864013609 0.4472527948469498 3.4704726064912204 0.43749790655169507 93.62453888127237 2.4018816998456542 0.0
624552 34.24336664548292 -4.130659359982907 3.6555150376568206 0.48127189922933133 4.0737917904671095 0.4676871178516537 95.27881341279982 2.6555022370470542 0.0
624621 34.2932002439336 -4.131971645389054 7.803854445769375 0.4275518791574892 9.604833371496595 0.41770553386564874 92.50951085831534 2.905104059981265 0.0
625021 34.20936590986372 -4.125864335337057 6.21724722153226 0.46759951953515466 6.639359843543163 0.4499299440258061 97.26555890879685 2.73501878386285 0.0
625181 34.33080287288331 -4.124866187828037 4.986207463214791 0.43366043972068863 6.057579380160165 0.42507097072671063 90.62921117921778 1.1992691196623455 0.0
625437 34.45489894662569 -4.121948670777601 1.659707354843508 0.42637191714866035 3.0793753958849694 0.41630000190497723 84.00615132475694 1.2572297229489073 0.0
626865 34.95873494681131 -4.110572984424104 3.484774039228912 0.3650492487175823 4.210755506727208 0.35465438123099785 59.089868235064394 1.5902334477000932 0.0
627181 34.47039740637041 -4.108684245491154 12.123033164956183 0.4506520710983508 18.217086573746553 0.4387790466777026 83.54273160818857 1.2572297229489073 0.0
629670 34.99467146809196 -4.087796953585923 4.636155082593699 0.38067567353426424 5.150749276506012 0.3689894811694243 58.3934218736037 2.2730263849288876 0.0
629780 34.93090255029725 -4.087216163690284 4.199756295957473 0.3771476452845021 5.107178982863078 0.3648142325880939 61.26659551622844 2.681960111671488 0.0
629802 34.96108975434671 -4.086807206413443 5.190739096502269 0.3802272553753985 5.665103250889229 0.3687088352149368 59.920629979226966 7.279617065278089 0.0
630153 34.340379387760684 -4.0829714664126735 2.026001710291057 0.4243356874007748 3.335726634200777 0.4021175830902351 91.18503897886187 1.1192669785788651 0.0
630688 34.223695046996994 -4.079474547885415 10.569539474392734 0.44594452098519866 12.343916154637496 0.4201093683146415 97.59163924918836 1.1976471419914791 0.0
630784 35.02699089720308 -4.07861159772948 3.2143215664642484 0.3842664089821389 3.65141787930039 0.3708955088521851 57.37753291104093 2.164184026895629 0.0
630806 34.893585603265606 -4.078727336930346 4.202837636777496 0.41228376179137927 5.395634604453271 0.40158917563799573 63.304492357162424 1.5188564792415533 0.0
631157 34.94523543204451 -4.075768072275225 3.1556503914062084 0.3974738054336312 3.5949952975343424 0.38493277930314485 61.06998259864126 8.075387778873157 0.0
631777 35.05004104673951 -4.071702311011877 3.195962259910153 0.40198469585128915 4.72050390750438 0.38674987805879957 56.70086428114717 6.119621983786342 0.0
631987 34.43840745214132 -4.068897472131927 3.2563287019225005 0.42553909459720307 3.7476327717297155 0.40199125741745456 86.35145973632136 1.503336464472377 0.0
632111 34.109554584463886 -4.067426009778303 50.6561500022238 0.38262309848196396 61.53863614499101 0.33601103990133463 104.13354683877378 0.9711805397370982 0.0
632153 34.78700736152618 -4.068654015284981 3.4076388633046437 0.4654065833869594 3.570159106690012 0.4507112514599358 68.70201861892845 0.8656773139960431 0.0
632251 34.96253973001528 -4.067570963321272 3.5179368213132807 0.40585200246485637 4.20523780614282 0.3935266638059127 60.629636723278736 5.911846962267237 0.0
632353 35.05167767076954 -4.066999068039826 4.004273855544195 0.4004445772782823 4.6617534450835585 0.38490686587238204 56.83595306024309 8.80195207947235 0.0
632799 34.47678430400875 -4.065952834620685 170.81963196923223 0.6485808777700536 247.0472484566139 0.6122675686316938 84.42192264400532 3.4982637716011347 0.0
632893 34.500666079128045 -4.061953503433362 2.485691053843771 0.484213409252121 3.4768001248088294 0.4308442786663523 83.29519591881012 2.072811410900626 0.0
632928 34.3219515385501 -4.061251193210575 3.508258606152261 0.4792672118826111 4.5011189977507495 0.4570336773371706 92.75115872134892 2.755681878058887 0.0
633258 34.97926841392011 -4.059827084237732 5.459008689635893 0.40106828653334686 7.318807143430957 0.38665859169094174 60.214144319473 3.3175562155340264 0.0
633283 34.34188612113221 -4.058382114228644 1.962757468524838 0.44263536193770314 3.269554285263394 0.4156590727006089 91.76292847492356 1.6337443211113176 0.0
633646 34.49393145609453 -4.05573565228888 1.7768280502764104 0.4493846237620343 3.1961818886676845 0.41095040710544184 83.83036426411358 2.072811410900626 0.0
634065 34.9205645506303 -4.052890447878413 2.3340280498841195 0.38321617265700647 3.5248486350046995 0.36695237609736775 63.085420075605086 2.9868642401993473 0.0
634569 34.299626725938666 -4.04885708270434 3.4037977359061014 0.44995810611339 6.0697174374055365 0.41549884039951684 94.27876428224458 1.1673758060192656 0.0
635411 34.34094946564776 -4.042848355015848 6.3249103066894845 0.45079192386865685 7.325085026570239 0.4209852312239214 92.2386449798175 1.6337443211113174 0.0
635630 34.320167780084624 -4.0403871401693126 3.799484588975818 0.4643781270546822 4.394018162212805 0.40959819382427165 93.4116186107389 14.25008257874136 0.0
636581 35.01009871598254 -4.0349448960012095 3.4754487403154233 0.3924919251103805 5.70136317601366 0.3767451573536689 59.94855029954185 1.508278110702025 0.0
636601 34.316076811725246 -4.033341007396804 2.495299374570004 0.480800158230991 3.607265868734468 0.42118057649995966 93.82286343688209 0.3527366577948427 0.0
636790 34.428430634862444 -4.031998228922994 2.7018370610146363 0.4836459464921042 4.3953785712840885 0.4046931055289727 87.94241770489131 2.0619145535285557 0.0
637153 34.18471225306102 -4.030063947226664 7.043986922313583 0.5871062867909395 9.890539535722588 0.4196262771356018 100.95608205216216 1.5408969269629105 0.0
637505 34.474150480725186 -4.026904140655478 1.9088035692459602 0.5269788116151644 3.3637410419460223 0.43410543880496416 85.72293664359698 3.2092551723477345 0.0
639545 34.48494315404309 -4.012426084871241 15.399046469529116 0.5619916617434778 18.507180708746702 0.4234960897995401 85.61308665483455 1.4854815568405315 0.0
639760 34.9387399303865 -4.0102743279573465 2.5422241038100424 0.3999199964715513 3.667652450289487 0.3808550514154102 64.02194291175026 1.4857882766493296 0.0
639846 34.99927323926022 -4.009609993498361 1.8054905700533146 0.39305858719805126 3.2763044853407797 0.3756808741505589 61.49214985699237 1.5082781107020253 0.0
640580 34.1816630130901 -4.003185790277953 3.7024910043981967 0.6537384619646551 6.243931111818252 0.4114181657108425 101.82176070487003 0.0 0.0
640660 34.40457823414642 -4.002538034947248 2.1066976991744855 0.5461453241424693 3.1934025949439717 0.44008526223795585 90.05754220447258 0.0 0.0
640710 34.417576868303485 -4.002417379243974 3.7038079481556205 0.5263483975841742 5.330775792034725 0.4173529307157168 89.38766415464252 0.0 0.0
640740 34.77731404176828 -4.002566489748855 3.411415124247502 0.4472778808804225 4.267993984003415 0.4017608728364936 71.58586432559741 0.9635556248241273 0.0
640945 34.51648288194099 -4.000655056386297 2.0575797212476026 0.5860563333303883 3.6962210407864404 0.45701731338320273 84.37820845579236 0.44719807158868163 0.0
641157 34.15997603421629 -3.998502667261736 3.640830115611849 0.7521823315088805 4.871991668895653 0.6035875730802185 103.11119058234091 0.0 0.0
641266 34.595223604901165 -3.999619058912238 23.48448680719818 0.5781319225281978 32.75511427537903 0.47775509348070405 80.46598793306669 1.2002173515253638 0.0
642190 34.56477268614892 -3.991096440998204 4.31093554083087 0.623017250758088 5.399414152920928 0.44342168551431627 82.26443865180177 1.059373503716829 0.0
643511 34.58663029087363 -3.980493710572484 3.063163349505555 0.621820520327782 4.152245116495437 0.4318845822768162 81.53752760690786 1.1072551839920166 0.0
644924 34.987179773116445 -3.970262401352879 4.338344896673186 0.39096007787423226 4.7144643468910905 0.37110581835174494 63.70835548774916 1.3655745571586841 0.0
645444 34.87150391137309 -3.9656111287505458 2.764595541063464 0.4043825147611856 3.373859895935046 0.37884941265213706 68.78499747086725 0.810173378852165 0.0
645737 35.03523005275023 -3.963746927710978 3.6287565564720436 0.3579159224488059 4.234491988295884 0.3395469155575429 62.089807830111184 2.1507333608139443 0.0
645808 34.767432030356986 -3.962576532134076 1.384950950383982 0.45402457852876615 2.5261672065000997 0.38621911316580854 73.56621170733136 1.4779472776711582 0.0
646192 34.82863304575471 -3.960222988324317 4.756224475969331 0.43291567281342075 6.538498674819815 0.40550931413673114 70.89307609150949 0.810173378852165 0.0
647069 34.74881839202089 -3.9531616168460175 6.382731329676443 0.4742030980725144 7.735440594279758 0.3887070971991335 74.78338412485594 1.4779472776711582 0.0
647161 34.644274151206425 -3.9517245611842 2.5897437000722623 0.46243162348068195 3.8762834704516047 0.22417990740757535 79.74493766729817 1.439218326517209 0.0
647795 34.939137248332166 -3.947009073163496 3.2253387158847047 0.3969987456601947 3.5892560343543063 0.37470698406627184 66.69446358588156 1.040795654386788 0.0
648406 34.958623398608935 -3.9423825939491146 1.814893075151421 0.3996320578426147 2.874867686937621 0.3811719430214551 66.09704301864392 1.040795654386788 0.0
648669 34.63276898176839 -3.940920020857144 5.695162462223985 0.8889170273568308 7.553637434047041 0.4165980431937615 80.68506063514798 0.8437656677447796 0.0
649419 34.728692778766124 -3.935887910922842 4.598925899387707 0.49110556267320504 6.988613770032159 0.4008994032080532 76.37233518082937 1.8511640581676465 0.0
650860 35.0324619956052 -3.923801077458676 2.6048884704038615 0.3692075142356901 3.609927658770713 0.35179526603683314 64.03518650973449 1.8582284064094896 0.0
651336 34.824121138417624 -3.919386272541991 1.5646355449161686 0.4310499679710935 2.8269587814362658 0.3903530512814666 72.75116405581309 0.9350876209878423 0.0
651435 34.737772331718595 -3.919199170908014 2.748266488269241 0.46499985203576205 4.339828979296405 0.3846324818698913 76.60381654632153 3.2935937730575566 0.0
652028 34.74848032714943 -3.913982251574112 5.952143210890521 0.465900458741064 6.458141991647079 0.3950315213757554 76.32401149465299 2.1327784628031776 0.0
652453 34.98775118740653 -3.909904392611426 1.5519695498649575 0.3935444029262409 2.5916322311244437 0.37233813366968416 66.3921347322705 1.1948467526890894 0.0
653363 34.884812583431106 -3.902388595642496 2.009763732063374 0.4284170605120679 3.5631731625374554 0.39785381076692783 70.87856565608249 1.4082877135261056 0.0
653380 34.81883379690445 -3.9040027248743785 10.94044363947268 0.45594169526531303 13.072579910856073 0.41465794312513615 73.61569801570614 0.9350876209878423 0.0
654015 34.97708994112211 -3.897251433244435 3.573923967196735 0.40616779985603446 3.8553026161115964 0.38491012577092154 67.38387867690913 1.1948467526890894 0.0
655410 34.83119983769879 -3.8853077176413473 2.5629064472148673 0.40992735721921836 3.156056036973054 0.3703392357135605 73.86558640952093 0.9350876209878423 0.0
655420 34.86710478466942 -3.885775529149581 3.8511342372599557 0.3989844691842585 4.375125853038755 0.3707319890262948 72.33211422344527 1.1614681628437236 0.0
655821 34.824919954153245 -3.88204873169184 2.11273103467079 0.43317914132299257 3.179929084347774 0.38880583344811676 74.27055092464144 0.9350876209878421 0.0
655982 34.74734194574825 -3.880545036803258 1.8284652114915672 0.43784374212805627 3.081134820220984 0.35775277666146016 77.70863029011161 0.9097316705279628 0.0
656274 35.03693777468908 -3.878813975829295 2.30628465573779 0.3632282512470616 3.7535210325322614 0.3413212304470555 65.983775603713 1.350791884306178 0.0
657916 34.92024157351246 -3.8652623300483686 5.15669085598806 0.3884943555297419 6.0748669720475315 0.3615502177360719 71.06765514996526 1.6338313561431197 0.0
658377 34.95749970966414 -3.861260485491152 1.3172948411297325 0.38936100293730425 2.4213527201411855 0.3674975895237159 69.78883102079726 3.2299644466089297 0.0
658669 34.74500536811659 -3.859197059587297 5.888245239753351 0.4789788349144583 7.300252703402141 0.3682397505491133 78.6773466467441 0.9097316705279628 0.0
660054 34.93250658101058 -3.8476003993361103 3.2645523669309693 0.41250496772077794 3.984329031953287 0.3870213060515978 71.38265080499835 1.9958193463488891 0.0
660797 34.945319852332986 -3.843415003629808 4.621514141552751 0.44536041185758996 5.524368642389234 0.42254469669867645 71.07752679114992 3.2299644466089297 0.0
661691 34.92123683655875 -3.8330962676810256 2.791781557020817 0.4411912819389476 3.020602187844395 0.4169263444446944 72.48244411007309 1.995819346348889 0.0
662022 34.96571366844813 -3.830514176157402 6.80648250193232 0.4451529150099978 11.717569010543853 0.42223093606863 70.89918625357448 2.0103007634775425 0.0
663685 34.98820378187482 -3.8158535026668505 1.4962200358510256 0.40962043143334265 2.4303763771434923 0.38795210838089583 70.75681772329291 1.0850254805039066 0.0
663782 34.89056070676063 -3.81492668730497 1.8151023901056638 0.3967661302470104 3.3260833202133857 0.3596783821529636 74.50839173975159 1.9958193463488891 0.0
664397 34.72261593903946 -3.810526402979352 2.89482314663817 0.5199436900152887 4.216150730897543 0.378189946228108 81.65479672749169 1.6163598024116008 0.0
664828 34.98190745653122 -3.806134711449947 2.3037568530567683 0.41921529135275526 3.8255984022025347 0.39680328544070465 71.44884836622536 1.0850254805039066 0.0
665996 34.93846354796689 -3.795156762388085 1.6692389666577816 0.4007547528923848 2.9506722993588728 0.37551333009963533 73.57468303269066 1.2485682965245644 0.0
666396 34.76689852639691 -3.792740358782317 12.327277319394495 0.4676300502592624 14.799528658765343 0.3747189186100773 80.51703472106394 1.582655145084619 0.0
667577 34.69243532445153 -3.782521984292601 8.79063963888071 0.5444166454341217 11.3792569242938 0.38230134131657784 84.12197588655235 1.1896866175177652 0.0
668422 34.91732841648358 -3.774524580917882 1.9023833740388003 0.41485995670048764 3.0104089271316457 0.3894014187530266 75.33272769211172 1.2175004982097066 0.0
668550 34.844892611023894 -3.773722718567328 1.9712822873805829 0.4320825382662789 3.6440669001814383 0.38344353977828216 78.1700411838877 0.8442770033346958 0.0
668819 34.79706478278061 -3.7729038530626378 6.711052287340698 0.44364882594945076 9.061656000422674 0.38651588364668754 80.1296585136111 1.284093344098653 0.0
669737 34.760800890299734 -3.765690054343292 59.21321146462518 0.5622771387182114 108.45538784236076 0.4326911216939914 81.935838608625 2.0341440826682495 0.0
669954 34.76990030452365 -3.761494421451842 2.231789435896555 0.4646045294519905 3.145327471452116 0.37364330864085554 81.74196865149847 2.0341440826682495 0.0
670276 34.70239246369735 -3.7598580885548847 5.926243224906985 0.57842020245585 8.585511904598158 0.4172887457077506 84.64125372203118 0.40683512485003803 0.0
670293 34.74977852285893 -3.758839281963152 2.0005039626357806 0.4875408272260914 3.3713482085716633 0.38308782406985775 82.68964701420384 2.0341440826682495 0.0
671220 34.88312706539305 -3.751248228698522 1.5383944667238718 0.4214058706079516 2.803594978098924 0.37089731376776064 77.70985075350802 1.2175004982097066 0.0
672212 34.9539792629519 -3.743183920463569 2.597419748169866 0.4053190836739476 3.3232391047814716 0.3815045723862681 75.46886233065298 1.0180407111606453 0.0
674311 35.01599094155862 -3.725387290316029 3.3744818551083657 0.3863512975189287 3.7986711798289523 0.36034939635317487 74.18768396485979 1.8978781989968374 0.0
674839 35.02027595234335 -3.721503709529543 1.6692282845043758 0.38761369255481054 2.818998919573164 0.36027306500008566 74.23810718897222 2.4909392675039337 0.0
677723 34.72866822093172 -3.697754191840043 4.753207043894685 0.6378020650575775 7.2070125144338375 0.3994549826837316 86.22026274723446 0.0 0.0
677918 34.91425001498712 -3.695550144762487 3.879130908947046 0.4050832366953312 5.189878188607757 0.3699517498075057 79.18252238844408 2.3226047939654344 0.0
679777 34.93623292137285 -3.680782021134392 3.8373307217935317 0.40113316883380234 5.5747027650639 0.3716890270927084 79.11563731953986 2.8839427188686964 0.0
680329 35.03952185813259 -3.67559525634852 2.774755374003055 0.4078523940325516 3.6810597499520727 0.3861307091376198 75.92897935676298 2.499722340081145 0.0
680646 34.97378807068744 -3.6755569711753298 3.7430162397076767 0.4462140904070484 6.0865856626841826 0.4185855959662676 78.08060771199266 2.6510884977318363 0.0
680769 34.80614507225319 -3.671322250667138 2.651192327103427 0.5145971523892404 3.4868436511988334 0.41800610756149037 84.34366907468953 0.7834794237594523 0.0
681244 34.84703211510633 -3.6668679442871337 1.648246693464132 0.47193306584809264 2.9986360890277286 0.39640575278519635 83.00530152801831 1.1319778428549157 0.0
681988 34.99973024896782 -3.660564919864495 3.285090556517328 0.4332326244856583 4.7355008220988335 0.4106291597592581 77.96823399431197 4.774936564151586 0.0
682724 35.0357410039003 -3.655472280568485 6.498330739124265 0.41018645246801494 7.759510248529669 0.38811077519398873 77.07514184170473 2.4688161498650865 0.0
682733 34.97287202316087 -3.6549801268395417 2.642538033181397 0.4346489825338335 4.875051184971218 0.40198468236785806 79.13386988265636 3.9451360168003267 0.0
683557 35.007893827696144 -3.651177904893708 5.9195436729707485 0.4304056045757834 9.706923448299294 0.40515004384967324 78.1775573965043 4.3725448775712685 0.0
683815 34.82070912331727 -3.644344281815356 1.6983489397398617 0.48572941228952526 2.951190291711541 0.38749766563224103 85.04461287668545 0.4626383493749835 0.0
684512 34.86040515157353 -3.637953974559505 2.133217839415765 0.45405320986665193 2.6788516453354476 0.3862228335019948 83.88365222600703 1.1319778428549157 0.0
685998 34.91816186959376 -3.624682996284421 3.3845451803171827 0.42212254766027263 3.674828831452766 0.38237757137338474 82.48598284210982 2.2737509996763516 0.0
686682 34.806316001003495 -3.619409642194972 4.956655285816709 0.4951502322307546 6.099954377671964 0.375618954495815 86.75144977267308 0.4626383493749835 0.0
687031 34.98269349756044 -3.6174721470920113 6.988671508913069 0.4523818119849431 8.789599970674198 0.425409631824697 80.69411582492559 2.6193248113397622 0.0
687125 34.958128152048054 -3.615605311971458 2.9563185172992403 0.4312518115844725 3.9361110807033888 0.39503162267203773 81.5897724214678 2.3141831735326948 0.0
688369 35.05499193881506 -3.605093913451569 1.5570813286199119 0.4079683015895274 2.6291518215630356 0.38770783700050687 79.0897932189223 0.9319536093202097 0.0
690522 34.853101240460994 -3.5918919836735217 1.9024426231551927 0.501100530260585 3.1900065910361137 0.41029046182626 86.35790641226994 1.403693528131281 0.0
720936 35.007941118354765 -3.298990646514693 17.647182639025534 0.7770946654976114 23.711035021685923 0.44153051155004175 96.6700441494483 0.0 0.0
729978 34.97759939968043 -3.3892481964879044 9.433979473757686 0.6135460932628374 10.575300562317231 0.42691235296385843 92.66706111383719 0.0 0.0
736763 35.02580441648242 -3.4594973787454024 9.349758190075173 0.4443892790190312 10.63242153590597 0.3771609049224853 87.5897677504209 0.9663382763361806 0.0
737239 34.96096574755708 -3.464937474930726 1.7396504176693561 0.4976686783939268 2.7995993922873814 0.387834788868487 89.1870428896672 0.6191108852911121 0.0
744373 34.82330165308409 -3.534166192176272 2.734417628903359 0.5979463423813838 4.4864000954074434 0.4048605206573551 90.20684213614382 0.0 0.0
747679 34.84268339696085 -3.5666221390609616 2.158053293559861 0.5379542515933291 3.5272019318175776 0.40055775847411546 87.94941621141473 1.4036935281312808 0.0
748861 34.895041669082445 -3.5706563689786663 3.100394586263452 0.4965095039287231 3.5507772602098666 0.4224050735866559 85.93812298739446 0.6071212849380021 0.0
749248 35.71969247305263 -4.557892354757814 1.707193118147439 0.3886352628324135 2.823690963369281 0.3751400072555967 11.541023448735633 0.9731262670693788 0.0
749385 35.94287899697451 -4.502592574087614 1.6923283491576209 0.37361825997514647 2.9567335005415627 0.3596549550854936 20.354965107424494 1.1968153064958644 0.0
749482 35.89304173415966 -4.438274060118775 1.64376074155873 0.41628456459973207 2.6536529058880136 0.4032443384732652 21.671739772597803 2.894287677587063 0.0
749495 36.31611415427753 -4.424206431811792 1.5861715028831789 0.37844402610441447 2.798956897595014 0.3648014324215124 41.184879894812745 1.0235331600308566 0.0
749497 36.105333010639626 -4.422907670249039 1.3116794817204551 0.3841334891675522 2.2611997064118885 0.3736839652850695 30.72784012018048 2.0707757851186974 0.0
749537 35.1568519320237 -4.394276066264015 1.7896896392399895 0.37968269522772813 3.1471837718690203 0.373664065169974 39.37056409738198 1.0948337331489242 0.0
749568 36.30944254249948 -4.378769872797864 1.7390754783885294 0.35160290529974575 3.003107399015962 0.33832810948016134 42.208039522215024 6.253372269097833 0.0
749580 36.420654542308775 -4.371255798086131 1.6918862369291479 0.3535278384766873 3.0341278199822126 0.33834358018509436 48.19767213839664 1.1343908084058898 0.0
749581 35.21936680886861 -4.371728257383907 1.6953201808991039 0.369228415705078 2.6758116518161077 0.36249242971025797 37.097638388165905 14.61289126376913 1.0
749594 36.4445972785379 -4.366014610570843 2.547256236060851 0.3524609159584138 2.651687389661284 0.33771192419493296 49.610529238936884 1.479811806613105 0.0
749851 36.33016563781358 -4.3635992821994 2.0132505342751847 0.3495179378951467 2.8159847105620455 0.33420547971310915 43.74168104188372 1.1601560144526628 0.0
750290 36.10759320304456 -4.361183927719989 4.206660558471483 0.3787854066666519 5.048171504147803 0.36827838126768114 33.312722884717964 1.442162592929213 0.0
750433 36.46110711550586 -4.361696231017681 127.79127896185217 0.4170929438023703 156.32594809648933 0.3978275750298122 50.606008982019794 1.4798118066131052 0.0
750605 35.738892416774576 -4.358494394410617 1.9189519833319093 0.399978541849174 3.4552583653274693 0.38565214866502484 23.55381328938642 0.7373112558369532 0.0
750637 35.20760178608645 -4.358569804583486 3.212564444316468 0.35805792406183873 4.732012546486554 0.3510011768536278 38.1379733436685 14.612418273305483 1.0
750679 35.36583495873672 -4.358197927858214 2.3681836828750713 0.3923748510433787 4.123672013709545 0.37885979091669636 31.246765775950507 0.933431861598249 0.0
751002 35.219485629421904 -4.356288421878612 3.569590742458781 0.3555403486158473 5.790618553411357 0.34814408758510906 37.66623719484476 6.961526186633363 1.0
751389 35.540715854862825 -4.354232921289214 14.45009792421997 0.39148966661506573 20.021673396786692 0.3761288431458994 25.81451294469118 1.1391506330364154 0.0
751490 35.174396399686934 -4.352193085680258 1.3728698032317566 0.3629351236275591 2.470648003397105 0.35536240540926023 39.94910667050523 3.7466752567263253 0.0
751504 36.3359360719302 -4.352561218268123 2.5830589742282535 0.3564555258026085 4.0149626852962115 0.3415973456950983 44.38722550641689 1.1601560144526628 0.0
751884 36.24044746797044 -4.348904957411452 1.7129183840230118 0.3688272423464126 2.2348823797452786 0.357576060692612 39.82121311114364 2.123666259076712 0.0
752029 36.128354720496304 -4.34797110534215 1.705899748797532 0.38896858774748366 3.140184935462354 0.3773816295216161 34.75581196457847 1.4850678593643072 0.0
752258 36.07228107230615 -4.3465119960860745 2.833397541489345 0.39867495252178475 4.938054709935682 0.388329842217591 32.490111952004675 1.104160125716398 0.0
752361 35.19096608270414 -4.345890279166982 2.159581670284703 0.36612191691538776 3.5742381238031573 0.3585592792436236 39.390624799849675 3.7466752567263253 1.0
752527 36.13267633365371 -4.344479975827144 1.8511110083624638 0.3876497109800126 2.753092058982935 0.3774453633006884 35.08733507728272 1.2378542908271166 0.0
752784 35.12175284249466 -4.34379828824008 6.90367720567407 0.3667751391539839 10.971609374560266 0.3608984222032387 42.800586632760826 0.9829089157791542 0.0
752943 36.30669030306479 -4.341698440285787 3.1368553266631665 0.35384434527593933 5.150283774045081 0.33833028274585436 43.28788657708655 2.302640743883536 0.0
753069 35.50943616336557 -4.340965488556838 3.7984079015825025 0.3919153012448901 4.304096347365106 0.3790982976177472 27.316957395222495 0.7403227670517538 0.0
753117 36.14752667714468 -4.3422847845380455 5.999326374572964 0.3841659709890752 7.928050778608432 0.3737795981843132 35.82245313378948 0.9054447213892186 0.0
753677 35.22001392007077 -4.337102069988205 3.20343267655469 0.3672848059273021 4.455758890887111 0.35925398756514004 38.37483779674422 10.986077132841292 1.0
753958 35.27206745244055 -4.334510695162058 1.727050596716745 0.386899624685154 3.161101512706867 0.37730004917935317 36.16027309887505 2.270678770389514 0.0
754004 35.20973600673733 -4.334364274443506 3.9043484342504704 0.37206313525211065 4.699444870851942 0.3647990657720078 38.95134465198246 9.96523059190778 1.0
754008 36.122774879454425 -4.335616590932951 2.808251107758589 0.38995562423159297 4.072356422146925 0.3791614696628904 35.03851520830256 1.4850678593643072 0.0
754521 35.67802793449188 -4.330511669331119 1.8350565605808014 0.4091334542167937 3.10540623824773 0.39642696054320875 25.24184115691569 0.88966899634522 0.0
754747 35.22019883462873 -4.329409433814736 3.1325522605910794 0.3857230016698792 4.786649458970719 0.3778853206809743 38.666151233392824 36.057038063176975 1.0
754880 35.98948412760238 -4.3283553582153615 5.594725632835942 0.3948900813216188 6.944946784483392 0.3822927035063236 30.322624735773186 1.3640530102562458 0.0
754883 35.971571258306504 -4.3276866126770175 1.9750361065925357 0.3956031848409029 2.677817594468228 0.38067290228232964 29.779550419239307 1.3640530102562458 0.0
754986 36.53265374181783 -4.3263578357853865 2.0204554625725666 0.37670260624209667 2.645379117637313 0.3561715416947635 55.38204151595078 1.015277218676218 0.0
755042 35.324794463727244 -4.326838341627705 2.58864196487096 0.44061718579930215 4.470972303263098 0.42961070174926086 34.28512326794998 2.59085308364386 0.0
755264 35.32246287168108 -4.325149344885764 2.546613861082271 0.42840168039367776 3.70781265063257 0.41803132112703006 34.45392157397452 2.042698042011218 0.0
755285 35.3331551129316 -4.325064302219841 1.694562208444915 0.42337023096500065 3.13271276915476 0.41190518902738604 34.03078871532212 2.59085308364386 0.0
755309 36.427108695470565 -4.327738711925567 3.5947773263523395 0.35806323712252575 6.275838796129918 0.34222979363801226 49.81541928208759 1.7413316466213637 0.0
755395 35.901399787415976 -4.324036796177075 1.8810948000106718 0.4039160169809985 3.3644991985752704 0.39193587936242114 28.004586483876402 1.0695035850915866 0.0
755437 35.22262067772084 -4.323918259905995 2.938543450866437 0.3881238007387263 3.768169211653017 0.3794921928158456 38.773039031569375 5.777035155423964 1.0
755947 36.53173449024024 -4.3210094696487 17.83839622388388 0.3966364092709538 21.445166109185198 0.38282648887027776 55.48150261739015 1.015277218676218 0.0
756200 35.08324638899456 -4.318223004574563 1.412566619127084 0.40235237981537736 2.614948793559222 0.39691264859057646 45.56820075046584 1.8707390513750832 0.0
756293 35.6320565451537 -4.317571246594424 3.2898503214825396 0.4187610337119965 3.8173527006482897 0.4046108897827572 26.361231951487035 0.8896689963452198 0.0
756320 36.26789015630623 -4.317480382424835 3.066144784564973 0.3586603098053892 3.5398759384838434 0.34546645849381347 42.272050626782004 2.1405714980724895 0.0
756419 35.88718135866398 -4.316485081692584 2.4099314998506367 0.39594688492250807 2.5525552563892604 0.38208971496534816 28.086932176889622 0.6435470143101936 0.0
756521 35.39441923062214 -4.31589610504298 3.221877661346104 0.41534899702751016 3.6365365345552867 0.4015413914190092 32.16665256982886 1.0539916876817879 0.0
756609 35.244955110273935 -4.316639841972977 3.6835582687987576 0.39601768243526486 5.0852768848793195 0.38749993098546337 38.07592988135395 5.441549868399314 1.0
756671 36.134104691752064 -4.314513370621551 2.2307301530462893 0.39143204758273054 3.1870064714169883 0.38062676643011867 36.417054150367484 1.485067859364307 0.0
756751 35.251600754768724 -4.315162286202985 6.869991311170399 0.40527626820318163 7.866890753894291 0.3975512111454401 37.8476078330966 2.270678770389514 1.0
757045 36.42423899651442 -4.312575214974292 11.85826586315681 0.38953835015234123 14.481054068090724 0.37597450444668656 50.138291591519604 2.437846101208439 0.0
757168 35.57483451473604 -4.311179916696292 1.4895412956964253 0.4176067180412668 2.6142520593120597 0.39989817233629815 27.542463106064766 1.4434040150506628 0.0
757787 35.185163950907004 -4.307459079170138 7.13299347920694 0.3500068110371231 8.335542516242283 0.34270931182091263 41.11539699863977 1.930992997699441 0.0
758229 36.50626869874503 -4.303774869516673 4.488566546623243 0.3850240036265637 6.672789458452615 0.37003000578995865 54.63650374355224 1.562590946833409 0.0
759031 36.39222192573755 -4.297623706818695 5.02496102654685 0.40035269324252215 5.833375714170014 0.38829747345101984 49.008401018809145 1.8675300113510442 0.0
759300 36.28404865544962 -4.295651883261081 1.579432169134258 0.3624478162495285 2.7939508353237685 0.35071901145490586 43.84161751819917 2.702792773916001 0.0
759716 35.94322395226936 -4.292541809507163 3.687546119257833 0.3900304761372248 4.414615011555369 0.37495356684364783 30.789011080148796 1.069503585091587 0.0
759965 36.24636169893895 -4.2912150218368295 3.9949923074159064 0.3665648865387608 4.9377161961777425 0.3557564111123939 42.272493311138646 1.0612173730478818 0.0
760134 35.718776920544364 -4.290732688427153 7.30408409714883 0.4073352675920957 9.270845715625441 0.39165670680840353 27.56103895017782 0.505505398768251 0.0
760173 36.07146134909889 -4.289573074691236 4.1352126991519365 0.41852027085079035 5.64146567132709 0.40733531775647525 35.080003869641665 0.9291902701559722 0.0
760175 36.265538301736775 -4.2890535957571485 2.0386044412095963 0.36325623594157874 3.2919673769475892 0.35184434868998377 43.23233678827608 5.905454948206189 0.0
760680 36.40802053219781 -4.284999466384595 1.6421189129977125 0.3748604419263605 2.396932028229342 0.3600867535106779 50.2151169325009 5.039081221451702 0.0
760706 36.33872413744909 -4.285612065815686 2.653192744503785 0.37250686872467426 4.956971330217484 0.35969423962551994 46.80366759073713 1.1817720757704857 0.0
761306 36.36049175575307 -4.281268012704816 1.8410298181729496 0.37672453081941454 3.4151302114446036 0.3648111384471073 48.00839608212342 1.1817720757704857 0.0
761355 35.36623614960082 -4.282704191145119 2.3789169080249946 0.4236382789033377 2.7102766989057203 0.41149680846091874 34.769239016402416 1.807942914472325 0.0
761800 35.580818543275555 -4.278576016115643 4.99545404570818 0.3974647126764901 5.425299589074823 0.3786077473488291 29.321831577567348 1.4434040150506626 0.0
762016 36.26307630888446 -4.276816393757271 6.365682916729093 0.3557884093212769 6.829419295396003 0.3450068772610202 43.59404088907997 5.905454948206189 0.0
762060 35.44983621056853 -4.276359624051397 4.09334648523987 0.4231328807674696 4.741021837834279 0.4117526644525017 32.40005079997214 0.9299063472114348 0.0
762258 35.18734691517769 -4.275563177773281 6.6094954894205395 0.36958872995021336 8.414972706782097 0.36042596713384045 42.28037171783659 4.603503321275426 1.0
762390 35.189229711481715 -4.274389560431296 3.892473931514136 0.36829615091356377 4.983352565629471 0.35985323795371854 42.24472483142059 4.7508305837575 1.0
762978 35.24814321323939 -4.269931148380689 4.210905885662658 0.4021029361839481 4.899422702142382 0.3912437034479622 39.910491965629184 3.251973508503056 0.0
763107 35.74595962754664 -4.268697131591474 1.8658587341024608 0.4429028934582134 3.16527059142373 0.4263127526426684 28.958162277893088 0.8330323575113223 0.0
763582 35.25556371717147 -4.265486512016994 2.23307000507988 0.4042739903615432 4.144786210792071 0.39339546670282893 39.798989958157506 3.8543432302592904 0.0
763619 36.41158064579662 -4.264604019733997 2.6008492719384124 0.388066736151701 2.90101594090032 0.37418883516480356 51.08047158319362 5.039081221451702 0.0
763699 35.58142273126487 -4.264695391875097 3.780591773320357 0.4086911733112265 4.7759705286281084 0.39155193882624695 30.116801172482045 7.037766309001211 0.0
763808 36.51845479085752 -4.263130117740302 2.1357261195405615 0.3885316152105911 3.6784614082235585 0.37390461621417675 56.4957340937546 4.27974613064274 0.0
763848 35.95761479329272 -4.263337310296539 2.1995681935474076 0.41144024867386847 2.891410751150085 0.397478342283455 32.74124383722358 2.145661627727599 0.0
764126 35.9739580351 -4.261357689134962 2.196967319411836 0.4089720677074078 3.2232219182647373 0.39536006205426477 33.29944554695479 2.145661627727599 0.0
764443 35.129169306058266 -4.259386120253706 2.0563625082844785 0.38639098801688065 2.9490068043028086 0.37715147515947844 45.5361297698993 1.6151489095057863 0.0
764526 35.07787741559909 -4.25942273404949 5.519176655396203 0.38238426623024696 6.210105796795126 0.3759702684203359 47.91658890729145 1.77158226862025 0.0
764554 35.582748207643526 -4.2589821586779735 2.7548993688342183 0.40302930881741084 4.153970836795704 0.38597496149920774 30.42843425466136 10.566066613442548 0.0
764631 35.304999827014875 -4.258389924967822 3.438895405904934 0.40551561483518095 3.7488670208857715 0.3908063061009926 38.169290979172374 2.150843512559465 0.0
764664 36.390608613683305 -4.257694130148495 1.7372682606247751 0.3922079626631387 3.0300726535391713 0.37930721659561367 50.29753209263207 1.5995581291986598 0.0
764764 35.61454676630177 -4.258116172731957 1.5187455664085734 0.40487797468558573 2.7237877812138986 0.3890763497743743 30.06022598466435 1.8489958552871584 0.0
764911 35.95092624083297 -4.256997391638653 4.911490864952966 0.3766295909139384 5.8737072894052424 0.36235793587362286 32.903793745759046 18.082883922556395 0.0
764928 35.94895522205843 -4.257532734491678 13.44397849388117 0.3796701844438014 14.66210828044713 0.3656198511299755 32.823409323250225 16.973861495270448 0.0
764939 36.255678863116 -4.257305333268994 2.7982384306909216 0.3681831174549728 3.9067273313965116 0.35661766893951674 44.03671463199028 1.63118003000673 0.0
765014 36.27254732450728 -4.255625918550391 2.8842765460752537 0.3625008146504502 3.231431245244884 0.35123290591251755 44.85627927652254 1.3630187355973522 0.0
765145 35.91771913536739 -4.255489542589107 6.6182812843345005 0.4062190071186049 8.589498373744295 0.39144037478442334 32.167030747460004 2.805763331244411 0.0
765324 35.182941634132874 -4.253822507046701 2.0612066806791036 0.3701319696997017 2.9016568701046883 0.360871900994782 43.360924231343034 8.030143195580948 1.0
765328 35.39145300663904 -4.253908724563252 2.12700552259739 0.4071785205257672 3.7933873815691466 0.3936789765794796 35.34162526603 1.1258739119070906 0.0
765511 36.41173028483124 -4.252353186130831 2.941552871326029 0.37517198247402017 3.5633030059538577 0.36160284575910295 51.51067979318545 4.102865941340176 0.0
765638 36.50056948681051 -4.252071972007228 5.6746064537006955 0.38471425338348003 6.583235257022135 0.3717707087312536 55.93465139060529 1.693506823994035 0.0
765642 35.316237777397035 -4.252346317765483 3.720435088282393 0.4093417019372738 6.086030743232239 0.3949777790936191 38.03034269566969 1.7818872098157856 0.0
766336 35.94253643055252 -4.246643008870859 2.918734926027741 0.4046580029300975 3.520678451237484 0.3925809525056108 33.250421575979985 5.409649181370048 0.0
766436 36.5335411737568 -4.245422613207342 3.125214726251415 0.3871402073152402 3.6031678815902737 0.3721296935469704 57.81967875383006 3.5008340612820383 1.0
766510 35.17874344416553 -4.246112215932934 2.9443531610064366 0.38355052138006396 4.308754318775359 0.3740084356947809 43.86154672947476 8.030143195580948 1.0
766610 35.512181954045545 -4.245166887069546 3.6552726632795363 0.4108954482000866 4.1624045810849095 0.3974195075609448 32.51909019142009 1.4839474860883768 0.0
766678 35.4551788141894 -4.244549678820972 1.7359081738598447 0.416762957280646 2.4820156563718236 0.40512989509824854 33.94187846838732 0.8122776274794826 0.0
766724 35.10763340833043 -4.244615173855856 5.094868777190314 0.38583102150579307 5.996005514089066 0.3787223410703688 47.09239362862519 1.6151489095057863 0.0
766861 35.19629548518975 -4.243367499384133 2.778512913551193 0.3760777229527344 3.5943779427374913 0.3655479123520369 43.22270153944943 12.083204813622288 1.0
766933 36.28271193405594 -4.242564475149899 2.510305037479748 0.373061637286936 3.9666745633489384 0.3614334415400863 45.83119574947874 1.3630187355973522 0.0
766944 35.74587329616551 -4.243044807592162 5.110955860792383 0.4414602604690257 6.992244781314952 0.42505347409613164 30.492903310446835 0.8330323575113223 0.0
766977 35.17653836238826 -4.242859018421225 3.726303274003538 0.38503787314982396 4.903477316060247 0.3746752414949003 44.09172737299472 5.293926199813393 1.0
767126 36.261033446091766 -4.241644840267916 4.630263377717555 0.376651534449853 5.5447692532067245 0.36630084761836973 44.90770997118911 0.9099707114099818 0.0
767131 35.579278504698934 -4.241321538033534 2.1289922189558728 0.4234254097657312 3.8401059636659527 0.4090538183944407 31.506387020910715 2.584172180996873 0.0
767151 35.18509305481245 -4.241223716850557 3.658586340936144 0.38229748670366537 4.6537832694171675 0.3715416686282213 43.791203085483865 27.16146818495333 1.0
767249 35.24697398546223 -4.240587353087407 2.076132715502207 0.44470284908068164 2.5729041140152487 0.4312131628914757 41.246492984101835 2.4112139179855854 0.0
767440 35.456517500516725 -4.239292496414941 2.1433605440748935 0.4275423997742575 2.9104902742713303 0.4119090290773605 34.188445747678585 0.8122776274794827 0.0
767571 35.20811328271412 -4.238188607205973 2.850572657668346 0.37474733493655105 3.490782971529935 0.3642732736056023 42.944785239400645 4.867417929819599 1.0
767724 35.20278970423313 -4.237269224413606 4.606806750150614 0.37508550144775993 5.349092922500371 0.36436146583247353 43.20725727857648 17.17240460260726 1.0
768013 35.254132515691495 -4.235903600951387 2.371733933394613 0.3952506697073197 3.537597048394691 0.3844716694173642 41.17038822182012 2.4112139179855854 0.0
768548 35.51076527504618 -4.231563424682627 4.075683728757879 0.41755278397334766 5.425760118809169 0.40447223358979495 33.310934932736025 2.9850254040042534 0.0
768677 35.51479910612888 -4.230461283036309 2.517926431628675 0.4162905855964484 3.1508779551969575 0.40489523765592506 33.28729812674141 5.085406417364286 0.0
768709 36.19176166635029 -4.229867913033719 1.837496419671281 0.3656061399400214 3.210869757513596 0.35419328055397015 42.477614674741446 1.63118003000673 0.0
768719 35.14926332708896 -4.229998200677005 1.7938703209855524 0.3841509923296024 2.3845758156269086 0.3737203582766738 45.80866650972263 2.013053145930374 0.0
769104 35.17900548262535 -4.227198496751001 3.0120021703121718 0.3788177334833555 3.600820846729392 0.3679558723223451 44.64047153875439 3.7071167949887265 1.0
769125 35.86362634174366 -4.227078242967365 3.249393350658577 0.404890676202719 3.6292665003746456 0.3925235543485587 32.69331148795429 1.0165790342698744 0.0
769402 35.631150361218936 -4.225528130177459 3.7718326377461464 0.40786116476511963 3.919149478669969 0.3929058096829456 31.81979942964716 1.6562838213269437 0.0
769746 35.16705173009418 -4.223068804460422 1.9731190652412627 0.3644032259581207 2.825191713835314 0.35205335054662656 45.32456233084851 3.707116794988727 1.0
769940 35.26679433215043 -4.221732088960616 2.4751252069872183 0.39442040306211723 3.230623545524839 0.3813188042132836 41.32145620575719 2.4112139179855854 0.0
770476 36.4490530356455 -4.217995537528459 3.715681437929132 0.3657182655695152 4.892584650561983 0.35073727241197855 54.52694994875043 2.1248580425385075 0.0
770625 36.07428607099973 -4.217116479858278 1.5346253241470333 0.4005942501382689 2.7329629222020073 0.3882065554332795 38.692197244274766 0.9632454985600064 0.0
770681 35.543208412051314 -4.218203904364514 3.5268726268125747 0.38650474167120585 6.226484484767677 0.37176814869793723 33.43116183058766 1.649887703143346 0.0
771005 35.96423865519117 -4.215254529885418 4.742257790609629 0.3685846558775637 5.4566413955185515 0.35589398988126264 35.50635041346416 1.1259215576532406 0.0
771058 35.440208134192964 -4.214676723577736 3.837623652224436 0.40154002456371274 5.270080901431397 0.38836943064646423 35.945636906957134 0.8122776274794827 0.0
771107 35.77857463665798 -4.214902462251326 9.905624117644996 0.3932694281977636 14.882194712999452 0.3773408715811199 32.36682180700711 1.0014748588077307 0.0
771206 36.20105399656981 -4.213114304156477 1.1504342178053801 0.36010409804056603 2.1473967404868852 0.3460560396918088 43.594293134620884 0.9099707114099818 0.0
771354 36.07242644483818 -4.21310372073754 5.1947560650381295 0.40219164906322047 6.310012938714272 0.3914594829467662 38.829206796010965 0.9632454985600065 0.0
771575 35.09997135140889 -4.211252690275092 2.397146868435346 0.38467735950196214 3.252882758947468 0.3762340071044322 48.74827980290289 2.5260904444742023 0.0
771636 35.91190398259852 -4.210564544362015 3.8506813876255594 0.39902354485888586 4.2066866192422925 0.3864194864209501 34.54597475990754 2.360703323772128 0.0
772076 36.08856017531652 -4.208873322699863 10.648825363774034 0.3612046539022272 13.672602913805934 0.3477349426921481 39.584117498158804 0.4946747166559055 0.0
772240 35.63466639068427 -4.206899206832664 2.2127228050294203 0.4112345643152612 3.6229057384589365 0.39704100018900296 32.896144525615654 1.2638553182108307 0.0
772436 35.21170830421846 -4.206345028839388 7.288397999484619 0.3695641878975485 11.394901674657325 0.3530115304984043 44.186231975776565 4.350740221565105 1.0
773074 35.92969713759765 -4.201263155609992 2.107486741961082 0.3913253271326239 3.806391982465827 0.37577013459277064 35.45003226334539 2.9770673375368957 0.0
773293 36.44225109542155 -4.19946239900168 3.0719894235048595 0.3444890662611906 3.6919820676347905 0.33047580585135583 54.860322777648555 4.934163654460861 0.0
773954 35.23890537648393 -4.195116815928891 2.759904141880053 0.3819505337124038 3.5343621976632185 0.3673228350192433 43.617736216495516 4.881539187360568 1.0
773985 36.44159607763633 -4.19454526636824 3.2319159019119232 0.3449496909343651 4.993784240955742 0.33101244592872026 55.007406030144786 2.1597199369274507 0.0
774444 36.46197304206236 -4.19150284710989 2.8329889030777955 0.35444441397505355 3.0067631818441543 0.3396575218890611 56.09092094680236 2.1597199369274507 0.0
774465 36.10466670330754 -4.191734003827027 1.5909805899291172 0.36962970685416807 2.6669189432805562 0.358504118813535 40.979384394142315 0.49467471665590534 0.0
774733 35.79596396733689 -4.1900217368513175 1.7740101166253768 0.39600489363876495 2.919577103318779 0.38025915301290053 33.98990796272001 1.0014748588077307 0.0
774749 35.22197127399842 -4.19095549881146 5.5560403063631405 0.366594113071928 8.966462358693988 0.35103563600711557 44.46699780086909 6.5241147175623535 1.0
775015 35.2729710472082 -4.188833907744341 8.775625043480618 0.3795025768869971 10.653344743452596 0.3659615695339367 42.627046502732746 3.2703445706302148 1.0
775179 35.17428717231825 -4.186888005233218 2.001398685071074 0.36825519921705036 2.806661032389074 0.3563964654852333 46.56630077514066 2.584446751957892 0.0
775400 35.32214642416889 -4.186135252224103 8.53852166428973 0.40902999096147724 9.81501210676472 0.39489827992951976 41.022613112950374 1.0088422691040044 0.0
775743 35.46737630938541 -4.182803416082536 1.794336744321777 0.3809013646877521 2.3111449434500537 0.3670803225106651 36.99722519779525 1.030815068587709 0.0
775967 35.68881756944282 -4.181121068530652 2.0199014271609057 0.4056438820304575 2.1913988325550045 0.39329824068932717 34.15624623505741 1.9171996244644853 0.0
776249 35.066991711760544 -4.179785801921706 5.302231144295407 0.3666462374802773 6.231757969224193 0.35725585393551007 51.47757690183688 2.109237265116542 0.0
776383 35.73803121288507 -4.178785701269019 3.3094441166202673 0.4382427557876505 4.801868949123644 0.4268220795588237 34.31385031631782 1.943347222087482 0.0
776543 35.30722353528959 -4.177175605351287 3.457931942567473 0.38463519642071947 4.379974353547261 0.3700538288338049 41.97310736341913 5.347674831915656 0.0
776715 35.58433333297748 -4.176551968234632 2.8687329078189703 0.3793885843443255 4.597097133142082 0.3676801254244198 35.218466049428365 1.8257507384497476 0.0
777014 36.40670436755755 -4.173655701925557 3.310012941289144 0.33566189862827234 3.889494531589117 0.32148858788441864 54.154043682493864 2.8269126660001733 1.0
777015 35.273086488270835 -4.17508679449975 6.794259355809816 0.3964109162473453 8.705673238163108 0.38352072754539446 43.27748543598632 5.973199370115901 1.0
777129 35.45525864457987 -4.173193218875195 1.7968016512202436 0.38966731750724204 2.7787669830447066 0.3754540257307254 37.814567181705826 1.030815068587709 0.0
777252 35.2286215394611 -4.172322934503332 1.4045236022249672 0.38231090552524943 2.3752615303819313 0.36865013862372065 45.06123934878431 6.684159069231461 1.0
777293 36.43550936911343 -4.171582125357174 1.601832829001989 0.32919213564591326 2.920202745993273 0.3130345659212477 55.56863046140329 7.21079700270948 1.0
777384 36.33590940937098 -4.172573925759112 5.3283456942223575 0.364770710156556 6.457768760890569 0.35213125659646793 51.01092901782196 1.526502625892154 0.0
777415 35.191030210470714 -4.172935639440965 26.99526713825453 0.39082491183088297 34.62223497698389 0.3769693444439038 46.50293681946525 3.248563658400406 0.0
777424 36.41485467473002 -4.171529687836134 3.864807890892472 0.3327305637426796 5.054250754486248 0.31849089016731513 54.61115347443225 7.210797002709479 1.0
777700 35.76794218254128 -4.16919983701894 2.177923756470807 0.4440251352481569 3.514166021160914 0.4319453047936783 35.01994966422347 1.6692535010672347 0.0
777947 35.734117628591726 -4.167857977531491 3.4341516273348205 0.4185505779857707 5.009751297672038 0.40469768227918207 34.95830237516199 1.9171996244644856 0.0
778098 35.247905810785525 -4.169110113784175 8.334355600076321 0.4007813913342281 10.133178204215971 0.3875050142170843 44.48389055331049 8.571286865756182 1.0
778106 35.168567892136224 -4.166384759309919 2.637615402211755 0.42033974753284 3.836601572736034 0.40506283695936623 47.69836346290173 1.9571250961891093 0.0
778127 36.41023842376083 -4.165911886163886 3.5441020377988885 0.3388367726056279 3.9940789832996817 0.3243591679759891 54.61404395420393 24.829617417965867 1.0
778206 35.174410222441004 -4.165628234179796 2.5948932715492674 0.41931840069814424 3.358315244715939 0.40654375177157454 47.49526964655645 1.9571250961891096 0.0
778741 35.4791711764594 -4.161645406836633 1.9618473674721406 0.41278177025346574 3.125895253093409 0.3946514853508262 37.90561434227766 1.030815068587709 0.0
778888 36.323517755796125 -4.160780682120756 5.295341707873623 0.36667929643061253 6.4864531054119325 0.35193897783515743 50.95793334199001 5.485790908019638 0.0
778908 35.24468349600915 -4.160599846190751 1.970712633923942 0.41756937143168 3.1249578020444915 0.40219010201960864 45.004139353892 6.501916171405353 1.0
778983 36.40202017999754 -4.163617925547336 231.1825811015907 0.4558640809706022 282.9634752952033 0.438283229002105 54.327004171577244 5.781609285077953 1.0
779408 36.29745099393382 -4.157106385188222 2.0687347441170214 0.3715016095270028 3.253017206740339 0.35968191831409113 50.00335149316187 1.166760802705995 0.0
779636 35.473493826780135 -4.156040775270825 4.210463036733952 0.3945528445179898 6.814670556693184 0.38118210027594385 38.34300614281443 1.030815068587709 0.0
779710 36.363891421142746 -4.154006976722545 2.0109865807832947 0.35945882120824757 2.4916216749098234 0.346148863921407 52.99740621362924 3.523240362404254 1.0
779724 35.94170048315862 -4.154780583500995 2.4453739363506517 0.4007646156977333 3.459791281872846 0.3882331963555242 38.3083552044235 1.2449959106751851 0.0
779783 36.35289839197368 -4.155906348342121 7.464319529216907 0.3670628189266387 13.133382543868755 0.3513200391328011 52.436372910838955 3.523240362404254 0.0
780035 35.307666723722456 -4.15239545494139 4.094107864932645 0.4093657055587561 4.7597005039402065 0.39638785096948814 43.18444570182777 2.7013700774876455 0.0
780282 35.22386236915224 -4.150844733616935 3.785123907121735 0.38932275401071054 5.439479595196296 0.37515717237107 46.23861959344728 4.370265768315274 1.0
780313 35.58052005270146 -4.151157111404766 4.333860141905666 0.3923424879190879 7.144872217969625 0.37917187555370846 36.7559017881042 10.786251155293701 0.0
780462 35.57194074609922 -4.149583191562213 3.1904184985549553 0.396380602546126 4.395172755655961 0.38382226816029447 36.95950280290353 1.6851960579630123 0.0
780526 35.10839112680813 -4.150092527470433 6.713404663278283 0.3767439302142252 9.00233781838333 0.36310311736998335 50.898956542034796 1.5076637575603171 0.0
780655 35.57977950095767 -4.14769318015231 2.4088501067845707 0.3832535451430765 2.67304036970745 0.37065439607405326 36.96840945435354 10.7862511552937 0.0
780860 36.38039839995392 -4.145633743417541 2.655125569657591 0.4088572996115075 3.299232438401645 0.3975926965774183 54.0661383172402 8.00006240748225 1.0
780909 35.15086936272348 -4.145775281567408 1.9037286255027508 0.3898882418309587 3.1899476550173214 0.37441078452807486 49.32537852758774 1.7947164315023225 0.0
781010 36.41078253430374 -4.145528677583646 2.1201929792626246 0.35707410320859356 3.6808124949357324 0.342315315326532 55.43180542059881 6.541257116148772 1.0
781071 36.009699710564995 -4.144665319739767 2.491958439004705 0.3717805558466915 3.467027335755153 0.35660656318347556 40.50373625791702 0.6287857242551723 0.0
781355 36.52585064408926 -4.141785934728127 1.6817147088733284 0.3647217988324772 3.0946574134703324 0.3495956633104622 60.93857628032828 1.7549755435311396 0.0
781511 36.536955055510646 -4.1405721800204 1.530014317376756 0.3686637778521395 2.3450498220985496 0.35429136298149494 61.51513525275442 1.7549755435311396 0.0
781601 36.349372447866 -4.140203010599103 2.1588356692093313 0.36374019173370564 2.9705091503216017 0.349907655859945 52.92904626471538 3.838415055545948 1.0
781664 36.31728003429024 -4.139853098516969 2.2582467356077967 0.36244388960082 3.458252775519774 0.3469934999494798 51.57381830011847 2.275247476377839 0.0
781747 36.43717397460518 -4.139351913584575 3.576912382490878 0.35737605291193986 4.052646007362012 0.34197151574440715 56.87329900859895 1.163352257072121 0.0
781803 35.071978516985524 -4.139295617985596 1.5558433959626814 0.36494743392204426 2.7077569999272826 0.3527573689173617 52.90838688558285 1.5076637575603171 0.0
781955 35.586577813080304 -4.139674845888112 5.229017138250202 0.38124604979911386 6.541081730018454 0.36678877339270105 37.35635813286847 5.58153524921048 0.0
782063 35.64398879879951 -4.138928248840973 13.155063815957101 0.41655351686640213 16.493223678946244 0.4034489109197457 36.87633166430591 1.1513437889939322 0.0
782300 35.294986612129364 -4.137558155517228 11.314526205628598 0.4049100735422412 13.889677163272781 0.390860619325811 44.34667659126835 9.178748046615638 1.0
782346 36.422059222293335 -4.13535469577715 2.9069166703543416 0.3553994291844113 3.3582567691347935 0.3414931946993885 56.34156224091562 1.163352257072121 1.0
782429 35.275820546836414 -4.136017413125115 4.152427173540987 0.3866367861162425 6.519519342930516 0.37199864378393355 45.074070472183394 2.6810334512715257 1.0
782491 35.75192777601957 -4.134758812111963 2.4158105242739873 0.45108056069340613 3.5082501340995593 0.43871438281458375 36.99957753461517 1.680185783102719 0.0
782628 35.347930981316104 -4.133712614621591 1.9311416095937244 0.369349156898635 2.742240740785356 0.35356647757660614 42.853465091485596 0.7490568230416255 0.0
782796 35.39245183513066 -4.132592385546689 1.487778648296883 0.36816057301050514 2.689653880879876 0.35204652686070076 41.630805906725136 0.7490568230416254 0.0
783024 35.45886026169496 -4.13176979934352 5.36405465965861 0.3808121256868929 6.911727497491006 0.36744551402586095 40.02053915934887 0.7538436080594867 0.0
783385 36.35536152979861 -4.129907671012881 4.236727320983648 0.34865939903634874 4.905997843826448 0.335375507026187 53.615492351846235 3.838415055545948 1.0
783405 36.31887345604022 -4.128770817971849 2.857018545296199 0.3616530174427538 4.671484702661492 0.3491264220958387 52.11467848418012 2.2752474763778388 0.0
783491 35.95830243424294 -4.127759157524504 2.620869883565986 0.353133199285257 2.971677648981692 0.33832252897588194 40.18064481636741 1.2449959106751851 0.0
783558 36.39023583961314 -4.126887648320604 2.7461105994930586 0.3975785439157452 3.1564061537596926 0.38518508071609436 55.25911929531324 4.071734220119613 1.0
783845 36.371314291462426 -4.125843034982938 3.580012932769528 0.36903329190435014 4.798358848766904 0.35568621278876034 54.474103824637446 8.00006240748225 1.0
784437 36.401919055925084 -4.122245237561862 8.370049831507872 0.3790192353323121 9.573875385875251 0.3653406785759578 55.96295346460161 4.071734220119613 1.0
784543 36.37665927956803 -4.12025028508403 2.5479724284029674 0.3755032757969656 4.040009111970079 0.36203035290541896 54.93710339723245 3.630611163888251 1.0
784546 35.30227154934136 -4.121109832883821 2.8125244295586915 0.36720860427302693 4.670007710778035 0.3457514417709339 44.92991828639636 2.3058386248044536 0.0
784713 35.137222033067985 -4.119115602031337 3.1309181673825286 0.3778806226638324 4.059687664469832 0.3636525484051763 51.05731993623438 1.4171986588375627 0.0
784934 36.26824021930022 -4.117069605118124 1.754885617954791 0.36010141108615795 2.6355878189902344 0.3483680076215088 50.56998437438639 5.06613424801838 0.0
785008 35.060481520333546 -4.116845878830632 1.4424310929634965 0.36714020024161725 1.9146910012607417 0.35387082686115173 54.34003483589072 1.902277083690365 0.0
785370 35.88745344370814 -4.114316578089967 2.0000869903028238 0.3852052087531595 3.238742902988798 0.37177497238386314 39.590669552426746 1.543516202133667 0.0
785879 36.238110277035446 -4.110524507221331 3.7212844115657107 0.37733127483589995 4.192439481311914 0.366818996519838 49.70094707709754 1.6199083322973893 0.0
785933 36.36467992402383 -4.109734294597286 1.773227980403483 0.37354622509248514 3.283614485509165 0.35925495448419836 54.85931107296655 3.6306111638882506 0.0
785995 35.97232333698005 -4.109649060571088 2.4892927812922263 0.36899833807460863 2.931675286663937 0.35321706065519015 41.50211803553554 0.6776141008168695 0.0
786084 35.9742035720779 -4.108936483545765 1.605327863838925 0.36818971621744545 2.683987551023096 0.3546580463146665 41.584322767939696 0.6776141008168695 0.0
786557 36.13081389582796 -4.105388611038022 3.0579252634953256 0.3805290814902966 3.2657088021247134 0.3689350850658294 46.14740626576523 1.7821538930563472 0.0
786782 35.879694026853215 -4.103962559849602 1.859300720698856 0.4053984883980044 2.4551738912254906 0.3932817478128182 40.069424906554495 1.3076403112545496 0.0
787011 36.44321988382967 -4.101886061200331 1.7590079162067371 0.35936368940141256 2.369514716024488 0.3445999516775169 58.61774623183116 1.5167648367644102 0.0
787157 36.12338078902104 -4.101089928915149 2.732769170040227 0.3741855798500889 3.4518445885264435 0.3615303268297294 46.12390979985961 1.7821538930563472 0.0
787268 36.08719500990159 -4.100315004111745 4.211056172510579 0.37699410106940856 4.59129083024067 0.36221172850325284 45.04070677430664 1.2590852380504023 0.0
787313 36.12442036747262 -4.100300125057181 4.740345298382307 0.3773261473254552 5.14915155787156 0.36046366776836175 46.19726805349018 1.7821538930563474 0.0
787323 35.69812798076421 -4.101839529181852 5.581960827865725 0.41401701507374955 6.925894243008251 0.40214424242998575 38.89611239720752 1.7849923151891063 0.0
787533 36.524168573612194 -4.097811595608516 1.9565560180349275 0.37115780851406815 3.0204669112637603 0.3556210700704887 62.4769405769866 1.7549755435311396 0.0
788227 36.27971176393823 -4.093240932014798 2.2442527462956376 0.392673936829166 3.9617963185684486 0.3814375418736446 52.09890924164292 2.4530543742522672 0.0
788345 36.535623376818194 -4.092024646759287 1.5071074523601147 0.38487163435472505 2.816995739546925 0.36848637016150104 63.22893989698834 1.7549755435311396 0.0
788371 35.364768815208016 -4.093413452590778 6.647467413803363 0.37153485620959675 9.565747740533649 0.35744384141795227 44.480227011951584 0.7490568230416252 0.0
788401 35.512051208216 -4.092128569733999 1.7246499669137743 0.37282471783959814 2.9563059381427292 0.3603907712801178 41.21022897674648 0.9582871027631377 0.0
788429 36.541229054152566 -4.091759251103671 10.261848987228014 0.3903337560768819 10.400116929957731 0.37578031947351825 63.50113542292881 1.7549755435311396 0.0
788444 35.71858070549814 -4.092709703133783 3.7054060351401907 0.42431435597123274 6.01271617760497 0.4118214814631948 39.4407582090028 4.63747006251557 0.0
788471 36.26330935766143 -4.094260321214247 100.11789159709551 0.44312358626378734 162.45455735067327 0.4258800241334375 51.41556431210801 5.06613424801838 0.0
788707 35.92814139086241 -4.0902544473721605 3.3776856723424427 0.3784981355788458 4.57510580234237 0.3650273231310405 41.68021192166762 0.6776141008168695 0.0
788940 35.93652338029348 -4.088261155805572 1.954899823819329 0.3785448601336151 2.4264979266692994 0.3633836344019297 41.953084560938706 0.6776141008168693 0.0
788964 36.50978737354951 -4.0888608711472 18.4899271892452 0.3941168990141145 23.727666950364224 0.37736399475974297 62.15025133398749 0.8433095136334738 0.0
789091 35.08222784670132 -4.087558224876146 4.788272299083182 0.37254708443978335 5.318827435099842 0.3586320283918205 54.68180010967918 1.9022770836903649 0.0
789173 36.23574286836268 -4.087016115521374 2.4236473571978596 0.3909129412951694 4.296540749755909 0.38089796420409344 50.71009973085805 3.722566357247784 0.0
789548 36.40805676828514 -4.084305868762314 2.8713428525761837 0.37887197363049957 4.065680997143382 0.3645025623449639 57.78520004193454 2.105074998999353 0.0
789631 36.1345420888753 -4.083144093557332 1.3438023745882424 0.362853115213118 2.1171428561150547 0.35118494672722517 47.39095724245125 1.7821538930563472 0.0
789883 35.65485745976708 -4.081364475450662 1.9225818895643503 0.42592844660405577 3.51308767619207 0.41292741585583587 40.25352131117094 1.5398499599689635 0.0
790105 35.724328817852175 -4.0805402268988695 3.9559591663447002 0.4448141282344361 5.6982856107823405 0.43393706596627635 40.17673133865613 6.336852338604347 0.0
790311 36.0853689630421 -4.078620934949937 4.352702171288683 0.40958740705350055 5.3707399380277945 0.3959190333574998 46.11870870359197 1.6136400661288381 0.0
790312 36.09980618797361 -4.078454303926375 14.858936534058289 0.5243474948838683 14.942237623894886 0.5160035567142063 46.553991842227695 9.308527043693028 0.0
790326 35.537191637242664 -4.07881285228948 10.380188691330863 0.3982564660101376 10.859946799080253 0.3866919089590654 41.57691135236764 1.3397633665897155 0.0
790381 36.464753796428695 -4.077368423174436 1.5265046774576632 0.36785951703538383 2.477667651585408 0.35206004531001134 60.558584243775854 0.8433095136334738 0.0
790438 35.73189565950492 -4.07839664519809 7.955203431253895 0.44377739158959356 9.803199118497998 0.43336630745928284 40.31748387477112 2.8102539206102635 0.0
790481 36.2766393968738 -4.076657915619566 1.9257467537735073 0.3795308661469487 2.9117864983346475 0.3684748960553424 52.73739764707758 2.453054374252267 0.0
790554 35.53189963189974 -4.077198028983363 9.474802833234726 0.39023323241495467 9.996696197821972 0.37812258420037875 41.75043056251222 11.324637384724706 0.0
790592 35.10425971656204 -4.076374750812292 2.848617703881235 0.39662974006340684 2.9562060231733702 0.38311897728104133 54.28310464488842 1.3093188171601189 0.0
790645 35.448248330397114 -4.075904131655737 2.4342616973473756 0.40676117923679833 2.972396207973314 0.3956556722322738 43.37102575316273 0.7593857933037915 0.0
790784 36.316098355541705 -4.0745804139893504 2.653621319865442 0.3644141374107853 3.4963585030827633 0.35384432407020094 54.37762146503942 1.6421247226477738 0.0
791046 36.05890508245012 -4.072925808231953 1.7030450353872708 0.3952388547137592 3.160389676104889 0.38303572094574406 45.67267407920707 1.6136400661288381 0.0
791082 35.30427014267517 -4.0733052323922925 5.554890915865394 0.3927446917117387 6.262076314866579 0.378699595450616 47.303314844588336 0.8803692273768827 0.0
791179 35.53061262895997 -4.07678768590949 8.527158192088846 0.3925614528226951 8.687882848365419 0.38047716102991513 41.793939529321534 2.3848046244511316 0.0
791438 35.88832127417169 -4.070213716945148 1.9726821099144338 0.4119966593245815 3.208325655339877 0.4005578966054095 42.15910453988925 0.6776141008168695 0.0
791821 36.41614848870845 -4.067420273354797 3.5091079294355785 0.38487188142176665 5.417777327151256 0.36884591671114697 58.836974859209896 1.0462177344212977 0.0
791926 36.11130842704207 -4.066977579831538 3.0893461731267764 0.35492510433748864 4.0230299212185505 0.34195120123542955 47.49539484749954 2.3861493537122636 0.0
792063 36.252167520073016 -4.065891109736706 4.003095181212109 0.3675228675750105 4.716434099144171 0.3568080506977224 52.31403742292262 3.2978008977545485 0.0
792575 36.45030744884096 -4.061837876575292 2.2880476414226893 0.38367994811488537 2.969934247875787 0.36839830685717095 60.54892206058625 1.0462177344212977 0.0
793146 35.98330254433238 -4.058351886039411 2.0517128707956336 0.3639788364974183 2.7294554923836194 0.3490966133625839 44.6034530298739 0.7459685524982443 0.0
793222 36.15474028043504 -4.0575946103999545 1.2176805835977274 0.34826499055720817 2.192400100261771 0.3344854442198793 49.333374668140515 2.1444502208076495 0.0
793245 36.28534886376187 -4.057291833335479 1.5392095334462659 0.3541643720384303 2.366647662885292 0.34196372513942297 53.96382927142592 3.8184962810502916 0.0
793255 35.533531605016464 -4.057633010295049 1.9682090870981546 0.37331821664127607 2.6227334128539455 0.35504190397206437 42.86239546033595 0.9582871027631377 0.0
793673 36.32706524816727 -4.055392893632967 3.3403529275009287 0.3517458681199572 5.941844325781592 0.33851617984137994 55.674049258533266 1.6421247226477738 0.0
793826 35.062372746227744 -4.053832580664003 1.9728769671265667 0.3678863314565187 2.959367203881352 0.3521945851904111 56.971385755833126 5.945147045923074 0.0
793865 34.90201999772358 -4.0531393123631325 1.719081839198307 0.37621718502151297 1.8472165346581617 0.36117090920262457 63.910368648000336 2.9868642401993473 0.0
794250 36.40087222704317 -4.050048810337443 1.8581900530072057 0.3755608180695886 3.2880650758032917 0.35939534192271266 58.92295434996814 1.0462177344212977 0.0
794297 35.73323601621651 -4.050491734399841 4.66726557437242 0.37650234616450984 5.101799689835323 0.36475223926332656 41.99350840394159 2.70149414232987 0.0
794437 36.54007709861777 -4.049670266549529 12.743511939153622 0.4065744461505918 13.849903638465493 0.3912311795439688 65.05023326485242 1.1699163761359554 0.0
794720 36.30078204658187 -4.047429423317489 2.531575322924545 0.371477924604215 3.6889656485229674 0.3599688170118224 55.0096057110371 3.8184962810502916 0.0
794752 35.18965246107182 -4.046942648669535 2.7183442479256597 0.3722933112814671 2.97541364004796 0.35584951160458017 52.425554293368485 0.8023510453644458 0.0
794881 36.30667275976708 -4.046265362220409 4.6435364137623285 0.35311279230255177 5.869456897399952 0.3413647878484443 55.29001119498815 11.019073063180493 0.0
794971 35.83780254924506 -4.045370973344075 1.6898919893932571 0.3805171436798133 2.9584262535063184 0.3680841042069835 42.96349065048361 1.3082721274800042 0.0
795187 35.37969963916765 -4.043909458628279 2.0101514205619937 0.37444986533259556 2.8057342634935623 0.3581429146883605 46.74687512004267 1.1664805999153798 0.0
795244 35.39776353742243 -4.045702935761472 50.419589110668404 0.4116189302279775 91.22946697340984 0.39392715247111354 46.20200496794994 1.16648059991538 0.0
795383 35.80386507886093 -4.042832825948644 4.393920586266692 0.3795054184669731 5.029595607724645 0.36616359115585384 42.79998880951145 1.4162694891448848 0.0
795401 36.54345181168755 -4.041792878152295 1.4660901933812471 0.4012200104931721 2.7220033090698967 0.3858309089770248 65.5102549885203 1.1699163761359552 0.0
795951 36.06045594958452 -4.038618943861159 3.056408904193065 0.3872230837063533 3.3437077682831617 0.373662628604516 47.55391799564739 1.6136400661288381 0.0
796144 36.17205543274248 -4.037018710091459 2.285106310482309 0.35451420860594546 2.775327974260635 0.34086516695788394 50.9322557281844 2.954835977227112 0.0
796479 36.15151860175583 -4.035512380736329 3.3873489693237064 0.3488495363108242 5.449399263859307 0.3336203187165232 50.35301623799057 2.4352669015732635 0.0
796498 35.47850837673104 -4.0349207133939125 2.0520064458392437 0.415200736420886 2.3982440913477094 0.40418639389865135 45.08438969372947 0.7593857933037916 0.0
796525 35.61312816561791 -4.035014193398157 3.6129423282194777 0.4064086921127664 6.473304847969445 0.3940938861517787 43.28881233207534 0.8557778896675925 0.0
796680 35.673534560831214 -4.034198991985826 6.096900046124303 0.3916254716128328 6.473996425314963 0.380083505259393 43.00342757482534 2.0702813430202327 0.0
796757 36.25484075505567 -4.03294134606094 4.065389945298076 0.3481746199661097 4.688934000250419 0.3364911106094112 53.97600038553224 1.7400780138488265 0.0
796958 36.15279372388632 -4.031544590074676 4.303190574426289 0.3451150031905931 4.881613342313644 0.3320873744502247 50.595786510934474 2.954835977227112 0.0
796999 35.45265817708228 -4.031161372281471 1.5883568320424986 0.39339709501632747 2.6292511840072184 0.3799594081048231 45.795558989625704 0.7593857933037916 0.0
797222 36.32589988767945 -4.030276040346765 5.535112218177457 0.35454149151189096 6.878561805440709 0.3422659564107932 56.76607197720876 1.9573064164839649 0.0
797371 35.835468846281024 -4.0287797546764255 2.2230105475472963 0.3758109831585574 4.025214421590107 0.36375918576417904 43.91937097163465 1.3082721274800042 0.0
797618 36.1467589157397 -4.026937085819208 2.6446362107029273 0.338113128762384 3.463833556061776 0.32449654415229323 50.64436688089027 2.954835977227112 0.0
797691 36.20461930392541 -4.026951531991539 1.961807401484397 0.3505269840039246 3.274626098030605 0.3369037640372409 52.51325368359458 2.0173016502760484 0.0
797697 35.64005348814197 -4.02651175424801 2.13801863858406 0.38103603564271066 3.644271610759213 0.36686441408932 43.610509860291415 2.083579897239457 0.0
797839 35.73656484045357 -4.025725895779519 2.6314984420300354 0.3891100205338578 3.088217916717018 0.3766867370250409 43.48549531539317 3.9261202326127913 0.0
797843 35.18070159489567 -4.025555282045539 2.0568629119190387 0.3548017240793732 3.212345460171642 0.3345057218938451 53.77731900129922 0.8023510453644458 0.0
798039 35.63836735751696 -4.024252118515471 1.4813812355444875 0.3762318921546836 2.7608371727275616 0.36229029758330555 43.75522896164051 2.083579897239457 0.0
798151 36.153119132646346 -4.023242392531763 2.361134336458549 0.3402749835067827 2.6917949159375723 0.32615459853598466 51.03104283971294 2.954835977227112 0.0
798604 35.4325895059637 -4.020311438861019 1.6580834833507159 0.3851447433062239 2.880833485439891 0.37015420424081086 46.82118822821932 2.573485439748234 0.0
798911 35.7521086082238 -4.019216125347696 7.973449378059343 0.3912498996727837 9.528860238896607 0.37899095118476844 43.919336815952626 2.195876071663308 0.0
798977 35.12560045422508 -4.017774175466591 2.1799732565243164 0.3714416223313722 2.995077458543015 0.35308868143050487 56.146578395144104 0.8194295615104723 0.0
799143 36.31388095204246 -4.016833198357873 3.49859779553429 0.3443990769237494 4.4766206760516525 0.3317584009603274 56.923225213088394 3.8517997551210605 0.0
799493 35.13975047686151 -4.014324050072784 1.5739299392548025 0.3717767997539241 2.3092142363094235 0.3525021299122255 55.78711366215658 0.8194295615104723 0.0
800044 35.40503707655161 -4.011693627262908 2.6201434510906036 0.3933959936655394 4.731273636150942 0.3784221357246445 47.908214739018746 2.394509345456381 0.0
800085 36.19808584229198 -4.011361347754365 6.86325593718524 0.35178733175442695 10.156571199300119 0.33836078213557946 53.07275913476378 5.086208788682974 0.0
800381 36.20419071285695 -4.008289863444316 1.9179721720194842 0.3393368309536974 2.656247748290412 0.32640056432691394 53.42800515003028 5.086208788682973 0.0
800553 36.30226263178752 -4.0081278417052255 11.218127138140545 0.3514775488953732 17.22616305915316 0.3386668995006888 56.89250862331743 1.9277542125063756 0.0
800785 35.56464546130149 -4.00561493221268 1.8031378257656128 0.3930060391895671 3.185807123434561 0.37674797523206743 45.50174931728674 0.8557778896675925 0.0
801168 35.40346687731584 -4.002936099125488 3.1973345758989837 0.41366780641120293 3.4429847552388746 0.4018082794966098 48.43001836406583 2.394509345456381 0.0
801235 36.14254768589439 -4.002230293049796 1.925255024784213 0.33499416290551093 2.190632111785526 0.3200093398564919 51.79376491188664 4.857144836212422 0.0
801259 35.88035225183663 -4.002542157182198 2.2546476786976926 0.36603917117463264 3.949328956318074 0.35150500614428015 45.99084062705499 0.761594747910231 0.0
801651 36.11152841938337 -4.001176270114736 10.259363719776804 0.34215641055139073 12.848181019303672 0.32670472943640083 50.947782608009945 2.102417994700256 0.0
801857 35.344874084590984 -3.998303521670162 1.6772402679090967 0.38930593326302054 3.0267191019823496 0.3736948039872755 50.11300749248721 1.181283370096855 0.0
801998 36.42389840066634 -3.997618411989613 4.483094153103302 0.35575727388063383 6.009286285486306 0.3403884298183703 62.144400392374514 0.8416788510357969 0.0
802066 35.12220556941115 -3.9969185698619705 1.833614561958502 0.41806794914495926 3.283367506755413 0.40221528795888956 57.25583851037999 0.8194295615104724 0.0
802590 36.11268902152962 -3.994042533304349 6.310156134822432 0.35192306788449684 11.172175092638161 0.33737645853421555 51.35822654368879 5.939521631006207 0.0
802957 35.06908888748855 -3.990920317391308 1.894191580524244 0.40631461133573304 3.4993242740534365 0.39148744072068087 59.53552752802035 1.6478159888692172 0.0
803083 36.43949851057749 -3.989759828208962 2.208806874930777 0.36115299503441073 2.5075228890426247 0.343335764865665 63.12945755220071 0.8416788510357969 0.0
803277 36.04339675669658 -3.989517940122939 3.0752335750767976 0.3882134024024941 3.9862886545781375 0.3746721105189019 49.797810499784326 1.1617560951997061 0.0
803350 35.97465031755834 -3.988484810078437 3.6001764181989073 0.38804813046001385 4.668544900374099 0.3739521702143399 48.35633817264837 1.1303994046461052 0.0
803358 35.24007543016362 -3.9881824037118014 3.89735005828145 0.39412517374086253 4.0942009654248315 0.37961665832053304 53.66262128930685 0.870388832728643 0.0
803445 35.90111341404319 -3.987602391048053 1.4776310629986982 0.3863207959848255 2.716709197006803 0.37358418844700436 47.15106642262091 0.761594747910231 0.0
803637 36.15450913421061 -3.9860478017873255 1.970665300933849 0.3603294144859321 2.9327702994755955 0.3460184311448169 52.992678198519314 1.218269819561899 0.0
804020 36.14749111511636 -3.983030001341458 2.478244579956869 0.36064383990429255 2.7622934449169123 0.3458538431035859 52.94057665343705 1.218269819561899 0.0
804087 35.15701866448221 -3.982725402431362 2.180712166859927 0.3879769484049317 3.0115863582820848 0.37314649641994074 56.69036671698225 0.8194295615104723 0.0
804644 35.113403102187725 -3.978978171192215 2.5177173100582437 0.38656597937279047 3.138470081490551 0.3711958339116975 58.42951928952513 0.8194295615104723 0.0
804682 35.676572095469176 -3.978914234081155 3.3478094389285307 0.38921038270330577 4.724371123299989 0.3772118845787408 46.30834807394519 2.778207922974619 1.0
804765 36.01883884894885 -3.977646782461525 1.9913961376316367 0.38361670677261694 3.51099360577435 0.3664399918752376 49.88873698070941 1.6786255213343064 0.0
805169 35.74636821965815 -3.976011427430926 2.778364882847742 0.3620680477029384 3.3136815242839175 0.349194216934956 46.49025508635117 2.154907252603307 0.0
805223 35.9521988175533 -3.974536956918847 2.327602660940303 0.38340930450794286 2.681384420743055 0.36953909637967597 48.73178110017318 1.1303994046461052 0.0
805444 35.429675461949046 -3.9729696572331568 2.4179793237217857 0.3713738453668659 2.9068585262883015 0.35553015205274835 49.546425844892106 2.5032948605355956 0.0
805547 36.11902205477234 -3.972413619715605 2.139072396182564 0.3568939568901305 3.8178538409830844 0.34159951896079127 52.68292411924873 1.2182698195618988 0.0
805565 35.240509408417935 -3.972173210170314 2.137974804920083 0.3808326048707158 3.4145324712915066 0.36670466064338064 54.46988703168837 0.870388832728643 0.0
805661 35.34469289537724 -3.971683830063368 4.580110971364581 0.37309497410437165 4.92024314000624 0.3580649533860016 51.5599273570043 1.181283370096855 0.0
805792 35.778283927197066 -3.9709309143864826 3.7925898114773315 0.37632758298523666 4.372930854688852 0.3647422938101553 46.922313567274884 0.8060469389533083 0.0
805794 35.99397430806785 -3.971021392089147 3.5621516355742284 0.39390893074412786 4.312461302269877 0.37959527559621487 49.73061359497508 1.7633368155609 0.0
806033 36.537231801532506 -3.9684257437475647 3.5188659844845565 0.42531178370027967 4.569395546734084 0.4102675872839661 68.17875850090414 1.6538809084711215 0.0
806339 36.0936789897905 -3.9666150197383536 3.6977334863687026 0.3629176680973162 4.39412295782122 0.34794932246050575 52.308478144772266 1.4065601943353159 0.0
806430 36.49628789066127 -3.9672505278173738 3.3725998622707687 0.3719034939184153 5.649213547697597 0.35151743796074414 66.47189542720943 1.5302527387804534 0.0
806564 35.392341848485415 -3.96553680842598 3.2712944633057712 0.35542920831703867 4.110573115182796 0.33860925270730735 50.759610314723375 3.083743299065767 0.0
806658 35.69740304930919 -3.964939010766709 2.844459740129166 0.4127409690236939 4.394690401177157 0.3995835368747227 47.109687720623775 18.2794777591602 1.0
806776 36.49725366530065 -3.9632449949544855 2.2333175363588094 0.3674133943951478 3.9950123824973076 0.3487178849805716 66.6827987660926 7.276668060988527 0.0
806783 35.70037745745588 -3.966286885356897 10.392060560363857 0.41773188284213164 13.30084647864173 0.4052012168897404 47.02631063211418 6.598203365708825 1.0
806906 35.35640075170947 -3.9624991360791 3.005264162623673 0.3561140256675312 3.3403823034227957 0.3395127879191609 51.76948894728846 2.1189785994233103 0.0
806941 35.691145483656854 -3.9631668646774414 2.6141338741768747 0.4914627807920856 3.392858197855393 0.4800246274768734 47.223461828248574 14.242998435562665 1.0
807024 36.49308016528085 -3.9611683171075938 2.7101572061276187 0.36513001348624263 3.296049709211792 0.3463410782214469 66.59522178981801 7.276668060988527 0.0
807277 35.68198328625244 -3.960964291293864 4.366172090471236 0.44911702034229867 7.063314529238933 0.43723980362439563 47.37180475970041 4.502419624142577 1.0
807413 36.08910076735905 -3.9589482460862713 2.704650979649389 0.37524652036761047 3.542899540422957 0.35987323936509624 52.60359302537535 1.4065601943353159 0.0
807893 35.59253651756614 -3.955833318406061 1.8019393986584786 0.39569915350704316 2.6791117005183698 0.3791554103034583 48.16541545123334 0.6787653665127483 0.0
808443 36.42558286761656 -3.952077256039566 2.7637044560855806 0.3641151014901182 3.9114247162693316 0.34692619317426815 64.22477546446346 1.6605846537412032 0.0
808472 35.3554605228425 -3.953004219053784 3.986949806203954 0.35369640133577407 4.474323276369098 0.3369253125191119 52.31280279417684 2.1189785994233103 0.0
808694 35.288100874992686 -3.950918542014363 4.398465345268344 0.394872466651544 4.926786235230087 0.38294978486334225 54.183118573607 0.9277244971716779 0.0
808815 36.52665343291745 -3.948795101471372 1.3452238837352586 0.38521314053331934 2.495867370451117 0.3673611526402113 68.54209654566374 1.6538809084711217 0.0
809055 36.41340096512285 -3.9474273254288783 1.2665584893355606 0.3709598031226866 2.3198322047075957 0.3546032910697071 63.95118571001223 1.6605846537412035 0.0
809206 35.61273688961621 -3.947200467842757 2.466692807175941 0.3758349508663998 2.9866625001097997 0.364186407439154 48.51817761502748 0.6787653665127483 0.0
809245 35.90725088611205 -3.9465904019384648 3.337292352418776 0.4346883268358423 3.9220927802834775 0.4215867193394634 49.62803749635003 0.863441376919079 0.0
809250 36.49379957617618 -3.945981140167705 3.364610274553188 0.3742521741835465 3.4924639372909323 0.35598964119801224 67.27620944328953 1.9143172688819243 0.0
809353 36.39655779014715 -3.946316944701884 6.887084506283279 0.3865155871438294 11.96016071439726 0.37273065676359507 63.343370660488404 2.0967568118915914 0.0
809462 35.06728154377344 -3.946303339886236 7.138589085841169 0.3714274453470473 9.975128377569801 0.35357771225518847 61.67562129799417 2.2297470412234945 0.0
809842 35.06387606999578 -3.942549930465497 2.5674822397139163 0.3704484880127065 3.032082463867525 0.3509216592720226 61.97878237842366 2.2297470412234945 0.0
809855 36.49690247725633 -3.941902538584084 1.611685089593506 0.3849809547396298 2.5479145974345276 0.364973304586316 67.58117282877173 1.9143172688819243 0.0
809998 36.33749136059359 -3.942054354309577 5.008157538801348 0.39180363983396665 8.35071863316888 0.378991015646039 61.313243468958284 1.0292027463121245 0.0
810064 35.58035633581448 -3.941100285721512 2.1534463386408755 0.3846942437837608 2.959362599504884 0.37181429375890124 49.14983227545757 0.6787653665127483 0.0
810644 35.54589083714396 -3.937090926617771 2.1269677667103513 0.3935430326869967 2.9040861391292916 0.3801525156538979 49.75291895552385 1.2294585231404171 0.0
811236 36.49233251223213 -3.932026969333664 2.386395833557244 0.3861379897250801 2.7995750811796296 0.3703011759376746 67.81876335427576 1.9143172688819243 0.0
811285 36.51002083316666 -3.931721454299115 1.6224659608311216 0.38564123727014354 2.4995041832482596 0.3690606372033633 68.56651645899207 1.9143172688819243 0.0
811323 35.51122194545236 -3.932802383648496 4.074379400991977 0.386662261828385 6.26440005158253 0.37471174499153986 50.45345588761842 0.739620678166846 0.0
811646 35.11421216007077 -3.930025044485751 4.842775334717158 0.37178781455610027 5.4981453370901034 0.3550142408782436 60.75376010226929 1.892760872178112 0.0
812063 36.01703667669659 -3.9298979298914 67.61692877313085 0.4093208920428622 101.89184918699414 0.39203800443248504 52.52305023881338 0.9310955543012015 0.0
812148 36.47618181002849 -3.9255526441057937 1.8821376912807106 0.3840149034045759 3.2736228964857217 0.36705975015660536 67.44009043839871 1.9143172688819243 0.0
812339 36.39237485575073 -3.924527831551571 2.478679877708169 0.3947891289626061 3.6813048869552376 0.3792321928854414 64.18509284779073 1.7089446994551905 0.0
812391 35.10859966939072 -3.924922357128565 5.498388356080094 0.3757620985647166 6.809870033787476 0.35732247005425144 61.19883264289626 2.2558490446988544 0.0
812700 36.36921804835009 -3.921495428299368 1.871971964739241 0.3741637370858019 3.470087588530953 0.3570269427550189 63.455405507678634 1.70894469945519 0.0
812875 35.3998503303262 -3.920958542590631 2.946347224367268 0.3696962384268578 4.264779760878519 0.3562242525965711 53.090715648496925 4.253181904961017 0.0
812972 35.67526427756331 -3.9199832285736615 2.1372520099021104 0.35779012729641113 3.560921069919347 0.3439800184298434 49.84434758563532 1.3658631944512594 0.0
813318 35.4149398461175 -3.920752740759109 7.510059957576815 0.38173330603172956 8.187572590560217 0.3691390313171102 52.79360636451505 3.5349279056830993 0.0
813421 35.44620067984503 -3.916622981242909 3.9277219988659247 0.39862128556567566 6.032582588664625 0.38579320834250347 52.434260540828895 1.3167381089405337 0.0
814043 35.453584215651205 -3.911819799435172 3.0733170217894314 0.3847948015615781 3.270577930239796 0.3726033457542503 52.57859139956026 1.3167381089405337 0.0
814174 36.05118335198926 -3.911679343241437 2.142218658710789 0.38908522810818486 3.4272363143172866 0.37524130353789625 54.28331297618868 0.4779216027209644 0.0
814638 35.91519119775858 -3.907804778132499 4.205092307846427 0.4679194934378047 7.698798321733411 0.45542290989980716 52.00153888383367 0.7694490584586148 0.0
815052 36.539647998456914 -3.903871308933817 3.736724727614049 0.4570330787408415 5.93500958935225 0.4414663265420755 71.0010380835847 2.135197612437819 0.0
815240 35.939299286631744 -3.902522391170061 1.7986363110677481 0.40310748764150683 3.220535725033211 0.3866623672796457 52.666750888767304 0.7694490584586148 0.0
815458 35.38009885919599 -3.901213242130413 3.7874107535734245 0.37540020367605004 4.077176559696386 0.3582419456174378 54.61821339200984 4.947628512653724 0.0
816064 35.36954934449383 -3.896364029799362 3.094446210721738 0.3763162725143182 3.45922383851691 0.36271204005028346 55.11973114918967 2.274645020555022 0.0
816963 35.83130337089355 -3.8894682842760826 1.9570147060186855 0.37691811230584793 2.988065177357061 0.35824737878167023 52.13946766288794 0.6969490071499003 0.0
817034 36.46773690002249 -3.889632871177236 3.8928111560466645 0.37077343598370927 6.837685992906944 0.34855503739364563 68.70270484726848 1.8052432245501997 0.0
817746 36.541826536709976 -3.883071813084757 3.119594624334375 0.4149512644979912 4.291918876657167 0.3942899405017931 71.98916422812144 1.393761817217492 0.0
817819 36.1166240768362 -3.8828949211805854 2.785603708564682 0.3705349237582711 3.276438104345886 0.354513505728578 57.43333774651043 0.4779216027209644 0.0
818183 35.1554637600376 -3.8804259039897264 2.365285688326009 0.37931777413043766 2.949143830546501 0.3650188510783391 61.82977644501866 0.8518995365650006 0.0
818325 35.26143630882912 -3.879689246453541 3.9750968519494907 0.3695817053874744 4.353095385039064 0.35604234289106684 58.711381327785645 1.4914514296151753 0.0
818433 35.423000429256355 -3.88003033054134 16.12620827814378 0.3707041129069781 20.54505471167339 0.35620957384439056 54.94991446008334 7.591114808595554 1.0
818600 35.43808800712681 -3.8775414534996497 3.6392887085016024 0.37853242426080785 3.7255817682109766 0.3661267193090968 54.81715996952391 4.419731818438539 1.0
818709 36.48035178293525 -3.876938104621754 3.456516280978571 0.39167010002247293 5.516332624139348 0.3729175668219437 69.77332304492417 1.5797863802836443 0.0
819267 35.4230859401159 -3.872929425938101 4.501802471393684 0.3814027891216069 5.940329393836036 0.36688866994455427 55.35323050995399 7.695857373683099 1.0
819433 36.41089472154859 -3.871314459348036 3.336540595872819 0.3778456389093451 4.301868934204868 0.3559334954313595 67.36470453853573 2.469029313440758 0.0
819439 36.42295596176106 -3.8708305801222873 1.4337166382585333 0.3724495501626356 2.65049052804215 0.3465518481586536 67.83884325038429 2.469029313440758 0.0
819628 36.41968577340087 -3.869522462960251 2.5514073392919823 0.37595252281023384 3.135738397019519 0.34894104069047754 67.77717063861202 2.469029313440758 0.0
819731 35.41060735476847 -3.869165053217799 1.781181442183294 0.3764535660697515 2.205870111531853 0.36301238352730175 55.803168055746255 2.4799518749462677 1.0
819807 35.40560364266764 -3.869830882105457 4.198637892913355 0.3818367738878853 7.404631155309519 0.36868356639687955 55.862212839482986 2.4799518749462677 1.0
819897 35.326125131154114 -3.868227071110384 3.7354632205493012 0.30595193077700555 4.749588372340826 0.29422559596127174 57.67646582504921 1.7942419275282993 0.0
820175 35.53098544799312 -3.868438131974419 28.582521498395487 0.38491350549596465 34.99606246068347 0.36906397998067914 53.96718896304077 2.266304923433369 0.0
820200 35.25345178287392 -3.866476653278991 4.363881321090795 0.39238635943871714 4.676981038939067 0.3744325724375222 59.634969226440575 1.836357965288279 0.0
820346 35.38422797618032 -3.864836460689959 2.395317761465863 0.36290880824216476 2.5834031053254836 0.3465052058250311 56.57338504418175 2.4799518749462677 0.0
820453 35.84465014087723 -3.863913195812145 2.606963460285498 0.3938281302995153 2.852306610593739 0.3792538702898535 53.77211458194542 0.7889664471231502 0.0
820590 35.07341698376864 -3.8631014035435616 4.295787123833106 0.3664052442874597 4.606193355117526 0.35029322634538895 65.43944902427471 1.8780969694098486 0.0
820627 35.336862072870055 -3.86261841203131 1.9619922395733347 0.3700502954115759 2.150182388250124 0.35454319474804463 57.73391147702566 3.22215658442428 0.0
820757 35.527946370040404 -3.86209277260714 2.2705980675711737 0.36158767809878845 4.145772836581669 0.34485645228180534 54.3765288693294 3.9920841550882002 0.0
821127 35.556822517768715 -3.859257121981842 1.6568646128120639 0.35490912014485154 2.9114789259865743 0.3400147386242142 54.22465096331098 2.8776875521130427 0.0
821236 36.514646356996735 -3.857793811280224 2.395198231852749 0.3678359208192089 2.549866576794441 0.34831813301560566 71.9956971697213 1.393761817217492 0.0
821315 36.41347658771225 -3.857804646267605 4.485660448371598 0.37545163085794114 6.313993974696175 0.35484290282111036 68.09655194027577 3.8080530998548587 0.0
821378 35.322854981999335 -3.857577683099588 2.279098759494226 0.3611292189219471 3.0655325222084953 0.3458624164525696 58.34060446323812 3.8713684032173923 0.0
821385 35.80049160664628 -3.857444091156744 1.759786608355033 0.364376961413546 2.9101268968804628 0.34810285999821317 53.826337377503734 0.6969490071499002 0.0
821550 36.40207690705549 -3.857173100361815 5.842356550471167 0.3950712041610467 7.146976694278163 0.3769893458552815 67.70710410076873 3.4277322879148793 0.0
821968 35.45906704403157 -3.854341642567336 7.885024538088976 0.3750584886376568 10.467981755597283 0.3604739907804033 55.79727725949782 3.8588724312412483 1.0
822008 36.382993248638286 -3.852692074695091 1.6652192907485572 0.3874353575056404 2.787536018028323 0.36729024524260157 67.23010613676011 3.4277322879148793 0.0
822172 36.043845841711374 -3.852075463183802 2.1999085490559342 0.3792286707583085 2.5192164397837606 0.364139544095461 57.45896300705236 0.47792160272096434 0.0
822313 35.83053707387291 -3.851396202253012 1.849972990674592 0.3773299961813895 2.706253118485251 0.36411169682658157 54.396410439009586 0.6969490071499 0.0
822332 35.30191592237908 -3.8509136509645496 1.772116115573951 0.36544343713237154 2.8365936233709563 0.3512979933782715 59.21331283256709 7.052761223476115 0.0
822541 35.331980580494644 -3.849541934196329 2.685240539991377 0.3743024857040017 3.104946813563737 0.3600004767044175 58.57048580833608 3.8713684032173914 0.0
822568 35.45475351869212 -3.849248018135286 1.4350957410982776 0.3737942338881608 2.62379287987927 0.3605416474882266 56.1613249922483 6.241655425044559 1.0
822638 35.613971377067344 -3.8490547198132856 2.1381411149981133 0.3653947522519412 3.0260076337304893 0.35247489962979284 54.36118780274329 1.0753679628898227 0.0
822806 35.456744691519745 -3.84767333473009 3.1389144590722466 0.3726812616573678 3.569857980468994 0.35877642163786216 56.22003018267883 6.241655425044559 1.0
822808 35.97786292082189 -3.848319162115664 4.159651394175771 0.37327644837497537 5.127395879059489 0.3591228825495856 56.42470211248631 0.6752853082006492 0.0
823018 35.592443593478684 -3.846427377605201 3.7923886923132017 0.374124185160591 5.4021270515359685 0.35685726227341413 54.66869557944256 2.2052959059272554 0.0
823091 36.48479812379436 -3.845008802649986 1.6355771069992755 0.380350566982092 2.8839189701987364 0.3614771186552632 71.39590567086 1.579786380283644 0.0
823180 35.46539627961979 -3.84510682815893 1.6321466623554353 0.3647730286449629 2.7063946570178827 0.35021260371343144 56.23140966111268 9.01841181030503 1.0
823279 35.83818941651616 -3.844793965351687 2.7690319867130806 0.3736003509200368 3.553306628378887 0.359045593486191 54.851220199898776 1.2182839628712978 0.0
823489 35.10370521766291 -3.843511780415123 4.088056425028067 0.37869339667556806 5.027860310321324 0.36170683099726 65.37641006627605 1.8044871521629804 0.0
823636 35.27506217407683 -3.84210283234634 4.250211145383134 0.38638400733640405 5.3270701898531465 0.37304648936305224 60.370336216255566 10.52661978088172 0.0
823757 35.28495180147868 -3.841093255209399 3.5174215915864937 0.405378912910942 5.342777007211463 0.39164181625490546 60.17255293048785 4.829203789061504 0.0
824027 35.27408613887466 -3.8389345603410088 2.034765680460559 0.38646001571352634 3.5720550047445423 0.37220708390664725 60.56706699144223 2.6293819793026616 0.0
824032 35.31643334634073 -3.839386632943131 2.7977428156078887 0.3721547050279943 3.427656049276124 0.3548944165850361 59.495059394420615 7.052761223476116 0.0
824338 35.52959817643626 -3.83692196136338 1.323757350556635 0.3561726959462982 2.2768739247848098 0.34206143000807737 55.83783298648866 2.8776875521130427 1.0
824597 35.54334241620965 -3.8357931442310913 1.7605190725635886 0.3565421315901959 2.879471418793079 0.34268605971974847 55.75135620150744 2.8776875521130427 0.0
824971 36.39801063750157 -3.8328774071034 2.344471604501677 0.40114717075806955 3.807839782602476 0.3810729120923778 68.7206083518791 3.3801091998144575 0.0
825142 35.491273600797534 -3.832743204280326 7.801131877963748 0.37520658001259716 9.740357667585215 0.3630132399413248 56.56992557381255 4.808228695747246 1.0
825535 35.46328542261518 -3.829272728406667 2.5959594241292234 0.40216850905581253 3.858624213295729 0.38885300068065665 57.181760369203026 3.0878855903694467 1.0
825548 36.49467631114109 -3.827874254194794 1.5808987551268974 0.3798766544919183 2.7198777447171345 0.35682913874194655 72.56219569492444 1.4705955222590061 0.0
825880 35.57929299207247 -3.8259883309025695 2.2593479182839227 0.40037413915646164 3.8289803167184004 0.38663417007815465 55.989549084683354 1.8328355288611335 0.0
826123 35.49301788327691 -3.8247810508987583 3.3655490332450233 0.3935305487990813 3.6177179874922576 0.38058337478628274 57.01096231375951 13.833794287552095 1.0
826289 35.71194426642834 -3.82334057507972 2.070397936984851 0.38775825674022874 3.664965980795372 0.3727751995015481 55.59968718926019 1.0065817159253045 0.0
826390 35.51845172877817 -3.822782605225548 1.6827746363362999 0.3749325577437652 2.7559699784505955 0.3572668952302807 56.80124485340869 4.04469610647514 1.0
826456 35.07772746034981 -3.82220073541568 3.23931415876845 0.38040617434953344 3.6985036143767673 0.3655072280815642 67.3054059111377 2.0656485352828695 0.0
826535 35.31318226301172 -3.822278162395906 3.4293825062766263 0.38087069615202945 5.0331199816484355 0.36590060758949816 60.51526040547323 2.511323499039446 0.0
826693 35.371406278868626 -3.8207468885847287 2.191328385595041 0.40198647876926674 3.35267184465397 0.3891927944552542 59.321595613696466 1.5513513432209138 0.0
826954 36.3979425053537 -3.81952294297514 10.399202869141273 0.4214288767650449 12.024667107840934 0.40063957824395474 69.36166293503454 4.4469114826500435 0.0
827078 35.34144050973725 -3.819290006570091 3.1326879976093616 0.38584327833840104 4.562754009941346 0.37137298269193364 60.03886609744758 3.476725490095575 0.0
827209 35.650839376902624 -3.817369184379097 1.5052050160909993 0.3712968233418528 2.4016995837995365 0.35864909221101154 56.06969059190044 2.2537890102764195 0.0
827712 35.20901507781535 -3.814416980521326 4.425206965226496 0.37915480144407 5.261590431224105 0.3646340541281417 63.636681858547625 1.4896151608786221 0.0
827826 36.46149458034121 -3.813582595006612 4.958415446852959 0.39591885820475226 6.382399722483205 0.3720201738482986 71.96150977801828 1.4705955222590061 0.0
827854 35.15544061659556 -3.813525713838976 6.545365089359257 0.39383616772984525 8.15546839146089 0.3791026257316273 65.25393670377542 0.8207629920544507 0.0
827857 35.491572859208446 -3.812915286650142 3.4816473084656647 0.37729451797568736 4.003050795022956 0.365439138562353 57.723966137895324 11.541784085881474 1.0
828077 36.451485266104015 -3.8115120422475335 7.3479568062381935 0.39435227362761827 9.324277662787887 0.37059597574542524 71.68642349575855 2.4694421761030814 0.0
828143 35.395448629790934 -3.8109829058792832 3.494714372333512 0.3956744858727995 4.443620833641739 0.38144697163665137 59.40127928686181 1.5513513432209138 0.0
828272 35.80625745684415 -3.810033802972901 2.4477041191936597 0.3933467762356465 2.7615636512467083 0.3803454666541727 56.69127338125799 1.2182839628712978 0.0
828336 35.860631665161094 -3.809547857443053 1.8318834084940019 0.36602351895599833 2.653285200383266 0.3513279678690792 57.14234602229858 0.9091608541480922 0.0
828489 35.51720783539544 -3.810700914681754 10.79166408023245 0.37326615212242237 13.882342391558998 0.35948768729715813 57.5263183194617 4.04469610647514 1.0
828577 35.50998752822677 -3.808314896353803 2.1834789366796463 0.3512404200988912 3.622079160795372 0.3365522935639202 57.754548381374036 16.430921881561655 1.0
828813 35.71414474232153 -3.8064567221204793 1.9785733175179196 0.3543495934395797 3.626206155511316 0.33787114353320197 56.61313982151843 1.9213938067992622 0.0
828989 35.494321425141976 -3.805956169728821 3.0509957689982694 0.35413052933578676 4.425546906341141 0.33972228704846236 58.09400943819337 10.183582998474515 1.0
829530 35.665152607374885 -3.8012836471987272 2.1877103126101236 0.3506562892052493 2.5668921796607678 0.3362856080788842 56.98619140065093 2.25378901027642 0.0
829829 35.7749887578116 -3.799096467299056 2.7013576533367707 0.3832660951467304 3.3182987930061913 0.3708409009472727 57.18656326194891 1.9213938067992617 0.0
829995 35.96015943579326 -3.7978180584479952 2.42592360437492 0.3766936381483146 2.938844761262514 0.3628298752528567 59.059057089090665 1.370071519190604 0.0
830294 35.657870434653866 -3.7965158030901778 2.42969695535185 0.34776792262334016 3.5878825488538535 0.33441577079516305 57.29401394238868 2.25378901027642 0.0
830407 35.35162665668506 -3.79514576758519 4.08164483079615 0.3778143931767461 4.679898003519178 0.3641562671907934 61.17241135866654 7.4213543081203515 0.0
830463 35.65507411863081 -3.794773399681553 3.8131981717610652 0.34712851393340954 5.190814718781381 0.3339429473756474 57.407738386717384 2.743824263047639 0.0
830560 36.17689573848013 -3.793486965814893 1.9856756603075907 0.3929388561143848 3.228898654012336 0.37545754347434707 63.828670207442485 3.4363401829048477 0.0
830670 36.36690598176794 -3.7927206114670846 2.5279562830205684 0.38667155817843124 3.7874066648871203 0.3561033048355053 69.59755121154305 2.265945376085671 0.0
830705 36.40393112007904 -3.792849503774752 3.8358706740154775 0.39610246449756503 4.674057259881784 0.3719188223134815 70.86593832614845 5.0196088645525405 0.0
830716 35.075595966458806 -3.793623426938138 7.298643059432637 0.3583852959862037 8.416493163979414 0.3419600876820132 68.80098431991416 1.575666607403797 0.0
830739 35.68810245387802 -3.7925683511692334 2.941016802191346 0.3570446195589246 3.4559485613600462 0.3443200147970055 57.46083794082209 1.0994635071144945 0.0
831179 35.220139270939086 -3.789944000094375 2.1890988544216277 0.37252162946473744 3.5896556942317432 0.35571989840700136 64.63131052494342 1.0110282329530575 0.0
831225 35.50310064616791 -3.789268383806514 2.9199978051966755 0.349765484081839 3.8640740453709763 0.33587871933039254 58.95818393641506 4.123867516301821 1.0
831343 35.33853175149617 -3.788238481292045 3.185318654343806 0.36939294797769306 3.995779471616903 0.3531561355457634 61.83802525810408 2.718371268384755 0.0
831370 36.53349500586708 -3.788179683594964 3.985688428061747 0.4334049167770103 6.586713771356302 0.40709387346323767 75.88205230845267 0.8850113849573402 0.0
831755 35.71114684681999 -3.785740460206415 2.026301178936546 0.35482084653714757 3.533443348295231 0.33854445071289446 57.85561308023413 1.0994635071144947 0.0
832153 35.36423930762374 -3.782930804786306 2.263414871930722 0.40167790819834637 4.103493333837819 0.3890578401809723 61.60187891159985 4.15855445732394 0.0
832494 36.4104296789705 -3.780207887112067 2.607727621021661 0.4214508839223179 3.725385345510845 0.3906979743314496 71.70873670564961 2.5695521750901014 0.0
833026 36.349364258034285 -3.7773352051154783 7.765986488207201 0.4361643664686236 11.040793814495592 0.4108605573030421 69.78064456186044 2.567176916437906 0.0
833168 36.082748584363394 -3.775236203562315 2.074421241142732 0.4280567522522263 3.4276700465805874 0.4082920150990302 62.59397646394541 0.9720873846260436 0.0
833180 35.05782139133536 -3.775726883803956 4.738835532547149 0.3997374475571946 5.447713141196666 0.37964658676757607 70.2841685144156 1.2519392157349907 0.0
833755 35.46272581968285 -3.772774686471653 7.021140374628675 0.3985294030110479 9.986276493874518 0.38596388336942533 60.47139004241214 2.1314357988437735 0.0
833946 35.36387403833009 -3.770142548892659 2.430391203235719 0.40162568788326614 3.2906201363930045 0.38555133123787794 62.33245675571964 4.15855445732394 0.0
834007 35.98233125273272 -3.770910428014129 4.2654088107916 0.38743112590091877 5.783205507297614 0.3715188493384451 60.96335298333645 0.6653882633870309 0.0
834442 36.070304408884354 -3.766585467298717 1.8406806222616041 0.40816859788621357 2.8373121823625778 0.3936577688214672 62.81986903772785 0.9720873846260437 0.0
834764 35.528125271765816 -3.765392414199421 6.696389880696656 0.352713393012022 7.670319332402528 0.3351284361849054 60.07037968305107 2.0758280133655407 0.0
834806 35.98275917824175 -3.764291426185819 3.0952773835530176 0.39272076210816276 3.334781263624334 0.37868703471161086 61.35295992930563 0.6653882633870309 0.0
835026 35.42132105351864 -3.764560820508011 10.07047488459723 0.3848493554738653 16.243117632696794 0.36766650567882697 61.59766630533345 4.103201998134165 1.0
835242 35.6096181992754 -3.761448691836178 2.7349804678828273 0.3796044770966314 3.6044817864592287 0.3669970017140972 59.616407374557205 1.8078089069813152 0.0
835433 36.16553079579371 -3.760116410059093 4.398260082165394 0.4054405190626518 6.236842490070456 0.3883324851296837 65.34851856394211 1.2247413124522148 0.0
835918 35.403621865524066 -3.757404030269454 7.1346569483373585 0.37303003036045007 8.691393685422392 0.3593052803189954 62.31327208862841 4.320880284029977 1.0
836387 36.37630427494312 -3.753162211174209 2.082840435602298 0.42972827444495343 3.6795810084055574 0.3976286659663876 71.87978807991973 1.3740048741532511 0.0
836617 36.18739131078519 -3.751881301327318 2.9472025333399947 0.4119336083701739 4.042330362322739 0.39497735549098395 66.35048821069252 2.8934455290651946 0.0
836967 35.36700873715349 -3.74967825599718 1.8663239603008042 0.3914433030563331 3.2068197479721996 0.37775164642335063 63.43102610731959 1.840997994696478 0.0
837291 35.61314571598133 -3.747111330469993 3.852903874102977 0.37016866889458455 3.9290848022129716 0.35743111492139423 60.4517406857152 2.4114045393054697 0.0
837342 36.32490055886985 -3.7500528539958258 6.130253661195772 0.4189741002199513 7.855547872464971 0.3865363915394768 70.37953140832484 0.8128896899617102 0.0
837392 35.64630947173873 -3.7473105201410553 3.407369074469868 0.3734456095062019 5.044770067075713 0.35740381096893803 60.2819467700383 3.67405095835384 0.0
838010 35.53911723237978 -3.742200975800603 4.882635974327224 0.3877790991349507 5.509736854848705 0.37422351532836173 61.32630943204844 1.2893420200514583 0.0
838128 36.20675210563827 -3.7406501953854496 1.5639370610059486 0.4353878719598325 2.6656545815023986 0.4139287480238732 67.4617480795099 4.559084841069659 0.0
838309 36.26564078558911 -3.739146866155864 1.7153528467842707 0.40753121549919813 2.6542078253399564 0.3882515217738675 69.16574912974795 1.4089262047675541 0.0
838479 35.6681644751869 -3.7397704832610015 20.81866517891752 0.40278358691754707 26.968146071631637 0.3896639602992413 60.66543751854966 1.7039506203429347 0.0
838584 35.32020201943188 -3.73771429354753 5.006491859570226 0.39261475796885914 6.438780312335864 0.37697041265924436 65.061382443833 1.7798993482832535 0.0
839011 36.4469939672487 -3.7336722366022665 2.651839978697439 0.4882530905909758 3.873321382982106 0.4101367124872351 75.25387785573253 1.3486128652606848 0.0
839049 36.18714668779906 -3.73419533767528 1.7714984845145116 0.4170570448869565 3.168592833220569 0.3972364099263118 67.30374940967413 4.559084841069659 0.0
839275 36.51773613895814 -3.731530168094388 2.024463664375632 0.4594338912220548 3.6210639878716715 0.41043678891041824 77.91071821797365 1.4304863472543528 0.0
839622 35.88369627493777 -3.729724430445939 1.7560939905150952 0.38033398451878836 2.8296192822470996 0.36533719766734785 62.09251890903853 3.4633512523167633 0.0
840064 35.97201043530956 -3.726392700763796 2.866622261645964 0.36638960251604025 3.411640370344324 0.3485750572225291 63.38580681026792 1.9484620058402964 0.0
840125 36.2586478010577 -3.725608107853927 2.5845918908682926 0.3793239116234872 3.0973612875074963 0.35747481966283 69.68119329264005 1.4089262047675541 0.0
840330 35.2029670688038 -3.724284610894073 1.4436012215728562 0.3647041990753231 2.690656529899583 0.3468541438912944 68.61450846247499 1.215304622517732 0.0
840464 36.53528021735736 -3.7229059416851777 3.0512110696419206 0.48166425089305825 3.732899964169475 0.4332253214518277 78.96953573420335 2.462407768248084 0.0
840498 35.79694543160263 -3.723416093454653 2.444090788716504 0.37816060959569586 3.972426902958144 0.36102490442481905 61.81434480939484 0.5218434007671243 0.0
840535 35.27146694872235 -3.7230235097899262 2.1284706351895597 0.378285296076143 2.845356580577635 0.36232518033942834 66.97293512738702 2.0386197288139796 0.0
840615 35.41139884233802 -3.726451098782334 2.8947864037139546 0.3811767006383558 5.072786777009192 0.3652405425965282 63.95914512206981 2.8935481772801017 1.0
840677 35.307110090412046 -3.721794584592274 3.3482315681631323 0.3729367259642968 3.8100992422229334 0.3574140971459679 66.23512671837354 3.39931786257136 0.0
840715 35.47851178128174 -3.721910673247712 5.539263247738566 0.3692136519031906 7.188262664667713 0.3542414147055683 63.221343775751144 1.648781255736513 0.0
840873 35.9280013695179 -3.7203282538859215 1.819358951975422 0.38478140502753494 2.9981802557573807 0.36855974550489773 63.14235391111519 1.9484620058402964 0.0
840877 36.27835445260303 -3.7199067298583617 1.6982694682020212 0.3852497997978334 3.043823439686282 0.3530129026025918 70.54399181617329 1.2313700309476279 0.0
840987 36.42500698309516 -3.719052755833866 1.8909116989909127 0.42723693743573693 3.2554880072406847 0.37734656259043453 75.21056504665627 1.154761384291044 0.0
841222 35.24572490920707 -3.719155236631044 3.164305698291061 0.3914451098873271 4.988420510720449 0.3746304869556298 67.80295054128489 2.221041791966529 0.0
841306 36.42015778186225 -3.7168088272634185 2.717592132238338 0.43038444664637593 3.1395532150109218 0.387045009381656 75.15693960138921 1.154761384291044 0.0
841354 36.24131044495202 -3.716602242131998 2.195951916269312 0.4275186187221282 3.411424701350555 0.4072582036593865 69.67898306601464 1.4089262047675541 0.0
841357 35.68801372000782 -3.716854900628141 2.9272533355914425 0.37246342032680346 3.3974809918294286 0.35931279466139143 62.00266416414882 1.703950620342935 0.0
841443 36.15060902278288 -3.7159736422100766 2.1075379426274075 0.40984692565793696 3.0394879588038597 0.39402215917515765 67.41084195889486 2.1488191021336775 0.0
841484 35.123763084905136 -3.7158444239795294 1.539962256911281 0.38303981614910554 2.8424137394017728 0.3621797925480697 71.27812268203009 2.5701092299029105 0.0
841971 35.922454890524364 -3.713432249977879 5.739512276802979 0.3971308763192838 6.71304920541494 0.38355132823140187 63.47996497043998 3.4633512523167633 0.0
842137 36.205670383148544 -3.711248876211788 4.259437855387686 0.409807433258576 5.115630776308039 0.38569605599902523 69.02214756258387 3.09454639734874 0.0
842161 35.288030252187774 -3.710993271508766 2.9119655717442474 0.4194139801403353 3.4264860772155643 0.4048927789188911 67.25942574535934 4.965500895207138 0.0
842170 36.22296108688421 -3.710827159193746 1.8106351319687228 0.4489295478591849 3.1390787800596422 0.42720211558375293 69.49570057862483 2.7628156024859583 0.0
842242 35.42338715113279 -3.710737670779321 4.342470694251249 0.36847618965141016 5.711188454959074 0.3510632991009363 64.67108928990729 5.48791559214657 1.0
842262 36.43337055692568 -3.709726643586394 1.904712304491409 0.4424879390272 2.630813817292984 0.3951044178639994 75.95564825849021 1.154761384291044 0.0
842270 35.646418060239654 -3.712070558744228 3.917042700173196 0.3715244153598553 5.747021554384907 0.3579043895698038 62.39186690536168 3.140056904840365 0.0
842413 36.15886405383442 -3.710398845033648 17.151041736199783 0.40603058705318934 26.588438799182207 0.38197686169811346 67.9126755414079 2.148819102133677 0.0
842566 36.350427668399234 -3.707657561087191 1.5235106356154753 0.3988204646235567 2.545715086795686 0.3600164723082679 73.34699226266885 0.8128896899617102 0.0
842597 35.29855613091975 -3.7083519713758575 2.506487088512347 0.43166649334877477 4.641280545555518 0.41301187853776783 67.17297573763818 7.205508726644334 0.0
842705 35.126934282505005 -3.706937547281798 2.6555345948367637 0.411975247131609 3.096815392633431 0.3929642484290795 71.651333915646 2.57010922990291 0.0
842760 36.50105162957718 -3.706001229266804 1.7224347093074113 0.4525799224195561 3.0857601005583124 0.39180202092973876 78.51240729461841 1.430486347254353 0.0
842767 35.910140007493894 -3.706444943600277 2.439691159661127 0.3988312929340744 3.080162467998437 0.3831003295563453 63.74825116654067 3.4633512523167633 0.0
842912 36.22688709472745 -3.706223692606855 3.212448321941941 0.4388255955098801 5.269090039615449 0.4196249694926849 69.84735757068577 1.4089262047675541 0.0
843180 35.43126824417009 -3.7048164381963136 2.647963369973834 0.38090350700258513 4.953972960261416 0.36466908422431155 64.89092843928813 6.7349576301567255 1.0
843285 35.29555998311471 -3.702879830603002 1.7054483357285932 0.4279934138990572 3.123371778526268 0.41207834120884773 67.54421032938448 4.965500895207139 0.0
843378 35.95749108111762 -3.702040226014366 3.0044065698802185 0.3675162361040334 3.288978860357163 0.3525788388241851 64.59793984954761 3.6289067980663656 0.0
843510 35.084280792893864 -3.701471286212808 3.5312818698060173 0.37946123788774894 4.743138561784224 0.3594751818106706 73.20983742786338 1.234976457468286 0.0
843603 35.94754913874422 -3.700454788862967 1.5713019453418342 0.3706882827066789 2.5037415909119107 0.35522676047850815 64.5569561188519 3.6289067980663656 0.0
843696 35.19315210499248 -3.6998033190474495 2.2667244977360377 0.37189469472197967 3.1337121951109395 0.3512603848312795 70.19198377219827 1.2153046225177317 0.0
843724 35.20129325139629 -3.700612217843136 10.340161041777543 0.37508777723727654 12.057734818759986 0.35771461558929196 69.93501624631072 1.215304622517732 0.0
843844 35.65907949441662 -3.6988290116526334 2.2812702202716233 0.3843012154459875 3.0524630916911435 0.3686073179225668 63.14381303768809 3.1614787916815077 0.0
843925 35.56530348297893 -3.6984088257098415 1.8645889391600705 0.37084916249544353 3.3205925091875717 0.3545128334896136 63.686739537172215 1.382684116625994 0.0
843964 35.6553842649423 -3.698155701216575 2.626311842157472 0.38220018856085997 3.6191878886359534 0.36831765659895455 63.19521296649271 3.1614787916815077 0.0
843970 36.48155748871255 -3.697426493442189 1.685313765783433 0.4768049577948616 2.8519185537450022 0.40433686492163096 78.22964159518679 1.9916639552531923 0.0
844125 36.02894465607359 -3.697667540273805 2.759204276656892 0.3858815690617929 4.044449848898564 0.36842887070816666 65.96111314344242 1.0868244169823287 0.0
844668 36.12143357300158 -3.69523588612172 26.672389474450938 0.41758176392278284 35.171259906172374 0.4011737964192969 67.90564300124372 2.4904852170725658 0.0
844756 35.239333354116894 -3.693017709776063 9.044309380428988 0.3842952856341763 10.747870750593398 0.36615208021468343 69.39102806544597 2.837290244398626 0.0
844943 35.4343448131197 -3.691132382085216 3.2732502182543883 0.3598947111940024 3.96404214923456 0.3438243720877136 65.63826300041657 5.535583092001522 1.0
845042 36.11205222253399 -3.68993735851848 2.1313951877820894 0.3945388261970054 3.1757183820676387 0.3777559653284777 68.00143979987176 2.4904852170725658 0.0
845361 36.073853019223705 -3.687840673955807 3.195519042631328 0.395194578956714 4.135615029567725 0.37964480947825935 67.34585346412649 2.041463270976022 0.0
845961 35.917611372960764 -3.684311282467652 5.615009752928789 0.3880584578068193 7.427586734629195 0.37139446671253407 65.1369181454 3.9484297675686792 0.0
846031 35.10624501886105 -3.683673942108817 3.5693596948476087 0.3801198183992217 4.487057324104509 0.36164671625809164 73.47464333071309 2.5701092299029105 0.0
846103 36.414214745090646 -3.6821809919276136 1.9274684222224825 0.4376232363458036 2.6292964910716656 0.38442224604035496 76.68415225199786 1.154761384291044 0.0
846219 35.8797044383096 -3.6830141147043065 5.4395625660602525 0.3645294026185686 8.45735424250848 0.3480813483513539 64.81949550342397 1.361546304956746 0.0
846482 35.58286029097669 -3.680514687800806 3.0714732729027783 0.36468453024434067 4.474408733596347 0.35047284307141197 64.61851058207945 1.382684116625994 0.0
846488 35.696419578603006 -3.6801533934924016 2.7834751974109797 0.3812743641612667 2.92529260791624 0.3680926407209555 64.19593970924244 2.3767687116629066 0.0
846615 35.479298318464714 -3.6793322513174433 2.1640715819538676 0.367345030880285 3.4771739080905144 0.35260020313099744 65.70653813136428 1.4137860532151956 0.0
846732 35.158384388240954 -3.679018404050944 2.2861633463968585 0.3743014933212587 3.653460749051785 0.3544794517602194 72.2403242290725 1.1361642246439938 0.0
846955 36.062566437863175 -3.67666222382666 1.9012977909901487 0.3946938885343512 2.62956050601835 0.3765368277359904 67.76766730516908 2.041463270976022 0.0
846996 35.944798332430864 -3.676434300068762 2.799360259391131 0.36897675431872284 3.0276641962962048 0.35294258456517 65.9283529644813 3.6289067980663656 0.0
847016 35.69428915390753 -3.6763808552626633 2.384603036700588 0.39309237735392455 3.5165188575361452 0.3797870755023727 64.42400804521908 2.376768711662907 0.0
847021 35.44961864683451 -3.6764612719569696 1.9731506512638342 0.41716635943828684 3.4149743072573915 0.40398872801687313 66.2698816817015 8.621835437692946 1.0
847147 35.10111891684147 -3.6756626281481455 4.555643627910362 0.3927434067053335 5.049203437001848 0.36866321505289024 74.04411454128945 1.7407316731514302 0.0
847225 35.98303697731223 -3.675772397088005 11.180900846482977 0.3719700502513887 11.353755124787233 0.35517225386987805 66.49206397448194 2.858345033783449 0.0
847293 35.88041767774353 -3.674507780850171 2.758336977887843 0.3723489196054123 3.0168604873513067 0.35705598716178005 65.33027889547672 1.361546304956746 0.0
847447 35.9537802001042 -3.673472293265645 2.796694260954794 0.3737447392469503 3.9055551492352465 0.35434406467454954 66.2183218548861 3.6289067980663656 0.0
847862 35.41885817765627 -3.670528827984279 3.5635554178718425 0.3879756912762839 4.1636160846212125 0.3721843106606358 67.0702897621861 4.983519212778617 1.0
847981 35.29668047603575 -3.670165691943888 4.015478559635705 0.44337819962285696 6.617632711865196 0.42572630242067144 69.34996457933813 1.0686304118939702 0.0
848005 35.289343929325845 -3.669427928585904 1.8249004111423857 0.4343000707521391 3.225737749566942 0.41917513112049826 69.54899940410031 1.0686304118939702 0.0
848093 35.813154733975246 -3.668845349319088 2.252818175751832 0.3771231129345721 3.554194628424537 0.3607433191775321 65.16228246653212 1.3138805862384164 0.0
848120 35.59652147779604 -3.669577327916169 2.5062670914046983 0.4113232283129209 4.652307106321474 0.3970689947979294 65.18001752691629 5.362828821283619 0.0
848129 35.71129148956886 -3.66874349414722 2.743252322295411 0.3895393755854671 4.25668508287243 0.37306960333292244 64.87543637840064 1.2664569917428188 0.0
848186 35.109689109063424 -3.667906481629384 2.450301355871821 0.411733467221699 3.341685894488462 0.39606517626659926 74.2000738019019 1.74073167315143 0.0
848269 36.14847935070411 -3.6677821491260834 7.100747649487452 0.400743711285588 8.591841080491296 0.3793268588656268 70.03360276935614 2.1951274289487688 0.0
848382 35.433425193023695 -3.666767393695068 2.5794089008268815 0.40747361949561905 3.0868594414838513 0.39240522187332694 67.06787717759089 4.983519212778616 1.0
848438 35.98486892289945 -3.66667290594129 6.193715966231523 0.3925139369177844 8.04061802197691 0.37685987999774967 67.04825852415934 14.080692508787795 0.0
848716 36.17021976086174 -3.664254865400825 2.0071444864656947 0.4043826958794746 3.390724898150163 0.3827563365904088 70.72619175780594 2.1951274289487688 0.0
848935 35.45082900239892 -3.6630900530173096 2.706272548953947 0.4357309401306245 3.6736583989545593 0.4229167671523158 67.03316953503067 8.621835437692946 1.0
848972 35.45419179271249 -3.663058813666512 2.1443425286530116 0.41853250033096284 3.2206342586896297 0.40528209736678017 66.9887279592397 8.469618999669143 1.0
849014 36.00552692224588 -3.66432382185903 50.98072815434461 0.43298385381180676 77.66635521114152 0.41217712350159574 67.498166120123 7.571372561249655 0.0
849209 35.409917828181094 -3.661136603442565 3.998673736621026 0.4058950099358914 4.683541354530907 0.39271749068539774 67.75447436904838 1.1150986086397283 0.0
849250 35.934255853082405 -3.6626077475666 3.7575598073950753 0.41863127232326297 4.611091490804358 0.40483294965106376 66.6092024025888 3.6152607091938056 0.0
849322 35.22450101737936 -3.6604415399969032 2.4353983705573174 0.42414569580345096 3.7686977940715622 0.4089663352415457 71.53782331703911 2.2841814615475893 0.0
849478 35.62962495614929 -3.659088174254955 2.5173925541771918 0.40458440375686827 2.8522415047104794 0.39208888279245824 65.63116492409382 4.465660467719534 0.0
849501 36.29595821673589 -3.6586048572924654 2.0917296448117337 0.43605264032478774 2.931752640188602 0.40074139021641875 74.2797687048036 1.5531023285353818 0.0
849598 35.65430519527572 -3.6590192853067895 4.199049247907021 0.414055329605047 5.581997939140058 0.4007690441014865 65.54362383327856 3.5099427906865794 0.0
849830 35.36166736593675 -3.656472795971411 1.787723202137966 0.4083935315657547 3.3423666055055152 0.3925566137716001 68.84282497149132 1.1150986086397283 0.0
849844 35.46724869217083 -3.6563705380642864 2.293618292336461 0.3924865824107066 3.2473663475884913 0.3788529764395235 67.20630047766197 8.469618999669143 0.0
849904 36.009908480534605 -3.656434139152065 3.9865787302956317 0.4174370901284346 4.907856906869234 0.4033549448047834 68.02384568014364 3.518696679457329 0.0
850000 35.588361502396786 -3.655385490863598 1.7923466407247077 0.4095830832372709 2.9350072897388877 0.3933657592658563 66.07895990397014 1.7196070100777927 0.0
850009 35.61424948570004 -3.655422538385302 2.9457513259647583 0.42581051339088744 5.226383895348059 0.4139680325638995 65.92409613667724 4.465660467719534 0.0
850089 35.99282998389658 -3.6546919169570815 3.99254857144044 0.41795363421072634 4.109259118226312 0.40159515211865143 67.86264150709698 6.496578659111268 0.0
850410 35.46936877382168 -3.652432737447485 2.1617396034040373 0.3926498386672417 3.2477595613388726 0.3781563066536316 67.4097991708255 1.485560453560907 0.0
850605 36.08966752890285 -3.650592062266466 1.5772706906450435 0.3940581867560527 2.8761919056098653 0.3770742137223426 69.76706194710225 2.149539708693569 0.0
850644 36.44976007353287 -3.650023825813622 2.5756311020222826 0.5145286497842461 4.699214375765945 0.41249623441709826 79.46863924994264 1.6168516927787335 0.0
850732 36.48561357799296 -3.652331504991431 54.32002087811999 0.5750897450476058 79.10375866572564 0.4620492706677054 80.5700892715788 1.9916639552531923 0.0
850816 36.34875609661081 -3.649337459182743 3.653547311329386 0.44757891523844695 5.44614185168314 0.39493258253420754 76.30307655522212 0.6313391851124595 0.0
850948 36.29157060360082 -3.648001243417249 2.53418925507178 0.4323546404567848 2.9079151386002158 0.3923662412221474 74.71871464542815 1.5531023285353818 0.0
851282 35.90904652494037 -3.646007025687136 1.9547639947135182 0.41039443695882694 3.3324699587248454 0.3958731645591239 67.30188142274368 1.674093544649347 0.0
851338 35.903017033469794 -3.646306100396178 3.3256522584884363 0.4111447313044778 4.4100727020819965 0.3970894566469539 67.22129066371681 1.674093544649347 0.0
851445 35.972700453971854 -3.644946461381713 1.8679195609220811 0.40567106721767016 3.106186035446378 0.3882527649555139 68.14116730168254 1.6845539968089933 0.0
851488 36.24819658372556 -3.644295848209459 1.946552825982784 0.4363993835349227 3.4965303384125552 0.4101212417823021 73.74575026110884 3.397931683258593 0.0
851551 36.485712550045086 -3.6436283065757946 2.167549635850389 0.5123952987499223 3.9776858375850215 0.4068580557180443 81.0010365306327 1.3560039516277258 0.0
851559 35.853473299952164 -3.64447093514069 3.8757712796132857 0.3839565538945955 4.792346914412423 0.3698415302436108 66.88501683999029 1.4408507059479416 0.0
851690 35.677505000838345 -3.643685318970711 2.3646095816854245 0.4041675918980248 3.651312162816682 0.3904783179476594 66.40735407973355 5.017565807238893 0.0
851820 36.19375906448627 -3.642126604757042 4.363683756505299 0.41004310132095745 5.19056912134057 0.38522329704078007 72.50190075702271 1.9556050538706546 0.0
852106 36.25963011318037 -3.6404989484694377 4.072048205186146 0.4138646655986808 5.415620637213568 0.3812867301268063 74.25129260012004 3.601477947958773 0.0
852133 35.71771513598634 -3.6401323424139487 1.7832694808678415 0.382127290254511 3.0934984919132957 0.36419776183152447 66.59365970557613 1.2664569917428188 0.0
852157 35.4543389862035 -3.640842229688873 4.362247319969773 0.3845987580444434 5.656960871542929 0.3692172780908102 68.28520942940095 1.485560453560907 0.0
852172 36.459771246703 -3.641435800788132 2.666288512054535 0.5054392989824177 3.7213080780607566 0.40298930206069367 80.23066997582205 8.9450930688629 0.0
852302 36.292130765006014 -3.639769962044925 11.22505138364843 0.4238437392617061 12.946567335675384 0.383173262879601 75.17171478994918 1.5531023285353818 0.0
852327 36.3024146784543 -3.638433463538492 1.4339900461332127 0.4368188982703368 2.5772811263734137 0.3882042808713042 75.52965490110245 1.553102328535382 0.0
852521 35.627715435307444 -3.637796648341157 2.285960477569671 0.38557156573693524 3.806575420824319 0.372540772278048 66.91360269480116 3.425529343462329 0.0
852686 36.22217947586136 -3.635914817572903 3.210702314758955 0.4449190364302752 3.658680086041036 0.4232624637375455 73.53618382699699 3.9769943139853883 1.0
852708 36.19994220826037 -3.635819771780672 1.792362848129876 0.41331854692932374 2.8862561516939764 0.3889023688051483 72.99685117761338 1.9556050538706546 0.0
852761 35.814933742847685 -3.635623436353447 1.396525339862121 0.37354328514725565 2.4316539074383483 0.3579430847496422 67.15678088227818 1.3138805862384162 0.0
852947 36.04942963381385 -3.634346797648015 1.8322557183752182 0.37768176668988346 2.9614149542718033 0.3602840142073269 69.95277440323758 1.8853802192157305 0.0
853024 36.08077020877352 -3.633868709234632 1.7788279151515924 0.3898607975654324 2.69473250812426 0.36945756208117775 70.54736276714443 2.149539708693569 0.0
853127 35.77199018126709 -3.633792373697654 1.739811718185789 0.3571071217132871 2.6757781319554197 0.34079491338173273 67.07510515307561 1.286868404436466 0.0
853151 36.12734355122597 -3.633755902239979 5.839475960465155 0.3927100411125521 6.829786172112987 0.3700570703148385 71.47912358005759 3.5917117231953615 0.0
853292 35.67525167993901 -3.631976099639386 2.966992235487689 0.38512651495920647 3.767376338025199 0.36783573493153787 67.11365166582621 4.086763933039069 0.0
853437 35.11970153021972 -3.630800353820968 1.4435543490204108 0.37635135956498644 2.58057620234909 0.35808596776020224 75.87541251985908 2.2009923410684054 0.0
853739 35.08052150953538 -3.628871073653218 1.5626406527675725 0.37974638806273014 2.5809109405183257 0.35726209747000093 77.0958143053201 0.9319536093202097 0.0
853773 35.230732971765924 -3.6286642050783806 2.769593683807185 0.3789992445725356 3.994421825171501 0.36116655346248566 73.13745564386285 4.557405225660139 0.0
854008 35.22878496304192 -3.6273022794011953 4.1993034094880635 0.3784023103845716 4.906608199971068 0.36094290968867404 73.25838297428298 4.788225932342954 0.0
854080 36.12905562352197 -3.626893687788802 2.8982017460029788 0.3884920402432093 4.750465045620365 0.3692139168959884 71.90075541922185 3.4912844122424582 0.0
854121 35.17893310572105 -3.626036851412784 1.971098112321856 0.37411158433625974 3.49860212364817 0.3550257334019082 74.55013604491157 2.5637836305107014 0.0
854337 35.17977444085355 -3.624525677997369 1.2118251427906466 0.37945348293597825 2.145192441296517 0.35483335334431537 74.61075581530065 2.563783630510702 0.0
854456 35.340938070798366 -3.623668350924988 1.5728652232403049 0.3677071106363795 2.698064234936623 0.3494358269857464 71.09681589337602 2.730163684618423 0.0
854714 36.45373170972763 -3.6218463054932135 3.0643714826382835 0.5570556254301483 4.234700290287303 0.38027531437430373 81.00894167152381 0.38589916278995334 0.0
855011 35.328667511980385 -3.6195550835813153 1.505207594541821 0.369747439763021 2.3404413937790944 0.3528738872682651 71.56219543449859 2.701860540831125 0.0
855156 35.11730297104849 -3.618466692559065 2.5001071263467662 0.38096860909159064 3.055846663782538 0.3640813355681505 76.59760064620579 1.9852113336256527 0.0
855197 35.55244430548638 -3.618170733924317 1.8451204383147948 0.3822513988410569 2.8737285641993977 0.36776373169232873 68.5610819877349 0.6677064480719401 0.0
855299 36.23332872211135 -3.617863968288767 7.70970885221237 0.43217471957810993 8.878520978252777 0.4004186510522593 74.79904564944505 4.666543030788554 1.0
855794 36.29429379737187 -3.613980100949962 4.038774402376377 0.41972280658184247 4.635665600540122 0.37905124089024256 76.60554056780471 4.052447484922279 0.0
855826 35.201746390906244 -3.619763233572757 244.80465006278322 0.5002424573692614 308.7541994251492 0.4787935461318277 74.32188033806081 4.345914295263753 0.0
855892 35.52097879604049 -3.613300349823296 4.248353878047171 0.38267429438637907 5.011536874866392 0.36819725215431215 69.13353901783795 0.6677064480719401 0.0
856283 36.23871681084526 -3.6098511380346543 2.5318342730571146 0.44180700825739716 3.00543325374509 0.41040271652455385 75.37075767629821 4.666543030788554 1.0
856354 35.638567839546106 -3.6097558381612393 3.7940268373730457 0.3917191978979317 4.547258717637979 0.376209171097763 68.5480509271724 1.270561837807729 0.0
856377 35.69279332781912 -3.609357772041397 1.9319193808667265 0.3934912417152004 3.0731235735164977 0.37664237846214654 68.44627853171717 1.354359431777648 0.0
856682 35.75849732949135 -3.607130906752414 1.604219921938144 0.39551204402178314 2.8071872205318558 0.37729428450001495 68.63352737782797 1.7102101202500741 0.0
856861 35.75942137958198 -3.606547142717083 2.043537754332645 0.3952247024043463 3.0209612371213823 0.3789569432601746 68.67088103221135 1.7102101202500741 0.0
856972 35.33606635235183 -3.6050137551451056 1.5884965288245427 0.37962250529195596 2.807536048093084 0.36043687950607 72.25139014694169 2.7301636846184234 0.0
857095 35.45420598870532 -3.604264010543138 1.6909283424487114 0.3955615438549397 2.617287816805049 0.3814234708991579 70.42763542888117 1.485560453560907 0.0
857301 35.14067529021818 -3.603492739278922 5.168260917352319 0.3997863347024582 6.451478261759764 0.38267442473304014 76.7643470650191 2.2009923410684054 0.0
857505 35.69790896232661 -3.602007991770627 6.06995870673247 0.4014969187677264 11.26777023599487 0.3854035675882616 68.88332040700956 1.3543594317776482 0.0
857771 35.12495097377511 -3.599118165635317 2.795053647949164 0.3925097807063878 3.3609264786985635 0.3719931277409247 77.42059965941706 1.8307758595410615 0.0
857795 36.14924423729366 -3.599408493823866 3.3911207824388963 0.4075418050839505 5.0481292359718255 0.38426508025399064 73.869900768901 3.9923384787270226 1.0
857855 35.185710473477364 -3.599351639886348 3.3945121819702866 0.3794632866192472 4.247835655475679 0.3619657258773118 75.83309533839311 4.410874650815818 0.0
857948 35.726839926068344 -3.5984180745292704 3.2308678537402393 0.3935124261870918 4.7418248410903265 0.3785215534213451 69.10226340224315 2.3055963644283706 0.0
858053 36.31130531836407 -3.5967838162524526 2.4201060852124305 0.45466617751306265 3.182859033269525 0.38867488498136216 77.98957684277813 1.8484302764801341 0.0
858057 36.26281958606784 -3.5973924022263857 4.757518858282061 0.4256860034451937 5.582414174772779 0.38382782103831503 76.66123090990384 3.8039081204169234 1.0
858084 36.31448886836795 -3.597110859906473 6.204988400700881 0.4592404746782873 7.7659443121187515 0.3913043522948008 78.06025970959482 1.8484302764801344 0.0
858125 36.156833096364096 -3.5967420462696578 2.9301232894878133 0.3874061030106798 3.333945569295362 0.3660974538922651 74.1819258170735 6.5557827945287475 1.0
858344 35.29565528988441 -3.595708262533853 3.331599455309774 0.4337924405692764 4.641388840490048 0.4181804845070927 73.56195890318322 2.701860540831125 0.0
858430 35.712429082970864 -3.594354571887516 2.1702652050037825 0.39660870122731845 3.3075247362457483 0.3797664571045482 69.33887804326396 2.305596364428371 0.0
858439 35.56814517325275 -3.594293248229857 1.719401622352774 0.37333025097562333 2.375968762607442 0.35837059189595827 69.8600406151718 0.6677064480719401 0.0
858590 36.26854562290487 -3.593122382427093 2.8110372712119926 0.43055577909153603 3.076715815949429 0.38692864757955253 77.04050193514874 3.8039081204169234 1.0
858591 36.241260837207086 -3.593116636836726 2.320174862404357 0.4515878690965329 3.723327465492164 0.4172453172289029 76.34664657146081 4.352078308925497 1.0
858761 35.12743775686826 -3.592287984285807 4.475757116036296 0.3968214229518985 5.047770555044956 0.3780148694172825 77.71954286664518 1.8307758595410615 0.0
859155 35.87412241719031 -3.589337541721588 6.105613248438868 0.39474037842743953 7.043026173119736 0.37798158898417067 70.32886053524732 1.1647208714687287 0.0
859397 35.379827849854586 -3.5872023947539944 1.9021083914673687 0.37990334250446395 2.6335341749979038 0.36136456006812256 72.51148571994933 1.9523155732062023 0.0
859992 36.07758790851698 -3.583270137883132 5.091392786054451 0.42982494031753016 5.958714208635765 0.41201305115052916 73.37834186297428 1.796153361108252 0.0
860321 35.60590215684477 -3.5804015640152707 1.778324104278446 0.42909309453946454 3.279626266699971 0.41636971216470525 70.45183840524636 0.7701751723086192 0.0
860466 36.17558848659674 -3.579868054152892 3.3958886142716795 0.4132988940390652 4.742043272709977 0.3924303617688431 75.53402734029063 6.77526749284471 1.0
860512 35.41892577774646 -3.579201295308319 2.955042589327395 0.3983997319898856 4.480350220990865 0.3833970539934596 72.37512274457582 1.6358438194313654 0.0
860734 36.04597159808742 -3.577579235743284 5.018796042718568 0.4228748956190606 7.494215193099514 0.40393504098725436 73.16183361199936 1.5901753310774822 0.0
860808 35.356269294882544 -3.577548932563542 2.5866109744108527 0.40006231052282476 4.239804702039909 0.38360244601895144 73.46271360285749 2.7301636846184234 1.0
860829 35.28708675408814 -3.577406726139857 4.96293464235646 0.45893286368715247 6.601555610551309 0.44266838189786595 74.76879761434631 2.427617886850551 0.0
860959 35.31154311118196 -3.575721463008932 4.235979432113924 0.4205478481019789 4.751446698683377 0.40294123237036605 74.38199101327695 4.498930800104337 1.0
861215 35.38380788412486 -3.5741307189044504 3.820298433372573 0.41770251528357577 4.22067351781469 0.4022718204931656 73.20259700290075 4.7482789824825 0.0
861431 35.21081155120557 -3.5729054185861684 3.3474251116247333 0.4224317262451065 4.072732139266726 0.40512567748940376 76.68318458316745 2.1789032517505653 0.0
861684 35.59275948772452 -3.5702551988305453 2.23151754746611 0.42756243728321564 2.915516964149153 0.41303724865210745 71.13151974493404 0.7701751723086191 0.0
861693 35.603202514368995 -3.5701620659963083 3.209576369746183 0.45846933442120225 3.3833542122999276 0.4463298096916081 71.0781693888927 0.7701751723086192 0.0
861699 36.149440707164686 -3.570044078729015 2.078878553826502 0.42318712336635067 2.468464792250961 0.39812341542664464 75.5233182481716 7.589036752962119 1.0
862262 36.14809032648592 -3.5659409793027934 5.492214292421416 0.2789607471165479 6.200696293044788 0.2626199219109061 75.7261569282234 7.589036752962119 1.0
862720 35.22686097709932 -3.562531532556878 3.1651525904636038 0.4010148799563644 3.4599682741042823 0.3842156016244638 76.89065140604544 2.1789032517505653 0.0
862803 35.21198071241809 -3.5620549050162778 2.116498096069465 0.38954535277215024 2.3831879644718748 0.37080468292197416 77.2562637452836 2.1789032517505653 0.0
862893 35.12696053493488 -3.5611358583816 2.40465669854245 0.41261126599257114 2.787709603021173 0.38765295283300627 79.40735532314623 1.5425875813919643 0.0
862933 36.06427483377351 -3.5606485452370578 1.9021393420859876 0.4213744314860355 2.936611638675455 0.4042054744347355 74.44363205736326 1.6396034611921724 0.0
863012 35.32546486358905 -3.56091001034363 3.5040565600998854 0.39049232415148516 5.0864661032335166 0.37476656469776987 74.96448307564543 9.115914438348645 1.0
863053 35.32315990825578 -3.5599093014330183 2.459839091506798 0.37103473898386075 3.294341117191986 0.35359692171381363 75.06405529974803 9.115914438348643 1.0
863063 35.103889285288695 -3.5597997148217115 1.9147642108465854 0.3868424157271972 3.2900183443886157 0.3625334823308481 80.09505728107848 1.5425875813919645 0.0
863176 35.35258272107777 -3.5593645615146485 4.969993934226155 0.3765899715829154 5.93575310406433 0.3591956777415472 74.57120651635228 6.069945216717463 1.0
863258 36.14597606218791 -3.5613251187212334 21.506847257228006 0.42054541561029835 34.985406091785556 0.39019399770075036 75.94251099980187 11.339253478766933 1.0
863309 36.16401475464674 -3.558284974578821 4.557068765306035 0.39158637867533025 5.673633318734147 0.36185097560697227 76.49058555134894 15.541666525114149 1.0
863325 35.94400948426126 -3.558662115071124 8.051513818451172 0.384441188978197 9.66828352097847 0.367270943696447 72.83903664999653 1.1804546412731938 0.0
863364 36.32794307566536 -3.557679783830526 1.8359803826753738 0.4962641045112943 3.084033275207693 0.3928391014766749 80.53116974518205 1.2488474117226804 0.0
863448 35.99467067748917 -3.5602324089795934 3.029965095304875 0.4099624573292835 4.990193748185868 0.39020276443354573 73.39047166256262 1.3260996911000555 0.0
863531 36.27555429477122 -3.556184622096321 2.3815834313602493 0.4499365533847783 3.7074693483231043 0.3814913762433103 79.22175883717063 4.838385535751616 1.0
863591 36.21435064903633 -3.5563715008137176 3.250097663709407 0.4088311230697183 4.850421454367719 0.375742756970291 77.7173740471081 4.295426562678621 1.0
863621 36.168126822997685 -3.555866387797244 2.1648070850508923 0.39127959334187096 3.6082803970454633 0.3609219874020027 76.71386272815852 16.25630505176586 1.0
863681 35.103135085360464 -3.556524388282885 2.685362694099078 0.3919238357052811 4.38285383850292 0.36470260408499977 80.29075736452953 1.5425875813919645 0.0
863708 35.41492870555744 -3.555798615746184 2.03224331094377 0.3914885785417559 3.473729926579858 0.3727060233494904 73.79571239363557 4.5640743651669125 1.0
863846 35.93828929061038 -3.55426985118436 1.5946752336946999 0.38914739194621123 2.4987582742604175 0.36725329972582105 73.0328779082348 1.180454641273194 0.0
864312 35.887150118511634 -3.552207753479775 9.971924007810546 0.37672967501560495 11.791561340387235 0.3599118608749112 72.64518022945 1.6900902880001285 0.0
864329 35.19469835608671 -3.551393184712225 4.048109223140401 0.3962185008772829 6.429373939561524 0.37400379448330096 78.24867702163621 2.1548366103446264 0.0
864524 35.463873090161584 -3.5495452683462427 2.1831620634911073 0.3805820242299756 3.0542499581109084 0.3649228037852132 73.51776661159437 1.8198828441710537 0.0
864528 36.12202700362959 -3.549506255872795 3.90572934200579 0.3986459843926751 4.601802161279839 0.37590217890112465 76.13279454238844 3.52242490930807 1.0
864615 35.74523690492239 -3.549391087146016 5.302003448670304 0.4052184921469032 6.165305582110016 0.3901836654799558 72.06738980107824 0.7741058773439464 0.0
864757 35.32104075899596 -3.548027256731455 1.832236011643934 0.38448395792563733 3.099536394951057 0.3650018148854069 75.78145402596384 6.213814551463673 1.0
864976 35.327173187523634 -3.548386598242954 5.599311775973291 0.3909727820203614 6.712202552669974 0.37237802598740427 75.6489953505485 10.399455125630752 1.0
865012 36.17660350098613 -3.545976964399591 3.400396814524175 0.4034999188757079 3.7368889196789032 0.3766636138464177 77.44982307874392 7.428359536534389 1.0
865140 36.27334991964649 -3.544905881053384 1.7566423717524535 0.4555931414946996 3.255137798366516 0.38883749314071187 79.77841295652028 4.260421353039004 1.0
865201 35.62268242259505 -3.5446947198472567 2.207501534202053 0.4248053999124511 2.3497710576414748 0.40974646395529946 72.5068414272247 0.7701751723086193 0.0
865321 36.230520172725 -3.543541627957083 2.5718122321795884 0.44259235499598026 3.199187073100926 0.3975903483454195 78.80483653964217 4.295426562678621 1.0
865413 35.60352528945695 -3.5431219674237133 2.115533350276844 0.4347957615505609 3.6495340447122064 0.42136536854513296 72.69246388957399 0.7701751723086191 0.0
865506 36.14387095114046 -3.542223018181576 3.262389857061426 0.40184920453477524 3.473818606870635 0.3740456390566437 76.9774087221886 7.804280398979291 1.0
865674 35.42691039229101 -3.541317304170456 1.9163620215685677 0.381362922037799 2.887449606074524 0.3656002364862211 74.4733128434507 4.0374836244063195 0.0
865726 36.28638147217222 -3.5413694853180284 2.3367806382243166 0.48229678565341005 3.2932646139737294 0.38244264042163284 80.30265648482637 4.260421353039004 0.0
865985 36.195474153173805 -3.539758581107443 3.5900333451896618 0.4156868197548357 5.236430644801591 0.3819558933676775 78.21039273412232 3.519996182053771 1.0
865989 35.50740017096814 -3.5391174953185964 1.68582614079681 0.39177718390360616 3.129431506308488 0.37705625665411685 73.65759879527077 1.8512389163946157 0.0
866114 35.11462890813122 -3.538175351381057 2.7470423871589214 0.40166313886693483 3.026475806729772 0.37738385803982666 80.96935518595777 1.5425875813919645 0.0
866166 35.429142412960644 -3.538518935675739 5.408488550151912 0.38392021779691554 6.491836910728625 0.36757082673581853 74.606626342688 4.03748362440632 0.0
866267 35.32063637141865 -3.537038943899005 2.5038722539073244 0.37843181997146413 2.6880630688101257 0.35957845797485155 76.41657431474088 6.213814551463674 1.0
866297 35.820369801553724 -3.537516955237398 5.781141549501996 0.39148822312779374 7.686069062549526 0.3744308411919702 73.04818428670875 1.5145890766477534 0.0
866392 35.80290563507441 -3.536218998733456 2.1119497640716722 0.3798263797896479 3.7984402243053093 0.3637952288231718 73.03876658804708 1.4023096862362563 0.0
866443 35.42178089551896 -3.536191014630813 2.353119691724229 0.3770683715692366 2.7599896911948316 0.3584453853873071 74.84301397002999 4.984148280284296 1.0
866493 35.4742356058926 -3.535715172290475 2.436017935454873 0.38885759957220506 4.491023626081714 0.3710187219664732 74.2105722071839 1.8198828441710537 0.0
866514 35.798097765008315 -3.5353592432307286 1.7228642055443615 0.4023469518015484 2.874545196409791 0.38309056827823273 73.06888061227554 1.402309686236256 0.0
866560 36.14266517080162 -3.534921538159888 2.332336309882187 0.41683737948993016 4.317024699787473 0.3784658128398215 77.36582723673625 7.804280398979289 1.0
866958 35.3541457355249 -3.532182013605468 1.8797047387549333 0.3866980716837229 3.4947313164389144 0.365871277711396 76.10894731156276 4.164886981355845 1.0
867371 35.14508313775232 -3.530074814852345 5.4583070747496745 0.3945232275144579 8.283145264559762 0.36584232539216416 80.6251995587865 1.6783061221169073 0.0
867577 35.24935533901371 -3.5277721789119787 2.0321269123066545 0.4022743629162014 3.5082446088477974 0.38246820391978414 78.34357104982244 2.054347505754204 0.0
867599 36.129039457034175 -3.527868587723853 6.064633901895838 0.39643673219364683 6.343054404687457 0.375406941376962 77.49709743916856 7.018974085923935 1.0
867844 35.26987238520989 -3.5262622736319487 4.634296148473455 0.3926414329538988 5.090082933036788 0.3753029100950403 78.00531183295689 5.530813820330639 1.0
867845 36.104359119278506 -3.5268851283127627 12.213986268045222 0.3968538376373249 13.86078285918447 0.37561335557402975 77.08805010527492 2.478441656961453 1.0
868063 35.49337047904609 -3.52500568027928 2.506015324099419 0.37125429295845974 3.1074102470617335 0.35432570242119454 74.63414766859051 7.1249049864484535 0.0
868534 35.48462260719264 -3.5232382701794864 2.371363870449114 0.39086997650138644 2.878804797168018 0.3765785986393096 74.8311629439247 5.448931335067988 0.0
868570 35.50789835215119 -3.523484070570197 11.442611763182786 0.38191771919984696 15.448013644917916 0.36468177388585776 74.57814826024995 1.8512389163946157 0.0
868647 35.27284818734852 -3.521956140134704 1.7980717224252216 0.3932297239820012 2.8289375582672234 0.37547492959989087 78.1888165179993 6.286169006030482 1.0
868746 36.022006800690335 -3.5214850900726624 10.272230373554498 0.38904739035934677 14.649786969018326 0.3710784407292652 76.03889329140752 2.031072384410744 0.0
869079 36.11242225187702 -3.518067337395686 1.3049859154736276 0.3933391749912691 2.3246255447860125 0.36132582805327235 77.740039861792 2.478441656961453 1.0
869186 35.5705439618546 -3.517823361348324 4.2599220976608425 0.37721985644052475 4.924825415467355 0.36240107888112955 74.40013145957381 1.703015997659509 0.0
869388 36.16045106510161 -3.515498142163826 2.639547030227678 0.39623976926284454 3.8203850509026926 0.3647932366313991 78.82272007452836 3.8195372261376628 1.0
869413 35.30394303681542 -3.5155952567568907 3.0240249892232978 0.4135443326325031 3.6396681551663432 0.3930962466936689 77.94862551947169 6.486971058349942 1.0
869506 36.28037593129369 -3.514503713557674 1.8066333762927127 0.45545983440597615 2.8419820330641183 0.37544097692781464 81.61053818109133 0.6862679937087449 0.0
869535 36.30152930412185 -3.5144625234582576 3.5287884157734477 0.4868249815855311 4.256284686294759 0.39217701055805887 82.15025916679065 0.6862679937087449 0.0
869594 35.353281029453 -3.514427652856119 3.5350239386492226 0.38776505982874765 4.431771562888451 0.3666378971845923 77.14660243731976 5.283204179843722 1.0
869599 36.15553984733207 -3.5140372041931696 1.9467615147418271 0.3941487345109697 2.316869564712921 0.36526524047190345 78.80518371765564 3.8195372261376628 1.0
869609 35.34323800482581 -3.514217183288361 1.9304770138943101 0.37801817399657817 3.429154773816512 0.3544972614883983 77.32717142502986 5.283204179843723 1.0
869768 36.25778653935191 -3.5131992623800063 4.398568207038644 0.4836016789387311 6.729446310893363 0.3721306512572758 81.12605201435733 2.9687503952714898 0.0
869951 35.564888289241345 -3.511795913598727 2.643263913131603 0.3828281870825171 3.0369793103289457 0.3648930318869701 74.79804821525863 1.703015997659509 0.0
870233 35.31313093901293 -3.5097128160712883 1.8985172080410249 0.416065884903953 3.5367610778031313 0.3970351526308884 78.11516658674736 5.748256829909476 1.0
870933 35.550744712543334 -3.5047467850211085 1.6874751521851186 0.3965301434688767 3.1374548164793215 0.3789691356490623 75.32056510548384 1.9072446924692594 0.0
870947 35.30761216978112 -3.5065380956416923 12.652577621920575 0.44049039384336514 16.0939220219989 0.4241925109491027 78.39747771373692 19.43209539815907 1.0
871040 35.51572570597917 -3.5041217048387705 1.6093098759486395 0.4109605816306749 3.0079194328628396 0.392401446284623 75.6513691856363 2.7649317100895896 0.0
871135 35.22948538421932 -3.5033577931652555 1.9679894767581292 0.4209523176711029 2.8826027631415476 0.4014962501121153 80.13552444918216 1.7227435575043424 0.0
871204 36.00766507313365 -3.5026598735523504 2.3089028883726463 0.3958386793474923 2.666546817574399 0.3765280425856891 76.93112840125062 2.031072384410744 0.0
871236 35.88181113074879 -3.504247989453113 2.125134856525905 0.4087787072984409 2.831415265332272 0.39131080763060916 75.4489697014652 2.1448630540500675 0.0
871492 35.46987594686902 -3.500585231749203 1.735665477176208 0.41823505197173655 3.085345890851237 0.40173861528064647 76.32971929994642 1.671778608176546 0.0
871688 35.563102756637406 -3.499510271081872 4.90035297036401 0.4221223500789824 5.515367638919151 0.40802914203770985 75.54261761893117 1.9072446924692597 0.0
871769 36.245335680214 -3.499872949671125 4.028575524324336 0.4675890503454269 6.619708917302218 0.4073556875179704 81.56265921968775 2.2307125505216403 0.0
871804 35.37491658528176 -3.5007655642402 2.457029915379807 0.4168624607214778 3.0175383436549494 0.396974908969179 77.59004554771359 3.751945747074864 1.0
871888 35.97951736446108 -3.497627520288125 1.91570939724797 0.4076254542510153 3.4696702478478785 0.38935592751352116 76.8538374839209 1.907555221001303 0.0
871962 35.41788624663683 -3.497236145685327 4.819480597026839 0.4081943562489068 5.0280054402676 0.3903858989031905 77.17182770916844 2.310043380309466 0.0
872079 36.04178750743842 -3.4967202898391525 6.346827783290646 0.40793193799156224 7.210254271730013 0.3874878583103638 77.77396621838645 3.6098877758551255 0.0
872080 36.03911774626196 -3.4964095961458046 1.6578801540858819 0.4079410799788086 3.019142508416458 0.3862486456364754 77.75136614258307 6.300855767724281 0.0
872123 35.77543198442726 -3.495673949868031 2.6610432524257677 0.4198117276512535 3.1842084839248144 0.40559000122995914 75.36135863567614 1.4023096862362563 0.0
872155 36.10249964871409 -3.495438090217984 3.045797391130701 0.41397989576446853 3.785717227073422 0.38598418866964995 78.85331131401776 2.521725228850779 0.0
872279 35.37802437425468 -3.494693091847957 2.4512482919362633 0.4155756117802329 3.309551214416916 0.39600688486051233 77.8944503669726 3.751945747074864 1.0
872504 36.14044486136125 -3.493627185642193 2.4172874240699156 0.4347065672993697 3.9598030839953813 0.3912767352447448 79.662076825514 7.596426759971079 1.0
872602 35.4519312894699 -3.49206633846123 3.14226218148846 0.4302440575892482 3.5259788252525746 0.41376319306358395 77.03985766420898 1.6717786081765462 0.0
872654 35.29920079779099 -3.491717803079907 2.3239787219797656 0.4572060351768381 4.225973615567193 0.43632190275796146 79.39865471076817 3.5300191334934596 1.0
872806 35.69210996056863 -3.490641667998083 1.7751166956307236 0.41126840941499077 3.227714868822371 0.3965516470579666 75.5690840730958 1.2684971363577882 0.0
872839 35.312649200269774 -3.490410105269941 1.6827506935786658 0.4380560828547086 2.799148531743619 0.41650775137122076 79.22801479248635 3.53001913349346 1.0
873068 35.53271887405833 -3.4899080779079155 6.845627161001585 0.4246837150823132 8.63753307081076 0.40891660797568946 76.34623948608197 2.7649317100895896 0.0
873278 35.24459080335722 -3.486907785724965 1.7191486947446244 0.4602863864292265 2.6778708210601994 0.4375495492381619 80.74139957332933 1.7227435575043424 0.0
873315 36.14169219807671 -3.487325890835738 5.035537279294222 0.4630234521374641 6.332673101239749 0.42473503541959345 80.04402800034492 7.432947394252348 1.0
873464 35.36051749886463 -3.4856168542409613 3.757422504888795 0.41369832358134384 4.654686095555045 0.3941608153681199 78.69310439624486 4.682180234368043 1.0
873568 35.159501001435274 -3.4850774166635072 3.2641508653029456 0.42503624606865054 4.673967014103008 0.39882139285545354 82.73700712580485 1.3967341532192956 0.0
873787 36.22827794398574 -3.4837334932344874 5.765656626254434 0.5291127245236883 6.307000295191153 0.47012046635380744 82.06296803482056 0.5864966113835167 0.0
873886 35.26814192122597 -3.482450264151793 2.379104158807202 0.437887053481286 3.7732833846837353 0.4158807550100451 80.51872368249919 4.610115609459477 1.0
873996 35.36698194744937 -3.481721986730561 3.2126425345413687 0.40047190513548914 4.798781530526682 0.3779425070367089 78.81678931365248 15.73423457525163 1.0
874252 36.20354361358425 -3.4801807582022373 4.09353158117389 0.47482155099523865 6.337006095758879 0.41579410064491423 81.71378341067573 2.80065557531203 0.0
874310 36.12967229941457 -3.4795764618119462 3.519521408266046 0.4487234210484899 3.7443842920438972 0.41761375943388535 80.25628990271109 3.026889282541137 1.0
874514 35.22879111641696 -3.478122484390991 2.258748980992944 0.4173227947260136 3.1244613581736944 0.39611566785894914 81.5654254640151 1.7227435575043422 0.0
874521 35.82514722191054 -3.4784024085902274 4.426036314724694 0.42236272037875555 5.009935472730764 0.4072629645846545 76.60640881637406 1.0731103188941655 0.0
874768 35.963001375533004 -3.475955985676274 2.0488464162253783 0.40419632222554336 3.414427399420503 0.38379347238986256 77.92764105065083 2.215207732185054 0.0
874784 35.66191705666596 -3.4766563050178343 3.255440305900475 0.39075245605600334 4.636453869791471 0.3745296879459887 76.45479001735465 1.421180581787819 0.0
874814 35.67584169349 -3.4765935757795288 4.876545213047607 0.3818802879993697 6.001022903126423 0.36651007969383603 76.43172622681848 1.268497136357788 0.0
875601 35.87542368919336 -3.470599175486339 3.5225843868327154 0.4028376591795524 4.765831415382624 0.38289764490421674 77.39976113143425 2.2611422740569354 0.0
875646 35.1660246260042 -3.470054121550029 1.8302928726868397 0.41569190092842123 3.2243423472345003 0.38816305328440825 83.4116142977554 1.6269817725378544 0.0
875802 35.371294919217945 -3.469643800677543 2.1260423791277794 0.37674211194145135 3.4537930685602407 0.35460439612005945 79.45049148273156 11.036978475276397 1.0
875924 35.403031363747566 -3.468467910562782 2.1206319605150994 0.3928209756907271 3.4353777727882924 0.3721979580324874 79.05592372309003 2.49565302626219 0.0
876022 35.26298387145788 -3.4681330933906214 4.789014727162414 0.40839501412202023 5.478745717716792 0.38973148808452335 81.43155637400235 4.055865519359824 0.0
876078 36.058164105957374 -3.4675950950696066 4.973501594263365 0.4113243276198377 6.0855647803336606 0.38448895424662566 79.71543999376078 4.04162387065943 0.0
876550 36.03100705415767 -3.4646271245148133 9.585834424963542 0.4009483758542593 11.012207082755355 0.37204290105054555 79.47896225291451 2.1607500935481077 0.0
876559 35.788611682196205 -3.4638377518785712 2.7621243445867427 0.3885375390983216 3.064762762550548 0.371119981413761 77.31300147763176 1.0731103188941655 0.0
876632 35.94095327860841 -3.463755349810824 2.7275144714397 0.3931774188227952 4.124437076903495 0.37230380343873754 78.40255065185265 2.215207732185054 0.0
876783 35.18063086553721 -3.46260285501425 2.0648381063557792 0.4151190693464319 3.0268618376528624 0.38146528784624173 83.48788729626266 1.6269817725378544 0.0
876864 36.09198478494542 -3.461607784103496 1.5301945326717201 0.40547962744581095 2.7704898796429487 0.3752422796657075 80.61268883127894 1.6973901414407397 0.0
876952 35.381809038809784 -3.46170280779385 3.800985891967027 0.37785904742628335 4.273441698065487 0.35649434532019353 79.75402154091562 2.49565302626219 1.0
877128 35.69327760587194 -3.459748497619939 1.8362057208597253 0.390193928457424 3.1625459056049294 0.36980301003007815 77.421558231325 1.1865151590087812 0.0
877468 35.852773520622186 -3.4573881154450268 2.841205044535116 0.4125217501268298 3.3776510474314025 0.3947459303209412 78.02594566576605 1.5023232017854682 0.0
877735 35.283462882994804 -3.4557021625570106 3.2905688436391496 0.44300827345686167 3.5336291809294864 0.42567104069430045 81.74549529797669 2.1734990109472005 0.0
877772 35.535259538824626 -3.4558948745576403 2.783910071559645 0.4039324705510994 4.031953663251498 0.3861832634906274 78.34733469015958 2.196134121288585 0.0
878221 36.16360161014873 -3.4537729125499155 2.8223847017652632 0.44981848698778293 4.665365117985186 0.3705601905315147 82.37494054122318 1.9990211556518929 0.0
878275 36.05174837354072 -3.4519533108812634 2.6467819790596323 0.40461812063470853 3.7449323970186676 0.3786732492084652 80.52337098898096 3.618723794998869 0.0
878323 35.40820709939303 -3.451592886991925 2.318856141357616 0.4074741413766252 2.852184686704862 0.3897455866852689 79.97057592387195 2.49565302626219 0.0
878431 35.39233246555546 -3.4508409755189784 2.6224256102870487 0.40591706416296186 3.346659357774313 0.38470786472142804 80.23430324238552 2.49565302626219 0.0
878552 35.76151268501295 -3.450382622581523 1.8410982392072666 0.41734776798535794 3.373641924753043 0.399416453261446 78.03795699982076 1.6517958940472355 0.0
878665 35.428389193746206 -3.449021463759742 2.5730520986749355 0.41604214928532146 2.9880539426784787 0.3986239848187575 79.85729646868654 1.0978192556613917 0.0
878926 35.359245037141285 -3.447337718642768 1.652592488149843 0.40173570849388085 2.9049607864831835 0.38165280568228416 80.9293960024319 2.129014037224402 0.0
879408 36.06621469466259 -3.4435747934257668 3.454179338910908 0.44510689498240763 4.582380993424656 0.409100783034416 81.2326114710733 1.6973901414407397 0.0
879428 35.01529579284186 -3.443361922802962 1.947411597446614 0.4577394917315854 2.961170093531226 0.3762303236032577 88.73983284663734 0.9663382763361805 0.0
879441 35.68848181340029 -3.4435688089749554 2.485144606444529 0.39828427887482604 3.9311230675878983 0.3824965116263104 78.3964487751233 1.1865151590087815 0.0
879477 35.96610220947213 -3.443043299354244 2.508098896538792 0.40567190064107544 3.681356455971681 0.37768470799825643 79.90113680868612 3.6454919677757966 0.0
879509 36.11934454058572 -3.4426637589504 1.6177102845522153 0.44421846286465194 2.8521064123049036 0.3771269798766678 82.17653575819898 1.7101848923340732 0.0
880167 35.41445641012721 -3.4380379871312803 1.7617030419286117 0.3983650079779234 2.661574183076312 0.3794525307169489 80.6802863018527 1.0978192556613917 0.0
880285 35.649101606698785 -3.4374397487197768 4.5462126033044115 0.40153712391336804 5.393423859135847 0.3833615174158783 78.83789868494641 2.0000878954744756 0.0
880425 35.68618468291525 -3.43618812603863 1.5842862869820544 0.39912815943720087 2.296345924956201 0.3826885509600445 78.84159575606094 1.1865151590087812 0.0
880510 35.32743255121234 -3.43601495806866 1.687073834732153 0.39058746439973757 3.067675030666661 0.3667293585187558 82.09619229575284 2.110146052605089 0.0
880576 35.96822989766535 -3.4359928795517902 6.217360728620952 0.40477941085438224 8.593126346138618 0.3789383968317608 80.3407556422004 1.7050180530907875 0.0
880844 35.09235782775299 -3.432995272522437 3.031101915854865 0.43859561386908363 3.496632187220031 0.39654046763190187 87.23810781866095 0.7513445069167288 0.0
881127 35.568842917886215 -3.4310555542817416 1.8499818310774112 0.4240946805907247 3.083207434244363 0.40880416910233697 79.58627387792532 1.1333108229746207 0.0
881445 35.82519934553692 -3.4296579617088168 6.83639639914574 0.405786208038681 9.26939257441209 0.38888837150068506 79.51994218590566 0.8241028272772474 0.0
882170 35.619993764306905 -3.4240438832904654 5.221787438407421 0.4627307095536789 6.66422402899642 0.4488160164356163 79.73950857565347 3.068532849146786 0.0
882823 36.15422621307752 -3.419171457249474 3.9652305388009923 0.5446043481313544 6.017011139974473 0.38833554243565854 84.15909289374945 2.5452846702420002 0.0
883072 35.59360671839576 -3.4172594112383488 2.9530694298357276 0.4987671775377128 4.409500285999474 0.48405793234044325 80.26725356512185 1.1333108229746207 0.0
883086 35.22035548493104 -3.4171124287531147 2.187801617395487 0.43162654228076913 3.6752584197772458 0.40383245547954366 85.17283321280482 1.1250123667992946 0.0
883553 35.20067813558641 -3.4136205023166752 2.1833724834957025 0.44804594544676934 3.526604836277186 0.40844889541405344 85.78096336765425 1.1857693190554124 0.0
883904 35.619856662790255 -3.412497391123788 8.854664414545812 0.4544743340129895 11.462717693906313 0.4395773350522469 80.43128161798477 1.8110059048231246 0.0
884048 36.109549321887584 -3.40997957512494 2.2065153688501016 0.45898479989781804 3.986392713486318 0.4103362017020948 83.88160769240872 1.7101848923340732 0.0
884240 35.744893702840194 -3.4088940319185914 2.8938693960965547 0.45063057230216014 4.981301500087964 0.43209095963887223 80.49345098890477 1.391905889496662 0.0
884503 35.75271337170991 -3.4068879945959907 2.3502745001645033 0.46844626392240535 3.692087139505794 0.45225478579211104 80.62725296904364 1.6517958940472353 0.0
884715 35.42129026714888 -3.405953578176131 5.953684387781943 0.42985355543241727 7.228662016324552 0.4123288929587393 82.47302170517123 1.0978192556613917 0.0
885150 35.83747259834592 -3.4020283491600787 2.1986651832344717 0.4333144943669092 3.410920245864703 0.4152879323310162 81.23729642631045 0.8241028272772475 0.0
885233 35.31860617614339 -3.401581985720578 2.142650549223503 0.409248214314133 3.0828655132478375 0.3907125886223596 84.22767519359738 0.853132620762799 0.0
885305 35.508627813688285 -3.400839540062326 1.7447714604297646 0.41159359473706425 3.12659079020269 0.39503514962441233 81.84180337368613 1.21725598348635 0.0
885333 35.31041793702185 -3.400643460384475 2.260299182462245 0.42268132630112376 3.7689035176121597 0.4025304483193824 84.41927557473086 0.853132620762799 0.0
885887 36.15956892871613 -3.397579910851696 6.820530362449155 0.5591158946741752 11.255319081149663 0.37502440977998697 85.48942683918577 0.0 0.0
886056 35.5371669289418 -3.3957165162064564 2.4034629126467966 0.4106606134640423 3.121846993215071 0.39184008070562454 81.9127008429508 1.21725598348635 0.0
886747 35.51520118746706 -3.3912224280779824 3.9982056833355317 0.42360730014152753 4.434649298181053 0.4053516234514494 82.35598466701896 1.21725598348635 0.0
887447 35.133844491542845 -3.3857138824718747 2.1316508780161194 0.4860517162616035 3.503020667482078 0.409713119060917 88.82321586323887 1.164654114990934 0.0
887970 36.11563847295245 -3.3816391288569383 2.32014548648249 0.5192569468753726 3.720965604539055 0.406798364581511 85.61558421514346 1.4201218715261366 0.0
888374 35.202892892661275 -3.3786914159196195 1.5259432197911353 0.43348714918357933 2.602925293200378 0.3798247485106352 87.69735567947622 1.1857693190554124 0.0
888826 35.45806563133643 -3.3763917843821343 7.127130450387439 0.44542388845553876 11.395922004482669 0.4214434311437742 83.7843385449554 1.9879719145521437 0.0
889054 35.080135613312585 -3.373953980590446 2.1268143488864317 0.5168035441231327 3.4161742077649953 0.40720037269094633 90.76121796137733 1.0237258324310141 0.0
889209 35.119596778151106 -3.372970930966725 2.805228795044887 0.5236905822755066 3.7199674678082864 0.4063088272754159 89.86028040279041 1.023725832431014 0.0
890304 36.00226578526587 -3.364942351336824 2.2465432394134903 0.4172607867266342 4.123540788980202 0.37655637791847424 84.92431708554435 1.23992050236376 0.0
890346 35.7494162503726 -3.365314864130612 8.184466294019733 0.43549799693345415 9.327265903115723 0.4111397851095774 83.11459173270966 0.650600877502501 0.0
890573 36.09212523348226 -3.362629947313735 2.1052130087735734 0.4910733632266753 3.195246279369354 0.4085825512541713 86.32658355294366 0.7209014761431973 0.0
890958 35.42759553839401 -3.3600322002832246 2.398903023664068 0.4170757139834842 3.541073997240859 0.3861991485894426 85.09345472868993 4.147051135487844 0.0
891156 35.238593074688474 -3.358575415660519 1.7026841443596963 0.421431006892303 3.1397411656583523 0.37014845797897855 88.12374229518713 0.6093638188971101 0.0
891366 35.681186658774195 -3.357072501816416 2.4950350833607318 0.399028541081517 2.9094622090935185 0.37428049909153177 83.59343827538972 1.3243677137239822 0.0
891400 35.4197086181067 -3.356923636431808 3.7155384259960313 0.422586315298128 5.097085913382276 0.39047776542248325 85.37107292049758 3.6957779986726615 0.0
891653 35.80860956507643 -3.354852218574833 1.602159739731229 0.4062570394651949 2.437547693492656 0.3755372728572698 83.91664716241345 0.650600877502501 0.0
892610 35.66563641375335 -3.348361914156685 3.4824902132481848 0.42275903174848056 5.412085396961312 0.3938580868240911 84.14018742670046 1.324367713723982 0.0
893065 35.46517628214582 -3.3446068051235622 1.7163181635195741 0.44898929048426883 2.9489309241786135 0.4101709322131465 85.58715689228433 2.211894699317569 0.0
893068 35.36525601497895 -3.345476046337492 2.4599007441077068 0.43855486638069363 3.4384805700026586 0.39497078044138745 86.76045152736727 1.8672047309539468 1.0
893380 35.663141459762365 -3.342893611193516 6.30021344427708 0.4488109609224236 8.655161386556768 0.4174268770017955 84.47294858265072 1.3882223553903108 0.0
893917 35.7247120377632 -3.338235144496194 2.709804381967616 0.4531020417408033 3.046748876319094 0.42455659741394625 84.71046753099327 0.650600877502501 0.0
893931 35.48652826882279 -3.3381519840640586 1.8749986055668235 0.4511071463914104 3.5084492273380428 0.40325549027307106 85.76020409920753 1.8794633299080536 0.0
894033 35.68562091230322 -3.337418787052997 1.7472646381997459 0.44238489698717615 3.2238129360281906 0.4099036942029343 84.76743085598612 1.3243952253207338 0.0
894264 36.05418669376129 -3.336229903456137 3.8936043059370706 0.664030111349266 6.493428183236023 0.430346665283932 87.29155375299041 29.939656630726926 1.0
894314 36.07306455827083 -3.3352464235608115 2.605309623510652 0.608191913896268 4.662910985327655 0.45232169659094645 87.62222303672087 5.959917373541676 1.0
894547 36.0879194201405 -3.333816151216116 3.1317079100343483 0.6704870574558564 4.649183036887826 0.4265571713631044 87.92984849090591 0.7209014761431973 1.0
894569 35.99901774497108 -3.3332241850646507 3.736135367426124 0.47965855061464796 4.6182172238264885 0.4211096414760911 86.7485826578293 8.24722369036444 1.0
894644 36.06714892338088 -3.332609490779237 4.238283913327486 0.6282767681785185 5.2666239355791005 0.4608971359615828 87.68853937924574 35.22349569193327 1.0
894658 35.36092912174817 -3.3328247250159304 3.0444423599711326 0.47206385929370365 5.090004198199183 0.43505672140079255 87.55940268364638 17.608835027015317 1.0
894666 35.354413809051046 -3.333218571826221 8.281970780210264 0.46705011381223954 9.01345922930453 0.43462772243650083 87.63033460926229 2.2883655169106243 1.0
894704 36.055632639559406 -3.3323928906729545 3.584146281524997 0.4241437489916473 4.8187531976323985 0.29521539877063274 87.53571000549161 80.24107274380013 1.0
894916 35.402673954301896 -3.3313366775526894 2.6740749730998465 0.49463055156482405 4.918108919425717 0.44311822027005254 87.08439524641943 5.080215966890347 1.0
920177 35.52781994830012 -3.1913233836421133 3.4805531520680293 0.6919860377500802 5.397515584328045 0.40668858703775707 94.15415106356818 0.0 0.0
921020 35.49997041292735 -3.1999304546972915 3.1172832273473565 0.7393733811556111 5.4843630570079505 0.41157661151386493 93.84992269769519 0.0 0.0
922790 35.526312689033766 -3.216546670016519 6.413137803084429 0.5737370917816516 9.64542279181404 0.4162738306291322 92.66174541030264 2.6875375390991287 0.0
924921 35.645347575028126 -3.232067384559664 2.3565516466035508 0.5614571766768246 3.933084163613218 0.4046235794443035 91.15812589458399 0.0 0.0
924943 35.14259388863741 -3.235504832956638 3.4485288849441895 0.7622392722217258 5.176835831824038 0.5026873132006551 97.00843033996954 0.0 0.0
925418 35.52840803732981 -3.240811264014601 2.177745843364078 0.5634707121920268 3.347698657630707 0.41780305455924444 91.20126839799946 1.4281775621357689 0.0
925471 35.30424260927825 -3.239457342012352 6.152820446966475 0.5262849234481426 7.11771680269828 0.43180049715375457 93.82990089389958 0.0 0.0
925945 35.349962601013004 -3.240401531734245 1.7432122343825858 0.5110282949968187 3.254274109428618 0.420262159943361 93.10402518279255 0.0 0.0
925957 35.832436405176104 -3.23795954365629 2.4527607927710435 0.5539552929976581 3.1947733178185445 0.4589902150297872 91.01791186919043 0.9721351437807886 0.0
926009 35.36554333542752 -3.244001072104879 2.788981460724221 0.522294797905621 3.3854429416409455 0.43678121693691957 92.68203283496943 1.532211496516568 0.0
926537 35.91424753400892 -3.248200657113304 3.4618180363066022 0.7595235114099849 6.152429811666915 0.48816790928096093 90.93341973662986 1.1576682575053159 0.0
926795 35.51830850210612 -3.2495489138363016 3.6448975296962955 0.5099779456740732 5.910149547837815 0.42063876110344506 90.75519533254065 1.4281775621357689 0.0
927423 35.5692390749785 -3.257235476249694 3.243328005537065 0.48938464680139343 3.6558939778401505 0.4155387695522487 89.96122850748039 1.0859181880090134 0.0
927606 35.86748163920814 -3.2562677886836524 4.073533300772186 0.5554523630151121 6.5116685127021805 0.43553800766425665 90.11820438147403 0.9721351437807887 0.0
929053 35.65825431194228 -3.2693920960965075 2.008713657966045 0.4834286140780451 3.302701375632759 0.4070204336585705 88.89044323631435 1.371665209928882 0.0
930191 35.942155343250185 -3.276778025368144 2.385425138910226 0.6145286252348922 4.063304218010516 0.4143577838231767 89.47873201742406 1.5301861468438511 0.0
930467 35.204630529451386 -3.280850814797197 3.4535976588229316 0.5165601063494067 4.143085722474849 0.4167876974604851 93.19394893856051 1.0090866216902015 0.0
930695 35.19243725522491 -3.2742248677508154 3.488579077524696 0.4956565843317586 4.239416092665996 0.39049979275950697 93.80855855280511 1.112126025779691 0.0
931422 35.39185251561739 -3.286409918145391 6.245526159914354 0.4647151416036013 8.932075954354453 0.4056345623854181 89.85610860965416 1.532211496516568 0.0
931664 35.691446625064344 -3.2861330096938524 4.428934714458886 0.49312625767289064 7.299385238875539 0.4229838068736923 87.83903860088783 1.4245252071305088 0.0
931856 35.92588881627921 -3.2910242644797587 5.163013631797906 0.4756614814026846 5.805335982354194 0.4149376405780712 88.48701287833882 2.8628972773919417 0.0
931929 35.88019697631561 -3.2920861145557865 2.3939882661781864 0.4633337466303135 3.545387929641411 0.4042748439706048 88.06593673935686 1.2092655484453332 0.0
932047 35.36624926736723 -3.2913316530648165 1.9687273188783996 0.4782209555196753 3.397118535313855 0.41236896945151824 89.90576134488768 1.5418977043198878 0.0
932398 35.41545965957434 -3.2961964819568355 4.460645331457713 0.467709252709556 5.411908588904935 0.3926604424609572 88.99169086587916 4.132518674257566 1.0
932818 35.455420933196585 -3.298753076607622 3.2672310089850884 0.48939264760969303 5.302408781139548 0.4256260743537124 88.39784788065097 3.054240065406602 0.0
932880 35.32813394033602 -3.2984085366537736 1.7475571081930035 0.48373934491864035 3.2147788731350664 0.399862322661117 90.04425756285225 1.5418977043198878 0.0
932924 35.09194667597254 -3.299762805944504 6.2235846484680275 0.5899534791406843 6.923465526508823 0.40827899392237826 94.5504686043805 0.6676256654868209 0.0
933166 35.13313768426133 -3.3002823477055254 2.2789468150707766 0.5980670076011905 3.8833277980977767 0.43426545009598577 93.58449538723602 1.0751172115484133 0.0
933210 35.574206562956824 -3.3016686046831865 5.032104578505912 0.44044803532836485 5.990797135515808 0.38434199175851486 87.27910694326644 0.6624365830208689 0.0
934735 36.074650680742685 -3.3120375068125547 4.677235016345051 0.6353974575392539 5.317816314027433 0.4803520723137833 88.99523365330278 0.3125202721337661 1.0
934997 35.42715276096944 -3.314595751847306 4.28841991889148 0.4739812588738692 5.4077495477287725 0.42334488207632565 87.77218895668419 4.030764696767574 1.0
935321 36.05355440863422 -3.3185163033487943 3.9677978470321116 0.6256184423402916 5.8231387118808176 0.4436199039212707 88.31594036218289 22.391814218965095 1.0
935374 36.04971662652328 -3.3176899986756188 4.001952282885181 0.606493702884556 5.064463261492635 0.44233054037889097 88.31099462865764 6.379595045881732 1.0
935770 35.97321842266445 -3.315317990226198 2.5445427204593623 0.539871145829222 3.3623670960079224 0.4259529574566932 87.51057282339485 3.5094803305743096 0.0
935866 36.043091982099455 -3.3205622002098867 2.951360469465804 0.6165732640708298 4.523884784672407 0.4498954388285537 88.0526820392734 4.256357439559417 1.0
936161 35.39303352653262 -3.316679151866804 2.1667399102046976 0.48792482253646596 3.97418466971863 0.41038032083741266 88.0667169260706 5.718108609961034 1.0
936408 35.35759482693815 -3.3251432873957696 3.506139764189142 0.5035045960619777 4.713882722055632 0.44642604115979273 88.05465378317606 7.187089161618739 1.0
936451 36.05324250607351 -3.3266412075182075 14.930917303910261 0.8671219025320223 19.6959063946618 0.4706139357974063 87.83752547164326 75.8738362029091 1.0
936466 35.18449457639477 -3.32479369108088 1.8489709862675905 0.48149319844784877 2.47872315884697 0.40754210951241343 91.11283234080574 1.0090866216902015 0.0
936529 36.07378580775081 -3.3249487443817265 4.616881770475661 0.6835670755114819 6.773030417665702 0.4889824787306966 88.23159103596846 22.976057376778066 1.0
936743 36.0461697296772 -3.32375454743595 16.756150151033648 0.9133775551670893 26.834619154054902 0.4633308896488657 87.9080926761341 22.36149210186365 1.0
937071 35.48168320312867 -3.329486317308654 3.1290530265628047 0.47557143330861773 4.288814606042331 0.4236430614964039 86.31925961654248 2.211894699317569 0.0
937470 36.00360433882548 -3.331749468947037 6.467977031870603 0.5006519274829376 8.760225890557903 0.4216168411703181 86.89039091524309 4.624045427613341 1.0
938109 35.983432093932215 -3.313967878285025 4.720845137844435 0.5198810308166794 5.565270239431221 0.43127484311864317 87.70226445824888 2.537735478160479 1.0
938118 36.05801988945913 -3.325274579546445 7.011184791829212 0.7420262286535062 8.284628794657804 0.46221370216013646 87.98450373510687 43.89682055320149 1.0
948542 36.72738469872248 -4.549935064758564 3.0953939295301796 0.3844722161038717 3.5613695361873465 0.37223175415576365 62.014979995129785 0.9870642122153144 0.0
948560 37.74645109749856 -4.541360223022165 3.339959069137842 0.8858037675805136 5.814969627151002 0.8292133007425617 122.4272190437936 2.6573330077169137 0.0
948588 37.73950701640423 -4.531226899889039 3.2931439793102633 0.8431540573702843 5.89012400952742 0.7922715595507243 122.07886520060944 2.164136618765465 0.0
948610 37.61453601968143 -4.518285463981302 3.353008516661322 0.5333733715987886 4.718071415416249 0.5086031542182451 114.74386272478608 4.289006154359278 0.0
948679 37.20698747505825 -4.485968361076427 1.647324436857559 0.39449040252213013 2.721198648238321 0.3809721499177485 90.91837552963958 4.549851825577173 1.0
948685 37.50825425128345 -4.48100916576935 2.4801643286815054 0.5313080941220077 4.616983803458196 0.5131347354944467 108.74952759533664 0.9775604792731065 0.0
948692 37.30489092563626 -4.474640015328986 2.1117273726882604 0.4202657226624294 3.706942699742676 0.40723136935333 96.80374811819838 3.0464355837281123 0.0
948711 37.77864711633404 -4.463959058335745 3.851386409750364 0.850839962750372 5.988262334182555 0.7524812748130928 124.90237666236612 1.0791970850963373 0.0
948742 36.45580560972216 -4.44991096547587 1.738072921456352 0.38295286525744127 2.833568271768785 0.3668783745587715 48.10116571044464 0.9721396720078906 0.0
948855 36.94482307887159 -4.39723643574074 1.9121070251868086 0.40785481938723356 2.966574894804615 0.39630024810280484 76.82647077328232 0.7389022550880964 0.0
949449 37.25814333442936 -4.362165176092847 2.4432140233494364 0.4183731321758649 4.248266256762982 0.40183636619306556 95.47412627904623 2.703842435044319 0.0
949849 36.93317646811828 -4.358701386305216 2.6649727654349924 0.3903376950662164 4.25820222491869 0.3790516737016306 76.83363885502098 0.7389022550880965 0.0
950077 37.49852738407037 -4.355732005591567 4.795505424582054 0.5148429860231145 5.272051574559772 0.5000506446424201 109.55722643317917 0.8604812705871814 0.0
950095 37.52099769658943 -4.355469520620814 2.0972946783862145 0.5013803711731469 3.7950302230929878 0.4841855472386349 110.87324345445406 3.5165607668239978 0.0
950149 37.40865367067611 -4.355262739278181 2.472716565569192 0.4706547576966258 3.557519909109845 0.45795017847315844 104.32151703887047 1.037942985098729 0.0
950351 37.526662794861146 -4.3531292686204575 3.6631081425167276 0.5142247095773081 4.020665297639561 0.49858505319509794 111.23443126700889 2.806888951850357 0.0
950498 37.25644133565899 -4.353483627816684 4.595763613629372 0.41895846047845403 5.1771050036723665 0.404572747128095 95.50436072946499 2.303731433386603 0.0
950557 36.60532084719976 -4.353468663924629 1.8047837982654513 0.3775115257787541 3.02683181711829 0.36507333926946334 58.59714386798817 1.109341068503628 0.0
950608 36.87232218042517 -4.352281372779661 1.771333555749422 0.38301791136478336 3.199436169867853 0.36832053893862365 73.50088142114515 2.747665988926881 0.0
950850 37.77954078964415 -4.348025605748176 4.2668835004868235 0.8492952707486334 6.207151997203271 0.7347657521767762 126.10881210508198 0.0 0.0
951308 37.2900482328412 -4.345368689437284 2.1407336552122773 0.4644725108000081 3.9536450988193304 0.4491434336462674 97.5728465522248 1.5248698042092215 0.0
951320 36.855023890863286 -4.347763421641029 8.897769297815344 0.4120853858626253 15.715282964890088 0.39909234199309906 72.61292973415063 2.7476659889268813 0.0
951616 37.35665651341502 -4.342724540871138 2.4900686187271117 0.4366642598243781 2.9749166436519863 0.42168693819766945 101.47456203429356 1.3257179697739314 0.0
951908 36.92123913073119 -4.34197910921661 3.481749369074458 0.3780244796366983 5.7078005547538 0.3636716565675192 76.47018926667496 1.1744184349166302 0.0
951934 36.72715004299367 -4.341060425247548 2.751049097144011 0.3618898586103899 3.6807408508378874 0.34790208155794244 65.59850040703117 0.4393707015843452 0.0
952107 37.68511161773255 -4.338280589776723 6.429651675550083 0.6775300524990895 11.191143281936405 0.6409044328229172 120.68911099704732 3.0644039062689035 0.0
952736 37.54488535640078 -4.332900297470194 4.942412476000211 0.5002968117090746 5.4745921097048615 0.48269308465024446 112.56440309323455 2.315170518715624 0.0
952782 37.17255149733658 -4.333266494528644 2.274774605377915 0.4349782873291564 3.4253210778815895 0.4226059349057031 90.98068677398888 0.8192320144790292 0.0
953700 37.14859391706119 -4.32600064229817 3.7257599575802938 0.4077551821685289 6.534407686327851 0.39380373676426095 89.72683027866144 0.819232014479029 0.0
954356 36.79485974171266 -4.320883855587132 2.1177232838126314 0.36965707961149996 3.958752273197817 0.3556434012963593 69.80907255738951 1.6668843181258794 0.0
954423 36.609082153999765 -4.320836437541673 2.6740206414575223 0.38482755621942094 4.706076093841391 0.36705467613373743 59.622964025981396 1.4603637158476834 0.0
954620 37.41824129131197 -4.317376982241385 4.4916855972865415 0.48382872819065353 5.6318357100314556 0.4712600495296778 105.41921370464058 1.3996594190759928 0.0
954700 37.54769911028605 -4.317070705901956 6.5408177150717695 0.5270333311453403 9.091462891926977 0.5093073751815448 112.94429519040874 1.858264427278828 0.0
955173 36.82340519851724 -4.313734293951191 2.697104130355482 0.4175826915377877 3.7006031179587207 0.4074969866230254 71.55495336806393 2.5772419663391655 0.0
955518 36.7276274186034 -4.310872391031663 2.6009278594359713 0.3869506054384678 2.94901380295504 0.374494353960972 66.32462555325036 0.4393707015843452 0.0
956269 36.81537734912828 -4.304104308396688 1.8685503604982197 0.40395800060585324 3.470789571767289 0.3914062747723001 71.32340852370723 2.577241966339165 0.0
956414 37.06633991825219 -4.304579331867572 4.344585484363075 0.4132795916371401 6.514451397839538 0.399413847184365 85.41491616128398 0.672040274451364 0.0
956422 36.55966235239028 -4.303102602027888 2.0174228360555757 0.39711453386157797 3.476991206432258 0.3809731444630656 57.460552075768874 2.6944870196566484 0.0
956527 36.817695053988736 -4.301643413290357 2.4235476724473237 0.4004668622761007 3.006737397335933 0.38795822299284555 71.50745287347846 2.577241966339165 0.0
956549 37.21437504592754 -4.301340574073068 6.109378247076884 0.4151711255752799 7.998535862808485 0.399371615843399 93.9213033105212 2.083618388229583 0.0
956708 36.77469707899969 -4.300130103785127 2.9123669812847415 0.38307492669260934 3.7433405719860935 0.37165940253451224 69.16677532040985 2.2125092130766504 0.0
956779 37.309050553719786 -4.298322768743871 3.8716955776511974 0.46563944271823937 4.16332287792772 0.4537680877883964 99.40917638817403 1.3799410294389822 0.0
956804 37.64466187956872 -4.2971884533174025 3.7824837576548895 0.7269829099774363 5.970378015104917 0.7024533431735593 118.86438350117632 1.9725874562488712 0.0
956882 37.22800145998994 -4.298653212163199 7.841644036844059 0.42458049591002145 9.320456030319312 0.4118196673388663 94.74854824006266 3.4354843243940545 0.0
956983 37.09708814036803 -4.297339746829965 5.110591442812433 0.41318373954443427 5.609684699455829 0.4010075784287962 87.2981553658776 2.302590941848777 0.0
957104 37.25478114266905 -4.296374100861736 6.29530757323778 0.4221514468667693 10.012434877465445 0.4079652977536023 96.3232739080386 1.5934946582719327 0.0
957416 37.689336018158045 -4.291747913678442 3.759127413407426 0.7621508153944072 4.7785591090785084 0.711491089567858 121.54112740934768 1.6770614990491475 0.0
957858 36.85086357249461 -4.2901660646173925 4.916267168838451 0.39564741016475474 5.808021254710427 0.38512625520233706 73.60525116012195 1.5748116190812482 0.0
958154 36.63533527507535 -4.28748118126376 2.0952378113303567 0.38702972072457786 3.503054371517825 0.3727281427740434 61.91492431760483 1.6057969249366173 0.0
958207 37.16463429662108 -4.286286087150045 2.2748189639408096 0.44055202232318713 2.7029596079975744 0.42880060775345225 91.34689383317153 2.3221666126987732 0.0
958606 37.68770567140111 -4.281299087775592 5.1034984284894875 0.7387145062880073 5.983647367648516 0.6995120674856967 121.59042507583104 3.868608835553964 0.0
958610 37.42180052646231 -4.282281784170086 7.072248216725051 0.5327070798896709 9.0738415748332 0.517400966554788 106.16501121634602 1.6868347654743994 0.0
958781 36.63510909579985 -4.282071613855538 3.851628323690002 0.3849824552242608 4.733205079991809 0.37230233003826774 62.04919726476567 2.2936795352324 0.0
958842 37.09451084242214 -4.281448481282212 8.94138563522296 0.42561376149300423 14.848428978607823 0.41280445137787714 87.45433871080402 5.212017214601006 0.0
959497 37.55750147545899 -4.273766388002377 2.4582479571306948 0.5687569465252215 4.1683099701679165 0.5501225941209893 114.14069365459274 2.7478789578239384 0.0
959517 36.78277561675541 -4.2752971336766645 3.693819029670529 0.3883121578012198 3.9814577427877405 0.37736656400181223 70.20408303794261 2.54412588825476 0.0
959747 37.19598912606837 -4.273578385317659 6.628180417478463 0.5023038141979759 12.054504388229924 0.490797312133129 93.3663111165143 2.2182321967601912 0.0
960300 37.54003249506355 -4.267468898270661 2.414140056491337 0.5593928963458035 4.4443437207472405 0.5422141355167781 113.22585796773214 5.34769397435127 1.0
960339 37.1209871960539 -4.267260192947747 2.9422803628079985 0.4406845341664248 4.927073272059113 0.4281787867114268 89.22884712672716 1.301601065932261 0.0
960392 36.55749770934446 -4.268041721621079 5.012295528768298 0.4086321643043499 5.408825498421853 0.3948306600567083 58.360375972469996 2.6944870196566484 1.0
960652 37.64743416052339 -4.26291927950695 4.662244087440007 0.7845181653806479 8.471490046615859 0.7577559564074913 119.51452679806542 2.1403708007114015 0.0
960770 36.55541975592258 -4.264286715455985 2.8201637347320805 0.41222660702887187 5.085865324191951 0.39574019937547633 58.36473008816008 12.11831216302274 1.0
960864 37.06805287697863 -4.262677057241947 2.5984665992036673 0.4337937944379134 4.125136113338891 0.4209825606855699 86.33318871170218 1.5899208838772108 0.0
961088 36.5583763102785 -4.262117838445723 3.1358940249441436 0.41060946139686477 4.824044454982082 0.3956191319006225 58.582998300653756 5.392164606292927 1.0
961211 37.5233899582198 -4.259180982200812 3.139340492818093 0.5746031839010798 5.597322685339045 0.5575583121844613 112.39363685473877 3.827797490060517 1.0
961349 36.88582649234406 -4.259217158025308 3.5043533582070236 0.3881176849022143 4.765882984399068 0.37647343468077676 76.24719698609287 1.3488861682698485 0.0
961531 37.38212514207214 -4.255473596812322 2.045038965236325 0.46792383431371865 3.648122987499773 0.4551093242360664 104.32596431259253 1.379844856823942 0.0
961539 37.56471899532924 -4.255108693061105 5.0810374512900225 0.5758581470217041 6.365432134760377 0.5595258543368368 114.84439681085446 2.856790138684895 1.0
961644 36.61458078605355 -4.25589756027093 1.9649170131759355 0.39082321228931155 3.1654311920749394 0.377390746187023 61.69665192644619 1.7371056293595 0.0
961684 36.773797243434174 -4.255644636434982 3.150679009298521 0.37413758715275186 3.658184194695415 0.3624676121210946 70.20434440144106 5.513133981930171 0.0
961825 37.5172195838757 -4.252793265227171 5.595362473354006 0.5702680753591779 6.642315853235724 0.5553578162090556 112.13929528670704 15.249420392058681 1.0
961966 37.693916922811454 -4.250780675207463 4.2299912102982535 0.8068045442972803 6.965282473592682 0.7593184423532094 122.38949351497945 0.4898821964934204 0.0
962234 36.79321550889091 -4.250295715594929 2.6552000960951045 0.3726381417019758 2.9677712959861022 0.36056188832718056 71.39316812196137 8.094367249286321 0.0
962273 36.77285024298708 -4.25080122738367 8.689366608682283 0.3814950914014163 9.664856944010863 0.3705009506238753 70.27655950071461 9.463461667435045 0.0
962332 36.625885528726336 -4.249642023257543 2.7187283081756224 0.38343989668439543 3.5360483203258597 0.3699237091548146 62.470215750300476 1.7371056293594997 0.0
962338 37.50751090994631 -4.2483077740445 3.7677830886423975 0.5566819174042102 5.400473527858722 0.5391099109457071 111.65217715038393 1.9532014516200333 1.0
962339 37.30489448632267 -4.248771667172012 5.451093029786886 0.4359050388958057 6.378214344273646 0.42247023472243334 100.02643512168169 1.2794211555314086 0.0
962485 36.61330318680418 -4.248114030480235 1.6944040941569984 0.37806386061348973 2.5536225508545805 0.36415540156801735 61.855897026074835 1.7371056293595002 0.0
962645 36.73439286422911 -4.2467705978225 4.7607017440207136 0.3741004248644851 5.249217550778857 0.3617447710593576 68.30937122335641 1.4385235308788527 0.0
962760 37.02070112179213 -4.2455273157109445 5.8461924565067935 0.41602723304445677 10.489273313261362 0.40380998612237906 84.0397102643452 0.9395734856707725 0.0
962763 37.536669436764825 -4.243640325173662 2.316097779129328 0.558305339029614 3.974250512302125 0.5385355702338214 113.40771895807286 3.8601576998088096 1.0
963173 36.77140236699919 -4.243219415096517 17.46467961356965 0.4076488775333548 21.76477429734628 0.3945301139871254 70.39381794151308 2.7193328761943536 0.0
963183 37.177695767380094 -4.240686276873174 3.2275376003283465 0.49039101392145085 4.587485405177262 0.4786645315031897 92.95708367240212 1.4960305866989303 0.0
963543 36.59892575366887 -4.237952680972806 3.9697009463314386 0.40557851160397446 4.512054668125225 0.3919645830453237 61.40919394016246 3.3619834598484637 1.0
963630 37.33362756307367 -4.235520268921164 5.060017367662505 0.48705268582660466 6.1646535103145945 0.4757240846030914 101.90574103706263 1.2034569265386876 0.0
963985 37.4185546030246 -4.231838426408025 2.195173039945958 0.5684778317229751 2.799258576341208 0.5563294501488733 106.82243440537397 3.750712979098726 0.0
964193 37.655595255531146 -4.229064045968392 4.357947661136274 1.0460782487867863 8.094887413131385 1.0162736919828637 120.50134328349708 3.3939836980728724 0.0
964294 37.41524155756629 -4.228397546603463 4.592947300718856 0.5750318738967682 5.799133242638873 0.5616484442624012 106.69345836826301 3.7507129790987266 0.0
964317 36.8852885694571 -4.230580413031559 9.342914336980424 0.4100689348879795 16.91703443183362 0.3980625271522297 76.89892621186385 3.015518261622195 0.0
964644 36.92150499806248 -4.225780789502833 2.4669168100911167 0.38361370220239077 2.6814758636597125 0.3708510674105144 78.9986696168832 2.711709770489894 0.0
964729 36.953672398344025 -4.226246742185496 4.645399068218759 0.4181476610030421 8.09952917713647 0.4041527359066691 80.75643325186851 0.9113554991430922 0.0
964735 37.568266600301314 -4.223360040437405 4.164978519618143 0.6224550546706017 5.010909390441311 0.6024428790464683 115.55798003505801 4.031404114743457 0.0
965022 36.60426039362427 -4.223050497467693 4.835851770656993 0.3837500802084723 5.954676630910833 0.3705232910584988 62.13631330725124 11.244134425445672 1.0
965164 37.67661971502061 -4.218979756000356 3.2075304795238258 0.9015813356035689 4.759624071290835 0.8531551835454814 121.8738770443896 3.4295390307931557 0.0
965582 37.60981696646333 -4.216227641865984 3.2336583821425346 0.6277646854599681 5.556475880377029 0.5953224871010422 118.0664753721826 1.952536710258236 0.0
965685 36.60882374522168 -4.217017559051946 7.117970411754146 0.35337762404976875 8.269685751268028 0.33755076180979426 62.555906837474794 4.058077199814844 1.0
966049 37.41402730889223 -4.211197832102725 2.387762136230407 0.47369696927117033 4.149398230525171 0.45613255481858633 106.93260247621673 2.1737105557877268 0.0
966192 36.55444081309256 -4.211727122910364 4.245397914398374 0.36569682389664254 6.213071936115917 0.35014227646725665 59.953787236032824 4.819965751285618 0.0
966317 37.0364827016735 -4.209722091419679 5.864488498928216 0.41625276775837067 6.866872214463337 0.40266989646509715 85.71200890054853 0.7576910265230219 0.0
966451 36.92141738796403 -4.208659642520802 2.9845427372713864 0.39808742201168146 4.565674105497456 0.3853736023062068 79.40924277159222 2.711709770489894 0.0
966585 36.87272879190622 -4.207035503409879 2.656453840181127 0.4159890689318355 3.536643942465781 0.4032305161351078 76.80222586762798 1.6608969536524252 0.0
966753 37.56874530009207 -4.204687371850384 8.155999368155198 0.5620813509413451 9.611780454711758 0.5382318379357226 115.89814882139457 1.6425964160501034 0.0
966949 36.90454975599699 -4.205222874266941 14.88106203638828 0.4070192529220501 20.980148949533643 0.3934981166718101 78.5753319258422 5.359523717904488 0.0
967024 36.55066174016831 -4.20469721565517 9.70166700003571 0.3784513460090392 11.792008885779941 0.36230157830565257 59.992649834638996 1.7220066958234446 0.0
967141 36.59682714887658 -4.203267198439647 5.690757363169364 0.36059597599902893 6.660588781687276 0.34485363440340683 62.370619886919506 2.964988830863154 0.0
967336 36.55694912937796 -4.201016775131928 3.3760265313259055 0.35527002275365954 4.5396389350208155 0.33781501618405513 60.42842727959466 2.2622476924614308 0.0
967400 37.04935287094664 -4.19937409392586 1.632053561863249 0.3898604169741003 2.6028665413566445 0.3775081301607024 86.66047050239766 0.7576910265230219 0.0
967666 37.1882422188635 -4.196968031745818 3.3355845431429696 0.43431384503797454 4.569896134543702 0.4207165198132394 94.44488925579925 2.2412457571204873 0.0
967854 37.33037671076678 -4.194683478791206 1.8421657178476452 0.5078284667918643 2.6049655845009507 0.49329617170367174 102.49310323027679 1.2034569265386876 0.0
968248 36.78127761753236 -4.192961537085577 4.759608232235784 0.38745501295707463 7.148788055980738 0.3753945371867567 72.27304880834853 1.1914754385280117 0.0
968287 37.19296032618779 -4.191112353389722 2.055057075468225 0.4351177418832619 3.796707229090222 0.42096003607588756 94.83316193377516 3.7922204857724435 0.0
968511 37.64032739290974 -4.187829515119626 4.025092129351113 0.8827734371510737 7.463868300323027 0.8460390736701705 120.29281246397548 4.572840693449379 0.0
968751 36.72738285462873 -4.18756064976938 1.7102699466785243 0.3785482122559156 2.5591676935227183 0.3633267427262891 69.58741804551615 1.9500357456557569 0.0
969077 36.837622687612814 -4.18450670124743 2.754872847625762 0.3758948523562964 2.9722585371169155 0.3630426526982034 75.50448339327129 1.5898043111113127 0.0
969160 36.72769157974841 -4.184001986388993 1.739449722107862 0.37337901754184083 2.634213504702017 0.359325143599079 69.7074675174301 1.9464775095832145 0.0
969245 36.94561494232002 -4.182891372580254 1.2155057155817435 0.38415220818516843 2.03985056965694 0.37095995170523355 81.36770944669857 0.9372229026691079 0.0
969356 36.69127053554886 -4.182855386247172 4.527395161291734 0.38712523408021515 8.038723413147789 0.37410194137209635 67.8476995088266 3.1664945579299837 0.0
969373 36.886555396114254 -4.182785931638317 3.271211308266756 0.3859998079832647 5.678249114055952 0.37281494447922126 78.17536754384179 1.1906080644926076 0.0
969573 37.63554292712964 -4.17842449007109 3.228294467732183 0.8762721270227158 6.0404474161974235 0.8480512414392753 120.17863246838014 4.264674004941765 0.0
969607 37.15471230084459 -4.179248373660161 1.9297304602937615 0.42884541621023864 3.3860846075455484 0.4161268773497743 92.95712527055296 2.111220422600564 0.0
970393 36.653286601652255 -4.173218065862203 2.2072564892864173 0.3504923288624066 3.890499851147176 0.3357618418381247 66.19266691979804 1.7288952832133009 0.0
970419 37.41122222351585 -4.172435297107565 6.077184999336663 0.49376818473159273 8.521950329205753 0.47905049796501 107.50220550485957 2.065986040077485 0.0
970427 36.69488630523498 -4.172940563021153 1.5689564759689516 0.39018487399329543 2.837715894091306 0.3777321607021373 68.3347223481631 1.6847122593988597 0.0
970599 36.70468571110344 -4.171125444247565 3.7888557910841922 0.401023700597181 4.212375786806355 0.3883690899226056 68.89563175281003 1.68471225939886 0.0
971388 37.44895184566237 -4.163073348719487 16.710037596967577 0.5137548417314167 18.45791295966206 0.49882721577106454 109.82049715711531 3.28100826866474 0.0
971484 37.23762710233154 -4.16172526836251 2.956366807999638 0.41664543929064685 3.333769866289337 0.40110726317933193 97.96007419637291 1.972323677870854 0.0
971722 37.33226227480326 -4.159625164381136 1.9162733412777906 0.4947555864798713 3.4264819332767424 0.4836730340939636 103.30416735889742 0.9748534648239355 0.0
971741 37.65794204619656 -4.158655264345872 5.929854621546024 0.7822916854434837 6.702672230081112 0.7016409469895166 121.805071152875 0.0 0.0
971945 37.24223685168541 -4.157929601149768 1.7482623144928675 0.42988694671924504 2.5052246605723063 0.41665214461726235 98.29963883252293 1.972323677870854 0.0
972037 36.95463512477026 -4.15848439902963 3.7703219418269422 0.3971005208208531 6.777254472637596 0.3840767152126781 82.47871297304219 0.9372229026691079 0.0
972097 36.807333751593845 -4.157482244086904 3.4012020647159393 0.40395929575208683 4.648607950266952 0.39168408443088315 74.64989623561326 1.5193705480175272 0.0
972706 37.172649817361005 -4.151468870482111 3.9497189470049276 0.4393488748742382 5.2446463258212646 0.4266439730682822 94.57721371225136 2.111220422600564 0.0
972743 37.32869920990131 -4.150644344364024 2.625090945693174 0.5587684253583218 4.473820478458775 0.545248511696827 103.29088662671971 0.9748534648239355 0.0
972936 37.13843829835968 -4.1493308443942905 2.0456533732322364 0.43358340090778463 3.820799997310003 0.42071049728881904 92.73714096320776 0.8524547674749808 0.0
972946 36.627561694389904 -4.150187553456887 2.401465221037307 0.3794905119075286 4.459603268975439 0.3628260996641528 65.63401946551595 3.2591299460375476 0.0
973002 37.22253034693828 -4.148474792291348 2.4484166004083434 0.44520553834790544 3.585514333861218 0.4320302739570218 97.41071379877499 1.972323677870854 0.0
973551 37.44685705203992 -4.144716555954119 13.66274033941113 0.5426991474712698 18.707936127135085 0.5277865981163768 110.06151863155479 1.9109749038628985 0.0
973905 37.4252800130405 -4.141230657638053 7.41102479247321 0.4989114708830279 10.269534050694741 0.4838521351298222 108.91411435124658 3.5937251522114075 0.0
973910 36.75887639896774 -4.14110660654374 3.0529399853794574 0.3937497133575976 3.4486717127022324 0.3794272158551269 72.60427621256186 1.3067764383976008 0.0
974193 36.795561260333976 -4.13850639313536 2.6509867232766178 0.4004932063126555 3.089706972066822 0.3854883433677935 74.58557785935572 1.988642083599336 0.0
974337 37.3915124907789 -4.137113377499015 15.2115549705201 0.5012441022605315 17.62838481165661 0.48351934000745633 107.09812243201588 1.67547874156939 0.0
974362 37.28646556044963 -4.1360554142870045 1.8701519468089054 0.4426440210536641 3.3423412814349405 0.4294416658803616 101.24245813389804 0.9089131329037431 0.0
974510 37.12345353441216 -4.134919084494395 1.6172060132414217 0.40773078381983163 2.886163695814495 0.3949601259142401 92.25512380358361 0.8524547674749808 0.0
974715 37.34688863023541 -4.132599260113889 3.4099253414062156 0.47577693731443826 3.578947756317383 0.46237165069050035 104.69086083497471 2.247949818171362 0.0
974894 36.80426301393461 -4.13221958311643 1.5632164760886809 0.39046787192426574 2.788062666608752 0.37764639037728837 75.22460244992332 1.988642083599336 0.0
975210 37.03756035655995 -4.128867703062278 1.7420546941384896 0.4030124694292888 2.9533198158280665 0.38793893986419686 87.72410903895536 1.0271166357864292 0.0
975417 36.59554540617973 -4.129288240472241 8.715762347880148 0.37741462864643577 11.279299594671151 0.3616979905944411 64.75462085528157 1.5855213659887606 0.0
975431 37.56160844194339 -4.125611307566197 4.651428932015207 0.6162671144275021 5.081388028514308 0.592863750067043 116.92693353471891 2.295179876068409 0.0
975550 37.560799348391015 -4.124639324081599 3.663097303814521 0.6587965445327923 4.251081740885734 0.6369154773134887 116.89985943328185 2.2884534995104864 0.0
975628 37.24673590888754 -4.124750122309825 1.9681171469088383 0.45660515652227673 3.6478130208759363 0.4430851332207523 99.28746923315742 0.9002339789379453 0.0
975753 36.98933362343137 -4.124816134802198 4.734661352181159 0.41703732458385384 6.356574235310926 0.4035101675442781 85.22820182241628 1.3482259800051928 0.0
976230 36.74679718708517 -4.119908081853551 3.2059229075237305 0.397969114612116 4.521800935970445 0.38341733166742537 72.6353326987885 1.3067764383976008 0.0
976462 37.02847063788461 -4.118518995800475 9.34161728412934 0.4228614600656447 17.260618529139716 0.4093072801102602 87.49974058855094 1.0271166357864292 0.0
977125 37.14450672888931 -4.111102214159202 4.187846385566098 0.43624833675628194 4.317971820026974 0.42368668335906323 93.9856938604306 0.6790088474262286 0.0
977307 36.60666605418803 -4.110013140132749 1.3029026192968425 0.38219332852917076 2.293169365630815 0.3634871315761811 65.96693039498902 1.5855213659887606 0.0
977392 36.64682992228192 -4.109487558860906 1.6046476685120359 0.37557622222167386 3.002444276717017 0.35806106729226245 67.95278821315617 1.4845008205508041 0.0
978198 37.04436023708298 -4.100842536511548 2.194208929557289 0.40876516071440755 2.411659126362762 0.39657687904101213 88.81828020657122 0.7308957704691494 0.0
978245 36.66957145662191 -4.101064339025608 2.1721861508663 0.3869976777210152 3.1620928349604625 0.3707449273241703 69.36172085840899 1.8212010697215075 0.0
978709 36.78503030491255 -4.097107683427681 3.9617967790060957 0.4182808228627191 4.9746595028575795 0.4058750489683502 75.301090774219 3.310937074755242 0.0
978939 37.14093591479019 -4.093779544715565 1.831646375193421 0.4405132653985542 3.1357853616594946 0.4275108666522021 94.22116915079721 0.6790088474262287 0.0
979196 37.32827355371664 -4.09088675155012 2.5157662884086363 0.4862144497001069 4.2712329786737095 0.472837877257788 104.57317060976507 1.0451231434911097 0.0
979277 37.44223615606457 -4.0909528466799925 5.314508714147764 0.5555835449887884 8.804288852482934 0.5385086806752473 110.91280000750073 1.4236631820428483 0.0
979355 37.19363699238737 -4.091137619565254 3.4673698092768555 0.4527492561948555 4.988535251782037 0.4380384327227986 97.15880981705847 0.5244133662851929 0.0
979365 37.5879615622682 -4.08872122308975 3.4783356843609616 0.795391080511182 6.402332989089178 0.7680098107145612 119.14264742039 0.41670011775189064 0.0
979607 36.72021678275807 -4.088330595231352 1.7114883567795298 0.4020558975710751 3.133740189719866 0.38724679157599673 72.30619113126876 1.3980887667914748 0.0
979808 36.7410550903077 -4.086373994590694 1.5058299220652582 0.3915679754219608 2.532201702299274 0.37510031753044115 73.41492451655611 1.3067764383976008 0.0
979927 36.797010442207856 -4.08568803017633 2.41094204077161 0.4050727517493327 3.7924750704157453 0.38952794701837173 76.27030121269198 4.846953983881389 0.0
979968 36.72137690387737 -4.084875000612787 1.595690222443342 0.39371199641894045 2.815134742666023 0.3796878972332484 72.47827427855285 1.3980887667914748 0.0
980074 36.84954755758791 -4.083869929293678 2.81396228424217 0.4147317832999128 3.636574106267267 0.40365196392199165 79.02209326864823 1.7232951285310816 0.0
980116 36.83631209265792 -4.083397614107359 2.214139755843733 0.37584627534292697 3.7021141822280423 0.36275769704734173 78.35457104632688 4.105489606198094 0.0
980239 37.03574796474288 -4.082064251526918 3.9069380000374356 0.40332895429075394 4.095868486406541 0.39088122851488255 88.85886376628916 0.7308957704691494 0.0
980251 36.70578866456159 -4.082672375078146 3.727088992430324 0.40612379214740923 4.167735620247279 0.39183886515023697 71.77540123974798 1.3980887667914748 0.0
980590 36.71239729896655 -4.079233275064813 1.9894700348674743 0.414165507839037 3.3047264724909864 0.4004151148911318 72.21874864981093 1.3980887667914748 0.0
980912 36.58167238259999 -4.076444160407563 2.1128559329868657 0.40554278016088235 2.569350364169591 0.3898522424617774 65.97223853567486 2.6768955571956763 0.0
980931 36.66728487238091 -4.076315235299446 3.9698587014779907 0.42166914071399225 4.429273504479413 0.4075825359378039 70.0950167770215 1.8212010697215075 0.0
980963 36.575195694013935 -4.076956239413384 10.725898666087323 0.40466551661065425 19.54767678214693 0.38927047028627204 65.64750824597708 2.6768955571956763 0.0
981719 36.90544807697065 -4.068201066019267 6.731450043444778 0.4232721348922704 7.896350935850539 0.4104344222609136 82.38772086036315 1.8267857590421606 0.0
981846 36.55516380507717 -4.06854623343644 3.9420448327454403 0.42129082675879026 5.035432944123454 0.4070709528771792 65.02324179267904 5.359858696702561 0.0
982043 36.78502323741413 -4.064482772284882 2.204734257900922 0.4208783286929339 3.2918441638333014 0.4064620148805117 76.33854105729964 2.3920593078750407 0.0
982060 36.959830962655126 -4.064027704565811 3.0956666007046247 0.4286434937695002 4.806368622070922 0.4157175482817546 85.34760766369564 1.9014416128295228 0.0
982337 37.414435232470495 -4.059686201321112 2.471134041377084 0.6201197964413606 4.514788654784492 0.6068039602620539 110.05477554869192 2.188676647984738 0.0
982344 36.88631596836856 -4.060891726559167 2.897801441512837 0.42840127640740255 4.7779205741499045 0.41696724051648465 81.61781865323971 4.231038671004027 0.0
982410 37.45353328189313 -4.05869727927603 3.9024253151222594 0.592014723753627 4.770715093327347 0.5774373392356383 112.2471788332614 1.4834633855321886 0.0
982415 37.00279427995116 -4.059796236727675 2.724673386983785 0.4797204060612452 3.325416974850913 0.4694358600342621 87.7276842569279 2.302120449939885 0.0
982529 36.50155083278392 -4.059102252027063 2.1744032502232495 0.3795409922040437 3.191247102144166 0.3639478178593267 62.93394512464203 0.8433095136334737 0.0
982659 36.931591538276905 -4.058003228402969 3.9159897713624563 0.41954946326224607 5.305740507951911 0.40655622042305034 84.04985958026016 3.5118802630051213 0.0
983526 36.90755246709436 -4.049526429449252 3.1528789251224913 0.41348067843139863 4.170122989446021 0.40079014135446367 83.05908673077386 5.021139939014522 0.0
983553 36.5982445019384 -4.050432227450897 4.6866722936942455 0.3863286327802825 5.743274512815116 0.368251215446519 67.7154992804482 1.4847254036239907 0.0
984005 37.08592891131606 -4.044428239779936 1.8482387062340941 0.433378836228734 3.3859196787804593 0.41800065597975217 92.5607365444133 0.7308957704691496 0.0
984018 36.88931292332912 -4.044803782470794 4.330002226950521 0.4073005664856565 4.79778974783544 0.3951937796024935 82.2653698743897 1.2485541384834753 0.0
984278 36.753940200039615 -4.042962198458482 6.202121347561684 0.38941090899244124 6.5268908575685165 0.3745005974954629 75.49743616024948 2.0314739075976957 0.0
984279 37.33698120898556 -4.042537544383336 57.443349007157344 0.5893165819224201 77.80796741379635 0.5769562739822447 106.18444188936414 1.728102815845128 0.0
984348 37.38429236866686 -4.040527690998769 3.5835474363215476 0.5283253320893726 5.566705884013993 0.5124711803841138 108.83187117852394 1.6750918214027726 0.0
984448 37.02942449632603 -4.040226016485415 1.9458851913949007 0.46532489864352977 2.871698034176938 0.4502845638926311 89.68772515911547 0.8638143638557843 0.0
985560 36.99846140857072 -4.02937840129145 3.18804310073503 0.45778314110653756 4.21694949812724 0.44616104087654407 88.37900546044216 0.8638143638557843 0.0
985615 37.41302530365003 -4.028053771289222 3.341642521262133 0.5708384948254271 6.25290255519141 0.5559179201889017 110.70732923683049 3.8948255371446416 1.0
986710 36.94707219014391 -4.01993437725601 5.76731055511681 0.4127095296685723 7.3033634201440325 0.3989729044675149 85.99856978351194 2.217754480915702 0.0
986733 37.47289072868429 -4.0184142780436245 4.82799307615365 0.5732344150751391 7.810520293669863 0.5487460236883025 114.23338598809262 5.063983003103312 1.0
986809 37.43609353629456 -4.016952390202307 2.7454149979225084 0.5271080621761075 4.6270442739536035 0.5046105612514068 112.23866128827899 7.457304160913715 1.0
986892 37.47053614262469 -4.01647477769807 3.067469122951004 0.5734938728602809 5.356506889489408 0.5495296977719368 114.14829282390359 5.969907311813719 1.0
986953 37.44697871049952 -4.01557788884076 2.4184026961380334 0.5406720485924519 3.989036546454337 0.5182935433506473 112.87031978117346 5.326913931794854 1.0
987112 36.71966091442525 -4.017158472043999 5.111881920613919 0.3959433800886301 5.239520733936906 0.3827831248527006 74.71149753023036 2.093623191264272 0.0
987818 36.74906140867712 -4.009485241999105 3.430260468781576 0.37288488825076693 4.490322655808201 0.35497302250010065 76.40756769711265 1.302385768290153 0.0
987910 37.48914840326147 -4.009692431089684 5.949132317030458 0.6330302759432274 7.756386547446138 0.6122510297114202 115.33300918720374 1.4408759630299495 1.0
988318 37.48291912697908 -4.003614159689795 2.828629617569033 0.6199914768290343 4.693253457902732 0.5948094674749594 115.13093635855668 4.890662769943322 1.0
988616 36.71174824696399 -4.002150022753197 1.9032528460735425 0.3998934994623516 2.9663529638588493 0.3863942728554104 74.86601080505767 2.093623191264272 0.0
989298 37.42254010829553 -3.995232559571332 3.3663324771098333 0.557623189130411 5.246924202947594 0.5401087843767105 112.0149584886407 1.4999731456885153 0.0
989945 36.69116854670081 -3.992134441309543 6.951786954076967 0.42877163883096614 9.12979101087338 0.41207916999661204 74.2509514106004 2.7877906713254963 0.0
990199 36.93683724702561 -3.9880513176573977 3.3015861035646408 0.4237325327585207 4.577152908120116 0.4088427906121519 86.46950942602635 0.8316595868980519 0.0
990500 36.61556056997632 -3.98655109864673 4.283661203724105 0.38447689264134727 5.620563275562099 0.3690872228730905 70.94538670048576 1.42167406269291 0.0
991134 37.50216374194049 -3.978132821435691 7.669198258820059 0.7040780566998573 8.56730067479128 0.6790732403435203 116.79184173185048 1.8014899830249576 0.0
991476 37.58493795691091 -3.974472457307446 5.250706882391248 0.9925581236609935 7.380200333769445 0.9113507173056072 121.43800261421313 0.0 0.0
991707 37.30783860992805 -3.973239773065165 4.823257474956144 0.525023751878254 7.050908681458172 0.5116390498425285 106.34799317260853 1.304058822640751 0.0
992023 36.69701886245251 -3.971094858071341 3.69319541292168 0.42025608315184826 5.279861149574952 0.40490331373225025 75.30543365602783 4.588249625456004 1.0
992078 37.21607484736749 -3.969359733019529 2.7486592415819757 0.4591526208861105 3.4240485203133186 0.445422167375945 101.54930359873424 0.6484019224957566 0.0
992133 36.78733045695953 -3.969524004125344 1.8001948004146922 0.3925988351560303 3.263257155830475 0.3774409430992789 79.66812030680185 0.9929109362235652 0.0
992348 36.66356367560194 -3.9690423621831856 16.544163737564123 0.44054251216196316 30.640246810027016 0.4198986628387054 73.824632804973 3.3769679094580582 0.0
992460 36.738276082989785 -3.966508335981527 2.1171955301818506 0.3868301318573115 3.6664569699832934 0.3656658580596454 77.422973196105 0.9929109362235652 0.0
992519 36.3974561101182 -3.966487080039861 1.9226340111059699 0.3824658589444417 3.05482237419343 0.36815337244657054 62.46203890015155 2.096756811891591 0.0
993243 37.28043940377019 -3.957958495086174 2.250360175418068 0.4998130488651462 3.808355380679381 0.48512801705790315 105.28853758264532 1.298499001513164 0.0
993594 37.4945378678156 -3.954164498925625 5.687630531109835 0.669619685260266 7.029292515253087 0.6414304367906403 116.9544177162072 1.082382706958691 0.0
993936 37.38102961748446 -3.951870502717191 6.623537364247968 0.5643260154247973 12.26320788127765 0.5458735373848742 110.8496141040047 0.8737879912106064 0.0
994222 36.65722864757795 -3.950012847939521 3.444472521363267 0.40756517951701504 4.861399853355819 0.39047124562540436 74.26547822421365 2.5434834599311165 0.0
994507 36.40088640348316 -3.947252979772034 3.031067355405095 0.3814340829505289 3.4587231586197618 0.36727573224797394 63.46895542252878 2.0967568118915914 0.0
994719 36.68798017351974 -3.94513069641968 8.673535150852976 0.34803640732881513 10.288780344331665 0.33463470889622426 75.86495086417416 7.07917197945727 1.0
994873 36.5451314421741 -3.943449071229257 2.1681488494039556 0.418741216820386 3.1150188870878437 0.40405867770417747 69.55733512565398 1.9137884736524176 0.0
994913 37.21667199081794 -3.942595283265077 8.374589746705482 0.49273123219668297 11.414510793159938 0.4802352316565272 102.33274863109881 0.6484019224957567 0.0
994935 36.64409399170984 -3.942719579851381 1.8094341264107672 0.4131808727874537 3.119586981069438 0.39879489927325573 73.95367437553627 2.543483459931116 0.0
995083 37.25407886234308 -3.9401630547734494 3.130914796978954 0.4914246023779489 3.8639356378143432 0.477308782060892 104.37739513086272 1.3442649622372587 0.0
995536 36.70238255130562 -3.93746646786624 9.06581780422472 0.4365349403065512 9.962248094837761 0.4217940636205777 76.82267413141419 5.7473211170153595 1.0
995687 36.992881454575006 -3.935019939380157 2.1744536221018116 0.4524806054436192 3.3378656433328273 0.43792155523053067 91.00465438483893 1.7673905459170434 0.0
995750 36.98896823804012 -3.9348991161124256 5.156371404348698 0.4362328314619507 6.081342198762238 0.42230877765720076 90.8112016291882 2.574132934482445 0.0
995784 36.9619920247366 -3.934611813082563 4.2190642882390685 0.44777912479899207 6.742947724010959 0.4340064355021457 89.46498574513446 3.0090893744229565 0.0
995976 37.08530383023833 -3.931929281727052 2.2802999492272407 0.452180866430902 3.9577900506035 0.4303232750514737 95.80913584517177 0.642513843594978 0.0
996381 36.57697577707997 -3.9289653432106895 3.2262976877892355 0.4028560075574117 3.3804528105122795 0.3843193842700562 71.53420308373249 2.5471038195219764 0.0
996631 36.94358043219101 -3.926051650398513 4.756016726503089 0.40637953844538255 5.0825673014153345 0.3913919827877429 88.82995845098742 0.5118613394797581 0.0
996638 36.58676809802704 -3.926705371064483 3.7286458334104924 0.40122186722752085 3.8345816327794506 0.3839241906377937 72.05308001512223 2.547103819521976 0.0
997095 36.68782455078247 -3.922109573427465 3.3632143933655936 0.40912532640099775 5.046762472861015 0.3943724509281025 76.7451569374839 10.677087395160502 1.0
997254 36.73134090993932 -3.920491820254605 2.7099442629247186 0.3857346746616114 4.725991863816784 0.37030283351320314 78.80907667270128 2.823804244421388 0.0
997374 36.64608425260837 -3.919176315169176 2.5666933166411074 0.3953993648133465 2.687104898067101 0.3809869207574584 74.97600901280553 1.4999241663994098 0.0
997498 36.68767862278652 -3.918363588122938 8.076322475124224 0.4145521666808663 8.924653699487774 0.4001881191312513 76.88428795909017 8.453379372799889 1.0
997728 37.09639665023886 -3.916729661332286 27.306581555171032 0.44749446143188726 47.02730553899623 0.429128347270456 96.84800446837792 2.2061538431981087 0.0
998312 37.53265297502353 -3.9079816384229247 4.536683109503313 0.9507058193989765 8.017951965849553 0.9032758933708483 120.18089148881147 1.4754653115699048 0.0
998394 37.02514353304623 -3.9087830285235854 4.8135806411080635 0.45293164563390476 6.925152109609112 0.43897668493322206 93.47992356052654 1.8454129344510086 0.0
998510 36.70991129378344 -3.90750954375466 4.722884793741055 0.42351367509279836 5.819317631937419 0.40792718272519884 78.32007342734248 2.9364435342236743 0.0
998535 37.08844102013986 -3.906338297030618 2.2988232636711317 0.45405230505149197 3.5146292214336112 0.44028333330486324 96.76583273684304 2.2061538431981087 0.0
998606 36.728980448278726 -3.906179074829344 1.7963918617145773 0.4191709624276033 3.1484264009902487 0.402535421045968 79.24594488019781 2.823804244421388 0.0
998924 36.66138402067215 -3.9025268610626944 3.4505889290198106 0.4320048907777588 4.0113742184519845 0.41476223225214004 76.32449895643083 1.4999241663994098 0.0
999049 37.53944433651594 -3.899348044828228 4.274743999905743 0.9038156328503393 5.734919779626105 0.8156103150800792 120.76824022539184 0.0 0.0
999072 36.65055355158522 -3.900828927520286 1.8283741369250268 0.4072603549670565 3.0098366952241826 0.38868243615877 75.91088154902282 1.49992416639941 0.0
999336 37.37932297964549 -3.896824346909893 3.2649820473429783 0.6500072217353792 4.746698665669408 0.6266755742671172 112.2282001022899 1.215638591985571 0.0
999799 36.751762316167245 -3.893415700741604 1.4675901150595163 0.38560499582433977 2.716600902072272 0.36761072826229163 80.78464613589362 0.6878704521491487 0.0
1000225 36.76752130325694 -3.889015681183752 1.8014904719528329 0.3847702578841235 2.3984120590012683 0.36793998722352994 81.68112767853924 0.6878704521491487 0.0
1000828 36.98903528105981 -3.882931976904192 2.269163896388871 0.39106075798596357 3.4419083441081475 0.3740555568835561 92.53312978365452 1.145877780032196 0.0
1001455 36.93132864641162 -3.8764532468843513 1.8611171472155463 0.3995399586107609 3.1993563299798953 0.3801174026789516 89.92518383816504 0.5118613394797581 0.0
1001468 37.03305119995207 -3.876844896263129 7.749671432717441 0.4268792992428504 8.994881214868197 0.4130417241060345 94.92385746050562 2.5402961891159044 0.0
1001890 37.09318072320727 -3.872126818666838 4.248881677721716 0.43034615198215986 5.307687606672767 0.4136702307026917 98.0958892010631 2.3831889358545495 0.0
1001932 37.38170142544092 -3.870673844948093 3.822753357982857 0.5845918650633976 4.746978611758672 0.5584067698450026 113.07982492317608 1.9973736082817855 0.0
1002169 37.30769962141567 -3.868490498489495 3.6350671491017548 0.5079100221675629 4.330102510269998 0.489954158714279 109.2467882298502 1.2691799751298753 0.0
1002475 37.45139678888044 -3.8652337485994246 2.162447710461076 0.6662407774831165 3.513003139840115 0.6253268142682982 116.9323432348418 0.8694426714427044 0.0
1003072 37.05823438571095 -3.8604088230957054 7.6816529129913835 0.46334535833348584 12.323290389810712 0.44720291918376 96.72527316291774 1.733106130135634 0.0
1003607 37.2911034247567 -3.853632416057502 2.475558294637813 0.5166998300330625 4.355320956448716 0.4973576829774855 108.81764966892298 2.4144363369906343 0.0
1004286 37.36025814990451 -3.847141975375602 3.3614708080846296 0.5463818635253246 5.879300685938768 0.5194939319221562 112.62028008979142 2.4092552805984715 0.0
1004302 37.11825908167628 -3.8478857983283 2.171199985514349 0.45141141826005143 2.9448951882042684 0.43502530113577376 100.14461977569776 0.9140844991745518 0.0
1005458 37.241129803542485 -3.83728564052748 5.97837968470635 0.5047505841735959 8.76998293264406 0.4848696286592628 106.72943284404936 1.0482084202826125 0.0
1005565 36.775537369116776 -3.836117015067962 2.859102854435807 0.3231643485761697 4.304540393431696 0.30724596224297884 84.08920672767628 0.8897633352546799 0.0
1006139 37.45322150753654 -3.82977517222429 5.312821946872416 0.6982590920059453 8.537047158769566 0.6022237107265839 118.01199309638785 0.5461551994859737 0.0
1006430 37.28483929227261 -3.8265526061592094 3.243665902308558 0.5259039883209542 3.5878993087841975 0.4998885153382232 109.30794263465812 2.1989970477458973 0.0
1006816 36.69203178248782 -3.8238659701957447 2.1587383326907945 0.41142550326105626 3.925035068934163 0.3933137206030131 80.87102045982662 2.4879406148458094 0.0
1006893 36.7767151232725 -3.823034138128767 1.8441180655576759 0.3974998095642298 2.9545209134735515 0.3793598262011389 84.65667486183442 0.8897633352546799 0.0
1007021 37.3558710140244 -3.821029004005165 3.373865973711984 0.5853632791876124 4.251997551365252 0.5562428970800247 113.15514570627334 3.00972256642097 0.0
1007340 37.0133113302762 -3.818378450359944 2.210057699842118 0.4615247979651006 3.991881130236368 0.44267023285720614 95.94413745065737 1.7446683284088214 0.0
1007594 37.31794428699739 -3.8155201745548175 4.498586314430671 0.5715205216436333 7.246693675449173 0.5403378060622369 111.35229730917766 3.0668731555971034 0.0
1008200 36.712915483823934 -3.8099566702066734 4.53520261829374 0.43096750840486103 8.21336870181063 0.41412583375421647 82.35304962166114 5.010908354356692 0.0
1008320 36.78850416926366 -3.8094901677341086 7.042406516134651 0.41127340962574355 9.03881645139 0.39372744224618345 85.7228801505054 2.377696343994432 0.0
1008439 36.977908556710375 -3.807109571503928 8.665579432928695 0.4214498950881335 9.650905683312327 0.40435275002044613 94.63370726439622 1.82314474548106 0.0
1008566 36.78867137937342 -3.8062413976664624 2.147128857863968 0.4070450723513618 3.5431168669922544 0.38962154478321653 85.85894279401674 2.339255084371991 0.0
1008590 37.23458696205391 -3.804396427226798 2.5798209925207822 0.5188436907410198 4.212287751128284 0.4997128860022216 107.42426936639627 0.6669374151327025 0.0
1008983 36.68315965312863 -3.801287714781685 2.31945239890149 0.38592008273585804 3.0750225104594975 0.36649433272631493 81.42795083815268 2.8498888781313303 0.0
1009010 36.70982146303879 -3.801836157902514 3.5850460227306415 0.42494715741127487 4.53211059532031 0.4085811054799603 82.55348681863772 3.1974663726847194 0.0
1009537 36.962132912946586 -3.7952052963583 3.8641645213685756 0.41681546326112606 4.06896852194165 0.40085056919123185 94.31134311165326 1.244458928671557 0.0
1009717 36.81444422631815 -3.793667923533605 1.5300510603009723 0.401072096014605 2.7916161401918216 0.38290912821912837 87.51717639686045 2.339255084371991 0.0
1010167 36.87485070875527 -3.7892068243438 3.970608634690867 0.41767564956591313 4.916504386314092 0.39857775687901714 90.44783488174974 0.6592144519584462 0.0
1010240 37.40212532952029 -3.787431962104965 8.083384115225916 0.7081522879267593 10.364433012329467 0.6163931267821798 116.55904900774368 2.549775038346865 0.0
1010317 36.59653723685825 -3.788148526957316 4.880651801167045 0.3872766037292192 5.89807272879947 0.3670181081758273 78.38518440988595 1.4084878022270926 0.0
1010499 37.37339667488179 -3.7846605868084935 3.9483448168917685 0.6134222767037093 4.552073790373324 0.548747257661196 115.15282688803423 3.031314955416429 0.0
1010728 37.43210229496124 -3.782825839023322 7.122141461144137 0.8616723641433274 8.250458796012271 0.6384751637983144 118.2559733593433 0.39334172607795026 0.0
1010899 36.65671146102155 -3.782198182164744 1.523892062162098 0.40925682235329 2.7008924271384274 0.38729228281550215 81.12039190930338 2.6379353224351916 0.0
1010941 37.03352250714023 -3.7811920652183866 2.6560757287855608 0.48525606414675404 4.837292535306398 0.4686746276815336 98.2346211451469 2.646817882442851 0.0
1011230 37.13769365987459 -3.7777917517654536 1.704562822046236 0.47858963280824857 3.076443605212631 0.45354204053006836 103.4400751009815 2.295482648531024 0.0
1011643 37.03255241107691 -3.774692551223147 11.216861487136978 0.48414745395629416 15.701430237847973 0.46686155315091205 98.41946433014392 1.8698105482938798 0.0
1011735 37.41919330662277 -3.771934207776882 3.138031100238076 0.908563676960013 5.3659673176434834 0.702762895403514 117.9080848004041 2.0317682438444558 0.0
1011892 36.75398449751227 -3.771712086875888 4.441524645210843 0.4182234965522182 5.109432364706597 0.3998115455974261 85.71620133352988 2.09972543236318 0.0
1012015 36.87366727402371 -3.7703281650810254 5.0311284046508975 0.4436295111281186 6.240584006388486 0.42308908133726036 91.12047206872919 25.190158176391417 0.0
1012330 36.68665119836351 -3.766850522245054 1.822879550310509 0.4102628450597449 2.935797677003413 0.3852092997363169 83.03330872036824 2.6379353224351916 0.0
1012407 36.87919781886096 -3.7657456443869775 2.417035380502048 0.43877361539744125 4.317427122290791 0.4178041872358556 91.55084524107856 2.869499208710955 0.0
1012516 37.07999071004531 -3.764069396394578 3.669431912871891 0.5152199900649019 3.9536878274329545 0.49617167847806315 101.08788130905685 1.470651800258197 1.0
1012613 36.86721762254049 -3.7665350564558655 111.59508452974244 0.563848549022657 198.1999249872821 0.5307742859190385 90.97351724598944 4.330082844386537 0.0
1012614 36.67187099350798 -3.7637378665057937 2.793336887765503 0.42083765454393823 3.7302933345633185 0.3978429904822276 82.54717796447761 2.6379353224351916 0.0
1012972 36.64956369888827 -3.7600308876404407 3.347321467110435 0.40490524251351634 3.571996437075867 0.3782604576493414 81.7836923393214 4.043958892784856 0.0
1013334 36.63893900114831 -3.755684590478469 1.3169834011054264 0.42485097224067075 2.461930629517461 0.3986049227001793 81.53872439611186 4.043958892784855 0.0
1013825 37.36113758406313 -3.748678431745314 3.2983413073799963 0.7240931132569527 5.0207102661914425 0.6026314190540868 115.62828028005167 1.36015900109156 0.0
1013904 36.54566353577166 -3.749053991461961 1.7683338044804133 0.47499928053292906 2.966753544611579 0.4474284783781824 78.1469536488449 2.462407768248084 0.0
1013994 37.08094317528761 -3.7471275865073785 3.2122633825567206 0.5299182817644207 3.6296506895471485 0.5038860441966354 101.73271982082284 8.446452768603598 1.0
1014076 36.92862231640613 -3.747453141043841 47.305422769927404 0.4695104732929965 62.584889530727025 0.44345307815307616 94.52525143566648 1.8520671944329798 0.0
1014188 36.83011194404856 -3.746121466085192 4.043034831922368 0.46128602306458416 6.980495333443493 0.436471370026871 90.1100498861006 2.672639120861955 0.0
1014211 36.867954061402735 -3.745213239936077 2.2252597854519935 0.46476710951543465 3.381914239603274 0.4190316679585032 91.8424067941323 4.330082844386537 0.0
1014262 37.17662145961547 -3.7439912858451945 1.8641098077447937 0.5673871294609242 3.04464090068444 0.5351193439045148 106.50936086027168 0.96787404739204 0.0
1014318 36.724973223388254 -3.7451155418277366 8.081316934366768 0.46062640865226107 9.603746738650107 0.4303939522302601 85.57702416416842 2.51119444528657 0.0
1014416 36.79469422680314 -3.742509433188824 2.874936844672173 0.5027995944971847 3.9962484734039503 0.4797446629701032 88.69285916277822 1.7667081971769718 0.0
1014599 36.971384846152894 -3.739862223128752 2.9386859563181265 0.527834533734089 3.7671973198681172 0.5031909859425074 96.79750838303629 1.4332087336355015 0.0
1014727 37.08003858137688 -3.7391647922792135 22.723656876973017 0.614468093974358 38.06113141426915 0.59066589700373 101.97284458021144 4.034938832153987 1.0
1014752 36.84302939734402 -3.7379307346802846 2.5534297195680935 0.6045970982108946 3.6653160975820116 0.5825188211934326 91.01379684272096 1.6480046849509957 0.0
1014862 37.10699850476858 -3.736212444091783 3.4233802411127288 0.5453535473831431 4.696848923399192 0.5172849362677903 103.37835220728911 2.295482648531024 1.0
1014886 36.684869677972 -3.736407537726014 2.712936463016319 0.4959421674084145 4.732575201290963 0.46777803586939404 84.26769917097754 2.7136437020965647 0.0
1015052 36.637598130806445 -3.7345413088947774 3.4744835709201674 0.48904542710148974 5.251080941935522 0.4611401825778313 82.41788632891797 2.498751419498841 0.0
1015314 37.37051824431323 -3.730587333929632 3.7911712951750194 0.7307886007786144 5.402686943714497 0.6007588283532377 116.67453207901457 0.8242115177597076 0.0
1015326 36.762437347620576 -3.731515520302346 2.5281402739042367 0.49838857970947453 3.8026341666551002 0.47232218709335366 87.7488170816841 2.3809773639278995 0.0
1015968 37.086619293687214 -3.723847553191806 3.1130351927828177 0.4749131371587554 3.6351681138689487 0.438245473115066 102.83786002535183 32.0555891693955 1.0
1016041 37.14634871323332 -3.7231012779543886 2.731258934558669 0.4775771556130213 3.5424675578227136 0.4288372125463741 105.74824237695101 0.9150738934005754 0.0
1016224 37.08537183410832 -3.7214118338105897 3.2174415840466053 0.47911845535112074 4.382634578095506 0.43905381744781674 102.86579652335892 7.026695395558889 1.0
1016228 37.09610210091876 -3.721609052782476 3.196189347757563 0.46091370606742665 4.013276194283453 0.4201633223980954 103.373100800717 6.774393110591412 1.0
1016279 36.56761929729135 -3.7221870723754544 2.415231754151939 0.47995765304736615 3.9905850903481097 0.40866910432301984 80.22691355758712 2.145426243513445 0.0
1016337 36.938186563760354 -3.720330691247265 3.806385941523901 0.45725930659264363 4.0547828984808865 0.4172796935036142 96.00736709461181 2.626746622023183 0.0
1016358 36.8729017022747 -3.72015087472697 2.373521904864731 0.4534291900700982 3.4177074651288937 0.4153792831601445 93.05838224587609 1.6480046849509957 0.0
1016467 36.59162231560467 -3.719102423543863 2.1821584015085773 0.446817591800976 2.9963117997866 0.40368334735199873 81.29388037720855 1.7020395571535931 0.0
1016710 37.19614003027928 -3.7164253325972254 5.093760724784499 0.5784144014567131 8.27222488071516 0.5267841977329989 108.41243212009147 0.96787404739204 0.0
1017098 36.67278153876144 -3.7122376135248647 2.672647644020974 0.4514857949014342 2.971652140736058 0.4038006852819133 84.82793792551116 2.3528347927368527 0.0
1017249 36.5933361239542 -3.712844698522772 37.78031786047823 0.495364680780163 68.28834539584547 0.43928615428440027 81.64640195739943 1.7020395571535931 0.0
1017329 36.58928626697685 -3.7097954137321048 1.7104192205636222 0.465420388906439 3.142327812270637 0.4112744539125182 81.62960220808034 1.7020395571535931 0.0
1018005 36.73875389791914 -3.703631627052856 7.727823390113419 0.4744957554745475 9.327124088320506 0.4251223924031071 87.92492098860046 2.6250313844251916 0.0
1018104 37.0850671691012 -3.701270046588888 4.294906509207311 0.5254221341441283 5.433073986653787 0.46463202197749803 103.58169706002005 3.6478025343902916 1.0
1018226 36.71957852500937 -3.700017821516693 3.431399131082153 0.47639313993660354 4.726014885699125 0.43167023934347026 87.28195963463494 2.2360336348885843 0.0
1018452 36.66015723278792 -3.697378843571863 2.9385991638217024 0.464509326609207 3.3439239898021067 0.4113982287607354 84.97760712859078 2.3528347927368523 0.0
1018610 36.76608435900524 -3.695560884964968 1.6681696094318037 0.5011524911393065 2.3813505419984895 0.44816762814136957 89.41966327756536 2.6250313844251916 0.0
1018690 37.0859896895878 -3.694226106356745 3.469657816031414 0.5183851004874221 4.6096517943702935 0.46085635039482786 103.88301075388999 1.9824384581422627 1.0
1019222 37.226299224300384 -3.688138628646642 2.9937058147931492 0.6773040249217106 3.881999527574241 0.5409560356906171 110.86534480440758 0.5598210239061551 0.0
1019368 36.972590531961856 -3.6877361068608736 4.55070048904793 0.530149329798578 7.425601880021299 0.4473323942500448 98.84288244543362 1.2680543214626612 0.0
1020088 36.901406711372935 -3.681505013282129 16.93069064408807 0.5139446921188469 20.78188265706395 0.43481000049212243 95.87652350500055 1.9725691846936129 0.0
1020224 36.95018589263017 -3.679156537463282 3.7747842272372973 0.5104842446954276 5.7314246895366505 0.4436809395357326 98.15849670690655 5.571662515812912 0.0
1020798 36.65072253594336 -3.6728643778631183 3.8982504901435644 0.48486987918787355 5.929449436416825 0.4021152532757422 85.70514304661461 4.238946236102374 0.0
1020875 36.64705873480925 -3.6718288066054106 3.3020987548406064 0.4838364870373115 4.308883701754114 0.4110489868056252 85.60828012566041 3.7279455686182548 0.0
1020923 36.94410693149585 -3.670839672502245 2.1219935667242646 0.5183648096347824 3.6824403261922867 0.4330337793907521 98.2123460835125 2.5508646182561256 0.0
1021847 36.55041441764428 -3.662166662624117 2.9665026060940645 0.5589276117331984 3.951697171310709 0.4953983366152234 82.39590154649457 0.9277587905404686 0.0
1022539 36.88691925071901 -3.655256828494246 11.72704500149039 0.5613483302746974 14.16941973909721 0.44518859656646803 96.30177084826143 1.1133049569360265 0.0
1022876 36.75022611166677 -3.650873045980894 3.1537302743314553 0.5406578024252692 4.845484641918555 0.4410557082486447 90.68363310795796 2.5436026536626213 0.0
1023012 36.82554699359802 -3.649210524894692 2.1789755802311945 0.535215604278133 4.06298973909774 0.4363043600836178 93.90469483448153 0.604119196227444 0.0
1023089 37.07210462752772 -3.648102865975336 2.25226169081189 0.5646692054304563 3.850125823560911 0.44017132724289876 104.94857351871785 2.0069004119438754 0.0
1023129 36.73964401791577 -3.65062290871084 9.396580002292396 0.5380683183809966 13.346049484180277 0.44722391514045484 90.26114839821513 3.0292909451421814 0.0
1023307 37.210988095962726 -3.6457020432177902 6.7547535294503875 0.8031157084004914 8.532480077750796 0.5593826582286769 111.61122320335959 0.0 0.0
1023830 36.636295882081626 -3.641187699732391 5.139158403360118 0.5256578028112013 6.204677605289279 0.44095500132653304 86.59288779529527 3.676959983724581 0.0
1024179 36.609512545656 -3.636618222641277 2.46014035585911 0.5776212540030737 4.520416399966469 0.44180937100645956 85.78929524858208 1.8327248730959527 0.0
1024876 37.10679663443756 -3.629094368466171 3.9171939999839394 0.6008192623679948 5.931890953082833 0.45374171391998674 107.28083459300554 4.236030184348278 0.0
1025101 36.6916282036842 -3.627698436405964 3.9741552937967626 0.5830824760954211 5.395425473674087 0.44871660794766866 89.35735092450084 2.5875059087481054 0.0
1025148 37.12417394175338 -3.626315803975439 3.0638638961764326 0.6329559695038831 5.3326681907631395 0.47629461289126146 108.19685421134353 0.0 0.0
1025150 37.1192025759747 -3.626823964466351 8.480730938099931 0.6327747418222959 10.600743425805005 0.4555834552984991 107.94529139588651 2.344777406841752 0.0
1025353 37.00914394612391 -3.624725635598884 2.8822427009017373 0.7302645208154167 4.870921059279276 0.4788594808028518 102.96537624900141 1.4763448791148326 0.0
1025400 37.06001227613257 -3.6284736452177553 6.947020227294535 0.7498150224851565 8.812681249471453 0.48773244577210795 105.13824215182656 6.373174089171628 0.0
1025723 36.770420905937485 -3.621554898651979 2.74461779618081 0.5780318088922517 4.300586799533543 0.41298632424836956 92.7937012893748 1.3587529313711193 0.0
1025861 37.08668034414676 -3.619899775827944 3.5642612687844117 0.6213023912898502 6.368599485332826 0.44287692331686196 106.69578344879164 2.567665347647711 0.0
1026954 36.607011794149024 -3.59371183014025 35.32227884995166 0.7611590447460899 58.494698516768324 0.4779578057590914 87.71799825713092 0.0 0.0
1027120 36.992344256901134 -3.595090051394761 3.906190461100324 0.7529771515599029 6.235679424574599 0.4702600710483221 103.39275424481153 0.0 0.0
1028087 37.063001809282014 -3.60613678056258 7.295632487878928 0.7647073881087123 11.803018870790611 0.4794282133841993 106.13825413050573 0.0 0.0
1028168 36.94271011623842 -3.607384518714574 2.9243682332964918 0.6598556418880933 4.474891088075152 0.4570924475984102 100.70396791628937 0.0 0.0
1028904 36.63485533592681 -3.614483985899023 3.708665381154474 0.6897544129733039 5.901168159011485 0.4482094727147123 87.77604780674938 1.992661935671812 0.0
1029245 36.685980596306834 -3.618483436795718 3.371714901113587 0.5771404868729882 4.820729672275122 0.4433224427839214 89.55420373114312 1.6745259351082211 0.0
1029342 36.75496594341287 -3.619082122585776 4.904252195784826 0.5660940750303418 5.777834041709855 0.4267791299351286 92.27287969664818 4.521465882867715 0.0
1029620 37.04993704838788 -3.6202904962251528 9.077197244403195 0.7577162554785583 13.58574779786109 0.45303896635715685 104.9923389551254 4.224042028293344 0.0
