LAE_INDEX,RA,DEC,ZWAVG,QUALITY,CLASSIFICATION,NARROWBAND_MAGNITUDE,NARROWBAND_BINS
10665,148.53074232753323,1.4283815357287941,2.45385,2.5,LAE,24.056908919576944,24.199999999999985
14958,148.68218434667762,1.3635554751438086,2.45925,2.5,LAE,25.10999064527814,25.19999999999998
15680,148.77242262643927,1.353416743162447,0.9717,3.0,CONTAM,24.799602188605625,24.799999999999983
15818,148.61949238604598,1.3493686836959233,2.4767,3.0,LAE,24.408993395112265,24.599999999999984
16991,148.72314102128556,1.3302200105159474,2.43805,3.0,LAE,24.56319689607208,24.599999999999984
17552,148.78028372909483,1.3207267535303204,2.4717,3.0,LAE,24.665916943417407,24.799999999999983
18038,148.87807127560788,1.3123263465689778,2.4321,3.5,LAE,24.325592225236857,24.399999999999984
21001,148.72868602022535,1.264896544133389,2.47395,3.0,LAE,24.7280341365203,24.799999999999983
21045,148.84786647673286,1.264161015608889,2.4521,3.5,LAE,23.815230187724556,23.999999999999986
21659,148.7603018336416,1.2552247221552293,2.40115,4.0,AGN,23.48051979733199,23.599999999999987
21808,148.6574981572571,1.2527942384302053,2.42335,3.0,LAE,24.1385810667396,24.199999999999985
25310,148.7547768625902,1.1962673845041971,2.4685,2.5,LAE,24.095580024078505,24.199999999999985
29150,148.92531609183234,1.1294553951456523,2.4003,3.0,LAE,25.15997564856641,25.19999999999998
38962,148.9780807654014,0.9361218096135095,2.4604332,3.0,LAE,24.777579957219334,24.799999999999983
39908,148.93658258354247,0.9150501210617333,2.4284334,3.0,LAE,24.526203567959826,24.599999999999984
60683,148.64116285477667,1.5263033643169117,2.4178,3.5,LAE,23.436070745653346,23.599999999999987
61120,148.78239119746542,1.5598073529188072,2.436475,3.0,LAE,25.02185500045612,25.19999999999998
61925,148.62072574510756,1.52911256757998,2.47185,3.0,LAE,24.333561391139128,24.399999999999984
62104,148.73481178085007,1.5691849079032045,2.42735,3.0,LAE,24.40318171649274,24.599999999999984
62804,148.86950810758933,1.5252107396117534,2.42945,3.0,LAE,24.110818446127684,24.199999999999985
63579,148.65273880473475,1.542498336198045,2.4265,2.0,UNDET,24.876540486562405,24.999999999999982
63599,148.69105289259275,1.5821723920983783,2.421575,3.0,LAE,24.420962915473957,24.599999999999984
64433,148.74073550381965,1.5415694413912822,1.714925,4.0,CONTAM,22.733879394414146,22.79999999999999
64871,148.69742367297943,1.536706201939002,0.0,0.0,UNDET,24.98488245655461,24.999999999999982
64934,148.78294919557257,1.516701062560819,2.421975,3.0,LAE,23.676308391450807,23.799999999999986
66524,148.80474450389394,1.4896734021004396,2.424975,3.0,LAE,23.845165948315625,23.999999999999986
67386,148.81388977532322,1.4790686173371421,1.3365,4.0,CONTAM,22.751949880830274,22.79999999999999
67582,148.5844511581212,1.4756083237456779,2.4456,3.0,LAE,24.99635931413451,24.999999999999982
68841,148.7471603455789,1.4587772399253593,2.42415,3.0,LAE,24.01808647158576,24.199999999999985
68981,148.77254595609776,1.4564837676671873,2.421075,3.0,LAE,23.92865522381025,23.999999999999986
69010,148.83897737359118,1.4537894923838053,2.4379,3.0,LAE,24.99643775992065,24.999999999999982
69477,148.67754235274933,1.4461164476704116,2.4596,3.0,LAE,24.548605890118456,24.599999999999984
121874,149.63153788452766,0.6725419966710772,2.4513,3.0,LAE,24.595371279840208,24.599999999999984
128941,149.1937162801569,0.7465075449806193,2.4769,3.0,LAE,24.525405773416846,24.599999999999984
129631,149.5832821538474,0.7538790281864757,2.4765334,3.0,LAE,24.230189338932366,24.399999999999984
129653,149.34611585092716,0.7546446651621229,2.41995,2.5,LAE,24.67156016458355,24.799999999999983
130442,149.1994501491556,0.7629553962524152,2.4195333,3.0,LAE,24.316608450954433,24.399999999999984
131448,149.34030949625594,0.7725738451098598,2.440125,3.0,LAE,24.202347034526856,24.399999999999984
132364,150.45280127219078,0.7813864292392835,2.441425,3.0,LAE,24.541326601621435,24.599999999999984
132868,149.42815620724892,0.7869454333941591,2.460275,3.0,LAE,24.60998508475648,24.799999999999983
133774,149.17756728194487,0.7952780346561121,2.4746,3.0,LAE,24.690870859842367,24.799999999999983
134875,149.031578129187,0.8046898868621661,2.4637666,3.0,LAE,23.579939326587056,23.599999999999987
134928,149.08403365878965,0.8061179362203144,0.0,0.0,UNDET,24.895513446287865,24.999999999999982
135046,149.16104958593,0.8067937230180416,2.42605,3.0,LAE,24.21456284517018,24.399999999999984
135628,149.32976749179852,0.8127945242487836,0.0,0.0,UNDET,24.70647541703601,24.799999999999983
136264,149.64918589243402,0.8180194171398958,0.0,1.0,UNDET,24.596015971133134,24.599999999999984
136478,149.696653230175,0.8204196587561224,2.4196,3.5,LAE,24.71506849851243,24.799999999999983
136709,149.90369457618758,0.8218423452075682,2.4206333,3.0,LAE,24.38105775096289,24.399999999999984
138206,149.3218892697235,0.837097959686791,2.4266334,3.0,LAE,24.99409990481644,24.999999999999982
138703,149.7122722446578,0.8414327564174788,0.0,0.0,UNDET,25.086182674241627,25.19999999999998
139304,149.86060193119522,0.8475228254098134,2.4649167,3.0,LAE,24.57275152443512,24.599999999999984
139989,150.4415349755513,0.8536951449876157,2.4358,3.0,LAE,24.12381126970914,24.199999999999985
140621,149.53278099497078,0.860426209856526,0.0,0.0,UNDET,24.717271170328186,24.799999999999983
141398,149.21256335242202,0.8675470299131688,2.418125,3.0,LAE,24.648094207518565,24.799999999999983
141655,149.32076426106147,0.8694149451533987,2.444525,3.0,LAE,24.10616192071794,24.199999999999985
143260,149.72848808530193,0.8829403495363736,2.4545333,3.0,LAE,22.663606300768464,22.79999999999999
143558,150.32229319887315,0.886495555140393,2.430125,3.0,LAE,24.48894951099491,24.599999999999984
143679,149.57238652419005,0.8881690413725616,0.0,0.0,UNDET,24.90883413047338,24.999999999999982
143821,150.18672745289112,0.8885773817184518,2.44005,3.0,LAE,23.7397094443171,23.799999999999986
144428,149.8625086070709,0.894585615946857,0.0,0.0,UNDET,24.647905954037974,24.799999999999983
144856,149.30535502833766,0.8984185734586689,1.3268,3.0,CONTAM,24.661259953803974,24.799999999999983
146860,149.64353006439265,0.9170803516170759,0.0,0.0,UNDET,24.79684929533174,24.799999999999983
149420,149.13237288172806,0.9396151124555109,2.4590166,3.0,LAE,23.7761615794791,23.799999999999986
151230,150.46596062021518,0.9563584472880625,2.434875,2.5,LAE,24.70833112206452,24.799999999999983
152400,150.38346093536214,0.968805230470096,2.4538,2.0,UNDET,24.951247652626638,24.999999999999982
152731,150.04727866850817,0.9706775957696226,2.4762,3.0,LAE,24.95083734058943,24.999999999999982
154733,149.57833433469963,0.9903293122468738,2.45775,3.0,LAE,25.17005560324495,25.19999999999998
154842,149.29367450635306,0.9911285915311274,2.4215834,3.0,LAE,24.663718607222314,24.799999999999983
155701,149.61980462203965,0.9981654805727944,2.42085,3.5,LAE,23.99386065987999,23.999999999999986
155882,149.0859464343696,1.0006798429764003,2.40695,3.5,LAE,24.84983161514262,24.999999999999982
156092,149.7798580629457,1.0026502634404468,0.0,0.0,UNDET,24.89103569819906,24.999999999999982
156177,149.84597223502962,1.002766564039271,2.4259167,3.0,LAE,24.19832994477151,24.199999999999985
156457,150.19267805790486,1.0051810299623383,2.4439,3.0,LAE,23.607004610918374,23.799999999999986
156460,149.7097116497216,1.0061484188784378,2.4856,1.0,UNDET,24.51923377971535,24.599999999999984
156592,150.2255542134048,1.0072406127842353,2.4437,2.0,UNDET,25.001521082207066,25.19999999999998
157603,150.38256095528325,1.0172250113173524,2.4542,3.0,LAE,24.877486935141825,24.999999999999982
157653,149.79363303040043,1.0174728598347689,2.4255,2.5,LAE,24.597709660332818,24.599999999999984
157985,150.13934688638327,1.0183532027576472,2.4404,3.5,LAE,24.215920445341542,24.399999999999984
158201,150.2339623065157,1.0221499293517726,2.4653,3.0,LAE,23.712525056162537,23.799999999999986
158223,150.01502448560967,1.0230224680844355,2.4342,3.0,LAE,24.85984563859206,24.999999999999982
158648,150.35090121257568,1.0275665851748343,2.4317,3.0,LAE,24.945469852955533,24.999999999999982
158898,150.1563653403206,1.0297527292423563,2.4655666,3.3333333,LAE,24.001285103470376,24.199999999999985
159231,150.18532244442315,1.0324784704814427,2.4358833,3.3333333,LAE,24.73585703115545,24.799999999999983
159898,149.30039735771038,1.038192585371381,2.4246,3.0,LAE,23.560925775736717,23.599999999999987
160090,150.18055702548776,1.0403414690265664,2.4336,3.5,LAE,24.453690892589634,24.599999999999984
160168,150.34134822223848,1.0414197467355488,2.4668334,3.0,LAE,25.057841747070196,25.19999999999998
160361,149.3048988555136,1.042692239445464,2.4391334,3.0,LAE,24.158482208521878,24.199999999999985
160508,150.09495330472535,1.0447740486946606,2.4752667,3.0,LAE,24.299403445215077,24.399999999999984
161268,149.92796787524108,1.0519638865216443,0.0,0.0,UNDET,24.834519141958456,24.999999999999982
161391,150.1358358069403,1.0523768452580688,2.4246333,3.3333333,LAE,24.333495611813046,24.399999999999984
161554,149.43384894676865,1.0535415190363244,2.4371333,3.0,LAE,23.765808335326014,23.799999999999986
162356,149.11563459916215,1.0606428651872164,2.4737334,3.0,LAE,23.62880824639239,23.799999999999986
163426,149.69852256381643,1.0705093413324211,2.4594,3.5,LAE,23.298415430919345,23.399999999999988
163643,150.12712568552178,1.0729040244861812,2.439,2.5,LAE,24.643500132043226,24.799999999999983
164206,149.5959932893379,1.0780660870110157,0.7881,4.0,CONTAM,24.936764219801148,24.999999999999982
164506,149.51311316894933,1.0813268897430466,2.4816,3.0,LAE,24.70184248490477,24.799999999999983
164682,149.09996713574364,1.0824698803160169,2.4741,3.0,LAE,24.714238677055985,24.799999999999983
164725,149.8997320265976,1.08255383362745,2.4425666,3.0,LAE,24.317382558303855,24.399999999999984
165170,149.92515235074893,1.0871070519183355,2.4612,3.0,LAE,24.48514851836959,24.599999999999984
165293,149.6421197936009,1.0863546737291148,2.4521,3.5,LAE,23.317030137731713,23.399999999999988
165635,149.80089715015046,1.09061329924105,2.46,3.0,LAE,24.00154365649519,24.199999999999985
165987,149.84786120871235,1.0938329230122155,2.4647,2.5,LAE,24.651082043053727,24.799999999999983
166442,149.9057288351595,1.0979449305478965,2.44205,3.5,LAE,24.759338615425552,24.799999999999983
166452,149.35184580420545,1.0968189278494482,2.4720333,3.0,LAE,22.836026743424473,22.99999999999999
166567,150.08355085916244,1.0992677357369407,2.4232,3.5,LAE,24.701973125981315,24.799999999999983
166936,149.79724897209374,1.1017478825087121,2.4583166,3.0,LAE,23.842374479177064,23.999999999999986
167947,149.94145707678788,1.1109823270145123,2.4443667,3.3333333,LAE,24.690300711342935,24.799999999999983
168557,149.4477146578942,1.2059712612478994,2.4808667,3.0,LAE,25.074594279160902,25.19999999999998
168948,150.1389613455477,1.2020066817775956,2.4358666,3.0,LAE,24.778567628761785,24.799999999999983
169789,150.07023050764406,1.2073164124601465,0.0,0.0,UNDET,24.991195629579895,24.999999999999982
170022,150.08315945767075,1.1934298405458148,2.4360666,3.0,LAE,23.438747690140783,23.599999999999987
170225,149.87519212148982,1.1904477980967598,0.0,0.0,UNDET,24.673611138048443,24.799999999999983
170379,150.2323948897916,1.1984955736606258,2.4434333,3.3333333,LAE,23.332515852968097,23.399999999999988
170548,150.12683413523507,1.18752406460489,2.4357333,3.3333333,LAE,23.301121882818624,23.399999999999988
170650,150.12558890274815,1.1868700537332442,2.4326,3.0,LAE,24.536110063204163,24.599999999999984
170813,150.44517419173042,1.1856273588667352,2.4416332,3.0,LAE,23.230194505520643,23.399999999999988
170840,149.86600460843943,1.1849791157973057,2.4472666,3.3333333,LAE,23.659691669600466,23.799999999999986
171285,150.09073767706812,1.1820227779313321,2.4332,3.25,LAE,24.952323592671213,24.999999999999982
172619,150.46629214635044,1.169034324589521,2.463275,3.25,LAE,24.17505573487735,24.199999999999985
172844,149.08098486680683,1.1669170333938883,2.4683666,3.0,LAE,25.079434592465415,25.19999999999998
173530,150.1024107202548,1.1614400944304337,2.46605,3.5,LAE,24.74465740925707,24.799999999999983
173733,149.99127012403528,1.1593462548091935,2.4289,3.3333333,LAE,24.190962414678758,24.199999999999985
173837,149.1294813739759,1.1588227029567206,2.4489667,3.0,LAE,24.70367446250804,24.799999999999983
174719,149.37438796140097,1.1507381971379949,2.4703,3.5,LAE,24.5798963380476,24.599999999999984
174724,150.06130552838732,1.1581485708279562,2.471,2.0,UNDET,25.180193161575705,25.19999999999998
174917,150.34087675795314,1.1487444885621,2.4317334,3.0,LAE,24.22623778201021,24.399999999999984
174934,150.05300127338325,1.148581742558529,2.418,3.0,LAE,24.83624480269019,24.999999999999982
175180,150.15808802735398,1.1477664565981893,2.4361,3.0,LAE,24.23349887499434,24.399999999999984
175271,149.36265333042962,1.145818346729417,2.4675,3.0,LAE,24.570771086024415,24.599999999999984
175318,149.41012008857297,1.1451551794307573,2.4703333,3.0,LAE,24.502855143220682,24.599999999999984
175492,149.45661436590893,1.1433119591346879,2.4556334,3.0,LAE,23.90652016701304,23.999999999999986
176160,149.3454830067867,1.137882818019903,2.4295666,3.0,LAE,25.07652229679555,25.19999999999998
176604,149.8680447723825,1.1360995991243519,2.4438,1.0,UNDET,24.948708233489004,24.999999999999982
177032,149.1723192788124,1.1302368067255522,2.447,3.0,LAE,24.754867306544355,24.799999999999983
177121,150.11927791325394,1.134597040093863,2.4227,3.0,LAE,23.65795942495413,23.799999999999986
177861,148.99635633519367,1.1226574358494803,2.4206,3.0,LAE,24.735116205565458,24.799999999999983
177961,149.6617223101544,1.1217251264396226,2.46655,3.5,LAE,23.560083216280976,23.599999999999987
178514,149.68199227987122,1.1171715721182487,2.4606,2.5,LAE,24.837865289520227,24.999999999999982
178850,149.59371700868235,1.116034628966895,2.4358,3.0,LAE,24.701366433593922,24.799999999999983
180866,150.0390397753322,1.569750389813139,2.47,3.0,LAE,24.632190673957737,24.799999999999983
181177,149.02977419731184,1.567702135450648,2.468,2.6666667,LAE,24.71797166289747,24.799999999999983
181321,150.1532403806357,1.5647223280676175,2.4165,3.0,LAE,24.568184526150027,24.599999999999984
183365,149.56713565973325,1.5474614374435067,2.4343,3.0,LAE,24.68730498552397,24.799999999999983
183698,150.06310366944209,1.546595570493041,0.0,0.0,UNDET,24.782316657719306,24.799999999999983
183758,149.369580332641,1.5429340964492702,2.457,4.0,AGN,22.595929810137175,22.59999999999999
184942,150.17442732633376,1.5331197462767607,2.4476,3.0,LAE,24.821364956424354,24.999999999999982
186092,149.3954642326673,1.5372696036495557,2.4222,3.0,LAE,23.854797030836075,23.999999999999986
188052,149.9165241970071,1.5168561985520967,2.44655,3.5,LAE,24.146593711539758,24.199999999999985
189181,149.5312579440169,1.4970511569594285,2.4366667,3.0,LAE,24.994508512268578,24.999999999999982
189685,149.15670323527448,1.4922090651854132,2.43645,3.0,LAE,25.021885360016103,25.19999999999998
189899,150.13494923426853,1.4905011683120148,2.4449,3.0,LAE,24.59050045326369,24.599999999999984
189909,149.35541800382146,1.490451331189633,2.4520667,3.3333333,LAE,24.386313612449932,24.399999999999984
190080,149.30607124862797,1.4893767528121717,2.4429667,3.0,LAE,24.087258440327755,24.199999999999985
190302,149.0315088769009,1.487294186210553,2.4634,3.0,LAE,24.025928724187395,24.199999999999985
190404,149.29076140785767,1.4863393955489073,2.44,4.0,AGN,22.320469361000058,22.39999999999999
191844,149.18651376334918,1.4751150717295998,2.4365335,3.0,LAE,23.50024750882016,23.599999999999987
192474,149.07027397141715,1.4698434517246879,2.46905,3.0,LAE,23.664859932223433,23.799999999999986
192569,149.22063220979422,1.469077007651114,2.4305832,3.3333333,LAE,25.20832462384051,25.39999999999998
193360,149.13480955730142,1.4622497900886928,2.43315,3.0,LAE,25.0301002825949,25.19999999999998
193770,150.22711543157038,1.4591331273074912,2.4461,3.0,LAE,24.813919308664975,24.999999999999982
194485,149.56857460393465,1.4525530648329583,0.0,0.0,UNDET,25.420980908422557,25.59999999999998
194899,149.96008918010733,1.4490693283369223,2.4571,3.5,LAE,24.316940375942043,24.399999999999984
194902,149.31892945443556,1.4484455947639288,1.1787,4.0,CONTAM,24.798178732322363,24.799999999999983
195280,149.59198599237064,1.4481038631472092,1.5661334,4.0,CONTAM,21.13800831306191,21.199999999999996
196248,149.51527505465694,1.438186743986409,2.4641,4.0,AGN,21.739778021456843,21.799999999999994
196507,149.70253333622549,1.4357783086257339,2.47335,3.5,LAE,24.740262510900077,24.799999999999983
196607,149.5696484923009,1.4330883462760022,2.44035,3.0,LAE,24.825552321609262,24.999999999999982
198047,150.04894376188767,1.4211544139239027,2.4593666,3.3333333,LAE,23.457184732465592,23.599999999999987
198442,149.18601562338134,1.4177424645833627,2.4464,3.0,LAE,24.47004827904477,24.599999999999984
198717,149.19257817313687,1.417604442866254,2.425125,3.0,LAE,24.80511883290298,24.999999999999982
199105,149.1398603595094,1.4114092300388472,2.4214,3.0,LAE,25.095476467750576,25.19999999999998
199825,150.11517078331426,1.4053987234891256,2.4432333,3.3333333,LAE,23.018339254108987,23.19999999999999
199969,149.4001487707703,1.4041503869696457,2.44895,3.5,LAE,24.650312935781482,24.799999999999983
201604,150.40779338275482,1.3902615960986655,2.4749,3.0,LAE,23.587418691920973,23.599999999999987
202722,149.8875893388399,1.389582879593398,2.4590666,3.0,LAE,23.76567324529835,23.799999999999986
202880,149.9070221570022,1.3825217586120948,2.4159,2.0,UNDET,25.264886452465767,25.39999999999998
203318,150.38126394305186,1.375169192111364,2.4679,3.0,LAE,24.68940331111699,24.799999999999983
203713,150.2206511120941,1.3719103404230244,2.4321,3.3333333,LAE,24.448418181800537,24.599999999999984
203984,149.4995495980674,1.3704008770151472,2.4479666,3.0,LAE,24.299263700480594,24.399999999999984
205809,149.2509816056919,1.3534274286741836,2.4740667,3.0,LAE,24.23146269626924,24.399999999999984
206297,149.58932884114267,1.3492777777207754,2.4555666,3.0,LAE,23.458943462208005,23.599999999999987
206306,149.45982251872852,1.3496392697865645,2.4574666,3.0,LAE,23.813338434311493,23.999999999999986
207867,149.59366678717242,1.33346444767378,2.4380333,3.0,LAE,23.755125060458337,23.799999999999986
208468,150.01731356641778,1.3280639880722342,2.4385333,3.3333333,LAE,24.07028067132579,24.199999999999985
209766,149.58232044703786,1.316847173900262,2.4331667,3.0,LAE,24.3809595074453,24.399999999999984
211236,149.92737331856372,1.3046822553989372,2.4506667,3.3333333,LAE,24.398648560177698,24.399999999999984
211869,149.49247889948634,1.2986886299974822,2.46925,3.5,LAE,24.65300698095107,24.799999999999983
212319,148.98791827450293,1.2963584798525214,2.4179332,3.0,LAE,24.58132762518882,24.599999999999984
213374,149.8438020764509,1.2884081041931075,1.8671,4.0,CONTAM,23.392762129728204,23.399999999999988
213635,150.23609248066487,1.2830895267230586,2.4409,3.0,LAE,24.953075615735727,24.999999999999982
213815,149.91603104347092,1.2821365110517149,2.4694,3.0,LAE,23.95321313773107,23.999999999999986
214631,149.54399357177164,1.274073426727851,2.4358,3.0,LAE,24.38090871514371,24.399999999999984
216564,149.91115239126293,1.2567681355922866,2.429,3.0,LAE,24.773897677061978,24.799999999999983
216649,149.826811844206,1.2608271800105553,2.45615,3.0,LAE,25.05217250706404,25.19999999999998
216726,150.46715376762975,1.2581857016289948,2.4676,3.0,LAE,24.530567305984768,24.599999999999984
216951,150.42480394889063,1.252856124528861,2.4704,3.0,LAE,24.162488364200296,24.199999999999985
217167,149.5062287569512,1.251372125631731,2.4706,3.0,LAE,24.89693119987695,24.999999999999982
217304,150.0880634139261,1.2499547623457656,2.4351,3.3333333,LAE,23.97061969099467,23.999999999999986
217316,149.3986619157151,1.2503891409261743,2.4623666,3.0,LAE,24.727668530455784,24.799999999999983
217424,149.05770531503703,1.248472013497783,2.4299,3.0,LAE,24.517518271619583,24.599999999999984
217768,149.8009610745083,1.246207891148471,2.4587,3.5,LAE,23.23367964048017,23.399999999999988
218348,149.09039839675162,1.2401793804289263,2.4183667,3.0,LAE,24.588896186387178,24.599999999999984
218836,150.11079589106757,1.2361440842266684,2.4576,3.3333333,LAE,24.354026508786163,24.399999999999984
219035,149.93773246858302,1.234807242275335,2.434575,3.0,LAE,25.00173188962015,25.19999999999998
219440,149.5875210157135,1.2297494517062866,2.4427667,3.0,LAE,23.74911961133936,23.799999999999986
219920,149.87233704760584,1.2264105527347708,2.4443,3.0,LAE,24.50471361028779,24.599999999999984
220239,150.43882565318674,1.2235775051564757,2.4553,3.0,LAE,24.627447984085002,24.799999999999983
220641,149.7054767388924,1.2206842930774549,2.46,3.5,LAE,24.45787517552145,24.599999999999984
221181,149.85478414806278,1.216102548956935,2.4456,3.3333333,LAE,23.819394006817394,23.999999999999986
262745,150.63619230716375,0.698805167007959,2.4493833,3.0,LAE,23.964170468896963,23.999999999999986
263810,150.5279245099746,0.7137826366313831,2.4464,3.0,LAE,24.477101074235584,24.599999999999984
265625,150.57161615447504,0.7384782307036618,2.47145,3.0,LAE,24.509966870871416,24.599999999999984
267146,151.01958875148412,0.7593799940737523,2.446375,3.0,LAE,24.841225088435728,24.999999999999982
267222,150.76792029288129,0.7604092206420171,0.0,0.0,UNDET,24.588556103789962,24.599999999999984
267558,150.62288976157706,0.76501086964918,2.4414,3.0,LAE,24.72424207351162,24.799999999999983
268989,150.61079004815446,0.783330522701808,2.4489667,3.0,LAE,24.63875139257855,24.799999999999983
269047,150.9153459872268,0.784222826387055,2.432,3.0,LAE,24.76918554122143,24.799999999999983
270548,150.70729232470595,0.8022767605572251,2.422925,3.0,LAE,23.888506321270267,23.999999999999986
270570,150.72056669335882,0.8031342623413776,2.4542,3.0,LAE,24.486818201284866,24.599999999999984
272057,151.0479495164357,0.8216875940766764,2.4262,3.0,LAE,23.52675287701441,23.599999999999987
272885,150.5455414653228,0.8315244512653842,2.43795,3.3333333,LAE,24.303576303134825,24.399999999999984
273596,151.02890927498012,0.8389495951715094,2.5845,3.0,CONTAM,24.83076573227498,24.999999999999982
273870,150.9741485271694,0.8429140885898719,2.4385,3.5,AGN,23.47839851388649,23.599999999999987
274717,150.92047546075148,0.8521901469303681,1.2262,3.6666667,CONTAM,20.151931582938477,20.2
275095,150.88645096540017,0.858659880451767,2.4462,3.5,AGN,24.021830979313737,24.199999999999985
275510,150.85249842620723,0.8640923502148675,2.4672,3.0,LAE,24.72438924163669,24.799999999999983
277886,150.88858378701886,0.892160970995663,2.4618,3.0,LAE,24.70392896193419,24.799999999999983
278963,151.10538171172598,0.903689965305828,2.442775,3.0,LAE,23.50736623468775,23.599999999999987
280196,150.87514739879055,0.9187949614855236,2.46225,3.0,LAE,24.555048615431573,24.599999999999984
280554,150.79610879014015,0.9232153062335496,0.6418,0.0,UNDET,24.862594375188472,24.999999999999982
281117,150.91004655600213,0.9308545721259037,2.4472833,3.0,LAE,25.154409757688025,25.19999999999998
281129,151.16582279301187,0.9309396956639503,1.6158,2.0,UNDET,24.971410955653905,24.999999999999982
281246,151.18625920220026,0.9320473070609094,2.43675,3.0,LAE,24.744410622634582,24.799999999999983
283042,150.86043303882812,0.9525452143840496,2.4,2.0,UNDET,24.961725731267535,24.999999999999982
283190,151.13108982433377,0.9539737017371823,2.4428,3.0,LAE,24.756758596762875,24.799999999999983
283226,150.57268007555993,0.9536961885770219,2.41965,3.6666667,LAE,23.608333394966394,23.799999999999986
283288,151.11062750286146,0.9543661714706947,2.44755,3.0,LAE,24.210742585373936,24.399999999999984
283426,150.67195941529005,0.9557567461422685,2.4153,2.0,UNDET,23.168471764624435,23.19999999999999
283898,150.53649889528188,0.9603841235435671,1.6909,4.0,CONTAM,22.046796374900815,22.199999999999992
284206,150.53577602906222,0.964996407562398,2.4404166,2.8333333,LAE,24.340933084378136,24.399999999999984
284661,150.96591191250616,0.9706712124577938,2.4724,2.0,UNDET,24.956563803688184,24.999999999999982
285136,150.97896528783264,0.9747636660673518,2.425375,3.0,LAE,23.59014977277963,23.599999999999987
285472,150.54271499643016,0.9793493591650707,2.4398668,2.8333333,LAE,24.325376068188554,24.399999999999984
285507,150.48499831857913,0.9801063418820752,2.4372666,2.8333333,LAE,24.810549468909144,24.999999999999982
286119,150.64397474410526,0.9865659869942964,2.44005,2.75,LAE,24.763997625952204,24.799999999999983
286557,151.2001957484912,0.9912107208847204,2.42295,3.0,LAE,24.566421580488843,24.599999999999984
287383,151.13021972590266,0.9995665691324114,0.46,0.0,UNDET,24.69992387961257,24.799999999999983
288050,150.61187694812511,1.006537205010605,2.45445,3.0,LAE,24.27582339447264,24.399999999999984
288485,150.5130697643001,1.0114010065604935,2.443225,3.0,LAE,24.60810910399766,24.799999999999983
289316,150.56837253838523,1.0195410906816733,2.4533334,3.0,LAE,24.080944907091002,24.199999999999985
289678,150.84529687664747,1.0240944628901214,2.4724,3.0,LAE,24.519505182483645,24.599999999999984
290605,151.0572926979937,1.0342763873413323,3.4477,2.0,UNDET,24.6911044433812,24.799999999999983
291273,150.6689434458347,1.0418536848641355,2.4724,3.0,LAE,24.972333726530987,24.999999999999982
292382,150.4835627825361,1.0521928679283354,2.434625,3.25,LAE,23.225760208926793,23.399999999999988
292607,150.97921996099748,1.384759909007699,2.42735,3.0,LAE,24.373254432014114,24.399999999999984
292689,151.0967659084407,1.386118973912779,2.47805,3.0,LAE,23.91232197293021,23.999999999999986
292799,150.6280974548732,1.3831267146637674,2.434525,3.0,LAE,24.601601046230424,24.799999999999983
294076,150.7349126538498,1.369888386172827,1.5351,3.6666667,CONTAM,22.316217263204567,22.39999999999999
294156,150.5170557197144,1.3701630397713596,2.432575,2.75,LAE,24.48619231183528,24.599999999999984
294824,151.0773600787045,1.3637730524251261,2.4709,3.0,LAE,23.58436813526045,23.599999999999987
295748,150.56290686491894,1.355139339423716,2.43005,3.0,LAE,24.318337242758826,24.399999999999984
296148,151.2777126406716,1.350553111399831,2.4616,3.0,LAE,24.858321208528668,24.999999999999982
297782,151.27261639493145,1.3338885435190029,2.4314,3.0,AGN,22.78448851689111,22.79999999999999
299325,150.99070967185958,1.318841371747854,0.2844,0.0,UNDET,24.64256174214229,24.799999999999983
299472,151.17571489658457,1.3172886929040533,2.4459,3.0,LAE,24.547570760262165,24.599999999999984
299703,151.29430790115728,1.316316628582823,1.5488,0.0,UNDET,24.572824360537684,24.599999999999984
299859,150.83190392211588,1.314947735955374,2.42855,3.0,LAE,24.669650675126558,24.799999999999983
301107,150.7444979352083,1.3007826614933136,2.454725,3.0,LAE,23.59701219983218,23.599999999999987
302067,151.3468701571719,1.2901777018408438,2.456375,3.0,LAE,24.638354824923333,24.799999999999983
302090,150.6626811772375,1.2913804439036265,2.4509332,3.0,LAE,24.324011644587724,24.399999999999984
302578,150.93194080491324,1.2847836197311802,2.4233,3.0,LAE,24.052669652312982,24.199999999999985
302616,151.21323055448076,1.2846018500324898,3.0853,4.0,CONTAM,24.621905997542434,24.799999999999983
302973,150.87911207297256,1.282141535618134,0.0,0.0,UNDET,24.89573615393293,24.999999999999982
303350,151.37326385850707,1.2767893007018731,1.5443,0.0,UNDET,24.865312763438162,24.999999999999982
303424,150.99449213144626,1.2766902655650212,2.4709,2.5,LAE,24.83171168512875,24.999999999999982
303697,150.90616466432283,1.2739485075955657,2.43935,3.0,LAE,24.653170266044995,24.799999999999983
303700,150.6940946542787,1.2739632446966063,2.45385,3.0,AGN,23.318132137172974,23.399999999999988
304938,151.2558874411923,1.2608753066667193,2.46835,3.0,AGN,24.12389398522969,24.199999999999985
305021,151.1857761217476,1.2591760472067424,0.4813,4.0,CONTAM,24.932101309404906,24.999999999999982
305452,150.53066773932358,1.2537178790762955,2.4312,3.0,LAE,23.82090198697049,23.999999999999986
305759,150.81264413925754,1.2499857615422798,2.46345,3.0,LAE,23.750148117138554,23.799999999999986
306584,151.14655988022088,1.241126491582607,2.468175,3.0,LAE,24.691830666253566,24.799999999999983
306642,150.6376928172893,1.240533717122489,2.425825,3.0,LAE,24.106944299196318,24.199999999999985
306715,150.57382782836171,1.2401140644847353,2.42725,3.0,LAE,24.94647512017471,24.999999999999982
307707,150.96634507603991,1.2295284744898962,1.5427,0.0,UNDET,24.783731805211595,24.799999999999983
308118,151.39712873789622,1.2264866089446078,0.7315,0.0,UNDET,25.046816667464388,25.19999999999998
308322,151.37251469644127,1.2232838355918751,2.45115,3.0,LAE,25.03701763102733,25.19999999999998
309173,151.2414835644046,1.2142210806730067,2.4372,3.0,LAE,24.80284023394067,24.999999999999982
310866,150.62821993638897,1.197610518025616,2.4325333,3.0,LAE,24.630472462473712,24.799999999999983
311014,151.30725862830732,1.1960125951043532,2.456925,3.0,LAE,24.6207266356395,24.799999999999983
311938,150.63531333558595,1.186985974534185,2.4655,3.0,LAE,24.382081805035284,24.399999999999984
312164,150.67601537652777,1.1832175728645549,1.7395,4.0,CONTAM,23.33858046216754,23.399999999999988
312583,151.31962718723452,1.1788616268582532,1.398,1.0,UNDET,24.991443989472,24.999999999999982
312640,151.1460932918259,1.180310076805636,2.43335,3.0,LAE,24.48547955753862,24.599999999999984
312807,151.37320384244245,1.1839068173567022,2.469,2.5,AGN,24.609629232547906,24.799999999999983
312976,150.95336464008295,1.1752203661367397,0.0,0.0,UNDET,24.99843004158206,24.999999999999982
313190,151.2946263259092,1.1753938847753715,2.46145,3.0,LAE,24.38551085763085,24.399999999999984
314559,150.84548536291646,1.1599225309963972,2.469,3.0,LAE,24.82958693471147,24.999999999999982
314693,151.09882769721784,1.1580412426989657,2.4653,3.0,LAE,24.085654712066795,24.199999999999985
315016,151.27144345109332,1.1568301587530823,2.42415,3.0,LAE,24.313290163019957,24.399999999999984
315198,150.77470918669422,1.1542734377415402,2.4372,3.0,LAE,24.56797178498089,24.599999999999984
315760,151.27867097366376,1.1472787541391525,2.4555,2.0,UNDET,24.824635990552007,24.999999999999982
315893,151.4128339618607,1.1453600231867778,2.4798,3.25,LAE,24.743936043402474,24.799999999999983
315912,151.32496744101462,1.1456433104239279,2.468825,3.0,LAE,24.819801897824547,24.999999999999982
315958,151.29823850135529,1.1446200604791037,2.451925,3.0,LAE,24.329175409474985,24.399999999999984
316122,151.44104358717715,1.1428826332820845,2.4425,3.0,LAE,24.873353264624555,24.999999999999982
316528,150.63812149041829,1.137956626263325,2.47445,3.0,LAE,24.622446039305125,24.799999999999983
317189,151.25110595149408,1.1324951675848953,2.445,3.0,LAE,24.27286601638432,24.399999999999984
317498,150.98557703421764,1.127795658469427,2.4492,3.0,LAE,24.897260478338154,24.999999999999982
318536,150.887550201626,1.116651873114874,2.461925,3.0,LAE,24.75985727327269,24.799999999999983
320209,150.56818927421546,1.0991711449836188,2.4423,3.0,LAE,24.832721520174825,24.999999999999982
320347,150.59886399884124,1.096512403948089,2.475275,3.0,LAE,25.000140809817587,25.19999999999998
321146,150.64254082484314,1.0869942066095446,2.4329166,3.0,LAE,24.833302973439874,24.999999999999982
321159,151.0747980276205,1.0868625822903295,2.4477,3.0,LAE,24.267764028725104,24.399999999999984
322182,151.19923749244177,1.0763271907033278,0.0,0.0,UNDET,24.62084312652381,24.799999999999983
323210,151.4127804564403,1.0655779980056532,2.4395,3.0,LAE,23.328487156882645,23.399999999999988
323351,151.1438468334768,1.0676018118489423,3.46,2.0,UNDET,25.081412037379675,25.19999999999998
323504,150.56770288080924,1.062446969253504,2.442775,2.75,LAE,24.690424889292107,24.799999999999983
323605,150.89127415783793,1.061752514898231,2.4579,3.0,LAE,24.666490460933392,24.799999999999983
324220,150.72041686961887,1.054460265985261,2.4386334,3.0,LAE,23.94061619567791,23.999999999999986
325296,151.68420833812877,1.5734297737288092,2.45095,3.0,LAE,23.74542541343735,23.799999999999986
325397,151.22472652217547,1.5745226581124108,2.44075,3.0,LAE,24.8908756386652,24.999999999999982
326069,151.44940919474087,1.5672374063012544,2.4539,3.0,LAE,24.82584271341838,24.999999999999982
326235,151.61671459079437,1.5676932693737466,0.0,0.0,UNDET,24.581628225844014,24.599999999999984
327248,151.231322024501,1.5563164966391445,2.41925,3.0,LAE,24.589336752729146,24.599999999999984
327828,150.76812725969617,1.5512034297860053,2.4643,3.0,LAE,24.02336132123156,24.199999999999985
327970,151.60307285382902,1.5494072215361059,2.439075,3.0,LAE,24.29660945909257,24.399999999999984
327986,151.08342153276186,1.5498701514914663,2.4373,3.0,LAE,24.83848357241588,24.999999999999982
328634,150.7497958028699,1.5445553905890184,2.46405,3.0,LAE,24.918398487738457,24.999999999999982
328655,150.75457509962334,1.5441556200743998,2.4282,3.0,LAE,24.33794052451628,24.399999999999984
328990,150.81822328370617,1.539559610056704,2.4688,3.0,LAE,24.99761050247043,24.999999999999982
329042,151.46127815085924,1.538447190170432,0.0,0.0,UNDET,24.653846544255615,24.799999999999983
329899,151.03626012702227,1.5318495408391244,2.4358,3.5,AGN,23.507164029741386,23.599999999999987
330652,151.51313629245305,1.524141253933985,2.42585,3.0,LAE,24.890958234876628,24.999999999999982
330699,150.93630012803825,1.5240146257630502,2.4175,3.0,LAE,24.835369230904345,24.999999999999982
331732,151.67956523107475,1.5124378657255348,2.4476,3.0,LAE,24.636392340748785,24.799999999999983
332346,151.6013177079887,1.5065060501842216,2.441575,3.0,LAE,24.29625821347689,24.399999999999984
332633,151.10852128098153,1.5049280611345455,2.4259,3.0,LAE,24.213120740505012,24.399999999999984
333212,150.79014206728024,1.5020288430879054,2.4407,3.0,LAE,23.29629430509314,23.399999999999988
333934,151.6433890469061,1.491050308988326,1.0886,3.0,CONTAM,24.687257768866704,24.799999999999983
334097,151.20650913644891,1.50288052423063,2.4634,3.0,LAE,24.832919328564795,24.999999999999982
334246,151.119921297537,1.4873084912513814,2.42445,3.0,LAE,23.892042017301716,23.999999999999986
336857,150.56109796143664,1.4624479872326797,2.4373,3.25,LAE,23.525452935980972,23.599999999999987
338405,150.4785226238876,1.3437895946658702,2.4673,3.0,LAE,24.50204716992205,24.599999999999984
338519,151.49721459915216,1.4459879236414697,0.0,0.5,UNDET,25.01556857303973,25.19999999999998
338628,151.17971515671584,1.4454483577118662,2.466025,3.0,LAE,23.96456135888135,23.999999999999986
338813,151.18075466970595,1.4448141768814533,2.464175,3.0,LAE,24.435032566611902,24.599999999999984
340775,151.18982238554534,1.4246381512072972,2.476,2.0,UNDET,24.920092664655392,24.999999999999982
341818,150.52294094816068,1.4141805499700641,2.431475,3.0,LAE,23.73504059898961,23.799999999999986
341825,150.6190843240401,1.4150169368264525,2.4294,3.0,LAE,23.86597888682879,23.999999999999986
342997,151.14778876146005,1.4038713840319885,2.4146,3.0,AGN,24.380753326422003,24.399999999999984
343989,150.7030767130534,1.3858559957186836,2.4756,3.0,AGN,24.394044709772093,24.399999999999984
344488,150.58347670452022,1.3890905723252684,2.44,2.0,UNDET,24.92654373788744,24.999999999999982
345252,148.54007450688536,1.5835316156106127,2.447,3.0,LAE,23.765393811962817,23.799999999999986
346456,149.17973701258748,1.595785679753554,2.418,3.0,LAE,24.452446682836857,24.599999999999984
346605,148.84681949824562,1.5970952805263685,2.4547,3.0,LAE,24.433881069240243,24.599999999999984
347680,148.6404300365944,1.6076657066458961,2.4231,3.0,LAE,24.94216565420038,24.999999999999982
347718,149.4702598586282,1.6076629936276436,2.4457,3.0,LAE,24.1765568280615,24.199999999999985
348365,149.27717936323606,1.6125401963437413,2.4619668,3.0,LAE,24.82627564378177,24.999999999999982
348857,148.78127134501764,1.6179649599807462,2.441625,3.0,LAE,24.98533481204975,24.999999999999982
349579,148.9164046071214,1.6239614738700268,2.43,3.0,LAE,24.736501844500516,24.799999999999983
350363,148.93554265196093,1.6308382880850651,2.4675,3.0,LAE,24.353570239291727,24.399999999999984
350596,148.62022452419717,1.632869394100837,2.43485,3.0,LAE,23.98073070366141,23.999999999999986
350646,148.77144165107495,1.6334595745437577,2.4295,3.0,LAE,24.327597334593968,24.399999999999984
350776,148.9165702318095,1.634223788840516,2.4267333,3.1666667,LAE,23.21355347322446,23.399999999999988
351973,148.97944955542206,1.6463941678273424,2.42325,3.0,LAE,24.71148337463134,24.799999999999983
352066,148.92413109486432,1.647075897120138,2.421675,3.0,LAE,24.571795020547366,24.599999999999984
352375,148.81543670806886,1.6496279310069484,2.45825,3.0,LAE,24.619041342078322,24.799999999999983
352738,149.29590050698016,1.6534915479658214,2.47765,3.0,LAE,24.65288598854623,24.799999999999983
354265,148.53892079341216,1.6643515604299035,2.450275,3.0,LAE,24.199292570407323,24.199999999999985
356694,149.56098995776276,1.691689353442359,2.4515333,3.0,LAE,24.88007897599709,24.999999999999982
356827,148.81664156140715,1.6919242403405663,2.4747,3.0,LAE,24.02972150467667,24.199999999999985
356875,149.09280047238903,1.692982655176659,2.47275,3.0,LAE,24.672283886621145,24.799999999999983
358136,148.64082106772733,1.7042556463459853,2.46075,3.0,LAE,24.52931222542744,24.599999999999984
358231,148.82972055144577,1.7044798421132887,2.47595,3.0,LAE,23.888755588212266,23.999999999999986
358498,149.15957005774854,1.7072386516395996,2.4269,3.0,LAE,24.38395697401172,24.399999999999984
358757,148.60555623073193,1.7100957884254164,2.436575,3.0,LAE,23.891377321476348,23.999999999999986
359424,148.86823810807564,1.7165767577080242,2.4477,2.0,UNDET,25.36050806431544,25.39999999999998
359934,148.88727372914732,1.7209134426198611,2.4524,3.0,LAE,24.4297072107268,24.599999999999984
360327,149.43765143823998,1.724559634575392,2.4256,3.0,LAE,24.828967335164688,24.999999999999982
361316,148.63698009533027,1.7322147010319435,2.46295,3.0,LAE,24.381152012222046,24.399999999999984
361534,148.81294522132575,1.7333851573241987,2.45925,3.0,LAE,23.33327821535363,23.399999999999988
361918,149.01858902027632,1.7379291955862783,2.4741,3.0,LAE,24.222858851379087,24.399999999999984
362767,148.95940007247353,1.7420963050465454,2.4328,3.0,LAE,23.66449260689651,23.799999999999986
362971,148.82629926127345,1.7470811889771865,2.44325,3.0,LAE,24.639569422447387,24.799999999999983
364013,148.86775074085347,1.756958200630157,2.453175,2.75,LAE,24.879435724175913,24.999999999999982
364371,149.20639335005782,1.7600561269455999,2.4693,3.0,LAE,24.899347540342497,24.999999999999982
364563,148.8686678000197,1.7596181976598575,2.47685,3.0,LAE,23.865405986691076,23.999999999999986
365306,148.874566117493,1.7678527518474634,2.439,3.0,LAE,24.61243353298647,24.799999999999983
365463,149.1269789371101,1.768831974673995,2.4029,3.0,LAE,23.989257326528644,23.999999999999986
365591,149.33865257037485,1.770293122014625,2.45245,2.5,LAE,24.89441505432274,24.999999999999982
366429,149.49591141659081,1.7783258917826934,2.4323332,3.0,LAE,24.76323773984412,24.799999999999983
366869,148.66041824608175,1.7811593624720774,2.46365,3.0,LAE,24.177451771821588,24.199999999999985
367013,149.18727632463285,1.7828932387532388,2.4648,3.0,LAE,24.54872985235416,24.599999999999984
367281,149.59315651230582,1.785750254014444,2.4785,2.6666667,LAE,24.141248411585615,24.199999999999985
367327,148.76446163611874,1.7863123522582949,2.45685,3.0,LAE,24.89289154668204,24.999999999999982
367776,148.75117922322406,1.7902571738713295,2.4443,3.0,LAE,24.776758601847128,24.799999999999983
368074,149.08379468998996,1.7926768901956354,2.44215,3.0,LAE,23.98223806385434,23.999999999999986
368548,148.9055250737033,1.7970605818083285,2.439025,3.0,LAE,24.285969885353726,24.399999999999984
369443,148.83529868351243,1.8047084206170751,2.4656,3.0,LAE,24.288679855219186,24.399999999999984
370079,149.5060178568752,1.8091322701230015,2.3997,3.6666667,AGN,21.62743072845022,21.799999999999994
372078,148.75865014912114,1.82675393755034,2.449325,3.0,LAE,24.307019933041133,24.399999999999984
372257,149.17494448933053,1.828292999651084,2.460425,3.25,LAE,22.975342608977105,22.99999999999999
373120,149.16213860817956,1.8380930116272305,2.462275,3.0,LAE,24.668084451658416,24.799999999999983
373821,148.9389204431501,1.8440965091274655,2.46595,3.0,LAE,24.607729883407004,24.799999999999983
375386,148.85208718463878,1.8587280879695562,2.4287,3.0,LAE,25.158549937993854,25.19999999999998
375492,148.93946308451288,1.8599908545603454,2.4344,2.0,UNDET,25.154991140334744,25.19999999999998
375830,148.97231597483403,1.8622904119512829,0.0,0.0,UNDET,25.085063593725803,25.19999999999998
375910,148.99603737098326,1.8633754468134787,2.4344,3.0,LAE,24.662426241292817,24.799999999999983
377298,148.94606772622416,1.8741033107454135,2.428025,2.75,LAE,24.550566810396965,24.599999999999984
377371,148.8611912072907,1.8761420706318326,2.4417,3.0,LAE,24.695951596730062,24.799999999999983
377401,148.57116471005546,1.8759259109920374,0.0,1.0,UNDET,24.32337502097066,24.399999999999984
377483,148.77433604789292,1.877357465721542,2.4437,3.0,LAE,25.05376068197229,25.19999999999998
379864,148.90399092688568,1.8971682879418976,0.0,0.0,UNDET,24.4522803866824,24.599999999999984
380161,149.2758892035445,1.899712962061119,2.4591,3.0,LAE,23.64762557629899,23.799999999999986
380262,148.8736064512117,1.9008220437728227,2.4535,3.0,LAE,24.484382920989855,24.599999999999984
380388,148.94523818427714,1.9014330586515604,2.4396,3.0,LAE,23.9161475559249,23.999999999999986
381598,148.74689928536503,1.9124525220131596,2.4489,3.0,LAE,24.16607561576728,24.199999999999985
381668,148.7263872665238,1.9126888103319784,2.44615,3.0,LAE,24.003518867424205,24.199999999999985
382490,148.84147802535975,1.9201585434923483,2.45705,3.0,LAE,24.75404282566317,24.799999999999983
383242,149.14410545939202,1.9257781126403042,2.458875,3.25,LAE,23.213913209681028,23.399999999999988
384048,148.89072218358996,1.9333066368866108,2.4301,3.0,LAE,24.35268151957896,24.399999999999984
384375,148.90983182476563,1.9366100085866946,2.43095,3.0,LAE,24.513858907213258,24.599999999999984
384908,148.66561168992916,1.9400802079158754,2.43695,3.0,LAE,23.845789511455997,23.999999999999986
385226,149.02806234098435,1.94466291253888,2.4667,3.0,LAE,25.028353414728446,25.19999999999998
385350,149.32025143259432,1.9453158182241157,2.4582,3.0,LAE,24.432427593554127,24.599999999999984
385484,148.74416590866164,1.9464096157262936,2.4232,3.0,LAE,24.711211650476407,24.799999999999983
385832,148.94987670477659,1.9492209382851358,2.4306,3.0,LAE,24.584610670306247,24.599999999999984
387598,149.11633344942723,1.9634725526317676,0.0,0.0,UNDET,24.863405327444095,24.999999999999982
387724,148.95312625942006,1.9666805237089637,2.432625,3.0,LAE,24.739436715849596,24.799999999999983
387761,149.46307207462186,1.9670568785579443,2.46575,3.0,LAE,24.730210932731424,24.799999999999983
388084,148.81193201797194,1.9693098785646221,2.4652,3.0,LAE,25.070446271664984,25.19999999999998
389086,149.31401297714783,1.9779907500720846,2.4734,3.0,LAE,24.98315226146196,24.999999999999982
389807,148.74601258493638,1.9842277395645955,2.46165,3.0,LAE,24.78488451757829,24.799999999999983
390303,149.23669950546247,1.9881061937237237,2.4671,3.0,LAE,23.055040021956785,23.19999999999999
390312,148.94400163195144,1.988419015636865,2.433925,3.0,LAE,25.044005210901883,25.19999999999998
390989,149.31265320350968,1.99456960530906,2.41945,3.0,LAE,24.55200426342882,24.599999999999984
391365,149.50224606476726,1.9986343913537719,2.4563,2.0,UNDET,24.850562987372165,24.999999999999982
391431,148.72492348938184,1.9981832101881183,2.44445,3.0,LAE,24.211069175387966,24.399999999999984
392075,149.0784275559855,2.0027309629203334,2.4655,3.0,LAE,22.886781407622802,22.99999999999999
393029,149.33353856286934,2.0133443068300476,0.0,0.0,UNDET,24.936042915764975,24.999999999999982
393385,148.88407828841713,2.014691137016713,2.47,3.0,LAE,23.643110051483074,23.799999999999986
393870,149.0970379912546,2.0195507099102445,2.445,3.0,LAE,24.059093329543625,24.199999999999985
394205,149.27425949003313,2.0231515054975087,0.0,0.0,UNDET,24.76482799425384,24.799999999999983
394402,149.5641994030458,2.025229045682619,0.0,1.0,UNDET,24.983862133833156,24.999999999999982
394426,149.4190344881737,2.0234490400185945,2.42545,3.0,LAE,25.044036725604965,25.19999999999998
394869,148.9795551117446,2.028495247697445,2.4484,3.0,LAE,24.217363367221715,24.399999999999984
396125,148.74090287963855,2.0393459403285283,2.429275,3.0,LAE,23.592657104104404,23.599999999999987
396796,149.55940823111897,2.046955402513614,0.0,0.0,UNDET,24.64592420330748,24.799999999999983
397443,149.2732399203686,2.052776400285073,2.47315,3.0,LAE,24.028980423726413,24.199999999999985
397479,149.4178184554153,2.052296114711852,2.42345,3.0,LAE,24.136516521087422,24.199999999999985
397495,149.02019090522174,2.0534382151276422,0.0,0.0,UNDET,24.879101694107952,24.999999999999982
398744,148.8183154192918,2.0648823352765913,2.4595,3.0,LAE,24.25289635497154,24.399999999999984
400347,148.9230256473225,2.080813731824641,0.0,0.0,UNDET,25.299449630772557,25.39999999999998
400597,148.92793745683562,2.081973076783841,2.4508,3.0,LAE,23.262524031299222,23.399999999999988
400723,148.91188982559663,2.0841221179903155,2.4502,3.0,LAE,24.679049901204763,24.799999999999983
400994,148.88185055828274,2.085584802169164,2.4282,3.0,LAE,23.7525003236278,23.799999999999986
402836,149.08082733644466,2.1028489987824086,2.4345,3.0,LAE,24.84273831134931,24.999999999999982
402935,149.52183879825725,2.1041965733263197,2.4603,3.0,LAE,24.903871676771395,24.999999999999982
403603,149.29872412938957,2.109139892281136,2.42595,3.0,LAE,23.46035048677259,23.599999999999987
404186,148.82978487507813,2.114694568440059,2.46065,3.3333333,LAE,24.39779037232165,24.399999999999984
404302,149.2896407304242,2.115481859273843,2.4232,3.0,LAE,23.560490317442614,23.599999999999987
404528,148.836337584303,2.1177771736508104,2.46,3.0,LAE,24.12911737907433,24.199999999999985
404804,148.95418456093515,2.1209165959656224,2.45475,3.0,LAE,24.714439665059736,24.799999999999983
404857,149.18216928366482,2.1212746571544523,2.4893,4.0,AGN,23.110494455313205,23.19999999999999
404904,148.91833235806996,2.1222255589710595,2.44205,3.0,LAE,24.73565203945294,24.799999999999983
404945,149.2442767287039,2.1226880707879325,2.4425,3.0,LAE,24.673445746073632,24.799999999999983
405755,149.51579716617832,2.130896710978679,2.42575,2.0,UNDET,24.6901962401912,24.799999999999983
406199,148.89833203157832,2.134562335339921,2.4569,3.0,LAE,24.359627016816624,24.399999999999984
406644,148.992358701996,2.1387790429466773,2.4529,3.0,LAE,25.042098499237234,25.19999999999998
407085,148.87893850786503,2.1385597682051873,2.45605,3.0,LAE,22.90772331050574,22.99999999999999
407256,149.30972169595975,2.144392885486289,2.425525,3.0,LAE,24.779095629611536,24.799999999999983
409634,149.3465445700292,2.1663229887454656,2.455,3.0,LAE,24.853807684964114,24.999999999999982
409972,149.23652926186622,2.168823482382658,2.4378,3.0,LAE,24.44100758781341,24.599999999999984
410260,149.2733474897796,2.17157468707143,2.4749,3.0,LAE,25.179606103772763,25.19999999999998
411975,149.33014486119285,2.186189287821178,2.4562,3.0,LAE,24.2722352732103,24.399999999999984
412920,149.07395268020582,2.194227119351433,2.4552,3.0,LAE,23.999184869952227,23.999999999999986
413872,149.11956032336818,2.203074385813295,2.442725,2.75,LAE,24.721174091469624,24.799999999999983
414033,149.04805101380646,2.203201851883688,2.47395,3.0,LAE,24.479451682924353,24.599999999999984
415877,149.33207252356834,2.2217048583939047,2.458,2.0,UNDET,24.79884719239557,24.799999999999983
416299,148.87235588198922,2.224790559812142,2.44425,3.3333333,LAE,23.79729970608355,23.799999999999986
417158,149.01938233746714,2.2334240533123775,2.4808,3.0,LAE,24.69606776601371,24.799999999999983
417850,149.1526572817765,2.240152777074378,0.0,0.0,UNDET,25.10834696217889,25.19999999999998
417926,148.95849269066167,2.2397087876170914,1.1255,4.0,CONTAM,23.50418756935791,23.599999999999987
418539,149.13491143454968,2.2452472208590786,2.45675,3.0,LAE,24.127976134684843,24.199999999999985
418612,149.23522902344752,2.2469918276938285,0.5685,4.0,CONTAM,25.01800007846654,25.19999999999998
418650,148.935515097979,2.2463547213109902,2.45505,3.0,LAE,24.060590445514425,24.199999999999985
419549,149.48719627239612,2.255099705735798,2.4489,3.0,LAE,24.936817710594475,24.999999999999982
420212,149.33873326819267,2.2612765856649983,2.4392,3.0,LAE,24.7472367080083,24.799999999999983
421260,149.39681706069354,2.2707744662636338,2.444,3.0,LAE,25.079474810071257,25.19999999999998
421768,149.30936286758723,2.2753174003521264,2.43145,3.0,LAE,24.62310955019859,24.799999999999983
422895,148.95470870107272,2.285766560854943,2.4464,3.0,LAE,24.783760645478345,24.799999999999983
424127,149.03528222034024,2.2957090659243478,2.4575,3.0,LAE,23.977101715220098,23.999999999999986
425675,149.5816820238767,2.3108355879482376,2.4295,3.0,LAE,24.870655787133526,24.999999999999982
425934,149.1029968039304,2.3132605227535517,2.4556,3.0,LAE,24.984199855736847,24.999999999999982
426152,148.95085881840396,2.3151325342620317,0.0,0.0,UNDET,24.595278459008615,24.599999999999984
426570,149.01054793235116,2.3174966814442834,2.4509,3.5,LAE,22.899870090237773,22.99999999999999
427800,148.9129355312864,2.3280572162729327,1.7215,4.0,CONTAM,21.31874310269825,21.399999999999995
427878,149.46497216225293,2.3307593898437053,2.43435,3.0,LAE,24.76475192836747,24.799999999999983
428859,149.35402896666804,2.339394591940051,2.44775,3.0,LAE,24.736061639462555,24.799999999999983
428928,148.79848311236003,2.337707088337809,2.4282,4.0,LAE,23.658554700046412,23.799999999999986
429663,149.28151881468054,2.346406137287362,2.4212,3.0,LAE,25.055035985896627,25.19999999999998
429915,149.0780380633327,2.347868537821335,2.4759,3.0,LAE,24.820694889151287,24.999999999999982
430561,148.90462263120082,2.3540283388400014,2.4274,3.0,LAE,24.571439193560742,24.599999999999984
430915,148.97609140685947,2.356575056128498,0.0,0.0,UNDET,24.713596518775002,24.799999999999983
431101,149.30261626330343,2.3586496183188284,2.4548,3.0,LAE,24.215854071733954,24.399999999999984
432195,149.3737811339186,2.3691770309759463,2.46525,3.0,LAE,24.487812125185506,24.599999999999984
432318,148.91304071851744,2.3691931104298747,2.4348,4.0,LAE,23.263600081301007,23.399999999999988
432328,149.18379789959735,2.3703527399487574,0.0,0.0,UNDET,24.68113523847165,24.799999999999983
434899,149.07465563783688,2.3930625361663695,2.4741,3.0,LAE,23.943250089855756,23.999999999999986
436450,148.95426052091318,2.401536400131051,2.4371667,3.6666667,LAE,23.6737352664086,23.799999999999986
436984,148.76519067539624,2.410568825172916,2.4443667,3.3333333,LAE,22.784144452698143,22.79999999999999
437157,149.06604953656674,2.410937693584782,2.4735,4.0,AGN,20.721101825456014,20.799999999999997
438663,149.5226110762895,2.4267792884301524,0.0,0.0,UNDET,24.655886970873674,24.799999999999983
439318,148.73094288086818,2.4316181639891457,2.4566,3.0,LAE,23.437503234818934,23.599999999999987
439614,148.66681907986174,2.43478736425378,2.4535666,3.3333333,LAE,24.192000829679127,24.199999999999985
440019,149.43750622084508,2.438885047008025,2.44735,3.0,LAE,24.878919738588685,24.999999999999982
440716,149.1777309033253,2.4461928801753623,0.5339,3.0,CONTAM,25.092163717923274,25.19999999999998
441640,148.97829361499637,2.453408748219066,2.4184,4.0,LAE,24.40759028571592,24.599999999999984
442554,148.66122157374056,2.4619669899954415,2.4498668,3.6666667,LAE,24.353719328681073,24.399999999999984
442917,148.94021555143408,2.4657058057094647,0.0,0.0,UNDET,25.04568367584955,25.19999999999998
443380,148.80967794573385,2.4702485709058712,1.4127,3.5,CONTAM,25.000249200140665,25.19999999999998
443471,149.12808854482643,2.4706655449109713,2.46615,3.0,LAE,24.427784670285064,24.599999999999984
443498,149.07150663455985,2.4706030698397745,2.47325,3.5,LAE,24.00686767107095,24.199999999999985
444232,149.06517639204162,2.477892646804589,2.42835,3.0,LAE,24.852463141602456,24.999999999999982
445306,149.09169904700474,2.487493027642039,2.4388,3.0,LAE,24.462442026674818,24.599999999999984
445923,148.9515626807311,2.4916530754121013,2.4563,3.0,LAE,24.556523064530218,24.599999999999984
446383,149.0780057635792,2.4953827635904506,2.4076,4.0,AGN,22.55828178701151,22.59999999999999
446538,148.8918574052211,2.4984416110190044,0.0,0.0,UNDET,25.08704406917022,25.19999999999998
446737,148.82130595945853,2.499286927395396,2.4455,3.6666667,LAE,23.78845453746734,23.799999999999986
447134,149.09740404739165,2.5036504956548633,2.47865,3.0,LAE,23.90414044646864,23.999999999999986
447951,149.34180310925518,2.5114983105193716,2.4751,3.0,LAE,24.796932132848664,24.799999999999983
449039,149.438068939845,3.0250366295705615,0.0,0.0,UNDET,24.643769964847884,24.799999999999983
449044,148.92141649841298,3.024944305245979,2.46005,3.5,LAE,23.711526087521424,23.799999999999986
449256,148.78218179112892,3.021901533164926,2.4786,4.0,AGN,23.46569510902236,23.599999999999987
449521,149.41936952269612,3.0202429128751076,2.46,3.0,LAE,24.936968379208963,24.999999999999982
450564,149.13749378205952,3.01019553627154,2.4471,4.0,LAE,24.0694631642846,24.199999999999985
450980,149.0669426398861,3.0062753912468563,2.4709,3.0,LAE,24.956639081361637,24.999999999999982
451222,149.3552293841982,3.0078043688401563,2.432,4.0,LAE,24.04729874465277,24.199999999999985
452256,149.16507545272577,2.9950706687701665,2.4552,3.0,LAE,25.160338920116487,25.19999999999998
452337,148.79356824534796,2.992521389575836,2.4231,4.0,LAE,24.01908215129124,24.199999999999985
452947,149.0111152352648,2.991050794846306,2.4399,3.0,LAE,24.77567250987636,24.799999999999983
454958,148.815231507058,2.969096870535502,2.42165,3.0,LAE,24.893283186840144,24.999999999999982
455222,148.652848313929,2.9641332596485714,0.0,0.0,UNDET,24.780225378316697,24.799999999999983
455280,148.94521902992648,2.9644349702611517,2.4714,3.0,LAE,24.676580921392993,24.799999999999983
455428,149.43543911386817,2.9624443895583035,2.4295,4.0,LAE,23.147539290589673,23.19999999999999
455796,148.74054303738018,2.959056500849438,2.4658,3.0,LAE,24.68725261237608,24.799999999999983
457033,149.28358669942003,2.9482574977376848,2.463,3.0,LAE,23.71219713971074,23.799999999999986
457320,149.35287833452713,2.9472675883899493,2.4632,3.0,LAE,24.80418656945017,24.999999999999982
457749,149.1369909634784,2.9425772101285883,2.4586,3.0,LAE,24.833541008589247,24.999999999999982
458168,148.84977350034984,2.939698108216304,2.4251,3.0,LAE,24.994092053063273,24.999999999999982
458339,149.56302773323452,2.9386759946836123,2.4553,3.0,LAE,24.43597160300601,24.599999999999984
458664,149.3643498952071,2.9363982971589553,2.4392,3.0,LAE,24.579354027218713,24.599999999999984
459117,148.71171478604657,2.9301710719164102,2.4729,3.0,LAE,24.764400875946155,24.799999999999983
459993,149.14615213090582,2.920499816237875,0.639,3.5,CONTAM,23.858634925507673,23.999999999999986
460075,148.65083324441335,2.920344477218742,2.4579,3.0,LAE,24.443335340717333,24.599999999999984
460657,149.56185165611572,2.9153856117209354,2.435,3.0,LAE,24.477007137185172,24.599999999999984
461058,148.57824498113368,2.910371273398923,2.4459,3.0,LAE,24.65552280898482,24.799999999999983
462450,148.91054388109026,2.8975940446620556,2.44,2.0,UNDET,25.063266649873384,25.19999999999998
462616,148.8363552000726,2.896865361225142,0.0,0.0,UNDET,24.82514029821506,24.999999999999982
463709,149.45953845979983,2.886104773426734,2.465,3.0,LAE,24.987634809614878,24.999999999999982
464622,149.26428052092197,2.876793706324068,2.4324,3.0,LAE,24.41815435432158,24.599999999999984
465566,149.08339372532762,2.8690077891782604,0.0,0.0,UNDET,24.755400637919646,24.799999999999983
466463,148.95846241279088,2.858077014102552,2.4734,3.0,LAE,24.59254337682374,24.599999999999984
467980,149.3211711254275,2.842730119417199,2.46445,3.0,LAE,23.84762024348936,23.999999999999986
468207,149.54614012515435,2.845042615068115,2.4787,3.0,LAE,24.74310188035769,24.799999999999983
468479,149.21211256574855,2.8388219308427454,2.4316,4.0,LAE,24.505883836187095,24.599999999999984
468611,149.46827177125516,2.83789222246827,2.48,3.0,LAE,24.701903042781392,24.799999999999983
468881,149.12205378788485,2.839455840870375,2.46395,3.0,LAE,24.70017881720851,24.799999999999983
470359,149.05665934885255,2.8216131632732324,0.0,0.0,UNDET,24.57823391989386,24.599999999999984
470386,148.53678222121306,2.8200129412921995,2.4489,3.0,LAE,24.3087890435528,24.399999999999984
471589,148.7295175515594,2.8064332338462683,2.4698,4.0,LAE,24.430937976598894,24.599999999999984
471919,149.2655606821932,2.8042799152948805,2.4093,1.5,UNDET,22.68931476455903,22.79999999999999
472086,148.5810576526806,2.8029503058527165,2.4766,3.0,LAE,24.418749096006856,24.599999999999984
472174,149.36687881610794,2.801739242960677,2.45175,3.0,LAE,24.84211230090261,24.999999999999982
474600,148.79813601133847,2.7786612849070225,0.2753,3.0,CONTAM,24.158251019910892,24.199999999999985
476377,148.7650317095545,2.762859964584673,2.43,3.0,LAE,24.117543297050382,24.199999999999985
477469,149.05027467710087,2.752800508592444,2.4758,4.0,AGN,22.966665592386867,22.99999999999999
477995,148.5263244795063,2.7476165807608877,0.9543,1.0,UNDET,24.7702296097796,24.799999999999983
478658,148.8837366577843,2.7416590248776656,0.0,1.0,UNDET,25.110097272339296,25.19999999999998
479957,149.46695608573424,2.735602460584594,2.4254,4.0,LAE,25.111605137188747,25.19999999999998
481803,149.4452240145921,2.7149769575768317,2.4403,3.0,LAE,24.888695360118493,24.999999999999982
482571,149.58732964833598,2.7054843046709696,2.44165,3.0,LAE,24.46869745428193,24.599999999999984
483298,149.08316460644906,2.699916859100003,2.4176,3.0,LAE,25.110523123844835,25.19999999999998
483355,149.09159270844916,2.698227722325974,0.0,0.0,UNDET,24.759344772779524,24.799999999999983
484445,148.71462168760007,2.6884462492060837,2.4652,3.0,LAE,24.511488759184495,24.599999999999984
484503,149.0958136470769,2.6882394254279696,2.42495,3.5,LAE,23.866654952684744,23.999999999999986
485962,149.55509858524826,2.673499548401081,2.4575,3.0,LAE,24.205633239142898,24.399999999999984
485972,148.97617250238642,2.6747026910908027,2.4322,4.0,LAE,23.107759528836183,23.19999999999999
486321,149.22914956040367,2.6714469058711168,2.3935,4.0,AGN,23.93338680510291,23.999999999999986
486922,149.3825260236194,2.665417579868887,2.4578,3.0,LAE,23.856345954936714,23.999999999999986
486959,148.89381707917352,2.664924466149302,2.4734,3.5,LAE,23.983697676886788,23.999999999999986
487692,148.9796767981523,2.65768681019106,2.2743,1.0,UNDET,24.815177152503097,24.999999999999982
488252,148.7172206387779,2.6530996093908494,0.0,0.0,UNDET,24.593721422681966,24.599999999999984
489214,149.3076504151424,2.646827865147259,2.424,2.0,UNDET,23.688887845919485,23.799999999999986
489241,149.39838601954648,2.645805080133177,2.478,3.0,LAE,24.66224190585372,24.799999999999983
489478,149.52699522848457,2.643387329520951,2.43645,3.0,LAE,24.616445357568832,24.799999999999983
490393,148.60280617792108,2.6323265900496193,2.4518666,3.6666667,LAE,23.919039493093045,23.999999999999986
490811,148.68788039323783,2.628259701952123,2.4283,3.0,LAE,24.586745693664604,24.599999999999984
490842,148.6696062871092,2.629221250668956,0.5718,3.0,CONTAM,24.98643064373854,24.999999999999982
491249,148.90179388610494,2.636189313231254,0.0,0.0,UNDET,24.88933013390755,24.999999999999982
491370,148.99522119860458,2.627372638197156,2.4678,3.0,LAE,24.73171627679481,24.799999999999983
493538,149.37674382751362,2.609414203137496,2.47655,3.0,LAE,24.091719151273647,24.199999999999985
493541,149.01133860521796,2.6066022493448715,2.4351,3.0,LAE,24.621023876622054,24.799999999999983
494649,149.28458329279403,2.5990791937140347,2.4653,3.0,LAE,25.026891114440886,25.19999999999998
494774,148.68574963369542,2.5955826779602362,2.46615,3.0,LAE,24.70126173258216,24.799999999999983
495364,149.15890663753024,2.589376006782256,2.4593,4.0,LAE,23.85875972349356,23.999999999999986
496842,149.06356594098156,2.576790607610332,2.4587,3.0,LAE,24.546291549337653,24.599999999999984
497226,148.8227809881008,2.573284923591227,2.44,3.0,LAE,23.953768422551647,23.999999999999986
497283,149.04869739561906,2.5728621263224167,2.459,3.0,LAE,24.72923047195687,24.799999999999983
497628,149.25762411802023,2.5710506879043873,2.46415,3.5,LAE,23.380218033435472,23.399999999999988
497734,149.10013921789064,2.5695901725001606,2.49,2.0,UNDET,24.981105474177234,24.999999999999982
498959,148.8087868522352,2.558506723975206,0.0,0.0,UNDET,24.635163126180313,24.799999999999983
500170,149.50594939531803,2.5499147247352894,2.47475,3.0,LAE,24.583818735533313,24.599999999999984
500727,149.29122282043969,2.5452145125333825,2.4296,3.0,LAE,24.530369472908035,24.599999999999984
501105,148.69700678784147,2.5392928783199267,2.4684,3.0,LAE,24.721170853137824,24.799999999999983
501590,148.9679235674814,2.535435814332536,2.44455,3.0,LAE,25.060046292319416,25.19999999999998
502901,149.04081947406735,2.52776651501254,2.45945,3.5,LAE,23.374419999560057,23.399999999999988
503252,148.86037638844647,2.520455346266307,2.4475667,3.6666667,LAE,23.532007715218842,23.599999999999987
503343,148.78799582806428,2.5195339423963095,2.8123,3.0,CONTAM,24.89958393076808,24.999999999999982
503592,148.9103298333884,2.519768461868959,2.4426,3.0,LAE,24.513079046902536,24.599999999999984
503741,149.11821499874043,2.516411692575819,1.7031,4.0,CONTAM,22.259324839370944,22.39999999999999
504703,149.17261230273365,3.0681833124138405,0.0,2.0,UNDET,24.674940346451976,24.799999999999983
505213,148.8421507436767,3.066172129368924,2.4307,2.0,UNDET,24.3806247684073,24.399999999999984
506320,149.06748554682503,3.051336787479966,2.4624,3.0,LAE,24.103276872609246,24.199999999999985
506457,148.7829649030561,3.04958421443325,2.4259,3.0,LAE,24.716315906372717,24.799999999999983
506487,148.95666558980062,3.0499594761096676,2.4551,3.0,LAE,24.954667781550523,24.999999999999982
506960,149.2576848382886,3.0340606905215957,0.0,0.0,UNDET,24.702436552495158,24.799999999999983
509849,149.99245868145417,1.595628125950446,2.4336,2.8333333,LAE,24.601340372780733,24.799999999999983
510060,150.82370002641593,1.5968383956803198,2.4593,3.0,LAE,24.72497391230696,24.799999999999983
510125,150.40619247559138,1.5983147912656037,2.4747,3.0,LAE,24.8116020225216,24.999999999999982
510450,150.79782148525567,1.600750479154579,2.45775,3.0,LAE,24.83912443439787,24.999999999999982
510478,150.6866678519234,1.6007216966705204,2.4593,3.0,LAE,24.101289714071363,24.199999999999985
510861,151.04788262226614,1.6026627689390132,2.437,2.0,UNDET,24.753202436772494,24.799999999999983
511584,150.1342370830618,1.6104819944333604,2.43,3.0,CONTAM,25.070939110520985,25.19999999999998
511728,150.6380001495162,1.6119562279467252,2.463525,3.0,LAE,25.01254185050566,25.19999999999998
512825,151.0278435122373,1.6213374974690287,2.4327,2.0,UNDET,24.79097998078672,24.799999999999983
515769,149.82763488365626,1.6472517347095443,2.4166,3.5,LAE,24.152283382296616,24.199999999999985
516068,150.92364777592593,1.6501001122471772,2.4508,3.0,LAE,24.57731463607893,24.599999999999984
516649,150.09753714377052,1.65506620067818,2.4531,3.0,LAE,24.438427815838384,24.599999999999984
518490,150.96908811455785,1.6720857377974137,2.492325,2.75,LAE,24.973631559498198,24.999999999999982
519068,149.8669898121445,1.6774942523808365,2.4504,3.3333333,LAE,24.73400951862775,24.799999999999983
519093,150.63458545913085,1.6776170629929859,2.438,3.0,LAE,24.81296853673853,24.999999999999982
519142,150.95853974623805,1.6778613241949956,2.46275,3.0,LAE,24.742429170579353,24.799999999999983
519250,150.14647116440318,1.6795071931710837,2.4224,3.0,LAE,24.719451507047815,24.799999999999983
520874,150.9104085058274,1.6947719468307858,2.449,3.0,LAE,24.64648893827972,24.799999999999983
521064,149.81500159650676,1.695571892150035,2.44955,3.5,LAE,24.06534513595296,24.199999999999985
521181,149.72396020129145,1.6980729183095664,2.4213,2.0,UNDET,24.964994794605275,24.999999999999982
521705,150.28881917760654,1.7032236814582407,2.4683,3.0,LAE,24.59473306520503,24.599999999999984
521895,150.97412730116145,1.7048722484341194,2.44085,2.5,LAE,24.740658358369345,24.799999999999983
522065,150.67197332759883,1.7064873139358183,2.45575,3.0,LAE,24.41668645040824,24.599999999999984
522905,150.35208694961722,1.7147404444207073,0.0,-1.0,UNDET,24.53095910050062,24.599999999999984
523297,150.20122189947398,1.7184574291056662,2.4684,3.0,LAE,25.02410971323121,25.19999999999998
525253,150.36887612015116,1.736169244923023,2.42495,3.5,LAE,22.83789865005127,22.99999999999999
527101,151.0788688208556,1.7537003380489808,2.4715,3.0,LAE,23.846495905413434,23.999999999999986
527429,150.9853690182013,1.7571029867205596,2.4615,2.5,LAE,24.292590625033025,24.399999999999984
528531,150.14203381624478,1.766927654550607,2.459,3.0,LAE,24.372976054907284,24.399999999999984
528630,150.55223717448425,1.767879001718357,2.4329,3.0,LAE,24.4140876974693,24.599999999999984
528649,149.74205439645505,1.7681672624119151,2.4179,3.5,LAE,24.7133526266549,24.799999999999983
531682,150.74765013016855,1.796678873067823,2.4639,3.0,LAE,25.176031711708628,25.19999999999998
531968,150.83071207050344,1.7990994087314909,2.44275,3.0,LAE,24.83189089284648,24.999999999999982
532526,150.95957377886566,1.804381317221729,2.4403,3.0,LAE,24.701278197907357,24.799999999999983
534267,150.90194161847984,1.8203802252099341,2.44425,3.0,LAE,24.526399386746682,24.599999999999984
535278,150.2697743771709,1.8300207921164824,2.45735,3.0,LAE,24.204470250696215,24.399999999999984
536001,149.8462660966969,1.8375187681383311,0.0,0.0,UNDET,25.033476699755134,25.19999999999998
536070,149.75485711721893,1.8378402886411294,2.46065,3.0,LAE,25.000883069466127,25.19999999999998
536904,150.98604006179752,1.8457109389673916,2.4406,3.0,LAE,24.55088675446722,24.599999999999984
537812,149.60131179100858,1.8547224409931662,2.4389668,2.6666667,LAE,24.79409337026169,24.799999999999983
539366,150.39219125548038,1.8683118296167753,2.46575,3.0,LAE,23.821163062308727,23.999999999999986
539500,149.63967799789347,1.8702719204507119,0.0,0.0,UNDET,24.716512281382602,24.799999999999983
540156,150.3697632038951,1.8758311680410757,2.46805,3.0,LAE,24.402513251032865,24.599999999999984
544451,149.74154988550643,1.9142863225634936,2.43115,3.0,LAE,24.6054371478035,24.799999999999983
544777,150.17303166898603,1.9167973643678053,2.4392,3.0,LAE,24.67892196704002,24.799999999999983
545829,150.97052423126902,1.9251444368472779,2.456575,3.0,LAE,23.959235695451024,23.999999999999986
545876,151.0300911610159,1.9259094687088831,2.46655,3.0,LAE,24.631046245827243,24.799999999999983
548847,150.92991588388958,1.9508411790888396,1.3417,4.0,CONTAM,22.425569257321843,22.59999999999999
549248,150.82571798506518,1.9542633890818055,2.46885,3.5,LAE,22.33738183715712,22.39999999999999
549741,151.0180639253678,1.9594638877608608,2.4467,3.0,LAE,24.473115117318095,24.599999999999984
550215,149.9671694434742,1.9643279843596193,0.0,0.0,UNDET,24.88741123510414,24.999999999999982
550829,150.86496804465787,1.9697113561093933,2.472525,3.0,LAE,24.634484308685423,24.799999999999983
551691,150.1118877973346,1.9773631393413593,0.0,0.0,UNDET,24.53769219664829,24.599999999999984
554636,150.22700557720609,2.0034249890880345,2.4241,3.0,LAE,24.491038360606865,24.599999999999984
554929,150.561448291361,2.0059238084332245,2.4092,3.0,LAE,24.052356182643155,24.199999999999985
555884,151.00356219875223,2.0147312212925566,2.459675,3.0,LAE,24.216285935957597,24.399999999999984
556894,150.4783162994186,2.0228260786779417,2.43845,3.0,LAE,24.950281691335167,24.999999999999982
560746,150.52807247145094,2.0565449432687304,0.0,0.0,UNDET,24.42492041541577,24.599999999999984
560819,149.72027349242308,2.057476724238083,0.0,0.0,UNDET,25.201681242346464,25.39999999999998
561628,149.71699066306365,2.064042697133465,2.46395,3.0,LAE,24.217932793696146,24.399999999999984
562784,150.01875322127583,2.0747521455077873,2.4385,3.0,LAE,24.954831475280006,24.999999999999982
563631,151.01231256676726,2.080816331454179,2.46245,3.0,LAE,24.06088820770948,24.199999999999985
566068,149.67835804258695,2.102591248482915,2.46355,3.0,LAE,24.654657450984434,24.799999999999983
567659,150.17385597612122,2.1171015084555753,2.43275,3.0,LAE,24.227114580583088,24.399999999999984
568580,150.79638866204,2.124553616197489,2.4713666,3.0,LAE,24.54634510686956,24.599999999999984
569830,150.49107557218312,2.135606668269443,2.44625,3.0,LAE,24.884573539009565,24.999999999999982
571206,151.0380283873109,2.146537435603092,2.4697666,3.0,LAE,24.26000503889535,24.399999999999984
574929,150.1611787432923,2.1782192222468617,2.4454,3.0,LAE,24.528542555519913,24.599999999999984
575492,149.73121506250408,2.182961532313052,2.4289,3.0,LAE,24.115306836647957,24.199999999999985
575864,149.93269939460123,2.185087666544816,2.42675,3.0,LAE,24.370782542219235,24.399999999999984
576986,150.3833725898674,2.1962543540018777,2.46295,3.0,LAE,25.048838692175146,25.19999999999998
577221,151.0795716241166,2.197598501627445,2.4627,3.0,LAE,24.489347774925008,24.599999999999984
577627,150.61690038709764,2.2015440532632238,2.4712,3.0,LAE,24.93804194793822,24.999999999999982
578443,151.04081065842374,2.2078542460058697,2.4712,3.3333333,LAE,24.373839788865283,24.399999999999984
580131,150.95789450539687,2.2211730673023573,2.4603667,3.0,LAE,25.01611845294173,25.19999999999998
580204,150.02285872408115,2.2218457852263325,2.4423,3.0,LAE,24.061569070616034,24.199999999999985
583458,150.38458089477456,2.248512441550273,2.465,3.0,LAE,24.570804516882852,24.599999999999984
584918,150.79519983957502,2.2604345503282772,2.4571667,3.0,LAE,23.71234683635621,23.799999999999986
585443,149.7981681500788,2.265951817313834,2.42225,3.0,LAE,24.974281145817592,24.999999999999982
585713,150.99310299673897,2.2678694549540497,2.4608,3.0,LAE,24.99051251765845,24.999999999999982
586557,150.55689302503148,2.274775227329879,2.46415,3.0,LAE,23.980154785792724,23.999999999999986
587215,149.79127474816136,2.2803753790266907,2.4444,3.0,LAE,24.019827295035142,24.199999999999985
587383,150.4986108345407,2.282493053677341,2.4671,3.0,LAE,25.040395549908837,25.19999999999998
587665,151.06399862450397,2.2845320763701924,2.4615,3.0,LAE,24.719009687402753,24.799999999999983
587783,150.15152675807252,2.285813330859628,2.4588,3.0,LAE,24.59625642197872,24.599999999999984
587985,150.87098091933012,2.2875154212465185,2.4739332,3.0,LAE,25.20648875985906,25.39999999999998
589608,150.84087482228932,2.3011975114748955,2.4356,3.0,LAE,24.643436587117964,24.799999999999983
589865,151.02371622219616,2.303032747534746,2.4637,3.0,LAE,24.735151163568588,24.799999999999983
591368,150.13718601734556,2.315812381592396,2.43,2.0,UNDET,24.64732254534067,24.799999999999983
592062,150.76215639390725,2.3210755668967598,2.475075,3.25,LAE,24.578393314019745,24.599999999999984
593137,151.06246854311885,2.32973597108719,2.4538,3.0,LAE,24.651009748051806,24.799999999999983
593289,150.7234229288901,2.3316335064920444,2.4225667,3.0,LAE,24.50338326227055,24.599999999999984
593552,149.82312550073124,2.3331471222303914,2.4486,3.0,LAE,23.860629228399677,23.999999999999986
594027,151.04045653962808,2.3369741434421627,2.442925,2.75,LAE,24.050092899952105,24.199999999999985
595034,150.99101604572894,2.3462607853057955,2.40955,2.5,LAE,24.92440501700695,24.999999999999982
596208,151.01195212793914,2.3551577366561016,2.4438334,3.0,LAE,24.916300790646606,24.999999999999982
596214,149.70707983696252,2.355796336851023,2.4327,3.0,LAE,24.28748809461059,24.399999999999984
596346,151.07663167324347,2.35624200325218,2.44005,3.0,LAE,24.3209878414673,24.399999999999984
598404,149.8467506986599,2.372429252973452,2.4466,3.0,LAE,24.01214408491947,24.199999999999985
598569,150.6399617342844,2.3742721580445503,2.4680667,3.0,LAE,24.256982008841685,24.399999999999984
599525,150.94485270623588,2.3820176721150546,2.4723,3.0,LAE,24.357500374467836,24.399999999999984
600535,149.67401567415692,2.3908212195392466,2.4242,3.0,LAE,24.718157104051613,24.799999999999983
602975,150.90699801073225,2.4105866073186912,0.0,0.0,UNDET,25.06005969252229,25.19999999999998
603397,149.93459183479442,2.414744793011694,0.0,0.0,UNDET,24.94904977431776,24.999999999999982
606821,149.8364105191068,2.4434679644309107,2.43315,3.0,LAE,24.654361843329532,24.799999999999983
606872,150.3283062529637,2.4438510487172924,2.4653,3.0,LAE,24.806431918395603,24.999999999999982
607029,149.81542535209104,2.444585999814843,2.43335,3.0,LAE,24.21225468814262,24.399999999999984
607349,150.29671358401558,2.448005108492783,2.4321,3.0,LAE,24.236764769034806,24.399999999999984
607787,150.04831758340254,2.450021394024437,2.4644,3.0,LAE,23.7578041607349,23.799999999999986
608219,149.78558561464132,2.4556403639981497,2.43425,3.0,LAE,24.697358329385793,24.799999999999983
608730,150.18129953237448,2.4599290343504046,2.4277,3.0,LAE,25.22440558006304,25.39999999999998
609171,150.79432906024502,2.4632550559792916,0.0,0.33333334,UNDET,25.042398519809943,25.19999999999998
610379,151.01691299916774,2.4719779608016985,2.4378,3.0,LAE,23.992026284328887,23.999999999999986
612312,149.91958109171182,2.489374843131838,2.4512,3.0,LAE,24.594677746226957,24.599999999999984
616358,151.04623700234754,2.5248664967743855,2.4434,3.0,LAE,25.264395517169476,25.39999999999998
616541,150.05051816275545,2.5260334509866977,2.4643,3.0,LAE,24.522276294321678,24.599999999999984
616721,150.4409557105612,2.5279804373652257,2.4765,3.0,LAE,24.553988608285014,24.599999999999984
617075,150.4182605241298,2.530611823995652,2.4712,3.0,LAE,24.115300998373915,24.199999999999985
617234,151.02246635267153,2.5316807234858976,2.4376333,3.0,LAE,24.797716773659857,24.799999999999983
617524,150.15253849941294,2.5331741886401087,2.4641,3.0,LAE,24.816168133490653,24.999999999999982
620114,150.0894285090839,2.556164955047062,2.4319,3.0,LAE,25.07301888756414,25.19999999999998
620597,151.04230786018013,2.559414184928862,2.4456,3.0,LAE,24.871786246981888,24.999999999999982
623284,150.42385206486273,2.5807981727943607,2.4476,3.0,LAE,23.875280456098892,23.999999999999986
625368,150.96147913590724,2.5982196258475176,2.421,3.0,LAE,24.49563470488834,24.599999999999984
625453,150.2841539494227,2.5979005712890237,2.441525,3.0,LAE,24.1613724980277,24.199999999999985
626779,150.72375824146732,2.6102919533445657,2.4617,3.0,LAE,24.846598293228926,24.999999999999982
629288,150.10280088041623,2.630171352233827,1.1827,4.0,CONTAM,21.53706023996658,21.599999999999994
630142,149.9186264043582,2.950379341162535,2.4702,3.0,LAE,23.956979434117113,23.999999999999986
630950,150.98798994682636,2.7597403245400853,2.428475,3.0,LAE,24.590823934003406,24.599999999999984
631239,150.9100948015097,2.7579084974042183,0.0,0.0,UNDET,25.245742074440646,25.39999999999998
632054,149.85391948368138,2.7573470772684385,2.4234,3.0,LAE,24.75504791823988,24.799999999999983
633080,149.9288476812128,2.74393927849536,2.4718,3.0,LAE,24.104102037309417,24.199999999999985
636733,150.26426267762997,2.7146519306160686,2.45425,3.0,LAE,24.15655606207628,24.199999999999985
638130,150.16095525971,2.7023130009238363,2.4407,3.0,LAE,24.707237025733658,24.799999999999983
638756,150.69033869075673,2.692768477826483,0.0,0.0,UNDET,24.948628769048035,24.999999999999982
639036,149.81039988480106,2.6952518355116566,2.4278,3.0,LAE,24.46340216269044,24.599999999999984
639408,150.30096935466594,2.6927829051604784,0.0,0.0,UNDET,24.750005201074742,24.799999999999983
639578,150.51986716497646,2.691497834721674,2.46575,3.0,LAE,23.87859335244892,23.999999999999986
640282,149.7853540644267,2.685187991489734,2.4235,3.0,LAE,24.74823957204198,24.799999999999983
641176,150.00974840281458,2.6786254376380088,2.4528,3.0,LAE,24.946552975311064,24.999999999999982
642328,149.61120330150106,2.6671293013206268,2.4325,3.0,LAE,25.30971333702406,25.39999999999998
644272,150.4113841498762,2.6526741348391005,2.46745,3.0,LAE,24.790847181787115,24.799999999999983
645158,150.06082622967202,2.6450323209396713,0.0,0.0,UNDET,25.121872644663853,25.19999999999998
645880,150.71150690494113,2.6396336860562903,2.45275,3.0,LAE,23.974542304508205,23.999999999999986
646784,151.06535792525028,3.062733335264892,2.4504,3.0,LAE,23.65733208892365,23.799999999999986
648412,149.77121645925206,3.0569136101751497,2.4346,3.0,LAE,24.260621631875345,24.399999999999984
648705,150.19149762966376,3.049223945352713,2.43545,3.0,LAE,24.548965838053928,24.599999999999984
649448,149.67623924078038,3.0417909028679047,2.451,3.0,LAE,24.84837424792145,24.999999999999982
649928,150.2899667250457,3.040580650590193,2.4167,3.0,LAE,24.90378546505293,24.999999999999982
650045,149.93974176485725,3.038133203704029,2.4745,3.0,LAE,24.49682671087902,24.599999999999984
650637,150.88753413246428,3.0342629219834554,2.46015,3.0,LAE,24.126372915496496,24.199999999999985
650984,150.2471034386674,3.031241010156014,2.4619,3.0,LAE,23.884319037409583,23.999999999999986
652020,150.0429088863277,3.0221770177904297,2.4288,3.0,LAE,24.373063725168734,24.399999999999984
652492,150.72589064944805,3.0176079252456085,2.45105,3.0,LAE,24.143132749961232,24.199999999999985
652565,150.09727665431683,3.0172359926402175,0.0,0.0,UNDET,25.065193024762046,25.19999999999998
652964,150.53241264619152,3.0152331797020704,2.4644,3.0,LAE,25.014069849089267,25.19999999999998
653384,150.10955283580736,3.0145780367290973,2.4685,3.0,LAE,24.708819728303947,24.799999999999983
654168,149.80964616240686,3.003917513414449,2.4283,3.0,LAE,24.133801441470254,24.199999999999985
654330,150.0587194318906,3.002781901713617,2.36055,2.5,CONTAM,25.020631926583945,25.19999999999998
654623,150.90092796534523,3.0002637517639905,0.0,0.0,UNDET,25.233806474691654,25.39999999999998
655126,150.14503654790892,2.9971273419758315,2.42615,3.0,LAE,24.211455022258736,24.399999999999984
655642,150.2423809752019,2.990034792058132,2.4635,3.0,LAE,23.670980487198424,23.799999999999986
655649,150.92359441108442,2.9903190382584555,2.47835,3.0,LAE,24.43513618256458,24.599999999999984
656343,150.3191344045077,2.9853618729073195,2.4354,3.0,LAE,24.84189507656982,24.999999999999982
657007,150.18643626391713,3.0023055424955465,2.4381,2.5,LAE,24.70562611731443,24.799999999999983
657460,150.98205062550124,2.977023612206629,2.4402,3.0,LAE,24.953791649547618,24.999999999999982
657521,150.22367928320804,2.9762707004689277,2.4393,3.0,LAE,24.84326960668383,24.999999999999982
657798,150.86775076232522,2.9735259054030094,2.4453,3.0,LAE,25.344209802182913,25.39999999999998
658201,150.88636059673232,2.9711013183960193,2.42255,3.0,LAE,24.969791912966496,24.999999999999982
658820,150.59406928801033,2.964757185676113,2.4738,3.0,LAE,24.995495414481113,24.999999999999982
658908,149.70523349860278,2.9659225745020374,2.4374,3.0,LAE,25.23624184441325,25.39999999999998
659645,150.48045397658686,2.9597724598780535,2.469,3.0,LAE,24.56248687230739,24.599999999999984
661116,150.8049697306072,2.9455084453059888,0.0,0.0,UNDET,25.119622088520114,25.19999999999998
662843,150.88740582835862,2.937418663188458,2.4762,3.0,LAE,24.456629808203488,24.599999999999984
663695,150.63389526802467,2.9258822840174794,2.46565,3.0,LAE,24.227057820206856,24.399999999999984
663769,150.185881072771,2.9289810829497083,2.4523,3.0,LAE,24.559003245915115,24.599999999999984
664914,149.6713091113629,2.916566751891847,2.4345,3.0,LAE,24.8830353617633,24.999999999999982
665207,150.66568720082313,2.9148342021868894,2.46775,3.0,LAE,24.376097010131865,24.399999999999984
666144,149.73081582201587,2.9069700548810986,2.4413,3.0,LAE,24.89505405068209,24.999999999999982
667280,150.19014801084515,2.8986424903148684,2.45555,3.0,LAE,24.71500501687723,24.799999999999983
667669,150.05343378528158,2.897635893572548,2.4278,3.0,LAE,24.472760777086734,24.599999999999984
668779,150.33817682880124,2.8849821642534574,2.461275,3.0,LAE,24.19760364388962,24.199999999999985
669486,150.4838523825189,2.8835287438296233,2.46925,3.0,LAE,24.860473992487798,24.999999999999982
669660,150.9020950225095,2.878534581032735,2.47715,3.0,LAE,24.43496787830379,24.599999999999984
672724,150.57594226177594,2.854991855008284,2.4497,3.0,LAE,24.78697563216201,24.799999999999983
672833,150.06394579980193,2.854305023448359,2.42755,3.0,LAE,24.088383433704394,24.199999999999985
673307,149.69145790124722,2.8697071326834287,2.4442,3.0,LAE,24.81025776491966,24.999999999999982
673517,150.17311596004916,2.846290538951062,2.4559,3.0,LAE,24.095735311822814,24.199999999999985
674985,150.8328581519177,2.835505304653756,0.0,0.0,UNDET,24.629370355385507,24.799999999999983
675275,149.968827754784,2.8470491901025596,2.4292,3.0,LAE,24.939597636771623,24.999999999999982
675890,150.3779318913475,2.8343759242971434,0.0,0.0,UNDET,25.131866086903262,25.19999999999998
676262,150.54976264561978,2.8262949200058634,0.0,0.0,UNDET,24.908977115286618,24.999999999999982
680149,150.06092364359114,2.7962488536255465,2.45595,3.0,LAE,24.573933040784738,24.599999999999984
682006,149.642576675222,2.7785175353140485,2.4553,3.0,LAE,24.495597496920546,24.599999999999984
683378,150.48824932897168,2.7706616791601784,2.47,3.0,LAE,24.628093944649525,24.799999999999983
683426,150.61900085366787,2.7680894567178607,2.4604,3.0,LAE,24.356596347270123,24.399999999999984
688126,151.5462178816654,1.5868028261242222,0.0,0.0,UNDET,25.072380931582728,25.19999999999998
688184,151.41572310777508,1.587745508735704,1.2529,3.0,CONTAM,24.937265093856364,24.999999999999982
688872,151.64690714397938,1.5961744208619773,0.0,0.0,UNDET,24.806270272568106,24.999999999999982
689018,151.59715254137416,1.5978298583806256,0.0,0.0,UNDET,25.102556531466472,25.19999999999998
689608,151.414597611354,1.6046920514570988,2.4785,3.0,LAE,24.23859415244645,24.399999999999984
689867,151.31561181907125,1.608350938993057,2.4457,3.0,LAE,24.548025831554764,24.599999999999984
690973,151.38287768324045,1.6225149913562373,1.3597,0.0,UNDET,25.0455580236987,25.19999999999998
691545,151.35501540598494,1.6298261651193544,2.4713,3.0,LAE,24.794391180407526,24.799999999999983
692476,151.6084173824482,1.6423987149435584,2.4743,3.0,LAE,24.496968644430687,24.599999999999984
693557,151.36966780605795,1.656214620097562,0.0,0.0,UNDET,24.906889757401384,24.999999999999982
694039,151.61908298633938,1.661640460116965,2.46835,3.0,LAE,24.103658806612568,24.199999999999985
695079,151.20160734967837,1.674680800478414,2.44885,3.0,LAE,24.718831717329792,24.799999999999983
695098,151.44230297667445,1.6750996282987431,2.44925,3.0,LAE,24.43837511842041,24.599999999999984
695145,151.4981789223474,1.6756096643519907,2.4674,3.0,LAE,24.797230896439995,24.799999999999983
695332,151.35009213397063,1.6782260401193474,2.4704,3.0,LAE,24.643915171219664,24.799999999999983
695499,151.60790228537695,1.6799954983350995,0.0,0.0,UNDET,25.115807592084053,25.19999999999998
696256,151.13607973866849,1.6894815481634842,2.4297,3.0,LAE,24.79118360128707,24.799999999999983
698361,151.25736317147567,1.7154451899032463,0.9329,4.0,CONTAM,25.035047933639646,25.19999999999998
700502,151.38490257126443,1.7422944797046351,2.47715,3.0,LAE,24.598048492419064,24.599999999999984
702493,151.56094838921842,1.7660770905372578,2.475,3.0,LAE,24.13465357994241,24.199999999999985
705038,151.48982028853635,1.7989596050158847,2.4238,3.0,AGN,24.072691778997335,24.199999999999985
705213,151.6188513136319,1.8017029118082928,2.4508,3.0,LAE,24.449224455286377,24.599999999999984
707356,151.41119811014138,1.8277808526254635,2.42795,3.0,LAE,24.475647115566225,24.599999999999984
708163,151.5707038201794,1.8380811960199206,2.478,3.0,LAE,24.523701628751418,24.599999999999984
710282,151.52525813837997,1.864763171558477,2.42985,3.0,LAE,24.764541552918455,24.799999999999983
712266,151.42379556975376,1.8880851329232349,2.46585,3.0,LAE,24.73155237209255,24.799999999999983
714571,151.1647417746415,1.9130765696583352,2.42615,3.0,LAE,23.691061703363093,23.799999999999986
715243,151.3247969956257,1.924116355138862,2.4235,2.0,UNDET,25.271094687190075,25.39999999999998
715307,151.4917148812572,1.923628139371082,1.6777,4.0,CONTAM,23.145253431519322,23.19999999999999
716249,151.32161583895737,1.934307810662817,1.2178,3.5,CONTAM,21.899178837101932,21.999999999999993
719238,151.3100416790133,1.9721100100648992,0.1255,4.0,CONTAM,22.018277783965637,22.199999999999992
721466,151.19795789182172,2.000812919437648,0.6759,4.0,CONTAM,24.90401981270041,24.999999999999982
721585,151.42952720662257,2.002054290516237,2.4248,2.0,UNDET,25.142088424620358,25.19999999999998
722842,151.36888031437385,2.0167395896735147,2.4413333,3.0,LAE,23.182403264733487,23.19999999999999
723240,151.3700347486135,2.022096642717348,2.4484,3.0,LAE,23.97213289898544,23.999999999999986
724045,151.45635411892732,2.0323590397762197,2.3813,2.0,UNDET,24.830477781321612,24.999999999999982
726283,151.46856488810897,2.0586964788845474,2.4279,3.0,LAE,23.30527925615964,23.399999999999988
726495,151.20296753222507,2.06273201563173,2.4234,3.0,LAE,24.97602647160731,24.999999999999982
729368,151.24572756314063,2.0971541099092237,2.464925,3.25,LAE,23.999958023505656,23.999999999999986
729767,151.2184959258462,2.1022435289547157,2.4675,3.25,LAE,24.762315151965744,24.799999999999983
730484,151.30871061663018,2.1107443671102257,2.4715667,3.0,LAE,24.148998600373567,24.199999999999985
732246,151.2018384026349,2.132902019412726,2.4718332,3.0,LAE,24.732626517126594,24.799999999999983
732257,151.4425650355741,2.13133145452339,1.7122,4.0,CONTAM,21.464012793323143,21.599999999999994
732608,151.24980841470162,2.1373306926985696,2.4241667,3.0,LAE,24.527988951546753,24.599999999999984
734506,151.1689756247475,2.160141584413593,2.4794,3.0,LAE,25.095950193925955,25.19999999999998
734602,151.16802006462464,2.1610165127129446,2.4311,3.3333333,LAE,23.91463148539652,23.999999999999986
735735,151.16284775286397,2.1757978071407136,2.4342666,3.0,LAE,24.64334419413461,24.799999999999983
737247,151.11859824306913,2.1941974356065823,2.4664333,3.0,LAE,23.994290454688244,23.999999999999986
739016,151.27852430639012,2.2168833803135004,2.4603,3.0,LAE,24.062699137149103,24.199999999999985
739313,151.2979071847172,2.219182626525378,2.4615,3.0,LAE,24.29563429172011,24.399999999999984
739722,151.0890464625552,2.2245077475875243,2.434875,3.25,LAE,23.514483908434553,23.599999999999987
742315,151.11571910990716,2.2567165481481575,2.4565,3.0,LAE,25.144202131222748,25.19999999999998
742931,151.2022336662367,2.263999805474156,2.4544,3.0,LAE,24.46707401958959,24.599999999999984
743216,151.3265396694095,2.267291532926982,2.4566667,3.3333333,LAE,24.218421720682827,24.399999999999984
743588,151.12080061361948,2.2727739109079574,2.4548,3.0,LAE,24.886076876052925,24.999999999999982
744681,151.23081180587627,2.2855418473648648,2.4549334,3.0,LAE,24.646710076636857,24.799999999999983
745001,151.15211000423423,2.2895397987152872,2.4596667,3.0,LAE,23.943498314415965,23.999999999999986
746482,151.41460379515183,2.3082211088153595,2.4245,3.0,LAE,23.911838245346633,23.999999999999986
746673,151.2533816919297,2.3104835609469156,2.459,3.0,LAE,24.018911814511174,24.199999999999985
748822,151.46832276798932,2.3374613918382066,2.45765,3.0,LAE,24.35440332136982,24.399999999999984
749276,151.2002999024692,2.343365245754956,2.450125,3.25,LAE,24.245746783831724,24.399999999999984
751962,151.1889449461281,2.379293814294454,2.4356334,3.0,LAE,24.461055244991446,24.599999999999984
752321,151.10112566263257,2.3829387599662937,2.46395,3.0,LAE,24.642913360378248,24.799999999999983
752529,151.28490722167152,2.386056629898331,0.0,0.6666667,UNDET,25.108724100178552,25.19999999999998
753433,151.28548108282754,2.3984117998220085,2.4518,3.0,LAE,24.434579829371135,24.599999999999984
753505,151.60631106676516,2.399323713465844,2.4407666,3.0,LAE,24.480623801502517,24.599999999999984
755839,151.2240296541457,2.4297092880990556,0.0,0.0,UNDET,25.06406347962735,25.19999999999998
757167,151.59702082882836,2.6500038322834594,2.45665,3.0,LAE,24.189323192630585,24.199999999999985
757553,151.39974946907725,2.6462352633797925,2.4638,3.0,LAE,24.466957976314653,24.599999999999984
757693,151.5507688235581,2.6438783021182717,2.41385,3.0,LAE,24.932030550865534,24.999999999999982
758707,151.65459791026313,2.6317689999836587,2.452,3.0,LAE,24.42693814761906,24.599999999999984
759511,151.59263486457436,2.622308838653797,0.1226,4.0,CONTAM,23.759782408137006,23.799999999999986
760170,151.53859201438215,2.614364833341676,2.43225,3.0,LAE,24.85195409948254,24.999999999999982
760735,151.50822429152666,2.6097721473396986,2.4369,3.0,CONTAM,24.74525134982497,24.799999999999983
760863,151.4575373914455,2.606633542559245,2.4314666,3.0,LAE,24.396314414340925,24.399999999999984
761195,151.2657393561062,2.6018347469724366,2.4290667,3.0,LAE,24.41930468085156,24.599999999999984
761211,151.48614009446973,2.601497499449836,2.4514334,3.0,LAE,24.685441285687336,24.799999999999983
761243,151.31186776930414,2.600780537933354,2.4628668,3.0,LAE,24.293441178344185,24.399999999999984
761755,151.13677215622826,2.5954803864008014,2.4600334,3.0,LAE,24.271551540518843,24.399999999999984
762256,151.21516957547257,2.588812729649443,2.4271667,3.0,LAE,23.992610900385777,23.999999999999986
762471,151.33565637295436,2.5867974262312594,2.4482,3.0,LAE,24.763658820190948,24.799999999999983
764217,151.5211931436812,2.5660970851792255,2.44585,3.0,LAE,24.284214059917613,24.399999999999984
765841,151.1365998163039,2.5453247157117325,2.468125,3.0,LAE,23.939777625482915,23.999999999999986
767761,151.3693441661196,2.523471811719158,2.4265332,3.0,LAE,24.87904746806658,24.999999999999982
767906,151.57760236973138,2.5197745814214088,2.4523335,3.3333333,LAE,24.57883613066927,24.599999999999984
768222,151.60993180832142,2.520205289603086,2.4537,3.0,LAE,24.372723692031286,24.399999999999984
768659,151.09554380730583,2.5115244969479877,2.4303,3.0,LAE,24.480883255695115,24.599999999999984
770147,151.09527367742712,2.492194900446086,2.4683332,3.0,LAE,24.408248204747498,24.599999999999984
771175,151.1066124769757,2.479493927107851,2.4464333,3.0,LAE,22.7455803527536,22.79999999999999
771476,151.4545102677607,2.477910988328705,0.0,0.0,UNDET,24.900341015358155,24.999999999999982
773848,151.30447680663528,2.4440643209869615,2.44985,3.25,LAE,23.7226376368179,23.799999999999986
773987,151.30172775911845,2.443998948466611,2.4275,2.5,LAE,24.691036655560612,24.799999999999983
775108,151.4422972900718,3.0583197308344747,2.4656,3.0,LAE,24.451912256546475,24.599999999999984
776076,151.31075304007942,3.0133572882460573,0.0,0.0,UNDET,24.87085208037154,24.999999999999982
776213,151.23266623929214,3.041195893277036,2.4493,3.0,CONTAM,24.71092856029787,24.799999999999983
776229,151.26637499911521,3.040981357203548,2.4425,3.0,LAE,24.801757844006833,24.999999999999982
778062,151.41189348982172,3.017471744571777,2.4126,3.0,LAE,24.935555117083283,24.999999999999982
779126,151.5611100618595,3.0027142268691986,2.441875,3.0,LAE,24.026748131207288,24.199999999999985
779830,151.60502641118825,2.992849119929146,2.4534,3.0,LAE,24.06474443929364,24.199999999999985
780231,151.1685642205888,2.9881250604763223,0.9766,3.0,CONTAM,24.884989329422293,24.999999999999982
780290,151.64939349667307,2.987781501114321,0.31865,4.0,CONTAM,24.768732901123215,24.799999999999983
780853,151.53942944146442,2.9799811558450524,2.46015,2.75,LAE,24.129499620973807,24.199999999999985
781690,151.43415719615462,2.9692570345339315,2.458325,3.0,LAE,23.93634225527418,23.999999999999986
782452,151.12559219734473,2.960861583918998,2.4463,3.0,LAE,24.37952670388001,24.399999999999984
783630,151.4754453191731,2.9474485721329073,2.45665,3.0,LAE,24.56320299571115,24.599999999999984
783984,151.51729673358292,2.9402046682528358,2.4336,3.0,LAE,23.67154274263772,23.799999999999986
784152,151.5335028566779,2.9389879807098884,2.4559,3.0,LAE,24.42844653638383,24.599999999999984
785875,151.2829277233188,2.9152173405807544,2.42055,2.75,LAE,24.934565564325816,24.999999999999982
786079,151.48223089430675,2.9116438221993426,1.6683,4.0,CONTAM,21.823676684949756,21.999999999999993
786327,151.6252058465837,2.9087908482198075,2.4373,3.0,LAE,24.606936963815343,24.799999999999983
786952,151.31913983030717,2.909336576772206,0.6966,1.0,UNDET,25.06008652502944,25.19999999999998
787410,151.5533939473237,2.894153848466242,2.41955,3.0,LAE,22.4831287954735,22.59999999999999
787513,151.51457126241064,2.892036416595655,0.0,0.0,UNDET,24.730812656565007,24.799999999999983
788259,151.2891135702673,2.884121500324048,2.4332666,3.0,LAE,24.451760137594253,24.599999999999984
788968,151.41714473148252,2.8770833172795203,2.452775,2.75,LAE,24.858436116866375,24.999999999999982
789445,151.57541495045064,2.8697828180926903,2.438,3.0,LAE,24.63598529930159,24.799999999999983
790104,151.45994732694965,2.8631865259142626,2.4434,3.0,LAE,25.017437697586583,25.19999999999998
790155,151.30983142464166,2.8618908524971745,0.0,0.0,UNDET,24.790440647501015,24.799999999999983
792860,151.48663464468973,2.8258818616225017,2.44185,3.0,LAE,24.08872585116555,24.199999999999985
793229,151.14235488517508,2.820552831751026,0.0,0.0,UNDET,24.540659545883166,24.599999999999984
794424,151.2431197685297,2.805965718788946,2.4542,3.0,LAE,24.73506536382987,24.799999999999983
794839,151.5618918477938,2.7998492201758456,2.437575,3.0,LAE,24.846155809177873,24.999999999999982
795647,151.69405326446594,2.794039125023056,2.42035,3.0,LAE,24.30015225634123,24.399999999999984
796111,151.46552791676726,2.7855614828427564,2.4326,3.0,LAE,23.666856080263088,23.799999999999986
796476,151.59163625482083,2.780999533872139,2.4419,3.0,LAE,23.13639853962778,23.19999999999999
796950,151.5001873721937,2.7756541931718735,2.41425,3.0,LAE,24.28704295392444,24.399999999999984
797613,151.1124783422045,2.7697317656148237,2.42475,3.0,LAE,24.46054695016339,24.599999999999984
797969,151.24529233235086,2.7667517676000988,2.4336667,3.0,LAE,24.080884843066553,24.199999999999985
798353,151.58486506762839,2.7568807087013822,2.4325,3.0,LAE,24.44135693328395,24.599999999999984
798802,151.45904907833827,2.751194604863002,2.447525,3.0,LAE,23.983400626171587,23.999999999999986
798900,151.49099548833397,2.75999644599857,2.44285,3.0,LAE,24.840136751578672,24.999999999999982
798933,151.51259843866347,2.755557382136999,2.457475,3.0,LAE,24.2965538591418,24.399999999999984
799894,151.42727960118165,2.738639139185486,1.3725,3.3333333,CONTAM,23.385263910757672,23.399999999999988
802027,151.5171727115386,2.7126817390605926,2.4433,3.0,LAE,24.8664235508615,24.999999999999982
802488,151.16985927634934,2.70652618101464,2.4619,3.0,LAE,24.363756459056063,24.399999999999984
802635,151.51343635024293,2.7050309663363614,2.44175,3.0,LAE,24.007607353383463,24.199999999999985
802866,151.2411005102518,2.7021196450874734,1.74145,4.0,CONTAM,22.64385859098521,22.79999999999999
803318,151.47242780688876,2.7009402131725366,2.4378,3.0,LAE,24.57094660951623,24.599999999999984
804200,151.44529472589514,2.6860132082770356,2.4385667,3.0,LAE,24.521844014738278,24.599999999999984
804654,151.42514616966517,2.6834229364039843,2.4781,3.0,LAE,24.316807568268256,24.399999999999984
805042,151.39239146561752,2.6761286997317995,2.43365,3.0,LAE,24.802967325073517,24.999999999999982
805109,151.30233989194465,2.67497811631085,2.4714668,3.0,LAE,24.147873518768172,24.199999999999985
805154,151.458846977028,2.6783704978915757,2.4279332,3.0,LAE,24.76649302605049,24.799999999999983
805313,151.1265609888478,2.6734014614993344,2.4808667,3.3333333,LAE,24.590278004658312,24.599999999999984
805567,151.51116223293073,2.6689241231345653,2.4423,3.0,LAE,24.183586653872595,24.199999999999985
805806,151.64731534368727,2.6678225596305505,2.4684,3.0,LAE,24.39319452941143,24.399999999999984
806352,151.3549276186662,2.6602140851147555,0.4757,4.0,CONTAM,24.066664133134914,24.199999999999985
806517,151.38588827379235,2.6565344148064978,2.375,4.0,CONTAM,23.019057259125137,23.19999999999999
807588,148.8082610242927,3.0741000731761927,2.441,3.5,LAE,24.427017883530137,24.599999999999984
808031,148.99394900649753,3.0793179703944533,0.0,0.0,UNDET,24.86379422790539,24.999999999999982
808455,149.1170177121792,3.083715495345474,0.7191,4.0,CONTAM,25.209622681009073,25.39999999999998
808986,149.44862290679038,3.086472415677037,2.4339,3.0,LAE,23.475149013236237,23.599999999999987
809411,149.48094455244413,3.0936157832906317,2.4296,3.0,LAE,24.774367464258745,24.799999999999983
809666,149.21374377357267,3.0940002242847355,2.445,3.0,LAE,23.694272953380793,23.799999999999986
810246,149.2056048270446,3.1010969531210764,0.0,1.0,UNDET,24.838970377484728,24.999999999999982
810440,149.39591613232795,3.1032366770637747,0.0,1.0,UNDET,24.727048312810798,24.799999999999983
811338,149.55275076489224,3.1125861018188297,0.0,2.0,UNDET,25.09276448527826,25.19999999999998
811446,149.10317841584134,3.113136095676036,0.0,0.0,UNDET,24.627351234523307,24.799999999999983
812773,149.52942727809753,3.1254923464782887,2.448,4.0,LAE,24.22219142492559,24.399999999999984
812977,148.8959100579287,3.126308389499152,2.4377,3.0,LAE,22.97657206642606,22.99999999999999
813271,149.31443743253342,3.1296336651906875,2.4579,3.0,LAE,24.007504196668272,24.199999999999985
813816,148.98774606600722,3.135755846300497,0.0,0.0,UNDET,25.203836647965506,25.39999999999998
814126,149.32289306643472,3.13839294641047,0.3143,3.0,CONTAM,24.20720823036744,24.399999999999984
815619,149.50956738854183,3.152751414733944,2.4658,3.0,LAE,24.265851643736333,24.399999999999984
816726,149.49371080429364,3.164044457155084,2.4332,3.0,LAE,23.623099929832758,23.799999999999986
816778,148.73088446583287,3.1646421579765143,0.0,0.0,UNDET,24.915622913432067,24.999999999999982
816813,149.02618196048962,3.1655470797956826,2.44,3.0,LAE,24.717671587494173,24.799999999999983
816941,148.80183086346122,3.1661674185666966,2.4202,3.0,LAE,23.774682898790836,23.799999999999986
817567,149.26894282474476,3.1741097995201684,2.4282,3.0,LAE,25.160600930906554,25.19999999999998
817984,148.93439536246194,3.1776652352022414,2.4474,3.0,LAE,24.459214829506084,24.599999999999984
818035,149.3976872095414,3.178550837941197,0.0,0.0,UNDET,24.60906279430568,24.799999999999983
818452,148.91485642510727,3.1825227334565827,0.0,0.0,UNDET,24.530308180105916,24.599999999999984
819899,149.15544273519095,3.197585636982016,2.4762,3.0,LAE,23.693681208302483,23.799999999999986
819947,149.5565041692716,3.199257431291656,2.4408,2.5,LAE,24.81904318290963,24.999999999999982
820165,149.45172774607911,3.201029709373426,2.43285,3.0,LAE,24.018614746181253,24.199999999999985
820399,149.43973191359717,3.2032330250361802,2.4635,3.0,LAE,24.172920150804053,24.199999999999985
821531,149.5573553706504,3.2156444885709994,2.4922,1.0,UNDET,25.45415735220884,25.59999999999998
821649,149.1083857315211,3.215797385659828,2.4471,3.0,LAE,24.252388398570492,24.399999999999984
822211,148.7623868453215,3.2198189477525374,2.4509,3.0,LAE,23.14030955359096,23.19999999999999
822429,149.2725055757598,3.2231239527957234,2.4517,3.0,LAE,23.82454514327471,23.999999999999986
823688,149.16653966075205,3.236581873969817,0.0,0.0,UNDET,25.192107971900384,25.19999999999998
824054,149.0166165142744,3.2394453904025196,2.4633,3.0,LAE,24.50531551615974,24.599999999999984
824181,148.99468263857509,3.2406652909800253,0.0,0.0,UNDET,25.112571562746158,25.19999999999998
824857,149.53055940490546,3.247093690101621,2.4621,3.0,LAE,24.299573013764608,24.399999999999984
825595,149.24178398205612,3.2552411766790224,2.4524,3.0,LAE,24.440980336229554,24.599999999999984
825746,149.4078578597975,3.2569604776627235,0.0,0.0,UNDET,24.913327343482635,24.999999999999982
826123,149.341621137298,3.260232042058425,0.0,0.0,UNDET,24.812370371352948,24.999999999999982
826187,149.28016023626063,3.2615790235302593,2.4472,3.0,LAE,24.844986584029492,24.999999999999982
827194,149.4727181582601,3.270699406456586,0.0,0.0,UNDET,24.930948623663856,24.999999999999982
827288,149.31943941363548,3.2716197970496945,2.4273,3.0,LAE,24.17399641703178,24.199999999999985
827434,149.08509488856188,3.2704594832506166,2.4303,4.0,LAE,22.266799595160666,22.39999999999999
827760,148.93208275812268,3.2764607165336024,2.4559,3.0,LAE,24.49814900683859,24.599999999999984
828552,148.87557946391576,3.2838027096762237,2.4564,4.0,LAE,22.997721623350365,22.99999999999999
828736,148.95441173900565,3.286996245468888,2.4366,2.0,UNDET,24.988330046757323,24.999999999999982
828776,148.91301059532367,3.2851177910812948,0.0,1.0,UNDET,24.364489190022322,24.399999999999984
828884,149.03371630899798,3.2882899569056034,2.4333,3.0,LAE,24.390105699627494,24.399999999999984
829479,149.17389506605303,3.294027365824295,2.46,4.0,LAE,23.514250843758315,23.599999999999987
829933,148.7615263394413,3.29920306283988,2.4595,3.0,LAE,24.175525361884816,24.199999999999985
830014,149.4273090788081,3.300385889657059,2.432,3.0,LAE,24.355358534183758,24.399999999999984
830683,149.5049356560196,3.3063251193337635,2.4208,3.0,LAE,23.64049454471371,23.799999999999986
831275,148.8925310079544,3.313375785815685,0.0,0.0,UNDET,24.740547326627283,24.799999999999983
831494,149.49158891003685,3.3163983000762873,2.4389,3.0,LAE,24.765547813854763,24.799999999999983
831717,148.9635209351159,3.3173089220302137,2.431,3.0,LAE,24.506785572964294,24.599999999999984
832018,149.59513762616004,3.3207662801448343,2.43405,3.0,LAE,24.331670853948204,24.399999999999984
832425,149.5707553719719,3.326231605307857,2.4384,3.0,LAE,24.514226766677613,24.599999999999984
832599,148.8960052596958,3.3277066001981064,2.4589,3.0,LAE,24.40256654754138,24.599999999999984
833028,149.46896488794096,3.331885550580804,2.4416,3.0,LAE,23.703860129966518,23.799999999999986
833072,149.35014392741186,3.3338767473785484,2.4344,4.0,LAE,24.67174542596737,24.799999999999983
833859,149.50823765428729,3.342868972982114,2.4405,3.0,LAE,24.614286904782954,24.799999999999983
834375,149.556728061247,3.348080423244851,2.4379666,3.0,LAE,24.657305059763544,24.799999999999983
834968,149.53158024192768,3.354545690743732,2.4425,2.0,UNDET,24.598137708944794,24.599999999999984
835590,149.42170428560485,3.362214919900885,2.4333,2.5,LAE,25.200358940569892,25.39999999999998
836295,149.58001144129747,3.3701048627617194,2.4553,3.0,LAE,25.049205224654237,25.19999999999998
836356,148.86125112032386,3.3703578347098775,2.4668,3.0,LAE,24.590173727059543,24.599999999999984
837146,149.06319911450157,3.379337413385047,0.0,0.0,UNDET,24.794152841642983,24.799999999999983
837834,149.24438528720395,3.3866509228519885,2.4623,3.0,LAE,24.613526239553163,24.799999999999983
837928,149.32982069600354,3.3876660728314216,2.4597332,3.0,LAE,24.48443313805135,24.599999999999984
838478,149.29923381466864,3.39350470463166,2.4471333,3.0,LAE,24.56413774531306,24.599999999999984
838483,149.42823243852158,3.3919398808038297,2.4352334,3.0,LAE,24.667397048098287,24.799999999999983
838493,149.08569171553094,3.3935912603817053,2.4486,3.0,LAE,24.998736393286,24.999999999999982
838608,149.2183019811432,3.3950513599877743,0.0,0.0,UNDET,25.222766167743842,25.39999999999998
838737,148.9343082963304,3.3960862024660265,2.452,3.0,LAE,24.652917136828123,24.799999999999983
840202,149.29015598487274,3.412224996602347,2.4333,3.0,LAE,24.232483184056548,24.399999999999984
841252,149.12417612930085,3.490396614696476,2.4393,3.0,LAE,24.836380186022023,24.999999999999982
842150,149.5660960182944,3.480014846399274,2.3468,1.0,UNDET,24.721441634166865,24.799999999999983
843231,149.45180904930018,3.466993754080184,2.4605,2.0,UNDET,24.643455966741673,24.799999999999983
843239,149.51993184581002,3.4668779485883072,2.4622,3.0,LAE,24.363899613383794,24.399999999999984
843535,149.139631841991,3.463294041055225,2.4375,3.0,LAE,24.700300000476826,24.799999999999983
843602,149.56982539037762,3.4631255720353957,2.438,3.0,LAE,24.88387395814157,24.999999999999982
843667,149.33815720093935,3.4621565293745924,2.4546,3.0,LAE,24.85634222215038,24.999999999999982
843857,149.26724495008762,3.459645368654833,1.2116,4.0,CONTAM,22.891171124325417,22.99999999999999
844771,149.19418872323766,3.449391680681769,2.4337,3.0,LAE,24.38612391104315,24.399999999999984
846734,149.07845105862452,3.426078135521949,2.442,3.0,LAE,24.40029867223922,24.599999999999984
868187,149.070064389864,3.492542778691359,0.0,0.0,UNDET,24.945333980560186,24.999999999999982
884013,149.28019373314226,3.707449884957365,2.2114,2.0,UNDET,24.93601720404188,24.999999999999982
885579,149.31236289839717,3.6815697937484835,2.4558,3.0,LAE,24.534790562324076,24.599999999999984
887040,149.58299105079465,3.6608981438109804,2.42335,3.0,LAE,24.67372509628887,24.799999999999983
887998,149.48849103074824,3.653059029515121,0.0,0.0,UNDET,24.719704003362704,24.799999999999983
889301,149.5258368800738,3.6382154737563828,2.4338,3.0,LAE,23.8268227824074,23.999999999999986
890487,149.31322333725,3.6199796529984756,2.4265666,3.0,LAE,24.600273865086383,24.799999999999983
891775,149.3326818933708,3.6025258456327203,2.44215,3.0,LAE,24.429748311647266,24.599999999999984
892393,149.54485986201195,3.5966023678468306,2.4462,3.0,LAE,24.566784233960146,24.599999999999984
892643,149.2958383793308,3.5944378347891353,2.4538333,3.0,LAE,24.63592277003972,24.799999999999983
894553,149.14232822533972,3.5695483678393534,0.0,1.0,UNDET,24.592582190197223,24.599999999999984
895856,149.20573499967838,3.555431281496807,2.43,3.0,LAE,23.509392706836504,23.599999999999987
896387,149.15896023543087,3.548757523620929,2.4648,3.0,LAE,24.042942036366888,24.199999999999985
897322,149.39358249891328,3.5384880757708688,2.4276,3.0,LAE,24.036349415019743,24.199999999999985
897733,149.59359845026185,3.5314483734463256,2.44985,4.0,LAE,22.983329397551156,22.99999999999999
898679,149.1069942448169,3.5187627687030525,2.45975,3.0,LAE,24.937885143195125,24.999999999999982
899404,149.12708663862952,3.510438467323025,2.4315,3.0,LAE,24.395448095670172,24.399999999999984
899406,148.98187836464916,3.5102700428296676,0.0,2.0,UNDET,24.805455079767274,24.999999999999982
900935,149.9876684808028,2.908806072975809,0.0,0.0,UNDET,24.997227451177842,24.999999999999982
901128,149.61198681462147,3.033360684775174,0.0,0.0,UNDET,24.86128957280229,24.999999999999982
901221,150.86442939224617,3.071667190193734,2.4608,3.0,LAE,24.779261137039608,24.799999999999983
901561,149.80723976993488,3.0749642120304297,2.4637,3.0,LAE,25.154339709336888,25.19999999999998
904613,150.46667202067266,3.09985835580952,2.42665,3.0,LAE,24.900154020017396,24.999999999999982
904960,150.54442322457353,3.102272322187964,2.41865,3.0,LAE,24.635982946904388,24.799999999999983
906047,150.40314054856537,3.110972062443597,2.469425,3.0,LAE,24.72434500094978,24.799999999999983
906082,150.28012614540813,3.111159873086293,2.462,3.0,LAE,24.820253053126706,24.999999999999982
906161,150.53278123258386,3.1099604250351147,2.4261,3.0,LAE,23.500499078956928,23.599999999999987
906284,149.9410535864564,3.113003233359264,2.467825,3.0,LAE,25.01886446105155,25.19999999999998
906310,149.80533339524519,3.112766184525854,2.44815,3.0,LAE,24.765720402523755,24.799999999999983
906400,150.84535322125114,3.1134482354041477,2.45535,3.0,LAE,24.570385618012345,24.599999999999984
907126,149.66105234913854,3.120240287125264,2.4467,3.0,LAE,25.02403089342655,25.19999999999998
907168,149.73763208832275,3.120572040387048,2.4653,3.0,LAE,25.076283433088992,25.19999999999998
907474,150.93379988792947,3.122967244879171,2.4585,3.0,LAE,24.733055275529043,24.799999999999983
907696,150.5123498464069,3.123600876209962,2.4706,3.0,LAE,23.899554288212695,23.999999999999986
910136,149.68895235846006,3.145080415673311,2.4441333,3.0,LAE,24.475586178779093,24.599999999999984
910395,150.65964384996008,3.1460672806686745,1.6983,4.0,CONTAM,21.74976506913185,21.799999999999994
910425,150.6543717781668,3.1474210108508154,2.46545,3.0,LAE,24.792945646853536,24.799999999999983
910542,150.86144938315397,3.1489565283456176,2.4526,3.0,LAE,25.122510837174215,25.19999999999998
910688,150.1633364696699,3.150412989351524,0.0,0.0,UNDET,24.71302391029774,24.799999999999983
911474,149.648574025779,3.1568759398962998,2.4424,3.0,LAE,24.731231220517046,24.799999999999983
912345,150.52130683075467,3.16478440913541,2.4152,3.0,LAE,24.785629691494886,24.799999999999983
912645,150.62601619906727,3.166703405071631,2.45715,3.0,LAE,24.42280853957739,24.599999999999984
912668,150.59465526548945,3.1675625530821656,2.4914,2.0,UNDET,24.898922864714432,24.999999999999982
912670,150.19729201267745,3.167944352185663,2.4605,3.0,LAE,24.816974940034463,24.999999999999982
913154,149.93722584042322,3.172384842488764,2.45125,2.5,LAE,24.935768604214196,24.999999999999982
913363,150.3666403490736,3.174318648574909,2.425575,3.0,LAE,24.81662108966201,24.999999999999982
913456,150.29881077572583,3.174824056968505,0.0,0.0,UNDET,25.061046863606073,25.19999999999998
914125,149.8296764819756,3.179509450992923,2.4508,3.0,LAE,22.949927774425674,22.99999999999999
914825,149.92606311581358,3.186913719157879,2.45325,3.0,LAE,24.875249908902944,24.999999999999982
914893,150.746011618257,3.1873619319549475,2.4416,3.0,LAE,24.792346454713247,24.799999999999983
915665,150.65268669196087,3.1949984049761326,0.0,0.0,UNDET,25.11266172410109,25.19999999999998
916503,149.78429077901578,3.2019559784346443,2.4452,3.0,LAE,24.017546451809363,24.199999999999985
916797,149.60480106883514,3.20508630788834,0.0,1.0,UNDET,24.76162088010238,24.799999999999983
917253,150.01645517992404,3.2087346892644484,2.453525,3.0,LAE,24.453368572366863,24.599999999999984
917533,149.70708564939537,3.211342118494027,0.0,0.0,UNDET,24.616550403763995,24.799999999999983
917575,149.95961598298663,3.2104465816803587,2.45725,3.5,LAE,23.822125120472055,23.999999999999986
917684,150.5714880701648,3.2120730313822583,2.431,3.0,LAE,24.67987426990252,24.799999999999983
918260,149.8062560338803,3.2176849384118458,0.0,0.0,UNDET,25.006408313862895,25.19999999999998
918524,149.6083955761472,3.2196514199443502,0.0,0.0,UNDET,24.783248716008497,24.799999999999983
918525,150.05347357356936,3.217381836607153,1.72265,4.0,CONTAM,20.341701615939108,20.4
918529,149.72700876757133,3.2197738541051018,2.43715,3.0,LAE,25.213979936463414,25.39999999999998
918622,150.293871497657,3.220116235611163,2.440725,3.0,LAE,24.53535682705417,24.599999999999984
918847,149.98037411632086,3.2224060457940364,2.4528,3.0,LAE,24.66900293121419,24.799999999999983
919615,150.023377027593,3.2285059369632285,1.7064,4.0,CONTAM,22.26760586771801,22.39999999999999
919937,149.73082121855722,3.2324450292182663,2.4297,3.0,LAE,24.81353968070996,24.999999999999982
920763,149.8559364769764,3.239673513189599,2.44985,3.0,LAE,24.96327432571082,24.999999999999982
921895,149.83010761847243,3.248999158518817,2.4549668,3.0,LAE,24.26640101060633,24.399999999999984
922937,149.7689993623744,3.258602683645821,2.45465,3.0,LAE,24.341927144256797,24.399999999999984
923013,150.56450505970275,3.2593892912417104,0.0,0.0,UNDET,24.647800359552637,24.799999999999983
924179,149.7445724939204,3.269805838386344,2.4528666,3.0,LAE,24.631581248417696,24.799999999999983
924331,150.77296414785997,3.270318774704686,2.44985,3.0,LAE,24.336089240012228,24.399999999999984
924379,150.375406938447,3.2706639932641344,2.45235,3.0,LAE,24.733131514895383,24.799999999999983
925380,150.9007987974789,3.2793423622380424,2.43,4.0,LAE,24.086129417651108,24.199999999999985
925395,150.6524146016165,3.279879893696411,2.46255,3.0,LAE,24.47257410208963,24.599999999999984
925510,150.00159862200073,3.281075978775945,0.0,0.0,UNDET,24.856024832444238,24.999999999999982
925516,150.58335411209407,3.2809536483686985,2.43285,3.0,LAE,24.663898234578653,24.799999999999983
925808,150.77461078729718,3.282341401615101,2.4702,3.0,LAE,24.40983397181366,24.599999999999984
926061,150.49522096599597,3.285888313955968,2.43475,3.0,LAE,24.790096373869908,24.799999999999983
926693,150.4485379860029,3.2907192133053864,2.4494,3.0,LAE,24.253750485671297,24.399999999999984
926732,150.43631758556452,3.2922370381817765,0.0,0.0,UNDET,24.90753048288452,24.999999999999982
927488,150.90433764076593,3.2986066038768964,0.0,0.0,UNDET,24.798956919572785,24.799999999999983
927530,149.64594095894995,3.29930889149015,2.4462667,3.0,LAE,24.74308401312151,24.799999999999983
927697,150.5494412183772,3.3001118089428205,2.43,3.0,LAE,25.088551315463373,25.19999999999998
928091,150.0554287728983,3.3042881690229504,2.45445,3.0,LAE,24.64521157996721,24.799999999999983
928768,150.52835697323917,3.3103550342206884,2.451675,3.5,LAE,24.588053238868884,24.599999999999984
929099,149.6277413791367,3.3131571899246426,2.45695,3.0,LAE,24.421562445324795,24.599999999999984
929429,150.4493832433615,3.3159761645058334,0.4351,4.0,CONTAM,24.48664461856604,24.599999999999984
929738,149.60465553612613,3.3187447714067098,2.4593334,3.0,LAE,24.542541556838977,24.599999999999984
930765,150.38518081677557,3.3283426914778715,2.437,3.0,LAE,24.57746830259027,24.599999999999984
931337,150.17569378988682,3.3344975181138263,2.44105,3.0,LAE,24.76010553451389,24.799999999999983
931399,149.8085212736989,3.3351928256204872,2.45055,3.0,LAE,24.51444351538806,24.599999999999984
933059,151.06339861608507,3.3497549177442347,0.0,0.0,UNDET,24.529511126145255,24.599999999999984
933753,150.6641230816603,3.3550178518380704,2.4621,3.0,LAE,23.51174016267192,23.599999999999987
933837,150.51108798597673,3.3569466058451205,2.4543,3.0,LAE,24.588523841401052,24.599999999999984
933847,150.20837174040423,3.357590640259151,2.434,3.0,LAE,24.84617257490968,24.999999999999982
934439,149.80545319994738,3.36319250154493,2.45405,3.0,LAE,24.395701323297164,24.399999999999984
934990,150.96887200915953,3.3688187551917963,2.4728,3.0,LAE,25.197637291019102,25.19999999999998
935573,150.19519737881134,3.3737384744849246,2.43475,3.0,LAE,23.30147461551019,23.399999999999988
935783,150.1697691285864,3.375956117449284,2.4395,3.0,LAE,24.015552052518025,24.199999999999985
936247,149.6651300529621,3.3810103344512976,2.4415,3.0,LAE,23.75611315031451,23.799999999999986
936366,150.4918475893674,3.3830369745090025,2.45265,3.0,LAE,24.938202645457316,24.999999999999982
936668,149.67833916651483,3.3853910038201325,2.446,3.0,LAE,23.82258432794105,23.999999999999986
937000,150.2579385456731,3.388822452624768,2.4721,3.0,LAE,24.18620307443233,24.199999999999985
937411,150.4282795670577,3.3937123344671463,2.469375,3.0,LAE,24.89257120163215,24.999999999999982
938313,150.2017780178631,3.403161782702718,2.43485,3.0,LAE,24.940765860885143,24.999999999999982
938359,149.75062129027776,3.403425444112731,0.0,0.0,UNDET,24.812101417588863,24.999999999999982
938605,150.5189963259255,3.4053064690896178,2.4346,3.75,LAE,23.371524844830045,23.399999999999988
938804,150.33327705842754,3.4082292251799315,2.46035,3.0,LAE,24.819898082284965,24.999999999999982
938812,151.0336697647774,3.4082388087283086,3.0914,2.5,CONTAM,24.90935402549126,24.999999999999982
938865,150.07124998278258,3.4074882126772996,2.45795,3.0,LAE,24.379726892765433,24.399999999999984
939093,150.28177512635133,3.410821483724737,2.4608,3.0,LAE,24.60134362485737,24.799999999999983
939353,149.63503368091324,3.41363745305912,2.4192,2.0,UNDET,24.433256194279846,24.599999999999984
939980,150.99043546067062,3.419071059261149,2.4699,3.0,LAE,24.755207174481736,24.799999999999983
940204,150.58067098550163,3.4209942994662255,2.42525,3.0,LAE,24.724159891670745,24.799999999999983
940444,149.70067994929406,3.423624188628971,2.4651334,3.0,LAE,24.665884540650232,24.799999999999983
941279,149.61078806341496,3.4317170780355837,2.44565,3.0,LAE,24.665076542890716,24.799999999999983
941467,150.1802952558651,3.431936654153215,2.44565,3.0,LAE,24.13892473915766,24.199999999999985
941721,150.8343587876483,3.4351571554549185,2.445,4.0,LAE,24.352263821349204,24.399999999999984
941890,150.31979349802742,3.437202744093039,2.475375,3.0,LAE,24.73678105250169,24.799999999999983
942197,149.67865652476007,3.4387310258762054,2.4492,3.0,LAE,22.633971198762463,22.79999999999999
942661,150.81572123312196,3.443806119244027,2.4429,3.0,LAE,24.19789697724224,24.199999999999985
942690,150.2520747951653,3.444728824240012,2.474025,3.0,LAE,24.94108794560281,24.999999999999982
942913,150.14975114266645,3.446592121082483,2.44,3.0,LAE,24.56157930199959,24.599999999999984
943091,150.22564609761284,3.4488358579383696,2.46095,3.0,LAE,24.52827682446828,24.599999999999984
943618,150.70587747453703,3.453776088137504,0.0,0.0,UNDET,24.78661643682565,24.799999999999983
943861,150.5878308741917,3.4560327417723236,2.4287,3.0,LAE,24.71786389554528,24.799999999999983
944226,149.8391999579954,3.459665177805376,2.4483,3.0,LAE,25.11334301935657,25.19999999999998
944359,150.31789162620788,3.4608086273682415,2.43665,2.5,LAE,24.694964546447125,24.799999999999983
944469,151.05604790363117,3.4614808721903954,2.4604,3.0,LAE,24.700088363996834,24.799999999999983
945269,150.2300248473685,3.469809640669175,2.4624,3.0,LAE,23.806799082169313,23.999999999999986
945707,150.53550384662995,3.4736646339181645,2.456525,3.0,LAE,24.59826142639742,24.599999999999984
945817,150.278951223133,3.4738137752811835,2.477475,3.0,LAE,23.194661344455746,23.19999999999999
946214,150.68247460035562,3.4784584654330164,2.4278,3.0,LAE,24.69934709953293,24.799999999999983
946745,150.94820782784876,3.482950692383871,2.44865,3.0,LAE,24.5938600665014,24.599999999999984
946760,150.93498961021612,3.483572687522321,0.0,1.0,UNDET,24.833272248136314,24.999999999999982
947157,150.31570001238464,3.4876340010841593,2.46585,3.0,LAE,24.81245256496034,24.999999999999982
947304,150.71832708397275,3.4886669108737274,2.45525,3.0,LAE,24.458174781060723,24.599999999999984
947466,149.67616770240824,3.4903109730003266,2.4591,3.0,LAE,24.702242820333726,24.799999999999983
947517,150.69016831900353,3.4901857685742943,2.4558,3.0,LAE,24.188960927161798,24.199999999999985
947538,149.97165488605677,3.491589837524673,0.0,2.0,UNDET,25.036371593967086,25.19999999999998
947593,149.65606472238073,3.491719801059885,2.4299,3.0,LAE,24.222261255039825,24.399999999999984
947667,150.3471648298219,3.4917105933419452,2.4396,3.5,LAE,24.465763598059993,24.599999999999984
948792,149.8397641042247,3.5033186543889387,2.4433,3.0,LAE,24.97596165419316,24.999999999999982
949547,150.34804295340322,3.508099056798037,2.4343,3.0,LAE,23.825923079416214,23.999999999999986
949617,150.52287228674442,3.5104652576028528,2.44085,3.0,LAE,24.46088378490897,24.599999999999984
949754,149.68636195134476,3.5124692346131443,2.44355,3.0,LAE,24.61522411467761,24.799999999999983
950185,150.65601416733548,3.516399500125332,2.4602,3.0,LAE,25.037484442214076,25.19999999999998
950513,150.35869171266353,3.5182135200598186,2.474575,3.0,LAE,22.798713087169862,22.79999999999999
951251,149.7790185201691,3.5261525616698886,2.44075,3.0,LAE,24.380337042948277,24.399999999999984
952641,150.5613306181328,3.539228381072472,2.4543,3.5,LAE,24.384254411828593,24.399999999999984
952659,150.83109995168263,3.53811131219419,2.4554,4.0,LAE,23.510431517737334,23.599999999999987
952812,150.71696396772782,3.5403307010616594,2.4751,3.0,LAE,23.855415626738445,23.999999999999986
952995,149.68952298552648,3.541784132487682,2.4405334,3.0,LAE,24.107887485098445,24.199999999999985
953266,150.31378522907264,3.5435225431345314,2.4381,3.0,LAE,24.817710771319106,24.999999999999982
953438,150.5157771251972,3.546226169539141,2.4421,3.5,LAE,24.06873834650468,24.199999999999985
953577,150.52553547761255,3.5475468576648916,2.44175,3.0,LAE,24.25911437244065,24.399999999999984
953790,150.5766119400873,3.550096257306241,2.4013,3.0,LAE,24.96665083008674,24.999999999999982
953832,149.61971749622535,3.549875825119019,2.4495,2.5,CONTAM,24.985156838290113,24.999999999999982
953930,149.79668219595567,3.5504526987128235,2.4605,3.0,LAE,24.118347517472262,24.199999999999985
953994,149.6695857669837,3.5518917244432204,2.46965,3.0,LAE,24.76881458766639,24.799999999999983
954011,149.88435746836606,3.552009756200791,2.46255,3.0,LAE,24.77288843034799,24.799999999999983
954674,149.89323687955144,3.555215400703629,2.45115,3.5,LAE,24.74060817485446,24.799999999999983
954726,150.37418982943194,3.5567285870395464,2.44685,3.0,LAE,23.71330761461879,23.799999999999986
954731,150.7450145361607,3.5583569104029964,2.42625,3.0,LAE,24.81833015070803,24.999999999999982
954985,150.18644984814884,3.5593687922255532,2.47475,3.0,LAE,23.17080198300416,23.19999999999999
955562,149.83894030258008,3.565407403423807,2.46285,3.0,LAE,24.76264284454276,24.799999999999983
956209,150.70544663860812,3.5719147753223974,2.4281,2.0,UNDET,24.9849941710725,24.999999999999982
956336,150.4912897593218,3.5732051624949612,2.4725,3.0,LAE,24.93366451003652,24.999999999999982
956383,150.31064544812585,3.572541624740139,2.46695,3.0,LAE,24.321357744023704,24.399999999999984
956639,150.27164452120843,3.575132379701404,2.46385,3.0,LAE,24.025677061813592,24.199999999999985
956659,150.57676180275777,3.5762587003603676,0.0,0.0,UNDET,24.8446208696454,24.999999999999982
956811,150.79961873234745,3.57739873293566,0.5596,2.0,UNDET,24.9374095295932,24.999999999999982
956959,150.66673887517968,3.5784777584851235,2.436,3.0,LAE,24.757177864722827,24.799999999999983
957130,150.43392679271562,3.5807987546073172,2.4698,3.0,LAE,24.70269458229948,24.799999999999983
957222,150.75836895494896,3.5777535101839484,2.42455,3.0,LAE,23.818161861510006,23.999999999999986
957368,149.6997479930352,3.5821612491842876,2.4797,3.0,LAE,23.88438121594711,23.999999999999986
957495,150.50617592987393,3.5827783767495984,2.44155,3.5,LAE,23.259255687661447,23.399999999999988
957697,150.61818860248758,3.5857917654313485,2.4464,3.0,LAE,24.574123721892477,24.599999999999984
957896,149.80048150099353,3.5875157275247584,2.4623,3.0,LAE,24.50865999094823,24.599999999999984
958042,150.32790302398132,3.5892651721929623,2.47435,2.75,LAE,24.834653308771752,24.999999999999982
958067,149.94615503696852,3.5894065043293315,2.4622,3.0,LAE,24.58047996481391,24.599999999999984
958533,150.54684314908738,3.5935842025160993,2.441,3.0,LAE,24.51850845126654,24.599999999999984
958698,149.6111745026454,3.5947078509612163,2.4386666,3.0,LAE,24.311648757836146,24.399999999999984
958858,150.40220848882456,3.596625961951834,2.4718,3.0,LAE,24.432146954842867,24.599999999999984
961357,150.45220695141074,3.620537957109401,2.4739,3.0,LAE,24.574733762751865,24.599999999999984
961380,150.91805215984598,3.620295949613027,2.42155,3.0,LAE,24.5113959751247,24.599999999999984
961709,150.221208876008,3.6228783966678884,2.43465,3.0,LAE,24.164821780971153,24.199999999999985
961804,149.89792251420965,3.6251042715285653,1.4636,3.0,CONTAM,24.687068272714132,24.799999999999983
962504,150.58482116913868,3.6320992136138615,2.44775,3.0,LAE,24.7734478016383,24.799999999999983
962811,150.43117274685227,3.634530183484614,2.471475,3.0,LAE,24.366068259500974,24.399999999999984
962890,150.6294587896124,3.634974506876737,2.46245,3.0,LAE,24.293522858539042,24.399999999999984
963295,150.55667393117284,3.63941320200217,2.4543,3.0,LAE,24.364993775236297,24.399999999999984
963341,149.65125908833105,3.6394407413121908,2.4455333,3.0,LAE,24.57041945978074,24.599999999999984
963627,149.89844526523808,3.642160052515499,2.448175,3.0,LAE,24.28868870786091,24.399999999999984
963664,150.80119688424807,3.64291364513626,2.42365,3.0,LAE,23.92341064196423,23.999999999999986
963736,150.45855054942328,3.6438895315459923,2.471625,3.0,LAE,24.1790901008422,24.199999999999985
964390,150.75723127727122,3.6503546831948137,2.44345,3.0,LAE,24.673758818885386,24.799999999999983
964397,149.90529372298715,3.6496869379106878,2.44415,3.0,LAE,23.938696163216285,23.999999999999986
965203,150.60641465968376,3.6579995310572175,2.458,3.0,LAE,23.755817341965045,23.799999999999986
965915,149.9328267715445,3.664960129505852,2.44695,3.0,LAE,23.332379382328273,23.399999999999988
966703,150.927396734039,3.6740238989822367,2.4214,4.0,LAE,24.250058242445604,24.399999999999984
966784,149.6803708599231,3.6753570403708435,2.4461,3.0,LAE,24.616267216069872,24.799999999999983
967654,150.88006038634768,3.683251832900862,0.0,0.0,UNDET,24.722062406670066,24.799999999999983
971444,149.70145098461617,3.7225148985758882,2.4645,3.0,LAE,24.400322942126287,24.599999999999984
1025567,151.4328437787502,2.959838605500597,2.437,3.0,LAE,25.130282164054208,25.19999999999998
1026355,151.28205304058616,3.0796731324623954,2.4399,4.0,LAE,23.644928961891917,23.799999999999986
1027547,151.2654735141695,3.0973370053606466,2.4205,3.0,LAE,24.7934093372994,24.799999999999983
1027708,151.42684286039062,3.0988238696483226,2.453775,3.0,LAE,24.064174739355195,24.199999999999985
1030849,151.30318999132197,3.146325532064174,2.44465,3.0,LAE,24.8505818017766,24.999999999999982
1032131,151.489336147402,3.16586092374445,2.427675,3.0,LAE,23.496336667014408,23.599999999999987
1032175,151.22559570530066,3.167078851154798,2.4286,3.0,LAE,24.460132683019538,24.599999999999984
1044306,151.12956622495594,3.482799348920066,2.46185,3.0,LAE,22.95298250261167,22.99999999999999
1045504,151.09990507682966,3.4619465358026513,2.47055,3.0,LAE,24.611799434314484,24.799999999999983
1047372,151.13902739623256,3.427253251329811,2.46845,3.0,LAE,24.42194341045175,24.599999999999984
1047537,151.13292420543965,3.4233566365518597,2.4458,4.0,LAE,23.803339735702938,23.999999999999986
1047601,151.11266495434086,3.4224402785086787,2.4686,3.0,LAE,24.884099182204114,24.999999999999982
1048405,151.22099901892628,3.4065442633138794,2.4239,3.0,LAE,23.700646103450577,23.799999999999986
1052166,151.10591812253872,3.3416812067209007,2.4437,3.0,LAE,25.134235246754194,25.19999999999998
1056521,151.2385706370642,3.2754565200187824,2.469,2.0,UNDET,24.818922194075515,24.999999999999982
1056960,151.30736676595689,3.2682853368384737,0.0,0.0,UNDET,24.436110264799368,24.599999999999984
1059260,151.2873721229183,3.2324620253890997,0.0,0.0,UNDET,25.220588793771253,25.39999999999998
1060103,151.41803428675058,3.2331578941798966,0.0,0.0,UNDET,24.899414210752028,24.999999999999982
