LAE_INDEX,RA,DEC,ZWAVG,QUALITY,CLASSIFICATION,NARROWBAND_MAGNITUDE,NARROWBAND_BINS
33034,148.87869843197066,1.2228875836496942,3.1253,3.0,LAE,24.86802727648227,24.999999999999982
41761,148.9678728751467,1.11315316114355,0.0,0.0,UNDET,24.37741027789979,24.399999999999984
47757,148.93171904118375,1.0335311224342287,3.1210372,3.3428571,LAE,23.675657650418835,23.799999999999986
52230,148.9363934274928,0.9684064574049761,3.1364129,3.0,LAE,24.313677873688317,24.399999999999984
63346,148.93884739065547,1.5512755462344776,3.148025,2.3125,UNDET,24.5376421114725,24.599999999999984
63386,148.81356365556135,1.550450646423229,3.1484475,3.5238094,LAE,24.080634169676415,24.199999999999985
64714,148.90083458495002,1.537763940631673,3.1041,3.0,LAE,24.67311548027692,24.799999999999983
64798,148.73025128906224,1.5366384812099525,3.0968,3.0,LAE,24.78059680677814,24.799999999999983
67589,148.76107019091617,1.508140969847661,3.1029143,3.642857,LAE,23.972616790288118,23.999999999999986
69361,148.96831860041883,1.4903682025358365,2.1196,4.0,CONTAM,22.862778160441998,22.99999999999999
70845,148.94947772613702,1.4711129533277996,3.1054409,3.6296296,LAE,23.45562358888936,23.599999999999987
72462,148.83894518370784,1.4532038404817598,3.1426,3.0,LAE,24.488248047589632,24.599999999999984
73439,148.69816569214237,1.4424645294901033,3.1426334,3.0,LAE,24.338599294597103,24.399999999999984
74171,148.75389317319215,1.4348939713972209,3.1118,3.0,LAE,25.25163376917085,25.39999999999998
74347,148.71955178465305,1.4328326249529544,3.10885,4.0,LAE,23.62332643840803,23.799999999999986
80298,148.83733710932117,1.367530257575844,3.1241143,3.3469388,LAE,24.327439846328506,24.399999999999984
83583,148.85450663050023,1.329269595735114,1.524,1.0,UNDET,23.525963878366436,23.599999999999987
84650,148.93126895499393,1.3165345055777444,3.156194,3.0,LAE,24.46644178896722,24.599999999999984
87551,148.95183167355648,1.2813526297378863,3.1289356,3.6236558,LAE,23.519204134082685,23.599999999999987
171871,149.58655371601347,0.6834360591099073,3.1422956,2.60177,LAE,23.960856341206892,23.999999999999986
175113,149.50939071995393,0.7076473299605804,3.0955746,3.0,LAE,24.230577272302007,24.399999999999984
175458,150.3323376882964,0.7100637859666368,3.12355,2.0,UNDET,24.105766782815753,24.199999999999985
176507,150.30829785260437,0.7179504670473572,3.1304,3.0,CONTAM,24.27570833611336,24.399999999999984
176961,150.31471118638572,0.7210028451748243,3.1327,3.0,LAE,24.514311725027458,24.599999999999984
177995,149.88118720950257,0.7288150103137486,3.10485,3.0,LAE,24.292457879270113,24.399999999999984
179230,149.30375952054723,0.7382410337141564,3.1386042,3.2916667,LAE,24.420837751763106,24.599999999999984
179717,150.31279372539825,0.7373671338399959,3.128371,3.6925757,LAE,23.58213048911718,23.599999999999987
179967,150.46181873160043,0.741575861696626,3.1525223,3.0,LAE,24.682655158552553,24.799999999999983
180703,149.2886295372953,0.7485834571962126,3.0997465,3.372093,LAE,23.3180726114251,23.399999999999988
183391,149.58801508672047,0.7679446703786315,3.1508,3.0,LAE,24.44037963488827,24.599999999999984
183947,150.44652413322336,0.7723958109525227,3.1517408,2.6296296,LAE,24.672381694620466,24.799999999999983
185325,149.925696668583,0.7815019600585744,3.1030395,3.0,LAE,23.971599863178724,23.999999999999986
186610,149.2555889855738,0.790514045222203,0.0,0.0,UNDET,24.203572870195114,24.399999999999984
186688,149.7618408020327,0.7915938498748809,3.1046,3.0,LAE,24.64661073156845,24.799999999999983
187189,150.3871372739799,0.7951718858439178,3.1337755,3.0,LAE,24.358552027844322,24.399999999999984
187549,149.87884567184074,0.7978107008445978,3.1070693,2.0,UNDET,24.701092824121158,24.799999999999983
187787,149.36791964995348,0.7991727723710307,3.127495,2.8292682,LAE,24.557202228314832,24.599999999999984
189295,149.21502344047548,0.8092027802693419,3.1336875,3.0,LAE,23.600675771150414,23.799999999999986
190069,150.34400362187876,0.8143596295851199,3.13892,3.3,CONTAM,23.446481456668902,23.599999999999987
190574,149.66940470027248,0.8174047507224389,3.1034,3.5,LAE,23.44705705560833,23.599999999999987
193127,149.45829511933343,0.8348170327049594,3.1013763,3.0,LAE,24.479078963453343,24.599999999999984
193131,149.35949983446403,0.8352136161750677,3.127163,3.0,LAE,24.362179250112735,24.399999999999984
194707,149.8859279405154,0.8464606295832036,3.1024,2.4,UNDET,25.30995077966899,25.39999999999998
194935,149.97989537303192,0.8472916076997382,3.115497,3.0,CONTAM,23.992992058539873,23.999999999999986
196810,150.38148396917413,0.861065878818474,3.132076,3.0,CONTAM,23.828863673668202,23.999999999999986
196912,150.4482562014263,0.8615360918014994,3.13685,3.0,CONTAM,24.12270176447811,24.199999999999985
197659,149.75719742754347,0.8667182666180836,3.1118,3.0,LAE,24.33083111456789,24.399999999999984
197899,149.90349531057223,0.8679709393958168,3.10515,3.0,LAE,24.080603267515478,24.199999999999985
198645,149.87358595849904,0.8734278073755556,3.109729,3.0,LAE,24.35676963140318,24.399999999999984
199207,149.89811012646396,0.8766171116733612,3.1014736,3.0,LAE,24.14894425082236,24.199999999999985
199574,150.416085328581,0.8795441764311498,0.0,0.0,UNDET,25.043467235346068,25.19999999999998
199932,149.48370066126063,0.8817322977193022,3.112172,3.0,LAE,24.886677037711475,24.999999999999982
200696,149.95031412890128,0.8865122150958094,3.1146832,3.0,CONTAM,24.17587512231229,24.199999999999985
201495,149.89683648661978,0.8920521955627172,3.109095,2.5577157,LAE,24.22758518378663,24.399999999999984
202776,149.25210551202002,0.9002817262450106,0.0,0.0,UNDET,24.696039965617995,24.799999999999983
202894,149.7426913826791,0.9016845057668058,3.1110687,3.0,CONTAM,24.368833988132273,24.399999999999984
203867,149.85099718794513,0.9082354330460978,3.1162,3.0,LAE,23.680842589603742,23.799999999999986
204323,149.9454162275755,0.9106038795799404,3.11485,3.0,LAE,24.66726695789217,24.799999999999983
204655,149.30859985429313,0.9133213835232477,3.1255713,3.3424656,LAE,23.49921388800433,23.599999999999987
204708,149.4829154999017,0.9140472813728677,3.10705,3.0,LAE,24.607062562634955,24.799999999999983
204883,150.08457399780633,0.9155540089596338,3.1181,3.0,LAE,24.20370929846093,24.399999999999984
205495,149.90751856483715,0.919770488998481,3.112,3.0,LAE,24.561847119147618,24.599999999999984
205864,150.05098244948704,0.9222927501505891,3.1104312,3.0,CONTAM,24.220053803114425,24.399999999999984
206595,150.34935112561158,0.9275450908434307,3.133017,3.0,LAE,24.24102094231651,24.399999999999984
207673,149.7526002202283,0.9350215559173359,0.0,0.5,UNDET,25.35913536855112,25.39999999999998
207840,149.41436665519018,0.9360643654008086,3.1344435,3.0,LAE,24.805486227800102,24.999999999999982
208272,149.53352562472975,0.9381359184318453,3.1209,3.0,LAE,23.494933246062963,23.599999999999987
209414,150.10317785108919,0.9441807659449177,3.1159909,3.0,LAE,23.371350621510366,23.399999999999988
210077,149.5661017655912,0.9519367974341303,3.1460474,3.0,LAE,24.789728802456864,24.799999999999983
210634,149.91589230032056,0.955369954701864,3.1104333,3.0,CONTAM,24.35840594994988,24.399999999999984
211486,149.83419867783238,0.9615680992903954,3.115,3.0,LAE,24.91115492768962,24.999999999999982
212515,150.3121904428228,0.9682927741569791,3.11,2.7058823,LAE,24.841156084407764,24.999999999999982
212901,149.51533023186138,0.9712962287923111,3.1445556,3.0,LAE,24.78418758082587,24.799999999999983
214116,149.31361378587673,0.979044520951016,3.0942852,3.3658535,LAE,23.6815725351085,23.799999999999986
214346,150.16011135386123,0.9806900910542201,3.1407,2.0,UNDET,24.89062112823159,24.999999999999982
214357,150.04757476167708,0.9806591824807116,3.1011,2.0,UNDET,25.02605343094802,25.19999999999998
214931,149.95845671935953,0.9850440734198533,3.1063,3.0,LAE,24.864077036990647,24.999999999999982
215478,149.3818833155033,0.9884284023395496,3.1208642,3.0,LAE,23.7721834539456,23.799999999999986
217067,150.0738125118323,0.9989268498191862,3.1307476,3.0,LAE,23.98294105131017,23.999999999999986
217320,149.4846935896623,0.99984020390257,3.1006,3.0,LAE,23.064286929288738,23.19999999999999
217806,149.2557266891862,1.003705639413859,3.1,2.0,UNDET,24.819204260725265,24.999999999999982
217876,150.33282996268545,1.0045454235966633,3.1397684,3.0,LAE,24.65878772401181,24.799999999999983
218800,149.82938036062336,1.0111949645132807,3.13,3.0,LAE,24.997870123397703,24.999999999999982
218974,150.19370059760922,1.0119481956177072,3.1251354,3.0,LAE,24.589159152877738,24.599999999999984
219419,150.45074893104933,1.0150331959803514,3.1538308,3.3574648,LAE,23.91382572560066,23.999999999999986
219481,150.12411848630518,1.0158411744160092,3.1219304,2.4347825,UNDET,24.668173665238246,24.799999999999983
219955,149.3498797252789,1.0193469998095508,3.0977647,2.7058823,LAE,24.676242953908904,24.799999999999983
220067,150.36523999443827,1.020217641107999,3.117546,3.0,LAE,24.699932612469556,24.799999999999983
222397,149.1853538446651,1.0361668950063176,3.1004667,3.3333333,LAE,24.201241793461076,24.399999999999984
222656,150.0947667308628,1.038562073159106,3.1336,3.0,LAE,24.818391192308276,24.999999999999982
224192,149.54607095936717,1.0493180135116127,3.1121085,3.0,LAE,25.271103400633077,25.39999999999998
224788,149.9013406878611,1.0524028206924279,3.1229,2.5,CONTAM,24.576312892416748,24.599999999999984
224842,149.83490640928048,1.0528846285102726,3.1405334,3.0,CONTAM,24.074830964535725,24.199999999999985
226755,149.39530461443542,1.066741775401192,3.1214,3.5,LAE,24.153399964417996,24.199999999999985
227610,150.12605871558253,1.072631823172124,3.104491,3.0,LAE,23.97593832912227,23.999999999999986
228255,149.15830918108998,1.0770560512134404,3.1220224,3.0,LAE,24.513437033394244,24.599999999999984
229277,150.01991813158213,1.084426301073569,0.0,0.0,UNDET,25.213166116770687,25.39999999999998
229981,149.20934960061916,1.0880419463888709,2.2148,4.0,CONTAM,24.611246181950392,24.799999999999983
231677,149.63493474298494,1.0987164065393087,3.150564,3.0,LAE,23.906519839330294,23.999999999999986
232036,150.3237643816906,1.1016046648098514,3.104894,3.0,LAE,24.5270479866005,24.599999999999984
233164,149.8661583765697,1.1092251567029983,3.1252,3.0,LAE,24.780991825566897,24.799999999999983
233347,150.12127163185303,1.1105138376109507,3.1037,2.0,UNDET,24.92042937749307,24.999999999999982
233838,149.13610706018753,1.1136324115032468,3.1139824,3.0,LAE,24.488827744622892,24.599999999999984
235138,149.98782118380572,1.1228020355239134,3.0971646,3.0,LAE,24.913156897098386,24.999999999999982
236059,150.05738154266587,1.1291031415584571,3.1560938,3.0,LAE,25.162463243210855,25.19999999999998
236074,150.00708391497298,1.128270750918825,3.0979304,3.0,LAE,23.745248678092995,23.799999999999986
237165,149.96158986125477,1.1364226384853686,3.1060355,3.0,LAE,24.897771430254593,24.999999999999982
237836,149.3832560388375,1.1398468479157753,3.12455,3.0,LAE,24.075882325882635,24.199999999999985
238422,149.12548306030155,1.142807387733082,2.128195,4.0,CONTAM,22.171968829191204,22.199999999999992
238436,149.96784040455637,1.143302059648205,3.09865,3.0,LAE,24.09655320115811,24.199999999999985
240639,149.56499161709993,1.1569671401666168,3.1375291,3.0,LAE,23.193338075088562,23.19999999999999
241214,149.27587086681504,1.1617896031947978,3.1006196,3.3770492,LAE,24.400518257009576,24.599999999999984
241232,149.46523636644017,1.1604796052867121,3.107,3.0,LAE,23.49263844731622,23.599999999999987
241579,149.94601415402488,1.1620951414397036,3.1043668,3.4166667,LAE,22.886170743217235,22.99999999999999
241851,149.97995356408188,1.1663660047496132,3.0957918,3.0,LAE,25.221313048969066,25.39999999999998
242088,149.27446364460496,1.1657152110808118,3.0986,4.0,AGN,21.494421498986256,21.599999999999994
242435,149.4324389691155,1.1698374882909983,3.1379938,3.0,LAE,24.79535756609577,24.799999999999983
242868,149.38623887238225,1.173165419352916,3.0999413,3.0,LAE,24.95989385078415,24.999999999999982
242952,149.7248660084219,1.173249171185922,3.134118,3.0,LAE,24.620654393951618,24.799999999999983
243145,149.20382071489274,1.174643118406451,3.11775,2.5,CONTAM,24.978711514007177,24.999999999999982
243309,150.15805342478527,1.175565291299387,3.1501305,3.0,LAE,24.28893692183039,24.399999999999984
243440,149.47658272509136,1.1762900986319622,2.0506,4.0,CONTAM,24.319138539534254,24.399999999999984
243562,150.19426402755735,1.1776936276682448,3.0952,3.0,LAE,24.879450228610278,24.999999999999982
244619,150.0355340376744,1.1837204233895828,3.106397,3.0,LAE,23.330333800258085,23.399999999999988
245154,149.09859483063917,1.186137016308726,3.1142893,3.0,LAE,24.406156365672526,24.599999999999984
245164,150.2369519022793,1.187902612107598,3.1456523,3.0,LAE,24.174663967851657,24.199999999999985
246679,149.17821380731442,1.1977964922286797,3.1094,2.6774194,LAE,24.70466666434143,24.799999999999983
247031,150.0113850191319,1.1994913286419353,3.1223,3.0,LAE,24.543636873519986,24.599999999999984
247699,149.86683493880176,1.204665578696353,0.0,0.0,UNDET,24.84488651809744,24.999999999999982
247825,150.00481842714848,1.2050067949571752,3.1157668,3.0,LAE,24.036290253949737,24.199999999999985
249131,148.9888983715555,1.213216488736467,3.1213,2.0,UNDET,24.415682546382012,24.599999999999984
249132,150.39397206224257,1.213208577693198,3.1021547,3.0,LAE,24.398387187201898,24.399999999999984
249934,150.3757347138874,1.2182609463102472,3.11455,3.0,LAE,24.18431929459316,24.199999999999985
250082,150.40468250393369,1.2196146470390359,3.1209645,3.0,LAE,24.617536098023407,24.799999999999983
250087,149.58299146226426,1.2192951821731648,3.1064,3.0,LAE,24.201080258414798,24.399999999999984
250321,150.3290861469267,1.2213256834248192,3.1117,3.0,LAE,24.93361584394216,24.999999999999982
251109,149.52111792754218,1.2265300329220183,3.1524687,3.0,LAE,24.567939304940708,24.599999999999984
253408,149.24307937259218,1.246003460122819,3.132,3.0,LAE,24.59006466250497,24.599999999999984
253725,149.9441972949643,1.244844597074264,3.1434,3.0,LAE,25.105252291423824,25.19999999999998
254400,149.21688098894325,1.2425128917726653,3.1105,3.0,LAE,23.84619756657336,23.999999999999986
255364,149.73481482217915,1.2336636669035925,3.13145,3.0,LAE,23.632817187223505,23.799999999999986
256122,149.32367019815746,1.581086095335438,3.110648,3.0,LAE,23.95991945531758,23.999999999999986
256149,150.3783777098299,1.5816947304783575,3.1018908,3.0,LAE,25.094844012036067,25.19999999999998
256196,150.03599568567103,1.2320669757351348,3.1155,3.0,LAE,24.417900524384784,24.599999999999984
256315,149.19735628106673,1.2307505937665075,3.1363313,3.0,LAE,24.409623814363,24.599999999999984
256442,150.28660373992105,1.5816174996417782,3.1426,3.0,CONTAM,24.265270407043584,24.399999999999984
257318,150.05071386884129,1.5739959433171424,3.1030645,3.0,LAE,24.650557178855905,24.799999999999983
257532,149.4012906595491,1.5739113323567375,3.1084893,3.7027028,LAE,24.04817613563827,24.199999999999985
257922,149.75045353769733,1.5698844698174061,0.0,0.0,UNDET,25.433877218849027,25.59999999999998
258034,149.24412612360567,1.5696188698527451,3.1136,3.0,LAE,22.84905438699907,22.99999999999999
258766,150.22858062682133,1.568640078395931,3.1031587,2.7058823,CONTAM,24.25029693975544,24.399999999999984
258827,150.11188264110964,1.5632514698832962,3.116848,3.0,CONTAM,23.987682401532624,23.999999999999986
260418,150.11207791717734,1.5556209318370746,3.11237,3.8850574,LAE,24.487616427577148,24.599999999999984
260778,150.2381102056071,1.5586214557822524,3.1079366,2.512195,LAE,25.20227402082155,25.39999999999998
260874,149.24513138232305,1.5488819810238832,3.1137307,3.0,LAE,24.352452391543558,24.399999999999984
261210,149.49184668807837,1.5484910736438255,3.1116674,3.0,LAE,24.2943436518599,24.399999999999984
261433,149.4606079234893,1.5471989186739408,3.112619,2.9050634,LAE,24.623945780276756,24.799999999999983
261587,149.49034156231187,1.5477648307132423,3.1119058,3.0,LAE,24.125285708749576,24.199999999999985
261607,149.2920266691647,1.5451371243682275,3.1279588,3.0,LAE,24.897937246069446,24.999999999999982
261710,149.9419542728477,1.543204918218932,3.058255,3.6774194,CONTAM,22.165536260975628,22.199999999999992
261785,149.63312216402184,1.5439878015732345,3.14405,3.5,LAE,24.216541910744386,24.399999999999984
261962,150.21593616661556,1.542303797861686,3.1321354,3.0,LAE,24.58884785991063,24.599999999999984
262393,149.25420137020362,1.5423783873753207,3.1124892,3.0,LAE,24.247427417399717,24.399999999999984
262698,149.11218647654408,1.5418776254778988,3.1285,3.0,LAE,23.886770346776203,23.999999999999986
262872,149.0195009370985,1.5363609998460412,3.0962894,3.361949,LAE,24.013921775016883,24.199999999999985
263270,149.91230164481038,1.5346293198844425,3.129225,3.0,LAE,24.405081060592448,24.599999999999984
263394,149.64582471339324,1.5342595560378316,3.1462,3.0,LAE,24.01310066105619,24.199999999999985
263903,150.26303210984034,1.5300309800032885,0.0,0.0,UNDET,25.015660068887478,25.19999999999998
264331,149.62321544592595,1.5294889970118106,3.1148179,2.2065852,UNDET,24.55907757618905,24.599999999999984
264499,150.18923694194535,1.526976570818875,3.12908,2.65,CONTAM,24.27924105748963,24.399999999999984
264833,150.1196240780628,1.52552144124449,3.0935144,3.0,LAE,24.533571264704765,24.599999999999984
265160,149.4880505724856,1.5220858441498695,3.10685,3.5,LAE,24.3892224932182,24.399999999999984
265524,149.70524790066005,1.5233397828750612,3.1133308,3.0,LAE,24.3907429365162,24.399999999999984
266063,149.56929235539607,1.5186556323636407,3.1059732,3.0,LAE,24.201191012069913,24.399999999999984
267355,149.1274906223002,1.5114447933916535,3.116325,3.0,LAE,24.77389459325991,24.799999999999983
267829,148.99303728451824,1.5038899517631585,3.1308327,3.336842,LAE,24.392234860844635,24.399999999999984
268574,150.1265593773695,1.5038333978308172,3.1379,3.0,CONTAM,24.16887216358286,24.199999999999985
269343,149.79397414777915,1.494686380558007,3.11305,2.5,CONTAM,25.253054977219854,25.39999999999998
269673,149.48314289664435,1.4989194480839079,3.1438,3.0,LAE,24.317382558303855,24.399999999999984
270386,150.29211156270028,1.490760840298634,3.1444,3.0,LAE,24.86076914277493,24.999999999999982
270743,150.37359587056002,1.4884888606384539,3.1124697,2.5652175,LAE,24.468508122417244,24.599999999999984
270895,149.11678517988307,1.486731471754654,3.123107,3.0,LAE,23.93856949219562,23.999999999999986
271013,150.40705643631838,1.4851662144798141,3.1169,3.0,LAE,24.691184655811313,24.799999999999983
271790,149.75330274112414,1.482390147507472,3.1118,3.0,LAE,24.7235454067247,24.799999999999983
272577,149.62816492261695,1.4758887495249502,3.144308,3.0,LAE,24.731872310528072,24.799999999999983
272780,149.0123642662952,1.4748889141999968,3.1001,3.0,LAE,23.684184348625617,23.799999999999986
272878,149.10384665429712,1.4752399805406904,3.12375,3.5,LAE,23.1720107559207,23.19999999999999
274109,149.69394434919022,1.464739096176734,3.1273,2.5,CONTAM,24.29370296355243,24.399999999999984
274678,149.15591547754315,1.4659197087856204,3.1011477,3.0,LAE,23.420346878752984,23.599999999999987
275010,150.33016919293112,1.458826365143122,3.139297,3.0,CONTAM,23.847032749741707,23.999999999999986
275052,149.93105154579726,1.460804142753593,3.1179523,3.0,LAE,23.378308616247338,23.399999999999988
275626,149.3341864508065,1.4566578892145425,3.1201,2.5,CONTAM,24.86199173291657,24.999999999999982
276079,149.1050150411363,1.4557450324392096,3.1216323,3.0,LAE,24.57506030270381,24.599999999999984
276396,150.05740542770545,1.4522986196563852,3.1209,3.0,LAE,24.741293706528268,24.799999999999983
277202,149.1451557119617,1.4470453845934657,3.10185,3.0,LAE,24.258527561264707,24.399999999999984
277258,150.30803376476524,1.4432702605101786,3.1377,3.0,LAE,24.504549970213,24.599999999999984
278333,150.39701949612416,1.4375120656682976,3.1440287,3.0,LAE,24.174146313243885,24.199999999999985
278433,149.49413963693192,1.4402574630418334,3.1318202,3.0,LAE,24.57721200123347,24.599999999999984
279028,150.34945864760743,1.4329526049213765,3.14315,3.0,LAE,24.666504933624484,24.799999999999983
279329,149.83663961553017,1.4307609026351742,3.13725,3.0,LAE,24.534934429263934,24.599999999999984
279419,149.92653120515698,1.4470583475546555,3.13945,3.5,LAE,24.121051447917623,24.199999999999985
279462,149.92150243831256,1.431383806958805,3.1254475,3.0,LAE,24.45502041236429,24.599999999999984
279610,149.23002273499935,1.428013793184811,3.1383,3.0,LAE,23.57549404547867,23.599999999999987
279660,149.98396084793313,1.428510973636787,3.1343715,3.7142856,AGN,22.742700397496513,22.79999999999999
280149,149.1936935884546,1.4239054702705927,3.1258,3.0,LAE,25.05391399888799,25.19999999999998
280660,149.5891839015054,1.4209946731925636,3.1151,3.0,LAE,24.029614206817858,24.199999999999985
282385,149.0546970146576,1.411506154396186,3.1149,4.0,LAE,24.06642908605145,24.199999999999985
283515,149.47067209510766,1.4024800024383108,3.1318834,3.0,LAE,24.522030769210414,24.599999999999984
284014,150.24947368532978,1.4002000006639317,3.1484334,2.6666667,CONTAM,24.354940960572353,24.399999999999984
284324,150.31192995650048,1.3975974707634358,3.1111333,3.0,CONTAM,24.165748773503203,24.199999999999985
284371,149.71836508307297,1.3990953929283336,3.11775,3.5,LAE,24.20274633793004,24.399999999999984
284458,149.94691499780916,1.3959640106220181,3.1339476,3.0,LAE,24.01185758806529,24.199999999999985
284513,150.0284170786138,1.399831149821565,3.0998588,3.0,CONTAM,24.24141200755517,24.399999999999984
284576,149.9040194514073,1.3966823162627333,3.1057477,3.0,LAE,25.053007013228047,25.19999999999998
284596,149.05003378419704,1.395843512282566,3.112,3.0,LAE,24.148453043384666,24.199999999999985
285533,149.7477099669602,1.388975017833656,3.11705,3.0,LAE,24.12668838257527,24.199999999999985
286323,149.99457855907193,1.385750503653315,3.1017523,3.0,LAE,23.49263799967419,23.599999999999987
287186,150.23077539653804,1.3781574347886927,3.1472354,3.0,LAE,24.753163462250356,24.799999999999983
287248,149.11355920046367,1.379278506492401,3.1063,3.3548386,LAE,24.41282074636523,24.599999999999984
287463,149.2982987898986,1.3757829782094049,3.1125,3.0,LAE,24.115373840040487,24.199999999999985
287576,149.73845443826195,1.3753428648674955,3.1343646,3.0,LAE,24.00236693030608,24.199999999999985
287812,150.03881789325803,1.3759782666311045,3.1399,3.0,LAE,24.47240274481426,24.599999999999984
288217,150.35532008531095,1.370659494596109,3.1208,3.0,CONTAM,24.263457847243536,24.399999999999984
288444,149.90562912954746,1.3697035618245863,3.133912,3.0,LAE,24.28131930341771,24.399999999999984
288471,150.35935403731105,1.373430006204986,3.1205,3.0,LAE,23.17766883289998,23.19999999999999
288794,149.1396432557577,1.3718040825906928,3.1268,3.0,LAE,24.544288191187835,24.599999999999984
289290,149.24654429644565,1.3649937563888235,3.0927,3.0,LAE,24.811687501857964,24.999999999999982
289622,149.57162515966507,1.3632815503946303,3.1327,3.0,LAE,24.06970373106769,24.199999999999985
290556,149.699303580754,1.355552170400734,3.12915,3.0,LAE,24.189659620386628,24.199999999999985
290586,149.98423109124892,1.3551789390961113,3.137,3.0,LAE,25.217906078662534,25.39999999999998
290802,150.03936435306034,1.3549901512083808,0.0,0.0,UNDET,25.035341501585037,25.19999999999998
290853,149.856767806058,1.354630834865032,3.1208477,3.4761906,LAE,22.98376456079687,22.99999999999999
290943,149.61134514442745,1.3542591295526984,3.1220107,2.6937356,LAE,24.623242571588886,24.799999999999983
291337,150.1323786215507,1.356473010561259,3.138182,3.0,LAE,24.913787190766676,24.999999999999982
291982,149.93458257403813,1.347493597209329,3.1009,3.0,LAE,24.876398587738855,24.999999999999982
292060,149.82594822843413,1.3588228910379299,3.1047,3.0,LAE,24.32397304195896,24.399999999999984
292599,149.91931722369625,1.3410723282025656,3.1243,3.0,LAE,23.4785851944163,23.599999999999987
292612,149.11672584293532,1.3445180696534393,3.104,3.0,LAE,23.909344530901873,23.999999999999986
293189,149.8251303802519,1.3286167995726483,3.10641,3.0,LAE,23.558939037179833,23.599999999999987
293319,149.74615550281143,1.3361139757090579,3.1117,2.6666667,LAE,25.150334863062323,25.19999999999998
293426,150.00682338942454,1.3382547508304032,3.1053646,3.0,LAE,24.71262575399726,24.799999999999983
293429,149.13077219488747,1.3380982411024571,3.1259,3.0,LAE,24.526221930511248,24.599999999999984
293681,149.9013919860705,1.3369676706185727,3.1055305,3.0,LAE,24.32847082395725,24.399999999999984
294326,149.2544364564435,1.3341670481449335,3.115241,3.6736841,LAE,22.965509826105908,22.99999999999999
294948,149.42964788323707,1.32695053124163,3.115,3.0,LAE,23.63970079133992,23.799999999999986
295552,149.1104876345327,1.3235082618670824,3.1040678,3.323077,LAE,23.9286594599556,23.999999999999986
296803,149.35788694253668,1.3158302374875086,3.1094,2.0,UNDET,25.04269174954519,25.19999999999998
296907,149.8804285259932,1.3134168630129621,3.1435308,3.3846154,LAE,23.516693275197575,23.599999999999987
297183,149.9214997718145,1.3153776836562325,0.0,0.0,UNDET,25.339285367819517,25.39999999999998
297263,150.21554186003502,1.3133844530404624,3.1288166,3.0,CONTAM,23.62229272530998,23.799999999999986
297964,150.42155261900012,1.3083380975495924,3.1431909,2.4545455,UNDET,24.860828224551415,24.999999999999982
298311,149.97006010993456,1.3042713878058227,0.0,0.0,UNDET,24.86786321228181,24.999999999999982
299098,150.30208317971625,1.302864683982494,3.108376,3.0,CONTAM,23.852234001935845,23.999999999999986
299262,150.16569060437402,1.2988112582758593,3.1413,3.0,LAE,24.28670340850642,24.399999999999984
299948,149.12631402956183,1.2950484321912474,3.1485,3.0,LAE,24.754557241829172,24.799999999999983
300371,149.6799523710208,1.2935819220940925,3.1328967,2.777328,LAE,24.450817612542217,24.599999999999984
301400,149.6034125497235,1.2856872473350804,3.1284723,3.0,LAE,23.507823187165823,23.599999999999987
302459,150.42971190919118,1.2784409795222347,3.14525,3.0,CONTAM,24.71044266887736,24.799999999999983
303298,149.65461770815327,1.2765028393762465,3.1446323,3.0,LAE,23.973732242016375,23.999999999999986
303515,150.2523951817583,1.2713031168556383,3.1443129,3.0,CONTAM,23.399868130096756,23.399999999999988
304279,149.67710460138775,1.2662217318054585,3.1229308,3.0,LAE,24.096648882950575,24.199999999999985
365937,150.54390085215783,0.6729461693509908,3.1119478,3.2871125,LAE,23.673994103340995,23.799999999999986
369149,150.70873543260362,0.7050885093476862,3.100604,3.0,LAE,24.40510901642016,24.599999999999984
371420,150.80562533488552,0.7244158149017221,3.134508,3.3066666,LAE,23.784648891915197,23.799999999999986
371883,150.69626430476606,0.7309128024799285,3.150901,3.3647058,LAE,24.372759872133486,24.399999999999984
374517,150.56047534499564,0.755249464557309,2.2212,3.6666667,CONTAM,23.244741093504036,23.399999999999988
375717,150.78968074546682,0.7663398790452856,3.12965,2.5,CONTAM,24.21891277586233,24.399999999999984
377025,150.56905448368872,0.7769906219401673,3.1418,3.0,CONTAM,23.372692949619793,23.399999999999988
379268,150.7495412091284,0.7974761148141233,0.0,0.5,UNDET,25.142263361479337,25.19999999999998
381004,150.8785591818229,0.8127280041038781,3.1074932,3.0,LAE,24.16891597552461,24.199999999999985
387289,150.6500220460311,0.8659375957395059,3.1454694,3.0,LAE,23.967690701083427,23.999999999999986
389767,150.47840536464057,0.8866358303008047,3.1345484,3.329897,LAE,23.37973656524608,23.399999999999988
391497,150.76354828452222,0.9021567483873264,3.105571,3.4892287,LAE,24.421625005723158,24.599999999999984
393954,150.51202207585558,0.9218955353006869,3.1451666,3.0,CONTAM,24.03235319074372,24.199999999999985
397691,150.94451519902358,0.9505415878174448,3.13165,3.0,LAE,23.584023319492598,23.599999999999987
400312,150.48733514130444,0.9711398219089927,3.1246,3.0,LAE,25.078708679546754,25.19999999999998
400545,150.79499930430165,0.9721409215345824,2.2347,4.0,CONTAM,22.09990028760102,22.199999999999992
401016,151.15964514484594,0.9768315889077186,3.136891,3.0,LAE,24.496138641369736,24.599999999999984
401973,150.51514556307703,0.9838853048499794,3.13,3.3225806,LAE,24.123617948924753,24.199999999999985
402430,150.83260875676353,0.9872137256318565,3.1108,3.0,LAE,24.070459261527066,24.199999999999985
404646,150.6562314859301,1.0043247740179224,3.1366,3.0,LAE,24.7817609665932,24.799999999999983
405465,151.26494188970722,1.009593253649744,3.1087193,3.0,LAE,24.133764073422405,24.199999999999985
409618,150.6484510180561,1.0423598982627014,3.1272,3.0,LAE,23.96471525353567,23.999999999999986
410309,151.2305347157902,1.047297706243802,3.1108704,3.3243244,LAE,23.935903830936645,23.999999999999986
410957,150.973886755791,1.052438322154574,3.1123,3.0,LAE,24.436519504828908,24.599999999999984
411200,150.72170706497866,1.0544845614145983,3.1259,2.7951894,LAE,24.912597047301233,24.999999999999982
412577,151.1837252923979,1.0647884735690376,3.1176882,3.0,LAE,24.950461924027362,24.999999999999982
414055,150.99609749257215,1.0763616175600048,3.0968223,3.0,LAE,24.655129254276655,24.799999999999983
414579,151.05154756089135,1.0795306538689797,2.2283,4.0,CONTAM,22.84956583324127,22.99999999999999
415596,150.90419659737987,1.087239915293786,0.0,0.0,UNDET,24.631237432401626,24.799999999999983
417790,150.94294662420836,1.1037027045458998,3.1321583,3.0,LAE,24.365369780454696,24.399999999999984
418866,151.0998738730069,1.1120241795324977,3.1064,3.0,LAE,24.8349428317608,24.999999999999982
421287,150.83959646722644,1.1300206317912387,3.105002,2.3410473,UNDET,24.51805579857439,24.599999999999984
423267,150.6820768022833,1.144585260046415,3.1117,3.0,LAE,23.98979450475039,23.999999999999986
424581,151.04481609893554,1.1547249810141589,3.1314,3.0,LAE,24.664224983747786,24.799999999999983
424673,150.53231606932212,1.155724685173774,3.1176908,3.0,LAE,24.77783871396114,24.799999999999983
425197,150.74825027078245,1.158981980626799,3.109,3.0,LAE,24.487774251494365,24.599999999999984
425600,150.7714588643043,1.162021103425543,3.099891,3.0,LAE,24.889395327764916,24.999999999999982
426249,151.3978972979447,1.166524838920804,3.1063685,3.0,LAE,24.43077375608529,24.599999999999984
426980,151.2002427840781,1.171347743238736,3.1458,3.0,LAE,23.953912750713265,23.999999999999986
427626,151.22679811884095,1.1759439905903566,3.1059,3.0,LAE,24.08313245883026,24.199999999999985
431645,150.98524717224532,1.2067388801300885,3.1465476,3.0,LAE,24.497951813987967,24.599999999999984
433514,150.98513595912078,1.3969428558827834,3.1215,3.0,LAE,24.784574884332287,24.799999999999983
433951,151.51868744020845,1.3941550426247122,3.1239524,3.0,LAE,24.3294956215971,24.399999999999984
435789,150.5379988249563,1.3810212317331525,3.1363647,3.0,LAE,24.702549575098992,24.799999999999983
436125,150.64656943920195,1.3832322590040314,3.105,3.0,LAE,24.10725219944795,24.199999999999985
436570,151.2887520158032,1.3764595149192,3.1344476,3.0,LAE,24.723840478411777,24.799999999999983
436745,150.6763656438511,1.3778036813895682,3.1152,3.0,LAE,23.966368504279835,23.999999999999986
437149,150.5142327608836,1.3835770075079574,3.1268,3.0,LAE,25.134490254091066,25.19999999999998
437358,151.11697735712437,1.3712704816203563,3.0906477,3.4761906,LAE,24.646778435642485,24.799999999999983
438177,150.67447959683074,1.3643613055401582,3.1133,3.0,LAE,24.409861841913177,24.599999999999984
439476,150.65811481594815,1.3561301035570248,3.107191,3.33811,LAE,25.127846886865964,25.19999999999998
443056,151.40389694758102,1.3300923491474916,3.1415334,3.5833333,LAE,23.77386451290099,23.799999999999986
443104,151.27028431989498,1.3288624492545398,3.0895,3.5,LAE,23.91951996257595,23.999999999999986
443619,150.61057074776258,1.3242679584843273,3.0884907,3.0,LAE,24.880996195112857,24.999999999999982
445308,151.52250109440573,1.3160965478659565,0.0,1.0,UNDET,24.496802273238732,24.599999999999984
446013,151.40482927841052,1.307901465559185,3.1168303,3.0,LAE,24.041377730889096,24.199999999999985
447178,150.5015636725442,1.3011008649232427,3.1262054,2.7630944,LAE,25.139397127484415,25.19999999999998
448009,151.19948683189313,1.2956291409228038,3.1492,3.0,LAE,24.6914799516137,24.799999999999983
448309,150.5918821445228,1.2931123795748927,3.106,3.0,LAE,24.125938856695743,24.199999999999985
449205,150.6625566221131,1.2589114251689522,3.1349144,3.3469388,LAE,24.611851930568488,24.799999999999983
449468,150.97167227436626,1.2836458809863622,3.1556523,3.0,LAE,24.858957477866515,24.999999999999982
450651,151.32355267731032,1.275221567190174,3.1335666,3.0,LAE,24.3888306095399,24.399999999999984
450979,151.35798667227104,1.2724240004660547,3.10745,3.0,LAE,24.515813816903783,24.599999999999984
453487,150.59348258820694,1.2541632191420264,3.1211,3.0,LAE,24.366693441848206,24.399999999999984
453612,151.22624770878596,1.2553804366174197,3.145691,3.0,LAE,24.28799546946083,24.399999999999984
454060,151.01484760503465,1.251566963447819,3.1314,2.0,UNDET,24.686088836235726,24.799999999999983
455474,151.06383612257895,1.2392932982146854,3.1209638,3.0,LAE,23.89139552542467,23.999999999999986
456413,150.84971474839998,1.2326376531833942,3.1536882,3.0,LAE,24.557974301547784,24.599999999999984
457432,150.50455479304293,1.2250049692002793,3.1347523,3.0,LAE,23.826118215527522,23.999999999999986
457905,150.47730321382505,1.2222300266044335,3.1317723,3.2933054,LAE,24.67724100044485,24.799999999999983
459295,150.55917171016628,1.2142911063591093,3.1130495,3.0,LAE,24.584201989194153,24.599999999999984
459645,150.68948111852038,1.5785302738979463,3.11495,3.0,LAE,24.726498064838232,24.799999999999983
460435,150.52737917809253,1.5729331368411925,3.127309,3.0,LAE,24.658284574978715,24.799999999999983
462011,151.46800230635282,1.5644820311393894,3.1135154,3.1849928,LAE,22.986657724380557,22.99999999999999
462087,150.6348882793638,1.5631060463388076,3.1237168,2.9437633,LAE,24.838671350312865,24.999999999999982
462267,150.56615304217826,1.5610441998093991,3.1546857,3.357143,LAE,24.46165046891447,24.599999999999984
462272,151.1082009160726,1.56282617757885,3.1135,3.0,LAE,24.186041217853372,24.199999999999985
462761,151.53258281363162,1.558372010477361,3.0959303,3.3043478,LAE,24.617176837938743,24.799999999999983
462861,150.484066354621,1.5582534624700015,3.12565,3.0,LAE,24.070200023217648,24.199999999999985
463035,150.8958779714611,1.5563645844118879,3.1241,2.0,UNDET,24.761558602743225,24.799999999999983
463048,150.92052758400138,1.5597501881783986,3.1333244,3.2519686,LAE,24.645604058254452,24.799999999999983
463519,150.857821390368,1.5536151490391086,3.1301942,3.0,LAE,25.09545883560591,25.19999999999998
464896,150.69183838789743,1.54517082495623,3.1103158,2.3238454,UNDET,24.69137343152954,24.799999999999983
465284,150.5548948627372,1.5408976472587264,3.1231,3.0,LAE,24.035190059120048,24.199999999999985
465792,150.97386987768468,1.5363536643615392,3.102564,3.34,LAE,24.87798518938007,24.999999999999982
466366,151.0381022364766,1.5312294591500635,3.1007943,3.0,LAE,24.826602627877225,24.999999999999982
467462,151.38340042332766,1.5251905963252652,3.129,3.6,LAE,24.211754813480976,24.399999999999984
468723,151.56095611102637,1.515647153135415,3.1131454,3.0,LAE,23.915187363366837,23.999999999999986
469203,151.1595974258304,1.5107898259399857,3.1167,3.0,LAE,23.90422150420876,23.999999999999986
469346,151.4428420621805,1.5111377762406635,3.1073525,3.0,LAE,24.786655033936675,24.799999999999983
469455,150.5445596103509,1.5089928696211314,3.1121,2.5,CONTAM,24.73691495703769,24.799999999999983
469506,150.93686605408197,1.5112639284935698,3.1155,3.2380953,LAE,24.81709960326399,24.999999999999982
469523,151.09468052538338,1.5106747976746966,3.1491,2.5,LAE,25.150358389357514,25.19999999999998
469594,150.66289437823445,1.5091403499407954,3.10155,3.0,LAE,24.18334391262513,24.199999999999985
470637,151.32637403673687,1.5012409547091279,3.1422,3.0,LAE,24.01279180716659,24.199999999999985
471017,151.19108135321753,1.4990233280118597,3.1292,3.0,LAE,24.479531259879842,24.599999999999984
471245,151.39404283675154,1.4981807738808774,2.2535,4.0,CONTAM,21.09266634826441,21.199999999999996
471627,151.49916378324616,1.4952556992027763,3.1457908,2.0,UNDET,24.44098453560937,24.599999999999984
472912,151.53938840696821,1.486727214287561,3.1235123,3.0,LAE,24.199772414742114,24.199999999999985
475615,151.32720420426085,1.466378992087984,3.1543908,3.0,LAE,24.184611981353502,24.199999999999985
475765,150.93225505684225,1.467402977114055,3.1226,3.0,LAE,24.246917828022404,24.399999999999984
476263,151.00374179739052,1.4625922001663316,3.1426,3.0,LAE,25.0127621007956,25.19999999999998
476723,151.42777167659222,1.4642668879979979,0.0,1.0,UNDET,24.878197460412384,24.999999999999982
478204,150.9311931523245,1.450626116625952,3.10205,1.0,UNDET,25.184306729661927,25.19999999999998
478260,150.62026153879725,1.4492370736579805,3.1143,3.5,LAE,24.252930678017837,24.399999999999984
478272,151.24406736901636,1.4510955853536673,3.0947666,2.5833333,LAE,24.44871401885652,24.599999999999984
480309,150.92167651293954,1.4388746623560937,3.12,3.0,LAE,24.962897966009635,24.999999999999982
480323,151.28923827587167,1.435678208473571,3.1316,2.0,UNDET,25.024424957930123,25.19999999999998
482006,150.51781250219338,1.4236582701590053,3.1129,3.0,LAE,23.737054479435248,23.799999999999986
482652,151.31954964727367,1.429745204269733,3.131991,3.0,LAE,23.815370482293744,23.999999999999986
483176,151.31565818520423,1.416649586711299,0.0,1.0,UNDET,24.843653767997193,24.999999999999982
484090,151.3209477998526,1.410352479969185,3.0965,3.0,LAE,24.475028866426875,24.599999999999984
484128,151.0941095949431,1.4103495419641934,0.0,0.0,UNDET,25.14665144518461,25.19999999999998
484359,151.40104259453494,1.4075132194528217,3.1315,3.0,LAE,24.341513007800483,24.399999999999984
484686,151.2335217983234,1.4061557650644323,3.1254091,3.0,LAE,24.539866525139335,24.599999999999984
484717,150.68102464958042,1.4065148734070259,3.1210856,3.642857,LAE,24.354736772877786,24.399999999999984
485656,149.4285174082298,1.585920593173726,3.1050916,3.0,LAE,24.771917834119055,24.799999999999983
486559,148.95003708375145,1.5922356142880236,3.1485,3.0,LAE,24.340311969709784,24.399999999999984
486601,149.19897429487324,1.59204575033667,3.1079574,3.0,LAE,23.918802287612134,23.999999999999986
487276,149.1194511538421,1.5977637722891034,3.1263406,3.0,LAE,25.06529457952577,25.19999999999998
488173,148.96218396274685,1.603110330841554,3.1037824,3.3587444,LAE,24.028023112526952,24.199999999999985
488478,148.56981041662388,1.605001476939833,3.1265695,3.734177,LAE,22.918695648106194,22.99999999999999
489004,149.51092964773136,1.6100686851276607,3.1081412,3.0,LAE,24.518294017348936,24.599999999999984
490329,149.49520531773206,1.6183165579084267,3.13335,3.0,LAE,24.525531132670476,24.599999999999984
491084,148.8180985872576,1.6237647829698052,3.15115,3.0,LAE,24.629552063079398,24.799999999999983
491278,148.9733386538784,1.6253285319020767,3.1419,3.0,LAE,24.939323358946083,24.999999999999982
491750,148.78802902030895,1.626711137596873,3.1401,4.0,AGN,21.926494062229914,21.999999999999993
492906,149.02420270697536,1.6362676775014937,3.1434307,3.3259237,LAE,24.54885246694047,24.599999999999984
493654,149.05519117371037,1.6413483744635033,3.122415,3.0,LAE,24.614465224811003,24.799999999999983
493666,149.1953100541516,1.6412665478638206,3.1324666,3.0,LAE,24.319823587326752,24.399999999999984
493952,149.33552044922146,1.6434616773595856,0.0,1.0,UNDET,24.7047751574306,24.799999999999983
494469,149.18984131535552,1.6466516744644273,3.135,3.375,LAE,23.677808249906324,23.799999999999986
494672,149.05239105428163,1.6478283210597535,3.1380103,3.6551723,LAE,23.76504272770644,23.799999999999986
494826,149.24444368760612,1.6496147968896464,3.1111476,3.5238094,LAE,24.115886425026726,24.199999999999985
494984,149.54383071026834,1.6502876671973248,3.10965,3.0,LAE,24.58927765197559,24.599999999999984
495237,149.13164468421022,1.652775546644816,3.1251,4.0,LAE,24.28762581978228,24.399999999999984
496060,149.552826470346,1.6595689679931986,3.1436167,3.0,LAE,24.7113389539682,24.799999999999983
496950,149.1014634524455,1.6657977554159993,3.1284888,3.0,LAE,25.042272687616922,25.19999999999998
497024,148.96892061539728,1.6646759318974704,3.1063898,3.3653479,LAE,24.059366652339747,24.199999999999985
497433,148.6571897690108,1.6690408242162484,3.1448724,2.6961327,LAE,24.957104424712732,24.999999999999982
497590,149.31753127770082,1.670757224361497,3.1126332,2.8698225,LAE,25.02410971323121,25.19999999999998
498045,149.20392079436755,1.6731685049917802,3.1373,4.0,LAE,24.297914967302596,24.399999999999984
500234,148.76572007728507,1.688693325423501,3.1394076,4.0,LAE,24.164388187337476,24.199999999999985
500813,149.38745191150784,1.69283336651313,3.11635,3.5,LAE,23.793517022559186,23.799999999999986
501086,149.10369938405967,1.6950058133344084,3.0933542,3.0,LAE,24.49773262729317,24.599999999999984
501635,149.27433039263823,1.6989602829061863,3.125025,2.5,LAE,25.084371884291595,25.19999999999998
501643,148.7433436545017,1.6987614933251645,3.14,2.5,LAE,24.955022735925333,24.999999999999982
501889,149.45620447970984,1.6994954654871888,3.1125,3.6666667,LAE,22.788476377664427,22.79999999999999
502736,149.57873063400356,1.7065414898885987,3.1004326,3.0,LAE,24.56273292398544,24.599999999999984
502810,148.63943821803403,1.706675300688024,3.1386304,3.0,LAE,24.727000777643198,24.799999999999983
506075,148.68817262443548,1.7274575635660134,3.137412,3.404066,LAE,23.196608378780315,23.19999999999999
506198,148.82418528167824,1.7273600121126154,0.0,0.0,UNDET,22.914657979297285,22.99999999999999
507909,148.66261560688656,1.7408355118891043,3.139589,3.2827587,LAE,24.308432555096086,24.399999999999984
509415,149.3374254036556,1.7489937173805987,3.1262312,3.0,LAE,24.831446321487167,24.999999999999982
509624,149.00460417734442,1.7522202798358555,3.1228693,3.0,LAE,24.267771950725493,24.399999999999984
510173,149.0510423634984,1.7563733096499465,3.12505,2.75,LAE,24.832040848687203,24.999999999999982
510516,148.70646543624042,1.7587864817506127,3.1354,2.3333333,UNDET,24.876912468525397,24.999999999999982
511414,148.90420230084183,1.7644951990606381,3.1450908,3.5454545,LAE,24.02588007686112,24.199999999999985
512537,148.768052439003,1.7693723234542689,3.1425476,3.5238094,LAE,23.688501668846104,23.799999999999986
512926,149.22144366393823,1.774573415356504,3.1351,3.5,LAE,23.749658888196038,23.799999999999986
513087,148.69235362539575,1.7733818353815867,3.1205,3.0,LAE,23.82574288350185,23.999999999999986
514947,149.43010891555988,1.7881881080975366,3.1435115,3.8076923,LAE,23.677069246797878,23.799999999999986
515120,148.670498124323,1.7903191528704898,3.1366687,3.0,LAE,24.638562222457452,24.799999999999983
515718,149.465404248889,1.7936467486355945,3.1490571,3.7857144,LAE,23.419003338698154,23.599999999999987
516689,148.8939089894974,1.8008567893066856,3.15045,3.0,LAE,24.675614400249373,24.799999999999983
517772,149.24801979366003,1.8080124929691574,3.11148,3.0,LAE,24.120328558292844,24.199999999999985
517811,148.82765184236976,1.8076674490628895,3.1426697,3.0,LAE,23.743144847844803,23.799999999999986
518488,148.71994692807039,1.8127307987079293,3.1595044,3.0,LAE,24.142480581839557,24.199999999999985
519413,148.83623557994315,1.818538142322048,3.1211104,3.6551723,LAE,23.644127157623718,23.799999999999986
519891,148.8480995303572,1.8230725618634407,3.110049,3.1754386,LAE,23.97217095812233,23.999999999999986
521777,149.23819329120124,1.837065139250019,3.1410356,2.3225806,UNDET,24.759649114164027,24.799999999999983
522201,148.60518201316808,1.8387240006956305,3.122229,3.315733,LAE,23.229488935838887,23.399999999999988
523191,149.05499768780743,1.8471491863150662,3.1399,3.0,LAE,25.019882655905235,25.19999999999998
523266,149.4885735678547,1.8473702735456377,3.1478896,3.0,LAE,24.286262463431008,24.399999999999984
523602,149.27192908664713,1.8492129140773306,3.0885692,3.3574648,LAE,24.09837706929464,24.199999999999985
528903,148.57810889817327,1.884769786852082,0.0,0.0,UNDET,24.98800532258489,24.999999999999982
531621,149.45319403947718,1.9023045081378385,3.12155,2.5,LAE,24.76432017064125,24.799999999999983
532429,148.80098951743324,1.9070783215361475,3.1105,3.0,LAE,24.965474393845675,24.999999999999982
533101,149.05002339908208,1.9112702650523614,3.12055,3.0,LAE,24.52685367540418,24.599999999999984
534233,149.3736098174419,1.9183005227688141,3.1169696,3.5652175,LAE,24.484959627054277,24.599999999999984
534316,149.1294719741665,1.919226511167248,0.0,0.0,UNDET,25.183739544446475,25.19999999999998
535584,148.8456581951905,1.926296517609407,3.1299,2.0,UNDET,24.203421727693925,24.399999999999984
537041,148.7648561122783,1.936534916318857,3.1376,3.5,LAE,23.869642867889144,23.999999999999986
538374,148.78986467218365,1.9451740411850569,3.1289,2.0,UNDET,24.487962401608907,24.599999999999984
538591,149.17433985024707,1.947773211791382,3.1084,3.5,LAE,24.704961639594302,24.799999999999983
539265,148.9339790871383,1.951552633416126,3.15345,3.0,LAE,24.77962474171893,24.799999999999983
539916,148.72556679220384,1.9544780738627678,3.1018,3.5,LAE,22.44811487211062,22.59999999999999
540395,148.68203930173618,1.958720873791274,3.1332476,3.0,LAE,24.33925617034945,24.399999999999984
543055,149.07153092722186,1.9767459545855819,3.1348,2.5,LAE,24.919130338527346,24.999999999999982
543089,149.24699699384507,1.9764256220935077,3.1550493,3.4522328,LAE,23.46935876060595,23.599999999999987
543364,149.17492943139987,1.9789212363556756,3.1432,3.0,LAE,24.586387896263194,24.599999999999984
543584,148.63893567427957,1.9798481035477153,3.10185,4.0,LAE,24.35260854257014,24.399999999999984
544945,149.4867379980663,1.9900362719355216,3.1229,3.0,LAE,24.380893903987925,24.399999999999984
545369,148.9663290895586,1.9930211166230571,3.1523476,3.0,LAE,24.607484607798792,24.799999999999983
545996,148.80316170615302,1.9967523228239104,3.1564693,3.6153846,LAE,23.909956931009578,23.999999999999986
546262,149.05606491725607,1.9976424156510573,3.1500304,3.0,LAE,23.962857933541628,23.999999999999986
547545,148.85712250160253,2.0077483641096316,3.1058,3.0,LAE,24.882229017531362,24.999999999999982
550620,148.87163090405375,2.027249868318407,3.0991092,3.5454545,LAE,24.492057734322053,24.599999999999984
550736,148.9463303556381,2.0280529184186786,3.1170592,3.0,LAE,24.194763396907277,24.199999999999985
551415,149.38636377272252,2.0331354545798304,3.1047,3.0,LAE,24.49807743318212,24.599999999999984
551626,149.32842614391,2.0343887761784,3.1304,3.0,LAE,24.850321399783272,24.999999999999982
552561,149.03904641823328,2.0401490110865352,3.15415,3.0,LAE,24.537911317154535,24.599999999999984
557684,149.45630195399912,2.075944865989441,3.1148,2.5,LAE,24.69188172966778,24.799999999999983
558103,148.66290412162616,2.0773819749531497,3.15195,4.0,LAE,23.484586942553594,23.599999999999987
560718,148.99004673966465,2.09608557056602,3.11745,3.0,LAE,24.932580026787797,24.999999999999982
561245,149.50886685644724,2.0974509556218113,3.094988,2.7053726,LAE,24.148399267074026,24.199999999999985
561776,148.75327425652682,2.1031587843245085,3.0939,3.3225806,LAE,23.91353564360805,23.999999999999986
562735,149.03375377868434,2.11034563568133,3.1485107,3.0,LAE,24.36296548103549,24.399999999999984
562978,148.9067801064197,2.1119553421177075,3.0967,3.5,LAE,24.090555887900862,24.199999999999985
563612,148.76778057111972,2.114793400960832,3.075,4.0,AGN,21.00106021218342,21.199999999999996
564782,148.90650393794368,2.124169176298543,3.0991309,3.0,LAE,24.367488794728274,24.399999999999984
566312,148.9890528786315,2.135340623620629,3.1233304,3.0,LAE,24.421237940389187,24.599999999999984
566704,148.857558446299,2.1366741594864602,3.1416,4.0,AGN,21.549047635058376,21.599999999999994
566912,149.06104400307677,2.139593492770039,3.1355848,3.0,LAE,24.514854628949095,24.599999999999984
569587,148.98135548449156,2.1583672819034505,3.1345396,3.3111975,LAE,24.413747817138336,24.599999999999984
570448,149.3995627784069,2.164165432463648,3.1158092,3.5454545,LAE,24.138663914239864,24.199999999999985
570792,149.11128383259296,2.1633100670711345,2.2456,4.0,CONTAM,21.091289590400613,21.199999999999996
574680,148.9180215438898,2.191548862524276,0.0,1.0,UNDET,24.80820299151259,24.999999999999982
575131,149.06420978610615,2.1945994101889488,3.1433,3.0,LAE,25.083084755067144,25.19999999999998
575238,149.59420164289062,2.194635835727603,3.1381943,3.3428571,LAE,23.98777651127195,23.999999999999986
575831,149.55228733601118,2.1978420828748884,3.1491,3.5,LAE,23.588851359283996,23.599999999999987
576571,148.8933658610093,2.2032432239335344,3.1498692,3.3574648,LAE,24.54157958804626,24.599999999999984
577204,149.4886676653332,2.207332537006436,3.1328,2.5,LAE,24.155857784579315,24.199999999999985
577372,149.45836004993106,2.2090321816659495,3.1129,3.0,LAE,24.800681061729314,24.999999999999982
577560,149.3428877167532,2.207671882137896,3.1198,3.6,LAE,24.190399776768036,24.199999999999985
577763,149.01160809351452,2.211383218788658,3.10725,3.0,LAE,24.448549355073634,24.599999999999984
578763,149.31997184113035,2.2180772074326938,3.12355,3.0,LAE,24.873768346737386,24.999999999999982
579385,148.89973662136083,2.221377302312562,3.1072,2.5,LAE,24.428940726704795,24.599999999999984
581255,149.03428049546002,2.232871009733657,3.1501522,3.347826,LAE,23.98530846294209,23.999999999999986
584464,149.06743370012404,2.254472658405912,3.1453524,3.0,LAE,24.87323383980634,24.999999999999982
584724,149.36596665697206,2.2555969360157926,3.1356,3.0,LAE,23.872851851443556,23.999999999999986
586641,149.27794392475315,2.2690226141921053,3.14075,3.0,LAE,24.672922130408033,24.799999999999983
586752,149.56237934985865,2.2668001155164403,3.131371,3.3074243,LAE,24.29887207191873,24.399999999999984
586993,149.33445591733317,2.27118999812066,3.1202,4.0,LAE,24.390242343156892,24.399999999999984
588517,149.21566142581744,2.2808818141074463,3.12845,4.0,LAE,24.399289508150375,24.399999999999984
588940,149.41277419584725,2.2842188119469453,3.1432326,3.336842,LAE,24.40597062316332,24.599999999999984
589342,149.00216842568005,2.286449436402141,3.1004407,3.0,LAE,24.10003147369175,24.199999999999985
589698,148.92253202446216,2.289175614638778,0.0,0.0,UNDET,24.610513253641297,24.799999999999983
594500,149.53849882305116,2.3230823299573133,3.097091,3.0,LAE,25.258640843193476,25.39999999999998
595010,149.46742331056615,2.325659225262839,3.1591618,3.3806117,LAE,24.27261303242668,24.399999999999984
595809,148.85420623280413,2.331113515579894,3.1024773,2.8587105,LAE,24.40278245103677,24.599999999999984
596002,149.43175949465052,2.3287002135859143,3.10745,2.0,UNDET,24.989931275506837,24.999999999999982
597164,148.93599152345212,2.3398633667736006,3.1011753,3.0,LAE,23.682887301611995,23.799999999999986
598088,148.7787778077103,2.345596100419745,3.121,2.5,LAE,23.40186205822465,23.599999999999987
598258,148.8492234075506,2.3465215509821005,3.102784,3.1140685,LAE,23.35764269025624,23.399999999999988
598324,149.36509188155938,2.348026016719602,3.1042826,3.0,LAE,24.628942735315807,24.799999999999983
598764,149.15318337689217,2.350398235163687,3.1045,4.0,LAE,23.66876841785733,23.799999999999986
600269,148.802582779672,2.3601153356524467,3.1182036,3.1632905,LAE,23.946518603230782,23.999999999999986
600516,148.89953543201966,2.3622372013843864,3.1063673,3.0,LAE,24.656194955246622,24.799999999999983
601833,149.24476122158856,2.3716598011512997,3.1491,3.5,LAE,24.466602236379828,24.599999999999984
603768,149.01768493387354,2.3826698603701084,3.106712,2.595934,LAE,24.773739006175482,24.799999999999983
604289,148.88767070620716,2.387724232953231,3.1169667,2.809935,LAE,24.423247076323793,24.599999999999984
604428,148.9219274258704,2.3889547683292296,3.1204,3.0,LAE,24.832037620857907,24.999999999999982
604770,148.93907926069394,2.391064508394754,3.1225,3.0,LAE,24.710552840183425,24.799999999999983
604933,149.46512043368853,2.3921490419916784,3.099936,3.0,LAE,24.47060362769224,24.599999999999984
605340,149.53150184172847,2.3951679687103717,3.1280792,3.0,LAE,24.632595015893873,24.799999999999983
606559,148.7185230277444,2.400560224303935,3.0951,3.0,LAE,23.41173214543736,23.599999999999987
607357,149.04650815990232,2.407968490733941,3.10025,3.0,LAE,24.724007606120253,24.799999999999983
608159,148.88436132237987,2.4128633519256506,3.118553,3.4475517,LAE,24.407957122258253,24.599999999999984
608857,149.0780559800534,2.4178544057842988,3.1051288,2.5106382,LAE,24.886591022185296,24.999999999999982
609659,148.91792917219763,2.4223112245391483,3.1136718,3.0,LAE,23.887685219645515,23.999999999999986
609740,149.42630945444847,2.4206355702946114,3.134507,3.0,LAE,23.400365326674418,23.599999999999987
609798,149.00867179740337,2.423949286354136,3.10425,3.0,LAE,24.621214424444403,24.799999999999983
609826,148.84975227848926,2.4231591744873366,3.1185198,3.1790187,LAE,23.372980711937526,23.399999999999988
609881,148.59006889401732,2.4242542000662,3.1440604,3.0,LAE,24.424192773980195,24.599999999999984
610509,148.85829886118697,2.4284419560154746,3.14,2.5,LAE,23.686623684997016,23.799999999999986
611186,148.58780795016716,2.4319519436214496,3.106,3.0,LAE,24.145453014501644,24.199999999999985
613176,149.5709512329816,2.4479287925616515,3.1211336,3.0,LAE,23.35469849875908,23.399999999999988
613198,148.65677364985055,2.447487239752201,3.1016026,3.0,LAE,24.25653525173665,24.399999999999984
613800,148.64632119299972,2.4517291171734708,3.10325,4.0,LAE,24.03163200626456,24.199999999999985
614332,149.0158364300602,2.4556336625949897,3.1471057,3.0,LAE,24.008191605507765,24.199999999999985
614346,149.23213907441396,2.45603860797821,3.1517,3.5,LAE,24.2645513084249,24.399999999999984
614965,148.83217411485967,2.4598602132571012,3.1256833,3.1962883,LAE,24.284736742947093,24.399999999999984
617047,149.1522300184391,2.475910789640098,3.1536167,3.0,LAE,25.231059273292836,25.39999999999998
617375,149.5127707076913,2.4779269963069974,3.1011763,2.6909091,LAE,24.49299090992971,24.599999999999984
617490,149.07998706255324,2.4783790809752464,3.109064,3.0,LAE,24.247278208067737,24.399999999999984
617517,148.93710112633184,2.4785032046270845,3.1037114,3.0,LAE,25.01133683192267,25.19999999999998
617682,148.76971589652197,2.479539875353897,3.10553,3.4244816,LAE,24.160235355408645,24.199999999999985
618811,149.58025558171565,2.4886500562171343,3.1044817,3.0,LAE,24.887148156205626,24.999999999999982
619071,149.12112345131,2.4895647841984085,3.1446,3.5,LAE,24.377853276535493,24.399999999999984
619253,149.53969658039694,2.490846425490246,3.10135,4.0,LAE,24.259774481443657,24.399999999999984
619426,148.61565035511865,2.4913408521326925,3.1330223,3.0,LAE,24.08950111328752,24.199999999999985
619490,148.83934303298614,2.4927561062013943,3.1044312,3.0,LAE,24.94400197827625,24.999999999999982
619820,148.59129651177912,2.494260427942893,3.1026,2.5,LAE,24.187416721550512,24.199999999999985
620092,149.04131937112854,2.495754957941152,3.13425,3.0,LAE,24.623360516480687,24.799999999999983
620671,148.71144709276558,2.5007627170697724,3.1213477,2.4761906,UNDET,24.957198368253806,24.999999999999982
623685,148.79930580615869,2.5202426656313515,3.133935,2.822335,LAE,24.934889813841664,24.999999999999982
623943,149.35946577833764,2.521634709387514,3.1059692,3.0,LAE,24.491523000276423,24.599999999999984
625716,149.04883615407002,2.5312778879371267,3.14215,3.0,LAE,22.93389135519928,22.99999999999999
626431,149.0852411112912,2.5353912715619358,3.1354,4.0,AGN,21.16552426565598,21.199999999999996
626904,148.68191633816255,2.5399698266773663,3.104339,3.0,LAE,24.414659284887687,24.599999999999984
627006,148.82036244828797,2.539746852641172,3.1210265,3.0,LAE,23.681348280266704,23.799999999999986
628015,149.03814337503124,2.5475582169860274,3.1258698,3.0,LAE,24.57633811401267,24.599999999999984
629328,149.00196647574592,2.5560826124820784,3.1137626,2.7538767,LAE,24.86537808951943,24.999999999999982
629360,148.8106238274841,2.555548137408022,3.11545,2.5,CONTAM,24.623394634112685,24.799999999999983
629689,149.31202733170693,2.5578839656107863,0.0,0.0,UNDET,24.669779661395598,24.799999999999983
630156,149.57260497408325,2.5608987346782675,3.1011,4.0,LAE,23.861479468520074,23.999999999999986
630590,149.04989387236265,2.5642178782087885,3.1041505,2.7126436,LAE,24.790255703329382,24.799999999999983
630824,148.68719634613845,2.564124474944999,3.1324,3.0,LAE,24.864315714468862,24.999999999999982
632192,148.87785960736318,2.573754402372488,3.1334805,2.8498845,LAE,24.862036133375952,24.999999999999982
633444,149.3258066222574,2.5811355886728102,3.1257,3.0,LAE,24.596064494046836,24.599999999999984
633662,149.56939747401202,2.583162162772016,3.10305,3.5,LAE,24.35862563735033,24.399999999999984
635613,148.91064051853715,2.595516027276402,3.0992572,2.8095238,LAE,24.88871975932902,24.999999999999982
637153,148.81158000436503,2.6056654099866274,3.13995,3.0,LAE,24.43469672695224,24.599999999999984
637307,148.75872543551225,2.6071379381285187,3.114245,2.7023942,LAE,25.427257279741102,25.59999999999998
637318,149.18957393776896,2.6076202118667187,3.10115,3.0,LAE,24.793660470269486,24.799999999999983
638025,149.05974105839488,2.6117681874020553,3.1003823,3.0,LAE,24.712495316456216,24.799999999999983
638147,149.3504115150382,2.612530825098044,3.1025767,3.0,LAE,24.487254787652493,24.599999999999984
638318,148.69783041641296,2.6126198978376944,3.137875,3.0,LAE,23.749694244474746,23.799999999999986
638595,149.56046068627577,2.6146274247490107,3.1125,4.0,LAE,23.409300539694588,23.599999999999987
639402,148.52080686137487,2.619209043330432,0.0,0.0,UNDET,24.33507538419264,24.399999999999984
639701,148.76293730442794,2.621371752284719,0.0,0.0,UNDET,23.380854512390453,23.399999999999988
639879,149.29213890982814,2.6231715412015144,2.2311,3.3333333,CONTAM,23.625890489299696,23.799999999999986
639929,148.77399428322155,2.621873539471209,2.2193,4.0,CONTAM,21.126602038472456,21.199999999999996
641950,149.39924059002783,2.6375748492783857,3.129549,3.0,LAE,24.77491722008426,24.799999999999983
642095,148.93296118264757,2.638679479666427,0.0,1.0,UNDET,24.808660333262775,24.999999999999982
643088,148.84236589143333,2.644960399083756,3.1276,3.0,LAE,24.428518186221492,24.599999999999984
643782,148.5824920628701,2.6492110048798114,3.1310253,3.123129,LAE,23.912664972591756,23.999999999999986
643819,149.43132263029207,2.651007701432552,3.1480227,3.0,LAE,24.889525619182187,24.999999999999982
645720,149.5709679084519,3.0169800189760116,3.1536,2.5,LAE,24.205918230301766,24.399999999999984
646838,149.35647413122035,3.0094071105659412,3.1379,3.0,LAE,23.729839023044967,23.799999999999986
647886,148.7354310015666,3.0016044227952507,3.1105,2.5,LAE,24.867580897721638,24.999999999999982
648518,149.3080500511216,2.9983354634891177,3.1584,3.0,LAE,25.170650080863833,25.19999999999998
648611,149.5559052134897,2.9996442081746744,3.1218,3.0,LAE,23.877678021767004,23.999999999999986
649934,148.7067064573973,2.9886839091725297,3.1326,2.6774194,LAE,25.19200721884247,25.19999999999998
650722,148.9087418958782,2.9816636107359904,3.1511,2.5,LAE,24.203039097818642,24.399999999999984
651332,149.1277082940012,2.978985467630274,3.1513174,3.0,LAE,24.050251267160544,24.199999999999985
651534,149.3304365170594,2.975676955663753,3.1366062,3.4694066,LAE,23.263635305404794,23.399999999999988
651911,149.4396691178868,2.9751552305239075,3.13575,3.0,LAE,24.49199856655141,24.599999999999984
652535,148.7095509097356,2.972481560958668,3.1403,3.0,LAE,23.316704419180805,23.399999999999988
653170,149.54744786330335,2.963980637728406,3.14815,3.5,AGN,23.79485049604451,23.799999999999986
653284,148.89160038944118,2.9677419057305903,3.151124,3.0,LAE,23.248655526846008,23.399999999999988
654684,149.468750588003,2.955500158708562,3.10445,3.0,LAE,23.20740976323559,23.399999999999988
655713,149.57459709551168,2.9480212896446707,3.10195,3.0,LAE,24.30554822537676,24.399999999999984
655787,148.9192000140511,2.946999452772977,3.104916,2.5093696,LAE,24.739150239352256,24.799999999999983
656368,148.96257003905885,2.941413353986328,3.10385,4.0,LAE,24.190472216949424,24.199999999999985
658338,149.57105755393027,2.9292833354701338,3.0947516,3.3212237,LAE,24.50734345551825,24.599999999999984
658673,148.694612604454,2.9269563769705242,3.1397,3.0,LAE,24.210999107119353,24.399999999999984
660025,148.81253469918616,2.921400895659366,3.1036355,2.6164384,LAE,25.05037466316368,25.19999999999998
664121,149.3841348548336,2.886619432311784,3.09725,3.0,LAE,24.668924737644115,24.799999999999983
666078,149.2485656166346,2.878417345277096,3.15335,2.0,UNDET,25.264037052570256,25.39999999999998
667417,148.82239570317182,2.8747103574137913,3.11425,3.0,LAE,24.666841731111102,24.799999999999983
668596,148.8373441807847,2.857718968071492,3.1558,2.5,LAE,24.885098352505516,24.999999999999982
669305,149.11690184570324,2.850544284656336,3.0966687,3.0,LAE,24.874480171307585,24.999999999999982
670623,149.44705427481315,2.843901506058168,3.0917,3.0,LAE,24.353366144350275,24.399999999999984
670910,148.89249330217314,2.8419989326828263,3.1449106,3.0,LAE,24.303022205010077,24.399999999999984
671429,149.51759265730504,2.8411138016933624,3.0975611,3.3106248,LAE,23.780056820324326,23.799999999999986
671809,148.86760590168709,2.8361607154889525,3.1132333,3.0,LAE,23.809954453494058,23.999999999999986
672314,148.7660110375351,2.8301769676662945,3.1347,2.5,LAE,24.208500789144704,24.399999999999984
676460,149.19850116678612,2.800147209370159,3.1028512,2.0,UNDET,24.906593654648056,24.999999999999982
677066,148.80518365365444,2.795250338129537,3.1113334,3.0,LAE,24.06189027837225,24.199999999999985
677330,149.33887069447917,2.79417000609444,3.103472,3.0,LAE,24.827772268028138,24.999999999999982
678116,148.69445084527584,2.790712405561919,3.1078668,3.3333333,LAE,23.61576058174872,23.799999999999986
678637,149.4805229523772,2.785922404849636,3.1269546,3.1099007,LAE,24.894958492145136,24.999999999999982
679497,149.29307756031577,2.7889930404241223,3.1305058,2.3428571,UNDET,24.891204762700863,24.999999999999982
679577,148.81931330952926,2.7802385814368997,3.09605,3.5,LAE,24.261976030423604,24.399999999999984
680093,148.825795890717,2.7771824639820153,3.1126533,3.0,LAE,24.03189424766825,24.199999999999985
680442,149.59487256257998,2.775989827557696,3.1067824,3.0,LAE,24.608403660784326,24.799999999999983
680595,148.77335616839017,2.7756177889859077,3.094545,3.0,LAE,23.303747198062798,23.399999999999988
680784,149.50348692987,2.772208433485225,3.1290417,3.0,LAE,24.47653940179946,24.599999999999984
681007,148.84418630175966,2.7754315635313054,3.095236,3.0,LAE,23.592421609084905,23.599999999999987
682465,149.16168992950756,2.761403518395203,3.1368,2.3333333,UNDET,24.76198736612551,24.799999999999983
682971,148.79567422194148,2.7562622555576772,3.10875,3.0,LAE,23.69557522737322,23.799999999999986
684702,149.50634166025228,3.0182449343341067,3.1143255,3.0,LAE,23.912566993013144,23.999999999999986
684862,148.73366760604304,2.7451925825773937,3.1393666,3.0,LAE,24.10095563200829,24.199999999999985
685335,148.77120923348613,2.7411097400667614,3.098,3.0,LAE,23.77480228014895,23.799999999999986
686093,148.81904953084342,2.735892002791785,3.12205,3.0,LAE,24.413597780753676,24.599999999999984
686748,148.71039229232994,2.7344546248227988,3.1202307,3.0,LAE,24.870047752912125,24.999999999999982
688277,148.79559881904356,2.7230805953404906,3.1099675,2.0,UNDET,24.717368344942386,24.799999999999983
689140,149.0930036623684,2.717104036024298,3.1205325,3.0,LAE,24.78176311893782,24.799999999999983
689377,148.7501063886208,2.718218833645239,3.0987,3.0,LAE,23.80631821505803,23.999999999999986
689508,148.7666082189734,2.71555252260106,3.10245,3.0,LAE,24.49857025689226,24.599999999999984
690431,149.0613075089744,2.710385763116824,3.1120853,3.1244922,LAE,23.9571963574046,23.999999999999986
691089,149.36956243920537,2.70507045826689,3.0980194,3.1103764,LAE,24.16730513725567,24.199999999999985
691451,149.02134773817832,2.7027383782527132,3.1431057,2.6518245,LAE,24.284085303633475,24.399999999999984
693320,149.29081249899934,2.6916657298994617,3.1224797,3.0,LAE,25.088044484076413,25.19999999999998
693437,149.11221094682423,2.6874394995205924,2.2643,4.0,CONTAM,21.89083862256834,21.999999999999993
694190,148.6273861614437,2.682911022222362,3.130108,3.0,LAE,24.62336833765229,24.799999999999983
695473,148.6826814995263,2.6765001592295072,3.1380646,3.0,LAE,24.68154857189913,24.799999999999983
696549,148.93368169987698,2.6688810473543305,3.099572,2.800743,LAE,24.494517199181647,24.599999999999984
696915,148.69780981576577,2.6642040365345254,3.12205,3.0,LAE,24.602717410577704,24.799999999999983
697168,149.02307860308318,2.6637333111468435,3.1211398,2.8396947,LAE,24.527495696201782,24.599999999999984
697737,149.37497932476083,2.662700592591978,3.1311152,2.8018124,LAE,24.384431895871113,24.399999999999984
698460,148.81136649659766,3.066337996087562,3.1489334,3.0,LAE,24.616188382769653,24.799999999999983
700939,149.1001544661271,3.0517610894598963,3.1121,3.0,LAE,24.487097337542174,24.599999999999984
702055,148.94989304321683,3.044499999133252,3.09875,3.5,LAE,24.51940414281134,24.599999999999984
702068,149.0206053077667,3.0445148827200614,3.1087,4.0,LAE,24.28506346059386,24.399999999999984
703625,148.96581520737215,3.0330278555894474,3.1112,2.5,LAE,24.73476111291427,24.799999999999983
704410,149.3927790957548,3.027090389277364,3.13065,3.0,LAE,24.63203021518226,24.799999999999983
705713,150.51476141165284,1.5841644583679175,0.0026,0.0,UNDET,25.2001174692155,25.39999999999998
705951,150.47961385626817,1.5854973857421153,3.1233182,3.0,LAE,24.360971047989093,24.399999999999984
706190,150.76842712273938,1.58731393077351,1.6512,3.0,CONTAM,25.010168887771812,25.19999999999998
706597,150.02228489781845,1.589762970090667,3.1418858,3.0,CONTAM,24.130495586477057,24.199999999999985
707167,150.46726579423137,1.5924968775607906,3.1298745,3.0,LAE,23.51742449737445,23.599999999999987
707552,150.04195423275002,1.5948067448434542,3.135418,3.0,CONTAM,23.375696794403073,23.399999999999988
709617,150.75929261664044,1.6089596849706664,3.1005,3.0,LAE,25.22801143257251,25.39999999999998
711144,150.14189590204506,1.6192737092738627,3.0995,3.0,LAE,24.45491270933716,24.599999999999984
711625,150.27775340471558,1.6223885417656003,3.127345,2.0,UNDET,25.29753951018433,25.39999999999998
711864,150.29277260433727,1.6237846233022748,3.1429908,3.0,LAE,24.74719555414688,24.799999999999983
713184,150.685237009183,1.6324107755695787,3.145417,3.2249472,LAE,24.75901886435122,24.799999999999983
714540,150.01033304142408,1.6408533233699147,2.2575,3.6666667,CONTAM,22.854485659944352,22.99999999999999
714781,150.10110503127277,1.6425486593428111,3.155311,3.2827587,LAE,23.92265340704404,23.999999999999986
715038,150.7313463498902,1.6445022870000399,3.1301,3.0,LAE,24.78735203261141,24.799999999999983
715361,149.64347570399184,1.6459451234209332,3.1388886,3.2569046,LAE,23.112158178623854,23.19999999999999
715485,150.54765071864213,1.647367792810554,3.1304142,3.0,LAE,24.674560542663606,24.799999999999983
715768,150.8094013525523,1.6492206166176213,3.0949,3.0,LAE,23.953369606127858,23.999999999999986
717395,149.83090934105567,1.659313718146841,3.1462,3.0,LAE,24.24564878110409,24.399999999999984
717942,151.0669137043762,1.6626227117088537,3.1358263,3.1336575,LAE,23.497455525588634,23.599999999999987
717981,150.30573324553893,1.6640140281023474,3.1037817,2.3939395,UNDET,24.762339993355436,24.799999999999983
718208,150.8483817178003,1.6648947422583815,3.14745,3.0,LAE,24.694465997471163,24.799999999999983
718391,149.86919430027734,1.6666139683849805,3.1473668,3.0,LAE,24.93424760381406,24.999999999999982
718556,150.57305010319206,1.666033001907531,3.1248,3.0,LAE,24.16239268740402,24.199999999999985
719020,150.93041316106752,1.670183642127842,3.09575,3.0,LAE,24.149955625390874,24.199999999999985
719037,149.7698035787199,1.671155254832008,3.141675,2.6875,LAE,25.09589528270142,25.19999999999998
721247,149.6621295429004,1.6853920540875509,3.1388605,3.0,LAE,24.270218559891827,24.399999999999984
721312,150.84195837297204,1.68652996193957,3.1116,3.0,LAE,24.640838437655006,24.799999999999983
722166,150.44730617868132,1.6923184454844453,3.113,3.0,LAE,24.46443335545025,24.599999999999984
722483,150.78930612405688,1.6928308838027468,3.08455,3.5,LAE,23.514743900796102,23.599999999999987
722511,150.17031583766433,1.6949593645525223,3.0994153,3.0,LAE,24.16964622617705,24.199999999999985
722535,150.41537603635211,1.6947114776463121,3.1192,3.0,LAE,24.216595159222393,24.399999999999984
723522,149.62955891461644,1.6979575563700307,0.0062,4.0,CONTAM,20.48627685544716,20.599999999999998
725322,150.5014669046417,1.71610490055621,3.0998,3.0,LAE,25.013600095504113,25.19999999999998
725931,150.0059314330387,1.719812392764338,2.2469,3.6666667,CONTAM,23.599942544939285,23.599999999999987
725949,150.7822579217388,1.7177869194242241,3.101,3.0,LAE,24.398906901805624,24.399999999999984
727666,151.05249008635494,1.7321252621008558,3.1198552,3.0,LAE,24.663285600830513,24.799999999999983
728038,150.36063935706468,1.7357129122141386,3.11125,3.0,LAE,24.892401518005112,24.999999999999982
728296,150.103378222264,1.7364770521194512,3.15,2.0,UNDET,24.584680083882436,24.599999999999984
728356,149.78943549758262,1.7372734093974103,3.100207,3.0,LAE,24.2862226540479,24.399999999999984
729230,149.95550245074102,1.7432595232867194,0.7889,3.0,CONTAM,24.341843403998944,24.399999999999984
730925,149.72378401724978,1.754978441686147,3.1544943,3.0,LAE,24.702627636001036,24.799999999999983
731842,150.50356012855815,1.761154308754279,3.1262667,3.0,LAE,24.549373570567184,24.599999999999984
731998,149.60585653391416,1.7626290107134706,3.131425,3.0,LAE,24.91641530187365,24.999999999999982
732310,150.4142902022108,1.7639372388909142,3.13195,3.0,LAE,23.901211597362096,23.999999999999986
732441,151.04422538806273,1.764062002320355,3.1448638,3.1475918,LAE,23.116741791225365,23.19999999999999
732814,149.68877638388648,1.76820577783808,3.1516938,3.0,LAE,24.92048054097493,24.999999999999982
733468,150.0122193565769,1.7723299604178366,3.121,3.0,LAE,24.212820760217088,24.399999999999984
733578,150.88643763723897,1.77334006277647,3.11125,3.0,LAE,24.597019727890686,24.599999999999984
734490,150.3551548621206,1.7797512548286742,3.0979755,3.2439024,LAE,24.985497677849146,24.999999999999982
734543,150.2123625031916,1.7804870760784313,3.1125355,3.0,LAE,24.6575696416204,24.799999999999983
735911,150.9878253158696,1.7886747582557652,3.1109767,3.549763,LAE,23.314034333078233,23.399999999999988
737165,150.9105896230472,1.7972578349162502,3.11204,3.0,LAE,23.938262017274585,23.999999999999986
737835,150.94815363865655,1.8032424655778925,3.14675,3.0,LAE,24.829540161108074,24.999999999999982
738146,151.04879241222523,1.805328421861473,3.1465,3.0,LAE,24.65691613462042,24.799999999999983
738429,149.97242112206405,1.8069545009665802,3.1359692,3.0,LAE,24.187172344629694,24.199999999999985
738776,150.2806025504861,1.8099181731300813,3.1248,3.0,LAE,24.763689489512345,24.799999999999983
739407,150.44902435125903,1.8131773376575602,3.1336,3.0,LAE,24.53024549389599,24.599999999999984
739411,150.05584807703195,1.8132793339946787,3.0966327,3.0,LAE,23.378471132064238,23.399999999999988
739626,149.8135806174238,1.8156664717988666,3.1225,2.0,UNDET,24.55208603410223,24.599999999999984
739965,150.50357963107115,1.8174663669839013,3.1112,3.0,LAE,24.42646191806225,24.599999999999984
740729,150.22228815680106,1.8222610262398082,3.1026523,3.0,LAE,24.054308894671436,24.199999999999985
741782,150.82365338527384,1.8293780116683072,3.1202316,3.5677419,LAE,23.290211055113037,23.399999999999988
742409,150.89603722374764,1.8347481175489537,3.10535,3.0,LAE,24.83449924302959,24.999999999999982
743112,149.7125305966682,1.8393738637733648,3.1456454,3.0,LAE,24.347576411727207,24.399999999999984
743894,150.46541792819949,1.8450495847114778,3.1376,2.0,UNDET,24.68519817615327,24.799999999999983
744625,150.48344375234404,1.8497347738494228,3.09875,3.0,LAE,23.738339424681286,23.799999999999986
744655,149.7695202603753,1.8495613085352736,2.2476,4.0,CONTAM,22.28604614080393,22.39999999999999
744891,151.04626037327606,1.8516967211761066,3.1486483,3.0,LAE,24.356560057006305,24.399999999999984
745420,150.7960776395182,1.85587581270389,3.1473322,3.353846,LAE,24.727246568992094,24.799999999999983
745711,149.76362815800394,1.8582533074824963,3.1493754,3.0,LAE,24.85035558147485,24.999999999999982
746018,149.90489094495894,1.8603726399953258,3.1161644,2.6774194,LAE,24.67188902915407,24.799999999999983
747111,150.6927370060144,1.866921581942773,3.0974,3.0,LAE,24.543219567605604,24.599999999999984
747957,149.97362430759503,1.8721588612663587,3.104235,3.0,LAE,24.086651818154145,24.199999999999985
748609,149.95285550806832,1.8778608683073035,3.12995,3.0,LAE,24.413877656295348,24.599999999999984
748633,150.08320880543232,1.8776395333232434,0.0,0.0,UNDET,24.765474275608764,24.799999999999983
750908,150.75866093763995,1.8930201848540373,3.1012647,3.3235295,LAE,24.010955221750066,24.199999999999985
751511,150.72328993583443,1.8977353816651858,3.1308696,3.0,LAE,24.09064964492541,24.199999999999985
751901,149.62484920791854,1.90072532019668,3.0988061,3.0,LAE,24.962913195913696,24.999999999999982
752893,150.85114138750532,1.9063809320752185,3.1135156,3.433526,LAE,23.897491808661353,23.999999999999986
754752,149.7220159390005,1.9186784885165535,3.125039,3.0,LAE,24.20405116245905,24.399999999999984
755075,150.16838387444878,1.9207870724108167,3.1359,3.0,LAE,24.548262039053387,24.599999999999984
755108,150.9226002331737,1.920925696912366,3.0989,2.625,LAE,24.606622114464074,24.799999999999983
755183,150.55602912158727,1.9211969900435264,3.1098304,3.0,LAE,24.38533258597135,24.399999999999984
755655,150.59738344121206,1.9242556624607048,3.12425,3.0,LAE,24.47759675676591,24.599999999999984
757118,151.05257178344658,1.934080775219361,3.1234524,3.0,LAE,24.648133760900155,24.799999999999983
757643,149.87710212078224,1.9363654472315386,3.1215,3.0,LAE,22.454557767532126,22.59999999999999
757787,150.16686793005726,1.9383429015479081,3.1035857,3.0,LAE,24.644858677756254,24.799999999999983
757814,149.93336750728807,1.9384986345456179,3.10825,3.0,LAE,23.815122945404926,23.999999999999986
757977,149.85313259356815,1.939724178147794,3.13005,3.0,LAE,24.388594202001187,24.399999999999984
758538,150.4418009297978,1.9433718772775308,3.11815,3.0,LAE,24.433956469716435,24.599999999999984
758837,150.05389780616434,1.9447654939438281,3.1016674,3.0,LAE,23.811114087952856,23.999999999999986
760413,150.55418441354914,1.9557933905217793,3.0978,3.0,LAE,24.80314581646683,24.999999999999982
760980,150.0655518204551,1.9591315353214238,3.100521,3.3616028,LAE,24.075546538087494,24.199999999999985
761049,150.68593824126495,1.96013358689166,3.0945,3.0,LAE,24.953080742090076,24.999999999999982
761667,149.60343978311678,1.9633030494905466,3.15055,3.0,LAE,24.16171855711606,24.199999999999985
761888,150.91448129603546,1.9632649817903716,3.1115465,3.1484723,LAE,24.055397086009084,24.199999999999985
761966,149.9074935658699,1.9653932371292977,3.1139448,3.0,LAE,24.529678843661006,24.599999999999984
763165,150.11097663615556,1.9730342164582468,2.233915,3.718329,CONTAM,23.359489611307776,23.399999999999988
763253,149.76891677947341,1.9742925166101477,3.1200476,3.0,LAE,25.106992269674286,25.19999999999998
763655,150.88518116146292,1.9765955193255784,3.1294,2.0,UNDET,24.639022642518913,24.799999999999983
764892,149.70782850788697,1.984740160983324,3.1078308,3.0,LAE,24.414190431987087,24.599999999999984
765124,150.0254202434098,1.9856656266121615,3.150792,3.7959185,LAE,24.13795259200787,24.199999999999985
766727,149.60658697709127,1.9971087772733478,3.14915,3.0,LAE,24.819425803905236,24.999999999999982
767211,149.63594156428178,2.0004518064644965,3.1546,3.5,LAE,24.49512418380459,24.599999999999984
767219,150.99002366589923,2.0002424907050735,3.0982,3.0,LAE,24.564546010348533,24.599999999999984
767345,150.78338559790575,2.001047265594752,3.120841,3.1445467,LAE,24.435075753534424,24.599999999999984
767538,150.50319072926155,2.0031433340874263,3.0965,3.0,LAE,25.294068555991746,25.39999999999998
768409,150.09326477494827,2.0079646259866437,3.1381543,2.774969,LAE,24.818142595113127,24.999999999999982
768953,150.7786204453629,2.0119469223743507,3.1224308,3.0,LAE,24.899000571425574,24.999999999999982
769164,150.909464781298,2.012435388910637,3.1324842,3.1027079,LAE,24.20471551950145,24.399999999999984
770013,150.72567357506523,2.0191620095868505,3.109,3.0,LAE,25.051541913297324,25.19999999999998
770291,151.0565860214236,2.020333325651698,3.1380308,3.0,LAE,24.335807139953385,24.399999999999984
770608,151.00265740576197,2.021800417472535,3.0981987,2.8668814,LAE,23.99813588254333,23.999999999999986
772346,150.68629409274837,2.03373680987025,3.1044,3.0,LAE,24.605789735772227,24.799999999999983
772575,150.44404911033917,2.0350524689111227,3.1039,3.0,LAE,24.17550199255478,24.199999999999985
772576,150.39950737186766,2.0352759931000692,3.10315,3.0,LAE,24.31086328690131,24.399999999999984
772901,150.64784863388854,2.037567211988952,3.0826,3.0,LAE,24.724766764338035,24.799999999999983
773097,150.5155019492421,2.03885732542023,3.0972,3.0,LAE,24.61176534448098,24.799999999999983
773670,149.8229313091784,2.04189668267952,3.1084292,3.0,LAE,24.38595246919593,24.399999999999984
774949,150.37586138838395,2.050997528879559,3.102471,3.251332,LAE,24.606213928847662,24.799999999999983
775898,149.87254601443092,2.0564001971220645,3.123,3.5,LAE,23.111226257213094,23.19999999999999
779409,149.6447615538249,2.0798890859186434,3.1149,3.0,LAE,24.56088699828559,24.599999999999984
780153,150.52428505631462,2.0841895149140846,3.1059284,3.3962264,LAE,24.133515053278355,24.199999999999985
780614,150.07858181539197,2.0874145569114146,3.106492,3.0,LAE,24.954419520152385,24.999999999999982
782108,150.62989373706486,2.095785903900564,3.103948,3.36,LAE,23.790958082938626,23.799999999999986
782462,150.57130653301675,2.0992705816867825,3.14301,3.4225352,LAE,23.57833249723506,23.599999999999987
783203,149.65512739116966,2.105539535648124,3.13735,3.0,LAE,24.95967406902278,24.999999999999982
783719,149.92815639818295,2.1077402005105457,3.1254692,3.0,LAE,24.338400124177756,24.399999999999984
784001,149.79540717341294,2.1086864420620564,3.1118894,3.0,LAE,23.82727677213122,23.999999999999986
786263,149.68906753995478,2.1255361325661757,3.140942,3.0,LAE,24.865516177434735,24.999999999999982
786650,149.60964855810366,2.1269725459166575,3.1364,3.5,LAE,24.240167495569064,24.399999999999984
786943,149.95069980168893,2.1290517663503064,3.1340356,3.0,LAE,24.8154025425921,24.999999999999982
788583,149.7457744127731,2.13927700969558,3.1100605,3.3289802,LAE,24.683202810864366,24.799999999999983
788585,149.75153574876555,2.1395287994043466,3.1083,2.5,CONTAM,24.667086640343808,24.799999999999983
789659,150.0992070096752,2.1460449641814607,3.1309395,2.6710198,LAE,25.20483434008305,25.39999999999998
790720,149.87630924718073,2.151973465773434,3.0972674,3.0,LAE,23.87704650840345,23.999999999999986
790737,149.70622693164762,2.152729635141251,3.1098,2.5,LAE,24.428362456312566,24.599999999999984
790958,149.83188996600842,2.1540091666055,3.1358476,3.5238094,LAE,24.328730220048833,24.399999999999984
791503,150.52969750345483,2.1580390820254003,3.09575,3.0,LAE,24.70196053612374,24.799999999999983
792451,150.57847270335478,2.1633587557864824,3.1308556,3.3888888,LAE,23.88526697779677,23.999999999999986
792686,151.00108130853644,2.1652662800716875,3.1064,3.0,LAE,25.270658989065893,25.39999999999998
793780,150.1171178502097,2.172296028859637,3.132278,2.779661,LAE,24.77381815661895,24.799999999999983
795601,151.0409839928177,2.1829988412915573,2.2515,3.6666667,CONTAM,23.317201253678927,23.399999999999988
796235,150.36204761080887,2.1870492563186246,3.1202,3.0,LAE,24.673921955386792,24.799999999999983
796735,149.62649460975086,2.191137769805376,3.1115,3.0,LAE,24.99889324608239,24.999999999999982
797323,150.59542034566093,2.194806625295835,3.1242,3.0,LAE,24.79841435528517,24.799999999999983
798046,150.96552618957745,2.1978792496256125,3.1039526,3.4273858,LAE,24.51040461892931,24.599999999999984
798108,150.80747672838285,2.1980757010947616,2.2175,3.75,CONTAM,22.867455079626772,22.99999999999999
798497,149.9033348877193,2.201912451861348,3.1537523,3.5238094,LAE,24.241228462153927,24.399999999999984
799839,151.06098449944415,2.210496638548517,3.0944593,3.0,LAE,23.99888424203693,23.999999999999986
799896,149.93265079522206,2.2117411954875443,3.0953,3.0,LAE,25.12499515815523,25.19999999999998
800556,151.0232468519826,2.214626172529893,3.09965,3.0,LAE,24.112853808047976,24.199999999999985
800712,150.04177774721617,2.2158812819161224,3.120082,3.0,LAE,24.47064722455164,24.599999999999984
801282,150.8788743115193,2.218790825071656,3.1292307,3.0,LAE,23.99412271974994,23.999999999999986
801596,150.19261364830967,2.219836354140886,3.0862,4.0,AGN,23.01438752539749,23.19999999999999
802102,151.02598707721745,2.223767749933254,3.1357057,3.0,LAE,24.658305902332792,24.799999999999983
802269,149.65815558557273,2.225044240843613,3.129264,3.34,LAE,24.199044004589005,24.199999999999985
803176,149.99903082054578,2.2302885600692766,3.1508167,3.7916667,LAE,23.281959442580234,23.399999999999988
804837,149.6420398661753,2.2406573286954696,3.0947,3.3225806,LAE,24.048697955262778,24.199999999999985
805243,150.63033573721935,2.2434794268064895,3.11555,3.0,LAE,24.869826459060825,24.999999999999982
805748,149.69524139734415,2.2458315151741557,3.1115909,3.0,LAE,23.63172038186355,23.799999999999986
805939,150.49110972126596,2.2472799224979165,3.1073666,3.6666667,LAE,23.613267836568735,23.799999999999986
806161,149.86007580333217,2.2487087217127724,3.1510894,3.3062644,LAE,23.79568732605118,23.799999999999986
806247,150.3790370629838,2.2496727585416103,3.1331143,3.0,LAE,24.38636707124613,24.399999999999984
806346,151.063538533899,2.2498179316366884,3.13005,3.5,LAE,24.294173337028916,24.399999999999984
806906,150.8958459129213,2.252594618706681,0.0,0.0,UNDET,23.70400288041451,23.799999999999986
807308,150.70637912570152,2.256295477293006,3.1120546,3.0,LAE,23.80399637563147,23.999999999999986
807583,150.9544602307202,2.258351720806277,3.1044,3.0,LAE,24.9648614364745,24.999999999999982
808253,150.3537333750332,2.2632420659691928,3.1005476,3.0,LAE,24.633497388314968,24.799999999999983
808913,150.2351814039854,2.2676040906441584,3.1452477,3.4761906,LAE,24.824681510123032,24.999999999999982
810195,151.02926288266232,2.2758267606014484,3.1097,3.0,LAE,24.763175321589518,24.799999999999983
810244,150.32932973555543,2.2765550079643506,3.146591,3.0,LAE,24.89176548784936,24.999999999999982
812616,150.78021922203715,2.291628514575891,3.1294,3.0,LAE,24.985396532952436,24.999999999999982
815257,151.01324373776464,2.3083474170582003,3.1382675,3.0,LAE,24.164961394019432,24.199999999999985
816821,150.25459875962568,2.3177945615413265,3.1097476,3.0,LAE,24.681329922838326,24.799999999999983
817211,151.00956104041188,2.320662874926152,3.118697,3.0,LAE,25.120848973823925,25.19999999999998
817675,151.03376465529416,2.322099605029836,3.137365,3.0,LAE,23.0762171493431,23.19999999999999
819921,149.7318718876682,2.3380348908904307,3.1257164,3.0,LAE,25.115953855022028,25.19999999999998
820489,151.02436470231098,2.3405816631070806,3.13,4.0,LAE,24.014399070649713,24.199999999999985
820838,150.2785195263363,2.343566038306127,3.10665,3.0,LAE,24.607203316374466,24.799999999999983
821655,150.7739213480092,2.348370174815438,3.1496334,3.3333333,LAE,24.589069647008042,24.599999999999984
822496,150.95447593127957,2.3534564558519615,3.1423,3.0,LAE,24.31169177899577,24.399999999999984
822653,150.31956452634756,2.3540498148070843,3.1057,3.3333333,LAE,24.71909926055024,24.799999999999983
823394,150.70852601291665,2.357517185971546,2.2134554,4.0,CONTAM,24.08826114024973,24.199999999999985
823642,150.92044405955323,2.3609485210170793,3.1202333,3.0,LAE,24.726539348172306,24.799999999999983
823950,149.83776627711796,2.3620195259383125,3.1327,3.5,LAE,24.073873870017415,24.199999999999985
824797,149.653229803645,2.3676211372180003,3.1049578,3.0,LAE,24.4764443132348,24.599999999999984
825732,150.0988108575488,2.3738121483344723,3.1274,3.0,LAE,24.284270439097266,24.399999999999984
825750,150.34810837467262,2.3734656696762912,3.1097553,3.0,LAE,23.833512722073248,23.999999999999986
828418,149.96333100192572,2.3905444635639173,3.0992,3.0,LAE,24.23623300293584,24.399999999999984
828695,150.6657245043553,2.3920995902168833,3.099209,3.0,LAE,24.60267188696666,24.799999999999983
829837,151.01225850565936,2.398693243986268,3.12,3.0,LAE,24.460661218418903,24.599999999999984
830027,150.31346100395598,2.4008882321628904,3.1286476,3.0,LAE,24.944419772362732,24.999999999999982
830157,149.92946067289242,2.401698888300689,3.13395,3.5,LAE,25.06375249772783,25.19999999999998
830416,149.9137809674096,2.403306884709192,3.0975,3.0,LAE,24.2824112385875,24.399999999999984
831319,149.66003383339745,2.409279101717612,3.124824,3.0,LAE,24.61400395050896,24.799999999999983
832281,150.66116903802038,2.4143954630315916,3.1034143,3.2679112,LAE,23.458728020829582,23.599999999999987
834737,149.67600388193446,2.4312895122336937,3.12065,3.0,LAE,25.160526529776895,25.19999999999998
835191,150.6160976904357,2.4338335834656157,3.0970833,3.0,LAE,24.282445055946948,24.399999999999984
835849,151.02667325027105,2.437832853485569,3.09935,3.0,LAE,24.234368957853615,24.399999999999984
836618,150.98610143266,2.4430113788631407,3.1475453,3.0,LAE,24.68537825952272,24.799999999999983
836918,150.82820546669834,2.445227204736503,3.1340666,3.0,LAE,24.640724378170614,24.799999999999983
837062,150.39025737912968,2.4453134387453073,3.141,4.0,LAE,22.129882394908755,22.199999999999992
839574,149.75383832695178,2.4626611086385473,3.1343,3.0,LAE,24.83820637201907,24.999999999999982
840170,151.06257781610367,2.465370066996445,3.1152308,3.0,LAE,23.97949503523369,23.999999999999986
840642,150.03266915131977,2.4689219911237057,3.10275,3.0,LAE,24.235050123170183,24.399999999999984
840963,150.9156701250325,2.4703900066658924,3.11509,3.181485,LAE,23.531974140651826,23.599999999999987
841255,150.46417519461107,2.4729158800517035,3.10855,2.5,LAE,24.262189868240878,24.399999999999984
842216,150.12721511354417,2.479917004465313,3.1208212,2.6569343,LAE,25.23981168865408,25.39999999999998
843145,150.9255111951259,2.4850434185238197,3.1146,3.0,LAE,24.28413556703261,24.399999999999984
843674,150.5651635541406,2.489020769550524,0.0,1.0,UNDET,25.18051283461329,25.19999999999998
844082,150.08626144897545,2.4909395273517645,3.1373,3.1147542,LAE,24.066485318049335,24.199999999999985
844572,150.99390197390295,2.4928932302061853,3.1207347,4.0,AGN,23.622706176556864,23.799999999999986
844835,150.39930282307427,2.4960597008228667,3.1308668,3.0,LAE,24.50296922243069,24.599999999999984
845020,150.44173306501082,2.49696510800766,1.6296,0.0,UNDET,24.021025954577613,24.199999999999985
845776,150.92128829259266,2.502223178804819,3.1279287,2.3150685,UNDET,24.80158857281036,24.999999999999982
845897,150.61868963613966,2.5034704602766604,3.106124,3.0,LAE,24.434355662839394,24.599999999999984
847527,150.88722169445708,2.515238724097564,3.1225932,2.7586207,LAE,25.278528664003773,25.39999999999998
847980,150.44968128674964,2.5178095753429135,3.14125,3.5,LAE,24.55482904555193,24.599999999999984
848029,150.20204031825676,2.5177186984316067,3.1078,3.3333333,LAE,23.73161573353561,23.799999999999986
848755,151.02807293991202,2.5231754549801257,3.1316645,3.0,LAE,24.907183744647376,24.999999999999982
848798,150.50576474671826,2.522747666607775,3.1136253,3.0,LAE,23.630276888178066,23.799999999999986
849621,150.97770864026376,2.5287977372869572,3.1272814,3.0,LAE,24.821721929772554,24.999999999999982
849961,150.99312957578775,2.5307511394914277,3.1359334,2.6666667,LAE,25.00603670058735,25.19999999999998
850023,150.4655574765137,2.5294272602563592,3.115923,3.2960894,LAE,23.312276535955103,23.399999999999988
850024,150.56457285293334,2.531839098583559,3.1293,2.0,UNDET,25.135402916267864,25.19999999999998
851066,150.107010568456,2.5386651193675553,3.1152,2.6666667,LAE,24.43199788118095,24.599999999999984
852596,150.27602260878285,2.5488998813350885,3.1258667,3.0,LAE,24.311788455918173,24.399999999999984
852628,150.3354878828491,2.5491054143011853,3.1222,3.0,LAE,24.732862222107475,24.799999999999983
853118,150.85286095650443,2.5514675667833915,3.1255264,2.816929,LAE,24.19935822531041,24.199999999999985
853884,150.03826734105928,2.5559351865159647,3.1288257,3.1900826,LAE,23.942179093614985,23.999999999999986
854199,150.11424797311358,2.558573980607418,3.1129687,3.0,LAE,24.896867346757077,24.999999999999982
854425,149.60488303490325,2.5596673434303843,3.102504,2.749104,LAE,24.494717411768946,24.599999999999984
854709,150.41499992069546,2.560561801268723,3.1274667,3.0,LAE,24.229668152125974,24.399999999999984
854782,150.47549885005935,2.5609319930313625,3.1452546,2.9545455,LAE,23.76972932743961,23.799999999999986
855051,150.10312573447237,2.562763387489972,3.144091,3.090909,LAE,23.56472305365469,23.599999999999987
855107,150.94507678347622,2.5628062221733994,3.1158736,2.6842105,LAE,24.200480264591647,24.399999999999984
856034,150.72264500983766,2.5690674406596052,3.1020348,3.0,LAE,24.46232711524221,24.599999999999984
856510,150.20263498455986,2.5719638783975496,3.1021,3.0,LAE,24.080025136142584,24.199999999999985
856665,150.78093589959443,2.5725611867823766,3.1438112,3.138067,LAE,23.808543825813224,23.999999999999986
856872,150.75990598896325,2.5734891665128816,3.124097,3.0,LAE,23.135383360947834,23.19999999999999
856878,150.99180387411099,2.5738874641928464,3.1168308,3.0,LAE,23.840087647147843,23.999999999999986
857572,150.59634880005595,2.5779963573132134,3.13895,3.5,LAE,24.633856754520238,24.799999999999983
858155,150.35072553704165,2.5815419510423494,3.1194668,3.3333333,LAE,23.595976066313018,23.599999999999987
858489,149.81147747857563,2.584758142158778,3.1193,3.0,LAE,24.55260894984137,24.599999999999984
859409,150.02408198490545,2.590692910857338,3.1409287,3.0,LAE,24.705950092218995,24.799999999999983
859616,150.96633903073064,2.591042027806697,3.1156309,3.0,LAE,23.57499024713724,23.599999999999987
859796,149.66643642392356,2.591935195800515,3.11105,4.0,LAE,24.436530004754793,24.599999999999984
859866,150.64154439843873,2.593415709243581,3.1021466,3.0,LAE,24.9081475158068,24.999999999999982
860017,149.98562723178205,2.5940278984527434,3.1466,3.0,LAE,24.32528194872976,24.399999999999984
860345,149.95680342522678,2.5938650404379846,3.13065,3.0,LAE,24.393294655916264,24.399999999999984
861294,150.99218512571522,2.601669676252681,3.1080308,3.0,LAE,24.11679015280099,24.199999999999985
862124,150.5904285436168,2.606726326740662,3.1188667,2.6666667,LAE,24.100832959391283,24.199999999999985
862645,150.6621888501056,2.610023618626612,3.1319323,3.1864407,LAE,24.464896341835104,24.599999999999984
863552,150.96811406228846,2.616671007984987,0.0,0.0,UNDET,24.94118212805292,24.999999999999982
864339,150.83302668653832,2.6211191786488013,3.1332436,3.0,LAE,24.217564770084312,24.399999999999984
864799,150.07597854516158,2.6244951178723444,3.1456761,3.0,LAE,24.607341609752243,24.799999999999983
865385,150.52830358565836,2.6285165873361103,3.1071334,3.0,LAE,24.703797470703307,24.799999999999983
866129,150.3566773237745,2.633953420202176,3.0958524,3.0,LAE,24.653293636875556,24.799999999999983
867151,150.94509606941864,2.6398509464355087,3.1432297,3.0,LAE,24.429628939352465,24.599999999999984
867979,150.64263801883803,2.6450837806070493,3.1455,3.0,LAE,23.982209077810044,23.999999999999986
869235,150.26840520398105,2.653725777024927,3.1084666,3.3333333,LAE,24.78561967687761,24.799999999999983
869716,149.82075450278748,2.6563700837220017,0.2714,2.0,UNDET,24.422160813589915,24.599999999999984
870330,150.46910250117404,2.6611472510115455,3.1065524,3.0,LAE,24.527203329042493,24.599999999999984
870348,150.4483211278566,2.660554006955244,3.10735,3.0,LAE,24.057867617994912,24.199999999999985
870398,150.99517188547696,2.660070228256688,3.1381938,3.0,LAE,22.844599152251117,22.99999999999999
870487,150.99661415426198,2.660854318388974,3.1383014,3.0,LAE,23.88857153342974,23.999999999999986
871104,149.72143291244328,2.666549983473938,3.1143,3.0,LAE,24.66913064993627,24.799999999999983
871440,151.06250760546664,2.6682798704786514,3.1347,3.0,LAE,24.60245126448856,24.799999999999983
871792,150.0406986070108,2.67146603738273,3.14336,3.0,LAE,24.954664282497177,24.999999999999982
872563,150.06589988398457,2.6757075252123874,3.133357,3.0,LAE,24.854667340976473,24.999999999999982
873520,150.986268886852,2.6816823967850687,3.1399,3.5,LAE,24.271731125845623,24.399999999999984
873892,151.02259017798136,2.6841125474075027,3.109191,3.0,LAE,25.019555847902282,25.19999999999998
874321,149.71025251406763,2.6873925466254063,3.1104,3.0,LAE,24.802924427659008,24.999999999999982
874915,151.08753605781803,2.6900095658436274,3.114,3.0,LAE,24.24262847316162,24.399999999999984
875101,149.87713995676896,2.6921607541933543,3.13155,3.0,LAE,24.792772036348037,24.799999999999983
875293,150.31593118783888,2.6928181468472654,3.1049666,3.3333333,LAE,24.509856756947848,24.599999999999984
875737,150.72454536341434,2.695678612775084,3.104623,3.0,LAE,24.970016836076155,24.999999999999982
875790,149.62099498435825,2.696006290209125,3.0943644,3.0,LAE,24.832227771741554,24.999999999999982
876060,150.602136418149,2.697490127321838,3.1205332,3.0,LAE,24.17848880312181,24.199999999999985
876411,150.92375045157124,2.700376329880011,3.126549,3.0,LAE,24.87414555829658,24.999999999999982
876623,150.80888867559733,2.7011283589111383,2.2252,3.6666667,CONTAM,23.821989305867433,23.999999999999986
877366,151.06429252862966,2.7060142489097965,3.0952692,3.0,LAE,24.6203900969717,24.799999999999983
877799,150.57359424934063,2.7077831681450566,3.1204,3.3333333,LAE,23.49693415192727,23.599999999999987
877845,150.88051051429508,2.7096310951224774,3.1061,3.0,LAE,25.19799418788298,25.19999999999998
877993,149.79996435582697,2.7102027453115483,3.1129,3.0,LAE,24.37778701752756,24.399999999999984
878008,149.77049982856042,2.7109419135940587,3.0973,3.0,LAE,24.96884174687575,24.999999999999982
878060,150.8700884369269,2.7096295192076756,3.125261,3.0,LAE,24.10517385362393,24.199999999999985
878543,150.60256687556748,2.7119263934427584,3.0917408,3.0,LAE,24.117735923920833,24.199999999999985
879535,150.41995127097942,2.719929865494729,3.1339,3.3333333,LAE,23.953136947233784,23.999999999999986
879587,150.66442361493893,2.7201635156766004,3.1608334,3.3333333,LAE,24.16715029472044,24.199999999999985
879927,150.3539175151839,2.7225038573098157,3.1085,3.3333333,LAE,24.40966509952119,24.599999999999984
880037,151.06258697605725,2.7226326539539474,3.12185,3.5,LAE,24.326485972528694,24.399999999999984
880388,149.93101114479543,2.724037159851249,3.0868,4.0,AGN,21.302766382400815,21.399999999999995
880781,150.8777314546963,2.727397471745194,3.1226,3.5,LAE,24.097442287849333,24.199999999999985
880828,150.13091285611574,2.7276923376405167,3.1361713,3.3150685,LAE,23.592977750640628,23.599999999999987
880992,150.63181692153384,2.7267638589798873,3.1305332,3.3333333,LAE,23.456678224257345,23.599999999999987
882087,150.8129978388387,2.7778822704869475,3.1284337,2.408907,UNDET,24.60842680345054,24.799999999999983
882872,149.63008117859414,2.7750903051572173,3.1115258,3.1297898,LAE,24.411500593268777,24.599999999999984
883614,149.70724351357012,2.7737854850931214,3.1137,3.0,LAE,23.997950726893382,23.999999999999986
883793,150.8478771910527,2.765947417259031,0.4957,1.0,UNDET,24.871876917474495,24.999999999999982
884230,150.0695464932874,2.764215587497455,3.097202,3.3617022,LAE,23.98109905557501,23.999999999999986
885018,150.799151869112,2.759290593244937,3.12875,3.5,LAE,23.782060582934765,23.799999999999986
885443,151.02599664474354,2.7568603716900753,3.11845,3.0,LAE,25.068769289812504,25.19999999999998
887844,149.99985575089244,2.7447880155124373,3.1421645,3.0,LAE,24.791865492378257,24.799999999999983
888950,150.5039737074997,2.734596229495338,3.1106668,3.0,LAE,24.67398478508936,24.799999999999983
889489,150.76589654468688,3.068588209889771,3.151109,3.0,LAE,24.729347460578314,24.799999999999983
890224,150.80890104195583,3.065667675452135,3.1133,2.0,UNDET,25.342926687174,25.39999999999998
891499,150.84598913791822,3.0612733379828287,3.107947,2.7988598,LAE,24.688668540168187,24.799999999999983
892669,150.18232807776167,3.0498514489449255,3.1370156,3.3072627,LAE,23.847991314403952,23.999999999999986
892702,150.85831980567232,3.0519809522587398,3.1241112,3.0,LAE,23.169422862612468,23.19999999999999
893001,150.95509765774858,3.0463558897184875,3.1045,1.0,UNDET,25.17459464380119,25.19999999999998
894178,149.7807605461157,3.03989603126082,3.109,3.0,LAE,24.065131041825044,24.199999999999985
895095,150.06235916421812,3.0350646626316196,3.1175356,3.0,LAE,24.626908863643408,24.799999999999983
895872,150.90145443718552,3.037601540214575,3.106391,3.0,LAE,24.82446835555296,24.999999999999982
896500,150.3078998706966,3.0229188784500347,2.2381,3.3333333,CONTAM,23.23210237121449,23.399999999999988
898468,149.89550220784756,3.013293374891766,3.1563587,3.0,LAE,24.899030135221757,24.999999999999982
898647,150.36402658608316,3.0130164788327494,3.1449692,3.0,LAE,24.40732252442768,24.599999999999984
899006,150.75919071340155,3.009397231121675,3.1169524,2.0,UNDET,25.073166759358354,25.19999999999998
899097,149.65981995804597,3.0087154675193872,3.136541,3.0,LAE,24.99766612177479,24.999999999999982
899181,150.70061967745616,3.006413947567767,3.1538,3.0,LAE,24.546279735531858,24.599999999999984
899965,149.63024382350852,3.0013679792421373,3.1467025,3.0744057,LAE,23.615333644484775,23.799999999999986
900033,149.69660421721298,3.001573547177701,3.1310244,3.0,LAE,24.50834774341355,24.599999999999984
901152,149.72374899278134,2.995977753188765,3.1357,2.5,LAE,24.702680847056566,24.799999999999983
901575,150.64577137785972,2.9911639077703462,3.1072483,3.0,LAE,24.12962070638688,24.199999999999985
901699,149.91221212159496,2.9953098379518983,3.1486053,3.0,LAE,24.964941576782703,24.999999999999982
902034,151.0854560658614,2.9871324770099257,3.1334,2.6666667,LAE,24.38682128831647,24.399999999999984
902400,150.45130424998547,2.9865080364665006,3.0995,3.0,LAE,24.453475399259283,24.599999999999984
903391,150.23330198792146,2.979217508565146,3.1269262,3.0,LAE,24.95235742080186,24.999999999999982
906236,151.05011087316922,2.961254740341471,3.1295667,3.0,LAE,23.92383773442344,23.999999999999986
906305,150.99343044210337,2.9630685897824494,3.1092,1.5,UNDET,24.669037102712757,24.799999999999983
907125,150.24970204717943,2.956676871186418,3.1147947,3.3157895,LAE,24.433073900366164,24.599999999999984
907298,150.1753846541065,2.955065862460746,3.14468,2.7,LAE,24.98228697584191,24.999999999999982
907596,150.14707914049472,2.9530148896866453,3.104678,3.0,LAE,24.44797907360031,24.599999999999984
908678,150.25822402825958,2.9468135093083467,3.1270323,3.0,LAE,24.602505467229612,24.799999999999983
909802,150.78120749610753,2.944915584873809,3.1504333,3.3333333,LAE,24.531497187003843,24.599999999999984
910684,149.7595767682966,2.933229213149485,3.1327968,3.0639353,LAE,24.185393976231897,24.199999999999985
910912,151.06584969815293,2.9312515721903485,3.1281333,3.0,LAE,24.05926795148871,24.199999999999985
911400,150.18326312211,2.9323494119002183,3.1038108,3.0,LAE,24.76115926265714,24.799999999999983
911668,150.58163924388808,2.9312507108584778,3.1350834,3.3611112,LAE,24.480333112961446,24.599999999999984
912355,150.09913260023464,2.9288775942064067,3.0757,3.0,LAE,24.446149270512414,24.599999999999984
913219,149.7082567318341,2.919877365811306,3.1356,3.0,LAE,24.938847963023463,24.999999999999982
913316,151.01305671241326,2.9277814921377163,3.1201,3.0,LAE,24.963495242352476,24.999999999999982
913474,150.6856125495113,2.916635779913417,3.1050525,3.0,LAE,24.794999004151673,24.799999999999983
913583,150.64168311370966,2.9171455845610925,3.1421714,3.0,LAE,24.966990955905743,24.999999999999982
913881,150.71081797965905,2.9158812874186073,3.1205897,2.6551723,LAE,24.771577226639746,24.799999999999983
915023,150.58525164703028,2.907023586112415,3.1432,3.0,LAE,24.75676863549942,24.799999999999983
915080,150.02369416229521,2.907694226502317,3.0980258,3.0,LAE,24.840364466566573,24.999999999999982
915241,149.73977018965493,2.9134932278117422,3.130384,3.0,LAE,24.588622023580253,24.599999999999984
915851,150.44813375866866,2.9016518362495543,3.153,2.0,UNDET,25.301805195264322,25.39999999999998
916351,149.77657276293198,2.898801872064047,3.1182,3.0,LAE,24.988879974356767,24.999999999999982
917733,151.03887864749962,2.8913682242893435,3.1208668,2.6666667,LAE,24.524285522957797,24.599999999999984
917841,150.74961900597086,2.894858432119034,3.1476667,3.3333333,LAE,23.68319456755495,23.799999999999986
918046,150.18453282329585,2.891846623423418,3.141139,3.1864407,LAE,24.95925554916208,24.999999999999982
919494,150.74120364283647,2.8772199577268793,2.2203,4.0,CONTAM,23.885160194109645,23.999999999999986
920060,150.35723660824962,2.8770496571353057,3.1264343,3.0,LAE,24.285773307504076,24.399999999999984
920085,150.38721908729372,2.873063443982665,3.096931,3.0,LAE,24.345078144576874,24.399999999999984
920371,151.04655153651478,2.8745300268097025,3.1131,2.0,UNDET,23.827308351375567,23.999999999999986
920407,151.00837345918302,2.7860443157072985,3.1016,3.0,LAE,24.69133456656667,24.799999999999983
921028,150.55915796709488,2.8668876743059295,3.1472754,3.2955666,LAE,23.725106606046275,23.799999999999986
921557,150.4060235177195,2.863690290278824,3.1040406,3.0,LAE,24.751645902117996,24.799999999999983
922416,150.49397558650472,2.8565953786038683,3.1353,3.0,LAE,24.755830462546275,24.799999999999983
922642,150.68860938129774,2.8556480791209347,3.1388667,2.3333333,UNDET,25.13886600221108,25.19999999999998
923035,149.71219112590435,2.854149805476646,3.135554,3.4575317,LAE,23.897065316106787,23.999999999999986
923220,150.3230094121927,2.8577766882365663,3.099891,3.0,LAE,24.436185784667742,24.599999999999984
924469,150.38580676141007,2.846602916727877,3.1213334,3.3333333,LAE,23.921622208063805,23.999999999999986
925336,149.65538673727372,2.845577427318794,3.1206553,3.0,LAE,24.38736224893302,24.399999999999984
926043,151.07925107550412,2.8471178093125005,3.103455,3.0,LAE,24.065975919186588,24.199999999999985
927097,149.7474340857226,2.8280731050150982,3.13465,3.0,LAE,24.278553561734196,24.399999999999984
927488,150.97063775683765,2.827247682053382,3.1222,3.0,LAE,24.85926398420989,24.999999999999982
927730,150.33201081349893,2.830355348631782,3.1089523,3.0,LAE,24.7153368644324,24.799999999999983
927914,150.67619740693445,2.823648425696005,3.1414304,3.0,LAE,25.042801610580327,25.19999999999998
929375,150.37266977990956,2.780576162233097,3.1108334,3.3333333,LAE,24.18018519431662,24.199999999999985
930113,150.49739733138534,2.812097919103222,3.0933,3.0,LAE,24.702146671817705,24.799999999999983
930801,149.63626019841246,2.807849695776519,3.111608,3.2873564,LAE,24.132471257930405,24.199999999999985
931040,150.57217603246215,2.8039085817385057,3.1089,3.3333333,LAE,23.399067010786673,23.399999999999988
931068,150.53509324618003,2.803459180175471,3.1154091,2.4545455,UNDET,25.08265123201296,25.19999999999998
931961,149.98146546322263,2.7999605196326396,3.1019666,3.0,LAE,24.612553553411182,24.799999999999983
932859,150.1772760509754,2.796137103431736,3.0998304,3.0,LAE,24.627060507295656,24.799999999999983
934190,150.49900909353653,2.7858818359749904,3.1137304,3.0,LAE,24.598734532980103,24.599999999999984
942232,151.26510256872913,1.5883129330963695,3.09915,3.5,LAE,24.68593246004815,24.799999999999983
943575,151.14664996700594,1.599700485256531,3.1191714,2.2857144,UNDET,24.40519051945966,24.599999999999984
943633,151.45702225371062,1.5999013741894852,3.148977,3.0,LAE,24.449741977271298,24.599999999999984
944250,151.22020988996147,1.6043996214218252,3.14831,3.4225352,LAE,23.824528836615617,23.999999999999986
944492,151.39823861907468,1.6070647526350497,2.2414896,4.0,CONTAM,23.809571879935373,23.999999999999986
945802,151.23213515982312,1.619129587023869,0.0,0.0,UNDET,24.960383397538482,24.999999999999982
947022,151.13643982812005,1.6289164195306218,3.107997,3.6567163,LAE,24.454178730777674,24.599999999999984
947271,151.16595482406063,1.631626219704486,3.0998,3.0,LAE,25.165859764229033,25.19999999999998
947893,151.37630226793587,1.6366136950864656,3.1386,3.5,LAE,24.427736229340066,24.599999999999984
949085,151.50307098694392,1.647239702626228,3.139391,3.0,LAE,24.82221483212875,24.999999999999982
949130,151.213138649996,1.6478919727607733,3.104491,3.0,LAE,24.81934338456182,24.999999999999982
950687,151.42936793100247,1.660303798269594,3.12922,3.0,LAE,24.278061529347994,24.399999999999984
950840,151.34060325908789,1.6605648559589068,3.13485,4.0,LAE,22.60575884882681,22.79999999999999
951304,151.1516607285164,1.6660096822718202,3.1571,3.0,LAE,24.966352035388056,24.999999999999982
953886,151.54492192732974,1.6864686306641794,3.1511765,3.0,LAE,24.55739596100724,24.599999999999984
954343,151.2109129922858,1.6895647935408982,3.1359525,3.0,LAE,24.885026287908637,24.999999999999982
956867,151.70465158433944,1.713393588783065,3.1156485,2.670103,LAE,24.420909497661437,24.599999999999984
957153,151.66740541099858,1.7167490895189652,3.1348827,3.3695652,LAE,23.984004862112915,23.999999999999986
959121,151.21695196571352,1.736306079915802,3.14185,3.0,LAE,24.861415429082566,24.999999999999982
959314,151.55826940050397,1.7372991799987527,3.1576786,3.4355829,LAE,23.73537847439429,23.799999999999986
960776,151.3543708901962,1.7493471174102957,3.0594146,4.0,CONTAM,22.648462946252394,22.79999999999999
960944,151.61854445189638,1.7506068704215076,2.2420347,4.0,CONTAM,22.922566373910815,22.99999999999999
961032,151.28476452991814,1.7518372669847067,3.147691,3.0,LAE,24.26503924556498,24.399999999999984
961110,151.57077591678666,1.7519467321497244,3.1465333,3.0,LAE,24.066642170468775,24.199999999999985
961898,151.46065940712424,1.7591164955510372,3.1064,3.0,LAE,24.751346530563428,24.799999999999983
962776,151.3927160412011,1.7655442853095518,3.139075,3.4583333,LAE,23.686094401130454,23.799999999999986
962788,151.3200736682794,1.7666326562430026,3.1325,2.5,CONTAM,24.887137726009822,24.999999999999982
963316,151.55122366044233,1.7701672139470106,3.1498678,3.323077,LAE,24.363174815196405,24.399999999999984
965690,151.52137234261454,1.7901882608163826,3.1064477,3.0,LAE,24.52296163198382,24.599999999999984
965758,151.18606412155597,1.790312400624949,3.1537893,3.3592234,LAE,23.589079395033018,23.599999999999987
969124,151.12824286730915,1.8193970307288745,3.0991476,3.0,LAE,24.706714276794177,24.799999999999983
969820,151.23900181698565,1.8253896364942412,3.15185,3.0,LAE,24.66771102370817,24.799999999999983
970223,151.64973591324497,1.827601102462679,3.1080565,3.0,LAE,24.43109538675631,24.599999999999984
970424,151.54088998381422,1.8293879173288459,3.1135702,3.0,LAE,23.923273417725152,23.999999999999986
975331,151.69660905476172,1.8706326622862588,3.1374109,3.0,LAE,23.736424016671833,23.799999999999986
976142,151.1135587150505,1.8784159437140437,3.096736,3.32,LAE,23.44512448604825,23.599999999999987
976575,151.22459793062762,1.8837805676078958,3.1058095,2.6542056,LAE,24.5698362445241,24.599999999999984
977726,151.39010082601803,1.8942894662339402,3.1268,1.0,UNDET,24.949453674002143,24.999999999999982
978194,151.47416006916143,1.8945301390925753,3.1467106,4.0,LAE,23.16484331512959,23.19999999999999
978224,151.7143132524473,1.897492801198983,3.1070483,3.357513,LAE,24.322277165146446,24.399999999999984
978279,151.43084322584897,1.8980114920600573,3.1241922,3.3475177,LAE,24.627545909360915,24.799999999999983
979015,151.63550602719454,1.9020949199429529,3.1435995,3.7845304,LAE,23.04783928804077,23.19999999999999
979153,151.4759715723961,1.9046468489895674,3.10275,3.4166667,LAE,24.082252260429264,24.199999999999985
979471,151.17671460608415,1.9082823572743328,3.0989,3.0,LAE,25.171203675307854,25.19999999999998
979936,151.36737272447513,1.9104377383438422,3.1207564,3.154374,LAE,23.34586940243362,23.399999999999988
980393,151.22815476517266,1.9150831573648313,3.0974,3.0,LAE,23.42864478754521,23.599999999999987
980672,151.21885585033536,1.9169414235886737,2.2392,4.0,CONTAM,21.61167245476226,21.799999999999994
981306,151.63623563647587,1.923244259238718,3.14265,3.0,LAE,24.621720583781673,24.799999999999983
982703,151.44191294427338,1.9342092941872475,3.1270728,3.4242425,LAE,23.675590187170886,23.799999999999986
984203,151.2927891666131,1.946577191155865,3.1104667,3.0,LAE,23.26681561724276,23.399999999999988
984625,151.55712344765632,1.9505484314951356,3.1269,2.5,LAE,24.69098048014562,24.799999999999983
985638,151.49800567465107,1.9590624581576932,3.1406,3.0,LAE,24.719842864405138,24.799999999999983
986410,151.40739103302536,1.9647667336488663,3.1280975,3.1292806,LAE,23.244688605201898,23.399999999999988
990873,151.4454680455357,2.0038001130824172,3.1312,3.5,LAE,24.80793870098165,24.999999999999982
996746,151.52094762569723,2.0574176210968824,3.1300738,3.0,LAE,24.260616697983945,24.399999999999984
997177,151.1780203440957,2.06131743629166,3.1271055,3.2607977,LAE,24.0541549650494,24.199999999999985
997818,151.18931872381316,2.0670902471970862,3.1015148,2.564507,LAE,24.657013265631214,24.799999999999983
1001334,151.13578407579678,2.0952085389645534,3.1091344,3.4482758,LAE,22.891908462350614,22.99999999999999
1001629,151.31214082909605,2.098267313334418,3.0935109,3.3513513,LAE,23.569224994994034,23.599999999999987
1003164,151.53638166803373,2.1106784005006594,3.1463869,3.0,LAE,24.08017560012896,24.199999999999985
1004545,151.34722513848374,2.1222449560681285,3.1005666,3.0,LAE,24.68146500953292,24.799999999999983
1004721,151.40241854031242,2.123269343527111,3.1157238,3.3521128,LAE,24.075487537677642,24.199999999999985
1004798,151.0725188045784,2.124353519094595,3.10985,3.0,LAE,24.95605552868769,24.999999999999982
1010130,151.27139674030767,2.1688413198531276,3.111,3.0,LAE,24.550966423991323,24.599999999999984
1016467,151.3389783481901,2.2255425156403223,3.1511834,3.3611112,LAE,24.157845718425353,24.199999999999985
1019525,151.13799199339613,2.251785104145371,3.12923,3.1230154,LAE,24.025441739626547,24.199999999999985
1022099,151.1573075971777,2.2724733491786653,3.10018,3.0,LAE,24.072677509660487,24.199999999999985
1022143,151.20566682177812,2.2731754809717626,3.109,3.0,LAE,24.25604017901316,24.399999999999984
1022833,151.25331653076262,2.2789290273277705,3.1398137,3.1242938,LAE,23.736188889604996,23.799999999999986
1024255,151.0891006365633,2.2880617745891176,3.0738,4.0,AGN,22.839530757269632,22.99999999999999
1028793,151.40088778073178,2.3274292644823995,3.1236908,3.5454545,LAE,23.24568827826928,23.399999999999988
1030834,151.23582830521542,2.346866946451511,3.1092,3.0,LAE,24.721227872320615,24.799999999999983
1031553,151.37272932483117,2.353471114226041,3.12865,3.0,LAE,24.23833746317936,24.399999999999984
1031625,151.28581032106422,2.353696008338024,3.1282,3.0,LAE,24.15340819133662,24.199999999999985
1032590,151.4740408794461,2.363803513596488,0.0026,0.0,UNDET,24.97275720247348,24.999999999999982
1033078,151.32749588822517,2.3692302886403542,3.12875,3.5,LAE,24.523138286260572,24.599999999999984
1034128,151.25534430257437,2.3805005862928157,3.1257842,3.0,LAE,24.138531361273692,24.199999999999985
1034633,151.3934486752512,2.384118103498702,3.1079,3.5,LAE,23.804278865866944,23.999999999999986
1034913,151.3342499667947,2.3872930266628947,3.1203,3.5,LAE,23.878310754070515,23.999999999999986
1035867,151.27382014806187,2.39559010141178,3.120391,3.0,LAE,24.475911602037606,24.599999999999984
1036590,151.09296390286494,2.40262581703305,3.14855,3.5,LAE,24.060202675127403,24.199999999999985
1036924,151.29239749595715,2.4056027144150924,3.1209834,3.0,LAE,24.792766773610815,24.799999999999983
1037057,151.4488060898325,2.406500136892533,3.0977762,3.0,LAE,24.43368924506241,24.599999999999984
1040008,151.2364991321354,2.433586083146169,3.1217,3.0,LAE,24.970876207822073,24.999999999999982
1041892,151.39801604394822,2.449468055904757,3.1270285,3.0,LAE,24.2679585914951,24.399999999999984
1043809,151.15331693751688,2.46591707947241,3.1123,2.0,UNDET,24.95994564011447,24.999999999999982
1044094,151.2948777677366,2.4686068568677837,3.1341052,3.0,LAE,24.549695138314316,24.599999999999984
1045559,151.27883191664023,2.4823041555996532,3.1261666,3.0,LAE,25.069080118771513,25.19999999999998
1047848,151.40490398496956,2.50178929407218,3.1175852,3.0,LAE,24.019481966166385,24.199999999999985
1049263,151.6448920466954,2.5147040267025957,3.1166227,3.0,LAE,24.485774793207735,24.599999999999984
1049345,151.1224688096157,2.5165586418798074,3.14395,3.0,LAE,24.969559360114626,24.999999999999982
1050280,151.61488622713864,2.521656075229973,3.1456769,3.414129,LAE,23.667110128133395,23.799999999999986
1051099,151.2470646670045,2.531420674041539,3.1351554,3.7777777,LAE,23.317070756287027,23.399999999999988
1052236,151.25550224190326,2.5437325888620874,3.1319337,3.0,LAE,23.348313164661732,23.399999999999988
1052344,151.26548692197977,2.5423129860549505,3.1297972,3.0,LAE,23.20201402049374,23.399999999999988
1053449,151.1342543424226,2.5559789749668442,3.1061,3.0,LAE,25.162323358225457,25.19999999999998
1054123,151.11980832272386,2.5609559310508625,3.1329,3.0,LAE,24.262952434497755,24.399999999999984
1054183,151.21111282792094,2.5595203162842224,3.1518686,3.0,LAE,24.09876763586462,24.199999999999985
1054489,151.2512916855177,2.564093758524811,3.1275294,3.0,LAE,24.23228179650359,24.399999999999984
1057464,151.364483594227,2.590038062850883,3.1442785,3.0,LAE,24.193788055041367,24.199999999999985
1058073,151.18316558322527,2.59623788089566,3.1118,3.0,LAE,25.08891232366237,25.19999999999998
1059165,151.3257803809656,2.6040613710774263,3.144136,3.0,LAE,24.485921360911124,24.599999999999984
1062063,151.35612423793071,2.7011142913602053,3.1504476,3.0,LAE,24.612641144257324,24.799999999999983
1062148,151.19551340004466,2.697163547486093,3.1274512,3.0,LAE,23.172485531188514,23.19999999999999
1064572,151.23156084148366,2.673813208928744,3.1399114,3.0,LAE,23.943258575132084,23.999999999999986
1064644,151.24268166998925,2.673840929665255,3.1198757,3.0,LAE,24.02733128935022,24.199999999999985
1064762,151.21716806937553,2.679128164600984,3.108112,3.0,LAE,24.265388210422067,24.399999999999984
1065416,151.16679106067164,2.6674281904072723,3.118924,3.0,LAE,24.27488863926911,24.399999999999984
1066005,151.21216257232354,2.660832125171882,3.1181521,3.152794,LAE,23.73374920892962,23.799999999999986
1068019,151.507080474233,2.643836736648138,3.1173353,3.0,LAE,24.615100127535676,24.799999999999983
1069775,151.1867466619378,2.629017583866092,3.1097,2.0,UNDET,23.378139142192,23.399999999999988
1069983,151.3701111059642,2.6272226842491118,3.1427,2.6451614,LAE,24.85118794594605,24.999999999999982
1071216,151.08934624651957,2.619002192563056,3.1191,3.0,LAE,24.31714762151925,24.399999999999984
1071957,151.4615069425015,2.6114596964027954,3.1268313,3.3125,LAE,24.736313548688376,24.799999999999983
1072282,151.28093432559146,2.607777348342348,3.143853,3.0,LAE,24.178912834988264,24.199999999999985
1072759,151.57228352214958,2.6045255593802805,3.1292493,3.0,LAE,23.232082534122775,23.399999999999988
1073627,151.2161290144415,3.0646003882617605,3.1104333,3.0,LAE,23.070040478522063,23.19999999999999
1076935,151.37437501728255,3.028567281547252,3.1304715,3.3626373,LAE,23.91078271989316,23.999999999999986
1077968,151.15806935029497,3.0193051903151793,3.1283872,3.0,LAE,24.031291271651035,24.199999999999985
1079985,151.1327170189903,2.996186933196822,3.1262426,2.6885245,LAE,24.542924506399025,24.599999999999984
1080384,151.36624836747464,2.938068645001793,3.1457288,3.159091,LAE,24.50036794426793,24.599999999999984
1083293,151.20993316622685,2.963694759344326,3.1107,3.5,LAE,22.98841218525495,22.99999999999999
1083919,151.22318167027584,2.9571700199664743,3.1248,2.0,UNDET,25.4640180616167,25.59999999999998
1085533,151.45476895524348,2.9446932275864444,3.141629,3.0,LAE,24.769459160187754,24.799999999999983
1086939,151.36850817706429,2.928844450601686,3.1129668,2.6666667,LAE,24.40942432048918,24.599999999999984
1089045,151.18223994393026,2.9132278019883344,3.1239214,3.0,LAE,24.55744730397607,24.599999999999984
1089410,151.65488367254918,2.906511969212852,0.0,0.0,UNDET,24.883406164901956,24.999999999999982
1089790,151.36416236522848,2.90450186151631,3.133075,3.0,LAE,24.005612790513975,24.199999999999985
1090591,151.22309925112557,2.8958659518543644,3.10612,3.0,LAE,24.393819723043368,24.399999999999984
1091660,151.14516286253354,2.8840453106170534,3.1448858,3.0,LAE,24.217151924965542,24.399999999999984
1093756,151.2554872017151,2.863579637604903,3.1266947,3.0,LAE,24.85343922287333,24.999999999999982
1094299,151.5480364879561,2.858645357088034,3.135,2.909091,LAE,23.641713137979316,23.799999999999986
1094495,151.39203520648374,2.8575638515922224,3.140091,3.0,LAE,23.90016689048053,23.999999999999986
1095116,151.37244807862902,2.8488906753523926,3.1283,2.6666667,LAE,24.286513905261913,24.399999999999984
1095169,151.1354170018901,2.8503553744072843,3.1485,3.0,LAE,24.682620778999347,24.799999999999983
1095285,151.1721388910711,2.8492964528955644,3.124,3.0,LAE,24.818943834393618,24.999999999999982
1095570,151.33508962755062,2.8473685270133857,3.1283593,3.0,LAE,23.932741523488918,23.999999999999986
1096485,151.31766216750546,2.837032513344873,3.1469066,3.0,LAE,23.957136091502125,23.999999999999986
1097246,151.39248231416602,2.830026143749819,3.1162,2.0,UNDET,25.07864614573663,25.19999999999998
1097945,151.37745204588367,2.8242919507734046,3.1307,2.6666667,LAE,23.697004419832638,23.799999999999986
1099023,151.29195617721965,2.8129750482449727,3.0956,3.0,LAE,25.140101911084002,25.19999999999998
1099094,151.22130974900045,2.813397032879253,3.1281834,3.0,LAE,24.140166464436994,24.199999999999985
1100753,151.37745401776962,2.798213975419823,3.1336,3.0,LAE,24.35779336559436,24.399999999999984
1103627,151.14814127233365,2.7732594365112977,3.1131334,3.0,LAE,24.086503548172686,24.199999999999985
1103802,151.08938549758307,2.7733091659925377,3.120483,3.121951,LAE,24.1126711578744,24.199999999999985
1103848,151.24166429776093,2.7727239090467153,3.133211,3.0,LAE,24.548675841598172,24.599999999999984
1104216,151.49142679650888,2.77039608562847,3.1187677,3.353846,LAE,24.656692777165105,24.799999999999983
1105629,151.41370449972231,2.7575114363537283,3.1262,3.0,LAE,25.283952943023774,25.39999999999998
1106705,151.23095384776158,2.747355954111767,3.1354513,2.7686915,LAE,23.72923193868226,23.799999999999986
1108647,151.3394287062656,2.732830954085132,3.1410856,3.0,LAE,24.360168642971207,24.399999999999984
1109815,149.24731940401534,2.951795474548123,3.1549773,3.3717325,LAE,25.249134289243525,25.39999999999998
1110562,148.6918767752009,3.0746137548421566,3.1331666,3.0,LAE,23.74076038649218,23.799999999999986
1112819,149.51063950648324,3.0922857748241745,3.1364472,3.0,LAE,24.53825436783804,24.599999999999984
1114703,149.57857204491273,3.107087681350813,3.1167479,3.0,LAE,24.83852351695696,24.999999999999982
1115000,149.1206017281986,3.108546872688916,3.13295,2.5,LAE,24.567781036397335,24.599999999999984
1115242,149.4057496385219,3.1113920039223797,3.109322,2.440678,UNDET,25.18306812658211,25.19999999999998
1117687,149.2418051690781,3.128419949017083,3.1138,3.0,LAE,24.890456263705712,24.999999999999982
1118960,149.14710540566327,3.137606057534749,3.08895,3.0,LAE,23.992579330455158,23.999999999999986
1119007,148.91250542140529,3.1377902661576704,3.1053333,3.0,LAE,23.967070562041663,23.999999999999986
1119536,149.4923924240322,3.1422843366813225,3.1313,3.0,LAE,24.59152161929379,24.599999999999984
1120859,149.27216734813612,3.151044303835029,3.1526027,3.3240368,LAE,23.990126542091026,23.999999999999986
1122293,149.01892591082503,3.1616638189753346,3.14765,3.0,LAE,24.802173897442607,24.999999999999982
1123317,148.94278128447831,3.168920609560204,0.0,0.0,UNDET,23.767673488833033,23.799999999999986
1124847,149.19127530313116,3.180533400426087,3.1013,3.0,LAE,25.0664533508527,25.19999999999998
1125689,148.91707934877041,3.185403552736353,3.1346,3.0,LAE,24.209901479392645,24.399999999999984
1126915,149.13855334748249,3.1951377619579078,3.14675,3.0,LAE,25.024321955899794,25.19999999999998
1127150,148.8533689980765,3.19571464522728,3.10315,3.0,LAE,24.156782956290797,24.199999999999985
1127337,149.41160614099576,3.198296829329026,3.1078,3.0,LAE,24.85134718854849,24.999999999999982
1131521,149.34230536674113,3.2278945152763723,3.13215,3.0,LAE,24.760650057311707,24.799999999999983
1132715,149.32820732325607,3.2359045746259483,3.1459,3.0,LAE,23.889003622639787,23.999999999999986
1133274,149.07088033954562,3.2399456507958395,3.12445,3.0,LAE,24.655299476719517,24.799999999999983
1133475,149.57592133089187,3.238660313369764,3.122206,3.0,LAE,24.607974318283183,24.799999999999983
1135787,149.22878107423952,3.257680259783455,3.1036,2.5,CONTAM,24.365484459377782,24.399999999999984
1136787,149.1759003608623,3.2661226990172825,3.132,3.0,LAE,24.63752657302733,24.799999999999983
1139791,149.1973759061454,3.289044599182552,3.1232474,2.6157637,LAE,24.92357776389042,24.999999999999982
1140268,149.07997075039464,3.2927040939427408,3.09885,3.0,LAE,24.863146893556117,24.999999999999982
1140604,148.90705375541597,3.2954015559086485,3.1463,3.0,LAE,24.4442239643221,24.599999999999984
1141167,149.41939140508748,3.300114516173838,3.0900838,3.0,LAE,25.054962595577702,25.19999999999998
1142093,148.98281347793628,3.306804244985961,3.1438549,3.0,LAE,25.20016859984388,25.39999999999998
1143848,148.85398881806714,3.319890936790125,3.1364,2.5,LAE,25.038678998519604,25.19999999999998
1143885,148.9383323209642,3.320211477627807,3.1429,3.0,LAE,24.99252438696065,24.999999999999982
1144097,149.54206406963536,3.32171768080071,3.121,2.5,LAE,23.88562264213845,23.999999999999986
1145030,149.55220066322948,3.32897466629741,3.1001,3.0,LAE,23.103995848677354,23.19999999999999
1146838,148.90727339958192,3.34401805100328,3.1544,3.0,LAE,24.986947049370897,24.999999999999982
1149836,149.55704684665048,3.366311141928317,3.10025,3.0,LAE,24.152533744574214,24.199999999999985
1152292,149.43496430738028,3.385420847598005,3.12795,3.0,LAE,24.636341425481238,24.799999999999983
1152660,149.21567955327777,3.388743562573764,0.0,0.0,UNDET,25.218215627736495,25.39999999999998
1157300,149.10178589048894,3.426155747632976,3.14145,3.0,LAE,22.943029019495977,22.99999999999999
1157817,149.11032278522822,3.432057000293176,3.14045,3.0,LAE,24.291345943090068,24.399999999999984
1159022,149.10173055220545,3.4434517551841766,3.13245,3.0,LAE,24.847825035525542,24.999999999999982
1166907,149.41753511958925,3.5075819320167647,3.1322,3.0,LAE,23.946624591416214,23.999999999999986
1167801,149.15574395366394,3.516481581223327,3.13005,3.0,LAE,24.806212260068953,24.999999999999982
1169900,149.439534281549,3.534999907305133,3.133963,3.0,LAE,24.299105313494003,24.399999999999984
1171885,149.5548087711759,3.552848680397177,3.1454644,3.0,LAE,25.223158379983293,25.39999999999998
1172180,149.15345258896434,3.55516930121244,3.1353,3.0,LAE,25.092877577425206,25.19999999999998
1172282,149.4977601819098,3.5562394959257078,3.1117647,3.0,LAE,25.145920370241875,25.19999999999998
1172371,149.4209774750019,3.5562507199009064,3.11115,3.0,LAE,24.252342887902948,24.399999999999984
1172670,149.25603837735363,3.558945375035547,3.10555,3.0,LAE,24.15858856299843,24.199999999999985
1173963,149.46166238176295,3.5688731215297467,3.137797,3.09772,LAE,24.17918445227584,24.199999999999985
1173966,149.5391551854586,3.5702766206811316,3.1332,2.5,LAE,23.906069587448062,23.999999999999986
1175159,149.40229039391284,3.580973657539981,3.119,3.2619047,LAE,24.293439930413314,24.399999999999984
1191396,149.39532152714028,3.6878404639851308,3.1138,3.0,LAE,24.827104509348747,24.999999999999982
1194262,149.59809111611693,3.660712867135318,3.1144,3.5,LAE,23.862643985329434,23.999999999999986
1195051,149.3080367315925,3.652021032891979,3.10125,3.0,LAE,23.863303281914828,23.999999999999986
1197388,149.5340886084078,3.630923277140331,3.1304026,3.0,LAE,23.607317085571925,23.799999999999986
1197543,149.2231981339189,3.630439958826583,3.10395,2.5,LAE,23.89702438683098,23.999999999999986
1201926,149.5278332835926,3.586814307533637,3.09255,3.0,LAE,24.5185882175197,24.599999999999984
1202052,149.38123346378413,3.585865157232254,3.1467834,3.0,LAE,24.938919082469596,24.999999999999982
1235758,150.50851490218847,3.0718605098233005,3.1283,2.3333333,UNDET,24.42131190634406,24.599999999999984
1236134,149.62374429800022,3.0744983664302135,3.1491032,3.0,LAE,23.99434565361637,23.999999999999986
1236669,149.97457727226694,3.0789378937870757,0.0,0.0,UNDET,24.62312730234931,24.799999999999983
1236948,150.7787460007687,3.0803853420120766,0.0,0.0,UNDET,24.614462100918697,24.799999999999983
1238926,150.76444480039643,3.0910743145440116,3.103,4.0,LAE,21.719687289904737,21.799999999999994
1240895,149.7737222469221,3.1052079368986303,3.1537,3.0,LAE,24.077336962720228,24.199999999999985
1242471,149.70488951891127,3.1147814559481013,3.1512,2.5,LAE,23.80814798107229,23.999999999999986
1242857,149.8111741648178,3.117406792973259,3.13505,3.0,LAE,24.70987339194089,24.799999999999983
1243514,150.16765513857922,3.1224363050396415,3.136804,2.7406816,LAE,24.149000594152554,24.199999999999985
1244253,150.87233605354547,3.1266295975719047,3.1198332,3.3333333,LAE,23.89882337402573,23.999999999999986
1245057,150.47494772289687,3.1329703594301552,3.120991,2.5454545,LAE,24.710215375677084,24.799999999999983
1247155,150.17391222151645,3.145288844332038,3.1181655,3.2414887,LAE,24.036155965607,24.199999999999985
1248046,150.65182623520653,3.151163066852125,3.1027,3.2666667,LAE,24.18841779089714,24.199999999999985
1248047,149.65837931747848,3.1514853226938047,3.0979643,3.0358307,LAE,24.016483679710326,24.199999999999985
1248075,150.70773850005443,3.151869175439435,3.1055,3.0,LAE,24.521726491408096,24.599999999999984
1248991,149.72978807594194,3.157887845790962,3.13425,3.0,LAE,24.96695739394316,24.999999999999982
1251839,150.53006523316293,3.176919108410563,3.0944,2.6666667,LAE,24.39189577398809,24.399999999999984
1252584,149.6912895810569,3.181306002546768,3.099496,3.7408378,AGN,22.23683530695873,22.39999999999999
1253298,150.46193073478275,3.1872141804389984,3.1272333,3.0,LAE,24.384700958928494,24.399999999999984
1253378,150.14310473769535,3.1866215366568915,3.1391926,3.2332447,LAE,23.61070868377505,23.799999999999986
1254464,150.34112212127937,3.195693241925932,3.1159687,3.3731344,LAE,24.64049788425564,24.799999999999983
1255281,150.48347227807236,3.201445641290857,3.1094666,3.0,LAE,23.827858851019418,23.999999999999986
1256104,149.7215570821449,3.207378194439999,3.10965,3.0,LAE,24.672440542882587,24.799999999999983
1256562,149.89026150755257,3.2109434167304625,3.1025844,3.0,LAE,25.023363692000405,25.19999999999998
1257115,150.74335037320773,3.2135457263978284,3.1245334,3.3333333,LAE,23.6419099211267,23.799999999999986
1257192,150.00250796318508,3.2135503844121995,3.041,4.0,CONTAM,21.331289811202673,21.399999999999995
1257243,150.71875688282773,3.215365499536859,3.1003523,3.0,LAE,25.15029897356482,25.19999999999998
1258499,150.10615442582534,3.2241801438559117,3.1408572,3.0,LAE,24.76878060725131,24.799999999999983
1258769,150.49052598291004,3.225167296188576,3.110179,3.0,LAE,24.23603264981382,24.399999999999984
1259936,150.04206512509572,3.233409007416347,3.10095,3.0,LAE,24.1161328517569,24.199999999999985
1259957,149.8278553167911,3.234449539084698,3.1210334,3.0,CONTAM,24.89017222986815,24.999999999999982
1260368,149.63922341526737,3.235789019499252,3.13155,3.0,LAE,23.32912513809324,23.399999999999988
1261026,150.37191519723788,3.2407674256563173,3.1399105,3.0,LAE,24.43109131398996,24.599999999999984
1263198,150.65634966510757,3.2559887746152856,3.1376104,3.0,LAE,24.673286709290302,24.799999999999983
1264800,150.08349400691043,3.267299603546403,3.1405,3.0,LAE,24.27241131498992,24.399999999999984
1265869,150.5944473431641,3.274827504777551,3.1231356,2.7526882,LAE,24.982789405039277,24.999999999999982
1266829,149.65324945665327,3.281664672586542,3.1112094,2.787229,LAE,25.02505994510891,25.19999999999998
1267672,149.72907539639073,3.28678553406819,3.1236873,3.0,LAE,24.687872912109807,24.799999999999983
1268110,150.1016828733853,3.2898284825232365,3.1330667,3.3333333,LAE,24.455189862617942,24.599999999999984
1269123,150.8554242835383,3.296458433522429,3.1050668,3.3333333,LAE,24.23194832176367,24.399999999999984
1269609,150.5109122884712,3.300372850944024,3.1400256,2.787234,LAE,24.86492585369542,24.999999999999982
1269644,150.09657796330407,3.3005173399106,3.1369,3.0,LAE,24.397998423245085,24.399999999999984
1269649,150.6947740978503,3.3003424346118497,3.1418333,2.5833333,LAE,24.69910561640686,24.799999999999983
1269876,150.5088174789217,3.3015376658641693,3.1405203,3.1299436,LAE,23.88958664065126,23.999999999999986
1271234,150.14189313771817,3.311636015587109,3.0958312,3.0,LAE,24.73042833700934,24.799999999999983
1271433,150.56886881136208,3.3124735397101364,3.1369987,3.0,LAE,24.441418624650527,24.599999999999984
1272183,150.67128400886924,3.3179652909424715,3.1480312,2.34375,UNDET,24.950573581032707,24.999999999999982
1272261,150.52975440269938,3.3178094715131072,3.1542664,3.227723,LAE,24.121834444836608,24.199999999999985
1272313,150.81442090573353,3.3187275178144957,3.1073897,3.0,LAE,24.55100466902153,24.599999999999984
1273046,150.57492444698283,3.3235113785511308,3.1305656,3.0,LAE,23.58688093185662,23.599999999999987
1273079,150.07001817646557,3.3238659669507906,3.1392307,3.2307692,LAE,23.996495085743877,23.999999999999986
1274078,150.3680078007968,3.330648843163107,3.1399686,3.0,LAE,24.537637696899317,24.599999999999984
1274622,150.19499410047723,3.335210357769835,3.1451297,3.0,LAE,24.247372694962987,24.399999999999984
1274714,150.09491228169537,3.3360723265325465,3.139366,3.0,LAE,24.893285924374105,24.999999999999982
1274793,150.13419892689964,3.3355859762630957,3.1495278,3.409836,LAE,24.329545548371186,24.399999999999984
1275206,150.9526703389828,3.3396315924543,3.0906,1.0,UNDET,25.08136285224878,25.19999999999998
1275663,150.2746579574718,3.3420379056829326,3.133459,3.2272727,LAE,23.893767664072122,23.999999999999986
1275842,150.4847653310723,3.3443776571728128,3.1297057,3.0,LAE,25.127701333967217,25.19999999999998
1276429,150.42145542820737,3.3486583054882546,3.136,3.0,LAE,24.477460548561243,24.599999999999984
1276550,150.35758639654117,3.348958414849204,3.098385,3.0,LAE,23.640232374421135,23.799999999999986
1276642,150.69700390429878,3.3502667639623485,3.1273,3.0,LAE,24.72004930604977,24.799999999999983
1277171,150.5250360109172,3.3542098914603407,3.13,3.3333333,LAE,24.495970573892418,24.599999999999984
1278299,150.683226075026,3.3631073520852364,3.139324,3.0,LAE,24.70457011870966,24.799999999999983
1278413,149.6029658776472,3.3644632464905815,3.1201413,3.0,LAE,24.9873121848755,24.999999999999982
1278439,149.79111155573213,3.3643910397613057,3.1035974,3.3935726,LAE,24.431497195982928,24.599999999999984
1278569,149.70984972315728,3.3645828334961148,3.10825,3.0,LAE,24.36998474026097,24.399999999999984
1278872,150.21214783054685,3.3670840328560248,3.0971856,3.3809524,LAE,24.011217952558898,24.199999999999985
1278873,149.7273212562512,3.3671031087756234,3.11025,2.5,LAE,23.756910741522866,23.799999999999986
1279823,150.45556591496538,3.3741679355791048,3.0488667,4.0,CONTAM,22.15788098412641,22.199999999999992
1280799,150.657243636723,3.3835176575284254,3.1333666,2.7222223,CONTAM,24.970114347290846,24.999999999999982
1281876,149.62385510716388,3.391337529078372,3.11595,2.5,LAE,23.996037847430895,23.999999999999986
1282116,150.2380234862325,3.3923429766276394,3.16075,3.5,AGN,23.488623070939227,23.599999999999987
1282322,150.52511099529195,3.395018386176585,3.1155064,3.2765958,LAE,24.114159867927942,24.199999999999985
1282507,149.63097481182697,3.3968160745490996,3.1151,2.5,LAE,24.274826228188438,24.399999999999984
1282599,150.78201704916245,3.3975528102426504,3.1231334,2.5833333,LAE,24.942502845528782,24.999999999999982
1282710,150.38921613980423,3.3981133556207905,3.12625,3.0,LAE,24.19170938303995,24.199999999999985
1282798,150.2477858443965,3.3990633120253944,3.1509428,3.2142856,LAE,24.388365319588853,24.399999999999984
1282823,149.61529880278866,3.398033679063321,3.1026,3.0,LAE,24.024379786195265,24.199999999999985
1283293,149.69874841947274,3.4029018797027493,2.2259595,3.6842105,CONTAM,24.4258090667041,24.599999999999984
1283692,150.82193756798912,3.4064412732227374,0.0,0.0,UNDET,24.94256076075792,24.999999999999982
1283747,150.96767708782772,3.406693809227201,3.1354,2.0,UNDET,25.117948803173565,25.19999999999998
1284362,149.75840963999292,3.41129120295881,3.1300206,3.0,LAE,24.95238561171588,24.999999999999982
1284423,150.72011853620512,3.4111831647382296,3.1043096,3.1945453,LAE,24.115484634408922,24.199999999999985
1284499,150.36364815130585,3.4115077777161824,3.1168287,3.3150685,LAE,23.820507363469623,23.999999999999986
1284700,150.77031580269414,3.4134097852478673,3.1408594,3.0,LAE,24.550680281592484,24.599999999999984
1284727,150.48989630011877,3.4138856203562815,3.1332,3.0,LAE,24.89359238208023,24.999999999999982
1284916,151.07284279658722,3.4136160010283008,3.1335943,3.1464968,LAE,23.812479379854896,23.999999999999986
1284952,150.28925307285573,3.415461443275589,3.1503353,3.0,LAE,24.77055815088597,24.799999999999983
1285747,149.69535199726005,3.420712231762302,3.1215436,2.848804,LAE,24.36709098703002,24.399999999999984
1285854,149.787413962635,3.422202086999806,3.1249743,3.0,LAE,25.35652024522844,25.39999999999998
1285944,150.1698550136214,3.4219150983746562,3.1268,3.0,LAE,24.077421530682695,24.199999999999985
1286117,150.39711943777792,3.4232654762029573,3.1165068,3.0,LAE,24.16319133557327,24.199999999999985
1286281,150.32294249143195,3.423403180070885,3.136707,3.0,LAE,24.246502440767678,24.399999999999984
1287168,149.62238295002822,3.431489061385657,3.13255,3.0,LAE,24.79615147896594,24.799999999999983
1287240,150.23566723810498,3.4306671482367435,3.1174867,3.1333334,LAE,23.86043114069246,23.999999999999986
1287672,150.43348372045878,3.4348219170314627,3.1317,3.0,LAE,24.39786737777355,24.399999999999984
1287745,150.42471432962117,3.4352540097503597,3.127231,3.0,LAE,24.817659323999557,24.999999999999982
1288747,149.60520735125513,3.4425887345729898,3.12625,2.5,CONTAM,24.572897806874003,24.599999999999984
1288767,150.85916527296504,3.4432039901236906,3.1042333,2.5833333,LAE,24.846749359520132,24.999999999999982
1289014,150.5524151691588,3.4447725128976985,3.13935,3.5,CONTAM,24.13063498985227,24.199999999999985
1289351,151.08538484714404,3.4466951923129425,3.1407351,3.184,LAE,24.11205384310984,24.199999999999985
1290000,150.44213939430213,3.451206442878426,3.1200333,3.3333333,LAE,23.84012216991195,23.999999999999986
1290127,150.72069154699273,3.4524429869905253,3.1395,2.0,UNDET,24.337318974942892,24.399999999999984
1290289,150.10188084613634,3.4546670497265013,3.0907,3.0,LAE,25.372418522729497,25.39999999999998
1290391,150.8262481127697,3.4538103677386442,3.1371944,3.1300237,LAE,24.12274927088918,24.199999999999985
1290576,150.98652641499962,3.454023658389463,2.2486,4.0,CONTAM,21.66332239514825,21.799999999999994
1290887,151.05520973071464,3.4577434743787223,3.1308541,2.7553518,LAE,24.277996705688317,24.399999999999984
1292089,149.6738975952051,3.4668733154138978,3.1285,3.0,LAE,24.557300283765827,24.599999999999984
1292272,149.8322517023691,3.469192361939459,3.105675,3.0,LAE,24.869569038219492,24.999999999999982
1292286,149.7883623757961,3.468119748746861,3.1061,2.5,LAE,23.6846644406537,23.799999999999986
1292554,150.32218023046522,3.4708780388954388,3.124005,3.063291,LAE,24.24291111915835,24.399999999999984
1292568,150.3239334886599,3.470623403385809,3.1221411,3.0,LAE,24.370994964014084,24.399999999999984
1292993,150.29562804791678,3.4739564410095216,3.11325,2.5,CONTAM,25.204136256332422,25.39999999999998
1293955,150.9547520298688,3.4794546706812066,3.1524205,3.2045455,LAE,24.08044153918343,24.199999999999985
1294124,150.86125316140294,3.4813384248497754,3.1331,3.0,LAE,24.811234663698674,24.999999999999982
1294409,150.59684283964836,3.4836958565759772,3.1084068,3.0,LAE,25.060196738053733,25.19999999999998
1295345,150.09064050920776,3.4882088988576285,3.1381474,3.1578948,LAE,24.024088058810598,24.199999999999985
1295488,149.99928080771542,3.4916260266124155,3.1326485,3.0,LAE,24.838062646301786,24.999999999999982
1295493,150.03985642071908,3.490614379265891,3.1365907,3.1028037,LAE,24.12161917124757,24.199999999999985
1295813,149.81344394300112,3.493253567580006,3.1032,3.0,LAE,24.09856859361531,24.199999999999985
1297092,150.80653738059863,3.4990613996217284,3.1498852,3.4592924,LAE,22.790356227484594,22.79999999999999
1297801,149.80654916903484,3.5077670628840005,3.14115,3.0,LAE,24.34299382346207,24.399999999999984
1299030,149.8237311889735,3.5172065518012214,3.1433,3.0,LAE,24.839353175105817,24.999999999999982
1299141,151.02828950804053,3.516225113802351,3.1487,3.5,LAE,23.90751393745577,23.999999999999986
1299429,151.07977339959433,3.517715733456384,3.11185,4.0,LAE,23.855077115900315,23.999999999999986
1300256,149.84902770251495,3.5254919901151265,3.114423,3.2307692,LAE,24.390024690225125,24.399999999999984
1301045,149.96303351342914,3.528567950871406,3.1311,3.0,LAE,23.910192924034064,23.999999999999986
1301154,151.03553401539872,3.531238505523639,3.1274,2.3333333,UNDET,24.70131231031354,24.799999999999983
1302750,150.45725626905136,3.5416006866148053,3.1024,3.0,LAE,23.404505540245026,23.599999999999987
1304589,150.17635127414076,3.5553687619893215,3.1495535,3.627907,LAE,23.74967514815983,23.799999999999986
1305072,149.63009945157683,3.5598835851423964,3.10445,3.0,LAE,24.369878489051167,24.399999999999984
1306423,149.99695675561154,3.5697201803122116,3.1305985,3.0,LAE,24.09500691023663,24.199999999999985
1307053,149.73323919316596,3.574385701454525,3.1019,3.0,LAE,24.0359225083681,24.199999999999985
1307080,149.94684024201942,3.57502074860307,3.1179,2.0,UNDET,24.961726250889164,24.999999999999982
1307976,150.34293864683073,3.580961552877931,3.1545637,3.2727273,LAE,24.222972141547096,24.399999999999984
1308321,150.64489614324648,3.582892197678053,3.119186,3.5196629,LAE,23.651625874298432,23.799999999999986
1310339,151.0619347940178,3.5973413190664707,3.1178,3.0,LAE,24.6727827265572,24.799999999999983
1311070,149.90675953477373,3.6022901301543704,3.1271,2.5,CONTAM,24.593489429303652,24.599999999999984
1311113,150.78744006124876,3.6029054933814337,3.1122909,3.0,LAE,24.321442368043776,24.399999999999984
1312230,150.3571875855111,3.610836812176076,3.1161695,3.0987124,LAE,23.308652815710506,23.399999999999988
1314360,150.86461947791457,3.6264216236357245,3.1453695,3.0,LAE,24.620506087931677,24.799999999999983
1315127,150.91315187141964,3.631154736408652,3.14,2.0,UNDET,25.021941382498046,25.19999999999998
1315832,150.4682965506373,3.637388473509505,3.1009243,3.1962616,LAE,25.00618832605952,25.19999999999998
1316124,150.4389856596379,3.639411941813478,3.1060853,3.0,LAE,24.76088635954871,24.799999999999983
1317503,150.27962266332443,3.648937220572292,3.1061,3.0,LAE,24.096930095427936,24.199999999999985
1319025,150.8672260951569,3.6590203865404765,3.1393926,3.3875237,LAE,23.540767061143953,23.599999999999987
1319348,149.7984636335156,3.663093729711387,3.1136,3.0,LAE,25.01439985817157,25.19999999999998
1319694,150.34619051936156,3.6646726524503963,3.1519,2.5,LAE,23.279410683398407,23.399999999999988
1319919,149.70091687576917,3.6665567619250634,3.1063635,3.090909,LAE,23.061301338925773,23.19999999999999
1321064,150.48166819897992,3.6755124553193688,3.1112294,3.180328,LAE,23.69157271491332,23.799999999999986
1323331,150.74648844104718,3.693247758220248,3.100211,3.0,LAE,24.871340976632933,24.999999999999982
1325865,150.5344875876911,3.7123976709168787,3.1390646,3.0,LAE,24.239631522217685,24.399999999999984
1326364,149.8107672053945,3.7163138607023165,3.1066,3.0,LAE,24.061800673399738,24.199999999999985
1328415,149.76056465646226,3.7319358034687258,3.1168947,3.1607144,LAE,23.61036687653929,23.799999999999986
1329838,150.4756697096849,3.742839288432147,3.1119857,2.357143,UNDET,24.305819667857712,24.399999999999984
1407949,151.2618093480604,3.0879036527309545,3.1292372,3.0,LAE,24.68436282519854,24.799999999999983
1409181,151.19842204749352,3.0993370127749977,3.1449225,3.0,LAE,23.419742149740593,23.599999999999987
1409345,151.19124983208343,3.1012907164791774,3.1417,3.0,LAE,24.540431566527456,24.599999999999984
1410351,151.25581824204602,3.111603370667476,3.1585891,3.0,LAE,24.328119765546415,24.399999999999984
1415681,151.25582853856673,3.169603815143763,3.0975,2.5,LAE,24.624288035116837,24.799999999999983
1416609,151.44124350536265,3.180367619674383,0.0,0.0,UNDET,25.232866782706385,25.39999999999998
1419718,151.20475195184295,3.219614392753348,3.1506,3.0,LAE,24.44014508983595,24.599999999999984
1424063,151.21390672797617,3.2681585005736906,3.1205,2.0,UNDET,23.917494268806237,23.999999999999986
1424955,151.32375363920772,3.2782946338098005,3.1512058,2.94709,LAE,24.103048425950647,24.199999999999985
1427514,151.1235236516274,3.3088533521368553,3.116,2.5,LAE,24.41658718365078,24.599999999999984
1430397,151.233474043468,3.342026194169925,3.106,2.5,LAE,23.544889947873294,23.599999999999987
1434951,151.22852837492854,3.406380336385685,3.1394238,2.3521128,UNDET,25.032515625167953,25.19999999999998
1434966,151.18177636699454,3.4051162708006966,3.1164,2.5,LAE,22.615753696697368,22.79999999999999
1473856,151.14364064391276,3.55748844012846,3.1351,2.5,LAE,23.91805768646235,23.999999999999986
1475598,151.1033831547455,3.5398584367994714,3.11065,3.5,LAE,23.790153344938172,23.799999999999986
1477988,151.1402649191482,3.5028899258617496,3.1241,3.5,LAE,24.328340915571353,24.399999999999984
1479524,150.91593382151643,3.4777138274076695,0.0,0.0,UNDET,25.20584578165628,25.39999999999998
